solid OpenSCAD_Model
  facet normal 0.980792 0.195055 0
    outer loop
      vertex 5.6477 6.63765 1.2
      vertex 5.61198 6.81726 0
      vertex 5.61198 6.81726 1.2
    endloop
  endfacet
  facet normal 0.980792 0.195055 0
    outer loop
      vertex 5.61198 6.81726 0
      vertex 5.6477 6.63765 1.2
      vertex 5.6477 6.63765 0
    endloop
  endfacet
  facet normal 0.659339 -0.751846 0
    outer loop
      vertex 6.01005 7.98995 0
      vertex 6.14773 8.11069 1.2
      vertex 6.01005 7.98995 1.2
    endloop
  endfacet
  facet normal 0.659339 -0.751846 0
    outer loop
      vertex 6.14773 8.11069 1.2
      vertex 6.01005 7.98995 0
      vertex 6.14773 8.11069 0
    endloop
  endfacet
  facet normal -0.321465 0.946921 0
    outer loop
      vertex 7.53576 5.70657 0
      vertex 7.36235 5.6477 1.2
      vertex 7.53576 5.70657 1.2
    endloop
  endfacet
  facet normal -0.321465 0.946921 0
    outer loop
      vertex 7.36235 5.6477 1.2
      vertex 7.53576 5.70657 0
      vertex 7.36235 5.6477 0
    endloop
  endfacet
  facet normal 0.195055 0.980792 -0
    outer loop
      vertex 6.81726 5.61198 0
      vertex 6.63765 5.6477 1.2
      vertex 6.81726 5.61198 1.2
    endloop
  endfacet
  facet normal 0.195055 0.980792 0
    outer loop
      vertex 6.63765 5.6477 1.2
      vertex 6.81726 5.61198 0
      vertex 6.63765 5.6477 0
    endloop
  endfacet
  facet normal 0.997858 -0.0654172 0
    outer loop
      vertex 5.6 7 1.2
      vertex 5.61198 7.18274 0
      vertex 5.61198 7.18274 1.2
    endloop
  endfacet
  facet normal 0.997858 -0.0654172 0
    outer loop
      vertex 5.61198 7.18274 0
      vertex 5.6 7 1.2
      vertex 5.6 7 0
    endloop
  endfacet
  facet normal 0.896882 0.44227 0
    outer loop
      vertex 5.78756 6.3 1.2
      vertex 5.70657 6.46424 0
      vertex 5.70657 6.46424 1.2
    endloop
  endfacet
  facet normal 0.896882 0.44227 0
    outer loop
      vertex 5.70657 6.46424 0
      vertex 5.78756 6.3 1.2
      vertex 5.78756 6.3 0
    endloop
  endfacet
  facet normal -0.659339 -0.751846 0
    outer loop
      vertex 7.85227 8.11069 0
      vertex 7.98995 7.98995 1.2
      vertex 7.85227 8.11069 1.2
    endloop
  endfacet
  facet normal -0.659339 -0.751846 -0
    outer loop
      vertex 7.98995 7.98995 1.2
      vertex 7.85227 8.11069 0
      vertex 7.98995 7.98995 0
    endloop
  endfacet
  facet normal 0.997858 0.0654172 0
    outer loop
      vertex 5.61198 6.81726 1.2
      vertex 5.6 7 0
      vertex 5.6 7 1.2
    endloop
  endfacet
  facet normal 0.997858 0.0654172 0
    outer loop
      vertex 5.6 7 0
      vertex 5.61198 6.81726 1.2
      vertex 5.61198 6.81726 0
    endloop
  endfacet
  facet normal -0.997858 -0.0654172 0
    outer loop
      vertex 8.4 7 0
      vertex 8.38802 7.18274 1.2
      vertex 8.38802 7.18274 0
    endloop
  endfacet
  facet normal -0.997858 -0.0654172 0
    outer loop
      vertex 8.38802 7.18274 1.2
      vertex 8.4 7 0
      vertex 8.4 7 1.2
    endloop
  endfacet
  facet normal 0.831453 0.555595 0
    outer loop
      vertex 5.88931 6.14773 1.2
      vertex 5.78756 6.3 0
      vertex 5.78756 6.3 1.2
    endloop
  endfacet
  facet normal 0.831453 0.555595 0
    outer loop
      vertex 5.78756 6.3 0
      vertex 5.88931 6.14773 1.2
      vertex 5.88931 6.14773 0
    endloop
  endfacet
  facet normal -0.997858 0.0654172 0
    outer loop
      vertex 8.38802 6.81726 0
      vertex 8.4 7 1.2
      vertex 8.4 7 0
    endloop
  endfacet
  facet normal -0.997858 0.0654172 0
    outer loop
      vertex 8.4 7 1.2
      vertex 8.38802 6.81726 0
      vertex 8.38802 6.81726 1.2
    endloop
  endfacet
  facet normal -0.946921 -0.321465 0
    outer loop
      vertex 8.3523 7.36235 0
      vertex 8.29343 7.53576 1.2
      vertex 8.29343 7.53576 0
    endloop
  endfacet
  facet normal -0.946921 -0.321465 0
    outer loop
      vertex 8.29343 7.53576 1.2
      vertex 8.3523 7.36235 0
      vertex 8.3523 7.36235 1.2
    endloop
  endfacet
  facet normal 0.321465 0.946921 -0
    outer loop
      vertex 6.63765 5.6477 0
      vertex 6.46424 5.70657 1.2
      vertex 6.63765 5.6477 1.2
    endloop
  endfacet
  facet normal 0.321465 0.946921 0
    outer loop
      vertex 6.46424 5.70657 1.2
      vertex 6.63765 5.6477 0
      vertex 6.46424 5.70657 0
    endloop
  endfacet
  facet normal -0.751846 0.659339 0
    outer loop
      vertex 7.98995 6.01005 0
      vertex 8.11069 6.14773 1.2
      vertex 8.11069 6.14773 0
    endloop
  endfacet
  facet normal -0.751846 0.659339 0
    outer loop
      vertex 8.11069 6.14773 1.2
      vertex 7.98995 6.01005 0
      vertex 7.98995 6.01005 1.2
    endloop
  endfacet
  facet normal -0.89686 -0.442314 0
    outer loop
      vertex 8.29343 7.53576 0
      vertex 8.21243 7.7 1.2
      vertex 8.21243 7.7 0
    endloop
  endfacet
  facet normal -0.89686 -0.442314 0
    outer loop
      vertex 8.21243 7.7 1.2
      vertex 8.29343 7.53576 0
      vertex 8.29343 7.53576 1.2
    endloop
  endfacet
  facet normal 0.751846 -0.659339 0
    outer loop
      vertex 5.88931 7.85227 1.2
      vertex 6.01005 7.98995 0
      vertex 6.01005 7.98995 1.2
    endloop
  endfacet
  facet normal 0.751846 -0.659339 0
    outer loop
      vertex 6.01005 7.98995 0
      vertex 5.88931 7.85227 1.2
      vertex 5.88931 7.85227 0
    endloop
  endfacet
  facet normal 0.555595 0.831453 -0
    outer loop
      vertex 6.3 5.78756 0
      vertex 6.14773 5.88931 1.2
      vertex 6.3 5.78756 1.2
    endloop
  endfacet
  facet normal 0.555595 0.831453 0
    outer loop
      vertex 6.14773 5.88931 1.2
      vertex 6.3 5.78756 0
      vertex 6.14773 5.88931 0
    endloop
  endfacet
  facet normal -0.751846 -0.659339 0
    outer loop
      vertex 8.11069 7.85227 0
      vertex 7.98995 7.98995 1.2
      vertex 7.98995 7.98995 0
    endloop
  endfacet
  facet normal -0.751846 -0.659339 0
    outer loop
      vertex 7.98995 7.98995 1.2
      vertex 8.11069 7.85227 0
      vertex 8.11069 7.85227 1.2
    endloop
  endfacet
  facet normal 0.751846 0.659339 0
    outer loop
      vertex 6.01005 6.01005 1.2
      vertex 5.88931 6.14773 0
      vertex 5.88931 6.14773 1.2
    endloop
  endfacet
  facet normal 0.751846 0.659339 0
    outer loop
      vertex 5.88931 6.14773 0
      vertex 6.01005 6.01005 1.2
      vertex 6.01005 6.01005 0
    endloop
  endfacet
  facet normal -0.89686 0.442314 0
    outer loop
      vertex 8.21243 6.3 0
      vertex 8.29343 6.46424 1.2
      vertex 8.29343 6.46424 0
    endloop
  endfacet
  facet normal -0.89686 0.442314 0
    outer loop
      vertex 8.29343 6.46424 1.2
      vertex 8.21243 6.3 0
      vertex 8.21243 6.3 1.2
    endloop
  endfacet
  facet normal -0.831479 0.555557 0
    outer loop
      vertex 8.11069 6.14773 0
      vertex 8.21243 6.3 1.2
      vertex 8.21243 6.3 0
    endloop
  endfacet
  facet normal -0.831479 0.555557 0
    outer loop
      vertex 8.21243 6.3 1.2
      vertex 8.11069 6.14773 0
      vertex 8.11069 6.14773 1.2
    endloop
  endfacet
  facet normal -0.980792 -0.195055 0
    outer loop
      vertex 8.38802 7.18274 0
      vertex 8.3523 7.36235 1.2
      vertex 8.3523 7.36235 0
    endloop
  endfacet
  facet normal -0.980792 -0.195055 0
    outer loop
      vertex 8.3523 7.36235 1.2
      vertex 8.38802 7.18274 0
      vertex 8.38802 7.18274 1.2
    endloop
  endfacet
  facet normal -0.442314 -0.89686 0
    outer loop
      vertex 7.53576 8.29343 0
      vertex 7.7 8.21243 1.2
      vertex 7.53576 8.29343 1.2
    endloop
  endfacet
  facet normal -0.442314 -0.89686 -0
    outer loop
      vertex 7.7 8.21243 1.2
      vertex 7.53576 8.29343 0
      vertex 7.7 8.21243 0
    endloop
  endfacet
  facet normal -0.321465 -0.946921 0
    outer loop
      vertex 7.36235 8.3523 0
      vertex 7.53576 8.29343 1.2
      vertex 7.36235 8.3523 1.2
    endloop
  endfacet
  facet normal -0.321465 -0.946921 -0
    outer loop
      vertex 7.53576 8.29343 1.2
      vertex 7.36235 8.3523 0
      vertex 7.53576 8.29343 0
    endloop
  endfacet
  facet normal 0.195055 -0.980792 0
    outer loop
      vertex 6.63765 8.3523 0
      vertex 6.81726 8.38802 1.2
      vertex 6.63765 8.3523 1.2
    endloop
  endfacet
  facet normal 0.195055 -0.980792 0
    outer loop
      vertex 6.81726 8.38802 1.2
      vertex 6.63765 8.3523 0
      vertex 6.81726 8.38802 0
    endloop
  endfacet
  facet normal -0.44227 0.896882 0
    outer loop
      vertex 7.7 5.78756 0
      vertex 7.53576 5.70657 1.2
      vertex 7.7 5.78756 1.2
    endloop
  endfacet
  facet normal -0.44227 0.896882 0
    outer loop
      vertex 7.53576 5.70657 1.2
      vertex 7.7 5.78756 0
      vertex 7.53576 5.70657 0
    endloop
  endfacet
  facet normal -0.946921 0.321465 0
    outer loop
      vertex 8.29343 6.46424 0
      vertex 8.3523 6.63765 1.2
      vertex 8.3523 6.63765 0
    endloop
  endfacet
  facet normal -0.946921 0.321465 0
    outer loop
      vertex 8.3523 6.63765 1.2
      vertex 8.29343 6.46424 0
      vertex 8.29343 6.46424 1.2
    endloop
  endfacet
  facet normal -0.831479 -0.555557 0
    outer loop
      vertex 8.21243 7.7 0
      vertex 8.11069 7.85227 1.2
      vertex 8.11069 7.85227 0
    endloop
  endfacet
  facet normal -0.831479 -0.555557 0
    outer loop
      vertex 8.11069 7.85227 1.2
      vertex 8.21243 7.7 0
      vertex 8.21243 7.7 1.2
    endloop
  endfacet
  facet normal -0.195055 0.980792 0
    outer loop
      vertex 7.36235 5.6477 0
      vertex 7.18274 5.61198 1.2
      vertex 7.36235 5.6477 1.2
    endloop
  endfacet
  facet normal -0.195055 0.980792 0
    outer loop
      vertex 7.18274 5.61198 1.2
      vertex 7.36235 5.6477 0
      vertex 7.18274 5.61198 0
    endloop
  endfacet
  facet normal 0.555557 -0.831479 0
    outer loop
      vertex 6.14773 8.11069 0
      vertex 6.3 8.21243 1.2
      vertex 6.14773 8.11069 1.2
    endloop
  endfacet
  facet normal 0.555557 -0.831479 0
    outer loop
      vertex 6.3 8.21243 1.2
      vertex 6.14773 8.11069 0
      vertex 6.3 8.21243 0
    endloop
  endfacet
  facet normal 0.321465 -0.946921 0
    outer loop
      vertex 6.46424 8.29343 0
      vertex 6.63765 8.3523 1.2
      vertex 6.46424 8.29343 1.2
    endloop
  endfacet
  facet normal 0.321465 -0.946921 0
    outer loop
      vertex 6.63765 8.3523 1.2
      vertex 6.46424 8.29343 0
      vertex 6.63765 8.3523 0
    endloop
  endfacet
  facet normal -0.659339 0.751846 0
    outer loop
      vertex 7.98995 6.01005 0
      vertex 7.85227 5.88931 1.2
      vertex 7.98995 6.01005 1.2
    endloop
  endfacet
  facet normal -0.659339 0.751846 0
    outer loop
      vertex 7.85227 5.88931 1.2
      vertex 7.98995 6.01005 0
      vertex 7.85227 5.88931 0
    endloop
  endfacet
  facet normal -0.195055 -0.980792 0
    outer loop
      vertex 7.18274 8.38802 0
      vertex 7.36235 8.3523 1.2
      vertex 7.18274 8.38802 1.2
    endloop
  endfacet
  facet normal -0.195055 -0.980792 -0
    outer loop
      vertex 7.36235 8.3523 1.2
      vertex 7.18274 8.38802 0
      vertex 7.36235 8.3523 0
    endloop
  endfacet
  facet normal -0.555557 -0.831479 0
    outer loop
      vertex 7.7 8.21243 0
      vertex 7.85227 8.11069 1.2
      vertex 7.7 8.21243 1.2
    endloop
  endfacet
  facet normal -0.555557 -0.831479 -0
    outer loop
      vertex 7.85227 8.11069 1.2
      vertex 7.7 8.21243 0
      vertex 7.85227 8.11069 0
    endloop
  endfacet
  facet normal 0.0654172 -0.997858 0
    outer loop
      vertex 6.81726 8.38802 0
      vertex 7 8.4 1.2
      vertex 6.81726 8.38802 1.2
    endloop
  endfacet
  facet normal 0.0654172 -0.997858 0
    outer loop
      vertex 7 8.4 1.2
      vertex 6.81726 8.38802 0
      vertex 7 8.4 0
    endloop
  endfacet
  facet normal 0.442314 -0.89686 0
    outer loop
      vertex 6.3 8.21243 0
      vertex 6.46424 8.29343 1.2
      vertex 6.3 8.21243 1.2
    endloop
  endfacet
  facet normal 0.442314 -0.89686 0
    outer loop
      vertex 6.46424 8.29343 1.2
      vertex 6.3 8.21243 0
      vertex 6.46424 8.29343 0
    endloop
  endfacet
  facet normal 0.659339 0.751846 -0
    outer loop
      vertex 6.14773 5.88931 0
      vertex 6.01005 6.01005 1.2
      vertex 6.14773 5.88931 1.2
    endloop
  endfacet
  facet normal 0.659339 0.751846 0
    outer loop
      vertex 6.01005 6.01005 1.2
      vertex 6.14773 5.88931 0
      vertex 6.01005 6.01005 0
    endloop
  endfacet
  facet normal -0.555595 0.831453 0
    outer loop
      vertex 7.85227 5.88931 0
      vertex 7.7 5.78756 1.2
      vertex 7.85227 5.88931 1.2
    endloop
  endfacet
  facet normal -0.555595 0.831453 0
    outer loop
      vertex 7.7 5.78756 1.2
      vertex 7.85227 5.88931 0
      vertex 7.7 5.78756 0
    endloop
  endfacet
  facet normal 0.831453 -0.555595 0
    outer loop
      vertex 5.78756 7.7 1.2
      vertex 5.88931 7.85227 0
      vertex 5.88931 7.85227 1.2
    endloop
  endfacet
  facet normal 0.831453 -0.555595 0
    outer loop
      vertex 5.88931 7.85227 0
      vertex 5.78756 7.7 1.2
      vertex 5.78756 7.7 0
    endloop
  endfacet
  facet normal 0.980792 -0.195055 0
    outer loop
      vertex 5.61198 7.18274 1.2
      vertex 5.6477 7.36235 0
      vertex 5.6477 7.36235 1.2
    endloop
  endfacet
  facet normal 0.980792 -0.195055 0
    outer loop
      vertex 5.6477 7.36235 0
      vertex 5.61198 7.18274 1.2
      vertex 5.61198 7.18274 0
    endloop
  endfacet
  facet normal 0.0654172 0.997858 -0
    outer loop
      vertex 7 5.6 0
      vertex 6.81726 5.61198 1.2
      vertex 7 5.6 1.2
    endloop
  endfacet
  facet normal 0.0654172 0.997858 0
    outer loop
      vertex 6.81726 5.61198 1.2
      vertex 7 5.6 0
      vertex 6.81726 5.61198 0
    endloop
  endfacet
  facet normal -0.980792 0.195055 0
    outer loop
      vertex 8.3523 6.63765 0
      vertex 8.38802 6.81726 1.2
      vertex 8.38802 6.81726 0
    endloop
  endfacet
  facet normal -0.980792 0.195055 0
    outer loop
      vertex 8.38802 6.81726 1.2
      vertex 8.3523 6.63765 0
      vertex 8.3523 6.63765 1.2
    endloop
  endfacet
  facet normal -0.0654172 0.997858 0
    outer loop
      vertex 7.18274 5.61198 0
      vertex 7 5.6 1.2
      vertex 7.18274 5.61198 1.2
    endloop
  endfacet
  facet normal -0.0654172 0.997858 0
    outer loop
      vertex 7 5.6 1.2
      vertex 7.18274 5.61198 0
      vertex 7 5.6 0
    endloop
  endfacet
  facet normal 0.946921 0.321465 0
    outer loop
      vertex 5.70657 6.46424 1.2
      vertex 5.6477 6.63765 0
      vertex 5.6477 6.63765 1.2
    endloop
  endfacet
  facet normal 0.946921 0.321465 0
    outer loop
      vertex 5.6477 6.63765 0
      vertex 5.70657 6.46424 1.2
      vertex 5.70657 6.46424 0
    endloop
  endfacet
  facet normal 0.946921 -0.321465 0
    outer loop
      vertex 5.6477 7.36235 1.2
      vertex 5.70657 7.53576 0
      vertex 5.70657 7.53576 1.2
    endloop
  endfacet
  facet normal 0.946921 -0.321465 0
    outer loop
      vertex 5.70657 7.53576 0
      vertex 5.6477 7.36235 1.2
      vertex 5.6477 7.36235 0
    endloop
  endfacet
  facet normal 0.44227 0.896882 -0
    outer loop
      vertex 6.46424 5.70657 0
      vertex 6.3 5.78756 1.2
      vertex 6.46424 5.70657 1.2
    endloop
  endfacet
  facet normal 0.44227 0.896882 0
    outer loop
      vertex 6.3 5.78756 1.2
      vertex 6.46424 5.70657 0
      vertex 6.3 5.78756 0
    endloop
  endfacet
  facet normal 0.896882 -0.44227 0
    outer loop
      vertex 5.70657 7.53576 1.2
      vertex 5.78756 7.7 0
      vertex 5.78756 7.7 1.2
    endloop
  endfacet
  facet normal 0.896882 -0.44227 0
    outer loop
      vertex 5.78756 7.7 0
      vertex 5.70657 7.53576 1.2
      vertex 5.70657 7.53576 0
    endloop
  endfacet
  facet normal -0.0654172 -0.997858 0
    outer loop
      vertex 7 8.4 0
      vertex 7.18274 8.38802 1.2
      vertex 7 8.4 1.2
    endloop
  endfacet
  facet normal -0.0654172 -0.997858 -0
    outer loop
      vertex 7.18274 8.38802 1.2
      vertex 7 8.4 0
      vertex 7.18274 8.38802 0
    endloop
  endfacet
  facet normal 0.442401 -0.896817 0
    outer loop
      vertex 64.3 8.21243 0
      vertex 64.4642 8.29343 1.2
      vertex 64.3 8.21243 1.2
    endloop
  endfacet
  facet normal 0.442401 -0.896817 0
    outer loop
      vertex 64.4642 8.29343 1.2
      vertex 64.3 8.21243 0
      vertex 64.4642 8.29343 0
    endloop
  endfacet
  facet normal 0.997851 -0.0655259 0
    outer loop
      vertex 63.6 7 1.2
      vertex 63.612 7.18274 0
      vertex 63.612 7.18274 1.2
    endloop
  endfacet
  facet normal 0.997851 -0.0655259 0
    outer loop
      vertex 63.612 7.18274 0
      vertex 63.6 7 1.2
      vertex 63.6 7 0
    endloop
  endfacet
  facet normal -0.0654315 0.997857 0
    outer loop
      vertex 65.1827 5.61198 0
      vertex 65 5.6 1.2
      vertex 65.1827 5.61198 1.2
    endloop
  endfacet
  facet normal -0.0654315 0.997857 0
    outer loop
      vertex 65 5.6 1.2
      vertex 65.1827 5.61198 0
      vertex 65 5.6 0
    endloop
  endfacet
  facet normal -0.831579 0.555406 0
    outer loop
      vertex 66.1107 6.14773 0
      vertex 66.2124 6.3 1.2
      vertex 66.2124 6.3 0
    endloop
  endfacet
  facet normal -0.831579 0.555406 0
    outer loop
      vertex 66.2124 6.3 1.2
      vertex 66.1107 6.14773 0
      vertex 66.1107 6.14773 1.2
    endloop
  endfacet
  facet normal -0.997851 0.0655259 0
    outer loop
      vertex 66.388 6.81726 0
      vertex 66.4 7 1.2
      vertex 66.4 7 0
    endloop
  endfacet
  facet normal -0.997851 0.0655259 0
    outer loop
      vertex 66.4 7 1.2
      vertex 66.388 6.81726 0
      vertex 66.388 6.81726 1.2
    endloop
  endfacet
  facet normal -0.659285 -0.751893 0
    outer loop
      vertex 65.8523 8.11069 0
      vertex 65.99 7.98995 1.2
      vertex 65.8523 8.11069 1.2
    endloop
  endfacet
  facet normal -0.659285 -0.751893 -0
    outer loop
      vertex 65.99 7.98995 1.2
      vertex 65.8523 8.11069 0
      vertex 65.99 7.98995 0
    endloop
  endfacet
  facet normal -0.442357 0.896839 0
    outer loop
      vertex 65.7 5.78756 0
      vertex 65.5358 5.70657 1.2
      vertex 65.7 5.78756 1.2
    endloop
  endfacet
  facet normal -0.442357 0.896839 0
    outer loop
      vertex 65.5358 5.70657 1.2
      vertex 65.7 5.78756 0
      vertex 65.5358 5.70657 0
    endloop
  endfacet
  facet normal 0.194961 -0.980811 0
    outer loop
      vertex 64.6376 8.3523 0
      vertex 64.8173 8.38802 1.2
      vertex 64.6376 8.3523 1.2
    endloop
  endfacet
  facet normal 0.194961 -0.980811 0
    outer loop
      vertex 64.8173 8.38802 1.2
      vertex 64.6376 8.3523 0
      vertex 64.8173 8.38802 0
    endloop
  endfacet
  facet normal -0.997851 -0.0655259 0
    outer loop
      vertex 66.4 7 0
      vertex 66.388 7.18274 1.2
      vertex 66.388 7.18274 0
    endloop
  endfacet
  facet normal -0.997851 -0.0655259 0
    outer loop
      vertex 66.388 7.18274 1.2
      vertex 66.4 7 0
      vertex 66.4 7 1.2
    endloop
  endfacet
  facet normal 0.89686 0.442314 0
    outer loop
      vertex 63.7876 6.3 1.2
      vertex 63.7066 6.46424 0
      vertex 63.7066 6.46424 1.2
    endloop
  endfacet
  facet normal 0.89686 0.442314 0
    outer loop
      vertex 63.7066 6.46424 0
      vertex 63.7876 6.3 1.2
      vertex 63.7876 6.3 0
    endloop
  endfacet
  facet normal 0.946872 0.321612 0
    outer loop
      vertex 63.7066 6.46424 1.2
      vertex 63.6477 6.63765 0
      vertex 63.6477 6.63765 1.2
    endloop
  endfacet
  facet normal 0.946872 0.321612 0
    outer loop
      vertex 63.6477 6.63765 0
      vertex 63.7066 6.46424 1.2
      vertex 63.7066 6.46424 0
    endloop
  endfacet
  facet normal -0.89686 -0.442314 0
    outer loop
      vertex 66.2934 7.53576 0
      vertex 66.2124 7.7 1.2
      vertex 66.2124 7.7 0
    endloop
  endfacet
  facet normal -0.89686 -0.442314 0
    outer loop
      vertex 66.2124 7.7 1.2
      vertex 66.2934 7.53576 0
      vertex 66.2934 7.53576 1.2
    endloop
  endfacet
  facet normal -0.831579 -0.555406 0
    outer loop
      vertex 66.2124 7.7 0
      vertex 66.1107 7.85227 1.2
      vertex 66.1107 7.85227 0
    endloop
  endfacet
  facet normal -0.831579 -0.555406 0
    outer loop
      vertex 66.1107 7.85227 1.2
      vertex 66.2124 7.7 0
      vertex 66.2124 7.7 1.2
    endloop
  endfacet
  facet normal -0.0654315 -0.997857 0
    outer loop
      vertex 65 8.4 0
      vertex 65.1827 8.38802 1.2
      vertex 65 8.4 1.2
    endloop
  endfacet
  facet normal -0.0654315 -0.997857 -0
    outer loop
      vertex 65.1827 8.38802 1.2
      vertex 65 8.4 0
      vertex 65.1827 8.38802 0
    endloop
  endfacet
  facet normal -0.555481 -0.831529 0
    outer loop
      vertex 65.7 8.21243 0
      vertex 65.8523 8.11069 1.2
      vertex 65.7 8.21243 1.2
    endloop
  endfacet
  facet normal -0.555481 -0.831529 -0
    outer loop
      vertex 65.8523 8.11069 1.2
      vertex 65.7 8.21243 0
      vertex 65.8523 8.11069 0
    endloop
  endfacet
  facet normal -0.980813 -0.19495 0
    outer loop
      vertex 66.388 7.18274 0
      vertex 66.3523 7.36235 1.2
      vertex 66.3523 7.36235 0
    endloop
  endfacet
  facet normal -0.980813 -0.19495 0
    outer loop
      vertex 66.3523 7.36235 1.2
      vertex 66.388 7.18274 0
      vertex 66.388 7.18274 1.2
    endloop
  endfacet
  facet normal -0.946872 0.321612 0
    outer loop
      vertex 66.2934 6.46424 0
      vertex 66.3523 6.63765 1.2
      vertex 66.3523 6.63765 0
    endloop
  endfacet
  facet normal -0.946872 0.321612 0
    outer loop
      vertex 66.3523 6.63765 1.2
      vertex 66.2934 6.46424 0
      vertex 66.2934 6.46424 1.2
    endloop
  endfacet
  facet normal -0.321482 -0.946916 0
    outer loop
      vertex 65.3624 8.3523 0
      vertex 65.5358 8.29343 1.2
      vertex 65.3624 8.3523 1.2
    endloop
  endfacet
  facet normal -0.321482 -0.946916 -0
    outer loop
      vertex 65.5358 8.29343 1.2
      vertex 65.3624 8.3523 0
      vertex 65.5358 8.29343 0
    endloop
  endfacet
  facet normal 0.194961 0.980811 -0
    outer loop
      vertex 64.8173 5.61198 0
      vertex 64.6376 5.6477 1.2
      vertex 64.8173 5.61198 1.2
    endloop
  endfacet
  facet normal 0.194961 0.980811 0
    outer loop
      vertex 64.6376 5.6477 1.2
      vertex 64.8173 5.61198 0
      vertex 64.6376 5.6477 0
    endloop
  endfacet
  facet normal 0.980813 -0.19495 0
    outer loop
      vertex 63.612 7.18274 1.2
      vertex 63.6477 7.36235 0
      vertex 63.6477 7.36235 1.2
    endloop
  endfacet
  facet normal 0.980813 -0.19495 0
    outer loop
      vertex 63.6477 7.36235 0
      vertex 63.612 7.18274 1.2
      vertex 63.612 7.18274 0
    endloop
  endfacet
  facet normal -0.751954 -0.659216 0
    outer loop
      vertex 66.1107 7.85227 0
      vertex 65.99 7.98995 1.2
      vertex 65.99 7.98995 0
    endloop
  endfacet
  facet normal -0.751954 -0.659216 0
    outer loop
      vertex 65.99 7.98995 1.2
      vertex 66.1107 7.85227 0
      vertex 66.1107 7.85227 1.2
    endloop
  endfacet
  facet normal -0.980813 0.19495 0
    outer loop
      vertex 66.3523 6.63765 0
      vertex 66.388 6.81726 1.2
      vertex 66.388 6.81726 0
    endloop
  endfacet
  facet normal -0.980813 0.19495 0
    outer loop
      vertex 66.388 6.81726 1.2
      vertex 66.3523 6.63765 0
      vertex 66.3523 6.63765 1.2
    endloop
  endfacet
  facet normal 0.659285 0.751893 -0
    outer loop
      vertex 64.1477 5.88931 0
      vertex 64.01 6.01005 1.2
      vertex 64.1477 5.88931 1.2
    endloop
  endfacet
  facet normal 0.659285 0.751893 0
    outer loop
      vertex 64.01 6.01005 1.2
      vertex 64.1477 5.88931 0
      vertex 64.01 6.01005 0
    endloop
  endfacet
  facet normal 0.831579 -0.555406 0
    outer loop
      vertex 63.7876 7.7 1.2
      vertex 63.8893 7.85227 0
      vertex 63.8893 7.85227 1.2
    endloop
  endfacet
  facet normal 0.831579 -0.555406 0
    outer loop
      vertex 63.8893 7.85227 0
      vertex 63.7876 7.7 1.2
      vertex 63.7876 7.7 0
    endloop
  endfacet
  facet normal 0.751954 -0.659216 0
    outer loop
      vertex 63.8893 7.85227 1.2
      vertex 64.01 7.98995 0
      vertex 64.01 7.98995 1.2
    endloop
  endfacet
  facet normal 0.751954 -0.659216 0
    outer loop
      vertex 64.01 7.98995 0
      vertex 63.8893 7.85227 1.2
      vertex 63.8893 7.85227 0
    endloop
  endfacet
  facet normal 0.751954 0.659216 0
    outer loop
      vertex 64.01 6.01005 1.2
      vertex 63.8893 6.14773 0
      vertex 63.8893 6.14773 1.2
    endloop
  endfacet
  facet normal 0.751954 0.659216 0
    outer loop
      vertex 63.8893 6.14773 0
      vertex 64.01 6.01005 1.2
      vertex 64.01 6.01005 0
    endloop
  endfacet
  facet normal -0.751954 0.659216 0
    outer loop
      vertex 65.99 6.01005 0
      vertex 66.1107 6.14773 1.2
      vertex 66.1107 6.14773 0
    endloop
  endfacet
  facet normal -0.751954 0.659216 0
    outer loop
      vertex 66.1107 6.14773 1.2
      vertex 65.99 6.01005 0
      vertex 65.99 6.01005 1.2
    endloop
  endfacet
  facet normal -0.946872 -0.321612 0
    outer loop
      vertex 66.3523 7.36235 0
      vertex 66.2934 7.53576 1.2
      vertex 66.2934 7.53576 0
    endloop
  endfacet
  facet normal -0.946872 -0.321612 0
    outer loop
      vertex 66.2934 7.53576 1.2
      vertex 66.3523 7.36235 0
      vertex 66.3523 7.36235 1.2
    endloop
  endfacet
  facet normal -0.321482 0.946916 0
    outer loop
      vertex 65.5358 5.70657 0
      vertex 65.3624 5.6477 1.2
      vertex 65.5358 5.70657 1.2
    endloop
  endfacet
  facet normal -0.321482 0.946916 0
    outer loop
      vertex 65.3624 5.6477 1.2
      vertex 65.5358 5.70657 0
      vertex 65.3624 5.6477 0
    endloop
  endfacet
  facet normal 0.555519 0.831504 -0
    outer loop
      vertex 64.3 5.78756 0
      vertex 64.1477 5.88931 1.2
      vertex 64.3 5.78756 1.2
    endloop
  endfacet
  facet normal 0.555519 0.831504 0
    outer loop
      vertex 64.1477 5.88931 1.2
      vertex 64.3 5.78756 0
      vertex 64.1477 5.88931 0
    endloop
  endfacet
  facet normal 0.831579 0.555406 0
    outer loop
      vertex 63.8893 6.14773 1.2
      vertex 63.7876 6.3 0
      vertex 63.7876 6.3 1.2
    endloop
  endfacet
  facet normal 0.831579 0.555406 0
    outer loop
      vertex 63.7876 6.3 0
      vertex 63.8893 6.14773 1.2
      vertex 63.8893 6.14773 0
    endloop
  endfacet
  facet normal -0.194961 0.980811 0
    outer loop
      vertex 65.3624 5.6477 0
      vertex 65.1827 5.61198 1.2
      vertex 65.3624 5.6477 1.2
    endloop
  endfacet
  facet normal -0.194961 0.980811 0
    outer loop
      vertex 65.1827 5.61198 1.2
      vertex 65.3624 5.6477 0
      vertex 65.1827 5.61198 0
    endloop
  endfacet
  facet normal 0.321482 -0.946916 0
    outer loop
      vertex 64.4642 8.29343 0
      vertex 64.6376 8.3523 1.2
      vertex 64.4642 8.29343 1.2
    endloop
  endfacet
  facet normal 0.321482 -0.946916 0
    outer loop
      vertex 64.6376 8.3523 1.2
      vertex 64.4642 8.29343 0
      vertex 64.6376 8.3523 0
    endloop
  endfacet
  facet normal -0.194961 -0.980811 0
    outer loop
      vertex 65.1827 8.38802 0
      vertex 65.3624 8.3523 1.2
      vertex 65.1827 8.38802 1.2
    endloop
  endfacet
  facet normal -0.194961 -0.980811 -0
    outer loop
      vertex 65.3624 8.3523 1.2
      vertex 65.1827 8.38802 0
      vertex 65.3624 8.3523 0
    endloop
  endfacet
  facet normal -0.442401 -0.896817 0
    outer loop
      vertex 65.5358 8.29343 0
      vertex 65.7 8.21243 1.2
      vertex 65.5358 8.29343 1.2
    endloop
  endfacet
  facet normal -0.442401 -0.896817 -0
    outer loop
      vertex 65.7 8.21243 1.2
      vertex 65.5358 8.29343 0
      vertex 65.7 8.21243 0
    endloop
  endfacet
  facet normal 0.321482 0.946916 -0
    outer loop
      vertex 64.6376 5.6477 0
      vertex 64.4642 5.70657 1.2
      vertex 64.6376 5.6477 1.2
    endloop
  endfacet
  facet normal 0.321482 0.946916 0
    outer loop
      vertex 64.4642 5.70657 1.2
      vertex 64.6376 5.6477 0
      vertex 64.4642 5.70657 0
    endloop
  endfacet
  facet normal 0.997851 0.0655259 0
    outer loop
      vertex 63.612 6.81726 1.2
      vertex 63.6 7 0
      vertex 63.6 7 1.2
    endloop
  endfacet
  facet normal 0.997851 0.0655259 0
    outer loop
      vertex 63.6 7 0
      vertex 63.612 6.81726 1.2
      vertex 63.612 6.81726 0
    endloop
  endfacet
  facet normal 0.89686 -0.442314 0
    outer loop
      vertex 63.7066 7.53576 1.2
      vertex 63.7876 7.7 0
      vertex 63.7876 7.7 1.2
    endloop
  endfacet
  facet normal 0.89686 -0.442314 0
    outer loop
      vertex 63.7876 7.7 0
      vertex 63.7066 7.53576 1.2
      vertex 63.7066 7.53576 0
    endloop
  endfacet
  facet normal 0.946872 -0.321612 0
    outer loop
      vertex 63.6477 7.36235 1.2
      vertex 63.7066 7.53576 0
      vertex 63.7066 7.53576 1.2
    endloop
  endfacet
  facet normal 0.946872 -0.321612 0
    outer loop
      vertex 63.7066 7.53576 0
      vertex 63.6477 7.36235 1.2
      vertex 63.6477 7.36235 0
    endloop
  endfacet
  facet normal -0.89686 0.442314 0
    outer loop
      vertex 66.2124 6.3 0
      vertex 66.2934 6.46424 1.2
      vertex 66.2934 6.46424 0
    endloop
  endfacet
  facet normal -0.89686 0.442314 0
    outer loop
      vertex 66.2934 6.46424 1.2
      vertex 66.2124 6.3 0
      vertex 66.2124 6.3 1.2
    endloop
  endfacet
  facet normal 0.0654315 -0.997857 0
    outer loop
      vertex 64.8173 8.38802 0
      vertex 65 8.4 1.2
      vertex 64.8173 8.38802 1.2
    endloop
  endfacet
  facet normal 0.0654315 -0.997857 0
    outer loop
      vertex 65 8.4 1.2
      vertex 64.8173 8.38802 0
      vertex 65 8.4 0
    endloop
  endfacet
  facet normal -0.659285 0.751893 0
    outer loop
      vertex 65.99 6.01005 0
      vertex 65.8523 5.88931 1.2
      vertex 65.99 6.01005 1.2
    endloop
  endfacet
  facet normal -0.659285 0.751893 0
    outer loop
      vertex 65.8523 5.88931 1.2
      vertex 65.99 6.01005 0
      vertex 65.8523 5.88931 0
    endloop
  endfacet
  facet normal -0.555519 0.831504 0
    outer loop
      vertex 65.8523 5.88931 0
      vertex 65.7 5.78756 1.2
      vertex 65.8523 5.88931 1.2
    endloop
  endfacet
  facet normal -0.555519 0.831504 0
    outer loop
      vertex 65.7 5.78756 1.2
      vertex 65.8523 5.88931 0
      vertex 65.7 5.78756 0
    endloop
  endfacet
  facet normal 0.555481 -0.831529 0
    outer loop
      vertex 64.1477 8.11069 0
      vertex 64.3 8.21243 1.2
      vertex 64.1477 8.11069 1.2
    endloop
  endfacet
  facet normal 0.555481 -0.831529 0
    outer loop
      vertex 64.3 8.21243 1.2
      vertex 64.1477 8.11069 0
      vertex 64.3 8.21243 0
    endloop
  endfacet
  facet normal 0.659285 -0.751893 0
    outer loop
      vertex 64.01 7.98995 0
      vertex 64.1477 8.11069 1.2
      vertex 64.01 7.98995 1.2
    endloop
  endfacet
  facet normal 0.659285 -0.751893 0
    outer loop
      vertex 64.1477 8.11069 1.2
      vertex 64.01 7.98995 0
      vertex 64.1477 8.11069 0
    endloop
  endfacet
  facet normal 0.980813 0.19495 0
    outer loop
      vertex 63.6477 6.63765 1.2
      vertex 63.612 6.81726 0
      vertex 63.612 6.81726 1.2
    endloop
  endfacet
  facet normal 0.980813 0.19495 0
    outer loop
      vertex 63.612 6.81726 0
      vertex 63.6477 6.63765 1.2
      vertex 63.6477 6.63765 0
    endloop
  endfacet
  facet normal 0.442357 0.896839 -0
    outer loop
      vertex 64.4642 5.70657 0
      vertex 64.3 5.78756 1.2
      vertex 64.4642 5.70657 1.2
    endloop
  endfacet
  facet normal 0.442357 0.896839 0
    outer loop
      vertex 64.3 5.78756 1.2
      vertex 64.4642 5.70657 0
      vertex 64.3 5.78756 0
    endloop
  endfacet
  facet normal 0.0654315 0.997857 -0
    outer loop
      vertex 65 5.6 0
      vertex 64.8173 5.61198 1.2
      vertex 65 5.6 1.2
    endloop
  endfacet
  facet normal 0.0654315 0.997857 0
    outer loop
      vertex 64.8173 5.61198 1.2
      vertex 65 5.6 0
      vertex 64.8173 5.61198 0
    endloop
  endfacet
  facet normal -0.98079 -0.195066 0
    outer loop
      vertex 8.38802 30.1827 0
      vertex 8.3523 30.3623 1.2
      vertex 8.3523 30.3623 0
    endloop
  endfacet
  facet normal -0.98079 -0.195066 0
    outer loop
      vertex 8.3523 30.3623 1.2
      vertex 8.38802 30.1827 0
      vertex 8.38802 30.1827 1.2
    endloop
  endfacet
  facet normal -0.997857 -0.0654315 0
    outer loop
      vertex 8.4 30 0
      vertex 8.38802 30.1827 1.2
      vertex 8.38802 30.1827 0
    endloop
  endfacet
  facet normal -0.997857 -0.0654315 0
    outer loop
      vertex 8.38802 30.1827 1.2
      vertex 8.4 30 0
      vertex 8.4 30 1.2
    endloop
  endfacet
  facet normal -0.946972 -0.321316 0
    outer loop
      vertex 8.3523 30.3623 0
      vertex 8.29343 30.5358 1.2
      vertex 8.29343 30.5358 0
    endloop
  endfacet
  facet normal -0.946972 -0.321316 0
    outer loop
      vertex 8.29343 30.5358 1.2
      vertex 8.3523 30.3623 0
      vertex 8.3523 30.3623 1.2
    endloop
  endfacet
  facet normal -0.321612 -0.946872 0
    outer loop
      vertex 7.36235 31.3523 0
      vertex 7.53576 31.2934 1.2
      vertex 7.36235 31.3523 1.2
    endloop
  endfacet
  facet normal -0.321612 -0.946872 -0
    outer loop
      vertex 7.53576 31.2934 1.2
      vertex 7.36235 31.3523 0
      vertex 7.53576 31.2934 0
    endloop
  endfacet
  facet normal 0.997857 -0.0654315 0
    outer loop
      vertex 5.6 30 1.2
      vertex 5.61198 30.1827 0
      vertex 5.61198 30.1827 1.2
    endloop
  endfacet
  facet normal 0.997857 -0.0654315 0
    outer loop
      vertex 5.61198 30.1827 0
      vertex 5.6 30 1.2
      vertex 5.6 30 0
    endloop
  endfacet
  facet normal -0.555406 0.831579 0
    outer loop
      vertex 7.85227 28.8893 0
      vertex 7.7 28.7876 1.2
      vertex 7.85227 28.8893 1.2
    endloop
  endfacet
  facet normal -0.555406 0.831579 0
    outer loop
      vertex 7.7 28.7876 1.2
      vertex 7.85227 28.8893 0
      vertex 7.7 28.7876 0
    endloop
  endfacet
  facet normal -0.896817 -0.442401 0
    outer loop
      vertex 8.29343 30.5358 0
      vertex 8.21243 30.7 1.2
      vertex 8.21243 30.7 0
    endloop
  endfacet
  facet normal -0.896817 -0.442401 0
    outer loop
      vertex 8.21243 30.7 1.2
      vertex 8.29343 30.5358 0
      vertex 8.29343 30.5358 1.2
    endloop
  endfacet
  facet normal -0.555406 -0.831579 0
    outer loop
      vertex 7.7 31.2124 0
      vertex 7.85227 31.1107 1.2
      vertex 7.7 31.2124 1.2
    endloop
  endfacet
  facet normal -0.555406 -0.831579 -0
    outer loop
      vertex 7.85227 31.1107 1.2
      vertex 7.7 31.2124 0
      vertex 7.85227 31.1107 0
    endloop
  endfacet
  facet normal 0.0655259 0.997851 -0
    outer loop
      vertex 7 28.6 0
      vertex 6.81726 28.612 1.2
      vertex 7 28.6 1.2
    endloop
  endfacet
  facet normal 0.0655259 0.997851 0
    outer loop
      vertex 6.81726 28.612 1.2
      vertex 7 28.6 0
      vertex 6.81726 28.612 0
    endloop
  endfacet
  facet normal -0.997857 0.0654315 0
    outer loop
      vertex 8.38802 29.8173 0
      vertex 8.4 30 1.2
      vertex 8.4 30 0
    endloop
  endfacet
  facet normal -0.997857 0.0654315 0
    outer loop
      vertex 8.4 30 1.2
      vertex 8.38802 29.8173 0
      vertex 8.38802 29.8173 1.2
    endloop
  endfacet
  facet normal 0.751656 -0.659556 0
    outer loop
      vertex 5.88931 30.8523 1.2
      vertex 6.01005 30.9899 0
      vertex 6.01005 30.9899 1.2
    endloop
  endfacet
  facet normal 0.751656 -0.659556 0
    outer loop
      vertex 6.01005 30.9899 0
      vertex 5.88931 30.8523 1.2
      vertex 5.88931 30.8523 0
    endloop
  endfacet
  facet normal -0.321612 0.946872 0
    outer loop
      vertex 7.53576 28.7066 0
      vertex 7.36235 28.6477 1.2
      vertex 7.53576 28.7066 1.2
    endloop
  endfacet
  facet normal -0.321612 0.946872 0
    outer loop
      vertex 7.36235 28.6477 1.2
      vertex 7.53576 28.7066 0
      vertex 7.36235 28.6477 0
    endloop
  endfacet
  facet normal -0.98079 0.195066 0
    outer loop
      vertex 8.3523 29.6377 0
      vertex 8.38802 29.8173 1.2
      vertex 8.38802 29.8173 0
    endloop
  endfacet
  facet normal -0.98079 0.195066 0
    outer loop
      vertex 8.38802 29.8173 1.2
      vertex 8.3523 29.6377 0
      vertex 8.3523 29.6377 1.2
    endloop
  endfacet
  facet normal -0.896817 0.442401 0
    outer loop
      vertex 8.21243 29.3 0
      vertex 8.29343 29.4642 1.2
      vertex 8.29343 29.4642 0
    endloop
  endfacet
  facet normal -0.896817 0.442401 0
    outer loop
      vertex 8.29343 29.4642 1.2
      vertex 8.21243 29.3 0
      vertex 8.21243 29.3 1.2
    endloop
  endfacet
  facet normal 0.442314 0.89686 -0
    outer loop
      vertex 6.46424 28.7066 0
      vertex 6.3 28.7876 1.2
      vertex 6.46424 28.7066 1.2
    endloop
  endfacet
  facet normal 0.442314 0.89686 0
    outer loop
      vertex 6.3 28.7876 1.2
      vertex 6.46424 28.7066 0
      vertex 6.3 28.7876 0
    endloop
  endfacet
  facet normal 0.0655259 -0.997851 0
    outer loop
      vertex 6.81726 31.388 0
      vertex 7 31.4 1.2
      vertex 6.81726 31.388 1.2
    endloop
  endfacet
  facet normal 0.0655259 -0.997851 0
    outer loop
      vertex 7 31.4 1.2
      vertex 6.81726 31.388 0
      vertex 7 31.4 0
    endloop
  endfacet
  facet normal 0.659216 0.751954 -0
    outer loop
      vertex 6.14773 28.8893 0
      vertex 6.01005 29.01 1.2
      vertex 6.14773 28.8893 1.2
    endloop
  endfacet
  facet normal 0.659216 0.751954 0
    outer loop
      vertex 6.01005 29.01 1.2
      vertex 6.14773 28.8893 0
      vertex 6.01005 29.01 0
    endloop
  endfacet
  facet normal 0.321612 -0.946872 0
    outer loop
      vertex 6.46424 31.2934 0
      vertex 6.63765 31.3523 1.2
      vertex 6.46424 31.2934 1.2
    endloop
  endfacet
  facet normal 0.321612 -0.946872 0
    outer loop
      vertex 6.63765 31.3523 1.2
      vertex 6.46424 31.2934 0
      vertex 6.63765 31.3523 0
    endloop
  endfacet
  facet normal 0.555406 0.831579 -0
    outer loop
      vertex 6.3 28.7876 0
      vertex 6.14773 28.8893 1.2
      vertex 6.3 28.7876 1.2
    endloop
  endfacet
  facet normal 0.555406 0.831579 0
    outer loop
      vertex 6.14773 28.8893 1.2
      vertex 6.3 28.7876 0
      vertex 6.14773 28.8893 0
    endloop
  endfacet
  facet normal -0.442314 0.89686 0
    outer loop
      vertex 7.7 28.7876 0
      vertex 7.53576 28.7066 1.2
      vertex 7.7 28.7876 1.2
    endloop
  endfacet
  facet normal -0.442314 0.89686 0
    outer loop
      vertex 7.53576 28.7066 1.2
      vertex 7.7 28.7876 0
      vertex 7.53576 28.7066 0
    endloop
  endfacet
  facet normal -0.19495 0.980813 0
    outer loop
      vertex 7.36235 28.6477 0
      vertex 7.18274 28.612 1.2
      vertex 7.36235 28.6477 1.2
    endloop
  endfacet
  facet normal -0.19495 0.980813 0
    outer loop
      vertex 7.18274 28.612 1.2
      vertex 7.36235 28.6477 0
      vertex 7.18274 28.612 0
    endloop
  endfacet
  facet normal 0.751893 0.659285 0
    outer loop
      vertex 6.01005 29.01 1.2
      vertex 5.88931 29.1477 0
      vertex 5.88931 29.1477 1.2
    endloop
  endfacet
  facet normal 0.751893 0.659285 0
    outer loop
      vertex 5.88931 29.1477 0
      vertex 6.01005 29.01 1.2
      vertex 6.01005 29.01 0
    endloop
  endfacet
  facet normal -0.831529 -0.555481 0
    outer loop
      vertex 8.21243 30.7 0
      vertex 8.11069 30.8523 1.2
      vertex 8.11069 30.8523 0
    endloop
  endfacet
  facet normal -0.831529 -0.555481 0
    outer loop
      vertex 8.11069 30.8523 1.2
      vertex 8.21243 30.7 0
      vertex 8.21243 30.7 1.2
    endloop
  endfacet
  facet normal 0.19495 -0.980813 0
    outer loop
      vertex 6.63765 31.3523 0
      vertex 6.81726 31.388 1.2
      vertex 6.63765 31.3523 1.2
    endloop
  endfacet
  facet normal 0.19495 -0.980813 0
    outer loop
      vertex 6.81726 31.388 1.2
      vertex 6.63765 31.3523 0
      vertex 6.81726 31.388 0
    endloop
  endfacet
  facet normal -0.751656 -0.659556 0
    outer loop
      vertex 8.11069 30.8523 0
      vertex 7.98995 30.9899 1.2
      vertex 7.98995 30.9899 0
    endloop
  endfacet
  facet normal -0.751656 -0.659556 0
    outer loop
      vertex 7.98995 30.9899 1.2
      vertex 8.11069 30.8523 0
      vertex 8.11069 30.8523 1.2
    endloop
  endfacet
  facet normal 0.659524 -0.751683 0
    outer loop
      vertex 6.01005 30.9899 0
      vertex 6.14773 31.1107 1.2
      vertex 6.01005 30.9899 1.2
    endloop
  endfacet
  facet normal 0.659524 -0.751683 0
    outer loop
      vertex 6.14773 31.1107 1.2
      vertex 6.01005 30.9899 0
      vertex 6.14773 31.1107 0
    endloop
  endfacet
  facet normal 0.555406 -0.831579 0
    outer loop
      vertex 6.14773 31.1107 0
      vertex 6.3 31.2124 1.2
      vertex 6.14773 31.1107 1.2
    endloop
  endfacet
  facet normal 0.555406 -0.831579 0
    outer loop
      vertex 6.3 31.2124 1.2
      vertex 6.14773 31.1107 0
      vertex 6.3 31.2124 0
    endloop
  endfacet
  facet normal -0.659524 -0.751683 0
    outer loop
      vertex 7.85227 31.1107 0
      vertex 7.98995 30.9899 1.2
      vertex 7.85227 31.1107 1.2
    endloop
  endfacet
  facet normal -0.659524 -0.751683 -0
    outer loop
      vertex 7.98995 30.9899 1.2
      vertex 7.85227 31.1107 0
      vertex 7.98995 30.9899 0
    endloop
  endfacet
  facet normal -0.0655259 -0.997851 0
    outer loop
      vertex 7 31.4 0
      vertex 7.18274 31.388 1.2
      vertex 7 31.4 1.2
    endloop
  endfacet
  facet normal -0.0655259 -0.997851 -0
    outer loop
      vertex 7.18274 31.388 1.2
      vertex 7 31.4 0
      vertex 7.18274 31.388 0
    endloop
  endfacet
  facet normal 0.321612 0.946872 -0
    outer loop
      vertex 6.63765 28.6477 0
      vertex 6.46424 28.7066 1.2
      vertex 6.63765 28.6477 1.2
    endloop
  endfacet
  facet normal 0.321612 0.946872 0
    outer loop
      vertex 6.46424 28.7066 1.2
      vertex 6.63765 28.6477 0
      vertex 6.46424 28.7066 0
    endloop
  endfacet
  facet normal 0.831504 -0.555519 0
    outer loop
      vertex 5.78756 30.7 1.2
      vertex 5.88931 30.8523 0
      vertex 5.88931 30.8523 1.2
    endloop
  endfacet
  facet normal 0.831504 -0.555519 0
    outer loop
      vertex 5.88931 30.8523 0
      vertex 5.78756 30.7 1.2
      vertex 5.78756 30.7 0
    endloop
  endfacet
  facet normal 0.442314 -0.89686 0
    outer loop
      vertex 6.3 31.2124 0
      vertex 6.46424 31.2934 1.2
      vertex 6.3 31.2124 1.2
    endloop
  endfacet
  facet normal 0.442314 -0.89686 0
    outer loop
      vertex 6.46424 31.2934 1.2
      vertex 6.3 31.2124 0
      vertex 6.46424 31.2934 0
    endloop
  endfacet
  facet normal -0.946972 0.321316 0
    outer loop
      vertex 8.29343 29.4642 0
      vertex 8.3523 29.6377 1.2
      vertex 8.3523 29.6377 0
    endloop
  endfacet
  facet normal -0.946972 0.321316 0
    outer loop
      vertex 8.3523 29.6377 1.2
      vertex 8.29343 29.4642 0
      vertex 8.29343 29.4642 1.2
    endloop
  endfacet
  facet normal -0.659216 0.751954 0
    outer loop
      vertex 7.98995 29.01 0
      vertex 7.85227 28.8893 1.2
      vertex 7.98995 29.01 1.2
    endloop
  endfacet
  facet normal -0.659216 0.751954 0
    outer loop
      vertex 7.85227 28.8893 1.2
      vertex 7.98995 29.01 0
      vertex 7.85227 28.8893 0
    endloop
  endfacet
  facet normal 0.946972 -0.321316 0
    outer loop
      vertex 5.6477 30.3623 1.2
      vertex 5.70657 30.5358 0
      vertex 5.70657 30.5358 1.2
    endloop
  endfacet
  facet normal 0.946972 -0.321316 0
    outer loop
      vertex 5.70657 30.5358 0
      vertex 5.6477 30.3623 1.2
      vertex 5.6477 30.3623 0
    endloop
  endfacet
  facet normal 0.896839 0.442357 0
    outer loop
      vertex 5.78756 29.3 1.2
      vertex 5.70657 29.4642 0
      vertex 5.70657 29.4642 1.2
    endloop
  endfacet
  facet normal 0.896839 0.442357 0
    outer loop
      vertex 5.70657 29.4642 0
      vertex 5.78756 29.3 1.2
      vertex 5.78756 29.3 0
    endloop
  endfacet
  facet normal -0.751893 0.659285 0
    outer loop
      vertex 7.98995 29.01 0
      vertex 8.11069 29.1477 1.2
      vertex 8.11069 29.1477 0
    endloop
  endfacet
  facet normal -0.751893 0.659285 0
    outer loop
      vertex 8.11069 29.1477 1.2
      vertex 7.98995 29.01 0
      vertex 7.98995 29.01 1.2
    endloop
  endfacet
  facet normal 0.98079 -0.195066 0
    outer loop
      vertex 5.61198 30.1827 1.2
      vertex 5.6477 30.3623 0
      vertex 5.6477 30.3623 1.2
    endloop
  endfacet
  facet normal 0.98079 -0.195066 0
    outer loop
      vertex 5.6477 30.3623 0
      vertex 5.61198 30.1827 1.2
      vertex 5.61198 30.1827 0
    endloop
  endfacet
  facet normal -0.442314 -0.89686 0
    outer loop
      vertex 7.53576 31.2934 0
      vertex 7.7 31.2124 1.2
      vertex 7.53576 31.2934 1.2
    endloop
  endfacet
  facet normal -0.442314 -0.89686 -0
    outer loop
      vertex 7.7 31.2124 1.2
      vertex 7.53576 31.2934 0
      vertex 7.7 31.2124 0
    endloop
  endfacet
  facet normal -0.0655259 0.997851 0
    outer loop
      vertex 7.18274 28.612 0
      vertex 7 28.6 1.2
      vertex 7.18274 28.612 1.2
    endloop
  endfacet
  facet normal -0.0655259 0.997851 0
    outer loop
      vertex 7 28.6 1.2
      vertex 7.18274 28.612 0
      vertex 7 28.6 0
    endloop
  endfacet
  facet normal 0.896839 -0.442357 0
    outer loop
      vertex 5.70657 30.5358 1.2
      vertex 5.78756 30.7 0
      vertex 5.78756 30.7 1.2
    endloop
  endfacet
  facet normal 0.896839 -0.442357 0
    outer loop
      vertex 5.78756 30.7 0
      vertex 5.70657 30.5358 1.2
      vertex 5.70657 30.5358 0
    endloop
  endfacet
  facet normal 0.997857 0.0654315 0
    outer loop
      vertex 5.61198 29.8173 1.2
      vertex 5.6 30 0
      vertex 5.6 30 1.2
    endloop
  endfacet
  facet normal 0.997857 0.0654315 0
    outer loop
      vertex 5.6 30 0
      vertex 5.61198 29.8173 1.2
      vertex 5.61198 29.8173 0
    endloop
  endfacet
  facet normal -0.831529 0.555481 0
    outer loop
      vertex 8.11069 29.1477 0
      vertex 8.21243 29.3 1.2
      vertex 8.21243 29.3 0
    endloop
  endfacet
  facet normal -0.831529 0.555481 0
    outer loop
      vertex 8.21243 29.3 1.2
      vertex 8.11069 29.1477 0
      vertex 8.11069 29.1477 1.2
    endloop
  endfacet
  facet normal 0.19495 0.980813 -0
    outer loop
      vertex 6.81726 28.612 0
      vertex 6.63765 28.6477 1.2
      vertex 6.81726 28.612 1.2
    endloop
  endfacet
  facet normal 0.19495 0.980813 0
    outer loop
      vertex 6.63765 28.6477 1.2
      vertex 6.81726 28.612 0
      vertex 6.63765 28.6477 0
    endloop
  endfacet
  facet normal 0.946972 0.321316 0
    outer loop
      vertex 5.70657 29.4642 1.2
      vertex 5.6477 29.6377 0
      vertex 5.6477 29.6377 1.2
    endloop
  endfacet
  facet normal 0.946972 0.321316 0
    outer loop
      vertex 5.6477 29.6377 0
      vertex 5.70657 29.4642 1.2
      vertex 5.70657 29.4642 0
    endloop
  endfacet
  facet normal 0.98079 0.195066 0
    outer loop
      vertex 5.6477 29.6377 1.2
      vertex 5.61198 29.8173 0
      vertex 5.61198 29.8173 1.2
    endloop
  endfacet
  facet normal 0.98079 0.195066 0
    outer loop
      vertex 5.61198 29.8173 0
      vertex 5.6477 29.6377 1.2
      vertex 5.6477 29.6377 0
    endloop
  endfacet
  facet normal -0.19495 -0.980813 0
    outer loop
      vertex 7.18274 31.388 0
      vertex 7.36235 31.3523 1.2
      vertex 7.18274 31.388 1.2
    endloop
  endfacet
  facet normal -0.19495 -0.980813 -0
    outer loop
      vertex 7.36235 31.3523 1.2
      vertex 7.18274 31.388 0
      vertex 7.36235 31.3523 0
    endloop
  endfacet
  facet normal 0.831504 0.555519 0
    outer loop
      vertex 5.88931 29.1477 1.2
      vertex 5.78756 29.3 0
      vertex 5.78756 29.3 1.2
    endloop
  endfacet
  facet normal 0.831504 0.555519 0
    outer loop
      vertex 5.78756 29.3 0
      vertex 5.88931 29.1477 1.2
      vertex 5.88931 29.1477 0
    endloop
  endfacet
  facet normal -0.980811 -0.194961 0
    outer loop
      vertex 66.388 30.1827 0
      vertex 66.3523 30.3623 1.2
      vertex 66.3523 30.3623 0
    endloop
  endfacet
  facet normal -0.980811 -0.194961 0
    outer loop
      vertex 66.3523 30.3623 1.2
      vertex 66.388 30.1827 0
      vertex 66.388 30.1827 1.2
    endloop
  endfacet
  facet normal -0.99785 -0.0655402 0
    outer loop
      vertex 66.4 30 0
      vertex 66.388 30.1827 1.2
      vertex 66.388 30.1827 0
    endloop
  endfacet
  facet normal -0.99785 -0.0655402 0
    outer loop
      vertex 66.388 30.1827 1.2
      vertex 66.4 30 0
      vertex 66.4 30 1.2
    endloop
  endfacet
  facet normal -0.946922 -0.321462 0
    outer loop
      vertex 66.3523 30.3623 0
      vertex 66.2934 30.5358 1.2
      vertex 66.2934 30.5358 0
    endloop
  endfacet
  facet normal -0.946922 -0.321462 0
    outer loop
      vertex 66.2934 30.5358 1.2
      vertex 66.3523 30.3623 0
      vertex 66.3523 30.3623 1.2
    endloop
  endfacet
  facet normal -0.321629 -0.946866 0
    outer loop
      vertex 65.3624 31.3523 0
      vertex 65.5358 31.2934 1.2
      vertex 65.3624 31.3523 1.2
    endloop
  endfacet
  facet normal -0.321629 -0.946866 -0
    outer loop
      vertex 65.5358 31.2934 1.2
      vertex 65.3624 31.3523 0
      vertex 65.5358 31.2934 0
    endloop
  endfacet
  facet normal 0.99785 -0.0655402 0
    outer loop
      vertex 63.6 30 1.2
      vertex 63.612 30.1827 0
      vertex 63.612 30.1827 1.2
    endloop
  endfacet
  facet normal 0.99785 -0.0655402 0
    outer loop
      vertex 63.612 30.1827 0
      vertex 63.6 30 1.2
      vertex 63.6 30 0
    endloop
  endfacet
  facet normal 0.321629 0.946866 -0
    outer loop
      vertex 64.6376 28.6477 0
      vertex 64.4642 28.7066 1.2
      vertex 64.6376 28.6477 1.2
    endloop
  endfacet
  facet normal 0.321629 0.946866 0
    outer loop
      vertex 64.4642 28.7066 1.2
      vertex 64.6376 28.6477 0
      vertex 64.4642 28.7066 0
    endloop
  endfacet
  facet normal -0.55533 0.83163 0
    outer loop
      vertex 65.8523 28.8893 0
      vertex 65.7 28.7876 1.2
      vertex 65.8523 28.8893 1.2
    endloop
  endfacet
  facet normal -0.55533 0.83163 0
    outer loop
      vertex 65.7 28.7876 1.2
      vertex 65.8523 28.8893 0
      vertex 65.7 28.7876 0
    endloop
  endfacet
  facet normal -0.896817 -0.442401 0
    outer loop
      vertex 66.2934 30.5358 0
      vertex 66.2124 30.7 1.2
      vertex 66.2124 30.7 0
    endloop
  endfacet
  facet normal -0.896817 -0.442401 0
    outer loop
      vertex 66.2124 30.7 1.2
      vertex 66.2934 30.5358 0
      vertex 66.2934 30.5358 1.2
    endloop
  endfacet
  facet normal -0.194856 -0.980832 0
    outer loop
      vertex 65.1827 31.388 0
      vertex 65.3624 31.3523 1.2
      vertex 65.1827 31.388 1.2
    endloop
  endfacet
  facet normal -0.194856 -0.980832 -0
    outer loop
      vertex 65.3624 31.3523 1.2
      vertex 65.1827 31.388 0
      vertex 65.3624 31.3523 0
    endloop
  endfacet
  facet normal 0.0655402 0.99785 -0
    outer loop
      vertex 65 28.6 0
      vertex 64.8173 28.612 1.2
      vertex 65 28.6 1.2
    endloop
  endfacet
  facet normal 0.0655402 0.99785 0
    outer loop
      vertex 64.8173 28.612 1.2
      vertex 65 28.6 0
      vertex 64.8173 28.612 0
    endloop
  endfacet
  facet normal -0.99785 0.0655402 0
    outer loop
      vertex 66.388 29.8173 0
      vertex 66.4 30 1.2
      vertex 66.4 30 0
    endloop
  endfacet
  facet normal -0.99785 0.0655402 0
    outer loop
      vertex 66.4 30 1.2
      vertex 66.388 29.8173 0
      vertex 66.388 29.8173 1.2
    endloop
  endfacet
  facet normal 0.751764 -0.659432 0
    outer loop
      vertex 63.8893 30.8523 1.2
      vertex 64.01 30.9899 0
      vertex 64.01 30.9899 1.2
    endloop
  endfacet
  facet normal 0.751764 -0.659432 0
    outer loop
      vertex 64.01 30.9899 0
      vertex 63.8893 30.8523 1.2
      vertex 63.8893 30.8523 0
    endloop
  endfacet
  facet normal -0.321629 0.946866 0
    outer loop
      vertex 65.5358 28.7066 0
      vertex 65.3624 28.6477 1.2
      vertex 65.5358 28.7066 1.2
    endloop
  endfacet
  facet normal -0.321629 0.946866 0
    outer loop
      vertex 65.3624 28.6477 1.2
      vertex 65.5358 28.7066 0
      vertex 65.3624 28.6477 0
    endloop
  endfacet
  facet normal -0.980811 0.194961 0
    outer loop
      vertex 66.3523 29.6377 0
      vertex 66.388 29.8173 1.2
      vertex 66.388 29.8173 0
    endloop
  endfacet
  facet normal -0.980811 0.194961 0
    outer loop
      vertex 66.388 29.8173 1.2
      vertex 66.3523 29.6377 0
      vertex 66.3523 29.6377 1.2
    endloop
  endfacet
  facet normal -0.896817 0.442401 0
    outer loop
      vertex 66.2124 29.3 0
      vertex 66.2934 29.4642 1.2
      vertex 66.2934 29.4642 0
    endloop
  endfacet
  facet normal -0.896817 0.442401 0
    outer loop
      vertex 66.2934 29.4642 1.2
      vertex 66.2124 29.3 0
      vertex 66.2124 29.3 1.2
    endloop
  endfacet
  facet normal 0.0655402 -0.99785 0
    outer loop
      vertex 64.8173 31.388 0
      vertex 65 31.4 1.2
      vertex 64.8173 31.388 1.2
    endloop
  endfacet
  facet normal 0.0655402 -0.99785 0
    outer loop
      vertex 65 31.4 1.2
      vertex 64.8173 31.388 0
      vertex 65 31.4 0
    endloop
  endfacet
  facet normal 0.946922 0.321462 0
    outer loop
      vertex 63.7066 29.4642 1.2
      vertex 63.6477 29.6377 0
      vertex 63.6477 29.6377 1.2
    endloop
  endfacet
  facet normal 0.946922 0.321462 0
    outer loop
      vertex 63.6477 29.6377 0
      vertex 63.7066 29.4642 1.2
      vertex 63.7066 29.4642 0
    endloop
  endfacet
  facet normal 0.659162 0.752001 -0
    outer loop
      vertex 64.1477 28.8893 0
      vertex 64.01 29.01 1.2
      vertex 64.1477 28.8893 1.2
    endloop
  endfacet
  facet normal 0.659162 0.752001 0
    outer loop
      vertex 64.01 29.01 1.2
      vertex 64.1477 28.8893 0
      vertex 64.01 29.01 0
    endloop
  endfacet
  facet normal 0.321629 -0.946866 0
    outer loop
      vertex 64.4642 31.2934 0
      vertex 64.6376 31.3523 1.2
      vertex 64.4642 31.2934 1.2
    endloop
  endfacet
  facet normal 0.321629 -0.946866 0
    outer loop
      vertex 64.6376 31.3523 1.2
      vertex 64.4642 31.2934 0
      vertex 64.6376 31.3523 0
    endloop
  endfacet
  facet normal -0.442401 0.896817 0
    outer loop
      vertex 65.7 28.7876 0
      vertex 65.5358 28.7066 1.2
      vertex 65.7 28.7876 1.2
    endloop
  endfacet
  facet normal -0.442401 0.896817 0
    outer loop
      vertex 65.5358 28.7066 1.2
      vertex 65.7 28.7876 0
      vertex 65.5358 28.7066 0
    endloop
  endfacet
  facet normal -0.194856 0.980832 0
    outer loop
      vertex 65.3624 28.6477 0
      vertex 65.1827 28.612 1.2
      vertex 65.3624 28.6477 1.2
    endloop
  endfacet
  facet normal -0.194856 0.980832 0
    outer loop
      vertex 65.1827 28.612 1.2
      vertex 65.3624 28.6477 0
      vertex 65.1827 28.612 0
    endloop
  endfacet
  facet normal 0.55533 0.83163 -0
    outer loop
      vertex 64.3 28.7876 0
      vertex 64.1477 28.8893 1.2
      vertex 64.3 28.7876 1.2
    endloop
  endfacet
  facet normal 0.55533 0.83163 0
    outer loop
      vertex 64.1477 28.8893 1.2
      vertex 64.3 28.7876 0
      vertex 64.1477 28.8893 0
    endloop
  endfacet
  facet normal -0.83163 -0.55533 0
    outer loop
      vertex 66.2124 30.7 0
      vertex 66.1107 30.8523 1.2
      vertex 66.1107 30.8523 0
    endloop
  endfacet
  facet normal -0.83163 -0.55533 0
    outer loop
      vertex 66.1107 30.8523 1.2
      vertex 66.2124 30.7 0
      vertex 66.2124 30.7 1.2
    endloop
  endfacet
  facet normal 0.194856 -0.980832 0
    outer loop
      vertex 64.6376 31.3523 0
      vertex 64.8173 31.388 1.2
      vertex 64.6376 31.3523 1.2
    endloop
  endfacet
  facet normal 0.194856 -0.980832 0
    outer loop
      vertex 64.8173 31.388 1.2
      vertex 64.6376 31.3523 0
      vertex 64.8173 31.388 0
    endloop
  endfacet
  facet normal -0.751764 -0.659432 0
    outer loop
      vertex 66.1107 30.8523 0
      vertex 65.99 30.9899 1.2
      vertex 65.99 30.9899 0
    endloop
  endfacet
  facet normal -0.751764 -0.659432 0
    outer loop
      vertex 65.99 30.9899 1.2
      vertex 66.1107 30.8523 0
      vertex 66.1107 30.8523 1.2
    endloop
  endfacet
  facet normal 0.55533 -0.83163 0
    outer loop
      vertex 64.1477 31.1107 0
      vertex 64.3 31.2124 1.2
      vertex 64.1477 31.1107 1.2
    endloop
  endfacet
  facet normal 0.55533 -0.83163 0
    outer loop
      vertex 64.3 31.2124 1.2
      vertex 64.1477 31.1107 0
      vertex 64.3 31.2124 0
    endloop
  endfacet
  facet normal -0.65947 -0.751731 0
    outer loop
      vertex 65.8523 31.1107 0
      vertex 65.99 30.9899 1.2
      vertex 65.8523 31.1107 1.2
    endloop
  endfacet
  facet normal -0.65947 -0.751731 -0
    outer loop
      vertex 65.99 30.9899 1.2
      vertex 65.8523 31.1107 0
      vertex 65.99 30.9899 0
    endloop
  endfacet
  facet normal 0.896817 -0.442401 0
    outer loop
      vertex 63.7066 30.5358 1.2
      vertex 63.7876 30.7 0
      vertex 63.7876 30.7 1.2
    endloop
  endfacet
  facet normal 0.896817 -0.442401 0
    outer loop
      vertex 63.7876 30.7 0
      vertex 63.7066 30.5358 1.2
      vertex 63.7066 30.5358 0
    endloop
  endfacet
  facet normal 0.442401 -0.896817 0
    outer loop
      vertex 64.3 31.2124 0
      vertex 64.4642 31.2934 1.2
      vertex 64.3 31.2124 1.2
    endloop
  endfacet
  facet normal 0.442401 -0.896817 0
    outer loop
      vertex 64.4642 31.2934 1.2
      vertex 64.3 31.2124 0
      vertex 64.4642 31.2934 0
    endloop
  endfacet
  facet normal -0.946922 0.321462 0
    outer loop
      vertex 66.2934 29.4642 0
      vertex 66.3523 29.6377 1.2
      vertex 66.3523 29.6377 0
    endloop
  endfacet
  facet normal -0.946922 0.321462 0
    outer loop
      vertex 66.3523 29.6377 1.2
      vertex 66.2934 29.4642 0
      vertex 66.2934 29.4642 1.2
    endloop
  endfacet
  facet normal -0.659162 0.752001 0
    outer loop
      vertex 65.99 29.01 0
      vertex 65.8523 28.8893 1.2
      vertex 65.99 29.01 1.2
    endloop
  endfacet
  facet normal -0.659162 0.752001 0
    outer loop
      vertex 65.8523 28.8893 1.2
      vertex 65.99 29.01 0
      vertex 65.8523 28.8893 0
    endloop
  endfacet
  facet normal 0.946922 -0.321462 0
    outer loop
      vertex 63.6477 30.3623 1.2
      vertex 63.7066 30.5358 0
      vertex 63.7066 30.5358 1.2
    endloop
  endfacet
  facet normal 0.946922 -0.321462 0
    outer loop
      vertex 63.7066 30.5358 0
      vertex 63.6477 30.3623 1.2
      vertex 63.6477 30.3623 0
    endloop
  endfacet
  facet normal 0.896817 0.442401 0
    outer loop
      vertex 63.7876 29.3 1.2
      vertex 63.7066 29.4642 0
      vertex 63.7066 29.4642 1.2
    endloop
  endfacet
  facet normal 0.896817 0.442401 0
    outer loop
      vertex 63.7066 29.4642 0
      vertex 63.7876 29.3 1.2
      vertex 63.7876 29.3 0
    endloop
  endfacet
  facet normal -0.752001 0.659162 0
    outer loop
      vertex 65.99 29.01 0
      vertex 66.1107 29.1477 1.2
      vertex 66.1107 29.1477 0
    endloop
  endfacet
  facet normal -0.752001 0.659162 0
    outer loop
      vertex 66.1107 29.1477 1.2
      vertex 65.99 29.01 0
      vertex 65.99 29.01 1.2
    endloop
  endfacet
  facet normal 0.980811 -0.194961 0
    outer loop
      vertex 63.612 30.1827 1.2
      vertex 63.6477 30.3623 0
      vertex 63.6477 30.3623 1.2
    endloop
  endfacet
  facet normal 0.980811 -0.194961 0
    outer loop
      vertex 63.6477 30.3623 0
      vertex 63.612 30.1827 1.2
      vertex 63.612 30.1827 0
    endloop
  endfacet
  facet normal -0.442401 -0.896817 0
    outer loop
      vertex 65.5358 31.2934 0
      vertex 65.7 31.2124 1.2
      vertex 65.5358 31.2934 1.2
    endloop
  endfacet
  facet normal -0.442401 -0.896817 -0
    outer loop
      vertex 65.7 31.2124 1.2
      vertex 65.5358 31.2934 0
      vertex 65.7 31.2124 0
    endloop
  endfacet
  facet normal -0.55533 -0.83163 0
    outer loop
      vertex 65.7 31.2124 0
      vertex 65.8523 31.1107 1.2
      vertex 65.7 31.2124 1.2
    endloop
  endfacet
  facet normal -0.55533 -0.83163 -0
    outer loop
      vertex 65.8523 31.1107 1.2
      vertex 65.7 31.2124 0
      vertex 65.8523 31.1107 0
    endloop
  endfacet
  facet normal -0.0655402 0.99785 0
    outer loop
      vertex 65.1827 28.612 0
      vertex 65 28.6 1.2
      vertex 65.1827 28.612 1.2
    endloop
  endfacet
  facet normal -0.0655402 0.99785 0
    outer loop
      vertex 65 28.6 1.2
      vertex 65.1827 28.612 0
      vertex 65 28.6 0
    endloop
  endfacet
  facet normal 0.99785 0.0655402 0
    outer loop
      vertex 63.612 29.8173 1.2
      vertex 63.6 30 0
      vertex 63.6 30 1.2
    endloop
  endfacet
  facet normal 0.99785 0.0655402 0
    outer loop
      vertex 63.6 30 0
      vertex 63.612 29.8173 1.2
      vertex 63.612 29.8173 0
    endloop
  endfacet
  facet normal 0.83163 -0.55533 0
    outer loop
      vertex 63.7876 30.7 1.2
      vertex 63.8893 30.8523 0
      vertex 63.8893 30.8523 1.2
    endloop
  endfacet
  facet normal 0.83163 -0.55533 0
    outer loop
      vertex 63.8893 30.8523 0
      vertex 63.7876 30.7 1.2
      vertex 63.7876 30.7 0
    endloop
  endfacet
  facet normal -0.83163 0.55533 0
    outer loop
      vertex 66.1107 29.1477 0
      vertex 66.2124 29.3 1.2
      vertex 66.2124 29.3 0
    endloop
  endfacet
  facet normal -0.83163 0.55533 0
    outer loop
      vertex 66.2124 29.3 1.2
      vertex 66.1107 29.1477 0
      vertex 66.1107 29.1477 1.2
    endloop
  endfacet
  facet normal 0.194856 0.980832 -0
    outer loop
      vertex 64.8173 28.612 0
      vertex 64.6376 28.6477 1.2
      vertex 64.8173 28.612 1.2
    endloop
  endfacet
  facet normal 0.194856 0.980832 0
    outer loop
      vertex 64.6376 28.6477 1.2
      vertex 64.8173 28.612 0
      vertex 64.6376 28.6477 0
    endloop
  endfacet
  facet normal 0.980811 0.194961 0
    outer loop
      vertex 63.6477 29.6377 1.2
      vertex 63.612 29.8173 0
      vertex 63.612 29.8173 1.2
    endloop
  endfacet
  facet normal 0.980811 0.194961 0
    outer loop
      vertex 63.612 29.8173 0
      vertex 63.6477 29.6377 1.2
      vertex 63.6477 29.6377 0
    endloop
  endfacet
  facet normal 0.65947 -0.751731 0
    outer loop
      vertex 64.01 30.9899 0
      vertex 64.1477 31.1107 1.2
      vertex 64.01 30.9899 1.2
    endloop
  endfacet
  facet normal 0.65947 -0.751731 0
    outer loop
      vertex 64.1477 31.1107 1.2
      vertex 64.01 30.9899 0
      vertex 64.1477 31.1107 0
    endloop
  endfacet
  facet normal 0.442401 0.896817 -0
    outer loop
      vertex 64.4642 28.7066 0
      vertex 64.3 28.7876 1.2
      vertex 64.4642 28.7066 1.2
    endloop
  endfacet
  facet normal 0.442401 0.896817 0
    outer loop
      vertex 64.3 28.7876 1.2
      vertex 64.4642 28.7066 0
      vertex 64.3 28.7876 0
    endloop
  endfacet
  facet normal 0.83163 0.55533 0
    outer loop
      vertex 63.8893 29.1477 1.2
      vertex 63.7876 29.3 0
      vertex 63.7876 29.3 1.2
    endloop
  endfacet
  facet normal 0.83163 0.55533 0
    outer loop
      vertex 63.7876 29.3 0
      vertex 63.8893 29.1477 1.2
      vertex 63.8893 29.1477 0
    endloop
  endfacet
  facet normal 0.752001 0.659162 0
    outer loop
      vertex 64.01 29.01 1.2
      vertex 63.8893 29.1477 0
      vertex 63.8893 29.1477 1.2
    endloop
  endfacet
  facet normal 0.752001 0.659162 0
    outer loop
      vertex 63.8893 29.1477 0
      vertex 64.01 29.01 1.2
      vertex 64.01 29.01 0
    endloop
  endfacet
  facet normal -0.0655402 -0.99785 0
    outer loop
      vertex 65 31.4 0
      vertex 65.1827 31.388 1.2
      vertex 65 31.4 1.2
    endloop
  endfacet
  facet normal -0.0655402 -0.99785 -0
    outer loop
      vertex 65.1827 31.388 1.2
      vertex 65 31.4 0
      vertex 65.1827 31.388 0
    endloop
  endfacet
  facet normal -0.751787 0.659406 0
    outer loop
      vertex 4.11993 32.3263 0
      vertex 4.37868 32.6213 1.2
      vertex 4.37868 32.6213 0
    endloop
  endfacet
  facet normal -0.751787 0.659406 0
    outer loop
      vertex 4.37868 32.6213 1.2
      vertex 4.11993 32.3263 0
      vertex 4.11993 32.3263 1.2
    endloop
  endfacet
  facet normal -0.980788 -0.195077 0
    outer loop
      vertex 3.60222 5.72354 0
      vertex 3.52567 6.10841 1.2
      vertex 3.52567 6.10841 0
    endloop
  endfacet
  facet normal -0.980788 -0.195077 0
    outer loop
      vertex 3.52567 6.10841 1.2
      vertex 3.60222 5.72354 0
      vertex 3.60222 5.72354 1.2
    endloop
  endfacet
  facet normal 1 -0 0
    outer loop
      vertex 68.5 6.5 1.2
      vertex 68.5 30.5 0
      vertex 68.5 30.5 1.2
    endloop
  endfacet
  facet normal 1 0 0
    outer loop
      vertex 68.5 30.5 0
      vertex 68.5 6.5 1.2
      vertex 68.5 6.5 0
    endloop
  endfacet
  facet normal -0.195077 -0.980788 0
    outer loop
      vertex 5.72354 3.60222 0
      vertex 6.10841 3.52567 1.2
      vertex 5.72354 3.60222 1.2
    endloop
  endfacet
  facet normal -0.195077 -0.980788 -0
    outer loop
      vertex 6.10841 3.52567 1.2
      vertex 5.72354 3.60222 0
      vertex 6.10841 3.52567 0
    endloop
  endfacet
  facet normal -0.946939 -0.321414 0
    outer loop
      vertex 3.72835 5.35194 0
      vertex 3.60222 5.72354 1.2
      vertex 3.60222 5.72354 0
    endloop
  endfacet
  facet normal -0.946939 -0.321414 0
    outer loop
      vertex 3.60222 5.72354 1.2
      vertex 3.72835 5.35194 0
      vertex 3.72835 5.35194 1.2
    endloop
  endfacet
  facet normal -0.997858 -0.0654129 0
    outer loop
      vertex 3.52567 6.10841 0
      vertex 3.5 6.5 1.2
      vertex 3.5 6.5 0
    endloop
  endfacet
  facet normal -0.997858 -0.0654129 0
    outer loop
      vertex 3.5 6.5 1.2
      vertex 3.52567 6.10841 0
      vertex 3.52567 6.10841 1.2
    endloop
  endfacet
  facet normal -0.831489 0.555541 0
    outer loop
      vertex 3.90192 32 0
      vertex 4.11993 32.3263 1.2
      vertex 4.11993 32.3263 0
    endloop
  endfacet
  facet normal -0.831489 0.555541 0
    outer loop
      vertex 4.11993 32.3263 1.2
      vertex 3.90192 32 0
      vertex 3.90192 32 1.2
    endloop
  endfacet
  facet normal -0.946939 0.321414 0
    outer loop
      vertex 3.60222 31.2764 0
      vertex 3.72835 31.648 1.2
      vertex 3.72835 31.648 0
    endloop
  endfacet
  facet normal -0.946939 0.321414 0
    outer loop
      vertex 3.72835 31.648 1.2
      vertex 3.60222 31.2764 0
      vertex 3.60222 31.2764 1.2
    endloop
  endfacet
  facet normal -0.442314 -0.89686 0
    outer loop
      vertex 5 3.90192 0
      vertex 5.35194 3.72835 1.2
      vertex 5 3.90192 1.2
    endloop
  endfacet
  facet normal -0.442314 -0.89686 -0
    outer loop
      vertex 5.35194 3.72835 1.2
      vertex 5 3.90192 0
      vertex 5.35194 3.72835 0
    endloop
  endfacet
  facet normal 0.997853 0.0654873 0
    outer loop
      vertex 68.5 30.5 1.2
      vertex 68.4743 30.8916 0
      vertex 68.4743 30.8916 1.2
    endloop
  endfacet
  facet normal 0.997853 0.0654873 0
    outer loop
      vertex 68.4743 30.8916 0
      vertex 68.5 30.5 1.2
      vertex 68.5 30.5 0
    endloop
  endfacet
  facet normal 0.997853 -0.065489 0
    outer loop
      vertex 68.4743 6.10841 1.2
      vertex 68.5 6.5 0
      vertex 68.5 6.5 1.2
    endloop
  endfacet
  facet normal 0.997853 -0.065489 0
    outer loop
      vertex 68.5 6.5 0
      vertex 68.4743 6.10841 1.2
      vertex 68.4743 6.10841 0
    endloop
  endfacet
  facet normal -0.659368 -0.75182 0
    outer loop
      vertex 4.37868 4.37868 0
      vertex 4.67371 4.11993 1.2
      vertex 4.37868 4.37868 1.2
    endloop
  endfacet
  facet normal -0.659368 -0.75182 -0
    outer loop
      vertex 4.67371 4.11993 1.2
      vertex 4.37868 4.37868 0
      vertex 4.67371 4.11993 0
    endloop
  endfacet
  facet normal 0.321574 0.946885 -0
    outer loop
      vertex 66.648 33.2716 0
      vertex 66.2764 33.3978 1.2
      vertex 66.648 33.2716 1.2
    endloop
  endfacet
  facet normal 0.321574 0.946885 0
    outer loop
      vertex 66.2764 33.3978 1.2
      vertex 66.648 33.2716 0
      vertex 66.2764 33.3978 0
    endloop
  endfacet
  facet normal 0 -1 0
    outer loop
      vertex 6.5 3.5 0
      vertex 65.5 3.5 1.2
      vertex 6.5 3.5 1.2
    endloop
  endfacet
  facet normal 0 -1 -0
    outer loop
      vertex 65.5 3.5 1.2
      vertex 6.5 3.5 0
      vertex 65.5 3.5 0
    endloop
  endfacet
  facet normal 0.751757 -0.65944 0
    outer loop
      vertex 67.6213 4.37868 1.2
      vertex 67.8801 4.67371 0
      vertex 67.8801 4.67371 1.2
    endloop
  endfacet
  facet normal 0.751757 -0.65944 0
    outer loop
      vertex 67.8801 4.67371 0
      vertex 67.6213 4.37868 1.2
      vertex 67.6213 4.37868 0
    endloop
  endfacet
  facet normal 0.555541 -0.831489 0
    outer loop
      vertex 67 3.90192 0
      vertex 67.3263 4.11993 1.2
      vertex 67 3.90192 1.2
    endloop
  endfacet
  facet normal 0.555541 -0.831489 0
    outer loop
      vertex 67.3263 4.11993 1.2
      vertex 67 3.90192 0
      vertex 67.3263 4.11993 0
    endloop
  endfacet
  facet normal 0.831493 -0.555535 0
    outer loop
      vertex 67.8801 4.67371 1.2
      vertex 68.0981 5 0
      vertex 68.0981 5 1.2
    endloop
  endfacet
  facet normal 0.831493 -0.555535 0
    outer loop
      vertex 68.0981 5 0
      vertex 67.8801 4.67371 1.2
      vertex 67.8801 4.67371 0
    endloop
  endfacet
  facet normal -1 0 0
    outer loop
      vertex 3.5 6.5 0
      vertex 3.5 30.5 1.2
      vertex 3.5 30.5 0
    endloop
  endfacet
  facet normal -1 -0 0
    outer loop
      vertex 3.5 30.5 1.2
      vertex 3.5 6.5 0
      vertex 3.5 6.5 1.2
    endloop
  endfacet
  facet normal 0.659406 -0.751787 0
    outer loop
      vertex 67.3263 4.11993 0
      vertex 67.6213 4.37868 1.2
      vertex 67.3263 4.11993 1.2
    endloop
  endfacet
  facet normal 0.659406 -0.751787 0
    outer loop
      vertex 67.6213 4.37868 1.2
      vertex 67.3263 4.11993 0
      vertex 67.6213 4.37868 0
    endloop
  endfacet
  facet normal -0.194955 0.980812 0
    outer loop
      vertex 6.10841 33.4743 0
      vertex 5.72354 33.3978 1.2
      vertex 6.10841 33.4743 1.2
    endloop
  endfacet
  facet normal -0.194955 0.980812 0
    outer loop
      vertex 5.72354 33.3978 1.2
      vertex 6.10841 33.4743 0
      vertex 5.72354 33.3978 0
    endloop
  endfacet
  facet normal -0.0654129 -0.997858 0
    outer loop
      vertex 6.10841 3.52567 0
      vertex 6.5 3.5 1.2
      vertex 6.10841 3.52567 1.2
    endloop
  endfacet
  facet normal -0.0654129 -0.997858 -0
    outer loop
      vertex 6.5 3.5 1.2
      vertex 6.10841 3.52567 0
      vertex 6.5 3.5 0
    endloop
  endfacet
  facet normal 0 1 -0
    outer loop
      vertex 65.5 33.5 0
      vertex 6.5 33.5 1.2
      vertex 65.5 33.5 1.2
    endloop
  endfacet
  facet normal 0 1 0
    outer loop
      vertex 6.5 33.5 1.2
      vertex 65.5 33.5 0
      vertex 6.5 33.5 0
    endloop
  endfacet
  facet normal -0.89689 0.442253 0
    outer loop
      vertex 3.72835 31.648 0
      vertex 3.90192 32 1.2
      vertex 3.90192 32 0
    endloop
  endfacet
  facet normal -0.89689 0.442253 0
    outer loop
      vertex 3.90192 32 1.2
      vertex 3.72835 31.648 0
      vertex 3.72835 31.648 1.2
    endloop
  endfacet
  facet normal 0.946885 0.321574 0
    outer loop
      vertex 68.3978 31.2764 1.2
      vertex 68.2716 31.648 0
      vertex 68.2716 31.648 1.2
    endloop
  endfacet
  facet normal 0.946885 0.321574 0
    outer loop
      vertex 68.2716 31.648 0
      vertex 68.3978 31.2764 1.2
      vertex 68.3978 31.2764 0
    endloop
  endfacet
  facet normal 0.659478 0.751724 -0
    outer loop
      vertex 67.6213 32.6213 0
      vertex 67.3263 32.8801 1.2
      vertex 67.6213 32.6213 1.2
    endloop
  endfacet
  facet normal 0.659478 0.751724 0
    outer loop
      vertex 67.3263 32.8801 1.2
      vertex 67.6213 32.6213 0
      vertex 67.3263 32.8801 0
    endloop
  endfacet
  facet normal -0.555535 0.831493 0
    outer loop
      vertex 5 33.0981 0
      vertex 4.67371 32.8801 1.2
      vertex 5 33.0981 1.2
    endloop
  endfacet
  facet normal -0.555535 0.831493 0
    outer loop
      vertex 4.67371 32.8801 1.2
      vertex 5 33.0981 0
      vertex 4.67371 32.8801 0
    endloop
  endfacet
  facet normal -0.997858 0.0654112 0
    outer loop
      vertex 3.5 30.5 0
      vertex 3.52567 30.8916 1.2
      vertex 3.52567 30.8916 0
    endloop
  endfacet
  facet normal -0.997858 0.0654112 0
    outer loop
      vertex 3.52567 30.8916 1.2
      vertex 3.5 30.5 0
      vertex 3.5 30.5 1.2
    endloop
  endfacet
  facet normal 0.555523 0.831501 -0
    outer loop
      vertex 67.3263 32.8801 0
      vertex 67 33.0981 1.2
      vertex 67.3263 32.8801 1.2
    endloop
  endfacet
  facet normal 0.555523 0.831501 0
    outer loop
      vertex 67 33.0981 1.2
      vertex 67.3263 32.8801 0
      vertex 67 33.0981 0
    endloop
  endfacet
  facet normal -0.321574 0.946885 0
    outer loop
      vertex 5.72354 33.3978 0
      vertex 5.35194 33.2716 1.2
      vertex 5.72354 33.3978 1.2
    endloop
  endfacet
  facet normal -0.321574 0.946885 0
    outer loop
      vertex 5.35194 33.2716 1.2
      vertex 5.72354 33.3978 0
      vertex 5.35194 33.2716 0
    endloop
  endfacet
  facet normal -0.89686 -0.442314 0
    outer loop
      vertex 3.90192 5 0
      vertex 3.72835 5.35194 1.2
      vertex 3.72835 5.35194 0
    endloop
  endfacet
  facet normal -0.89686 -0.442314 0
    outer loop
      vertex 3.72835 5.35194 1.2
      vertex 3.90192 5 0
      vertex 3.90192 5 1.2
    endloop
  endfacet
  facet normal -0.980781 0.195111 0
    outer loop
      vertex 3.52567 30.8916 0
      vertex 3.60222 31.2764 1.2
      vertex 3.60222 31.2764 0
    endloop
  endfacet
  facet normal -0.980781 0.195111 0
    outer loop
      vertex 3.60222 31.2764 1.2
      vertex 3.52567 30.8916 0
      vertex 3.52567 30.8916 1.2
    endloop
  endfacet
  facet normal 0.980806 0.194989 0
    outer loop
      vertex 68.4743 30.8916 1.2
      vertex 68.3978 31.2764 0
      vertex 68.3978 31.2764 1.2
    endloop
  endfacet
  facet normal 0.980806 0.194989 0
    outer loop
      vertex 68.3978 31.2764 0
      vertex 68.4743 30.8916 1.2
      vertex 68.4743 30.8916 0
    endloop
  endfacet
  facet normal 0.0654873 0.997853 -0
    outer loop
      vertex 65.8916 33.4743 0
      vertex 65.5 33.5 1.2
      vertex 65.8916 33.4743 1.2
    endloop
  endfacet
  facet normal 0.0654873 0.997853 0
    outer loop
      vertex 65.5 33.5 1.2
      vertex 65.8916 33.4743 0
      vertex 65.5 33.5 0
    endloop
  endfacet
  facet normal 0.321414 -0.946939 0
    outer loop
      vertex 66.2764 3.60222 0
      vertex 66.648 3.72835 1.2
      vertex 66.2764 3.60222 1.2
    endloop
  endfacet
  facet normal 0.321414 -0.946939 0
    outer loop
      vertex 66.648 3.72835 1.2
      vertex 66.2764 3.60222 0
      vertex 66.648 3.72835 0
    endloop
  endfacet
  facet normal -0.321414 -0.946939 0
    outer loop
      vertex 5.35194 3.72835 0
      vertex 5.72354 3.60222 1.2
      vertex 5.35194 3.72835 1.2
    endloop
  endfacet
  facet normal -0.321414 -0.946939 -0
    outer loop
      vertex 5.72354 3.60222 1.2
      vertex 5.35194 3.72835 0
      vertex 5.72354 3.60222 0
    endloop
  endfacet
  facet normal 0 0 -1
    outer loop
      vertex 8.29343 7.53576 0
      vertex 63.7066 7.53576 0
      vertex 8.3523 7.36235 0
    endloop
  endfacet
  facet normal 0 0 -1
    outer loop
      vertex 63.7066 29.4642 0
      vertex 8.38802 29.8173 0
      vertex 8.4 30 0
    endloop
  endfacet
  facet normal 0 0 -1
    outer loop
      vertex 63.7066 7.53576 0
      vertex 8.29343 7.53576 0
      vertex 63.7066 29.4642 0
    endloop
  endfacet
  facet normal 0 0 -1
    outer loop
      vertex 63.7066 29.4642 0
      vertex 8.3523 29.6377 0
      vertex 8.38802 29.8173 0
    endloop
  endfacet
  facet normal 0 0 -1
    outer loop
      vertex 8.29343 29.4642 0
      vertex 63.7066 29.4642 0
      vertex 8.29343 7.53576 0
    endloop
  endfacet
  facet normal 0 0 -1
    outer loop
      vertex 63.7066 29.4642 0
      vertex 8.29343 29.4642 0
      vertex 8.3523 29.6377 0
    endloop
  endfacet
  facet normal 0 0 -1
    outer loop
      vertex 8.21243 7.7 0
      vertex 8.29343 29.4642 0
      vertex 8.29343 7.53576 0
    endloop
  endfacet
  facet normal 0 0 -1
    outer loop
      vertex 8.21243 7.7 0
      vertex 8.21243 29.3 0
      vertex 8.29343 29.4642 0
    endloop
  endfacet
  facet normal 0 0 -1
    outer loop
      vertex 8.11069 7.85227 0
      vertex 8.21243 29.3 0
      vertex 8.21243 7.7 0
    endloop
  endfacet
  facet normal 0 0 -1
    outer loop
      vertex 8.11069 7.85227 0
      vertex 8.11069 29.1477 0
      vertex 8.21243 29.3 0
    endloop
  endfacet
  facet normal 0 0 -1
    outer loop
      vertex 7.98995 7.98995 0
      vertex 8.11069 29.1477 0
      vertex 8.11069 7.85227 0
    endloop
  endfacet
  facet normal 0 0 -1
    outer loop
      vertex 7.98995 7.98995 0
      vertex 7.98995 29.01 0
      vertex 8.11069 29.1477 0
    endloop
  endfacet
  facet normal 0 0 -1
    outer loop
      vertex 7.85227 8.11069 0
      vertex 7.98995 29.01 0
      vertex 7.98995 7.98995 0
    endloop
  endfacet
  facet normal 0 0 -1
    outer loop
      vertex 7.85227 8.11069 0
      vertex 7.85227 28.8893 0
      vertex 7.98995 29.01 0
    endloop
  endfacet
  facet normal 0 0 -1
    outer loop
      vertex 7.7 8.21243 0
      vertex 7.85227 28.8893 0
      vertex 7.85227 8.11069 0
    endloop
  endfacet
  facet normal 0 0 -1
    outer loop
      vertex 7.7 8.21243 0
      vertex 7.7 28.7876 0
      vertex 7.85227 28.8893 0
    endloop
  endfacet
  facet normal 0 0 -1
    outer loop
      vertex 7.53576 8.29343 0
      vertex 7.7 28.7876 0
      vertex 7.7 8.21243 0
    endloop
  endfacet
  facet normal 0 0 -1
    outer loop
      vertex 7.53576 8.29343 0
      vertex 7.53576 28.7066 0
      vertex 7.7 28.7876 0
    endloop
  endfacet
  facet normal 0 0 -1
    outer loop
      vertex 7.36235 8.3523 0
      vertex 7.53576 28.7066 0
      vertex 7.53576 8.29343 0
    endloop
  endfacet
  facet normal 0 0 -1
    outer loop
      vertex 7.36235 8.3523 0
      vertex 7.36235 28.6477 0
      vertex 7.53576 28.7066 0
    endloop
  endfacet
  facet normal 0 0 -1
    outer loop
      vertex 7.18274 8.38802 0
      vertex 7.36235 28.6477 0
      vertex 7.36235 8.3523 0
    endloop
  endfacet
  facet normal 0 0 -1
    outer loop
      vertex 7.18274 8.38802 0
      vertex 7.18274 28.612 0
      vertex 7.36235 28.6477 0
    endloop
  endfacet
  facet normal 0 0 -1
    outer loop
      vertex 7 8.4 0
      vertex 7.18274 28.612 0
      vertex 7.18274 8.38802 0
    endloop
  endfacet
  facet normal 0 0 -1
    outer loop
      vertex 7 8.4 0
      vertex 7 28.6 0
      vertex 7.18274 28.612 0
    endloop
  endfacet
  facet normal 0 0 -1
    outer loop
      vertex 6.81726 8.38802 0
      vertex 7 28.6 0
      vertex 7 8.4 0
    endloop
  endfacet
  facet normal 0 0 -1
    outer loop
      vertex 6.81726 8.38802 0
      vertex 6.81726 28.612 0
      vertex 7 28.6 0
    endloop
  endfacet
  facet normal 0 0 -1
    outer loop
      vertex 6.63765 8.3523 0
      vertex 6.81726 28.612 0
      vertex 6.81726 8.38802 0
    endloop
  endfacet
  facet normal 0 0 -1
    outer loop
      vertex 6.63765 8.3523 0
      vertex 6.63765 28.6477 0
      vertex 6.81726 28.612 0
    endloop
  endfacet
  facet normal 0 0 -1
    outer loop
      vertex 6.46424 8.29343 0
      vertex 6.63765 28.6477 0
      vertex 6.63765 8.3523 0
    endloop
  endfacet
  facet normal 0 0 -1
    outer loop
      vertex 6.46424 8.29343 0
      vertex 6.46424 28.7066 0
      vertex 6.63765 28.6477 0
    endloop
  endfacet
  facet normal 0 0 -1
    outer loop
      vertex 6.3 8.21243 0
      vertex 6.46424 28.7066 0
      vertex 6.46424 8.29343 0
    endloop
  endfacet
  facet normal 0 0 -1
    outer loop
      vertex 6.3 8.21243 0
      vertex 6.3 28.7876 0
      vertex 6.46424 28.7066 0
    endloop
  endfacet
  facet normal 0 0 -1
    outer loop
      vertex 6.14773 8.11069 0
      vertex 6.3 28.7876 0
      vertex 6.3 8.21243 0
    endloop
  endfacet
  facet normal 0 0 -1
    outer loop
      vertex 6.14773 8.11069 0
      vertex 6.14773 28.8893 0
      vertex 6.3 28.7876 0
    endloop
  endfacet
  facet normal 0 0 -1
    outer loop
      vertex 3.5 6.5 0
      vertex 6.14773 8.11069 0
      vertex 6.01005 7.98995 0
    endloop
  endfacet
  facet normal -0 0 -1
    outer loop
      vertex 6.14773 8.11069 0
      vertex 3.5 6.5 0
      vertex 6.14773 28.8893 0
    endloop
  endfacet
  facet normal 0 0 -1
    outer loop
      vertex 3.5 6.5 0
      vertex 6.01005 7.98995 0
      vertex 5.88931 7.85227 0
    endloop
  endfacet
  facet normal 0 0 -1
    outer loop
      vertex 3.5 30.5 0
      vertex 6.14773 28.8893 0
      vertex 3.5 6.5 0
    endloop
  endfacet
  facet normal 0 0 -1
    outer loop
      vertex 3.5 6.5 0
      vertex 5.88931 7.85227 0
      vertex 5.78756 7.7 0
    endloop
  endfacet
  facet normal 0 0 -1
    outer loop
      vertex 6.14773 28.8893 0
      vertex 3.5 30.5 0
      vertex 6.01005 29.01 0
    endloop
  endfacet
  facet normal 0 0 -1
    outer loop
      vertex 3.5 6.5 0
      vertex 5.78756 7.7 0
      vertex 5.70657 7.53576 0
    endloop
  endfacet
  facet normal 0 0 -1
    outer loop
      vertex 6.01005 29.01 0
      vertex 3.5 30.5 0
      vertex 5.88931 29.1477 0
    endloop
  endfacet
  facet normal 0 0 -1
    outer loop
      vertex 3.5 6.5 0
      vertex 5.70657 7.53576 0
      vertex 5.6477 7.36235 0
    endloop
  endfacet
  facet normal 0 0 -1
    outer loop
      vertex 5.88931 29.1477 0
      vertex 3.5 30.5 0
      vertex 5.78756 29.3 0
    endloop
  endfacet
  facet normal 0 0 -1
    outer loop
      vertex 3.5 6.5 0
      vertex 5.6477 7.36235 0
      vertex 5.61198 7.18274 0
    endloop
  endfacet
  facet normal 0 0 -1
    outer loop
      vertex 5.78756 29.3 0
      vertex 3.5 30.5 0
      vertex 5.70657 29.4642 0
    endloop
  endfacet
  facet normal 0 0 -1
    outer loop
      vertex 3.5 6.5 0
      vertex 5.61198 7.18274 0
      vertex 5.6 7 0
    endloop
  endfacet
  facet normal 0 0 -1
    outer loop
      vertex 5.70657 29.4642 0
      vertex 3.5 30.5 0
      vertex 5.6477 29.6377 0
    endloop
  endfacet
  facet normal 0 0 -1
    outer loop
      vertex 66.2934 7.53576 0
      vertex 68.5 6.5 0
      vertex 66.3523 7.36235 0
    endloop
  endfacet
  facet normal 0 0 -1
    outer loop
      vertex 68.5 30.5 0
      vertex 66.388 29.8173 0
      vertex 66.4 30 0
    endloop
  endfacet
  facet normal 0 0 -1
    outer loop
      vertex 66.2124 7.7 0
      vertex 68.5 6.5 0
      vertex 66.2934 7.53576 0
    endloop
  endfacet
  facet normal 0 0 -1
    outer loop
      vertex 68.5 30.5 0
      vertex 66.3523 29.6377 0
      vertex 66.388 29.8173 0
    endloop
  endfacet
  facet normal 0 0 -1
    outer loop
      vertex 66.1107 7.85227 0
      vertex 68.5 6.5 0
      vertex 66.2124 7.7 0
    endloop
  endfacet
  facet normal 0 0 -1
    outer loop
      vertex 68.5 30.5 0
      vertex 66.2934 29.4642 0
      vertex 66.3523 29.6377 0
    endloop
  endfacet
  facet normal 0 0 -1
    outer loop
      vertex 65.99 7.98995 0
      vertex 68.5 6.5 0
      vertex 66.1107 7.85227 0
    endloop
  endfacet
  facet normal 0 0 -1
    outer loop
      vertex 68.5 30.5 0
      vertex 66.2124 29.3 0
      vertex 66.2934 29.4642 0
    endloop
  endfacet
  facet normal 0 0 -1
    outer loop
      vertex 65.8523 8.11069 0
      vertex 68.5 6.5 0
      vertex 65.99 7.98995 0
    endloop
  endfacet
  facet normal 0 0 -1
    outer loop
      vertex 68.5 30.5 0
      vertex 66.1107 29.1477 0
      vertex 66.2124 29.3 0
    endloop
  endfacet
  facet normal 0 0 -1
    outer loop
      vertex 68.5 6.5 0
      vertex 65.8523 8.11069 0
      vertex 68.5 30.5 0
    endloop
  endfacet
  facet normal 0 0 -1
    outer loop
      vertex 68.5 30.5 0
      vertex 65.99 29.01 0
      vertex 66.1107 29.1477 0
    endloop
  endfacet
  facet normal 0 0 -1
    outer loop
      vertex 65.8523 28.8893 0
      vertex 68.5 30.5 0
      vertex 65.8523 8.11069 0
    endloop
  endfacet
  facet normal 0 0 -1
    outer loop
      vertex 68.5 30.5 0
      vertex 65.8523 28.8893 0
      vertex 65.99 29.01 0
    endloop
  endfacet
  facet normal 0 0 -1
    outer loop
      vertex 65.7 8.21243 0
      vertex 65.8523 28.8893 0
      vertex 65.8523 8.11069 0
    endloop
  endfacet
  facet normal 0 0 -1
    outer loop
      vertex 65.7 8.21243 0
      vertex 65.7 28.7876 0
      vertex 65.8523 28.8893 0
    endloop
  endfacet
  facet normal 0 0 -1
    outer loop
      vertex 65.5358 8.29343 0
      vertex 65.7 28.7876 0
      vertex 65.7 8.21243 0
    endloop
  endfacet
  facet normal 0 0 -1
    outer loop
      vertex 65.5358 8.29343 0
      vertex 65.5358 28.7066 0
      vertex 65.7 28.7876 0
    endloop
  endfacet
  facet normal 0 0 -1
    outer loop
      vertex 65.3624 8.3523 0
      vertex 65.5358 28.7066 0
      vertex 65.5358 8.29343 0
    endloop
  endfacet
  facet normal 0 0 -1
    outer loop
      vertex 65.3624 8.3523 0
      vertex 65.3624 28.6477 0
      vertex 65.5358 28.7066 0
    endloop
  endfacet
  facet normal 0 0 -1
    outer loop
      vertex 65.1827 8.38802 0
      vertex 65.3624 28.6477 0
      vertex 65.3624 8.3523 0
    endloop
  endfacet
  facet normal 0 0 -1
    outer loop
      vertex 65.1827 8.38802 0
      vertex 65.1827 28.612 0
      vertex 65.3624 28.6477 0
    endloop
  endfacet
  facet normal 0 0 -1
    outer loop
      vertex 65 8.4 0
      vertex 65.1827 28.612 0
      vertex 65.1827 8.38802 0
    endloop
  endfacet
  facet normal 0 0 -1
    outer loop
      vertex 65 8.4 0
      vertex 65 28.6 0
      vertex 65.1827 28.612 0
    endloop
  endfacet
  facet normal 0 0 -1
    outer loop
      vertex 64.8173 8.38802 0
      vertex 65 28.6 0
      vertex 65 8.4 0
    endloop
  endfacet
  facet normal 0 0 -1
    outer loop
      vertex 64.8173 8.38802 0
      vertex 64.8173 28.612 0
      vertex 65 28.6 0
    endloop
  endfacet
  facet normal 0 0 -1
    outer loop
      vertex 64.6376 8.3523 0
      vertex 64.8173 28.612 0
      vertex 64.8173 8.38802 0
    endloop
  endfacet
  facet normal 0 0 -1
    outer loop
      vertex 64.6376 8.3523 0
      vertex 64.6376 28.6477 0
      vertex 64.8173 28.612 0
    endloop
  endfacet
  facet normal 0 0 -1
    outer loop
      vertex 64.4642 8.29343 0
      vertex 64.6376 28.6477 0
      vertex 64.6376 8.3523 0
    endloop
  endfacet
  facet normal 0 0 -1
    outer loop
      vertex 64.4642 8.29343 0
      vertex 64.4642 28.7066 0
      vertex 64.6376 28.6477 0
    endloop
  endfacet
  facet normal 0 0 -1
    outer loop
      vertex 64.3 8.21243 0
      vertex 64.4642 28.7066 0
      vertex 64.4642 8.29343 0
    endloop
  endfacet
  facet normal 0 0 -1
    outer loop
      vertex 64.3 8.21243 0
      vertex 64.3 28.7876 0
      vertex 64.4642 28.7066 0
    endloop
  endfacet
  facet normal 0 0 -1
    outer loop
      vertex 64.1477 8.11069 0
      vertex 64.3 28.7876 0
      vertex 64.3 8.21243 0
    endloop
  endfacet
  facet normal 0 0 -1
    outer loop
      vertex 64.1477 8.11069 0
      vertex 64.1477 28.8893 0
      vertex 64.3 28.7876 0
    endloop
  endfacet
  facet normal 0 0 -1
    outer loop
      vertex 64.01 7.98995 0
      vertex 64.1477 28.8893 0
      vertex 64.1477 8.11069 0
    endloop
  endfacet
  facet normal 0 0 -1
    outer loop
      vertex 64.01 7.98995 0
      vertex 64.01 29.01 0
      vertex 64.1477 28.8893 0
    endloop
  endfacet
  facet normal 0 0 -1
    outer loop
      vertex 63.8893 7.85227 0
      vertex 64.01 29.01 0
      vertex 64.01 7.98995 0
    endloop
  endfacet
  facet normal 0 0 -1
    outer loop
      vertex 63.8893 7.85227 0
      vertex 63.8893 29.1477 0
      vertex 64.01 29.01 0
    endloop
  endfacet
  facet normal 0 0 -1
    outer loop
      vertex 63.7876 7.7 0
      vertex 63.8893 29.1477 0
      vertex 63.8893 7.85227 0
    endloop
  endfacet
  facet normal 0 0 -1
    outer loop
      vertex 63.7876 7.7 0
      vertex 63.7876 29.3 0
      vertex 63.8893 29.1477 0
    endloop
  endfacet
  facet normal 0 0 -1
    outer loop
      vertex 63.7066 7.53576 0
      vertex 63.7876 29.3 0
      vertex 63.7876 7.7 0
    endloop
  endfacet
  facet normal 0 0 -1
    outer loop
      vertex 63.7066 7.53576 0
      vertex 63.7066 29.4642 0
      vertex 63.7876 29.3 0
    endloop
  endfacet
  facet normal 0 0 -1
    outer loop
      vertex 63.612 7.18274 0
      vertex 8.38802 7.18274 0
      vertex 63.6477 7.36235 0
    endloop
  endfacet
  facet normal 0 0 -1
    outer loop
      vertex 8.3523 7.36235 0
      vertex 63.6477 7.36235 0
      vertex 8.38802 7.18274 0
    endloop
  endfacet
  facet normal 0 0 -1
    outer loop
      vertex 8.38802 7.18274 0
      vertex 63.612 7.18274 0
      vertex 8.4 7 0
    endloop
  endfacet
  facet normal 0 0 -1
    outer loop
      vertex 63.6477 7.36235 0
      vertex 8.3523 7.36235 0
      vertex 63.7066 7.53576 0
    endloop
  endfacet
  facet normal 0 0 -1
    outer loop
      vertex 8.4 7 0
      vertex 63.612 7.18274 0
      vertex 63.6 7 0
    endloop
  endfacet
  facet normal 0 0 -1
    outer loop
      vertex 63.7066 29.4642 0
      vertex 8.4 30 0
      vertex 63.6477 29.6377 0
    endloop
  endfacet
  facet normal 0 0 -1
    outer loop
      vertex 66.3523 6.63765 0
      vertex 68.5 6.5 0
      vertex 68.4743 6.10841 0
    endloop
  endfacet
  facet normal 0 0 -1
    outer loop
      vertex 66.388 7.18274 0
      vertex 68.5 6.5 0
      vertex 66.4 7 0
    endloop
  endfacet
  facet normal 0 0 -1
    outer loop
      vertex 66.2934 6.46424 0
      vertex 68.4743 6.10841 0
      vertex 68.3978 5.72354 0
    endloop
  endfacet
  facet normal 0 0 -1
    outer loop
      vertex 66.3523 7.36235 0
      vertex 68.5 6.5 0
      vertex 66.388 7.18274 0
    endloop
  endfacet
  facet normal 0 0 -1
    outer loop
      vertex 66.2934 6.46424 0
      vertex 68.3978 5.72354 0
      vertex 68.2716 5.35194 0
    endloop
  endfacet
  facet normal 0 0 -1
    outer loop
      vertex 66.388 30.1827 0
      vertex 68.5 30.5 0
      vertex 66.4 30 0
    endloop
  endfacet
  facet normal 0 0 -1
    outer loop
      vertex 66.2124 6.3 0
      vertex 68.2716 5.35194 0
      vertex 68.0981 5 0
    endloop
  endfacet
  facet normal 0 0 -1
    outer loop
      vertex 66.3523 30.3623 0
      vertex 68.5 30.5 0
      vertex 66.388 30.1827 0
    endloop
  endfacet
  facet normal 0 0 -1
    outer loop
      vertex 66.1107 6.14773 0
      vertex 68.0981 5 0
      vertex 67.8801 4.67371 0
    endloop
  endfacet
  facet normal -0 0 -1
    outer loop
      vertex 68.5 30.5 0
      vertex 66.3523 30.3623 0
      vertex 68.4743 30.8916 0
    endloop
  endfacet
  facet normal 0 0 -1
    outer loop
      vertex 65.99 6.01005 0
      vertex 67.8801 4.67371 0
      vertex 67.6213 4.37868 0
    endloop
  endfacet
  facet normal 0 0 -1
    outer loop
      vertex 66.2934 30.5358 0
      vertex 68.4743 30.8916 0
      vertex 66.3523 30.3623 0
    endloop
  endfacet
  facet normal 0 0 -1
    outer loop
      vertex 65.99 6.01005 0
      vertex 67.6213 4.37868 0
      vertex 67.3263 4.11993 0
    endloop
  endfacet
  facet normal -0 0 -1
    outer loop
      vertex 68.4743 30.8916 0
      vertex 66.2934 30.5358 0
      vertex 68.3978 31.2764 0
    endloop
  endfacet
  facet normal 0 0 -1
    outer loop
      vertex 65.8523 5.88931 0
      vertex 67.3263 4.11993 0
      vertex 67 3.90192 0
    endloop
  endfacet
  facet normal -0 0 -1
    outer loop
      vertex 68.3978 31.2764 0
      vertex 66.2934 30.5358 0
      vertex 68.2716 31.648 0
    endloop
  endfacet
  facet normal 0 0 -1
    outer loop
      vertex 65.7 5.78756 0
      vertex 67 3.90192 0
      vertex 66.648 3.72835 0
    endloop
  endfacet
  facet normal 0 0 -1
    outer loop
      vertex 66.2124 30.7 0
      vertex 68.2716 31.648 0
      vertex 66.2934 30.5358 0
    endloop
  endfacet
  facet normal -0 0 -1
    outer loop
      vertex 68.2716 31.648 0
      vertex 66.2124 30.7 0
      vertex 68.0981 32 0
    endloop
  endfacet
  facet normal 0 0 -1
    outer loop
      vertex 68.5 6.5 0
      vertex 66.388 6.81726 0
      vertex 66.4 7 0
    endloop
  endfacet
  facet normal 0 0 -1
    outer loop
      vertex 68.5 6.5 0
      vertex 66.3523 6.63765 0
      vertex 66.388 6.81726 0
    endloop
  endfacet
  facet normal 0 0 -1
    outer loop
      vertex 68.4743 6.10841 0
      vertex 66.2934 6.46424 0
      vertex 66.3523 6.63765 0
    endloop
  endfacet
  facet normal 0 0 -1
    outer loop
      vertex 65.5358 5.70657 0
      vertex 66.648 3.72835 0
      vertex 66.2764 3.60222 0
    endloop
  endfacet
  facet normal 0 0 -1
    outer loop
      vertex 68.2716 5.35194 0
      vertex 66.2124 6.3 0
      vertex 66.2934 6.46424 0
    endloop
  endfacet
  facet normal 0 0 -1
    outer loop
      vertex 68.0981 5 0
      vertex 66.1107 6.14773 0
      vertex 66.2124 6.3 0
    endloop
  endfacet
  facet normal 0 0 -1
    outer loop
      vertex 67.8801 4.67371 0
      vertex 65.99 6.01005 0
      vertex 66.1107 6.14773 0
    endloop
  endfacet
  facet normal 0 0 -1
    outer loop
      vertex 65.5358 5.70657 0
      vertex 66.2764 3.60222 0
      vertex 65.8916 3.52567 0
    endloop
  endfacet
  facet normal 0 0 -1
    outer loop
      vertex 67.3263 4.11993 0
      vertex 65.8523 5.88931 0
      vertex 65.99 6.01005 0
    endloop
  endfacet
  facet normal 0 0 -1
    outer loop
      vertex 67 3.90192 0
      vertex 65.7 5.78756 0
      vertex 65.8523 5.88931 0
    endloop
  endfacet
  facet normal 0 0 -1
    outer loop
      vertex 66.648 3.72835 0
      vertex 65.5358 5.70657 0
      vertex 65.7 5.78756 0
    endloop
  endfacet
  facet normal 0 0 -1
    outer loop
      vertex 65.3624 5.6477 0
      vertex 65.8916 3.52567 0
      vertex 65.5 3.5 0
    endloop
  endfacet
  facet normal 0 0 -1
    outer loop
      vertex 65.8916 3.52567 0
      vertex 65.3624 5.6477 0
      vertex 65.5358 5.70657 0
    endloop
  endfacet
  facet normal 0 0 -1
    outer loop
      vertex 65.5 3.5 0
      vertex 65.1827 5.61198 0
      vertex 65.3624 5.6477 0
    endloop
  endfacet
  facet normal 0 0 -1
    outer loop
      vertex 65.5 3.5 0
      vertex 65 5.6 0
      vertex 65.1827 5.61198 0
    endloop
  endfacet
  facet normal 0 0 -1
    outer loop
      vertex 65.5 3.5 0
      vertex 64.8173 5.61198 0
      vertex 65 5.6 0
    endloop
  endfacet
  facet normal 0 0 -1
    outer loop
      vertex 65.5 3.5 0
      vertex 64.6376 5.6477 0
      vertex 64.8173 5.61198 0
    endloop
  endfacet
  facet normal 0 0 -1
    outer loop
      vertex 65.5 3.5 0
      vertex 64.4642 5.70657 0
      vertex 64.6376 5.6477 0
    endloop
  endfacet
  facet normal 0 0 -1
    outer loop
      vertex 65.5 3.5 0
      vertex 64.3 5.78756 0
      vertex 64.4642 5.70657 0
    endloop
  endfacet
  facet normal 0 0 -1
    outer loop
      vertex 65.5 3.5 0
      vertex 64.1477 5.88931 0
      vertex 64.3 5.78756 0
    endloop
  endfacet
  facet normal 0 0 -1
    outer loop
      vertex 65.5 3.5 0
      vertex 64.01 6.01005 0
      vertex 64.1477 5.88931 0
    endloop
  endfacet
  facet normal 0 0 -1
    outer loop
      vertex 65.5 3.5 0
      vertex 63.8893 6.14773 0
      vertex 64.01 6.01005 0
    endloop
  endfacet
  facet normal 0 0 -1
    outer loop
      vertex 65.5 3.5 0
      vertex 63.7876 6.3 0
      vertex 63.8893 6.14773 0
    endloop
  endfacet
  facet normal 0 0 -1
    outer loop
      vertex 63.6477 29.6377 0
      vertex 8.4 30 0
      vertex 63.612 29.8173 0
    endloop
  endfacet
  facet normal 0 0 -1
    outer loop
      vertex 63.612 6.81726 0
      vertex 8.4 7 0
      vertex 63.6 7 0
    endloop
  endfacet
  facet normal 0 0 -1
    outer loop
      vertex 8.38802 6.81726 0
      vertex 63.612 6.81726 0
      vertex 63.6477 6.63765 0
    endloop
  endfacet
  facet normal 0 0 -1
    outer loop
      vertex 8.3523 6.63765 0
      vertex 63.6477 6.63765 0
      vertex 63.7066 6.46424 0
    endloop
  endfacet
  facet normal 0 0 -1
    outer loop
      vertex 8.29343 6.46424 0
      vertex 63.7066 6.46424 0
      vertex 63.7876 6.3 0
    endloop
  endfacet
  facet normal 0 0 -1
    outer loop
      vertex 8.21243 6.3 0
      vertex 63.7876 6.3 0
      vertex 65.5 3.5 0
    endloop
  endfacet
  facet normal 0 0 -1
    outer loop
      vertex 63.612 6.81726 0
      vertex 8.38802 6.81726 0
      vertex 8.4 7 0
    endloop
  endfacet
  facet normal 0 0 -1
    outer loop
      vertex 63.6477 6.63765 0
      vertex 8.3523 6.63765 0
      vertex 8.38802 6.81726 0
    endloop
  endfacet
  facet normal 0 0 -1
    outer loop
      vertex 63.7066 6.46424 0
      vertex 8.29343 6.46424 0
      vertex 8.3523 6.63765 0
    endloop
  endfacet
  facet normal 0 0 -1
    outer loop
      vertex 63.7876 6.3 0
      vertex 8.21243 6.3 0
      vertex 8.29343 6.46424 0
    endloop
  endfacet
  facet normal 0 0 -1
    outer loop
      vertex 65.5 3.5 0
      vertex 8.11069 6.14773 0
      vertex 8.21243 6.3 0
    endloop
  endfacet
  facet normal 0 0 -1
    outer loop
      vertex 6.5 3.5 0
      vertex 8.11069 6.14773 0
      vertex 65.5 3.5 0
    endloop
  endfacet
  facet normal 0 0 -1
    outer loop
      vertex 8.11069 6.14773 0
      vertex 6.5 3.5 0
      vertex 7.98995 6.01005 0
    endloop
  endfacet
  facet normal 0 0 -1
    outer loop
      vertex 7.98995 6.01005 0
      vertex 6.5 3.5 0
      vertex 7.85227 5.88931 0
    endloop
  endfacet
  facet normal 0 0 -1
    outer loop
      vertex 7.85227 5.88931 0
      vertex 6.5 3.5 0
      vertex 7.7 5.78756 0
    endloop
  endfacet
  facet normal 0 0 -1
    outer loop
      vertex 7.7 5.78756 0
      vertex 6.5 3.5 0
      vertex 7.53576 5.70657 0
    endloop
  endfacet
  facet normal 0 0 -1
    outer loop
      vertex 7.53576 5.70657 0
      vertex 6.5 3.5 0
      vertex 7.36235 5.6477 0
    endloop
  endfacet
  facet normal 0 0 -1
    outer loop
      vertex 7.36235 5.6477 0
      vertex 6.5 3.5 0
      vertex 7.18274 5.61198 0
    endloop
  endfacet
  facet normal 0 0 -1
    outer loop
      vertex 7.18274 5.61198 0
      vertex 6.5 3.5 0
      vertex 7 5.6 0
    endloop
  endfacet
  facet normal 0 0 -1
    outer loop
      vertex 6.5 3.5 0
      vertex 6.81726 5.61198 0
      vertex 7 5.6 0
    endloop
  endfacet
  facet normal 0 0 -1
    outer loop
      vertex 6.5 3.5 0
      vertex 6.63765 5.6477 0
      vertex 6.81726 5.61198 0
    endloop
  endfacet
  facet normal 0 0 -1
    outer loop
      vertex 6.10841 3.52567 0
      vertex 6.63765 5.6477 0
      vertex 6.5 3.5 0
    endloop
  endfacet
  facet normal -0 0 -1
    outer loop
      vertex 6.63765 5.6477 0
      vertex 6.10841 3.52567 0
      vertex 6.46424 5.70657 0
    endloop
  endfacet
  facet normal 0 0 -1
    outer loop
      vertex 5.72354 3.60222 0
      vertex 6.46424 5.70657 0
      vertex 6.10841 3.52567 0
    endloop
  endfacet
  facet normal 0 0 -1
    outer loop
      vertex 5.35194 3.72835 0
      vertex 6.46424 5.70657 0
      vertex 5.72354 3.60222 0
    endloop
  endfacet
  facet normal -0 0 -1
    outer loop
      vertex 6.46424 5.70657 0
      vertex 5.35194 3.72835 0
      vertex 6.3 5.78756 0
    endloop
  endfacet
  facet normal 0 0 -1
    outer loop
      vertex 5 3.90192 0
      vertex 6.3 5.78756 0
      vertex 5.35194 3.72835 0
    endloop
  endfacet
  facet normal -0 0 -1
    outer loop
      vertex 6.3 5.78756 0
      vertex 5 3.90192 0
      vertex 6.14773 5.88931 0
    endloop
  endfacet
  facet normal 0 0 -1
    outer loop
      vertex 4.67371 4.11993 0
      vertex 6.14773 5.88931 0
      vertex 5 3.90192 0
    endloop
  endfacet
  facet normal -0 0 -1
    outer loop
      vertex 6.14773 5.88931 0
      vertex 4.67371 4.11993 0
      vertex 6.01005 6.01005 0
    endloop
  endfacet
  facet normal 0 0 -1
    outer loop
      vertex 4.37868 4.37868 0
      vertex 6.01005 6.01005 0
      vertex 4.67371 4.11993 0
    endloop
  endfacet
  facet normal 0 0 -1
    outer loop
      vertex 4.11993 4.67371 0
      vertex 6.01005 6.01005 0
      vertex 4.37868 4.37868 0
    endloop
  endfacet
  facet normal -0 0 -1
    outer loop
      vertex 6.01005 6.01005 0
      vertex 4.11993 4.67371 0
      vertex 5.88931 6.14773 0
    endloop
  endfacet
  facet normal -0 0 -1
    outer loop
      vertex 5.88931 6.14773 0
      vertex 3.90192 5 0
      vertex 5.78756 6.3 0
    endloop
  endfacet
  facet normal 0 0 -1
    outer loop
      vertex 3.90192 5 0
      vertex 5.88931 6.14773 0
      vertex 4.11993 4.67371 0
    endloop
  endfacet
  facet normal 0 0 -1
    outer loop
      vertex 66.1107 30.8523 0
      vertex 68.0981 32 0
      vertex 66.2124 30.7 0
    endloop
  endfacet
  facet normal -0 0 -1
    outer loop
      vertex 68.0981 32 0
      vertex 66.1107 30.8523 0
      vertex 67.8801 32.3263 0
    endloop
  endfacet
  facet normal 0 0 -1
    outer loop
      vertex 65.99 30.9899 0
      vertex 67.8801 32.3263 0
      vertex 66.1107 30.8523 0
    endloop
  endfacet
  facet normal -0 0 -1
    outer loop
      vertex 67.8801 32.3263 0
      vertex 65.99 30.9899 0
      vertex 67.6213 32.6213 0
    endloop
  endfacet
  facet normal -0 0 -1
    outer loop
      vertex 67.6213 32.6213 0
      vertex 65.99 30.9899 0
      vertex 67.3263 32.8801 0
    endloop
  endfacet
  facet normal 0 0 -1
    outer loop
      vertex 65.8523 31.1107 0
      vertex 67.3263 32.8801 0
      vertex 65.99 30.9899 0
    endloop
  endfacet
  facet normal -0 0 -1
    outer loop
      vertex 67.3263 32.8801 0
      vertex 65.8523 31.1107 0
      vertex 67 33.0981 0
    endloop
  endfacet
  facet normal 0 0 -1
    outer loop
      vertex 65.7 31.2124 0
      vertex 67 33.0981 0
      vertex 65.8523 31.1107 0
    endloop
  endfacet
  facet normal -0 0 -1
    outer loop
      vertex 67 33.0981 0
      vertex 65.7 31.2124 0
      vertex 66.648 33.2716 0
    endloop
  endfacet
  facet normal 0 0 -1
    outer loop
      vertex 65.5358 31.2934 0
      vertex 66.648 33.2716 0
      vertex 65.7 31.2124 0
    endloop
  endfacet
  facet normal -0 0 -1
    outer loop
      vertex 66.648 33.2716 0
      vertex 65.5358 31.2934 0
      vertex 66.2764 33.3978 0
    endloop
  endfacet
  facet normal -0 0 -1
    outer loop
      vertex 66.2764 33.3978 0
      vertex 65.5358 31.2934 0
      vertex 65.8916 33.4743 0
    endloop
  endfacet
  facet normal 0 0 -1
    outer loop
      vertex 65.3624 31.3523 0
      vertex 65.8916 33.4743 0
      vertex 65.5358 31.2934 0
    endloop
  endfacet
  facet normal -0 0 -1
    outer loop
      vertex 65.8916 33.4743 0
      vertex 65.3624 31.3523 0
      vertex 65.5 33.5 0
    endloop
  endfacet
  facet normal 0 0 -1
    outer loop
      vertex 65.1827 31.388 0
      vertex 65.5 33.5 0
      vertex 65.3624 31.3523 0
    endloop
  endfacet
  facet normal 0 0 -1
    outer loop
      vertex 65 31.4 0
      vertex 65.5 33.5 0
      vertex 65.1827 31.388 0
    endloop
  endfacet
  facet normal 0 0 -1
    outer loop
      vertex 64.8173 31.388 0
      vertex 65.5 33.5 0
      vertex 65 31.4 0
    endloop
  endfacet
  facet normal 0 0 -1
    outer loop
      vertex 64.6376 31.3523 0
      vertex 65.5 33.5 0
      vertex 64.8173 31.388 0
    endloop
  endfacet
  facet normal 0 0 -1
    outer loop
      vertex 64.4642 31.2934 0
      vertex 65.5 33.5 0
      vertex 64.6376 31.3523 0
    endloop
  endfacet
  facet normal 0 0 -1
    outer loop
      vertex 64.3 31.2124 0
      vertex 65.5 33.5 0
      vertex 64.4642 31.2934 0
    endloop
  endfacet
  facet normal 0 0 -1
    outer loop
      vertex 64.1477 31.1107 0
      vertex 65.5 33.5 0
      vertex 64.3 31.2124 0
    endloop
  endfacet
  facet normal 0 0 -1
    outer loop
      vertex 64.01 30.9899 0
      vertex 65.5 33.5 0
      vertex 64.1477 31.1107 0
    endloop
  endfacet
  facet normal 0 0 -1
    outer loop
      vertex 63.8893 30.8523 0
      vertex 65.5 33.5 0
      vertex 64.01 30.9899 0
    endloop
  endfacet
  facet normal 0 0 -1
    outer loop
      vertex 63.7876 30.7 0
      vertex 65.5 33.5 0
      vertex 63.8893 30.8523 0
    endloop
  endfacet
  facet normal 0 0 -1
    outer loop
      vertex 63.612 29.8173 0
      vertex 8.4 30 0
      vertex 63.6 30 0
    endloop
  endfacet
  facet normal 0 0 -1
    outer loop
      vertex 63.6 30 0
      vertex 8.4 30 0
      vertex 63.612 30.1827 0
    endloop
  endfacet
  facet normal 0 0 -1
    outer loop
      vertex 8.38802 30.1827 0
      vertex 63.612 30.1827 0
      vertex 8.4 30 0
    endloop
  endfacet
  facet normal 0 0 -1
    outer loop
      vertex 63.612 30.1827 0
      vertex 8.38802 30.1827 0
      vertex 63.6477 30.3623 0
    endloop
  endfacet
  facet normal 0 0 -1
    outer loop
      vertex 8.3523 30.3623 0
      vertex 63.6477 30.3623 0
      vertex 8.38802 30.1827 0
    endloop
  endfacet
  facet normal 0 0 -1
    outer loop
      vertex 63.6477 30.3623 0
      vertex 8.3523 30.3623 0
      vertex 63.7066 30.5358 0
    endloop
  endfacet
  facet normal 0 0 -1
    outer loop
      vertex 8.29343 30.5358 0
      vertex 63.7066 30.5358 0
      vertex 8.3523 30.3623 0
    endloop
  endfacet
  facet normal 0 0 -1
    outer loop
      vertex 63.7066 30.5358 0
      vertex 8.29343 30.5358 0
      vertex 63.7876 30.7 0
    endloop
  endfacet
  facet normal 0 0 -1
    outer loop
      vertex 8.21243 30.7 0
      vertex 63.7876 30.7 0
      vertex 8.29343 30.5358 0
    endloop
  endfacet
  facet normal 0 0 -1
    outer loop
      vertex 63.7876 30.7 0
      vertex 8.21243 30.7 0
      vertex 65.5 33.5 0
    endloop
  endfacet
  facet normal 0 0 -1
    outer loop
      vertex 8.11069 30.8523 0
      vertex 65.5 33.5 0
      vertex 8.21243 30.7 0
    endloop
  endfacet
  facet normal 0 0 -1
    outer loop
      vertex 6.5 33.5 0
      vertex 8.11069 30.8523 0
      vertex 7.98995 30.9899 0
    endloop
  endfacet
  facet normal 0 0 -1
    outer loop
      vertex 6.5 33.5 0
      vertex 7.98995 30.9899 0
      vertex 7.85227 31.1107 0
    endloop
  endfacet
  facet normal 0 0 -1
    outer loop
      vertex 6.5 33.5 0
      vertex 7.85227 31.1107 0
      vertex 7.7 31.2124 0
    endloop
  endfacet
  facet normal 0 0 -1
    outer loop
      vertex 6.5 33.5 0
      vertex 7.7 31.2124 0
      vertex 7.53576 31.2934 0
    endloop
  endfacet
  facet normal 0 0 -1
    outer loop
      vertex 6.5 33.5 0
      vertex 7.53576 31.2934 0
      vertex 7.36235 31.3523 0
    endloop
  endfacet
  facet normal 0 0 -1
    outer loop
      vertex 6.5 33.5 0
      vertex 7.36235 31.3523 0
      vertex 7.18274 31.388 0
    endloop
  endfacet
  facet normal 0 0 -1
    outer loop
      vertex 6.5 33.5 0
      vertex 7.18274 31.388 0
      vertex 7 31.4 0
    endloop
  endfacet
  facet normal 0 0 -1
    outer loop
      vertex 8.11069 30.8523 0
      vertex 6.5 33.5 0
      vertex 65.5 33.5 0
    endloop
  endfacet
  facet normal 0 0 -1
    outer loop
      vertex 6.81726 31.388 0
      vertex 6.5 33.5 0
      vertex 7 31.4 0
    endloop
  endfacet
  facet normal 0 0 -1
    outer loop
      vertex 6.63765 31.3523 0
      vertex 6.5 33.5 0
      vertex 6.81726 31.388 0
    endloop
  endfacet
  facet normal 0 0 -1
    outer loop
      vertex 6.10841 33.4743 0
      vertex 6.63765 31.3523 0
      vertex 6.46424 31.2934 0
    endloop
  endfacet
  facet normal 0 0 -1
    outer loop
      vertex 5.35194 33.2716 0
      vertex 6.46424 31.2934 0
      vertex 6.3 31.2124 0
    endloop
  endfacet
  facet normal 0 0 -1
    outer loop
      vertex 5 33.0981 0
      vertex 6.3 31.2124 0
      vertex 6.14773 31.1107 0
    endloop
  endfacet
  facet normal 0 0 -1
    outer loop
      vertex 6.63765 31.3523 0
      vertex 6.10841 33.4743 0
      vertex 6.5 33.5 0
    endloop
  endfacet
  facet normal 0 0 -1
    outer loop
      vertex 4.67371 32.8801 0
      vertex 6.14773 31.1107 0
      vertex 6.01005 30.9899 0
    endloop
  endfacet
  facet normal 0 0 -1
    outer loop
      vertex 4.11993 32.3263 0
      vertex 6.01005 30.9899 0
      vertex 5.88931 30.8523 0
    endloop
  endfacet
  facet normal 0 0 -1
    outer loop
      vertex 3.90192 32 0
      vertex 5.88931 30.8523 0
      vertex 5.78756 30.7 0
    endloop
  endfacet
  facet normal 0 0 -1
    outer loop
      vertex 6.46424 31.2934 0
      vertex 5.72354 33.3978 0
      vertex 6.10841 33.4743 0
    endloop
  endfacet
  facet normal 0 0 -1
    outer loop
      vertex 3.72835 31.648 0
      vertex 5.78756 30.7 0
      vertex 5.70657 30.5358 0
    endloop
  endfacet
  facet normal 0 0 -1
    outer loop
      vertex 3.52567 30.8916 0
      vertex 5.70657 30.5358 0
      vertex 5.6477 30.3623 0
    endloop
  endfacet
  facet normal 0 0 -1
    outer loop
      vertex 3.5 30.5 0
      vertex 5.6477 30.3623 0
      vertex 5.61198 30.1827 0
    endloop
  endfacet
  facet normal 0 0 -1
    outer loop
      vertex 3.5 30.5 0
      vertex 5.61198 30.1827 0
      vertex 5.6 30 0
    endloop
  endfacet
  facet normal 0 0 -1
    outer loop
      vertex 6.46424 31.2934 0
      vertex 5.35194 33.2716 0
      vertex 5.72354 33.3978 0
    endloop
  endfacet
  facet normal 0 0 -1
    outer loop
      vertex 5.6477 29.6377 0
      vertex 3.5 30.5 0
      vertex 5.61198 29.8173 0
    endloop
  endfacet
  facet normal 0 0 -1
    outer loop
      vertex 3.72835 5.35194 0
      vertex 5.78756 6.3 0
      vertex 3.90192 5 0
    endloop
  endfacet
  facet normal 0 0 -1
    outer loop
      vertex 5.61198 29.8173 0
      vertex 3.5 30.5 0
      vertex 5.6 30 0
    endloop
  endfacet
  facet normal -0 0 -1
    outer loop
      vertex 5.78756 6.3 0
      vertex 3.72835 5.35194 0
      vertex 5.70657 6.46424 0
    endloop
  endfacet
  facet normal 0 0 -1
    outer loop
      vertex 5.6477 30.3623 0
      vertex 3.5 30.5 0
      vertex 3.52567 30.8916 0
    endloop
  endfacet
  facet normal 0 0 -1
    outer loop
      vertex 3.60222 5.72354 0
      vertex 5.70657 6.46424 0
      vertex 3.72835 5.35194 0
    endloop
  endfacet
  facet normal 0 0 -1
    outer loop
      vertex 6.3 31.2124 0
      vertex 5 33.0981 0
      vertex 5.35194 33.2716 0
    endloop
  endfacet
  facet normal 0 0 -1
    outer loop
      vertex 3.52567 6.10841 0
      vertex 5.70657 6.46424 0
      vertex 3.60222 5.72354 0
    endloop
  endfacet
  facet normal 0 0 -1
    outer loop
      vertex 6.14773 31.1107 0
      vertex 4.67371 32.8801 0
      vertex 5 33.0981 0
    endloop
  endfacet
  facet normal -0 0 -1
    outer loop
      vertex 5.70657 6.46424 0
      vertex 3.52567 6.10841 0
      vertex 5.6477 6.63765 0
    endloop
  endfacet
  facet normal 0 0 -1
    outer loop
      vertex 6.01005 30.9899 0
      vertex 4.37868 32.6213 0
      vertex 4.67371 32.8801 0
    endloop
  endfacet
  facet normal 0 0 -1
    outer loop
      vertex 3.5 6.5 0
      vertex 5.6477 6.63765 0
      vertex 3.52567 6.10841 0
    endloop
  endfacet
  facet normal 0 0 -1
    outer loop
      vertex 6.01005 30.9899 0
      vertex 4.11993 32.3263 0
      vertex 4.37868 32.6213 0
    endloop
  endfacet
  facet normal -0 0 -1
    outer loop
      vertex 5.6477 6.63765 0
      vertex 3.5 6.5 0
      vertex 5.61198 6.81726 0
    endloop
  endfacet
  facet normal 0 0 -1
    outer loop
      vertex 5.88931 30.8523 0
      vertex 3.90192 32 0
      vertex 4.11993 32.3263 0
    endloop
  endfacet
  facet normal -0 0 -1
    outer loop
      vertex 5.61198 6.81726 0
      vertex 3.5 6.5 0
      vertex 5.6 7 0
    endloop
  endfacet
  facet normal 0 0 -1
    outer loop
      vertex 5.78756 30.7 0
      vertex 3.72835 31.648 0
      vertex 3.90192 32 0
    endloop
  endfacet
  facet normal 0 0 -1
    outer loop
      vertex 5.70657 30.5358 0
      vertex 3.60222 31.2764 0
      vertex 3.72835 31.648 0
    endloop
  endfacet
  facet normal 0 0 -1
    outer loop
      vertex 5.70657 30.5358 0
      vertex 3.52567 30.8916 0
      vertex 3.60222 31.2764 0
    endloop
  endfacet
  facet normal -0.442171 0.896931 0
    outer loop
      vertex 5.35194 33.2716 0
      vertex 5 33.0981 1.2
      vertex 5.35194 33.2716 1.2
    endloop
  endfacet
  facet normal -0.442171 0.896931 0
    outer loop
      vertex 5 33.0981 1.2
      vertex 5.35194 33.2716 0
      vertex 5 33.0981 0
    endloop
  endfacet
  facet normal -0.555553 -0.831481 0
    outer loop
      vertex 4.67371 4.11993 0
      vertex 5 3.90192 1.2
      vertex 4.67371 4.11993 1.2
    endloop
  endfacet
  facet normal -0.555553 -0.831481 -0
    outer loop
      vertex 5 3.90192 1.2
      vertex 4.67371 4.11993 0
      vertex 5 3.90192 0
    endloop
  endfacet
  facet normal -0.065489 0.997853 0
    outer loop
      vertex 6.5 33.5 0
      vertex 6.10841 33.4743 1.2
      vertex 6.5 33.5 1.2
    endloop
  endfacet
  facet normal -0.065489 0.997853 0
    outer loop
      vertex 6.10841 33.4743 1.2
      vertex 6.5 33.5 0
      vertex 6.10841 33.4743 0
    endloop
  endfacet
  facet normal 0.442253 -0.89689 0
    outer loop
      vertex 66.648 3.72835 0
      vertex 67 3.90192 1.2
      vertex 66.648 3.72835 1.2
    endloop
  endfacet
  facet normal 0.442253 -0.89689 0
    outer loop
      vertex 67 3.90192 1.2
      vertex 66.648 3.72835 0
      vertex 67 3.90192 0
    endloop
  endfacet
  facet normal 0.194989 0.980806 -0
    outer loop
      vertex 66.2764 33.3978 0
      vertex 65.8916 33.4743 1.2
      vertex 66.2764 33.3978 1.2
    endloop
  endfacet
  facet normal 0.194989 0.980806 0
    outer loop
      vertex 65.8916 33.4743 1.2
      vertex 66.2764 33.3978 0
      vertex 65.8916 33.4743 0
    endloop
  endfacet
  facet normal 0.896931 -0.442171 0
    outer loop
      vertex 68.0981 5 1.2
      vertex 68.2716 5.35194 0
      vertex 68.2716 5.35194 1.2
    endloop
  endfacet
  facet normal 0.896931 -0.442171 0
    outer loop
      vertex 68.2716 5.35194 0
      vertex 68.0981 5 1.2
      vertex 68.0981 5 0
    endloop
  endfacet
  facet normal 0.831501 0.555523 0
    outer loop
      vertex 68.0981 32 1.2
      vertex 67.8801 32.3263 0
      vertex 67.8801 32.3263 1.2
    endloop
  endfacet
  facet normal 0.831501 0.555523 0
    outer loop
      vertex 67.8801 32.3263 0
      vertex 68.0981 32 1.2
      vertex 68.0981 32 0
    endloop
  endfacet
  facet normal -0.831481 -0.555553 0
    outer loop
      vertex 4.11993 4.67371 0
      vertex 3.90192 5 1.2
      vertex 3.90192 5 0
    endloop
  endfacet
  facet normal -0.831481 -0.555553 0
    outer loop
      vertex 3.90192 5 1.2
      vertex 4.11993 4.67371 0
      vertex 4.11993 4.67371 1.2
    endloop
  endfacet
  facet normal 0.946885 -0.321574 0
    outer loop
      vertex 68.2716 5.35194 1.2
      vertex 68.3978 5.72354 0
      vertex 68.3978 5.72354 1.2
    endloop
  endfacet
  facet normal 0.946885 -0.321574 0
    outer loop
      vertex 68.3978 5.72354 0
      vertex 68.2716 5.35194 1.2
      vertex 68.2716 5.35194 0
    endloop
  endfacet
  facet normal 0.195111 -0.980781 0
    outer loop
      vertex 65.8916 3.52567 0
      vertex 66.2764 3.60222 1.2
      vertex 65.8916 3.52567 1.2
    endloop
  endfacet
  facet normal 0.195111 -0.980781 0
    outer loop
      vertex 66.2764 3.60222 1.2
      vertex 65.8916 3.52567 0
      vertex 66.2764 3.60222 0
    endloop
  endfacet
  facet normal 0.896961 0.44211 0
    outer loop
      vertex 68.2716 31.648 1.2
      vertex 68.0981 32 0
      vertex 68.0981 32 1.2
    endloop
  endfacet
  facet normal 0.896961 0.44211 0
    outer loop
      vertex 68.0981 32 0
      vertex 68.2716 31.648 1.2
      vertex 68.2716 31.648 0
    endloop
  endfacet
  facet normal 0.44211 0.896961 -0
    outer loop
      vertex 67 33.0981 0
      vertex 66.648 33.2716 1.2
      vertex 67 33.0981 1.2
    endloop
  endfacet
  facet normal 0.44211 0.896961 0
    outer loop
      vertex 66.648 33.2716 1.2
      vertex 67 33.0981 0
      vertex 66.648 33.2716 0
    endloop
  endfacet
  facet normal 0.0654112 -0.997858 0
    outer loop
      vertex 65.5 3.5 0
      vertex 65.8916 3.52567 1.2
      vertex 65.5 3.5 1.2
    endloop
  endfacet
  facet normal 0.0654112 -0.997858 0
    outer loop
      vertex 65.8916 3.52567 1.2
      vertex 65.5 3.5 0
      vertex 65.8916 3.52567 0
    endloop
  endfacet
  facet normal -0.65944 0.751757 0
    outer loop
      vertex 4.67371 32.8801 0
      vertex 4.37868 32.6213 1.2
      vertex 4.67371 32.8801 1.2
    endloop
  endfacet
  facet normal -0.65944 0.751757 0
    outer loop
      vertex 4.37868 32.6213 1.2
      vertex 4.67371 32.8801 0
      vertex 4.37868 32.6213 0
    endloop
  endfacet
  facet normal 0.980812 -0.194955 0
    outer loop
      vertex 68.3978 5.72354 1.2
      vertex 68.4743 6.10841 0
      vertex 68.4743 6.10841 1.2
    endloop
  endfacet
  facet normal 0.980812 -0.194955 0
    outer loop
      vertex 68.4743 6.10841 0
      vertex 68.3978 5.72354 1.2
      vertex 68.3978 5.72354 0
    endloop
  endfacet
  facet normal -0.75182 -0.659368 0
    outer loop
      vertex 4.37868 4.37868 0
      vertex 4.11993 4.67371 1.2
      vertex 4.11993 4.67371 0
    endloop
  endfacet
  facet normal -0.75182 -0.659368 0
    outer loop
      vertex 4.11993 4.67371 1.2
      vertex 4.37868 4.37868 0
      vertex 4.37868 4.37868 1.2
    endloop
  endfacet
  facet normal 0.751724 0.659478 0
    outer loop
      vertex 67.8801 32.3263 1.2
      vertex 67.6213 32.6213 0
      vertex 67.6213 32.6213 1.2
    endloop
  endfacet
  facet normal 0.751724 0.659478 0
    outer loop
      vertex 67.6213 32.6213 0
      vertex 67.8801 32.3263 1.2
      vertex 67.8801 32.3263 0
    endloop
  endfacet
  facet normal 0 0 1
    outer loop
      vertex 8.29343 29.4642 1.2
      vertex 63.7066 29.4642 1.2
      vertex 8.3523 29.6377 1.2
    endloop
  endfacet
  facet normal 0 0 1
    outer loop
      vertex 63.7066 7.53576 1.2
      vertex 8.38802 7.18274 1.2
      vertex 8.4 7 1.2
    endloop
  endfacet
  facet normal 0 0 1
    outer loop
      vertex 63.7066 29.4642 1.2
      vertex 8.29343 29.4642 1.2
      vertex 63.7066 7.53576 1.2
    endloop
  endfacet
  facet normal 0 0 1
    outer loop
      vertex 63.7066 7.53576 1.2
      vertex 8.3523 7.36235 1.2
      vertex 8.38802 7.18274 1.2
    endloop
  endfacet
  facet normal 0 0 1
    outer loop
      vertex 8.29343 7.53576 1.2
      vertex 63.7066 7.53576 1.2
      vertex 8.29343 29.4642 1.2
    endloop
  endfacet
  facet normal 0 0 1
    outer loop
      vertex 63.7066 7.53576 1.2
      vertex 8.29343 7.53576 1.2
      vertex 8.3523 7.36235 1.2
    endloop
  endfacet
  facet normal -0 0 1
    outer loop
      vertex 8.21243 29.3 1.2
      vertex 8.29343 7.53576 1.2
      vertex 8.29343 29.4642 1.2
    endloop
  endfacet
  facet normal 0 0 1
    outer loop
      vertex 8.21243 29.3 1.2
      vertex 8.21243 7.7 1.2
      vertex 8.29343 7.53576 1.2
    endloop
  endfacet
  facet normal -0 0 1
    outer loop
      vertex 8.11069 29.1477 1.2
      vertex 8.21243 7.7 1.2
      vertex 8.21243 29.3 1.2
    endloop
  endfacet
  facet normal 0 0 1
    outer loop
      vertex 8.11069 29.1477 1.2
      vertex 8.11069 7.85227 1.2
      vertex 8.21243 7.7 1.2
    endloop
  endfacet
  facet normal -0 0 1
    outer loop
      vertex 7.98995 29.01 1.2
      vertex 8.11069 7.85227 1.2
      vertex 8.11069 29.1477 1.2
    endloop
  endfacet
  facet normal 0 0 1
    outer loop
      vertex 7.98995 29.01 1.2
      vertex 7.98995 7.98995 1.2
      vertex 8.11069 7.85227 1.2
    endloop
  endfacet
  facet normal -0 0 1
    outer loop
      vertex 7.85227 28.8893 1.2
      vertex 7.98995 7.98995 1.2
      vertex 7.98995 29.01 1.2
    endloop
  endfacet
  facet normal 0 0 1
    outer loop
      vertex 7.85227 28.8893 1.2
      vertex 7.85227 8.11069 1.2
      vertex 7.98995 7.98995 1.2
    endloop
  endfacet
  facet normal -0 0 1
    outer loop
      vertex 7.7 28.7876 1.2
      vertex 7.85227 8.11069 1.2
      vertex 7.85227 28.8893 1.2
    endloop
  endfacet
  facet normal 0 0 1
    outer loop
      vertex 7.7 28.7876 1.2
      vertex 7.7 8.21243 1.2
      vertex 7.85227 8.11069 1.2
    endloop
  endfacet
  facet normal -0 0 1
    outer loop
      vertex 7.53576 28.7066 1.2
      vertex 7.7 8.21243 1.2
      vertex 7.7 28.7876 1.2
    endloop
  endfacet
  facet normal 0 0 1
    outer loop
      vertex 7.53576 28.7066 1.2
      vertex 7.53576 8.29343 1.2
      vertex 7.7 8.21243 1.2
    endloop
  endfacet
  facet normal -0 0 1
    outer loop
      vertex 7.36235 28.6477 1.2
      vertex 7.53576 8.29343 1.2
      vertex 7.53576 28.7066 1.2
    endloop
  endfacet
  facet normal 0 0 1
    outer loop
      vertex 7.36235 28.6477 1.2
      vertex 7.36235 8.3523 1.2
      vertex 7.53576 8.29343 1.2
    endloop
  endfacet
  facet normal -0 0 1
    outer loop
      vertex 7.18274 28.612 1.2
      vertex 7.36235 8.3523 1.2
      vertex 7.36235 28.6477 1.2
    endloop
  endfacet
  facet normal 0 0 1
    outer loop
      vertex 7.18274 28.612 1.2
      vertex 7.18274 8.38802 1.2
      vertex 7.36235 8.3523 1.2
    endloop
  endfacet
  facet normal -0 0 1
    outer loop
      vertex 7 28.6 1.2
      vertex 7.18274 8.38802 1.2
      vertex 7.18274 28.612 1.2
    endloop
  endfacet
  facet normal 0 0 1
    outer loop
      vertex 7 28.6 1.2
      vertex 7 8.4 1.2
      vertex 7.18274 8.38802 1.2
    endloop
  endfacet
  facet normal 0 0 1
    outer loop
      vertex 6.81726 28.612 1.2
      vertex 7 8.4 1.2
      vertex 7 28.6 1.2
    endloop
  endfacet
  facet normal 0 0 1
    outer loop
      vertex 6.81726 28.612 1.2
      vertex 6.81726 8.38802 1.2
      vertex 7 8.4 1.2
    endloop
  endfacet
  facet normal 0 0 1
    outer loop
      vertex 6.63765 28.6477 1.2
      vertex 6.81726 8.38802 1.2
      vertex 6.81726 28.612 1.2
    endloop
  endfacet
  facet normal 0 0 1
    outer loop
      vertex 6.63765 28.6477 1.2
      vertex 6.63765 8.3523 1.2
      vertex 6.81726 8.38802 1.2
    endloop
  endfacet
  facet normal 0 0 1
    outer loop
      vertex 6.46424 28.7066 1.2
      vertex 6.63765 8.3523 1.2
      vertex 6.63765 28.6477 1.2
    endloop
  endfacet
  facet normal 0 0 1
    outer loop
      vertex 6.46424 28.7066 1.2
      vertex 6.46424 8.29343 1.2
      vertex 6.63765 8.3523 1.2
    endloop
  endfacet
  facet normal 0 0 1
    outer loop
      vertex 6.3 28.7876 1.2
      vertex 6.46424 8.29343 1.2
      vertex 6.46424 28.7066 1.2
    endloop
  endfacet
  facet normal 0 0 1
    outer loop
      vertex 6.3 28.7876 1.2
      vertex 6.3 8.21243 1.2
      vertex 6.46424 8.29343 1.2
    endloop
  endfacet
  facet normal 0 0 1
    outer loop
      vertex 6.14773 28.8893 1.2
      vertex 6.3 8.21243 1.2
      vertex 6.3 28.7876 1.2
    endloop
  endfacet
  facet normal 0 0 1
    outer loop
      vertex 6.14773 28.8893 1.2
      vertex 6.14773 8.11069 1.2
      vertex 6.3 8.21243 1.2
    endloop
  endfacet
  facet normal 0 0 1
    outer loop
      vertex 3.5 30.5 1.2
      vertex 6.14773 28.8893 1.2
      vertex 6.01005 29.01 1.2
    endloop
  endfacet
  facet normal 0 0 1
    outer loop
      vertex 6.14773 28.8893 1.2
      vertex 3.5 30.5 1.2
      vertex 6.14773 8.11069 1.2
    endloop
  endfacet
  facet normal 0 0 1
    outer loop
      vertex 3.5 30.5 1.2
      vertex 6.01005 29.01 1.2
      vertex 5.88931 29.1477 1.2
    endloop
  endfacet
  facet normal 0 0 1
    outer loop
      vertex 3.5 6.5 1.2
      vertex 6.14773 8.11069 1.2
      vertex 3.5 30.5 1.2
    endloop
  endfacet
  facet normal 0 0 1
    outer loop
      vertex 3.5 30.5 1.2
      vertex 5.88931 29.1477 1.2
      vertex 5.78756 29.3 1.2
    endloop
  endfacet
  facet normal 0 0 1
    outer loop
      vertex 6.14773 8.11069 1.2
      vertex 3.5 6.5 1.2
      vertex 6.01005 7.98995 1.2
    endloop
  endfacet
  facet normal 0 0 1
    outer loop
      vertex 3.5 30.5 1.2
      vertex 5.78756 29.3 1.2
      vertex 5.70657 29.4642 1.2
    endloop
  endfacet
  facet normal 0 0 1
    outer loop
      vertex 6.01005 7.98995 1.2
      vertex 3.5 6.5 1.2
      vertex 5.88931 7.85227 1.2
    endloop
  endfacet
  facet normal 0 0 1
    outer loop
      vertex 3.5 30.5 1.2
      vertex 5.70657 29.4642 1.2
      vertex 5.6477 29.6377 1.2
    endloop
  endfacet
  facet normal 0 0 1
    outer loop
      vertex 5.88931 7.85227 1.2
      vertex 3.5 6.5 1.2
      vertex 5.78756 7.7 1.2
    endloop
  endfacet
  facet normal 0 0 1
    outer loop
      vertex 3.5 30.5 1.2
      vertex 5.6477 29.6377 1.2
      vertex 5.61198 29.8173 1.2
    endloop
  endfacet
  facet normal 0 0 1
    outer loop
      vertex 5.78756 7.7 1.2
      vertex 3.5 6.5 1.2
      vertex 5.70657 7.53576 1.2
    endloop
  endfacet
  facet normal 0 0 1
    outer loop
      vertex 3.5 30.5 1.2
      vertex 5.61198 29.8173 1.2
      vertex 5.6 30 1.2
    endloop
  endfacet
  facet normal 0 0 1
    outer loop
      vertex 5.70657 7.53576 1.2
      vertex 3.5 6.5 1.2
      vertex 5.6477 7.36235 1.2
    endloop
  endfacet
  facet normal 0 0 1
    outer loop
      vertex 66.2934 29.4642 1.2
      vertex 68.5 30.5 1.2
      vertex 66.3523 29.6377 1.2
    endloop
  endfacet
  facet normal 0 0 1
    outer loop
      vertex 68.5 6.5 1.2
      vertex 66.388 7.18274 1.2
      vertex 66.4 7 1.2
    endloop
  endfacet
  facet normal 0 0 1
    outer loop
      vertex 66.2124 29.3 1.2
      vertex 68.5 30.5 1.2
      vertex 66.2934 29.4642 1.2
    endloop
  endfacet
  facet normal 0 0 1
    outer loop
      vertex 68.5 6.5 1.2
      vertex 66.3523 7.36235 1.2
      vertex 66.388 7.18274 1.2
    endloop
  endfacet
  facet normal 0 0 1
    outer loop
      vertex 66.1107 29.1477 1.2
      vertex 68.5 30.5 1.2
      vertex 66.2124 29.3 1.2
    endloop
  endfacet
  facet normal 0 0 1
    outer loop
      vertex 68.5 6.5 1.2
      vertex 66.2934 7.53576 1.2
      vertex 66.3523 7.36235 1.2
    endloop
  endfacet
  facet normal 0 0 1
    outer loop
      vertex 65.99 29.01 1.2
      vertex 68.5 30.5 1.2
      vertex 66.1107 29.1477 1.2
    endloop
  endfacet
  facet normal 0 0 1
    outer loop
      vertex 68.5 6.5 1.2
      vertex 66.2124 7.7 1.2
      vertex 66.2934 7.53576 1.2
    endloop
  endfacet
  facet normal 0 0 1
    outer loop
      vertex 65.8523 28.8893 1.2
      vertex 68.5 30.5 1.2
      vertex 65.99 29.01 1.2
    endloop
  endfacet
  facet normal 0 0 1
    outer loop
      vertex 68.5 6.5 1.2
      vertex 66.1107 7.85227 1.2
      vertex 66.2124 7.7 1.2
    endloop
  endfacet
  facet normal 0 0 1
    outer loop
      vertex 68.5 30.5 1.2
      vertex 65.8523 28.8893 1.2
      vertex 68.5 6.5 1.2
    endloop
  endfacet
  facet normal 0 0 1
    outer loop
      vertex 68.5 6.5 1.2
      vertex 65.99 7.98995 1.2
      vertex 66.1107 7.85227 1.2
    endloop
  endfacet
  facet normal -0 0 1
    outer loop
      vertex 65.8523 8.11069 1.2
      vertex 68.5 6.5 1.2
      vertex 65.8523 28.8893 1.2
    endloop
  endfacet
  facet normal 0 0 1
    outer loop
      vertex 68.5 6.5 1.2
      vertex 65.8523 8.11069 1.2
      vertex 65.99 7.98995 1.2
    endloop
  endfacet
  facet normal -0 0 1
    outer loop
      vertex 65.7 28.7876 1.2
      vertex 65.8523 8.11069 1.2
      vertex 65.8523 28.8893 1.2
    endloop
  endfacet
  facet normal 0 0 1
    outer loop
      vertex 65.7 28.7876 1.2
      vertex 65.7 8.21243 1.2
      vertex 65.8523 8.11069 1.2
    endloop
  endfacet
  facet normal -0 0 1
    outer loop
      vertex 65.5358 28.7066 1.2
      vertex 65.7 8.21243 1.2
      vertex 65.7 28.7876 1.2
    endloop
  endfacet
  facet normal 0 0 1
    outer loop
      vertex 65.5358 28.7066 1.2
      vertex 65.5358 8.29343 1.2
      vertex 65.7 8.21243 1.2
    endloop
  endfacet
  facet normal -0 0 1
    outer loop
      vertex 65.3624 28.6477 1.2
      vertex 65.5358 8.29343 1.2
      vertex 65.5358 28.7066 1.2
    endloop
  endfacet
  facet normal 0 0 1
    outer loop
      vertex 65.3624 28.6477 1.2
      vertex 65.3624 8.3523 1.2
      vertex 65.5358 8.29343 1.2
    endloop
  endfacet
  facet normal -0 0 1
    outer loop
      vertex 65.1827 28.612 1.2
      vertex 65.3624 8.3523 1.2
      vertex 65.3624 28.6477 1.2
    endloop
  endfacet
  facet normal 0 0 1
    outer loop
      vertex 65.1827 28.612 1.2
      vertex 65.1827 8.38802 1.2
      vertex 65.3624 8.3523 1.2
    endloop
  endfacet
  facet normal -0 0 1
    outer loop
      vertex 65 28.6 1.2
      vertex 65.1827 8.38802 1.2
      vertex 65.1827 28.612 1.2
    endloop
  endfacet
  facet normal 0 0 1
    outer loop
      vertex 65 28.6 1.2
      vertex 65 8.4 1.2
      vertex 65.1827 8.38802 1.2
    endloop
  endfacet
  facet normal 0 0 1
    outer loop
      vertex 64.8173 28.612 1.2
      vertex 65 8.4 1.2
      vertex 65 28.6 1.2
    endloop
  endfacet
  facet normal 0 0 1
    outer loop
      vertex 64.8173 28.612 1.2
      vertex 64.8173 8.38802 1.2
      vertex 65 8.4 1.2
    endloop
  endfacet
  facet normal 0 0 1
    outer loop
      vertex 64.6376 28.6477 1.2
      vertex 64.8173 8.38802 1.2
      vertex 64.8173 28.612 1.2
    endloop
  endfacet
  facet normal 0 0 1
    outer loop
      vertex 64.6376 28.6477 1.2
      vertex 64.6376 8.3523 1.2
      vertex 64.8173 8.38802 1.2
    endloop
  endfacet
  facet normal 0 0 1
    outer loop
      vertex 64.4642 28.7066 1.2
      vertex 64.6376 8.3523 1.2
      vertex 64.6376 28.6477 1.2
    endloop
  endfacet
  facet normal 0 0 1
    outer loop
      vertex 64.4642 28.7066 1.2
      vertex 64.4642 8.29343 1.2
      vertex 64.6376 8.3523 1.2
    endloop
  endfacet
  facet normal 0 0 1
    outer loop
      vertex 64.3 28.7876 1.2
      vertex 64.4642 8.29343 1.2
      vertex 64.4642 28.7066 1.2
    endloop
  endfacet
  facet normal 0 0 1
    outer loop
      vertex 64.3 28.7876 1.2
      vertex 64.3 8.21243 1.2
      vertex 64.4642 8.29343 1.2
    endloop
  endfacet
  facet normal 0 0 1
    outer loop
      vertex 64.1477 28.8893 1.2
      vertex 64.3 8.21243 1.2
      vertex 64.3 28.7876 1.2
    endloop
  endfacet
  facet normal 0 0 1
    outer loop
      vertex 64.1477 28.8893 1.2
      vertex 64.1477 8.11069 1.2
      vertex 64.3 8.21243 1.2
    endloop
  endfacet
  facet normal 0 0 1
    outer loop
      vertex 64.01 29.01 1.2
      vertex 64.1477 8.11069 1.2
      vertex 64.1477 28.8893 1.2
    endloop
  endfacet
  facet normal 0 0 1
    outer loop
      vertex 64.01 29.01 1.2
      vertex 64.01 7.98995 1.2
      vertex 64.1477 8.11069 1.2
    endloop
  endfacet
  facet normal 0 0 1
    outer loop
      vertex 63.8893 29.1477 1.2
      vertex 64.01 7.98995 1.2
      vertex 64.01 29.01 1.2
    endloop
  endfacet
  facet normal 0 0 1
    outer loop
      vertex 63.8893 29.1477 1.2
      vertex 63.8893 7.85227 1.2
      vertex 64.01 7.98995 1.2
    endloop
  endfacet
  facet normal 0 0 1
    outer loop
      vertex 63.7876 29.3 1.2
      vertex 63.8893 7.85227 1.2
      vertex 63.8893 29.1477 1.2
    endloop
  endfacet
  facet normal 0 0 1
    outer loop
      vertex 63.7876 29.3 1.2
      vertex 63.7876 7.7 1.2
      vertex 63.8893 7.85227 1.2
    endloop
  endfacet
  facet normal 0 0 1
    outer loop
      vertex 63.7066 29.4642 1.2
      vertex 63.7876 7.7 1.2
      vertex 63.7876 29.3 1.2
    endloop
  endfacet
  facet normal 0 0 1
    outer loop
      vertex 63.7066 29.4642 1.2
      vertex 63.7066 7.53576 1.2
      vertex 63.7876 7.7 1.2
    endloop
  endfacet
  facet normal 0 0 1
    outer loop
      vertex 63.612 29.8173 1.2
      vertex 8.38802 29.8173 1.2
      vertex 63.6477 29.6377 1.2
    endloop
  endfacet
  facet normal 0 0 1
    outer loop
      vertex 8.3523 29.6377 1.2
      vertex 63.6477 29.6377 1.2
      vertex 8.38802 29.8173 1.2
    endloop
  endfacet
  facet normal 0 0 1
    outer loop
      vertex 8.38802 29.8173 1.2
      vertex 63.612 29.8173 1.2
      vertex 8.4 30 1.2
    endloop
  endfacet
  facet normal 0 0 1
    outer loop
      vertex 63.6477 29.6377 1.2
      vertex 8.3523 29.6377 1.2
      vertex 63.7066 29.4642 1.2
    endloop
  endfacet
  facet normal -0 0 1
    outer loop
      vertex 8.4 30 1.2
      vertex 63.612 29.8173 1.2
      vertex 63.6 30 1.2
    endloop
  endfacet
  facet normal 0 0 1
    outer loop
      vertex 63.7066 7.53576 1.2
      vertex 8.4 7 1.2
      vertex 63.6477 7.36235 1.2
    endloop
  endfacet
  facet normal 0 0 1
    outer loop
      vertex 66.3523 30.3623 1.2
      vertex 68.5 30.5 1.2
      vertex 68.4743 30.8916 1.2
    endloop
  endfacet
  facet normal 0 0 1
    outer loop
      vertex 66.388 29.8173 1.2
      vertex 68.5 30.5 1.2
      vertex 66.4 30 1.2
    endloop
  endfacet
  facet normal 0 0 1
    outer loop
      vertex 66.2934 30.5358 1.2
      vertex 68.4743 30.8916 1.2
      vertex 68.3978 31.2764 1.2
    endloop
  endfacet
  facet normal 0 0 1
    outer loop
      vertex 66.3523 29.6377 1.2
      vertex 68.5 30.5 1.2
      vertex 66.388 29.8173 1.2
    endloop
  endfacet
  facet normal 0 0 1
    outer loop
      vertex 66.2934 30.5358 1.2
      vertex 68.3978 31.2764 1.2
      vertex 68.2716 31.648 1.2
    endloop
  endfacet
  facet normal -0 0 1
    outer loop
      vertex 66.388 6.81726 1.2
      vertex 68.5 6.5 1.2
      vertex 66.4 7 1.2
    endloop
  endfacet
  facet normal 0 0 1
    outer loop
      vertex 66.2124 30.7 1.2
      vertex 68.2716 31.648 1.2
      vertex 68.0981 32 1.2
    endloop
  endfacet
  facet normal -0 0 1
    outer loop
      vertex 66.3523 6.63765 1.2
      vertex 68.5 6.5 1.2
      vertex 66.388 6.81726 1.2
    endloop
  endfacet
  facet normal 0 0 1
    outer loop
      vertex 66.1107 30.8523 1.2
      vertex 68.0981 32 1.2
      vertex 67.8801 32.3263 1.2
    endloop
  endfacet
  facet normal 0 0 1
    outer loop
      vertex 68.5 6.5 1.2
      vertex 66.3523 6.63765 1.2
      vertex 68.4743 6.10841 1.2
    endloop
  endfacet
  facet normal 0 0 1
    outer loop
      vertex 65.99 30.9899 1.2
      vertex 67.8801 32.3263 1.2
      vertex 67.6213 32.6213 1.2
    endloop
  endfacet
  facet normal -0 0 1
    outer loop
      vertex 66.2934 6.46424 1.2
      vertex 68.4743 6.10841 1.2
      vertex 66.3523 6.63765 1.2
    endloop
  endfacet
  facet normal 0 0 1
    outer loop
      vertex 65.99 30.9899 1.2
      vertex 67.6213 32.6213 1.2
      vertex 67.3263 32.8801 1.2
    endloop
  endfacet
  facet normal 0 0 1
    outer loop
      vertex 68.4743 6.10841 1.2
      vertex 66.2934 6.46424 1.2
      vertex 68.3978 5.72354 1.2
    endloop
  endfacet
  facet normal 0 0 1
    outer loop
      vertex 65.8523 31.1107 1.2
      vertex 67.3263 32.8801 1.2
      vertex 67 33.0981 1.2
    endloop
  endfacet
  facet normal 0 0 1
    outer loop
      vertex 68.3978 5.72354 1.2
      vertex 66.2934 6.46424 1.2
      vertex 68.2716 5.35194 1.2
    endloop
  endfacet
  facet normal 0 0 1
    outer loop
      vertex 65.7 31.2124 1.2
      vertex 67 33.0981 1.2
      vertex 66.648 33.2716 1.2
    endloop
  endfacet
  facet normal -0 0 1
    outer loop
      vertex 66.2124 6.3 1.2
      vertex 68.2716 5.35194 1.2
      vertex 66.2934 6.46424 1.2
    endloop
  endfacet
  facet normal 0 0 1
    outer loop
      vertex 68.2716 5.35194 1.2
      vertex 66.2124 6.3 1.2
      vertex 68.0981 5 1.2
    endloop
  endfacet
  facet normal 0 0 1
    outer loop
      vertex 68.5 30.5 1.2
      vertex 66.388 30.1827 1.2
      vertex 66.4 30 1.2
    endloop
  endfacet
  facet normal 0 0 1
    outer loop
      vertex 68.5 30.5 1.2
      vertex 66.3523 30.3623 1.2
      vertex 66.388 30.1827 1.2
    endloop
  endfacet
  facet normal 0 0 1
    outer loop
      vertex 68.4743 30.8916 1.2
      vertex 66.2934 30.5358 1.2
      vertex 66.3523 30.3623 1.2
    endloop
  endfacet
  facet normal 0 0 1
    outer loop
      vertex 65.5358 31.2934 1.2
      vertex 66.648 33.2716 1.2
      vertex 66.2764 33.3978 1.2
    endloop
  endfacet
  facet normal 0 0 1
    outer loop
      vertex 68.2716 31.648 1.2
      vertex 66.2124 30.7 1.2
      vertex 66.2934 30.5358 1.2
    endloop
  endfacet
  facet normal 0 0 1
    outer loop
      vertex 68.0981 32 1.2
      vertex 66.1107 30.8523 1.2
      vertex 66.2124 30.7 1.2
    endloop
  endfacet
  facet normal 0 0 1
    outer loop
      vertex 67.8801 32.3263 1.2
      vertex 65.99 30.9899 1.2
      vertex 66.1107 30.8523 1.2
    endloop
  endfacet
  facet normal 0 0 1
    outer loop
      vertex 65.5358 31.2934 1.2
      vertex 66.2764 33.3978 1.2
      vertex 65.8916 33.4743 1.2
    endloop
  endfacet
  facet normal 0 0 1
    outer loop
      vertex 67.3263 32.8801 1.2
      vertex 65.8523 31.1107 1.2
      vertex 65.99 30.9899 1.2
    endloop
  endfacet
  facet normal 0 0 1
    outer loop
      vertex 67 33.0981 1.2
      vertex 65.7 31.2124 1.2
      vertex 65.8523 31.1107 1.2
    endloop
  endfacet
  facet normal 0 0 1
    outer loop
      vertex 66.648 33.2716 1.2
      vertex 65.5358 31.2934 1.2
      vertex 65.7 31.2124 1.2
    endloop
  endfacet
  facet normal 0 0 1
    outer loop
      vertex 65.3624 31.3523 1.2
      vertex 65.8916 33.4743 1.2
      vertex 65.5 33.5 1.2
    endloop
  endfacet
  facet normal 0 0 1
    outer loop
      vertex 65.8916 33.4743 1.2
      vertex 65.3624 31.3523 1.2
      vertex 65.5358 31.2934 1.2
    endloop
  endfacet
  facet normal 0 0 1
    outer loop
      vertex 65.5 33.5 1.2
      vertex 65.1827 31.388 1.2
      vertex 65.3624 31.3523 1.2
    endloop
  endfacet
  facet normal 0 0 1
    outer loop
      vertex 65.5 33.5 1.2
      vertex 65 31.4 1.2
      vertex 65.1827 31.388 1.2
    endloop
  endfacet
  facet normal 0 0 1
    outer loop
      vertex 65.5 33.5 1.2
      vertex 64.8173 31.388 1.2
      vertex 65 31.4 1.2
    endloop
  endfacet
  facet normal 0 0 1
    outer loop
      vertex 65.5 33.5 1.2
      vertex 64.6376 31.3523 1.2
      vertex 64.8173 31.388 1.2
    endloop
  endfacet
  facet normal 0 0 1
    outer loop
      vertex 65.5 33.5 1.2
      vertex 64.4642 31.2934 1.2
      vertex 64.6376 31.3523 1.2
    endloop
  endfacet
  facet normal 0 0 1
    outer loop
      vertex 65.5 33.5 1.2
      vertex 64.3 31.2124 1.2
      vertex 64.4642 31.2934 1.2
    endloop
  endfacet
  facet normal 0 0 1
    outer loop
      vertex 65.5 33.5 1.2
      vertex 64.1477 31.1107 1.2
      vertex 64.3 31.2124 1.2
    endloop
  endfacet
  facet normal 0 0 1
    outer loop
      vertex 65.5 33.5 1.2
      vertex 64.01 30.9899 1.2
      vertex 64.1477 31.1107 1.2
    endloop
  endfacet
  facet normal 0 0 1
    outer loop
      vertex 65.5 33.5 1.2
      vertex 63.8893 30.8523 1.2
      vertex 64.01 30.9899 1.2
    endloop
  endfacet
  facet normal 0 0 1
    outer loop
      vertex 65.5 33.5 1.2
      vertex 63.7876 30.7 1.2
      vertex 63.8893 30.8523 1.2
    endloop
  endfacet
  facet normal 0 0 1
    outer loop
      vertex 63.6477 7.36235 1.2
      vertex 8.4 7 1.2
      vertex 63.612 7.18274 1.2
    endloop
  endfacet
  facet normal 0 0 1
    outer loop
      vertex 63.612 30.1827 1.2
      vertex 8.4 30 1.2
      vertex 63.6 30 1.2
    endloop
  endfacet
  facet normal 0 0 1
    outer loop
      vertex 8.38802 30.1827 1.2
      vertex 63.612 30.1827 1.2
      vertex 63.6477 30.3623 1.2
    endloop
  endfacet
  facet normal 0 0 1
    outer loop
      vertex 8.3523 30.3623 1.2
      vertex 63.6477 30.3623 1.2
      vertex 63.7066 30.5358 1.2
    endloop
  endfacet
  facet normal 0 0 1
    outer loop
      vertex 8.29343 30.5358 1.2
      vertex 63.7066 30.5358 1.2
      vertex 63.7876 30.7 1.2
    endloop
  endfacet
  facet normal 0 0 1
    outer loop
      vertex 8.21243 30.7 1.2
      vertex 63.7876 30.7 1.2
      vertex 65.5 33.5 1.2
    endloop
  endfacet
  facet normal 0 0 1
    outer loop
      vertex 63.612 30.1827 1.2
      vertex 8.38802 30.1827 1.2
      vertex 8.4 30 1.2
    endloop
  endfacet
  facet normal 0 0 1
    outer loop
      vertex 63.6477 30.3623 1.2
      vertex 8.3523 30.3623 1.2
      vertex 8.38802 30.1827 1.2
    endloop
  endfacet
  facet normal 0 0 1
    outer loop
      vertex 63.7066 30.5358 1.2
      vertex 8.29343 30.5358 1.2
      vertex 8.3523 30.3623 1.2
    endloop
  endfacet
  facet normal 0 0 1
    outer loop
      vertex 63.7876 30.7 1.2
      vertex 8.21243 30.7 1.2
      vertex 8.29343 30.5358 1.2
    endloop
  endfacet
  facet normal 0 0 1
    outer loop
      vertex 65.5 33.5 1.2
      vertex 8.11069 30.8523 1.2
      vertex 8.21243 30.7 1.2
    endloop
  endfacet
  facet normal -0 0 1
    outer loop
      vertex 6.5 33.5 1.2
      vertex 8.11069 30.8523 1.2
      vertex 65.5 33.5 1.2
    endloop
  endfacet
  facet normal 0 0 1
    outer loop
      vertex 8.11069 30.8523 1.2
      vertex 6.5 33.5 1.2
      vertex 7.98995 30.9899 1.2
    endloop
  endfacet
  facet normal 0 0 1
    outer loop
      vertex 7.98995 30.9899 1.2
      vertex 6.5 33.5 1.2
      vertex 7.85227 31.1107 1.2
    endloop
  endfacet
  facet normal 0 0 1
    outer loop
      vertex 7.85227 31.1107 1.2
      vertex 6.5 33.5 1.2
      vertex 7.7 31.2124 1.2
    endloop
  endfacet
  facet normal 0 0 1
    outer loop
      vertex 7.7 31.2124 1.2
      vertex 6.5 33.5 1.2
      vertex 7.53576 31.2934 1.2
    endloop
  endfacet
  facet normal 0 0 1
    outer loop
      vertex 7.53576 31.2934 1.2
      vertex 6.5 33.5 1.2
      vertex 7.36235 31.3523 1.2
    endloop
  endfacet
  facet normal 0 0 1
    outer loop
      vertex 7.36235 31.3523 1.2
      vertex 6.5 33.5 1.2
      vertex 7.18274 31.388 1.2
    endloop
  endfacet
  facet normal 0 0 1
    outer loop
      vertex 7.18274 31.388 1.2
      vertex 6.5 33.5 1.2
      vertex 7 31.4 1.2
    endloop
  endfacet
  facet normal 0 0 1
    outer loop
      vertex 6.5 33.5 1.2
      vertex 6.81726 31.388 1.2
      vertex 7 31.4 1.2
    endloop
  endfacet
  facet normal 0 0 1
    outer loop
      vertex 6.5 33.5 1.2
      vertex 6.63765 31.3523 1.2
      vertex 6.81726 31.388 1.2
    endloop
  endfacet
  facet normal -0 0 1
    outer loop
      vertex 6.10841 33.4743 1.2
      vertex 6.63765 31.3523 1.2
      vertex 6.5 33.5 1.2
    endloop
  endfacet
  facet normal 0 0 1
    outer loop
      vertex 6.63765 31.3523 1.2
      vertex 6.10841 33.4743 1.2
      vertex 6.46424 31.2934 1.2
    endloop
  endfacet
  facet normal -0 0 1
    outer loop
      vertex 5.72354 33.3978 1.2
      vertex 6.46424 31.2934 1.2
      vertex 6.10841 33.4743 1.2
    endloop
  endfacet
  facet normal -0 0 1
    outer loop
      vertex 5.35194 33.2716 1.2
      vertex 6.46424 31.2934 1.2
      vertex 5.72354 33.3978 1.2
    endloop
  endfacet
  facet normal 0 0 1
    outer loop
      vertex 6.46424 31.2934 1.2
      vertex 5.35194 33.2716 1.2
      vertex 6.3 31.2124 1.2
    endloop
  endfacet
  facet normal -0 0 1
    outer loop
      vertex 5 33.0981 1.2
      vertex 6.3 31.2124 1.2
      vertex 5.35194 33.2716 1.2
    endloop
  endfacet
  facet normal 0 0 1
    outer loop
      vertex 6.3 31.2124 1.2
      vertex 5 33.0981 1.2
      vertex 6.14773 31.1107 1.2
    endloop
  endfacet
  facet normal -0 0 1
    outer loop
      vertex 4.67371 32.8801 1.2
      vertex 6.14773 31.1107 1.2
      vertex 5 33.0981 1.2
    endloop
  endfacet
  facet normal 0 0 1
    outer loop
      vertex 6.14773 31.1107 1.2
      vertex 4.67371 32.8801 1.2
      vertex 6.01005 30.9899 1.2
    endloop
  endfacet
  facet normal -0 0 1
    outer loop
      vertex 4.37868 32.6213 1.2
      vertex 6.01005 30.9899 1.2
      vertex 4.67371 32.8801 1.2
    endloop
  endfacet
  facet normal -0 0 1
    outer loop
      vertex 4.11993 32.3263 1.2
      vertex 6.01005 30.9899 1.2
      vertex 4.37868 32.6213 1.2
    endloop
  endfacet
  facet normal 0 0 1
    outer loop
      vertex 6.01005 30.9899 1.2
      vertex 4.11993 32.3263 1.2
      vertex 5.88931 30.8523 1.2
    endloop
  endfacet
  facet normal 0 0 1
    outer loop
      vertex 5.88931 30.8523 1.2
      vertex 3.90192 32 1.2
      vertex 5.78756 30.7 1.2
    endloop
  endfacet
  facet normal -0 0 1
    outer loop
      vertex 3.90192 32 1.2
      vertex 5.88931 30.8523 1.2
      vertex 4.11993 32.3263 1.2
    endloop
  endfacet
  facet normal -0 0 1
    outer loop
      vertex 66.1107 6.14773 1.2
      vertex 68.0981 5 1.2
      vertex 66.2124 6.3 1.2
    endloop
  endfacet
  facet normal 0 0 1
    outer loop
      vertex 68.0981 5 1.2
      vertex 66.1107 6.14773 1.2
      vertex 67.8801 4.67371 1.2
    endloop
  endfacet
  facet normal -0 0 1
    outer loop
      vertex 65.99 6.01005 1.2
      vertex 67.8801 4.67371 1.2
      vertex 66.1107 6.14773 1.2
    endloop
  endfacet
  facet normal 0 0 1
    outer loop
      vertex 67.8801 4.67371 1.2
      vertex 65.99 6.01005 1.2
      vertex 67.6213 4.37868 1.2
    endloop
  endfacet
  facet normal 0 0 1
    outer loop
      vertex 67.6213 4.37868 1.2
      vertex 65.99 6.01005 1.2
      vertex 67.3263 4.11993 1.2
    endloop
  endfacet
  facet normal -0 0 1
    outer loop
      vertex 65.8523 5.88931 1.2
      vertex 67.3263 4.11993 1.2
      vertex 65.99 6.01005 1.2
    endloop
  endfacet
  facet normal 0 0 1
    outer loop
      vertex 67.3263 4.11993 1.2
      vertex 65.8523 5.88931 1.2
      vertex 67 3.90192 1.2
    endloop
  endfacet
  facet normal -0 0 1
    outer loop
      vertex 65.7 5.78756 1.2
      vertex 67 3.90192 1.2
      vertex 65.8523 5.88931 1.2
    endloop
  endfacet
  facet normal 0 0 1
    outer loop
      vertex 67 3.90192 1.2
      vertex 65.7 5.78756 1.2
      vertex 66.648 3.72835 1.2
    endloop
  endfacet
  facet normal -0 0 1
    outer loop
      vertex 65.5358 5.70657 1.2
      vertex 66.648 3.72835 1.2
      vertex 65.7 5.78756 1.2
    endloop
  endfacet
  facet normal 0 0 1
    outer loop
      vertex 66.648 3.72835 1.2
      vertex 65.5358 5.70657 1.2
      vertex 66.2764 3.60222 1.2
    endloop
  endfacet
  facet normal 0 0 1
    outer loop
      vertex 66.2764 3.60222 1.2
      vertex 65.5358 5.70657 1.2
      vertex 65.8916 3.52567 1.2
    endloop
  endfacet
  facet normal -0 0 1
    outer loop
      vertex 65.3624 5.6477 1.2
      vertex 65.8916 3.52567 1.2
      vertex 65.5358 5.70657 1.2
    endloop
  endfacet
  facet normal 0 0 1
    outer loop
      vertex 65.8916 3.52567 1.2
      vertex 65.3624 5.6477 1.2
      vertex 65.5 3.5 1.2
    endloop
  endfacet
  facet normal -0 0 1
    outer loop
      vertex 65.1827 5.61198 1.2
      vertex 65.5 3.5 1.2
      vertex 65.3624 5.6477 1.2
    endloop
  endfacet
  facet normal -0 0 1
    outer loop
      vertex 65 5.6 1.2
      vertex 65.5 3.5 1.2
      vertex 65.1827 5.61198 1.2
    endloop
  endfacet
  facet normal 0 0 1
    outer loop
      vertex 64.8173 5.61198 1.2
      vertex 65.5 3.5 1.2
      vertex 65 5.6 1.2
    endloop
  endfacet
  facet normal 0 0 1
    outer loop
      vertex 64.6376 5.6477 1.2
      vertex 65.5 3.5 1.2
      vertex 64.8173 5.61198 1.2
    endloop
  endfacet
  facet normal 0 0 1
    outer loop
      vertex 64.4642 5.70657 1.2
      vertex 65.5 3.5 1.2
      vertex 64.6376 5.6477 1.2
    endloop
  endfacet
  facet normal 0 0 1
    outer loop
      vertex 64.3 5.78756 1.2
      vertex 65.5 3.5 1.2
      vertex 64.4642 5.70657 1.2
    endloop
  endfacet
  facet normal 0 0 1
    outer loop
      vertex 64.1477 5.88931 1.2
      vertex 65.5 3.5 1.2
      vertex 64.3 5.78756 1.2
    endloop
  endfacet
  facet normal 0 0 1
    outer loop
      vertex 64.01 6.01005 1.2
      vertex 65.5 3.5 1.2
      vertex 64.1477 5.88931 1.2
    endloop
  endfacet
  facet normal 0 0 1
    outer loop
      vertex 63.8893 6.14773 1.2
      vertex 65.5 3.5 1.2
      vertex 64.01 6.01005 1.2
    endloop
  endfacet
  facet normal 0 0 1
    outer loop
      vertex 63.7876 6.3 1.2
      vertex 65.5 3.5 1.2
      vertex 63.8893 6.14773 1.2
    endloop
  endfacet
  facet normal 0 0 1
    outer loop
      vertex 63.612 7.18274 1.2
      vertex 8.4 7 1.2
      vertex 63.6 7 1.2
    endloop
  endfacet
  facet normal 0 0 1
    outer loop
      vertex 63.6 7 1.2
      vertex 8.4 7 1.2
      vertex 63.612 6.81726 1.2
    endloop
  endfacet
  facet normal 0 0 1
    outer loop
      vertex 8.38802 6.81726 1.2
      vertex 63.612 6.81726 1.2
      vertex 8.4 7 1.2
    endloop
  endfacet
  facet normal 0 0 1
    outer loop
      vertex 63.612 6.81726 1.2
      vertex 8.38802 6.81726 1.2
      vertex 63.6477 6.63765 1.2
    endloop
  endfacet
  facet normal 0 0 1
    outer loop
      vertex 8.3523 6.63765 1.2
      vertex 63.6477 6.63765 1.2
      vertex 8.38802 6.81726 1.2
    endloop
  endfacet
  facet normal 0 0 1
    outer loop
      vertex 63.6477 6.63765 1.2
      vertex 8.3523 6.63765 1.2
      vertex 63.7066 6.46424 1.2
    endloop
  endfacet
  facet normal 0 0 1
    outer loop
      vertex 8.29343 6.46424 1.2
      vertex 63.7066 6.46424 1.2
      vertex 8.3523 6.63765 1.2
    endloop
  endfacet
  facet normal 0 0 1
    outer loop
      vertex 63.7066 6.46424 1.2
      vertex 8.29343 6.46424 1.2
      vertex 63.7876 6.3 1.2
    endloop
  endfacet
  facet normal 0 0 1
    outer loop
      vertex 8.21243 6.3 1.2
      vertex 63.7876 6.3 1.2
      vertex 8.29343 6.46424 1.2
    endloop
  endfacet
  facet normal 0 0 1
    outer loop
      vertex 63.7876 6.3 1.2
      vertex 8.21243 6.3 1.2
      vertex 65.5 3.5 1.2
    endloop
  endfacet
  facet normal -0 0 1
    outer loop
      vertex 8.11069 6.14773 1.2
      vertex 65.5 3.5 1.2
      vertex 8.21243 6.3 1.2
    endloop
  endfacet
  facet normal 0 0 1
    outer loop
      vertex 6.5 3.5 1.2
      vertex 8.11069 6.14773 1.2
      vertex 7.98995 6.01005 1.2
    endloop
  endfacet
  facet normal 0 0 1
    outer loop
      vertex 6.5 3.5 1.2
      vertex 7.98995 6.01005 1.2
      vertex 7.85227 5.88931 1.2
    endloop
  endfacet
  facet normal 0 0 1
    outer loop
      vertex 6.5 3.5 1.2
      vertex 7.85227 5.88931 1.2
      vertex 7.7 5.78756 1.2
    endloop
  endfacet
  facet normal 0 0 1
    outer loop
      vertex 6.5 3.5 1.2
      vertex 7.7 5.78756 1.2
      vertex 7.53576 5.70657 1.2
    endloop
  endfacet
  facet normal 0 0 1
    outer loop
      vertex 6.5 3.5 1.2
      vertex 7.53576 5.70657 1.2
      vertex 7.36235 5.6477 1.2
    endloop
  endfacet
  facet normal 0 0 1
    outer loop
      vertex 6.5 3.5 1.2
      vertex 7.36235 5.6477 1.2
      vertex 7.18274 5.61198 1.2
    endloop
  endfacet
  facet normal 0 0 1
    outer loop
      vertex 6.5 3.5 1.2
      vertex 7.18274 5.61198 1.2
      vertex 7 5.6 1.2
    endloop
  endfacet
  facet normal 0 0 1
    outer loop
      vertex 8.11069 6.14773 1.2
      vertex 6.5 3.5 1.2
      vertex 65.5 3.5 1.2
    endloop
  endfacet
  facet normal 0 0 1
    outer loop
      vertex 6.81726 5.61198 1.2
      vertex 6.5 3.5 1.2
      vertex 7 5.6 1.2
    endloop
  endfacet
  facet normal 0 0 1
    outer loop
      vertex 6.63765 5.6477 1.2
      vertex 6.5 3.5 1.2
      vertex 6.81726 5.61198 1.2
    endloop
  endfacet
  facet normal 0 0 1
    outer loop
      vertex 6.10841 3.52567 1.2
      vertex 6.63765 5.6477 1.2
      vertex 6.46424 5.70657 1.2
    endloop
  endfacet
  facet normal 0 0 1
    outer loop
      vertex 5.35194 3.72835 1.2
      vertex 6.46424 5.70657 1.2
      vertex 6.3 5.78756 1.2
    endloop
  endfacet
  facet normal 0 0 1
    outer loop
      vertex 5 3.90192 1.2
      vertex 6.3 5.78756 1.2
      vertex 6.14773 5.88931 1.2
    endloop
  endfacet
  facet normal 0 0 1
    outer loop
      vertex 6.63765 5.6477 1.2
      vertex 6.10841 3.52567 1.2
      vertex 6.5 3.5 1.2
    endloop
  endfacet
  facet normal 0 0 1
    outer loop
      vertex 4.67371 4.11993 1.2
      vertex 6.14773 5.88931 1.2
      vertex 6.01005 6.01005 1.2
    endloop
  endfacet
  facet normal 0 0 1
    outer loop
      vertex 4.11993 4.67371 1.2
      vertex 6.01005 6.01005 1.2
      vertex 5.88931 6.14773 1.2
    endloop
  endfacet
  facet normal 0 0 1
    outer loop
      vertex 3.90192 5 1.2
      vertex 5.88931 6.14773 1.2
      vertex 5.78756 6.3 1.2
    endloop
  endfacet
  facet normal 0 0 1
    outer loop
      vertex 6.46424 5.70657 1.2
      vertex 5.72354 3.60222 1.2
      vertex 6.10841 3.52567 1.2
    endloop
  endfacet
  facet normal 0 0 1
    outer loop
      vertex 3.72835 5.35194 1.2
      vertex 5.78756 6.3 1.2
      vertex 5.70657 6.46424 1.2
    endloop
  endfacet
  facet normal 0 0 1
    outer loop
      vertex 3.52567 6.10841 1.2
      vertex 5.70657 6.46424 1.2
      vertex 5.6477 6.63765 1.2
    endloop
  endfacet
  facet normal 0 0 1
    outer loop
      vertex 3.5 6.5 1.2
      vertex 5.6477 6.63765 1.2
      vertex 5.61198 6.81726 1.2
    endloop
  endfacet
  facet normal 0 0 1
    outer loop
      vertex 3.5 6.5 1.2
      vertex 5.61198 6.81726 1.2
      vertex 5.6 7 1.2
    endloop
  endfacet
  facet normal 0 0 1
    outer loop
      vertex 6.46424 5.70657 1.2
      vertex 5.35194 3.72835 1.2
      vertex 5.72354 3.60222 1.2
    endloop
  endfacet
  facet normal 0 0 1
    outer loop
      vertex 5.6477 7.36235 1.2
      vertex 3.5 6.5 1.2
      vertex 5.61198 7.18274 1.2
    endloop
  endfacet
  facet normal -0 0 1
    outer loop
      vertex 3.72835 31.648 1.2
      vertex 5.78756 30.7 1.2
      vertex 3.90192 32 1.2
    endloop
  endfacet
  facet normal 0 0 1
    outer loop
      vertex 5.61198 7.18274 1.2
      vertex 3.5 6.5 1.2
      vertex 5.6 7 1.2
    endloop
  endfacet
  facet normal 0 0 1
    outer loop
      vertex 5.78756 30.7 1.2
      vertex 3.72835 31.648 1.2
      vertex 5.70657 30.5358 1.2
    endloop
  endfacet
  facet normal 0 0 1
    outer loop
      vertex 5.6477 6.63765 1.2
      vertex 3.5 6.5 1.2
      vertex 3.52567 6.10841 1.2
    endloop
  endfacet
  facet normal -0 0 1
    outer loop
      vertex 3.60222 31.2764 1.2
      vertex 5.70657 30.5358 1.2
      vertex 3.72835 31.648 1.2
    endloop
  endfacet
  facet normal 0 0 1
    outer loop
      vertex 6.3 5.78756 1.2
      vertex 5 3.90192 1.2
      vertex 5.35194 3.72835 1.2
    endloop
  endfacet
  facet normal -0 0 1
    outer loop
      vertex 3.52567 30.8916 1.2
      vertex 5.70657 30.5358 1.2
      vertex 3.60222 31.2764 1.2
    endloop
  endfacet
  facet normal 0 0 1
    outer loop
      vertex 6.14773 5.88931 1.2
      vertex 4.67371 4.11993 1.2
      vertex 5 3.90192 1.2
    endloop
  endfacet
  facet normal 0 0 1
    outer loop
      vertex 5.70657 30.5358 1.2
      vertex 3.52567 30.8916 1.2
      vertex 5.6477 30.3623 1.2
    endloop
  endfacet
  facet normal 0 0 1
    outer loop
      vertex 6.01005 6.01005 1.2
      vertex 4.37868 4.37868 1.2
      vertex 4.67371 4.11993 1.2
    endloop
  endfacet
  facet normal -0 0 1
    outer loop
      vertex 3.5 30.5 1.2
      vertex 5.6477 30.3623 1.2
      vertex 3.52567 30.8916 1.2
    endloop
  endfacet
  facet normal 0 0 1
    outer loop
      vertex 6.01005 6.01005 1.2
      vertex 4.11993 4.67371 1.2
      vertex 4.37868 4.37868 1.2
    endloop
  endfacet
  facet normal 0 0 1
    outer loop
      vertex 5.6477 30.3623 1.2
      vertex 3.5 30.5 1.2
      vertex 5.61198 30.1827 1.2
    endloop
  endfacet
  facet normal 0 0 1
    outer loop
      vertex 5.88931 6.14773 1.2
      vertex 3.90192 5 1.2
      vertex 4.11993 4.67371 1.2
    endloop
  endfacet
  facet normal 0 0 1
    outer loop
      vertex 5.61198 30.1827 1.2
      vertex 3.5 30.5 1.2
      vertex 5.6 30 1.2
    endloop
  endfacet
  facet normal 0 0 1
    outer loop
      vertex 5.78756 6.3 1.2
      vertex 3.72835 5.35194 1.2
      vertex 3.90192 5 1.2
    endloop
  endfacet
  facet normal 0 0 1
    outer loop
      vertex 5.70657 6.46424 1.2
      vertex 3.60222 5.72354 1.2
      vertex 3.72835 5.35194 1.2
    endloop
  endfacet
  facet normal 0 0 1
    outer loop
      vertex 5.70657 6.46424 1.2
      vertex 3.52567 6.10841 1.2
      vertex 3.60222 5.72354 1.2
    endloop
  endfacet
endsolid OpenSCAD_Model
