solid OpenSCAD_Model
  facet normal 0.831432 0.555626 0
    outer loop
      vertex 71.4641 35 2
      vertex 71.1734 35.435 0
      vertex 71.1734 35.435 2
    endloop
  endfacet
  facet normal 0.831432 0.555626 0
    outer loop
      vertex 71.1734 35.435 0
      vertex 71.4641 35 2
      vertex 71.4641 35 0
    endloop
  endfacet
  facet normal -0.980783 -0.195101 0
    outer loop
      vertex 0.136292 2.96472 0
      vertex 0.0342102 3.47789 2
      vertex 0.0342102 3.47789 0
    endloop
  endfacet
  facet normal -0.980783 -0.195101 0
    outer loop
      vertex 0.0342102 3.47789 2
      vertex 0.136292 2.96472 0
      vertex 0.136292 2.96472 2
    endloop
  endfacet
  facet normal 0.195124 0.980779 -0
    outer loop
      vertex 69.0353 36.8637 0
      vertex 68.5221 36.9658 2
      vertex 69.0353 36.8637 2
    endloop
  endfacet
  facet normal 0.195124 0.980779 0
    outer loop
      vertex 68.5221 36.9658 2
      vertex 69.0353 36.8637 0
      vertex 68.5221 36.9658 0
    endloop
  endfacet
  facet normal -0.99786 -0.0653828 0
    outer loop
      vertex 0.0342102 3.47789 0
      vertex 0 4 2
      vertex 0 4 0
    endloop
  endfacet
  facet normal -0.99786 -0.0653828 0
    outer loop
      vertex 0 4 2
      vertex 0.0342102 3.47789 0
      vertex 0.0342102 3.47789 2
    endloop
  endfacet
  facet normal -0.659356 -0.751831 0
    outer loop
      vertex 1.17157 1.17157 0
      vertex 1.56494 0.826584 2
      vertex 1.17157 1.17157 2
    endloop
  endfacet
  facet normal -0.659356 -0.751831 -0
    outer loop
      vertex 1.56494 0.826584 2
      vertex 1.17157 1.17157 0
      vertex 1.56494 0.826584 0
    endloop
  endfacet
  facet normal -0.555573 0.831468 0
    outer loop
      vertex 2 36.4641 0
      vertex 1.56494 36.1734 2
      vertex 2 36.4641 2
    endloop
  endfacet
  facet normal -0.555573 0.831468 0
    outer loop
      vertex 1.56494 36.1734 2
      vertex 2 36.4641 0
      vertex 1.56494 36.1734 0
    endloop
  endfacet
  facet normal 0.0653646 0.997861 -0
    outer loop
      vertex 68.5221 36.9658 0
      vertex 68 37 2
      vertex 68.5221 36.9658 2
    endloop
  endfacet
  facet normal 0.0653646 0.997861 0
    outer loop
      vertex 68 37 2
      vertex 68.5221 36.9658 0
      vertex 68 37 0
    endloop
  endfacet
  facet normal 0.997861 0.0653646 0
    outer loop
      vertex 72 33 2
      vertex 71.9658 33.5221 0
      vertex 71.9658 33.5221 2
    endloop
  endfacet
  facet normal 0.997861 0.0653646 0
    outer loop
      vertex 71.9658 33.5221 0
      vertex 72 33 2
      vertex 72 33 0
    endloop
  endfacet
  facet normal 0.321498 0.94691 -0
    outer loop
      vertex 69.5307 36.6955 0
      vertex 69.0353 36.8637 2
      vertex 69.5307 36.6955 2
    endloop
  endfacet
  facet normal 0.321498 0.94691 0
    outer loop
      vertex 69.0353 36.8637 2
      vertex 69.5307 36.6955 0
      vertex 69.0353 36.8637 0
    endloop
  endfacet
  facet normal 0 -1 0
    outer loop
      vertex 4 0 0
      vertex 68 0 2
      vertex 4 0 2
    endloop
  endfacet
  facet normal 0 -1 -0
    outer loop
      vertex 68 0 2
      vertex 4 0 0
      vertex 68 0 0
    endloop
  endfacet
  facet normal 0 1 -0
    outer loop
      vertex 68 37 0
      vertex 4 37 2
      vertex 68 37 2
    endloop
  endfacet
  facet normal 0 1 0
    outer loop
      vertex 4 37 2
      vertex 68 37 0
      vertex 4 37 0
    endloop
  endfacet
  facet normal -0.99786 0.065384 0
    outer loop
      vertex 0 33 0
      vertex 0.0342102 33.5221 2
      vertex 0.0342102 33.5221 0
    endloop
  endfacet
  facet normal -0.99786 0.065384 0
    outer loop
      vertex 0.0342102 33.5221 2
      vertex 0 33 0
      vertex 0 33 2
    endloop
  endfacet
  facet normal -1 0 0
    outer loop
      vertex 0 4 0
      vertex 0 33 2
      vertex 0 33 0
    endloop
  endfacet
  facet normal -1 -0 0
    outer loop
      vertex 0 33 2
      vertex 0 4 0
      vertex 0 4 2
    endloop
  endfacet
  facet normal 0.659343 0.751842 -0
    outer loop
      vertex 70.8284 35.8284 0
      vertex 70.435 36.1734 2
      vertex 70.8284 35.8284 2
    endloop
  endfacet
  facet normal 0.659343 0.751842 0
    outer loop
      vertex 70.435 36.1734 2
      vertex 70.8284 35.8284 0
      vertex 70.435 36.1734 0
    endloop
  endfacet
  facet normal -0.980785 0.19509 0
    outer loop
      vertex 0.0342102 33.5221 0
      vertex 0.136292 34.0353 2
      vertex 0.136292 34.0353 0
    endloop
  endfacet
  facet normal -0.980785 0.19509 0
    outer loop
      vertex 0.136292 34.0353 2
      vertex 0.0342102 33.5221 0
      vertex 0.0342102 33.5221 2
    endloop
  endfacet
  facet normal 0.19509 -0.980785 0
    outer loop
      vertex 68.5221 0.0342102 0
      vertex 69.0353 0.136292 2
      vertex 68.5221 0.0342102 2
    endloop
  endfacet
  facet normal 0.19509 -0.980785 0
    outer loop
      vertex 69.0353 0.136292 2
      vertex 68.5221 0.0342102 0
      vertex 69.0353 0.136292 0
    endloop
  endfacet
  facet normal 0.997862 -0.0653634 0
    outer loop
      vertex 71.9658 3.47789 2
      vertex 72 4 0
      vertex 72 4 2
    endloop
  endfacet
  facet normal 0.997862 -0.0653634 0
    outer loop
      vertex 72 4 0
      vertex 71.9658 3.47789 2
      vertex 71.9658 3.47789 0
    endloop
  endfacet
  facet normal 0.751817 -0.659371 0
    outer loop
      vertex 70.8284 1.17157 2
      vertex 71.1734 1.56494 0
      vertex 71.1734 1.56494 2
    endloop
  endfacet
  facet normal 0.751817 -0.659371 0
    outer loop
      vertex 71.1734 1.56494 0
      vertex 70.8284 1.17157 2
      vertex 70.8284 1.17157 0
    endloop
  endfacet
  facet normal 0.946924 -0.321458 0
    outer loop
      vertex 71.6955 2.46925 2
      vertex 71.8637 2.96472 0
      vertex 71.8637 2.96472 2
    endloop
  endfacet
  facet normal 0.946924 -0.321458 0
    outer loop
      vertex 71.8637 2.96472 0
      vertex 71.6955 2.46925 2
      vertex 71.6955 2.46925 0
    endloop
  endfacet
  facet normal -0.195135 0.980776 0
    outer loop
      vertex 3.47789 36.9658 0
      vertex 2.96472 36.8637 2
      vertex 3.47789 36.9658 2
    endloop
  endfacet
  facet normal -0.195135 0.980776 0
    outer loop
      vertex 2.96472 36.8637 2
      vertex 3.47789 36.9658 0
      vertex 2.96472 36.8637 0
    endloop
  endfacet
  facet normal 0.442261 -0.896886 0
    outer loop
      vertex 69.5307 0.304474 0
      vertex 70 0.535889 2
      vertex 69.5307 0.304474 2
    endloop
  endfacet
  facet normal 0.442261 -0.896886 0
    outer loop
      vertex 70 0.535889 2
      vertex 69.5307 0.304474 0
      vertex 70 0.535889 0
    endloop
  endfacet
  facet normal 0.896898 0.442238 0
    outer loop
      vertex 71.6955 34.5307 2
      vertex 71.4641 35 0
      vertex 71.4641 35 2
    endloop
  endfacet
  facet normal 0.896898 0.442238 0
    outer loop
      vertex 71.4641 35 0
      vertex 71.6955 34.5307 2
      vertex 71.6955 34.5307 0
    endloop
  endfacet
  facet normal 0.55562 -0.831437 0
    outer loop
      vertex 70 0.535889 0
      vertex 70.435 0.826584 2
      vertex 70 0.535889 2
    endloop
  endfacet
  facet normal 0.55562 -0.831437 0
    outer loop
      vertex 70.435 0.826584 2
      vertex 70 0.535889 0
      vertex 70.435 0.826584 0
    endloop
  endfacet
  facet normal -0.751855 0.659328 0
    outer loop
      vertex 0.826584 35.435 0
      vertex 1.17157 35.8284 2
      vertex 1.17157 35.8284 0
    endloop
  endfacet
  facet normal -0.751855 0.659328 0
    outer loop
      vertex 1.17157 35.8284 2
      vertex 0.826584 35.435 0
      vertex 0.826584 35.435 2
    endloop
  endfacet
  facet normal -0.831437 0.55562 0
    outer loop
      vertex 0.535889 35 0
      vertex 0.826584 35.435 2
      vertex 0.826584 35.435 0
    endloop
  endfacet
  facet normal -0.831437 0.55562 0
    outer loop
      vertex 0.826584 35.435 2
      vertex 0.535889 35 0
      vertex 0.535889 35 2
    endloop
  endfacet
  facet normal 0.065384 -0.99786 0
    outer loop
      vertex 68 0 0
      vertex 68.5221 0.0342102 2
      vertex 68 0 2
    endloop
  endfacet
  facet normal 0.065384 -0.99786 0
    outer loop
      vertex 68.5221 0.0342102 2
      vertex 68 0 0
      vertex 68.5221 0.0342102 0
    endloop
  endfacet
  facet normal 0.555626 0.831432 -0
    outer loop
      vertex 70.435 36.1734 0
      vertex 70 36.4641 2
      vertex 70.435 36.1734 2
    endloop
  endfacet
  facet normal 0.555626 0.831432 0
    outer loop
      vertex 70 36.4641 2
      vertex 70.435 36.1734 0
      vertex 70 36.4641 0
    endloop
  endfacet
  facet normal -0.442276 0.896879 0
    outer loop
      vertex 2.46925 36.6955 0
      vertex 2 36.4641 2
      vertex 2.46925 36.6955 2
    endloop
  endfacet
  facet normal -0.442276 0.896879 0
    outer loop
      vertex 2 36.4641 2
      vertex 2.46925 36.6955 0
      vertex 2 36.4641 0
    endloop
  endfacet
  facet normal 0.321468 -0.946921 0
    outer loop
      vertex 69.0353 0.136292 0
      vertex 69.5307 0.304474 2
      vertex 69.0353 0.136292 2
    endloop
  endfacet
  facet normal 0.321468 -0.946921 0
    outer loop
      vertex 69.5307 0.304474 2
      vertex 69.0353 0.136292 0
      vertex 69.5307 0.304474 0
    endloop
  endfacet
  facet normal 0.94691 0.321498 0
    outer loop
      vertex 71.8637 34.0353 2
      vertex 71.6955 34.5307 0
      vertex 71.6955 34.5307 2
    endloop
  endfacet
  facet normal 0.94691 0.321498 0
    outer loop
      vertex 71.6955 34.5307 0
      vertex 71.8637 34.0353 2
      vertex 71.8637 34.0353 0
    endloop
  endfacet
  facet normal -0.946921 0.321468 0
    outer loop
      vertex 0.136292 34.0353 0
      vertex 0.304474 34.5307 2
      vertex 0.304474 34.5307 0
    endloop
  endfacet
  facet normal -0.946921 0.321468 0
    outer loop
      vertex 0.304474 34.5307 2
      vertex 0.136292 34.0353 0
      vertex 0.136292 34.0353 2
    endloop
  endfacet
  facet normal -0.321458 0.946924 0
    outer loop
      vertex 2.96472 36.8637 0
      vertex 2.46925 36.6955 2
      vertex 2.96472 36.8637 2
    endloop
  endfacet
  facet normal -0.321458 0.946924 0
    outer loop
      vertex 2.46925 36.6955 2
      vertex 2.96472 36.8637 0
      vertex 2.46925 36.6955 0
    endloop
  endfacet
  facet normal 0.442238 0.896898 -0
    outer loop
      vertex 70 36.4641 0
      vertex 69.5307 36.6955 2
      vertex 70 36.4641 2
    endloop
  endfacet
  facet normal 0.442238 0.896898 0
    outer loop
      vertex 69.5307 36.6955 2
      vertex 70 36.4641 0
      vertex 69.5307 36.6955 0
    endloop
  endfacet
  facet normal -0.659371 0.751817 0
    outer loop
      vertex 1.56494 36.1734 0
      vertex 1.17157 35.8284 2
      vertex 1.56494 36.1734 2
    endloop
  endfacet
  facet normal -0.659371 0.751817 0
    outer loop
      vertex 1.17157 35.8284 2
      vertex 1.56494 36.1734 0
      vertex 1.17157 35.8284 0
    endloop
  endfacet
  facet normal 0.980779 0.195124 0
    outer loop
      vertex 71.9658 33.5221 2
      vertex 71.8637 34.0353 0
      vertex 71.8637 34.0353 2
    endloop
  endfacet
  facet normal 0.980779 0.195124 0
    outer loop
      vertex 71.8637 34.0353 0
      vertex 71.9658 33.5221 2
      vertex 71.9658 33.5221 0
    endloop
  endfacet
  facet normal -0.442299 -0.896868 0
    outer loop
      vertex 2 0.535889 0
      vertex 2.46925 0.304474 2
      vertex 2 0.535889 2
    endloop
  endfacet
  facet normal -0.442299 -0.896868 -0
    outer loop
      vertex 2.46925 0.304474 2
      vertex 2 0.535889 0
      vertex 2.46925 0.304474 0
    endloop
  endfacet
  facet normal 1 -0 0
    outer loop
      vertex 72 4 2
      vertex 72 33 0
      vertex 72 33 2
    endloop
  endfacet
  facet normal 1 0 0
    outer loop
      vertex 72 33 0
      vertex 72 4 2
      vertex 72 4 0
    endloop
  endfacet
  facet normal 0.831468 -0.555573 0
    outer loop
      vertex 71.1734 1.56494 2
      vertex 71.4641 2 0
      vertex 71.4641 2 2
    endloop
  endfacet
  facet normal 0.831468 -0.555573 0
    outer loop
      vertex 71.4641 2 0
      vertex 71.1734 1.56494 2
      vertex 71.1734 1.56494 0
    endloop
  endfacet
  facet normal -0.0653634 0.997862 0
    outer loop
      vertex 4 37 0
      vertex 3.47789 36.9658 2
      vertex 4 37 2
    endloop
  endfacet
  facet normal -0.0653634 0.997862 0
    outer loop
      vertex 3.47789 36.9658 2
      vertex 4 37 0
      vertex 3.47789 36.9658 0
    endloop
  endfacet
  facet normal -0.896886 0.442261 0
    outer loop
      vertex 0.304474 34.5307 0
      vertex 0.535889 35 2
      vertex 0.535889 35 0
    endloop
  endfacet
  facet normal -0.896886 0.442261 0
    outer loop
      vertex 0.535889 35 2
      vertex 0.304474 34.5307 0
      vertex 0.304474 34.5307 2
    endloop
  endfacet
  facet normal -0.751831 -0.659356 0
    outer loop
      vertex 1.17157 1.17157 0
      vertex 0.826584 1.56494 2
      vertex 0.826584 1.56494 0
    endloop
  endfacet
  facet normal -0.751831 -0.659356 0
    outer loop
      vertex 0.826584 1.56494 2
      vertex 1.17157 1.17157 0
      vertex 1.17157 1.17157 2
    endloop
  endfacet
  facet normal 0.659328 -0.751855 0
    outer loop
      vertex 70.435 0.826584 0
      vertex 70.8284 1.17157 2
      vertex 70.435 0.826584 2
    endloop
  endfacet
  facet normal 0.659328 -0.751855 0
    outer loop
      vertex 70.8284 1.17157 2
      vertex 70.435 0.826584 0
      vertex 70.8284 1.17157 0
    endloop
  endfacet
  facet normal 0.751842 0.659343 0
    outer loop
      vertex 71.1734 35.435 2
      vertex 70.8284 35.8284 0
      vertex 70.8284 35.8284 2
    endloop
  endfacet
  facet normal 0.751842 0.659343 0
    outer loop
      vertex 70.8284 35.8284 0
      vertex 71.1734 35.435 2
      vertex 71.1734 35.435 0
    endloop
  endfacet
  facet normal -0.321427 -0.946934 0
    outer loop
      vertex 2.46925 0.304474 0
      vertex 2.96472 0.136292 2
      vertex 2.46925 0.304474 2
    endloop
  endfacet
  facet normal -0.321427 -0.946934 -0
    outer loop
      vertex 2.96472 0.136292 2
      vertex 2.46925 0.304474 0
      vertex 2.96472 0.136292 0
    endloop
  endfacet
  facet normal -0.555567 -0.831472 0
    outer loop
      vertex 1.56494 0.826584 0
      vertex 2 0.535889 2
      vertex 1.56494 0.826584 2
    endloop
  endfacet
  facet normal -0.555567 -0.831472 -0
    outer loop
      vertex 2 0.535889 2
      vertex 1.56494 0.826584 0
      vertex 2 0.535889 0
    endloop
  endfacet
  facet normal -0 0 -1
    outer loop
      vertex 23.1756 12.6059 0
      vertex 8.33962 7.55489 0
      vertex 23.1564 12.7021 0
    endloop
  endfacet
  facet normal 0 0 -1
    outer loop
      vertex 13.4372 19.6707 0
      vertex 8.43759 29.8107 0
      vertex 8.45 30 0
    endloop
  endfacet
  facet normal 0 0 -1
    outer loop
      vertex 8.25574 7.725 0
      vertex 23.1564 12.7021 0
      vertex 8.33962 7.55489 0
    endloop
  endfacet
  facet normal 0 0 -1
    outer loop
      vertex 13.4372 19.6707 0
      vertex 8.40059 29.6247 0
      vertex 8.43759 29.8107 0
    endloop
  endfacet
  facet normal -0 0 -1
    outer loop
      vertex 23.1564 12.7021 0
      vertex 8.25574 7.725 0
      vertex 13.4372 19.6707 0
    endloop
  endfacet
  facet normal 0 0 -1
    outer loop
      vertex 13.4372 19.6707 0
      vertex 8.33962 29.4451 0
      vertex 8.40059 29.6247 0
    endloop
  endfacet
  facet normal 0 0 -1
    outer loop
      vertex 8.15036 7.8827 0
      vertex 13.4372 19.6707 0
      vertex 8.25574 7.725 0
    endloop
  endfacet
  facet normal 0 0 -1
    outer loop
      vertex 13.4372 19.6707 0
      vertex 8.25574 29.275 0
      vertex 8.33962 29.4451 0
    endloop
  endfacet
  facet normal 0 0 -1
    outer loop
      vertex 8.0253 8.0253 0
      vertex 13.4372 19.6707 0
      vertex 8.15036 7.8827 0
    endloop
  endfacet
  facet normal 0 0 -1
    outer loop
      vertex 13.4372 19.6707 0
      vertex 8.15036 29.1173 0
      vertex 8.25574 29.275 0
    endloop
  endfacet
  facet normal 0 0 -1
    outer loop
      vertex 7.8827 8.15036 0
      vertex 13.4372 19.6707 0
      vertex 8.0253 8.0253 0
    endloop
  endfacet
  facet normal 0 0 -1
    outer loop
      vertex 13.4372 19.6707 0
      vertex 8.0253 28.9747 0
      vertex 8.15036 29.1173 0
    endloop
  endfacet
  facet normal 0 0 -1
    outer loop
      vertex 7.725 8.25574 0
      vertex 13.4372 19.6707 0
      vertex 7.8827 8.15036 0
    endloop
  endfacet
  facet normal 0 0 -1
    outer loop
      vertex 13.4372 19.6707 0
      vertex 7.8827 28.8496 0
      vertex 8.0253 28.9747 0
    endloop
  endfacet
  facet normal 0 0 -1
    outer loop
      vertex 7.55489 8.33962 0
      vertex 13.4372 19.6707 0
      vertex 7.725 8.25574 0
    endloop
  endfacet
  facet normal 0 0 -1
    outer loop
      vertex 13.4372 19.6707 0
      vertex 7.725 28.7443 0
      vertex 7.8827 28.8496 0
    endloop
  endfacet
  facet normal 0 0 -1
    outer loop
      vertex 7.37529 8.40059 0
      vertex 13.4372 19.6707 0
      vertex 7.55489 8.33962 0
    endloop
  endfacet
  facet normal 0 0 -1
    outer loop
      vertex 13.4372 19.6707 0
      vertex 7.55489 28.6604 0
      vertex 7.725 28.7443 0
    endloop
  endfacet
  facet normal 0 0 -1
    outer loop
      vertex 7.18926 8.43759 0
      vertex 13.4372 19.6707 0
      vertex 7.37529 8.40059 0
    endloop
  endfacet
  facet normal 0 0 -1
    outer loop
      vertex 13.4372 19.6707 0
      vertex 7.37529 28.5994 0
      vertex 7.55489 28.6604 0
    endloop
  endfacet
  facet normal 0 0 -1
    outer loop
      vertex 7 8.45 0
      vertex 13.4372 19.6707 0
      vertex 7.18926 8.43759 0
    endloop
  endfacet
  facet normal 0 0 -1
    outer loop
      vertex 13.4372 19.6707 0
      vertex 7.18926 28.5624 0
      vertex 7.37529 28.5994 0
    endloop
  endfacet
  facet normal 0 0 -1
    outer loop
      vertex 6.81074 8.43759 0
      vertex 13.4372 19.6707 0
      vertex 7 8.45 0
    endloop
  endfacet
  facet normal 0 0 -1
    outer loop
      vertex 13.4372 19.6707 0
      vertex 7 28.55 0
      vertex 7.18926 28.5624 0
    endloop
  endfacet
  facet normal 0 0 -1
    outer loop
      vertex 6.62471 8.40059 0
      vertex 13.4372 19.6707 0
      vertex 6.81074 8.43759 0
    endloop
  endfacet
  facet normal 0 0 -1
    outer loop
      vertex 13.4372 19.6707 0
      vertex 6.81074 28.5624 0
      vertex 7 28.55 0
    endloop
  endfacet
  facet normal 0 0 -1
    outer loop
      vertex 6.44511 8.33962 0
      vertex 13.4372 19.6707 0
      vertex 6.62471 8.40059 0
    endloop
  endfacet
  facet normal 0 0 -1
    outer loop
      vertex 13.4372 19.6707 0
      vertex 6.62471 28.5994 0
      vertex 6.81074 28.5624 0
    endloop
  endfacet
  facet normal 0 0 -1
    outer loop
      vertex 6.44511 28.6604 0
      vertex 13.4372 19.6707 0
      vertex 6.44511 8.33962 0
    endloop
  endfacet
  facet normal 0 0 -1
    outer loop
      vertex 13.4372 19.6707 0
      vertex 6.44511 28.6604 0
      vertex 6.62471 28.5994 0
    endloop
  endfacet
  facet normal 0 0 -1
    outer loop
      vertex 6.275 8.25574 0
      vertex 6.44511 28.6604 0
      vertex 6.44511 8.33962 0
    endloop
  endfacet
  facet normal 0 0 -1
    outer loop
      vertex 6.275 8.25574 0
      vertex 6.275 28.7443 0
      vertex 6.44511 28.6604 0
    endloop
  endfacet
  facet normal 0 0 -1
    outer loop
      vertex 6.1173 8.15036 0
      vertex 6.275 28.7443 0
      vertex 6.275 8.25574 0
    endloop
  endfacet
  facet normal 0 0 -1
    outer loop
      vertex 6.1173 8.15036 0
      vertex 6.1173 28.8496 0
      vertex 6.275 28.7443 0
    endloop
  endfacet
  facet normal 0 0 -1
    outer loop
      vertex 5.97469 8.0253 0
      vertex 6.1173 28.8496 0
      vertex 6.1173 8.15036 0
    endloop
  endfacet
  facet normal 0 0 -1
    outer loop
      vertex 5.97469 8.0253 0
      vertex 5.97469 28.9747 0
      vertex 6.1173 28.8496 0
    endloop
  endfacet
  facet normal 0 0 -1
    outer loop
      vertex 0 4 0
      vertex 5.97469 8.0253 0
      vertex 5.84964 7.8827 0
    endloop
  endfacet
  facet normal -0 0 -1
    outer loop
      vertex 5.97469 8.0253 0
      vertex 0 4 0
      vertex 5.97469 28.9747 0
    endloop
  endfacet
  facet normal 0 0 -1
    outer loop
      vertex 0 4 0
      vertex 5.84964 7.8827 0
      vertex 5.74426 7.725 0
    endloop
  endfacet
  facet normal 0 0 -1
    outer loop
      vertex 0 33 0
      vertex 5.97469 28.9747 0
      vertex 0 4 0
    endloop
  endfacet
  facet normal 0 0 -1
    outer loop
      vertex 0 4 0
      vertex 5.74426 7.725 0
      vertex 5.66037 7.55489 0
    endloop
  endfacet
  facet normal 0 0 -1
    outer loop
      vertex 5.97469 28.9747 0
      vertex 0 33 0
      vertex 5.84964 29.1173 0
    endloop
  endfacet
  facet normal 0 0 -1
    outer loop
      vertex 0 4 0
      vertex 5.66037 7.55489 0
      vertex 5.59941 7.37529 0
    endloop
  endfacet
  facet normal 0 0 -1
    outer loop
      vertex 5.84964 29.1173 0
      vertex 0 33 0
      vertex 5.74426 29.275 0
    endloop
  endfacet
  facet normal 0 0 -1
    outer loop
      vertex 0 4 0
      vertex 5.59941 7.37529 0
      vertex 5.5624 7.18926 0
    endloop
  endfacet
  facet normal 0 0 -1
    outer loop
      vertex 5.74426 29.275 0
      vertex 0 33 0
      vertex 5.66037 29.4451 0
    endloop
  endfacet
  facet normal 0 0 -1
    outer loop
      vertex 0 4 0
      vertex 5.5624 7.18926 0
      vertex 5.55 7 0
    endloop
  endfacet
  facet normal 0 0 -1
    outer loop
      vertex 5.66037 29.4451 0
      vertex 0 33 0
      vertex 5.59941 29.6247 0
    endloop
  endfacet
  facet normal 0 0 -1
    outer loop
      vertex 15.3502 20.6292 0
      vertex 13.4372 20.6292 0
      vertex 15.3502 25.5946 0
    endloop
  endfacet
  facet normal 0 0 -1
    outer loop
      vertex 23.7059 23.1244 0
      vertex 24.3342 24.0516 0
      vertex 23.8021 23.1436 0
    endloop
  endfacet
  facet normal -0 0 -1
    outer loop
      vertex 24.3342 24.0516 0
      vertex 23.7059 23.1244 0
      vertex 23.8841 24.636 0
    endloop
  endfacet
  facet normal 0 0 -1
    outer loop
      vertex 23.4552 23.0762 0
      vertex 23.7059 23.1244 0
      vertex 23.613 23.0929 0
    endloop
  endfacet
  facet normal 0 0 -1
    outer loop
      vertex 23.4552 23.0762 0
      vertex 23.613 23.0929 0
      vertex 23.525 23.0495 0
    endloop
  endfacet
  facet normal 0 0 -1
    outer loop
      vertex 23.4552 23.0762 0
      vertex 23.525 23.0495 0
      vertex 23.4552 23.0029 0
    endloop
  endfacet
  facet normal -0 0 -1
    outer loop
      vertex 23.7059 23.1244 0
      vertex 23.4552 23.0762 0
      vertex 23.8841 24.636 0
    endloop
  endfacet
  facet normal 0 0 -1
    outer loop
      vertex 20.2935 24.636 0
      vertex 23.4552 23.0762 0
      vertex 20.2935 23.0762 0
    endloop
  endfacet
  facet normal 0 0 -1
    outer loop
      vertex 23.4552 23.0762 0
      vertex 20.2935 24.636 0
      vertex 23.8841 24.636 0
    endloop
  endfacet
  facet normal 0 0 -1
    outer loop
      vertex 27.0899 13.55 0
      vertex 23.9 13.55 0
      vertex 27.0899 13.7296 0
    endloop
  endfacet
  facet normal 0 0 -1
    outer loop
      vertex 27.0899 13.7296 0
      vertex 27.6399 14.45 0
      vertex 28.2064 13.7296 0
    endloop
  endfacet
  facet normal 0 0 -1
    outer loop
      vertex 23.9 14.45 0
      vertex 27.0899 13.7296 0
      vertex 23.9 13.55 0
    endloop
  endfacet
  facet normal 0 0 -1
    outer loop
      vertex 27.0899 13.7296 0
      vertex 23.9 14.45 0
      vertex 27.6399 14.45 0
    endloop
  endfacet
  facet normal 0 0 -1
    outer loop
      vertex 23.8021 13.5436 0
      vertex 23.9 14.45 0
      vertex 23.9 13.55 0
    endloop
  endfacet
  facet normal 0 0 -1
    outer loop
      vertex 23.8021 13.5436 0
      vertex 23.8021 14.4564 0
      vertex 23.9 14.45 0
    endloop
  endfacet
  facet normal 0 0 -1
    outer loop
      vertex 23.7059 13.5244 0
      vertex 23.8021 14.4564 0
      vertex 23.8021 13.5436 0
    endloop
  endfacet
  facet normal 0 0 -1
    outer loop
      vertex 23.7059 13.5244 0
      vertex 23.7059 14.4756 0
      vertex 23.8021 14.4564 0
    endloop
  endfacet
  facet normal 0 0 -1
    outer loop
      vertex 23.613 13.4929 0
      vertex 23.7059 14.4756 0
      vertex 23.7059 13.5244 0
    endloop
  endfacet
  facet normal 0 0 -1
    outer loop
      vertex 23.613 13.4929 0
      vertex 23.613 14.5071 0
      vertex 23.7059 14.4756 0
    endloop
  endfacet
  facet normal 0 0 -1
    outer loop
      vertex 23.525 13.4495 0
      vertex 23.613 14.5071 0
      vertex 23.613 13.4929 0
    endloop
  endfacet
  facet normal 0 0 -1
    outer loop
      vertex 23.525 13.4495 0
      vertex 23.525 14.5505 0
      vertex 23.613 14.5071 0
    endloop
  endfacet
  facet normal 0 0 -1
    outer loop
      vertex 23.4434 13.395 0
      vertex 23.525 14.5505 0
      vertex 23.525 13.4495 0
    endloop
  endfacet
  facet normal 0 0 -1
    outer loop
      vertex 23.4434 13.395 0
      vertex 23.4434 14.605 0
      vertex 23.525 14.5505 0
    endloop
  endfacet
  facet normal 0 0 -1
    outer loop
      vertex 23.3697 13.3303 0
      vertex 23.4434 14.605 0
      vertex 23.4434 13.395 0
    endloop
  endfacet
  facet normal 0 0 -1
    outer loop
      vertex 23.3697 13.3303 0
      vertex 23.3697 14.6697 0
      vertex 23.4434 14.605 0
    endloop
  endfacet
  facet normal 0 0 -1
    outer loop
      vertex 23.305 13.2566 0
      vertex 23.3697 14.6697 0
      vertex 23.3697 13.3303 0
    endloop
  endfacet
  facet normal 0 0 -1
    outer loop
      vertex 23.305 13.2566 0
      vertex 23.305 14.7434 0
      vertex 23.3697 14.6697 0
    endloop
  endfacet
  facet normal 0 0 -1
    outer loop
      vertex 23.2505 13.175 0
      vertex 23.305 14.7434 0
      vertex 23.305 13.2566 0
    endloop
  endfacet
  facet normal 0 0 -1
    outer loop
      vertex 23.2505 13.175 0
      vertex 23.2505 14.825 0
      vertex 23.305 14.7434 0
    endloop
  endfacet
  facet normal 0 0 -1
    outer loop
      vertex 23.2071 13.087 0
      vertex 23.2505 14.825 0
      vertex 23.2505 13.175 0
    endloop
  endfacet
  facet normal 0 0 -1
    outer loop
      vertex 23.2071 13.087 0
      vertex 23.2071 14.913 0
      vertex 23.2505 14.825 0
    endloop
  endfacet
  facet normal 0 0 -1
    outer loop
      vertex 23.1756 12.9941 0
      vertex 23.2071 14.913 0
      vertex 23.2071 13.087 0
    endloop
  endfacet
  facet normal 0 0 -1
    outer loop
      vertex 23.1756 12.9941 0
      vertex 23.1756 15.0059 0
      vertex 23.2071 14.913 0
    endloop
  endfacet
  facet normal 0 0 -1
    outer loop
      vertex 23.1564 12.8979 0
      vertex 23.1756 15.0059 0
      vertex 23.1756 12.9941 0
    endloop
  endfacet
  facet normal 0 0 -1
    outer loop
      vertex 23.1564 12.8979 0
      vertex 23.1564 15.1021 0
      vertex 23.1756 15.0059 0
    endloop
  endfacet
  facet normal 0 0 -1
    outer loop
      vertex 18.5077 19.6707 0
      vertex 23.1564 12.8979 0
      vertex 23.15 12.8 0
    endloop
  endfacet
  facet normal 0 0 -1
    outer loop
      vertex 23.1564 12.8979 0
      vertex 18.5077 19.6707 0
      vertex 23.1564 15.1021 0
    endloop
  endfacet
  facet normal 0 0 -1
    outer loop
      vertex 28.0919 23.4972 0
      vertex 28.2833 23.8888 0
      vertex 28.2742 23.8222 0
    endloop
  endfacet
  facet normal -0 0 -1
    outer loop
      vertex 28.2833 23.8888 0
      vertex 28.0919 23.4972 0
      vertex 28.2864 23.9591 0
    endloop
  endfacet
  facet normal 0 0 -1
    outer loop
      vertex 28.0919 23.4972 0
      vertex 28.2742 23.8222 0
      vertex 28.2589 23.7591 0
    endloop
  endfacet
  facet normal 0 0 -1
    outer loop
      vertex 28.1371 23.5429 0
      vertex 28.2589 23.7591 0
      vertex 28.2376 23.6996 0
    endloop
  endfacet
  facet normal 0 0 -1
    outer loop
      vertex 28.1371 23.5429 0
      vertex 28.2376 23.6996 0
      vertex 28.2102 23.6438 0
    endloop
  endfacet
  facet normal 0 0 -1
    outer loop
      vertex 28.2589 23.7591 0
      vertex 28.1371 23.5429 0
      vertex 28.0919 23.4972 0
    endloop
  endfacet
  facet normal 0 0 -1
    outer loop
      vertex 28.1371 23.5429 0
      vertex 28.2102 23.6438 0
      vertex 28.1767 23.5916 0
    endloop
  endfacet
  facet normal 0 0 -1
    outer loop
      vertex 28.0418 23.4537 0
      vertex 28.2864 23.9591 0
      vertex 28.0919 23.4972 0
    endloop
  endfacet
  facet normal 0 -0 -1
    outer loop
      vertex 28.0477 24.4915 0
      vertex 28.2864 23.9591 0
      vertex 28.0418 23.4537 0
    endloop
  endfacet
  facet normal 0 0 -1
    outer loop
      vertex 28.2598 24.1688 0
      vertex 28.0477 24.4915 0
      vertex 28.1803 24.3463 0
    endloop
  endfacet
  facet normal 0 0 -1
    outer loop
      vertex 28.2864 23.9591 0
      vertex 28.0477 24.4915 0
      vertex 28.2598 24.1688 0
    endloop
  endfacet
  facet normal 0 0 -1
    outer loop
      vertex 27.9868 23.4124 0
      vertex 28.0477 24.4915 0
      vertex 28.0418 23.4537 0
    endloop
  endfacet
  facet normal 0 0 -1
    outer loop
      vertex 27.8622 24.6044 0
      vertex 27.9868 23.4124 0
      vertex 27.9267 23.3734 0
    endloop
  endfacet
  facet normal 0 0 -1
    outer loop
      vertex 27.9868 23.4124 0
      vertex 27.8622 24.6044 0
      vertex 28.0477 24.4915 0
    endloop
  endfacet
  facet normal 0 0 -1
    outer loop
      vertex 27.8616 23.3365 0
      vertex 27.8622 24.6044 0
      vertex 27.9267 23.3734 0
    endloop
  endfacet
  facet normal 0 0 -1
    outer loop
      vertex 27.6235 24.685 0
      vertex 27.8616 23.3365 0
      vertex 27.7916 23.302 0
    endloop
  endfacet
  facet normal 0 0 -1
    outer loop
      vertex 27.6235 24.685 0
      vertex 27.7916 23.302 0
      vertex 27.7166 23.2696 0
    endloop
  endfacet
  facet normal 0 0 -1
    outer loop
      vertex 27.6235 24.685 0
      vertex 27.7166 23.2696 0
      vertex 27.629 23.2374 0
    endloop
  endfacet
  facet normal 0 0 -1
    outer loop
      vertex 27.8616 23.3365 0
      vertex 27.6235 24.685 0
      vertex 27.8622 24.6044 0
    endloop
  endfacet
  facet normal 0 0 -1
    outer loop
      vertex 27.3319 24.7334 0
      vertex 27.629 23.2374 0
      vertex 27.521 23.2034 0
    endloop
  endfacet
  facet normal 0 0 -1
    outer loop
      vertex 27.3319 24.7334 0
      vertex 27.521 23.2034 0
      vertex 27.3927 23.1674 0
    endloop
  endfacet
  facet normal 0 0 -1
    outer loop
      vertex 27.629 23.2374 0
      vertex 27.3319 24.7334 0
      vertex 27.6235 24.685 0
    endloop
  endfacet
  facet normal 0 0 -1
    outer loop
      vertex 27.3243 23.15 0
      vertex 27.3319 24.7334 0
      vertex 27.3927 23.1674 0
    endloop
  endfacet
  facet normal 0 0 -1
    outer loop
      vertex 27.3243 23.15 0
      vertex 26.9872 24.7496 0
      vertex 27.3319 24.7334 0
    endloop
  endfacet
  facet normal 0 0 -1
    outer loop
      vertex 27.3243 23.15 0
      vertex 26.8138 24.7452 0
      vertex 26.9872 24.7496 0
    endloop
  endfacet
  facet normal 0 0 -1
    outer loop
      vertex 27.3243 23.15 0
      vertex 26.6516 24.7322 0
      vertex 26.8138 24.7452 0
    endloop
  endfacet
  facet normal 0 0 -1
    outer loop
      vertex 27.3243 23.15 0
      vertex 26.5004 24.7106 0
      vertex 26.6516 24.7322 0
    endloop
  endfacet
  facet normal 0 0 -1
    outer loop
      vertex 27.3243 23.15 0
      vertex 26.3605 24.6802 0
      vertex 26.5004 24.7106 0
    endloop
  endfacet
  facet normal 0 0 -1
    outer loop
      vertex 27.3243 23.15 0
      vertex 26.2317 24.6413 0
      vertex 26.3605 24.6802 0
    endloop
  endfacet
  facet normal 0 0 -1
    outer loop
      vertex 27.3243 23.15 0
      vertex 26.114 24.5936 0
      vertex 26.2317 24.6413 0
    endloop
  endfacet
  facet normal 0 0 -1
    outer loop
      vertex 27.3243 23.15 0
      vertex 26.0076 24.5373 0
      vertex 26.114 24.5936 0
    endloop
  endfacet
  facet normal 0 0 -1
    outer loop
      vertex 27.3243 23.15 0
      vertex 25.9114 24.4713 0
      vertex 26.0076 24.5373 0
    endloop
  endfacet
  facet normal 0 0 -1
    outer loop
      vertex 27.3243 23.15 0
      vertex 25.8246 24.3948 0
      vertex 25.9114 24.4713 0
    endloop
  endfacet
  facet normal 0 0 -1
    outer loop
      vertex 27.3243 23.15 0
      vertex 25.7473 24.3078 0
      vertex 25.8246 24.3948 0
    endloop
  endfacet
  facet normal 0 0 -1
    outer loop
      vertex 27.3243 23.15 0
      vertex 25.6795 24.2102 0
      vertex 25.7473 24.3078 0
    endloop
  endfacet
  facet normal 0 0 -1
    outer loop
      vertex 27.3243 23.15 0
      vertex 25.621 24.102 0
      vertex 25.6795 24.2102 0
    endloop
  endfacet
  facet normal 0 0 -1
    outer loop
      vertex 27.3243 23.15 0
      vertex 25.5721 23.9833 0
      vertex 25.621 24.102 0
    endloop
  endfacet
  facet normal 0 0 -1
    outer loop
      vertex 27.3243 23.15 0
      vertex 25.5325 23.854 0
      vertex 25.5721 23.9833 0
    endloop
  endfacet
  facet normal 0 0 -1
    outer loop
      vertex 23.9 23.15 0
      vertex 25.5325 23.854 0
      vertex 27.3243 23.15 0
    endloop
  endfacet
  facet normal -0 0 -1
    outer loop
      vertex 25.5325 23.854 0
      vertex 23.9 23.15 0
      vertex 24.3342 24.0516 0
    endloop
  endfacet
  facet normal 0 0 -1
    outer loop
      vertex 29.4798 24.1279 0
      vertex 30.2711 23.15 0
      vertex 29.493 23.8876 0
    endloop
  endfacet
  facet normal 0 0 -1
    outer loop
      vertex 30.2711 23.15 0
      vertex 29.4907 23.7837 0
      vertex 29.493 23.8876 0
    endloop
  endfacet
  facet normal 0 0 -1
    outer loop
      vertex 30.2711 23.15 0
      vertex 29.4837 23.6833 0
      vertex 29.4907 23.7837 0
    endloop
  endfacet
  facet normal 0 0 -1
    outer loop
      vertex 30.2711 23.15 0
      vertex 29.4722 23.5864 0
      vertex 29.4837 23.6833 0
    endloop
  endfacet
  facet normal 0 0 -1
    outer loop
      vertex 30.2711 23.15 0
      vertex 29.4559 23.493 0
      vertex 29.4722 23.5864 0
    endloop
  endfacet
  facet normal 0 0 -1
    outer loop
      vertex 30.2711 23.15 0
      vertex 29.4351 23.4031 0
      vertex 29.4559 23.493 0
    endloop
  endfacet
  facet normal 0 0 -1
    outer loop
      vertex 30.2711 23.15 0
      vertex 29.4096 23.3167 0
      vertex 29.4351 23.4031 0
    endloop
  endfacet
  facet normal 0 0 -1
    outer loop
      vertex 30.2711 23.15 0
      vertex 29.3795 23.2339 0
      vertex 29.4096 23.3167 0
    endloop
  endfacet
  facet normal 0 0 -1
    outer loop
      vertex 30.2711 23.15 0
      vertex 29.345 23.1544 0
      vertex 29.3795 23.2339 0
    endloop
  endfacet
  facet normal 0 -0 -1
    outer loop
      vertex 29.345 23.1544 0
      vertex 30.2711 23.15 0
      vertex 29.3427 23.15 0
    endloop
  endfacet
  facet normal 0 0 -1
    outer loop
      vertex 35.938 23.15 0
      vertex 34.6899 24.636 0
      vertex 35.0462 25.5946 0
    endloop
  endfacet
  facet normal 0 0 -1
    outer loop
      vertex 31.5114 23.15 0
      vertex 34.6899 24.636 0
      vertex 35.938 23.15 0
    endloop
  endfacet
  facet normal -0 0 -1
    outer loop
      vertex 34.6899 24.636 0
      vertex 31.5114 23.15 0
      vertex 31.5114 24.636 0
    endloop
  endfacet
  facet normal 0 0 -1
    outer loop
      vertex 40.7222 15.1666 0
      vertex 38.5929 15.487 0
      vertex 40.7899 15.2714 0
    endloop
  endfacet
  facet normal 0 0 -1
    outer loop
      vertex 40.87 15.366 0
      vertex 38.6436 17.5021 0
      vertex 38.65 17.6 0
    endloop
  endfacet
  facet normal 0 0 -1
    outer loop
      vertex 38.5495 15.575 0
      vertex 40.7899 15.2714 0
      vertex 38.5929 15.487 0
    endloop
  endfacet
  facet normal 0 0 -1
    outer loop
      vertex 40.87 15.366 0
      vertex 38.6244 17.4059 0
      vertex 38.6436 17.5021 0
    endloop
  endfacet
  facet normal 0 0 -1
    outer loop
      vertex 40.7899 15.2714 0
      vertex 38.5495 15.575 0
      vertex 40.87 15.366 0
    endloop
  endfacet
  facet normal 0 0 -1
    outer loop
      vertex 40.87 15.366 0
      vertex 38.5929 17.313 0
      vertex 38.6244 17.4059 0
    endloop
  endfacet
  facet normal 0 0 -1
    outer loop
      vertex 38.5495 17.225 0
      vertex 40.87 15.366 0
      vertex 38.5495 15.575 0
    endloop
  endfacet
  facet normal 0 0 -1
    outer loop
      vertex 40.87 15.366 0
      vertex 38.5495 17.225 0
      vertex 38.5929 17.313 0
    endloop
  endfacet
  facet normal 0 0 -1
    outer loop
      vertex 38.495 15.6566 0
      vertex 38.5495 17.225 0
      vertex 38.5495 15.575 0
    endloop
  endfacet
  facet normal 0 0 -1
    outer loop
      vertex 38.495 15.6566 0
      vertex 38.495 17.1434 0
      vertex 38.5495 17.225 0
    endloop
  endfacet
  facet normal 0 0 -1
    outer loop
      vertex 38.4303 15.7303 0
      vertex 38.495 17.1434 0
      vertex 38.495 15.6566 0
    endloop
  endfacet
  facet normal 0 0 -1
    outer loop
      vertex 38.4303 15.7303 0
      vertex 38.4303 17.0697 0
      vertex 38.495 17.1434 0
    endloop
  endfacet
  facet normal 0 0 -1
    outer loop
      vertex 38.3566 15.795 0
      vertex 38.4303 17.0697 0
      vertex 38.4303 15.7303 0
    endloop
  endfacet
  facet normal 0 0 -1
    outer loop
      vertex 38.3566 15.795 0
      vertex 38.3566 17.005 0
      vertex 38.4303 17.0697 0
    endloop
  endfacet
  facet normal 0 0 -1
    outer loop
      vertex 38.275 15.8495 0
      vertex 38.3566 17.005 0
      vertex 38.3566 15.795 0
    endloop
  endfacet
  facet normal 0 0 -1
    outer loop
      vertex 38.275 15.8495 0
      vertex 38.275 16.9505 0
      vertex 38.3566 17.005 0
    endloop
  endfacet
  facet normal 0 0 -1
    outer loop
      vertex 38.187 15.8929 0
      vertex 38.275 16.9505 0
      vertex 38.275 15.8495 0
    endloop
  endfacet
  facet normal 0 0 -1
    outer loop
      vertex 38.187 15.8929 0
      vertex 38.187 16.9071 0
      vertex 38.275 16.9505 0
    endloop
  endfacet
  facet normal 0 0 -1
    outer loop
      vertex 38.0941 15.9244 0
      vertex 38.187 16.9071 0
      vertex 38.187 15.8929 0
    endloop
  endfacet
  facet normal 0 0 -1
    outer loop
      vertex 38.0941 15.9244 0
      vertex 38.0941 16.8756 0
      vertex 38.187 16.9071 0
    endloop
  endfacet
  facet normal 0 0 -1
    outer loop
      vertex 37.9979 15.9436 0
      vertex 38.0941 16.8756 0
      vertex 38.0941 15.9244 0
    endloop
  endfacet
  facet normal 0 0 -1
    outer loop
      vertex 37.9979 15.9436 0
      vertex 37.9979 16.8564 0
      vertex 38.0941 16.8756 0
    endloop
  endfacet
  facet normal 0 0 -1
    outer loop
      vertex 37.9 15.95 0
      vertex 37.9979 16.8564 0
      vertex 37.9979 15.9436 0
    endloop
  endfacet
  facet normal 0 0 -1
    outer loop
      vertex 37.9 15.95 0
      vertex 37.9 16.85 0
      vertex 37.9979 16.8564 0
    endloop
  endfacet
  facet normal 0 0 -1
    outer loop
      vertex 23.9 15.95 0
      vertex 37.9 16.85 0
      vertex 37.9 15.95 0
    endloop
  endfacet
  facet normal 0 0 -1
    outer loop
      vertex 23.9 15.95 0
      vertex 23.9 16.85 0
      vertex 37.9 16.85 0
    endloop
  endfacet
  facet normal 0 0 -1
    outer loop
      vertex 23.8021 15.9436 0
      vertex 23.9 16.85 0
      vertex 23.9 15.95 0
    endloop
  endfacet
  facet normal 0 0 -1
    outer loop
      vertex 23.8021 15.9436 0
      vertex 23.8021 16.8564 0
      vertex 23.9 16.85 0
    endloop
  endfacet
  facet normal 0 0 -1
    outer loop
      vertex 23.7059 15.9244 0
      vertex 23.8021 16.8564 0
      vertex 23.8021 15.9436 0
    endloop
  endfacet
  facet normal 0 0 -1
    outer loop
      vertex 23.7059 15.9244 0
      vertex 23.7059 16.8756 0
      vertex 23.8021 16.8564 0
    endloop
  endfacet
  facet normal 0 0 -1
    outer loop
      vertex 23.613 15.8929 0
      vertex 23.7059 16.8756 0
      vertex 23.7059 15.9244 0
    endloop
  endfacet
  facet normal 0 0 -1
    outer loop
      vertex 23.613 15.8929 0
      vertex 23.613 16.9071 0
      vertex 23.7059 16.8756 0
    endloop
  endfacet
  facet normal 0 0 -1
    outer loop
      vertex 23.525 15.8495 0
      vertex 23.613 16.9071 0
      vertex 23.613 15.8929 0
    endloop
  endfacet
  facet normal 0 0 -1
    outer loop
      vertex 23.525 15.8495 0
      vertex 23.525 16.9505 0
      vertex 23.613 16.9071 0
    endloop
  endfacet
  facet normal 0 0 -1
    outer loop
      vertex 23.4434 15.795 0
      vertex 23.525 16.9505 0
      vertex 23.525 15.8495 0
    endloop
  endfacet
  facet normal 0 0 -1
    outer loop
      vertex 23.4434 15.795 0
      vertex 23.4434 17.005 0
      vertex 23.525 16.9505 0
    endloop
  endfacet
  facet normal 0 0 -1
    outer loop
      vertex 23.3697 15.7303 0
      vertex 23.4434 17.005 0
      vertex 23.4434 15.795 0
    endloop
  endfacet
  facet normal 0 0 -1
    outer loop
      vertex 23.3697 15.7303 0
      vertex 23.3697 17.0697 0
      vertex 23.4434 17.005 0
    endloop
  endfacet
  facet normal 0 0 -1
    outer loop
      vertex 23.305 15.6566 0
      vertex 23.3697 17.0697 0
      vertex 23.3697 15.7303 0
    endloop
  endfacet
  facet normal 0 0 -1
    outer loop
      vertex 23.305 15.6566 0
      vertex 23.305 17.1434 0
      vertex 23.3697 17.0697 0
    endloop
  endfacet
  facet normal 0 0 -1
    outer loop
      vertex 23.2505 15.575 0
      vertex 23.305 17.1434 0
      vertex 23.305 15.6566 0
    endloop
  endfacet
  facet normal 0 0 -1
    outer loop
      vertex 23.2505 15.575 0
      vertex 23.2505 17.225 0
      vertex 23.305 17.1434 0
    endloop
  endfacet
  facet normal 0 0 -1
    outer loop
      vertex 23.2071 15.487 0
      vertex 23.2505 17.225 0
      vertex 23.2505 15.575 0
    endloop
  endfacet
  facet normal 0 0 -1
    outer loop
      vertex 23.2071 15.487 0
      vertex 23.2071 17.313 0
      vertex 23.2505 17.225 0
    endloop
  endfacet
  facet normal 0 0 -1
    outer loop
      vertex 23.1756 15.3941 0
      vertex 23.2071 17.313 0
      vertex 23.2071 15.487 0
    endloop
  endfacet
  facet normal 0 0 -1
    outer loop
      vertex 23.1756 15.3941 0
      vertex 23.1756 17.4059 0
      vertex 23.2071 17.313 0
    endloop
  endfacet
  facet normal 0 0 -1
    outer loop
      vertex 19.0532 19.6707 0
      vertex 23.1756 15.3941 0
      vertex 23.1564 15.2979 0
    endloop
  endfacet
  facet normal 0 0 -1
    outer loop
      vertex 23.1756 15.3941 0
      vertex 19.0532 19.6707 0
      vertex 23.1756 17.4059 0
    endloop
  endfacet
  facet normal 0 0 -1
    outer loop
      vertex 19.0532 19.6707 0
      vertex 23.1564 15.2979 0
      vertex 23.15 15.2 0
    endloop
  endfacet
  facet normal 0 0 -1
    outer loop
      vertex 23.1756 17.4059 0
      vertex 19.0532 19.6707 0
      vertex 23.1564 17.5021 0
    endloop
  endfacet
  facet normal -0 0 -1
    outer loop
      vertex 40.6216 14.0537 0
      vertex 38.6117 13.2315 0
      vertex 40.5919 14.1883 0
    endloop
  endfacet
  facet normal 0 0 -1
    outer loop
      vertex 40.5919 14.1883 0
      vertex 38.6436 15.1021 0
      vertex 38.65 15.2 0
    endloop
  endfacet
  facet normal 0 0 -1
    outer loop
      vertex 38.6117 13.2315 0
      vertex 38.6436 12.8979 0
      vertex 38.6244 12.9941 0
    endloop
  endfacet
  facet normal 0 0 -1
    outer loop
      vertex 38.495 14.7434 0
      vertex 40.5919 14.1883 0
      vertex 38.6117 13.2315 0
    endloop
  endfacet
  facet normal 0 0 -1
    outer loop
      vertex 40.5919 14.1883 0
      vertex 38.6244 15.0059 0
      vertex 38.6436 15.1021 0
    endloop
  endfacet
  facet normal 0 0 -1
    outer loop
      vertex 38.5929 13.087 0
      vertex 38.6117 13.2315 0
      vertex 38.6244 12.9941 0
    endloop
  endfacet
  facet normal 0 0 -1
    outer loop
      vertex 38.5495 13.175 0
      vertex 38.6117 13.2315 0
      vertex 38.5929 13.087 0
    endloop
  endfacet
  facet normal -0 0 -1
    outer loop
      vertex 38.6117 13.2315 0
      vertex 38.5495 13.175 0
      vertex 38.5117 13.2315 0
    endloop
  endfacet
  facet normal 0 0 -1
    outer loop
      vertex 41.2972 15.6217 0
      vertex 38.65 17.6 0
      vertex 41.4219 19.6707 0
    endloop
  endfacet
  facet normal 0 0 -1
    outer loop
      vertex 38.6244 15.3941 0
      vertex 40.6667 15.0516 0
      vertex 38.6436 15.2979 0
    endloop
  endfacet
  facet normal 0 0 -1
    outer loop
      vertex 38.6436 15.2979 0
      vertex 40.6667 15.0516 0
      vertex 38.65 15.2 0
    endloop
  endfacet
  facet normal 0 0 -1
    outer loop
      vertex 38.65 15.2 0
      vertex 40.6667 15.0516 0
      vertex 40.6236 14.9264 0
    endloop
  endfacet
  facet normal 0 0 -1
    outer loop
      vertex 38.65 15.2 0
      vertex 40.6236 14.9264 0
      vertex 40.5928 14.791 0
    endloop
  endfacet
  facet normal 0 0 -1
    outer loop
      vertex 38.65 15.2 0
      vertex 40.5928 14.791 0
      vertex 40.5743 14.6454 0
    endloop
  endfacet
  facet normal 0 0 -1
    outer loop
      vertex 38.65 15.2 0
      vertex 40.5743 14.6454 0
      vertex 40.5681 14.4896 0
    endloop
  endfacet
  facet normal 0 0 -1
    outer loop
      vertex 41.4219 19.6707 0
      vertex 38.6704 19.6707 0
      vertex 40.8231 25.5946 0
    endloop
  endfacet
  facet normal 0 0 -1
    outer loop
      vertex 40.6667 15.0516 0
      vertex 38.6244 15.3941 0
      vertex 40.7222 15.1666 0
    endloop
  endfacet
  facet normal 0 0 -1
    outer loop
      vertex 41.4219 19.6707 0
      vertex 38.65 17.6 0
      vertex 38.6436 17.6979 0
    endloop
  endfacet
  facet normal 0 0 -1
    outer loop
      vertex 41.4219 19.6707 0
      vertex 38.6436 17.6979 0
      vertex 38.6244 17.7941 0
    endloop
  endfacet
  facet normal 0 0 -1
    outer loop
      vertex 38.5929 17.887 0
      vertex 41.4219 19.6707 0
      vertex 38.6244 17.7941 0
    endloop
  endfacet
  facet normal 0 0 -1
    outer loop
      vertex 38.5495 17.975 0
      vertex 41.4219 19.6707 0
      vertex 38.5929 17.887 0
    endloop
  endfacet
  facet normal -0 0 -1
    outer loop
      vertex 41.4219 19.6707 0
      vertex 38.5495 17.975 0
      vertex 38.6704 19.6707 0
    endloop
  endfacet
  facet normal 0 0 -1
    outer loop
      vertex 38.495 18.0566 0
      vertex 38.6704 19.6707 0
      vertex 38.5495 17.975 0
    endloop
  endfacet
  facet normal -0 0 -1
    outer loop
      vertex 38.6704 19.6707 0
      vertex 38.5495 19.625 0
      vertex 38.572 19.6707 0
    endloop
  endfacet
  facet normal 0 0 -1
    outer loop
      vertex 38.4303 18.1303 0
      vertex 38.6704 19.6707 0
      vertex 38.495 18.0566 0
    endloop
  endfacet
  facet normal 0 0 -1
    outer loop
      vertex 38.6704 19.6707 0
      vertex 38.495 19.5434 0
      vertex 38.5495 19.625 0
    endloop
  endfacet
  facet normal 0 0 -1
    outer loop
      vertex 38.4303 19.4697 0
      vertex 38.6704 19.6707 0
      vertex 38.4303 18.1303 0
    endloop
  endfacet
  facet normal 0 0 -1
    outer loop
      vertex 38.6704 19.6707 0
      vertex 38.4303 19.4697 0
      vertex 38.495 19.5434 0
    endloop
  endfacet
  facet normal 0 0 -1
    outer loop
      vertex 38.3566 18.195 0
      vertex 38.4303 19.4697 0
      vertex 38.4303 18.1303 0
    endloop
  endfacet
  facet normal 0 0 -1
    outer loop
      vertex 38.3566 18.195 0
      vertex 38.3566 19.405 0
      vertex 38.4303 19.4697 0
    endloop
  endfacet
  facet normal 0 0 -1
    outer loop
      vertex 38.275 18.2495 0
      vertex 38.3566 19.405 0
      vertex 38.3566 18.195 0
    endloop
  endfacet
  facet normal 0 0 -1
    outer loop
      vertex 38.275 18.2495 0
      vertex 38.275 19.3505 0
      vertex 38.3566 19.405 0
    endloop
  endfacet
  facet normal 0 0 -1
    outer loop
      vertex 38.187 18.2929 0
      vertex 38.275 19.3505 0
      vertex 38.275 18.2495 0
    endloop
  endfacet
  facet normal 0 0 -1
    outer loop
      vertex 38.187 18.2929 0
      vertex 38.187 19.3071 0
      vertex 38.275 19.3505 0
    endloop
  endfacet
  facet normal 0 0 -1
    outer loop
      vertex 38.0941 18.3244 0
      vertex 38.187 19.3071 0
      vertex 38.187 18.2929 0
    endloop
  endfacet
  facet normal 0 0 -1
    outer loop
      vertex 38.0941 18.3244 0
      vertex 38.0941 19.2756 0
      vertex 38.187 19.3071 0
    endloop
  endfacet
  facet normal 0 0 -1
    outer loop
      vertex 37.9979 18.3436 0
      vertex 38.0941 19.2756 0
      vertex 38.0941 18.3244 0
    endloop
  endfacet
  facet normal 0 0 -1
    outer loop
      vertex 37.9979 18.3436 0
      vertex 37.9979 19.2564 0
      vertex 38.0941 19.2756 0
    endloop
  endfacet
  facet normal 0 0 -1
    outer loop
      vertex 37.9 18.35 0
      vertex 37.9979 19.2564 0
      vertex 37.9979 18.3436 0
    endloop
  endfacet
  facet normal 0 0 -1
    outer loop
      vertex 37.9 18.35 0
      vertex 37.9 19.25 0
      vertex 37.9979 19.2564 0
    endloop
  endfacet
  facet normal 0 0 -1
    outer loop
      vertex 23.9 18.35 0
      vertex 37.9 19.25 0
      vertex 37.9 18.35 0
    endloop
  endfacet
  facet normal 0 0 -1
    outer loop
      vertex 23.9 18.35 0
      vertex 23.9 19.25 0
      vertex 37.9 19.25 0
    endloop
  endfacet
  facet normal 0 0 -1
    outer loop
      vertex 23.8021 18.3436 0
      vertex 23.9 19.25 0
      vertex 23.9 18.35 0
    endloop
  endfacet
  facet normal 0 0 -1
    outer loop
      vertex 23.8021 18.3436 0
      vertex 23.8021 19.2564 0
      vertex 23.9 19.25 0
    endloop
  endfacet
  facet normal 0 0 -1
    outer loop
      vertex 23.7059 18.3244 0
      vertex 23.8021 19.2564 0
      vertex 23.8021 18.3436 0
    endloop
  endfacet
  facet normal 0 0 -1
    outer loop
      vertex 23.7059 18.3244 0
      vertex 23.7059 19.2756 0
      vertex 23.8021 19.2564 0
    endloop
  endfacet
  facet normal 0 0 -1
    outer loop
      vertex 23.613 18.2929 0
      vertex 23.7059 19.2756 0
      vertex 23.7059 18.3244 0
    endloop
  endfacet
  facet normal 0 0 -1
    outer loop
      vertex 23.613 18.2929 0
      vertex 23.613 19.3071 0
      vertex 23.7059 19.2756 0
    endloop
  endfacet
  facet normal 0 0 -1
    outer loop
      vertex 23.525 18.2495 0
      vertex 23.613 19.3071 0
      vertex 23.613 18.2929 0
    endloop
  endfacet
  facet normal 0 0 -1
    outer loop
      vertex 23.525 18.2495 0
      vertex 23.525 19.3505 0
      vertex 23.613 19.3071 0
    endloop
  endfacet
  facet normal 0 0 -1
    outer loop
      vertex 23.4434 18.195 0
      vertex 23.525 19.3505 0
      vertex 23.525 18.2495 0
    endloop
  endfacet
  facet normal 0 0 -1
    outer loop
      vertex 23.4434 18.195 0
      vertex 23.4434 19.405 0
      vertex 23.525 19.3505 0
    endloop
  endfacet
  facet normal 0 0 -1
    outer loop
      vertex 23.3697 18.1303 0
      vertex 23.4434 19.405 0
      vertex 23.4434 18.195 0
    endloop
  endfacet
  facet normal 0 0 -1
    outer loop
      vertex 23.3697 18.1303 0
      vertex 23.3697 19.4697 0
      vertex 23.4434 19.405 0
    endloop
  endfacet
  facet normal 0 0 -1
    outer loop
      vertex 23.305 18.0566 0
      vertex 23.3697 19.4697 0
      vertex 23.3697 18.1303 0
    endloop
  endfacet
  facet normal 0 0 -1
    outer loop
      vertex 23.305 18.0566 0
      vertex 23.305 19.5434 0
      vertex 23.3697 19.4697 0
    endloop
  endfacet
  facet normal 0 0 -1
    outer loop
      vertex 23.2505 17.975 0
      vertex 23.305 19.5434 0
      vertex 23.305 18.0566 0
    endloop
  endfacet
  facet normal 0 0 -1
    outer loop
      vertex 23.2505 17.975 0
      vertex 23.2505 19.625 0
      vertex 23.305 19.5434 0
    endloop
  endfacet
  facet normal 0 0 -1
    outer loop
      vertex 23.2505 17.975 0
      vertex 23.228 19.6707 0
      vertex 23.2505 19.625 0
    endloop
  endfacet
  facet normal 0 0 -1
    outer loop
      vertex 23.2071 17.887 0
      vertex 23.228 19.6707 0
      vertex 23.2505 17.975 0
    endloop
  endfacet
  facet normal 0 0 -1
    outer loop
      vertex 19.0532 19.6707 0
      vertex 23.2071 17.887 0
      vertex 23.1756 17.7941 0
    endloop
  endfacet
  facet normal 0 0 -1
    outer loop
      vertex 19.0532 19.6707 0
      vertex 23.1756 17.7941 0
      vertex 23.1564 17.6979 0
    endloop
  endfacet
  facet normal 0 0 -1
    outer loop
      vertex 19.0532 19.6707 0
      vertex 23.1564 17.6979 0
      vertex 23.15 17.6 0
    endloop
  endfacet
  facet normal 0 0 -1
    outer loop
      vertex 23.2071 17.887 0
      vertex 19.0532 19.6707 0
      vertex 23.228 19.6707 0
    endloop
  endfacet
  facet normal 0 0 -1
    outer loop
      vertex 40.5919 14.1883 0
      vertex 38.5929 14.913 0
      vertex 38.6244 15.0059 0
    endloop
  endfacet
  facet normal 0 0 -1
    outer loop
      vertex 40.5919 14.1883 0
      vertex 38.5495 14.825 0
      vertex 38.5929 14.913 0
    endloop
  endfacet
  facet normal 0 0 -1
    outer loop
      vertex 40.5919 14.1883 0
      vertex 38.495 14.7434 0
      vertex 38.5495 14.825 0
    endloop
  endfacet
  facet normal 0 0 -1
    outer loop
      vertex 38.6117 13.2315 0
      vertex 38.4303 14.6697 0
      vertex 38.495 14.7434 0
    endloop
  endfacet
  facet normal 0 0 -1
    outer loop
      vertex 38.6117 13.2315 0
      vertex 38.3566 14.605 0
      vertex 38.4303 14.6697 0
    endloop
  endfacet
  facet normal 0 -0 -1
    outer loop
      vertex 38.3566 14.605 0
      vertex 38.6117 13.2315 0
      vertex 38.3544 14.6035 0
    endloop
  endfacet
  facet normal 0 0 -1
    outer loop
      vertex 66.3396 7.55489 0
      vertex 72 4 0
      vertex 66.4006 7.37529 0
    endloop
  endfacet
  facet normal 0 0 -1
    outer loop
      vertex 72 33 0
      vertex 66.4376 29.8107 0
      vertex 66.45 30 0
    endloop
  endfacet
  facet normal 0 0 -1
    outer loop
      vertex 66.2557 7.725 0
      vertex 72 4 0
      vertex 66.3396 7.55489 0
    endloop
  endfacet
  facet normal 0 0 -1
    outer loop
      vertex 72 33 0
      vertex 66.4006 29.6247 0
      vertex 66.4376 29.8107 0
    endloop
  endfacet
  facet normal 0 0 -1
    outer loop
      vertex 66.1504 7.8827 0
      vertex 72 4 0
      vertex 66.2557 7.725 0
    endloop
  endfacet
  facet normal 0 0 -1
    outer loop
      vertex 72 33 0
      vertex 66.3396 29.4451 0
      vertex 66.4006 29.6247 0
    endloop
  endfacet
  facet normal 0 0 -1
    outer loop
      vertex 66.0253 8.0253 0
      vertex 72 4 0
      vertex 66.1504 7.8827 0
    endloop
  endfacet
  facet normal 0 0 -1
    outer loop
      vertex 72 33 0
      vertex 66.2557 29.275 0
      vertex 66.3396 29.4451 0
    endloop
  endfacet
  facet normal 0 0 -1
    outer loop
      vertex 72 4 0
      vertex 66.0253 8.0253 0
      vertex 72 33 0
    endloop
  endfacet
  facet normal 0 0 -1
    outer loop
      vertex 72 33 0
      vertex 66.1504 29.1173 0
      vertex 66.2557 29.275 0
    endloop
  endfacet
  facet normal 0 0 -1
    outer loop
      vertex 66.0253 28.9747 0
      vertex 72 33 0
      vertex 66.0253 8.0253 0
    endloop
  endfacet
  facet normal 0 0 -1
    outer loop
      vertex 72 33 0
      vertex 66.0253 28.9747 0
      vertex 66.1504 29.1173 0
    endloop
  endfacet
  facet normal 0 0 -1
    outer loop
      vertex 65.8827 8.15036 0
      vertex 66.0253 28.9747 0
      vertex 66.0253 8.0253 0
    endloop
  endfacet
  facet normal 0 0 -1
    outer loop
      vertex 65.8827 8.15036 0
      vertex 65.8827 28.8496 0
      vertex 66.0253 28.9747 0
    endloop
  endfacet
  facet normal 0 0 -1
    outer loop
      vertex 65.725 8.25574 0
      vertex 65.8827 28.8496 0
      vertex 65.8827 8.15036 0
    endloop
  endfacet
  facet normal 0 0 -1
    outer loop
      vertex 65.725 8.25574 0
      vertex 65.725 28.7443 0
      vertex 65.8827 28.8496 0
    endloop
  endfacet
  facet normal 0 0 -1
    outer loop
      vertex 65.5549 8.33962 0
      vertex 65.725 28.7443 0
      vertex 65.725 8.25574 0
    endloop
  endfacet
  facet normal 0 0 -1
    outer loop
      vertex 65.5549 8.33962 0
      vertex 65.5549 28.6604 0
      vertex 65.725 28.7443 0
    endloop
  endfacet
  facet normal 0 0 -1
    outer loop
      vertex 65.3753 8.40059 0
      vertex 65.5549 28.6604 0
      vertex 65.5549 8.33962 0
    endloop
  endfacet
  facet normal 0 0 -1
    outer loop
      vertex 65.3753 8.40059 0
      vertex 65.3753 28.5994 0
      vertex 65.5549 28.6604 0
    endloop
  endfacet
  facet normal 0 0 -1
    outer loop
      vertex 58.0278 20.7679 0
      vertex 65.3753 8.40059 0
      vertex 65.1893 8.43759 0
    endloop
  endfacet
  facet normal 0 0 -1
    outer loop
      vertex 65.3753 8.40059 0
      vertex 58.0278 20.7679 0
      vertex 65.3753 28.5994 0
    endloop
  endfacet
  facet normal 0 0 -1
    outer loop
      vertex 57.971 20.5944 0
      vertex 65.1893 8.43759 0
      vertex 65 8.45 0
    endloop
  endfacet
  facet normal 0 -0 -1
    outer loop
      vertex 58.0619 20.9562 0
      vertex 65.3753 28.5994 0
      vertex 58.0278 20.7679 0
    endloop
  endfacet
  facet normal 0 0 -1
    outer loop
      vertex 57.8914 20.4356 0
      vertex 65 8.45 0
      vertex 64.8107 8.43759 0
    endloop
  endfacet
  facet normal 0 0 -1
    outer loop
      vertex 65.3753 28.5994 0
      vertex 58.0619 20.9562 0
      vertex 65.1893 28.5624 0
    endloop
  endfacet
  facet normal 0 0 -1
    outer loop
      vertex 57.7891 20.2914 0
      vertex 64.8107 8.43759 0
      vertex 64.6247 8.40059 0
    endloop
  endfacet
  facet normal 0 -0 -1
    outer loop
      vertex 58.0733 21.159 0
      vertex 65.1893 28.5624 0
      vertex 58.0619 20.9562 0
    endloop
  endfacet
  facet normal 0 0 -1
    outer loop
      vertex 57.664 20.1618 0
      vertex 64.6247 8.40059 0
      vertex 64.4451 8.33962 0
    endloop
  endfacet
  facet normal 0 0 -1
    outer loop
      vertex 65.1893 28.5624 0
      vertex 58.0733 21.159 0
      vertex 65 28.55 0
    endloop
  endfacet
  facet normal 0 0 -1
    outer loop
      vertex 57.5162 20.047 0
      vertex 64.4451 8.33962 0
      vertex 64.275 8.25574 0
    endloop
  endfacet
  facet normal 0 -0 -1
    outer loop
      vertex 58.3447 23.4291 0
      vertex 65 28.55 0
      vertex 58.0733 21.159 0
    endloop
  endfacet
  facet normal 0 0 -1
    outer loop
      vertex 57.3463 19.9471 0
      vertex 64.275 8.25574 0
      vertex 64.1173 8.15036 0
    endloop
  endfacet
  facet normal 0 -0 -1
    outer loop
      vertex 58.3831 23.5779 0
      vertex 65 28.55 0
      vertex 58.3447 23.4291 0
    endloop
  endfacet
  facet normal 0 0 -1
    outer loop
      vertex 57.1548 19.8627 0
      vertex 64.1173 8.15036 0
      vertex 63.9747 8.0253 0
    endloop
  endfacet
  facet normal -0 0 -1
    outer loop
      vertex 65 28.55 0
      vertex 58.3831 23.5779 0
      vertex 64.8107 28.5624 0
    endloop
  endfacet
  facet normal 0 0 -1
    outer loop
      vertex 56.9418 19.7935 0
      vertex 63.9747 8.0253 0
      vertex 63.8496 7.8827 0
    endloop
  endfacet
  facet normal 0 -0 -1
    outer loop
      vertex 58.4062 23.7363 0
      vertex 64.8107 28.5624 0
      vertex 58.3831 23.5779 0
    endloop
  endfacet
  facet normal 0 0 -1
    outer loop
      vertex 56.4512 19.7014 0
      vertex 63.8496 7.8827 0
      vertex 63.7443 7.725 0
    endloop
  endfacet
  facet normal -0 0 -1
    outer loop
      vertex 64.8107 28.5624 0
      vertex 58.4062 23.7363 0
      vertex 64.6247 28.5994 0
    endloop
  endfacet
  facet normal 0 0 -1
    outer loop
      vertex 56.1736 19.6783 0
      vertex 63.7443 7.725 0
      vertex 63.6604 7.55489 0
    endloop
  endfacet
  facet normal 0 -0 -1
    outer loop
      vertex 58.4138 23.9044 0
      vertex 64.6247 28.5994 0
      vertex 58.4062 23.7363 0
    endloop
  endfacet
  facet normal 0 0 -1
    outer loop
      vertex 55.8744 19.6707 0
      vertex 63.6604 7.55489 0
      vertex 63.5994 7.37529 0
    endloop
  endfacet
  facet normal 0 0 -1
    outer loop
      vertex 58.4015 24.1276 0
      vertex 64.4451 28.6604 0
      vertex 58.4138 23.9044 0
    endloop
  endfacet
  facet normal 0 0 -1
    outer loop
      vertex 44.9647 13.3536 0
      vertex 63.5994 7.37529 0
      vertex 63.5624 7.18926 0
    endloop
  endfacet
  facet normal -0 0 -1
    outer loop
      vertex 64.4451 28.6604 0
      vertex 58.4015 24.1276 0
      vertex 64.275 28.7443 0
    endloop
  endfacet
  facet normal 0 0 -1
    outer loop
      vertex 44.9647 13.3536 0
      vertex 63.5624 7.18926 0
      vertex 63.55 7 0
    endloop
  endfacet
  facet normal -0 0 -1
    outer loop
      vertex 64.275 28.7443 0
      vertex 58.3644 24.3359 0
      vertex 64.1173 28.8496 0
    endloop
  endfacet
  facet normal 0 0 -1
    outer loop
      vertex 66.1504 6.1173 0
      vertex 72 4 0
      vertex 71.9658 3.47789 0
    endloop
  endfacet
  facet normal 0 0 -1
    outer loop
      vertex 66.4376 7.18926 0
      vertex 72 4 0
      vertex 66.45 7 0
    endloop
  endfacet
  facet normal 0 0 -1
    outer loop
      vertex 66.1504 6.1173 0
      vertex 71.9658 3.47789 0
      vertex 71.8637 2.96472 0
    endloop
  endfacet
  facet normal 0 0 -1
    outer loop
      vertex 66.4006 7.37529 0
      vertex 72 4 0
      vertex 66.4376 7.18926 0
    endloop
  endfacet
  facet normal 0 0 -1
    outer loop
      vertex 66.0253 5.97469 0
      vertex 71.8637 2.96472 0
      vertex 71.6955 2.46925 0
    endloop
  endfacet
  facet normal 0 0 -1
    outer loop
      vertex 66.4376 30.1893 0
      vertex 72 33 0
      vertex 66.45 30 0
    endloop
  endfacet
  facet normal 0 0 -1
    outer loop
      vertex 66.0253 5.97469 0
      vertex 71.6955 2.46925 0
      vertex 71.4641 2 0
    endloop
  endfacet
  facet normal 0 0 -1
    outer loop
      vertex 66.4006 30.3753 0
      vertex 72 33 0
      vertex 66.4376 30.1893 0
    endloop
  endfacet
  facet normal 0 0 -1
    outer loop
      vertex 66.0253 5.97469 0
      vertex 71.4641 2 0
      vertex 71.1734 1.56494 0
    endloop
  endfacet
  facet normal 0 0 -1
    outer loop
      vertex 66.3396 30.5549 0
      vertex 72 33 0
      vertex 66.4006 30.3753 0
    endloop
  endfacet
  facet normal 0 0 -1
    outer loop
      vertex 66.0253 5.97469 0
      vertex 71.1734 1.56494 0
      vertex 70.8284 1.17157 0
    endloop
  endfacet
  facet normal 0 0 -1
    outer loop
      vertex 66.2557 30.725 0
      vertex 72 33 0
      vertex 66.3396 30.5549 0
    endloop
  endfacet
  facet normal 0 0 -1
    outer loop
      vertex 66.0253 5.97469 0
      vertex 70.8284 1.17157 0
      vertex 70.435 0.826584 0
    endloop
  endfacet
  facet normal 0 0 -1
    outer loop
      vertex 66.1504 30.8827 0
      vertex 72 33 0
      vertex 66.2557 30.725 0
    endloop
  endfacet
  facet normal 0 0 -1
    outer loop
      vertex 66.0253 5.97469 0
      vertex 70.435 0.826584 0
      vertex 70 0.535889 0
    endloop
  endfacet
  facet normal -0 0 -1
    outer loop
      vertex 72 33 0
      vertex 66.1504 30.8827 0
      vertex 71.9658 33.5221 0
    endloop
  endfacet
  facet normal 0 0 -1
    outer loop
      vertex 66.0253 5.97469 0
      vertex 70 0.535889 0
      vertex 69.5307 0.304474 0
    endloop
  endfacet
  facet normal -0 0 -1
    outer loop
      vertex 71.9658 33.5221 0
      vertex 66.1504 30.8827 0
      vertex 71.8637 34.0353 0
    endloop
  endfacet
  facet normal 0 0 -1
    outer loop
      vertex 66.0253 5.97469 0
      vertex 69.5307 0.304474 0
      vertex 69.0353 0.136292 0
    endloop
  endfacet
  facet normal 0 0 -1
    outer loop
      vertex 66.0253 31.0253 0
      vertex 71.8637 34.0353 0
      vertex 66.1504 30.8827 0
    endloop
  endfacet
  facet normal 0 0 -1
    outer loop
      vertex 65.8827 5.84964 0
      vertex 69.0353 0.136292 0
      vertex 68.5221 0.0342102 0
    endloop
  endfacet
  facet normal -0 0 -1
    outer loop
      vertex 71.8637 34.0353 0
      vertex 66.0253 31.0253 0
      vertex 71.6955 34.5307 0
    endloop
  endfacet
  facet normal 0 0 -1
    outer loop
      vertex 65.8827 5.84964 0
      vertex 68.5221 0.0342102 0
      vertex 68 0 0
    endloop
  endfacet
  facet normal -0 0 -1
    outer loop
      vertex 71.6955 34.5307 0
      vertex 66.0253 31.0253 0
      vertex 71.4641 35 0
    endloop
  endfacet
  facet normal -0 0 -1
    outer loop
      vertex 71.4641 35 0
      vertex 66.0253 31.0253 0
      vertex 71.1734 35.435 0
    endloop
  endfacet
  facet normal 0 0 -1
    outer loop
      vertex 72 4 0
      vertex 66.4376 6.81074 0
      vertex 66.45 7 0
    endloop
  endfacet
  facet normal 0 0 -1
    outer loop
      vertex 72 4 0
      vertex 66.4006 6.62471 0
      vertex 66.4376 6.81074 0
    endloop
  endfacet
  facet normal 0 0 -1
    outer loop
      vertex 72 4 0
      vertex 66.3396 6.44511 0
      vertex 66.4006 6.62471 0
    endloop
  endfacet
  facet normal 0 0 -1
    outer loop
      vertex 72 4 0
      vertex 66.2557 6.275 0
      vertex 66.3396 6.44511 0
    endloop
  endfacet
  facet normal 0 0 -1
    outer loop
      vertex 72 4 0
      vertex 66.1504 6.1173 0
      vertex 66.2557 6.275 0
    endloop
  endfacet
  facet normal 0 0 -1
    outer loop
      vertex 71.8637 2.96472 0
      vertex 66.0253 5.97469 0
      vertex 66.1504 6.1173 0
    endloop
  endfacet
  facet normal 0 0 -1
    outer loop
      vertex 69.0353 0.136292 0
      vertex 65.8827 5.84964 0
      vertex 66.0253 5.97469 0
    endloop
  endfacet
  facet normal 0 0 -1
    outer loop
      vertex 68 0 0
      vertex 65.725 5.74426 0
      vertex 65.8827 5.84964 0
    endloop
  endfacet
  facet normal 0 0 -1
    outer loop
      vertex 68 0 0
      vertex 65.5549 5.66037 0
      vertex 65.725 5.74426 0
    endloop
  endfacet
  facet normal 0 0 -1
    outer loop
      vertex 68 0 0
      vertex 65.3753 5.59941 0
      vertex 65.5549 5.66037 0
    endloop
  endfacet
  facet normal 0 0 -1
    outer loop
      vertex 68 0 0
      vertex 65.1893 5.5624 0
      vertex 65.3753 5.59941 0
    endloop
  endfacet
  facet normal 0 0 -1
    outer loop
      vertex 68 0 0
      vertex 65 5.55 0
      vertex 65.1893 5.5624 0
    endloop
  endfacet
  facet normal 0 0 -1
    outer loop
      vertex 68 0 0
      vertex 64.8107 5.5624 0
      vertex 65 5.55 0
    endloop
  endfacet
  facet normal 0 0 -1
    outer loop
      vertex 68 0 0
      vertex 64.6247 5.59941 0
      vertex 64.8107 5.5624 0
    endloop
  endfacet
  facet normal 0 0 -1
    outer loop
      vertex 68 0 0
      vertex 64.4451 5.66037 0
      vertex 64.6247 5.59941 0
    endloop
  endfacet
  facet normal 0 0 -1
    outer loop
      vertex 68 0 0
      vertex 64.275 5.74426 0
      vertex 64.4451 5.66037 0
    endloop
  endfacet
  facet normal 0 0 -1
    outer loop
      vertex 68 0 0
      vertex 64.1173 5.84964 0
      vertex 64.275 5.74426 0
    endloop
  endfacet
  facet normal 0 0 -1
    outer loop
      vertex 68 0 0
      vertex 63.9747 5.97469 0
      vertex 64.1173 5.84964 0
    endloop
  endfacet
  facet normal 0 0 -1
    outer loop
      vertex 44.9647 13.3536 0
      vertex 63.9747 5.97469 0
      vertex 68 0 0
    endloop
  endfacet
  facet normal 0 0 -1
    outer loop
      vertex 58.3027 24.5292 0
      vertex 64.1173 28.8496 0
      vertex 58.3644 24.3359 0
    endloop
  endfacet
  facet normal 0 0 -1
    outer loop
      vertex 44.9647 13.3536 0
      vertex 63.55 7 0
      vertex 63.5624 6.81074 0
    endloop
  endfacet
  facet normal 0 0 -1
    outer loop
      vertex 44.9647 13.3536 0
      vertex 63.5624 6.81074 0
      vertex 63.5994 6.62471 0
    endloop
  endfacet
  facet normal 0 0 -1
    outer loop
      vertex 58.105 24.871 0
      vertex 63.8496 29.1173 0
      vertex 58.2162 24.7076 0
    endloop
  endfacet
  facet normal -0 0 -1
    outer loop
      vertex 63.9747 28.9747 0
      vertex 58.2162 24.7076 0
      vertex 63.8496 29.1173 0
    endloop
  endfacet
  facet normal 0 0 -1
    outer loop
      vertex 58.2162 24.7076 0
      vertex 63.9747 28.9747 0
      vertex 58.3027 24.5292 0
    endloop
  endfacet
  facet normal 0 0 -1
    outer loop
      vertex 58.3644 24.3359 0
      vertex 64.275 28.7443 0
      vertex 58.4015 24.1276 0
    endloop
  endfacet
  facet normal 0 0 -1
    outer loop
      vertex 58.0676 21.3 0
      vertex 58.3447 23.4291 0
      vertex 58.0733 21.159 0
    endloop
  endfacet
  facet normal 0 0 -1
    outer loop
      vertex 58.3447 23.4291 0
      vertex 58.0676 21.3 0
      vertex 58.291 23.2901 0
    endloop
  endfacet
  facet normal 0 0 -1
    outer loop
      vertex 58.0505 21.4345 0
      vertex 58.291 23.2901 0
      vertex 58.0676 21.3 0
    endloop
  endfacet
  facet normal 0 0 -1
    outer loop
      vertex 44.9647 13.3536 0
      vertex 63.5994 6.62471 0
      vertex 63.6604 6.44511 0
    endloop
  endfacet
  facet normal -0 0 -1
    outer loop
      vertex 64.1173 28.8496 0
      vertex 58.3027 24.5292 0
      vertex 63.9747 28.9747 0
    endloop
  endfacet
  facet normal -0 0 -1
    outer loop
      vertex 64.6247 28.5994 0
      vertex 58.4138 23.9044 0
      vertex 64.4451 28.6604 0
    endloop
  endfacet
  facet normal 0 0 -1
    outer loop
      vertex 65.1893 8.43759 0
      vertex 57.971 20.5944 0
      vertex 58.0278 20.7679 0
    endloop
  endfacet
  facet normal 0 0 -1
    outer loop
      vertex 65 8.45 0
      vertex 57.8914 20.4356 0
      vertex 57.971 20.5944 0
    endloop
  endfacet
  facet normal 0 0 -1
    outer loop
      vertex 64.8107 8.43759 0
      vertex 57.7891 20.2914 0
      vertex 57.8914 20.4356 0
    endloop
  endfacet
  facet normal 0 0 -1
    outer loop
      vertex 64.6247 8.40059 0
      vertex 57.664 20.1618 0
      vertex 57.7891 20.2914 0
    endloop
  endfacet
  facet normal 0 0 -1
    outer loop
      vertex 64.4451 8.33962 0
      vertex 57.5162 20.047 0
      vertex 57.664 20.1618 0
    endloop
  endfacet
  facet normal 0 0 -1
    outer loop
      vertex 64.275 8.25574 0
      vertex 57.3463 19.9471 0
      vertex 57.5162 20.047 0
    endloop
  endfacet
  facet normal 0 0 -1
    outer loop
      vertex 64.1173 8.15036 0
      vertex 57.1548 19.8627 0
      vertex 57.3463 19.9471 0
    endloop
  endfacet
  facet normal 0 0 -1
    outer loop
      vertex 63.9747 8.0253 0
      vertex 56.9418 19.7935 0
      vertex 57.1548 19.8627 0
    endloop
  endfacet
  facet normal 0 0 -1
    outer loop
      vertex 44.9647 13.3536 0
      vertex 63.6604 6.44511 0
      vertex 63.7443 6.275 0
    endloop
  endfacet
  facet normal 0 0 -1
    outer loop
      vertex 63.8496 7.8827 0
      vertex 56.7073 19.7398 0
      vertex 56.9418 19.7935 0
    endloop
  endfacet
  facet normal 0 0 -1
    outer loop
      vertex 63.8496 7.8827 0
      vertex 56.4512 19.7014 0
      vertex 56.7073 19.7398 0
    endloop
  endfacet
  facet normal 0 0 -1
    outer loop
      vertex 63.7443 7.725 0
      vertex 56.1736 19.6783 0
      vertex 56.4512 19.7014 0
    endloop
  endfacet
  facet normal 0 0 -1
    outer loop
      vertex 63.6604 7.55489 0
      vertex 55.8744 19.6707 0
      vertex 56.1736 19.6783 0
    endloop
  endfacet
  facet normal 0 0 -1
    outer loop
      vertex 63.5994 7.37529 0
      vertex 53.1626 19.6707 0
      vertex 55.8744 19.6707 0
    endloop
  endfacet
  facet normal 0 0 -1
    outer loop
      vertex 44.9647 13.3536 0
      vertex 63.7443 6.275 0
      vertex 63.8496 6.1173 0
    endloop
  endfacet
  facet normal 0 0 -1
    outer loop
      vertex 63.9747 5.97469 0
      vertex 44.9647 13.3536 0
      vertex 63.8496 6.1173 0
    endloop
  endfacet
  facet normal 0 0 -1
    outer loop
      vertex 52.3636 23.5864 0
      vertex 53.1626 25.5946 0
      vertex 53.1626 19.6707 0
    endloop
  endfacet
  facet normal 0 0 -1
    outer loop
      vertex 53.1626 25.5946 0
      vertex 52.3822 23.7837 0
      vertex 52.3845 23.8876 0
    endloop
  endfacet
  facet normal 0 0 -1
    outer loop
      vertex 53.1626 25.5946 0
      vertex 52.3752 23.6833 0
      vertex 52.3822 23.7837 0
    endloop
  endfacet
  facet normal 0 0 -1
    outer loop
      vertex 53.1626 25.5946 0
      vertex 52.3636 23.5864 0
      vertex 52.3752 23.6833 0
    endloop
  endfacet
  facet normal 0 0 -1
    outer loop
      vertex 53.1626 19.6707 0
      vertex 52.3474 23.493 0
      vertex 52.3636 23.5864 0
    endloop
  endfacet
  facet normal 0 0 -1
    outer loop
      vertex 53.1626 19.6707 0
      vertex 52.3266 23.4031 0
      vertex 52.3474 23.493 0
    endloop
  endfacet
  facet normal 0 0 -1
    outer loop
      vertex 53.1626 19.6707 0
      vertex 52.3011 23.3167 0
      vertex 52.3266 23.4031 0
    endloop
  endfacet
  facet normal 0 0 -1
    outer loop
      vertex 53.1626 19.6707 0
      vertex 52.271 23.2339 0
      vertex 52.3011 23.3167 0
    endloop
  endfacet
  facet normal 0 0 -1
    outer loop
      vertex 52.2289 21.0665 0
      vertex 52.271 23.2339 0
      vertex 53.1626 19.6707 0
    endloop
  endfacet
  facet normal 0 0 -1
    outer loop
      vertex 52.271 23.2339 0
      vertex 52.2289 21.0665 0
      vertex 52.2365 23.1544 0
    endloop
  endfacet
  facet normal 0 0 -1
    outer loop
      vertex 53.1626 19.6707 0
      vertex 52.1753 20.8487 0
      vertex 52.2289 21.0665 0
    endloop
  endfacet
  facet normal 0 0 -1
    outer loop
      vertex 63.5994 7.37529 0
      vertex 44.9647 13.3536 0
      vertex 53.1626 19.6707 0
    endloop
  endfacet
  facet normal 0 0 -1
    outer loop
      vertex 53.1626 19.6707 0
      vertex 52.1055 20.6492 0
      vertex 52.1753 20.8487 0
    endloop
  endfacet
  facet normal 0 0 -1
    outer loop
      vertex 53.1626 19.6707 0
      vertex 52.0198 20.468 0
      vertex 52.1055 20.6492 0
    endloop
  endfacet
  facet normal 0 0 -1
    outer loop
      vertex 53.1626 19.6707 0
      vertex 51.918 20.3053 0
      vertex 52.0198 20.468 0
    endloop
  endfacet
  facet normal 0 0 -1
    outer loop
      vertex 53.1626 19.6707 0
      vertex 51.8001 20.1609 0
      vertex 51.918 20.3053 0
    endloop
  endfacet
  facet normal 0 0 -1
    outer loop
      vertex 53.1626 19.6707 0
      vertex 51.6662 20.0348 0
      vertex 51.8001 20.1609 0
    endloop
  endfacet
  facet normal 0 0 -1
    outer loop
      vertex 53.1626 19.6707 0
      vertex 51.5162 19.9272 0
      vertex 51.6662 20.0348 0
    endloop
  endfacet
  facet normal 0 0 -1
    outer loop
      vertex 53.1626 19.6707 0
      vertex 51.3471 19.8357 0
      vertex 51.5162 19.9272 0
    endloop
  endfacet
  facet normal 0 -0 -1
    outer loop
      vertex 50.7052 19.6457 0
      vertex 53.1626 19.6707 0
      vertex 44.9647 13.3536 0
    endloop
  endfacet
  facet normal 0 0 -1
    outer loop
      vertex 53.1626 19.6707 0
      vertex 51.1555 19.7583 0
      vertex 51.3471 19.8357 0
    endloop
  endfacet
  facet normal 0 0 -1
    outer loop
      vertex 53.1626 19.6707 0
      vertex 50.9416 19.695 0
      vertex 51.1555 19.7583 0
    endloop
  endfacet
  facet normal -0 0 -1
    outer loop
      vertex 53.1626 19.6707 0
      vertex 50.7052 19.6457 0
      vertex 50.9416 19.695 0
    endloop
  endfacet
  facet normal 0 0 -1
    outer loop
      vertex 50.7052 19.6457 0
      vertex 44.9647 13.3536 0
      vertex 50.4465 19.6105 0
    endloop
  endfacet
  facet normal 0 0 -1
    outer loop
      vertex 50.4465 19.6105 0
      vertex 44.9647 13.3536 0
      vertex 50.1654 19.5894 0
    endloop
  endfacet
  facet normal 0 0 -1
    outer loop
      vertex 50.1654 19.5894 0
      vertex 44.9647 13.3536 0
      vertex 49.8618 19.5824 0
    endloop
  endfacet
  facet normal 0 0 -1
    outer loop
      vertex 44.9647 15.6467 0
      vertex 49.8618 19.5824 0
      vertex 44.9647 13.3536 0
    endloop
  endfacet
  facet normal -0 0 -1
    outer loop
      vertex 49.8618 19.5824 0
      vertex 44.9647 15.6467 0
      vertex 49.5439 19.5911 0
    endloop
  endfacet
  facet normal -0 0 -1
    outer loop
      vertex 49.5439 19.5911 0
      vertex 44.9647 15.6467 0
      vertex 49.2484 19.6172 0
    endloop
  endfacet
  facet normal -0 0 -1
    outer loop
      vertex 49.2484 19.6172 0
      vertex 44.9647 15.6467 0
      vertex 48.9752 19.6608 0
    endloop
  endfacet
  facet normal -0 0 -1
    outer loop
      vertex 48.9752 19.6608 0
      vertex 44.9647 15.6467 0
      vertex 48.7245 19.7217 0
    endloop
  endfacet
  facet normal 0 -0 -1
    outer loop
      vertex 46.5975 19.6707 0
      vertex 48.7245 19.7217 0
      vertex 44.9647 15.6467 0
    endloop
  endfacet
  facet normal -0 0 -1
    outer loop
      vertex 48.7245 19.7217 0
      vertex 46.5975 19.6707 0
      vertex 48.4961 19.8001 0
    endloop
  endfacet
  facet normal 0 0 -1
    outer loop
      vertex 46.5975 19.6707 0
      vertex 47.5032 21.2389 0
      vertex 47.5155 21.0171 0
    endloop
  endfacet
  facet normal -0 0 -1
    outer loop
      vertex 47.5032 21.2389 0
      vertex 46.5975 19.6707 0
      vertex 46.5975 23.3116 0
    endloop
  endfacet
  facet normal -0 0 -1
    outer loop
      vertex 47.5525 20.8107 0
      vertex 46.5975 19.6707 0
      vertex 47.5155 21.0171 0
    endloop
  endfacet
  facet normal -0 0 -1
    outer loop
      vertex 47.614 20.6197 0
      vertex 46.5975 19.6707 0
      vertex 47.5525 20.8107 0
    endloop
  endfacet
  facet normal -0 0 -1
    outer loop
      vertex 47.7002 20.444 0
      vertex 46.5975 19.6707 0
      vertex 47.614 20.6197 0
    endloop
  endfacet
  facet normal -0 0 -1
    outer loop
      vertex 47.8111 20.2837 0
      vertex 46.5975 19.6707 0
      vertex 47.7002 20.444 0
    endloop
  endfacet
  facet normal -0 0 -1
    outer loop
      vertex 47.9465 20.1387 0
      vertex 46.5975 19.6707 0
      vertex 47.8111 20.2837 0
    endloop
  endfacet
  facet normal -0 0 -1
    outer loop
      vertex 48.4961 19.8001 0
      vertex 46.5975 19.6707 0
      vertex 48.2901 19.8959 0
    endloop
  endfacet
  facet normal -0 0 -1
    outer loop
      vertex 48.2901 19.8959 0
      vertex 46.5975 19.6707 0
      vertex 48.1066 20.0091 0
    endloop
  endfacet
  facet normal 0 0 -1
    outer loop
      vertex 42.6622 19.6707 0
      vertex 45.3571 23.236 0
      vertex 45.3571 19.6707 0
    endloop
  endfacet
  facet normal 0 0 -1
    outer loop
      vertex 45.3571 23.236 0
      vertex 42.6622 23.278 0
      vertex 45.3499 23.4322 0
    endloop
  endfacet
  facet normal 0 -0 -1
    outer loop
      vertex 42.669 23.4717 0
      vertex 45.3499 23.4322 0
      vertex 42.6622 23.278 0
    endloop
  endfacet
  facet normal 0 0 -1
    outer loop
      vertex 45.3499 23.4322 0
      vertex 42.669 23.4717 0
      vertex 45.328 23.615 0
    endloop
  endfacet
  facet normal -0 0 -1
    outer loop
      vertex 45.328 23.615 0
      vertex 42.669 23.4717 0
      vertex 45.2915 23.7844 0
    endloop
  endfacet
  facet normal 0 -0 -1
    outer loop
      vertex 42.6895 23.6516 0
      vertex 45.2915 23.7844 0
      vertex 42.669 23.4717 0
    endloop
  endfacet
  facet normal -0 0 -1
    outer loop
      vertex 45.2915 23.7844 0
      vertex 42.6895 23.6516 0
      vertex 45.2405 23.9402 0
    endloop
  endfacet
  facet normal -0 0 -1
    outer loop
      vertex 46.5975 19.6707 0
      vertex 44.9647 15.6467 0
      vertex 45.3571 19.6707 0
    endloop
  endfacet
  facet normal -0 0 -1
    outer loop
      vertex 48.1066 20.0091 0
      vertex 46.5975 19.6707 0
      vertex 47.9465 20.1387 0
    endloop
  endfacet
  facet normal 0 0 -1
    outer loop
      vertex 38.187 12.1071 0
      vertex 44.9647 13.3536 0
      vertex 68 0 0
    endloop
  endfacet
  facet normal 0 0 -1
    outer loop
      vertex 44.5383 13.3536 0
      vertex 43.5536 13.3536 0
      vertex 44.5383 14.6865 0
    endloop
  endfacet
  facet normal -0 0 -1
    outer loop
      vertex 44.9647 13.3536 0
      vertex 38.187 12.1071 0
      vertex 44.5383 13.3536 0
    endloop
  endfacet
  facet normal -0 0 -1
    outer loop
      vertex 44.5383 13.3536 0
      vertex 38.187 12.1071 0
      vertex 43.5536 13.3536 0
    endloop
  endfacet
  facet normal 0 0 -1
    outer loop
      vertex 42.7473 15.0234 0
      vertex 43.0052 15.6467 0
      vertex 43.0052 13.3536 0
    endloop
  endfacet
  facet normal -0 0 -1
    outer loop
      vertex 45.3571 23.236 0
      vertex 42.6622 19.6707 0
      vertex 42.6622 23.278 0
    endloop
  endfacet
  facet normal -0 0 -1
    outer loop
      vertex 45.2405 23.9402 0
      vertex 42.6895 23.6516 0
      vertex 45.1748 24.0826 0
    endloop
  endfacet
  facet normal -0 0 -1
    outer loop
      vertex 45.1748 24.0826 0
      vertex 42.6895 23.6516 0
      vertex 45.0946 24.2116 0
    endloop
  endfacet
  facet normal 0 0 -1
    outer loop
      vertex 42.7062 15.1148 0
      vertex 43.0052 15.6467 0
      vertex 42.7473 15.0234 0
    endloop
  endfacet
  facet normal 0 0 -1
    outer loop
      vertex 43.0052 13.3536 0
      vertex 42.7181 13.9574 0
      vertex 42.7473 15.0234 0
    endloop
  endfacet
  facet normal 0 0 -1
    outer loop
      vertex 43.0052 13.3536 0
      vertex 42.6857 13.8708 0
      vertex 42.7181 13.9574 0
    endloop
  endfacet
  facet normal 0 0 -1
    outer loop
      vertex 43.0052 13.3536 0
      vertex 42.6471 13.7904 0
      vertex 42.6857 13.8708 0
    endloop
  endfacet
  facet normal 0 0 -1
    outer loop
      vertex 43.0052 13.3536 0
      vertex 42.6024 13.7161 0
      vertex 42.6471 13.7904 0
    endloop
  endfacet
  facet normal 0 0 -1
    outer loop
      vertex 43.0052 13.3536 0
      vertex 42.5514 13.6481 0
      vertex 42.6024 13.7161 0
    endloop
  endfacet
  facet normal 0 0 -1
    outer loop
      vertex 43.0052 13.3536 0
      vertex 42.4943 13.5863 0
      vertex 42.5514 13.6481 0
    endloop
  endfacet
  facet normal 0 -0 -1
    outer loop
      vertex 38.275 12.1505 0
      vertex 43.5536 13.3536 0
      vertex 38.187 12.1071 0
    endloop
  endfacet
  facet normal 0 0 -1
    outer loop
      vertex 43.0052 13.3536 0
      vertex 42.4311 13.5307 0
      vertex 42.4943 13.5863 0
    endloop
  endfacet
  facet normal 0 0 -1
    outer loop
      vertex 43.0052 13.3536 0
      vertex 42.3616 13.4814 0
      vertex 42.4311 13.5307 0
    endloop
  endfacet
  facet normal 0 0 -1
    outer loop
      vertex 43.0052 13.3536 0
      vertex 42.286 13.4384 0
      vertex 42.3616 13.4814 0
    endloop
  endfacet
  facet normal 0 0 -1
    outer loop
      vertex 43.0052 13.3536 0
      vertex 42.2043 13.4021 0
      vertex 42.286 13.4384 0
    endloop
  endfacet
  facet normal 0 0 -1
    outer loop
      vertex 43.0052 13.3536 0
      vertex 42.1165 13.3723 0
      vertex 42.2043 13.4021 0
    endloop
  endfacet
  facet normal -0 0 -1
    outer loop
      vertex 43.0052 13.3536 0
      vertex 42.0226 13.3492 0
      vertex 42.1165 13.3723 0
    endloop
  endfacet
  facet normal -0 0 -1
    outer loop
      vertex 43.5536 13.3536 0
      vertex 38.275 12.1505 0
      vertex 43.0052 13.3536 0
    endloop
  endfacet
  facet normal 0 0 -1
    outer loop
      vertex 43.0052 13.3536 0
      vertex 41.9225 13.3327 0
      vertex 42.0226 13.3492 0
    endloop
  endfacet
  facet normal 0 0 -1
    outer loop
      vertex 43.0052 13.3536 0
      vertex 38.275 12.1505 0
      vertex 41.9225 13.3327 0
    endloop
  endfacet
  facet normal 0 0 -1
    outer loop
      vertex 41.9225 13.3327 0
      vertex 38.275 12.1505 0
      vertex 41.8164 13.3227 0
    endloop
  endfacet
  facet normal 0 -0 -1
    outer loop
      vertex 38.3566 12.205 0
      vertex 41.8164 13.3227 0
      vertex 38.275 12.1505 0
    endloop
  endfacet
  facet normal 0 0 -1
    outer loop
      vertex 41.8164 13.3227 0
      vertex 38.3566 12.205 0
      vertex 41.7041 13.3194 0
    endloop
  endfacet
  facet normal 0 -0 -1
    outer loop
      vertex 38.4303 12.2697 0
      vertex 41.5514 13.3256 0
      vertex 38.3566 12.205 0
    endloop
  endfacet
  facet normal 0 0 -1
    outer loop
      vertex 40.5919 14.1883 0
      vertex 38.65 15.2 0
      vertex 40.5741 14.3336 0
    endloop
  endfacet
  facet normal -0 0 -1
    outer loop
      vertex 40.6632 13.9297 0
      vertex 38.6117 13.2315 0
      vertex 40.6216 14.0537 0
    endloop
  endfacet
  facet normal -0 0 -1
    outer loop
      vertex 40.7168 13.8165 0
      vertex 38.6117 13.2315 0
      vertex 40.6632 13.9297 0
    endloop
  endfacet
  facet normal 0 0 -1
    outer loop
      vertex 38.6117 13.2315 0
      vertex 40.7168 13.8165 0
      vertex 38.6436 12.8979 0
    endloop
  endfacet
  facet normal 0 0 -1
    outer loop
      vertex 40.5741 14.3336 0
      vertex 38.65 15.2 0
      vertex 40.5681 14.4896 0
    endloop
  endfacet
  facet normal -0 0 -1
    outer loop
      vertex 40.7822 13.714 0
      vertex 38.6436 12.8979 0
      vertex 40.7168 13.8165 0
    endloop
  endfacet
  facet normal 0 0 -1
    outer loop
      vertex 38.6436 12.8979 0
      vertex 40.7822 13.714 0
      vertex 38.65 12.8 0
    endloop
  endfacet
  facet normal -0 0 -1
    outer loop
      vertex 40.8594 13.6221 0
      vertex 38.65 12.8 0
      vertex 40.7822 13.714 0
    endloop
  endfacet
  facet normal 0 0 -1
    outer loop
      vertex 38.6436 12.7021 0
      vertex 40.8594 13.6221 0
      vertex 40.948 13.5418 0
    endloop
  endfacet
  facet normal 0 0 -1
    outer loop
      vertex 38.6244 12.6059 0
      vertex 40.948 13.5418 0
      vertex 41.0473 13.4739 0
    endloop
  endfacet
  facet normal 0 0 -1
    outer loop
      vertex 38.5929 12.513 0
      vertex 41.0473 13.4739 0
      vertex 41.1573 13.4183 0
    endloop
  endfacet
  facet normal -0 0 -1
    outer loop
      vertex 41.5514 13.3256 0
      vertex 38.4303 12.2697 0
      vertex 41.4093 13.3441 0
    endloop
  endfacet
  facet normal 0 0 -1
    outer loop
      vertex 40.8594 13.6221 0
      vertex 38.6436 12.7021 0
      vertex 38.65 12.8 0
    endloop
  endfacet
  facet normal 0 0 -1
    outer loop
      vertex 40.948 13.5418 0
      vertex 38.6244 12.6059 0
      vertex 38.6436 12.7021 0
    endloop
  endfacet
  facet normal 0 0 -1
    outer loop
      vertex 41.0473 13.4739 0
      vertex 38.5929 12.513 0
      vertex 38.6244 12.6059 0
    endloop
  endfacet
  facet normal 0 0 -1
    outer loop
      vertex 41.1573 13.4183 0
      vertex 38.5495 12.425 0
      vertex 38.5929 12.513 0
    endloop
  endfacet
  facet normal -0 0 -1
    outer loop
      vertex 41.2779 13.375 0
      vertex 38.5495 12.425 0
      vertex 41.1573 13.4183 0
    endloop
  endfacet
  facet normal 0 -0 -1
    outer loop
      vertex 38.5495 12.425 0
      vertex 41.2779 13.375 0
      vertex 38.495 12.3434 0
    endloop
  endfacet
  facet normal -0 0 -1
    outer loop
      vertex 41.4093 13.3441 0
      vertex 38.495 12.3434 0
      vertex 41.2779 13.375 0
    endloop
  endfacet
  facet normal 0 -0 -1
    outer loop
      vertex 38.495 12.3434 0
      vertex 41.4093 13.3441 0
      vertex 38.4303 12.2697 0
    endloop
  endfacet
  facet normal -0 0 -1
    outer loop
      vertex 41.7041 13.3194 0
      vertex 38.3566 12.205 0
      vertex 41.5514 13.3256 0
    endloop
  endfacet
  facet normal 0 0 -1
    outer loop
      vertex 68 0 0
      vertex 38.0941 12.0756 0
      vertex 38.187 12.1071 0
    endloop
  endfacet
  facet normal 0 0 -1
    outer loop
      vertex 68 0 0
      vertex 37.9979 12.0564 0
      vertex 38.0941 12.0756 0
    endloop
  endfacet
  facet normal 0 0 -1
    outer loop
      vertex 68 0 0
      vertex 37.9 12.05 0
      vertex 37.9979 12.0564 0
    endloop
  endfacet
  facet normal 0 0 -1
    outer loop
      vertex 4 0 0
      vertex 37.9 12.05 0
      vertex 68 0 0
    endloop
  endfacet
  facet normal -0 0 -1
    outer loop
      vertex 37.9 12.05 0
      vertex 4 0 0
      vertex 23.9 12.05 0
    endloop
  endfacet
  facet normal -0 0 -1
    outer loop
      vertex 23.9 12.05 0
      vertex 4 0 0
      vertex 23.8021 12.0564 0
    endloop
  endfacet
  facet normal 0 0 -1
    outer loop
      vertex 23.1564 15.1021 0
      vertex 18.5077 19.6707 0
      vertex 23.15 15.2 0
    endloop
  endfacet
  facet normal 0 0 -1
    outer loop
      vertex 23.1564 17.5021 0
      vertex 19.0532 19.6707 0
      vertex 23.15 17.6 0
    endloop
  endfacet
  facet normal 0 0 -1
    outer loop
      vertex 13.4372 19.6707 0
      vertex 23.15 12.8 0
      vertex 23.1564 12.7021 0
    endloop
  endfacet
  facet normal -0 0 -1
    outer loop
      vertex 23.2505 12.425 0
      vertex 8.40059 7.37529 0
      vertex 23.2071 12.513 0
    endloop
  endfacet
  facet normal 0 0 -1
    outer loop
      vertex 8.40059 7.37529 0
      vertex 23.2505 12.425 0
      vertex 8.43759 7.18926 0
    endloop
  endfacet
  facet normal -0 0 -1
    outer loop
      vertex 23.305 12.3434 0
      vertex 8.43759 7.18926 0
      vertex 23.2505 12.425 0
    endloop
  endfacet
  facet normal 0 0 -1
    outer loop
      vertex 18.5077 20.6292 0
      vertex 19.0532 19.6707 0
      vertex 18.5077 19.6707 0
    endloop
  endfacet
  facet normal 0 0 -1
    outer loop
      vertex 23.15 15.2 0
      vertex 18.5077 19.6707 0
      vertex 19.0532 19.6707 0
    endloop
  endfacet
  facet normal 0 0 -1
    outer loop
      vertex 23.15 12.8 0
      vertex 13.4372 19.6707 0
      vertex 18.5077 19.6707 0
    endloop
  endfacet
  facet normal 0 0 -1
    outer loop
      vertex 8.43759 7.18926 0
      vertex 23.305 12.3434 0
      vertex 8.45 7 0
    endloop
  endfacet
  facet normal 0 0 -1
    outer loop
      vertex 8.45 7 0
      vertex 23.305 12.3434 0
      vertex 23.3697 12.2697 0
    endloop
  endfacet
  facet normal 0 0 -1
    outer loop
      vertex 8.43759 6.81074 0
      vertex 23.3697 12.2697 0
      vertex 23.4434 12.205 0
    endloop
  endfacet
  facet normal 0 0 -1
    outer loop
      vertex 8.33962 7.55489 0
      vertex 23.1756 12.6059 0
      vertex 8.40059 7.37529 0
    endloop
  endfacet
  facet normal -0 0 -1
    outer loop
      vertex 23.2071 12.513 0
      vertex 8.40059 7.37529 0
      vertex 23.1756 12.6059 0
    endloop
  endfacet
  facet normal 0 0 -1
    outer loop
      vertex 8.40059 6.62471 0
      vertex 23.4434 12.205 0
      vertex 23.525 12.1505 0
    endloop
  endfacet
  facet normal 0 0 -1
    outer loop
      vertex 8.33962 6.44511 0
      vertex 23.525 12.1505 0
      vertex 23.613 12.1071 0
    endloop
  endfacet
  facet normal 0 0 -1
    outer loop
      vertex 8.25574 6.275 0
      vertex 23.613 12.1071 0
      vertex 23.7059 12.0756 0
    endloop
  endfacet
  facet normal 0 -0 -1
    outer loop
      vertex 8.0253 5.97469 0
      vertex 23.8021 12.0564 0
      vertex 4 0 0
    endloop
  endfacet
  facet normal 0 0 -1
    outer loop
      vertex 23.3697 12.2697 0
      vertex 8.43759 6.81074 0
      vertex 8.45 7 0
    endloop
  endfacet
  facet normal 0 0 -1
    outer loop
      vertex 23.4434 12.205 0
      vertex 8.40059 6.62471 0
      vertex 8.43759 6.81074 0
    endloop
  endfacet
  facet normal 0 0 -1
    outer loop
      vertex 23.525 12.1505 0
      vertex 8.33962 6.44511 0
      vertex 8.40059 6.62471 0
    endloop
  endfacet
  facet normal 0 0 -1
    outer loop
      vertex 23.613 12.1071 0
      vertex 8.25574 6.275 0
      vertex 8.33962 6.44511 0
    endloop
  endfacet
  facet normal 0 0 -1
    outer loop
      vertex 23.7059 12.0756 0
      vertex 8.15036 6.1173 0
      vertex 8.25574 6.275 0
    endloop
  endfacet
  facet normal 0 -0 -1
    outer loop
      vertex 8.15036 6.1173 0
      vertex 23.8021 12.0564 0
      vertex 8.0253 5.97469 0
    endloop
  endfacet
  facet normal -0 0 -1
    outer loop
      vertex 23.8021 12.0564 0
      vertex 8.15036 6.1173 0
      vertex 23.7059 12.0756 0
    endloop
  endfacet
  facet normal 0 0 -1
    outer loop
      vertex 8.0253 5.97469 0
      vertex 4 0 0
      vertex 7.8827 5.84964 0
    endloop
  endfacet
  facet normal 0 0 -1
    outer loop
      vertex 7.8827 5.84964 0
      vertex 4 0 0
      vertex 7.725 5.74426 0
    endloop
  endfacet
  facet normal 0 0 -1
    outer loop
      vertex 7.725 5.74426 0
      vertex 4 0 0
      vertex 7.55489 5.66037 0
    endloop
  endfacet
  facet normal 0 0 -1
    outer loop
      vertex 7.55489 5.66037 0
      vertex 4 0 0
      vertex 7.37529 5.59941 0
    endloop
  endfacet
  facet normal 0 0 -1
    outer loop
      vertex 7.37529 5.59941 0
      vertex 4 0 0
      vertex 7.18926 5.5624 0
    endloop
  endfacet
  facet normal 0 0 -1
    outer loop
      vertex 7.18926 5.5624 0
      vertex 4 0 0
      vertex 7 5.55 0
    endloop
  endfacet
  facet normal 0 0 -1
    outer loop
      vertex 0.826584 1.56494 0
      vertex 5.97469 5.97469 0
      vertex 1.17157 1.17157 0
    endloop
  endfacet
  facet normal 0 0 -1
    outer loop
      vertex 1.17157 1.17157 0
      vertex 5.97469 5.97469 0
      vertex 1.56494 0.826584 0
    endloop
  endfacet
  facet normal 0 0 -1
    outer loop
      vertex 1.56494 0.826584 0
      vertex 5.97469 5.97469 0
      vertex 2 0.535889 0
    endloop
  endfacet
  facet normal 0 0 -1
    outer loop
      vertex 2 0.535889 0
      vertex 5.97469 5.97469 0
      vertex 2.46925 0.304474 0
    endloop
  endfacet
  facet normal 0 0 -1
    outer loop
      vertex 2.46925 0.304474 0
      vertex 5.97469 5.97469 0
      vertex 2.96472 0.136292 0
    endloop
  endfacet
  facet normal -0 0 -1
    outer loop
      vertex 6.1173 5.84964 0
      vertex 2.96472 0.136292 0
      vertex 5.97469 5.97469 0
    endloop
  endfacet
  facet normal 0 0 -1
    outer loop
      vertex 2.96472 0.136292 0
      vertex 6.1173 5.84964 0
      vertex 3.47789 0.0342102 0
    endloop
  endfacet
  facet normal 0 0 -1
    outer loop
      vertex 3.47789 0.0342102 0
      vertex 6.1173 5.84964 0
      vertex 4 0 0
    endloop
  endfacet
  facet normal -0 0 -1
    outer loop
      vertex 6.275 5.74426 0
      vertex 4 0 0
      vertex 6.1173 5.84964 0
    endloop
  endfacet
  facet normal -0 0 -1
    outer loop
      vertex 6.44511 5.66037 0
      vertex 4 0 0
      vertex 6.275 5.74426 0
    endloop
  endfacet
  facet normal -0 0 -1
    outer loop
      vertex 6.62471 5.59941 0
      vertex 4 0 0
      vertex 6.44511 5.66037 0
    endloop
  endfacet
  facet normal -0 0 -1
    outer loop
      vertex 6.81074 5.5624 0
      vertex 4 0 0
      vertex 6.62471 5.59941 0
    endloop
  endfacet
  facet normal -0 0 -1
    outer loop
      vertex 7 5.55 0
      vertex 4 0 0
      vertex 6.81074 5.5624 0
    endloop
  endfacet
  facet normal -0 0 -1
    outer loop
      vertex 71.1734 35.435 0
      vertex 66.0253 31.0253 0
      vertex 70.8284 35.8284 0
    endloop
  endfacet
  facet normal -0 0 -1
    outer loop
      vertex 70.8284 35.8284 0
      vertex 66.0253 31.0253 0
      vertex 70.435 36.1734 0
    endloop
  endfacet
  facet normal -0 0 -1
    outer loop
      vertex 70.435 36.1734 0
      vertex 66.0253 31.0253 0
      vertex 70 36.4641 0
    endloop
  endfacet
  facet normal -0 0 -1
    outer loop
      vertex 70 36.4641 0
      vertex 66.0253 31.0253 0
      vertex 69.5307 36.6955 0
    endloop
  endfacet
  facet normal -0 0 -1
    outer loop
      vertex 69.5307 36.6955 0
      vertex 66.0253 31.0253 0
      vertex 69.0353 36.8637 0
    endloop
  endfacet
  facet normal 0 0 -1
    outer loop
      vertex 65.8827 31.1504 0
      vertex 69.0353 36.8637 0
      vertex 66.0253 31.0253 0
    endloop
  endfacet
  facet normal -0 0 -1
    outer loop
      vertex 69.0353 36.8637 0
      vertex 65.8827 31.1504 0
      vertex 68.5221 36.9658 0
    endloop
  endfacet
  facet normal -0 0 -1
    outer loop
      vertex 68.5221 36.9658 0
      vertex 65.8827 31.1504 0
      vertex 68 37 0
    endloop
  endfacet
  facet normal 0 0 -1
    outer loop
      vertex 65.725 31.2557 0
      vertex 68 37 0
      vertex 65.8827 31.1504 0
    endloop
  endfacet
  facet normal 0 0 -1
    outer loop
      vertex 65.5549 31.3396 0
      vertex 68 37 0
      vertex 65.725 31.2557 0
    endloop
  endfacet
  facet normal 0 0 -1
    outer loop
      vertex 65.3753 31.4006 0
      vertex 68 37 0
      vertex 65.5549 31.3396 0
    endloop
  endfacet
  facet normal 0 0 -1
    outer loop
      vertex 65.1893 31.4376 0
      vertex 68 37 0
      vertex 65.3753 31.4006 0
    endloop
  endfacet
  facet normal 0 0 -1
    outer loop
      vertex 65 31.45 0
      vertex 68 37 0
      vertex 65.1893 31.4376 0
    endloop
  endfacet
  facet normal 0 0 -1
    outer loop
      vertex 64.8107 31.4376 0
      vertex 68 37 0
      vertex 65 31.45 0
    endloop
  endfacet
  facet normal 0 0 -1
    outer loop
      vertex 64.6247 31.4006 0
      vertex 68 37 0
      vertex 64.8107 31.4376 0
    endloop
  endfacet
  facet normal 0 0 -1
    outer loop
      vertex 64.4451 31.3396 0
      vertex 68 37 0
      vertex 64.6247 31.4006 0
    endloop
  endfacet
  facet normal 0 0 -1
    outer loop
      vertex 64.275 31.2557 0
      vertex 68 37 0
      vertex 64.4451 31.3396 0
    endloop
  endfacet
  facet normal 0 0 -1
    outer loop
      vertex 64.1173 31.1504 0
      vertex 68 37 0
      vertex 64.275 31.2557 0
    endloop
  endfacet
  facet normal 0 0 -1
    outer loop
      vertex 63.9747 31.0253 0
      vertex 68 37 0
      vertex 64.1173 31.1504 0
    endloop
  endfacet
  facet normal 0 0 -1
    outer loop
      vertex 50.5093 25.6411 0
      vertex 63.9747 31.0253 0
      vertex 63.8496 30.8827 0
    endloop
  endfacet
  facet normal -0 0 -1
    outer loop
      vertex 63.8496 29.1173 0
      vertex 58.105 24.871 0
      vertex 63.7443 29.275 0
    endloop
  endfacet
  facet normal 0 0 -1
    outer loop
      vertex 57.969 25.0196 0
      vertex 63.7443 29.275 0
      vertex 58.105 24.871 0
    endloop
  endfacet
  facet normal -0 0 -1
    outer loop
      vertex 63.7443 29.275 0
      vertex 57.969 25.0196 0
      vertex 63.6604 29.4451 0
    endloop
  endfacet
  facet normal 0 0 -1
    outer loop
      vertex 57.8084 25.1532 0
      vertex 63.6604 29.4451 0
      vertex 57.969 25.0196 0
    endloop
  endfacet
  facet normal -0 0 -1
    outer loop
      vertex 63.6604 29.4451 0
      vertex 57.8084 25.1532 0
      vertex 63.5994 29.6247 0
    endloop
  endfacet
  facet normal 0 0 -1
    outer loop
      vertex 57.6258 25.2703 0
      vertex 63.5994 29.6247 0
      vertex 57.8084 25.1532 0
    endloop
  endfacet
  facet normal -0 0 -1
    outer loop
      vertex 63.5994 29.6247 0
      vertex 57.6258 25.2703 0
      vertex 63.5624 29.8107 0
    endloop
  endfacet
  facet normal 0 0 -1
    outer loop
      vertex 57.424 25.3694 0
      vertex 63.5624 29.8107 0
      vertex 57.6258 25.2703 0
    endloop
  endfacet
  facet normal -0 0 -1
    outer loop
      vertex 63.5624 29.8107 0
      vertex 57.424 25.3694 0
      vertex 63.55 30 0
    endloop
  endfacet
  facet normal 0 0 -1
    outer loop
      vertex 57.203 25.4505 0
      vertex 63.55 30 0
      vertex 57.424 25.3694 0
    endloop
  endfacet
  facet normal -0 0 -1
    outer loop
      vertex 63.55 30 0
      vertex 57.203 25.4505 0
      vertex 63.5624 30.1893 0
    endloop
  endfacet
  facet normal 0 0 -1
    outer loop
      vertex 56.9627 25.5135 0
      vertex 63.5624 30.1893 0
      vertex 57.203 25.4505 0
    endloop
  endfacet
  facet normal 0 0 -1
    outer loop
      vertex 56.7033 25.5586 0
      vertex 63.5624 30.1893 0
      vertex 56.9627 25.5135 0
    endloop
  endfacet
  facet normal -0 0 -1
    outer loop
      vertex 63.5624 30.1893 0
      vertex 56.7033 25.5586 0
      vertex 63.5994 30.3753 0
    endloop
  endfacet
  facet normal 0 0 -1
    outer loop
      vertex 56.4246 25.5856 0
      vertex 63.5994 30.3753 0
      vertex 56.7033 25.5586 0
    endloop
  endfacet
  facet normal -0 0 -1
    outer loop
      vertex 63.5994 30.3753 0
      vertex 56.4246 25.5856 0
      vertex 63.6604 30.5549 0
    endloop
  endfacet
  facet normal 0 0 -1
    outer loop
      vertex 56.1267 25.5946 0
      vertex 63.6604 30.5549 0
      vertex 56.4246 25.5856 0
    endloop
  endfacet
  facet normal -0 0 -1
    outer loop
      vertex 63.6604 30.5549 0
      vertex 56.1267 25.5946 0
      vertex 63.7443 30.725 0
    endloop
  endfacet
  facet normal 0 0 -1
    outer loop
      vertex 53.1626 25.5946 0
      vertex 63.7443 30.725 0
      vertex 56.1267 25.5946 0
    endloop
  endfacet
  facet normal -0 0 -1
    outer loop
      vertex 63.7443 30.725 0
      vertex 53.1626 25.5946 0
      vertex 63.8496 30.8827 0
    endloop
  endfacet
  facet normal 0 0 -1
    outer loop
      vertex 50.5093 25.6411 0
      vertex 63.8496 30.8827 0
      vertex 53.1626 25.5946 0
    endloop
  endfacet
  facet normal 0 0 -1
    outer loop
      vertex 52.3713 24.1279 0
      vertex 53.1626 25.5946 0
      vertex 52.3845 23.8876 0
    endloop
  endfacet
  facet normal 0 0 -1
    outer loop
      vertex 52.3318 24.3515 0
      vertex 53.1626 25.5946 0
      vertex 52.3713 24.1279 0
    endloop
  endfacet
  facet normal 0 0 -1
    outer loop
      vertex 52.2659 24.5583 0
      vertex 53.1626 25.5946 0
      vertex 52.3318 24.3515 0
    endloop
  endfacet
  facet normal 0 0 -1
    outer loop
      vertex 52.1737 24.7484 0
      vertex 53.1626 25.5946 0
      vertex 52.2659 24.5583 0
    endloop
  endfacet
  facet normal 0 0 -1
    outer loop
      vertex 52.0552 24.9218 0
      vertex 53.1626 25.5946 0
      vertex 52.1737 24.7484 0
    endloop
  endfacet
  facet normal 0 0 -1
    outer loop
      vertex 51.9103 25.0784 0
      vertex 53.1626 25.5946 0
      vertex 52.0552 24.9218 0
    endloop
  endfacet
  facet normal 0 0 -1
    outer loop
      vertex 51.7391 25.2183 0
      vertex 53.1626 25.5946 0
      vertex 51.9103 25.0784 0
    endloop
  endfacet
  facet normal 0 0 -1
    outer loop
      vertex 51.5424 25.3405 0
      vertex 53.1626 25.5946 0
      vertex 51.7391 25.2183 0
    endloop
  endfacet
  facet normal 0 0 -1
    outer loop
      vertex 51.321 25.4438 0
      vertex 53.1626 25.5946 0
      vertex 51.5424 25.3405 0
    endloop
  endfacet
  facet normal 0 0 -1
    outer loop
      vertex 51.0751 25.5284 0
      vertex 53.1626 25.5946 0
      vertex 51.321 25.4438 0
    endloop
  endfacet
  facet normal 0 0 -1
    outer loop
      vertex 50.8045 25.5941 0
      vertex 53.1626 25.5946 0
      vertex 51.0751 25.5284 0
    endloop
  endfacet
  facet normal 0 0 -1
    outer loop
      vertex 50.5093 25.6411 0
      vertex 53.1626 25.5946 0
      vertex 50.8045 25.5941 0
    endloop
  endfacet
  facet normal 0 0 -1
    outer loop
      vertex 63.9747 31.0253 0
      vertex 50.5093 25.6411 0
      vertex 50.1895 25.6693 0
    endloop
  endfacet
  facet normal -0 0 -1
    outer loop
      vertex 63.9747 31.0253 0
      vertex 50.1895 25.6693 0
      vertex 68 37 0
    endloop
  endfacet
  facet normal 0 0 -1
    outer loop
      vertex 49.845 25.6787 0
      vertex 68 37 0
      vertex 50.1895 25.6693 0
    endloop
  endfacet
  facet normal 0 0 -1
    outer loop
      vertex 49.5295 25.6705 0
      vertex 68 37 0
      vertex 49.845 25.6787 0
    endloop
  endfacet
  facet normal 0 0 -1
    outer loop
      vertex 49.2341 25.6457 0
      vertex 68 37 0
      vertex 49.5295 25.6705 0
    endloop
  endfacet
  facet normal 0 0 -1
    outer loop
      vertex 44.6191 25.6281 0
      vertex 49.2341 25.6457 0
      vertex 48.9588 25.6046 0
    endloop
  endfacet
  facet normal 0 0 -1
    outer loop
      vertex 44.9218 25.5648 0
      vertex 48.9588 25.6046 0
      vertex 48.7035 25.5469 0
    endloop
  endfacet
  facet normal 0 0 -1
    outer loop
      vertex 44.9218 25.5648 0
      vertex 48.7035 25.5469 0
      vertex 48.4683 25.4728 0
    endloop
  endfacet
  facet normal 0 0 -1
    outer loop
      vertex 45.2013 25.4762 0
      vertex 48.4683 25.4728 0
      vertex 48.2532 25.3822 0
    endloop
  endfacet
  facet normal 0 0 -1
    outer loop
      vertex 45.4579 25.3623 0
      vertex 48.2532 25.3822 0
      vertex 48.0582 25.2751 0
    endloop
  endfacet
  facet normal 0 0 -1
    outer loop
      vertex 47.5032 21.2389 0
      vertex 46.5975 23.3116 0
      vertex 47.2257 24.0516 0
    endloop
  endfacet
  facet normal 0 0 -1
    outer loop
      vertex 46.5833 23.6232 0
      vertex 47.2257 24.0516 0
      vertex 46.5975 23.3116 0
    endloop
  endfacet
  facet normal 0 0 -1
    outer loop
      vertex 46.5407 23.9142 0
      vertex 47.2257 24.0516 0
      vertex 46.5833 23.6232 0
    endloop
  endfacet
  facet normal 0 0 -1
    outer loop
      vertex 46.4697 24.1844 0
      vertex 47.2257 24.0516 0
      vertex 46.5407 23.9142 0
    endloop
  endfacet
  facet normal 0 0 -1
    outer loop
      vertex 47.2257 24.0516 0
      vertex 46.4697 24.1844 0
      vertex 47.288 24.2774 0
    endloop
  endfacet
  facet normal 0 0 -1
    outer loop
      vertex 46.3703 24.434 0
      vertex 47.288 24.2774 0
      vertex 46.4697 24.1844 0
    endloop
  endfacet
  facet normal 0 0 -1
    outer loop
      vertex 47.288 24.2774 0
      vertex 46.3703 24.434 0
      vertex 47.3692 24.4861 0
    endloop
  endfacet
  facet normal 0 0 -1
    outer loop
      vertex 46.2424 24.6628 0
      vertex 47.3692 24.4861 0
      vertex 46.3703 24.434 0
    endloop
  endfacet
  facet normal 0 0 -1
    outer loop
      vertex 47.3692 24.4861 0
      vertex 46.2424 24.6628 0
      vertex 47.4692 24.6779 0
    endloop
  endfacet
  facet normal -0 0 -1
    outer loop
      vertex 47.4692 24.6779 0
      vertex 46.2424 24.6628 0
      vertex 47.5882 24.8527 0
    endloop
  endfacet
  facet normal 0 0 -1
    outer loop
      vertex 46.0862 24.8711 0
      vertex 47.5882 24.8527 0
      vertex 46.2424 24.6628 0
    endloop
  endfacet
  facet normal 0 0 -1
    outer loop
      vertex 47.5882 24.8527 0
      vertex 46.0862 24.8711 0
      vertex 47.726 25.0105 0
    endloop
  endfacet
  facet normal 0 0 -1
    outer loop
      vertex 45.9016 25.0586 0
      vertex 47.726 25.0105 0
      vertex 46.0862 24.8711 0
    endloop
  endfacet
  facet normal 0 0 -1
    outer loop
      vertex 47.726 25.0105 0
      vertex 45.9016 25.0586 0
      vertex 47.8826 25.1512 0
    endloop
  endfacet
  facet normal 0 0 -1
    outer loop
      vertex 45.6913 25.2231 0
      vertex 47.8826 25.1512 0
      vertex 45.9016 25.0586 0
    endloop
  endfacet
  facet normal 0 0 -1
    outer loop
      vertex 47.8826 25.1512 0
      vertex 45.6913 25.2231 0
      vertex 48.0582 25.2751 0
    endloop
  endfacet
  facet normal 0 0 -1
    outer loop
      vertex 45.4579 25.3623 0
      vertex 48.0582 25.2751 0
      vertex 45.6913 25.2231 0
    endloop
  endfacet
  facet normal -0 0 -1
    outer loop
      vertex 48.2532 25.3822 0
      vertex 45.4579 25.3623 0
      vertex 45.2013 25.4762 0
    endloop
  endfacet
  facet normal 0 0 -1
    outer loop
      vertex 48.4683 25.4728 0
      vertex 45.2013 25.4762 0
      vertex 44.9218 25.5648 0
    endloop
  endfacet
  facet normal -0 0 -1
    outer loop
      vertex 48.9588 25.6046 0
      vertex 44.9218 25.5648 0
      vertex 44.6191 25.6281 0
    endloop
  endfacet
  facet normal -0 0 -1
    outer loop
      vertex 49.2341 25.6457 0
      vertex 44.6191 25.6281 0
      vertex 44.2933 25.666 0
    endloop
  endfacet
  facet normal 0 0 -1
    outer loop
      vertex 49.2341 25.6457 0
      vertex 44.2933 25.666 0
      vertex 68 37 0
    endloop
  endfacet
  facet normal 0 0 -1
    outer loop
      vertex 43.9445 25.6787 0
      vertex 68 37 0
      vertex 44.2933 25.666 0
    endloop
  endfacet
  facet normal 0 0 -1
    outer loop
      vertex 43.6066 25.6665 0
      vertex 68 37 0
      vertex 43.9445 25.6787 0
    endloop
  endfacet
  facet normal 0 0 -1
    outer loop
      vertex 40.8231 25.5946 0
      vertex 43.6066 25.6665 0
      vertex 43.2922 25.63 0
    endloop
  endfacet
  facet normal 0 0 -1
    outer loop
      vertex 40.8231 25.5946 0
      vertex 43.2922 25.63 0
      vertex 43.0012 25.569 0
    endloop
  endfacet
  facet normal 0 0 -1
    outer loop
      vertex 40.8231 25.5946 0
      vertex 43.0012 25.569 0
      vertex 42.7336 25.4838 0
    endloop
  endfacet
  facet normal 0 0 -1
    outer loop
      vertex 40.8231 25.5946 0
      vertex 42.7336 25.4838 0
      vertex 42.4895 25.3741 0
    endloop
  endfacet
  facet normal 0 0 -1
    outer loop
      vertex 38.65 17.6 0
      vertex 41.175 15.577 0
      vertex 41.0631 15.5194 0
    endloop
  endfacet
  facet normal 0 0 -1
    outer loop
      vertex 38.65 17.6 0
      vertex 41.0631 15.5194 0
      vertex 40.9614 15.4491 0
    endloop
  endfacet
  facet normal 0 0 -1
    outer loop
      vertex 38.65 17.6 0
      vertex 40.9614 15.4491 0
      vertex 40.87 15.366 0
    endloop
  endfacet
  facet normal 0 0 -1
    outer loop
      vertex 38.5929 15.487 0
      vertex 40.7222 15.1666 0
      vertex 38.6244 15.3941 0
    endloop
  endfacet
  facet normal 0 0 -1
    outer loop
      vertex 41.4219 19.6707 0
      vertex 40.8231 25.5946 0
      vertex 41.4219 23.3747 0
    endloop
  endfacet
  facet normal 0 0 -1
    outer loop
      vertex 41.4219 23.3747 0
      vertex 40.8231 25.5946 0
      vertex 41.4351 23.6814 0
    endloop
  endfacet
  facet normal 0 0 -1
    outer loop
      vertex 40.8231 25.5946 0
      vertex 41.4749 23.9671 0
      vertex 41.4351 23.6814 0
    endloop
  endfacet
  facet normal 0 0 -1
    outer loop
      vertex 40.8231 25.5946 0
      vertex 41.5412 24.2319 0
      vertex 41.4749 23.9671 0
    endloop
  endfacet
  facet normal 0 0 -1
    outer loop
      vertex 40.8231 25.5946 0
      vertex 41.634 24.4757 0
      vertex 41.5412 24.2319 0
    endloop
  endfacet
  facet normal 0 0 -1
    outer loop
      vertex 40.8231 25.5946 0
      vertex 41.7533 24.6986 0
      vertex 41.634 24.4757 0
    endloop
  endfacet
  facet normal 0 0 -1
    outer loop
      vertex 40.8231 25.5946 0
      vertex 41.8991 24.9006 0
      vertex 41.7533 24.6986 0
    endloop
  endfacet
  facet normal 0 0 -1
    outer loop
      vertex 40.8231 25.5946 0
      vertex 42.0715 25.0817 0
      vertex 41.8991 24.9006 0
    endloop
  endfacet
  facet normal 0 0 -1
    outer loop
      vertex 40.8231 25.5946 0
      vertex 42.2688 25.2401 0
      vertex 42.0715 25.0817 0
    endloop
  endfacet
  facet normal 0 0 -1
    outer loop
      vertex 40.8231 25.5946 0
      vertex 42.4895 25.3741 0
      vertex 42.2688 25.2401 0
    endloop
  endfacet
  facet normal -0 0 -1
    outer loop
      vertex 43.6066 25.6665 0
      vertex 40.8231 25.5946 0
      vertex 68 37 0
    endloop
  endfacet
  facet normal 0 0 -1
    outer loop
      vertex 39.5954 25.5946 0
      vertex 68 37 0
      vertex 40.8231 25.5946 0
    endloop
  endfacet
  facet normal 0 0 -1
    outer loop
      vertex 36.8121 24.081 0
      vertex 39.5954 25.5946 0
      vertex 39.0698 24.081 0
    endloop
  endfacet
  facet normal 0 0 -1
    outer loop
      vertex 36.2865 25.5946 0
      vertex 39.5954 25.5946 0
      vertex 36.8121 24.081 0
    endloop
  endfacet
  facet normal 0 0 -1
    outer loop
      vertex 36.2865 25.5946 0
      vertex 68 37 0
      vertex 39.5954 25.5946 0
    endloop
  endfacet
  facet normal 0 0 -1
    outer loop
      vertex 35.0462 25.5946 0
      vertex 68 37 0
      vertex 36.2865 25.5946 0
    endloop
  endfacet
  facet normal 0 0 -1
    outer loop
      vertex 34.6899 25.5946 0
      vertex 35.0462 25.5946 0
      vertex 34.6899 24.636 0
    endloop
  endfacet
  facet normal 0 0 -1
    outer loop
      vertex 4 37 0
      vertex 35.0462 25.5946 0
      vertex 34.6899 25.5946 0
    endloop
  endfacet
  facet normal 0 0 -1
    outer loop
      vertex 4 37 0
      vertex 34.6899 25.5946 0
      vertex 30.2711 25.5946 0
    endloop
  endfacet
  facet normal 0 0 -1
    outer loop
      vertex 30.2711 23.15 0
      vertex 29.4798 24.1279 0
      vertex 30.2711 25.5946 0
    endloop
  endfacet
  facet normal 0 0 -1
    outer loop
      vertex 29.4403 24.3515 0
      vertex 30.2711 25.5946 0
      vertex 29.4798 24.1279 0
    endloop
  endfacet
  facet normal 0 0 -1
    outer loop
      vertex 29.3745 24.5583 0
      vertex 30.2711 25.5946 0
      vertex 29.4403 24.3515 0
    endloop
  endfacet
  facet normal 0 0 -1
    outer loop
      vertex 29.2823 24.7484 0
      vertex 30.2711 25.5946 0
      vertex 29.3745 24.5583 0
    endloop
  endfacet
  facet normal 0 0 -1
    outer loop
      vertex 29.1637 24.9218 0
      vertex 30.2711 25.5946 0
      vertex 29.2823 24.7484 0
    endloop
  endfacet
  facet normal 0 0 -1
    outer loop
      vertex 29.0188 25.0784 0
      vertex 30.2711 25.5946 0
      vertex 29.1637 24.9218 0
    endloop
  endfacet
  facet normal 0 0 -1
    outer loop
      vertex 28.8476 25.2183 0
      vertex 30.2711 25.5946 0
      vertex 29.0188 25.0784 0
    endloop
  endfacet
  facet normal 0 0 -1
    outer loop
      vertex 28.6509 25.3405 0
      vertex 30.2711 25.5946 0
      vertex 28.8476 25.2183 0
    endloop
  endfacet
  facet normal 0 0 -1
    outer loop
      vertex 28.4296 25.4438 0
      vertex 30.2711 25.5946 0
      vertex 28.6509 25.3405 0
    endloop
  endfacet
  facet normal 0 0 -1
    outer loop
      vertex 28.1836 25.5284 0
      vertex 30.2711 25.5946 0
      vertex 28.4296 25.4438 0
    endloop
  endfacet
  facet normal 0 0 -1
    outer loop
      vertex 27.913 25.5941 0
      vertex 30.2711 25.5946 0
      vertex 28.1836 25.5284 0
    endloop
  endfacet
  facet normal 0 0 -1
    outer loop
      vertex 27.6178 25.6411 0
      vertex 30.2711 25.5946 0
      vertex 27.913 25.5941 0
    endloop
  endfacet
  facet normal 0 0 -1
    outer loop
      vertex 27.298 25.6693 0
      vertex 30.2711 25.5946 0
      vertex 27.6178 25.6411 0
    endloop
  endfacet
  facet normal 0 0 -1
    outer loop
      vertex 30.2711 25.5946 0
      vertex 27.298 25.6693 0
      vertex 4 37 0
    endloop
  endfacet
  facet normal 0 0 -1
    outer loop
      vertex 4 37 0
      vertex 27.298 25.6693 0
      vertex 26.9536 25.6787 0
    endloop
  endfacet
  facet normal 0 0 -1
    outer loop
      vertex 4 37 0
      vertex 26.9536 25.6787 0
      vertex 26.638 25.6705 0
    endloop
  endfacet
  facet normal 0 0 -1
    outer loop
      vertex 4 37 0
      vertex 26.638 25.6705 0
      vertex 26.3426 25.6457 0
    endloop
  endfacet
  facet normal 0 0 -1
    outer loop
      vertex 23.8841 25.5946 0
      vertex 26.3426 25.6457 0
      vertex 26.0673 25.6046 0
    endloop
  endfacet
  facet normal 0 0 -1
    outer loop
      vertex 23.8841 25.5946 0
      vertex 26.0673 25.6046 0
      vertex 25.812 25.5469 0
    endloop
  endfacet
  facet normal 0 0 -1
    outer loop
      vertex 23.8021 23.1436 0
      vertex 24.3342 24.0516 0
      vertex 23.9 23.15 0
    endloop
  endfacet
  facet normal 0 0 -1
    outer loop
      vertex 24.3342 24.0516 0
      vertex 23.8841 24.636 0
      vertex 24.3965 24.2774 0
    endloop
  endfacet
  facet normal 0 0 -1
    outer loop
      vertex 24.3965 24.2774 0
      vertex 23.8841 24.636 0
      vertex 24.4777 24.4861 0
    endloop
  endfacet
  facet normal 0 0 -1
    outer loop
      vertex 23.8841 24.636 0
      vertex 24.5777 24.6779 0
      vertex 24.4777 24.4861 0
    endloop
  endfacet
  facet normal 0 0 -1
    outer loop
      vertex 23.8841 24.636 0
      vertex 24.6967 24.8527 0
      vertex 24.5777 24.6779 0
    endloop
  endfacet
  facet normal 0 0 -1
    outer loop
      vertex 23.8841 25.5946 0
      vertex 24.6967 24.8527 0
      vertex 23.8841 24.636 0
    endloop
  endfacet
  facet normal 0 0 -1
    outer loop
      vertex 24.6967 24.8527 0
      vertex 23.8841 25.5946 0
      vertex 24.8345 25.0105 0
    endloop
  endfacet
  facet normal 0 0 -1
    outer loop
      vertex 24.8345 25.0105 0
      vertex 23.8841 25.5946 0
      vertex 24.9911 25.1512 0
    endloop
  endfacet
  facet normal 0 0 -1
    outer loop
      vertex 24.9911 25.1512 0
      vertex 23.8841 25.5946 0
      vertex 25.1667 25.2751 0
    endloop
  endfacet
  facet normal 0 0 -1
    outer loop
      vertex 25.1667 25.2751 0
      vertex 23.8841 25.5946 0
      vertex 25.3617 25.3822 0
    endloop
  endfacet
  facet normal 0 0 -1
    outer loop
      vertex 23.8841 25.5946 0
      vertex 25.5768 25.4728 0
      vertex 25.3617 25.3822 0
    endloop
  endfacet
  facet normal 0 0 -1
    outer loop
      vertex 23.8841 25.5946 0
      vertex 25.812 25.5469 0
      vertex 25.5768 25.4728 0
    endloop
  endfacet
  facet normal -0 0 -1
    outer loop
      vertex 26.3426 25.6457 0
      vertex 23.8841 25.5946 0
      vertex 4 37 0
    endloop
  endfacet
  facet normal 0 0 -1
    outer loop
      vertex 4 37 0
      vertex 23.8841 25.5946 0
      vertex 19.0532 25.5946 0
    endloop
  endfacet
  facet normal 0 0 -1
    outer loop
      vertex 19.0532 19.6707 0
      vertex 18.5077 20.6292 0
      vertex 19.0532 25.5946 0
    endloop
  endfacet
  facet normal 0 0 -1
    outer loop
      vertex 16.5905 25.5946 0
      vertex 18.5077 20.6292 0
      vertex 16.5905 20.6292 0
    endloop
  endfacet
  facet normal 0 0 -1
    outer loop
      vertex 18.5077 20.6292 0
      vertex 16.5905 25.5946 0
      vertex 19.0532 25.5946 0
    endloop
  endfacet
  facet normal 0 0 -1
    outer loop
      vertex 8.25574 30.725 0
      vertex 19.0532 25.5946 0
      vertex 16.5905 25.5946 0
    endloop
  endfacet
  facet normal 0 0 -1
    outer loop
      vertex 8.33962 30.5549 0
      vertex 16.5905 25.5946 0
      vertex 15.3502 25.5946 0
    endloop
  endfacet
  facet normal 0 0 -1
    outer loop
      vertex 13.4372 19.6707 0
      vertex 8.45 30 0
      vertex 13.4372 20.6292 0
    endloop
  endfacet
  facet normal 0 0 -1
    outer loop
      vertex 8.45 30 0
      vertex 15.3502 25.5946 0
      vertex 13.4372 20.6292 0
    endloop
  endfacet
  facet normal 0 0 -1
    outer loop
      vertex 8.43759 30.1893 0
      vertex 15.3502 25.5946 0
      vertex 8.45 30 0
    endloop
  endfacet
  facet normal 0 0 -1
    outer loop
      vertex 8.40059 30.3753 0
      vertex 15.3502 25.5946 0
      vertex 8.43759 30.1893 0
    endloop
  endfacet
  facet normal 0 0 -1
    outer loop
      vertex 8.33962 30.5549 0
      vertex 15.3502 25.5946 0
      vertex 8.40059 30.3753 0
    endloop
  endfacet
  facet normal 0 0 -1
    outer loop
      vertex 16.5905 25.5946 0
      vertex 8.33962 30.5549 0
      vertex 8.25574 30.725 0
    endloop
  endfacet
  facet normal 0 0 -1
    outer loop
      vertex 19.0532 25.5946 0
      vertex 8.25574 30.725 0
      vertex 8.15036 30.8827 0
    endloop
  endfacet
  facet normal 0 0 -1
    outer loop
      vertex 19.0532 25.5946 0
      vertex 8.15036 30.8827 0
      vertex 8.0253 31.0253 0
    endloop
  endfacet
  facet normal 0 0 -1
    outer loop
      vertex 19.0532 25.5946 0
      vertex 8.0253 31.0253 0
      vertex 4 37 0
    endloop
  endfacet
  facet normal 0 0 -1
    outer loop
      vertex 4 37 0
      vertex 8.0253 31.0253 0
      vertex 7.8827 31.1504 0
    endloop
  endfacet
  facet normal 0 0 -1
    outer loop
      vertex 4 37 0
      vertex 7.8827 31.1504 0
      vertex 7.725 31.2557 0
    endloop
  endfacet
  facet normal 0 0 -1
    outer loop
      vertex 4 37 0
      vertex 7.725 31.2557 0
      vertex 7.55489 31.3396 0
    endloop
  endfacet
  facet normal 0 0 -1
    outer loop
      vertex 4 37 0
      vertex 7.55489 31.3396 0
      vertex 7.37529 31.4006 0
    endloop
  endfacet
  facet normal 0 0 -1
    outer loop
      vertex 4 37 0
      vertex 7.37529 31.4006 0
      vertex 7.18926 31.4376 0
    endloop
  endfacet
  facet normal 0 0 -1
    outer loop
      vertex 4 37 0
      vertex 7.18926 31.4376 0
      vertex 7 31.45 0
    endloop
  endfacet
  facet normal 0 0 -1
    outer loop
      vertex 4 37 0
      vertex 7 31.45 0
      vertex 6.81074 31.4376 0
    endloop
  endfacet
  facet normal 0 0 -1
    outer loop
      vertex 35.0462 25.5946 0
      vertex 4 37 0
      vertex 68 37 0
    endloop
  endfacet
  facet normal 0 0 -1
    outer loop
      vertex 6.62471 31.4006 0
      vertex 4 37 0
      vertex 6.81074 31.4376 0
    endloop
  endfacet
  facet normal 0 0 -1
    outer loop
      vertex 6.44511 31.3396 0
      vertex 4 37 0
      vertex 6.62471 31.4006 0
    endloop
  endfacet
  facet normal 0 0 -1
    outer loop
      vertex 6.275 31.2557 0
      vertex 4 37 0
      vertex 6.44511 31.3396 0
    endloop
  endfacet
  facet normal 0 0 -1
    outer loop
      vertex 6.1173 31.1504 0
      vertex 4 37 0
      vertex 6.275 31.2557 0
    endloop
  endfacet
  facet normal 0 0 -1
    outer loop
      vertex 2.96472 36.8637 0
      vertex 6.1173 31.1504 0
      vertex 5.97469 31.0253 0
    endloop
  endfacet
  facet normal 0 0 -1
    outer loop
      vertex 0.136292 34.0353 0
      vertex 5.97469 31.0253 0
      vertex 5.84964 30.8827 0
    endloop
  endfacet
  facet normal 0 0 -1
    outer loop
      vertex 0 33 0
      vertex 5.84964 30.8827 0
      vertex 5.74426 30.725 0
    endloop
  endfacet
  facet normal 0 0 -1
    outer loop
      vertex 0 33 0
      vertex 5.74426 30.725 0
      vertex 5.66037 30.5549 0
    endloop
  endfacet
  facet normal 0 0 -1
    outer loop
      vertex 0 33 0
      vertex 5.66037 30.5549 0
      vertex 5.59941 30.3753 0
    endloop
  endfacet
  facet normal 0 0 -1
    outer loop
      vertex 0 33 0
      vertex 5.59941 30.3753 0
      vertex 5.5624 30.1893 0
    endloop
  endfacet
  facet normal 0 0 -1
    outer loop
      vertex 0 33 0
      vertex 5.5624 30.1893 0
      vertex 5.55 30 0
    endloop
  endfacet
  facet normal 0 0 -1
    outer loop
      vertex 5.59941 29.6247 0
      vertex 0 33 0
      vertex 5.5624 29.8107 0
    endloop
  endfacet
  facet normal 0 0 -1
    outer loop
      vertex 0.535889 2 0
      vertex 5.97469 5.97469 0
      vertex 0.826584 1.56494 0
    endloop
  endfacet
  facet normal 0 0 -1
    outer loop
      vertex 5.5624 29.8107 0
      vertex 0 33 0
      vertex 5.55 30 0
    endloop
  endfacet
  facet normal 0 0 -1
    outer loop
      vertex 0.304474 2.46925 0
      vertex 5.97469 5.97469 0
      vertex 0.535889 2 0
    endloop
  endfacet
  facet normal 0 0 -1
    outer loop
      vertex 5.84964 30.8827 0
      vertex 0 33 0
      vertex 0.0342102 33.5221 0
    endloop
  endfacet
  facet normal 0 0 -1
    outer loop
      vertex 0.136292 2.96472 0
      vertex 5.97469 5.97469 0
      vertex 0.304474 2.46925 0
    endloop
  endfacet
  facet normal 0 0 -1
    outer loop
      vertex 6.1173 31.1504 0
      vertex 3.47789 36.9658 0
      vertex 4 37 0
    endloop
  endfacet
  facet normal -0 0 -1
    outer loop
      vertex 5.97469 5.97469 0
      vertex 0.136292 2.96472 0
      vertex 5.84964 6.1173 0
    endloop
  endfacet
  facet normal 0 0 -1
    outer loop
      vertex 6.1173 31.1504 0
      vertex 2.96472 36.8637 0
      vertex 3.47789 36.9658 0
    endloop
  endfacet
  facet normal 0 0 -1
    outer loop
      vertex 0.0342102 3.47789 0
      vertex 5.84964 6.1173 0
      vertex 0.136292 2.96472 0
    endloop
  endfacet
  facet normal 0 0 -1
    outer loop
      vertex 5.97469 31.0253 0
      vertex 2.46925 36.6955 0
      vertex 2.96472 36.8637 0
    endloop
  endfacet
  facet normal 0 0 -1
    outer loop
      vertex 0 4 0
      vertex 5.84964 6.1173 0
      vertex 0.0342102 3.47789 0
    endloop
  endfacet
  facet normal 0 0 -1
    outer loop
      vertex 5.97469 31.0253 0
      vertex 2 36.4641 0
      vertex 2.46925 36.6955 0
    endloop
  endfacet
  facet normal -0 0 -1
    outer loop
      vertex 5.84964 6.1173 0
      vertex 0 4 0
      vertex 5.74426 6.275 0
    endloop
  endfacet
  facet normal 0 0 -1
    outer loop
      vertex 5.97469 31.0253 0
      vertex 1.56494 36.1734 0
      vertex 2 36.4641 0
    endloop
  endfacet
  facet normal -0 0 -1
    outer loop
      vertex 5.74426 6.275 0
      vertex 0 4 0
      vertex 5.66037 6.44511 0
    endloop
  endfacet
  facet normal 0 0 -1
    outer loop
      vertex 5.97469 31.0253 0
      vertex 1.17157 35.8284 0
      vertex 1.56494 36.1734 0
    endloop
  endfacet
  facet normal -0 0 -1
    outer loop
      vertex 5.66037 6.44511 0
      vertex 0 4 0
      vertex 5.59941 6.62471 0
    endloop
  endfacet
  facet normal 0 0 -1
    outer loop
      vertex 5.97469 31.0253 0
      vertex 0.826584 35.435 0
      vertex 1.17157 35.8284 0
    endloop
  endfacet
  facet normal -0 0 -1
    outer loop
      vertex 5.59941 6.62471 0
      vertex 0 4 0
      vertex 5.5624 6.81074 0
    endloop
  endfacet
  facet normal 0 0 -1
    outer loop
      vertex 5.97469 31.0253 0
      vertex 0.535889 35 0
      vertex 0.826584 35.435 0
    endloop
  endfacet
  facet normal -0 0 -1
    outer loop
      vertex 5.5624 6.81074 0
      vertex 0 4 0
      vertex 5.55 7 0
    endloop
  endfacet
  facet normal 0 0 -1
    outer loop
      vertex 5.97469 31.0253 0
      vertex 0.304474 34.5307 0
      vertex 0.535889 35 0
    endloop
  endfacet
  facet normal 0 0 -1
    outer loop
      vertex 5.97469 31.0253 0
      vertex 0.136292 34.0353 0
      vertex 0.304474 34.5307 0
    endloop
  endfacet
  facet normal 0 0 -1
    outer loop
      vertex 5.84964 30.8827 0
      vertex 0.0342102 33.5221 0
      vertex 0.136292 34.0353 0
    endloop
  endfacet
  facet normal 0 0 -1
    outer loop
      vertex 58.0219 21.5625 0
      vertex 58.291 23.2901 0
      vertex 58.0505 21.4345 0
    endloop
  endfacet
  facet normal 0 0 -1
    outer loop
      vertex 58.291 23.2901 0
      vertex 58.0219 21.5625 0
      vertex 58.2219 23.1608 0
    endloop
  endfacet
  facet normal 0 0 -1
    outer loop
      vertex 57.982 21.6841 0
      vertex 58.2219 23.1608 0
      vertex 58.0219 21.5625 0
    endloop
  endfacet
  facet normal 0 0 -1
    outer loop
      vertex 58.2219 23.1608 0
      vertex 57.982 21.6841 0
      vertex 58.1374 23.0411 0
    endloop
  endfacet
  facet normal 0 0 -1
    outer loop
      vertex 57.9306 21.7993 0
      vertex 58.1374 23.0411 0
      vertex 57.982 21.6841 0
    endloop
  endfacet
  facet normal 0 0 -1
    outer loop
      vertex 58.1374 23.0411 0
      vertex 57.9306 21.7993 0
      vertex 58.0376 22.9312 0
    endloop
  endfacet
  facet normal 0 0 -1
    outer loop
      vertex 57.8679 21.9081 0
      vertex 58.0376 22.9312 0
      vertex 57.9306 21.7993 0
    endloop
  endfacet
  facet normal 0 0 -1
    outer loop
      vertex 58.0376 22.9312 0
      vertex 57.8679 21.9081 0
      vertex 57.9231 22.8318 0
    endloop
  endfacet
  facet normal 0 0 -1
    outer loop
      vertex 57.7937 22.0104 0
      vertex 57.9231 22.8318 0
      vertex 57.8679 21.9081 0
    endloop
  endfacet
  facet normal 0 0 -1
    outer loop
      vertex 57.9231 22.8318 0
      vertex 57.7937 22.0104 0
      vertex 57.7946 22.7441 0
    endloop
  endfacet
  facet normal 0 0 -1
    outer loop
      vertex 57.7078 22.1049 0
      vertex 57.7946 22.7441 0
      vertex 57.7937 22.0104 0
    endloop
  endfacet
  facet normal 0 0 -1
    outer loop
      vertex 57.7078 22.1049 0
      vertex 57.6521 22.668 0
      vertex 57.7946 22.7441 0
    endloop
  endfacet
  facet normal 0 0 -1
    outer loop
      vertex 57.6101 22.1903 0
      vertex 57.6521 22.668 0
      vertex 57.7078 22.1049 0
    endloop
  endfacet
  facet normal 0 0 -1
    outer loop
      vertex 57.5004 22.2664 0
      vertex 57.6521 22.668 0
      vertex 57.6101 22.1903 0
    endloop
  endfacet
  facet normal 0 0 -1
    outer loop
      vertex 57.5004 22.2664 0
      vertex 57.4957 22.6034 0
      vertex 57.6521 22.668 0
    endloop
  endfacet
  facet normal 0 0 -1
    outer loop
      vertex 57.3788 22.3334 0
      vertex 57.4957 22.6034 0
      vertex 57.5004 22.2664 0
    endloop
  endfacet
  facet normal 0 0 -1
    outer loop
      vertex 57.3788 22.3334 0
      vertex 57.3252 22.5504 0
      vertex 57.4957 22.6034 0
    endloop
  endfacet
  facet normal 0 0 -1
    outer loop
      vertex 57.2452 22.3911 0
      vertex 57.3252 22.5504 0
      vertex 57.3788 22.3334 0
    endloop
  endfacet
  facet normal 0 0 -1
    outer loop
      vertex 57.2452 22.3911 0
      vertex 57.1408 22.509 0
      vertex 57.3252 22.5504 0
    endloop
  endfacet
  facet normal 0 0 -1
    outer loop
      vertex 57.0997 22.4398 0
      vertex 57.1408 22.509 0
      vertex 57.2452 22.3911 0
    endloop
  endfacet
  facet normal 0 0 -1
    outer loop
      vertex 57.1408 22.509 0
      vertex 57.0997 22.4398 0
      vertex 56.9424 22.4792 0
    endloop
  endfacet
  facet normal 0 0 -1
    outer loop
      vertex 52.2289 21.0665 0
      vertex 52.1979 23.0782 0
      vertex 52.2365 23.1544 0
    endloop
  endfacet
  facet normal 0 0 -1
    outer loop
      vertex 52.2289 21.0665 0
      vertex 52.1551 23.0053 0
      vertex 52.1979 23.0782 0
    endloop
  endfacet
  facet normal 0 0 -1
    outer loop
      vertex 52.2289 21.0665 0
      vertex 52.1083 22.9356 0
      vertex 52.1551 23.0053 0
    endloop
  endfacet
  facet normal 0 0 -1
    outer loop
      vertex 52.2289 21.0665 0
      vertex 52.0573 22.8692 0
      vertex 52.1083 22.9356 0
    endloop
  endfacet
  facet normal 0 0 -1
    outer loop
      vertex 52.2289 21.0665 0
      vertex 52.0022 22.806 0
      vertex 52.0573 22.8692 0
    endloop
  endfacet
  facet normal 0 0 -1
    outer loop
      vertex 52.2289 21.0665 0
      vertex 51.943 22.7462 0
      vertex 52.0022 22.806 0
    endloop
  endfacet
  facet normal 0 0 -1
    outer loop
      vertex 52.2289 21.0665 0
      vertex 51.8786 22.6889 0
      vertex 51.943 22.7462 0
    endloop
  endfacet
  facet normal 0 0 -1
    outer loop
      vertex 52.2289 21.0665 0
      vertex 51.8079 22.6338 0
      vertex 51.8786 22.6889 0
    endloop
  endfacet
  facet normal 0 0 -1
    outer loop
      vertex 52.2289 21.0665 0
      vertex 51.731 22.5806 0
      vertex 51.8079 22.6338 0
    endloop
  endfacet
  facet normal 0 0 -1
    outer loop
      vertex 52.2289 21.0665 0
      vertex 51.6478 22.5296 0
      vertex 51.731 22.5806 0
    endloop
  endfacet
  facet normal 0 0 -1
    outer loop
      vertex 52.2289 21.0665 0
      vertex 51.5584 22.4806 0
      vertex 51.6478 22.5296 0
    endloop
  endfacet
  facet normal 0 0 -1
    outer loop
      vertex 52.2289 21.0665 0
      vertex 51.4627 22.4337 0
      vertex 51.5584 22.4806 0
    endloop
  endfacet
  facet normal 0 0 -1
    outer loop
      vertex 52.2289 21.0665 0
      vertex 51.3607 22.3888 0
      vertex 51.4627 22.4337 0
    endloop
  endfacet
  facet normal 0 0 -1
    outer loop
      vertex 51.0264 21.2305 0
      vertex 51.3607 22.3888 0
      vertex 52.2289 21.0665 0
    endloop
  endfacet
  facet normal 0 0 -1
    outer loop
      vertex 51.3607 22.3888 0
      vertex 51.0264 21.2305 0
      vertex 51.2457 22.3444 0
    endloop
  endfacet
  facet normal 0 0 -1
    outer loop
      vertex 51.2457 22.3444 0
      vertex 51.0264 21.2305 0
      vertex 51.1108 22.2989 0
    endloop
  endfacet
  facet normal 0 0 -1
    outer loop
      vertex 50.1393 22.0546 0
      vertex 51.0264 21.2305 0
      vertex 50.9961 21.1251 0
    endloop
  endfacet
  facet normal 0 0 -1
    outer loop
      vertex 50.1393 22.0546 0
      vertex 50.9961 21.1251 0
      vertex 50.958 21.0273 0
    endloop
  endfacet
  facet normal 0 0 -1
    outer loop
      vertex 51.0264 21.2305 0
      vertex 50.9562 22.2522 0
      vertex 51.1108 22.2989 0
    endloop
  endfacet
  facet normal 0 0 -1
    outer loop
      vertex 50.1393 22.0546 0
      vertex 50.958 21.0273 0
      vertex 50.912 20.9373 0
    endloop
  endfacet
  facet normal 0 0 -1
    outer loop
      vertex 50.1393 22.0546 0
      vertex 50.912 20.9373 0
      vertex 50.8583 20.855 0
    endloop
  endfacet
  facet normal 0 0 -1
    outer loop
      vertex 50.1393 22.0546 0
      vertex 50.8583 20.855 0
      vertex 50.7967 20.7805 0
    endloop
  endfacet
  facet normal 0 0 -1
    outer loop
      vertex 51.0264 21.2305 0
      vertex 50.7817 22.2045 0
      vertex 50.9562 22.2522 0
    endloop
  endfacet
  facet normal 0 0 -1
    outer loop
      vertex 50.1393 22.0546 0
      vertex 50.7967 20.7805 0
      vertex 50.7274 20.7136 0
    endloop
  endfacet
  facet normal 0 0 -1
    outer loop
      vertex 50.1393 22.0546 0
      vertex 50.7274 20.7136 0
      vertex 50.6502 20.6545 0
    endloop
  endfacet
  facet normal 0 0 -1
    outer loop
      vertex 51.0264 21.2305 0
      vertex 50.5874 22.1556 0
      vertex 50.7817 22.2045 0
    endloop
  endfacet
  facet normal 0 0 -1
    outer loop
      vertex 50.1393 22.0546 0
      vertex 50.6502 20.6545 0
      vertex 50.5641 20.6032 0
    endloop
  endfacet
  facet normal 0 0 -1
    outer loop
      vertex 49.9438 22.0112 0
      vertex 50.5641 20.6032 0
      vertex 50.4679 20.5598 0
    endloop
  endfacet
  facet normal 0 0 -1
    outer loop
      vertex 51.0264 21.2305 0
      vertex 50.3733 22.1057 0
      vertex 50.5874 22.1556 0
    endloop
  endfacet
  facet normal 0 0 -1
    outer loop
      vertex 49.9438 22.0112 0
      vertex 50.4679 20.5598 0
      vertex 50.3618 20.5243 0
    endloop
  endfacet
  facet normal 0 0 -1
    outer loop
      vertex 49.9438 22.0112 0
      vertex 50.3618 20.5243 0
      vertex 50.2455 20.4966 0
    endloop
  endfacet
  facet normal 0 0 -1
    outer loop
      vertex 51.0264 21.2305 0
      vertex 50.1393 22.0546 0
      vertex 50.3733 22.1057 0
    endloop
  endfacet
  facet normal 0 0 -1
    outer loop
      vertex 49.9438 22.0112 0
      vertex 50.2455 20.4966 0
      vertex 50.1193 20.4769 0
    endloop
  endfacet
  facet normal 0 0 -1
    outer loop
      vertex 49.768 21.97 0
      vertex 50.1193 20.4769 0
      vertex 49.983 20.465 0
    endloop
  endfacet
  facet normal 0 0 -1
    outer loop
      vertex 50.5641 20.6032 0
      vertex 49.9438 22.0112 0
      vertex 50.1393 22.0546 0
    endloop
  endfacet
  facet normal 0 0 -1
    outer loop
      vertex 49.768 21.97 0
      vertex 49.983 20.465 0
      vertex 49.8367 20.4611 0
    endloop
  endfacet
  facet normal 0 0 -1
    outer loop
      vertex 50.1193 20.4769 0
      vertex 49.768 21.97 0
      vertex 49.9438 22.0112 0
    endloop
  endfacet
  facet normal 0 0 -1
    outer loop
      vertex 49.8367 20.4611 0
      vertex 49.6119 21.9309 0
      vertex 49.768 21.97 0
    endloop
  endfacet
  facet normal 0 0 -1
    outer loop
      vertex 49.4756 21.8939 0
      vertex 49.8367 20.4611 0
      vertex 49.5377 20.4755 0
    endloop
  endfacet
  facet normal 0 0 -1
    outer loop
      vertex 49.8367 20.4611 0
      vertex 49.4756 21.8939 0
      vertex 49.6119 21.9309 0
    endloop
  endfacet
  facet normal 0 0 -1
    outer loop
      vertex 49.5377 20.4755 0
      vertex 49.3589 21.8591 0
      vertex 49.4756 21.8939 0
    endloop
  endfacet
  facet normal 0 0 -1
    outer loop
      vertex 49.2848 20.5188 0
      vertex 49.3589 21.8591 0
      vertex 49.5377 20.4755 0
    endloop
  endfacet
  facet normal 0 0 -1
    outer loop
      vertex 49.2848 20.5188 0
      vertex 49.2621 21.8265 0
      vertex 49.3589 21.8591 0
    endloop
  endfacet
  facet normal 0 0 -1
    outer loop
      vertex 49.2848 20.5188 0
      vertex 49.1849 21.796 0
      vertex 49.2621 21.8265 0
    endloop
  endfacet
  facet normal 0 0 -1
    outer loop
      vertex 49.2848 20.5188 0
      vertex 49.12 21.7657 0
      vertex 49.1849 21.796 0
    endloop
  endfacet
  facet normal 0 0 -1
    outer loop
      vertex 49.0778 20.5908 0
      vertex 49.12 21.7657 0
      vertex 49.2848 20.5188 0
    endloop
  endfacet
  facet normal 0 0 -1
    outer loop
      vertex 49.0778 20.5908 0
      vertex 49.0598 21.7335 0
      vertex 49.12 21.7657 0
    endloop
  endfacet
  facet normal 0 0 -1
    outer loop
      vertex 49.0778 20.5908 0
      vertex 49.0044 21.6996 0
      vertex 49.0598 21.7335 0
    endloop
  endfacet
  facet normal 0 0 -1
    outer loop
      vertex 49.0778 20.5908 0
      vertex 48.9536 21.6639 0
      vertex 49.0044 21.6996 0
    endloop
  endfacet
  facet normal 0 0 -1
    outer loop
      vertex 48.7099 21.1674 0
      vertex 49.0778 20.5908 0
      vertex 48.9168 20.6917 0
    endloop
  endfacet
  facet normal 0 0 -1
    outer loop
      vertex 49.0778 20.5908 0
      vertex 48.7099 21.1674 0
      vertex 48.9536 21.6639 0
    endloop
  endfacet
  facet normal 0 0 -1
    outer loop
      vertex 48.9536 21.6639 0
      vertex 48.7099 21.1674 0
      vertex 48.9076 21.6263 0
    endloop
  endfacet
  facet normal 0 -0 -1
    outer loop
      vertex 48.7123 21.2318 0
      vertex 48.9076 21.6263 0
      vertex 48.7099 21.1674 0
    endloop
  endfacet
  facet normal 0 0 -1
    outer loop
      vertex 48.7329 20.98 0
      vertex 48.9168 20.6917 0
      vertex 48.8018 20.8215 0
    endloop
  endfacet
  facet normal 0 0 -1
    outer loop
      vertex 48.9076 21.6263 0
      vertex 48.7123 21.2318 0
      vertex 48.8663 21.587 0
    endloop
  endfacet
  facet normal 0 -0 -1
    outer loop
      vertex 48.7197 21.2927 0
      vertex 48.8663 21.587 0
      vertex 48.7123 21.2318 0
    endloop
  endfacet
  facet normal 0 -0 -1
    outer loop
      vertex 48.7319 21.3502 0
      vertex 48.8663 21.587 0
      vertex 48.7197 21.2927 0
    endloop
  endfacet
  facet normal 0 0 -1
    outer loop
      vertex 48.9168 20.6917 0
      vertex 48.7329 20.98 0
      vertex 48.7099 21.1674 0
    endloop
  endfacet
  facet normal 0 0 -1
    outer loop
      vertex 48.8663 21.587 0
      vertex 48.7319 21.3502 0
      vertex 48.8297 21.5458 0
    endloop
  endfacet
  facet normal 0 0 -1
    outer loop
      vertex 48.7979 21.5021 0
      vertex 48.7319 21.3502 0
      vertex 48.749 21.4042 0
    endloop
  endfacet
  facet normal 0 0 -1
    outer loop
      vertex 48.8297 21.5458 0
      vertex 48.7319 21.3502 0
      vertex 48.7979 21.5021 0
    endloop
  endfacet
  facet normal 0 0 -1
    outer loop
      vertex 48.7979 21.5021 0
      vertex 48.749 21.4042 0
      vertex 48.771 21.4549 0
    endloop
  endfacet
  facet normal 0 0 -1
    outer loop
      vertex 50.9834 23.4972 0
      vertex 51.1748 23.8888 0
      vertex 51.1657 23.8222 0
    endloop
  endfacet
  facet normal -0 0 -1
    outer loop
      vertex 51.1748 23.8888 0
      vertex 50.9834 23.4972 0
      vertex 51.1778 23.9591 0
    endloop
  endfacet
  facet normal 0 0 -1
    outer loop
      vertex 50.9834 23.4972 0
      vertex 51.1657 23.8222 0
      vertex 51.1504 23.7591 0
    endloop
  endfacet
  facet normal 0 0 -1
    outer loop
      vertex 51.0285 23.5429 0
      vertex 51.1504 23.7591 0
      vertex 51.1291 23.6996 0
    endloop
  endfacet
  facet normal 0 0 -1
    outer loop
      vertex 51.0285 23.5429 0
      vertex 51.1291 23.6996 0
      vertex 51.1017 23.6438 0
    endloop
  endfacet
  facet normal 0 0 -1
    outer loop
      vertex 51.1504 23.7591 0
      vertex 51.0285 23.5429 0
      vertex 50.9834 23.4972 0
    endloop
  endfacet
  facet normal 0 0 -1
    outer loop
      vertex 51.0285 23.5429 0
      vertex 51.1017 23.6438 0
      vertex 51.0682 23.5916 0
    endloop
  endfacet
  facet normal 0 0 -1
    outer loop
      vertex 50.9333 23.4537 0
      vertex 51.1778 23.9591 0
      vertex 50.9834 23.4972 0
    endloop
  endfacet
  facet normal 0 -0 -1
    outer loop
      vertex 50.9392 24.4915 0
      vertex 51.1778 23.9591 0
      vertex 50.9333 23.4537 0
    endloop
  endfacet
  facet normal 0 0 -1
    outer loop
      vertex 51.1513 24.1688 0
      vertex 50.9392 24.4915 0
      vertex 51.0718 24.3463 0
    endloop
  endfacet
  facet normal 0 0 -1
    outer loop
      vertex 51.1778 23.9591 0
      vertex 50.9392 24.4915 0
      vertex 51.1513 24.1688 0
    endloop
  endfacet
  facet normal 0 0 -1
    outer loop
      vertex 50.8782 23.4124 0
      vertex 50.9392 24.4915 0
      vertex 50.9333 23.4537 0
    endloop
  endfacet
  facet normal 0 0 -1
    outer loop
      vertex 50.7536 24.6044 0
      vertex 50.8782 23.4124 0
      vertex 50.8182 23.3734 0
    endloop
  endfacet
  facet normal 0 0 -1
    outer loop
      vertex 50.8782 23.4124 0
      vertex 50.7536 24.6044 0
      vertex 50.9392 24.4915 0
    endloop
  endfacet
  facet normal 0 0 -1
    outer loop
      vertex 50.7531 23.3365 0
      vertex 50.7536 24.6044 0
      vertex 50.8182 23.3734 0
    endloop
  endfacet
  facet normal 0 0 -1
    outer loop
      vertex 50.515 24.685 0
      vertex 50.7531 23.3365 0
      vertex 50.6831 23.302 0
    endloop
  endfacet
  facet normal 0 0 -1
    outer loop
      vertex 50.515 24.685 0
      vertex 50.6831 23.302 0
      vertex 50.6081 23.2696 0
    endloop
  endfacet
  facet normal 0 0 -1
    outer loop
      vertex 50.515 24.685 0
      vertex 50.6081 23.2696 0
      vertex 50.5205 23.2374 0
    endloop
  endfacet
  facet normal 0 0 -1
    outer loop
      vertex 50.7531 23.3365 0
      vertex 50.515 24.685 0
      vertex 50.7536 24.6044 0
    endloop
  endfacet
  facet normal 0 0 -1
    outer loop
      vertex 50.2234 24.7334 0
      vertex 50.5205 23.2374 0
      vertex 50.4125 23.2034 0
    endloop
  endfacet
  facet normal 0 0 -1
    outer loop
      vertex 50.2234 24.7334 0
      vertex 50.4125 23.2034 0
      vertex 50.2842 23.1674 0
    endloop
  endfacet
  facet normal 0 0 -1
    outer loop
      vertex 50.5205 23.2374 0
      vertex 50.2234 24.7334 0
      vertex 50.515 24.685 0
    endloop
  endfacet
  facet normal 0 0 -1
    outer loop
      vertex 50.1355 23.1296 0
      vertex 50.2234 24.7334 0
      vertex 50.2842 23.1674 0
    endloop
  endfacet
  facet normal 0 0 -1
    outer loop
      vertex 49.8787 24.7496 0
      vertex 50.1355 23.1296 0
      vertex 49.9666 23.0898 0
    endloop
  endfacet
  facet normal 0 0 -1
    outer loop
      vertex 50.1355 23.1296 0
      vertex 49.8787 24.7496 0
      vertex 50.2234 24.7334 0
    endloop
  endfacet
  facet normal 0 0 -1
    outer loop
      vertex 49.7053 24.7452 0
      vertex 49.9666 23.0898 0
      vertex 49.7772 23.0482 0
    endloop
  endfacet
  facet normal 0 0 -1
    outer loop
      vertex 49.9666 23.0898 0
      vertex 49.7053 24.7452 0
      vertex 49.8787 24.7496 0
    endloop
  endfacet
  facet normal 0 0 -1
    outer loop
      vertex 49.3919 24.7106 0
      vertex 49.7772 23.0482 0
      vertex 49.5676 23.0047 0
    endloop
  endfacet
  facet normal 0 0 -1
    outer loop
      vertex 49.7772 23.0482 0
      vertex 49.543 24.7322 0
      vertex 49.7053 24.7452 0
    endloop
  endfacet
  facet normal 0 0 -1
    outer loop
      vertex 49.7772 23.0482 0
      vertex 49.3919 24.7106 0
      vertex 49.543 24.7322 0
    endloop
  endfacet
  facet normal 0 0 -1
    outer loop
      vertex 48.6388 24.3078 0
      vertex 49.5676 23.0047 0
      vertex 49.386 22.9615 0
    endloop
  endfacet
  facet normal 0 0 -1
    outer loop
      vertex 49.5676 23.0047 0
      vertex 49.252 24.6802 0
      vertex 49.3919 24.7106 0
    endloop
  endfacet
  facet normal 0 0 -1
    outer loop
      vertex 48.424 23.854 0
      vertex 49.386 22.9615 0
      vertex 49.2209 22.9208 0
    endloop
  endfacet
  facet normal 0 0 -1
    outer loop
      vertex 49.5676 23.0047 0
      vertex 49.1232 24.6413 0
      vertex 49.252 24.6802 0
    endloop
  endfacet
  facet normal 0 0 -1
    outer loop
      vertex 48.424 23.854 0
      vertex 49.2209 22.9208 0
      vertex 49.0723 22.8826 0
    endloop
  endfacet
  facet normal 0 0 -1
    outer loop
      vertex 49.5676 23.0047 0
      vertex 49.0055 24.5936 0
      vertex 49.1232 24.6413 0
    endloop
  endfacet
  facet normal 0 0 -1
    outer loop
      vertex 48.424 23.854 0
      vertex 49.0723 22.8826 0
      vertex 48.9401 22.8468 0
    endloop
  endfacet
  facet normal 0 0 -1
    outer loop
      vertex 49.5676 23.0047 0
      vertex 48.899 24.5373 0
      vertex 49.0055 24.5936 0
    endloop
  endfacet
  facet normal 0 0 -1
    outer loop
      vertex 48.424 23.854 0
      vertex 48.9401 22.8468 0
      vertex 48.8245 22.8136 0
    endloop
  endfacet
  facet normal 0 0 -1
    outer loop
      vertex 49.386 22.9615 0
      vertex 48.5125 24.102 0
      vertex 48.571 24.2102 0
    endloop
  endfacet
  facet normal 0 0 -1
    outer loop
      vertex 48.424 23.854 0
      vertex 48.8245 22.8136 0
      vertex 48.7253 22.7828 0
    endloop
  endfacet
  facet normal 0 0 -1
    outer loop
      vertex 49.386 22.9615 0
      vertex 48.4635 23.9833 0
      vertex 48.5125 24.102 0
    endloop
  endfacet
  facet normal 0 0 -1
    outer loop
      vertex 48.424 23.854 0
      vertex 48.7253 22.7828 0
      vertex 48.6425 22.7546 0
    endloop
  endfacet
  facet normal 0 0 -1
    outer loop
      vertex 49.386 22.9615 0
      vertex 48.424 23.854 0
      vertex 48.4635 23.9833 0
    endloop
  endfacet
  facet normal 0 0 -1
    outer loop
      vertex 49.5676 23.0047 0
      vertex 48.8029 24.4713 0
      vertex 48.899 24.5373 0
    endloop
  endfacet
  facet normal 0 0 -1
    outer loop
      vertex 48.424 23.854 0
      vertex 48.6425 22.7546 0
      vertex 48.5691 22.7269 0
    endloop
  endfacet
  facet normal 0 0 -1
    outer loop
      vertex 49.5676 23.0047 0
      vertex 48.7161 24.3948 0
      vertex 48.8029 24.4713 0
    endloop
  endfacet
  facet normal 0 0 -1
    outer loop
      vertex 48.424 23.854 0
      vertex 48.5691 22.7269 0
      vertex 48.4977 22.6978 0
    endloop
  endfacet
  facet normal 0 0 -1
    outer loop
      vertex 49.386 22.9615 0
      vertex 48.571 24.2102 0
      vertex 48.6388 24.3078 0
    endloop
  endfacet
  facet normal 0 0 -1
    outer loop
      vertex 48.424 23.854 0
      vertex 48.4977 22.6978 0
      vertex 48.4284 22.6673 0
    endloop
  endfacet
  facet normal 0 0 -1
    outer loop
      vertex 49.5676 23.0047 0
      vertex 48.6388 24.3078 0
      vertex 48.7161 24.3948 0
    endloop
  endfacet
  facet normal 0 0 -1
    outer loop
      vertex 48.3611 22.6355 0
      vertex 48.424 23.854 0
      vertex 48.4284 22.6673 0
    endloop
  endfacet
  facet normal 0 0 -1
    outer loop
      vertex 48.2959 22.6023 0
      vertex 48.424 23.854 0
      vertex 48.3611 22.6355 0
    endloop
  endfacet
  facet normal 0 0 -1
    outer loop
      vertex 48.2327 22.5677 0
      vertex 48.424 23.854 0
      vertex 48.2959 22.6023 0
    endloop
  endfacet
  facet normal 0 0 -1
    outer loop
      vertex 48.1716 22.5318 0
      vertex 48.424 23.854 0
      vertex 48.2327 22.5677 0
    endloop
  endfacet
  facet normal 0 0 -1
    outer loop
      vertex 47.2257 24.0516 0
      vertex 48.1716 22.5318 0
      vertex 48.1129 22.4941 0
    endloop
  endfacet
  facet normal 0 0 -1
    outer loop
      vertex 47.2257 24.0516 0
      vertex 48.1129 22.4941 0
      vertex 48.0567 22.4542 0
    endloop
  endfacet
  facet normal 0 0 -1
    outer loop
      vertex 47.2257 24.0516 0
      vertex 48.0567 22.4542 0
      vertex 48.0031 22.4122 0
    endloop
  endfacet
  facet normal 0 0 -1
    outer loop
      vertex 47.2257 24.0516 0
      vertex 48.0031 22.4122 0
      vertex 47.952 22.368 0
    endloop
  endfacet
  facet normal 0 0 -1
    outer loop
      vertex 47.2257 24.0516 0
      vertex 47.952 22.368 0
      vertex 47.9035 22.3217 0
    endloop
  endfacet
  facet normal 0 0 -1
    outer loop
      vertex 47.2257 24.0516 0
      vertex 47.9035 22.3217 0
      vertex 47.8576 22.2733 0
    endloop
  endfacet
  facet normal 0 0 -1
    outer loop
      vertex 47.2257 24.0516 0
      vertex 47.8576 22.2733 0
      vertex 47.8143 22.2227 0
    endloop
  endfacet
  facet normal 0 0 -1
    outer loop
      vertex 47.2257 24.0516 0
      vertex 47.8143 22.2227 0
      vertex 47.7736 22.1698 0
    endloop
  endfacet
  facet normal 0 0 -1
    outer loop
      vertex 47.2257 24.0516 0
      vertex 47.7736 22.1698 0
      vertex 47.7355 22.1142 0
    endloop
  endfacet
  facet normal 0 0 -1
    outer loop
      vertex 47.2257 24.0516 0
      vertex 47.7355 22.1142 0
      vertex 47.7001 22.0562 0
    endloop
  endfacet
  facet normal 0 0 -1
    outer loop
      vertex 47.2257 24.0516 0
      vertex 47.7001 22.0562 0
      vertex 47.6674 21.9955 0
    endloop
  endfacet
  facet normal 0 0 -1
    outer loop
      vertex 47.2257 24.0516 0
      vertex 47.6674 21.9955 0
      vertex 47.6373 21.9323 0
    endloop
  endfacet
  facet normal 0 0 -1
    outer loop
      vertex 47.2257 24.0516 0
      vertex 47.6373 21.9323 0
      vertex 47.6099 21.8664 0
    endloop
  endfacet
  facet normal 0 0 -1
    outer loop
      vertex 48.1716 22.5318 0
      vertex 47.2257 24.0516 0
      vertex 48.424 23.854 0
    endloop
  endfacet
  facet normal 0 0 -1
    outer loop
      vertex 47.5852 21.7981 0
      vertex 47.2257 24.0516 0
      vertex 47.6099 21.8664 0
    endloop
  endfacet
  facet normal 0 0 -1
    outer loop
      vertex 47.5634 21.7269 0
      vertex 47.2257 24.0516 0
      vertex 47.5852 21.7981 0
    endloop
  endfacet
  facet normal 0 0 -1
    outer loop
      vertex 47.545 21.6529 0
      vertex 47.2257 24.0516 0
      vertex 47.5634 21.7269 0
    endloop
  endfacet
  facet normal 0 0 -1
    outer loop
      vertex 47.53 21.5759 0
      vertex 47.2257 24.0516 0
      vertex 47.545 21.6529 0
    endloop
  endfacet
  facet normal 0 0 -1
    outer loop
      vertex 47.5183 21.496 0
      vertex 47.2257 24.0516 0
      vertex 47.53 21.5759 0
    endloop
  endfacet
  facet normal 0 0 -1
    outer loop
      vertex 47.5099 21.4132 0
      vertex 47.2257 24.0516 0
      vertex 47.5183 21.496 0
    endloop
  endfacet
  facet normal 0 0 -1
    outer loop
      vertex 47.5049 21.3275 0
      vertex 47.2257 24.0516 0
      vertex 47.5099 21.4132 0
    endloop
  endfacet
  facet normal 0 0 -1
    outer loop
      vertex 47.2257 24.0516 0
      vertex 47.5049 21.3275 0
      vertex 47.5032 21.2389 0
    endloop
  endfacet
  facet normal 0 0 -1
    outer loop
      vertex 44.4016 15.6467 0
      vertex 45.3571 19.6707 0
      vertex 44.9647 15.6467 0
    endloop
  endfacet
  facet normal 0 0 -1
    outer loop
      vertex 42.6622 19.6707 0
      vertex 44.4016 15.6467 0
      vertex 43.4316 15.6467 0
    endloop
  endfacet
  facet normal 0 -0 -1
    outer loop
      vertex 43.9781 24.7075 0
      vertex 45.0946 24.2116 0
      vertex 42.9964 24.3438 0
    endloop
  endfacet
  facet normal -0 -0 -1
    outer loop
      vertex 44.1617 24.6998 0
      vertex 45.0946 24.2116 0
      vertex 43.9781 24.7075 0
    endloop
  endfacet
  facet normal -0 -0 -1
    outer loop
      vertex 44.4911 24.6376 0
      vertex 45.0946 24.2116 0
      vertex 44.3327 24.6765 0
    endloop
  endfacet
  facet normal 0 0 -1
    outer loop
      vertex 45.0946 24.2116 0
      vertex 44.4911 24.6376 0
      vertex 44.9998 24.327 0
    endloop
  endfacet
  facet normal -0 -0 -1
    outer loop
      vertex 44.6371 24.5833 0
      vertex 44.9998 24.327 0
      vertex 44.4911 24.6376 0
    endloop
  endfacet
  facet normal 0 0 -1
    outer loop
      vertex 44.9998 24.327 0
      vertex 44.6371 24.5833 0
      vertex 44.8914 24.428 0
    endloop
  endfacet
  facet normal 0 0 -1
    outer loop
      vertex 44.8914 24.428 0
      vertex 44.6371 24.5833 0
      vertex 44.7705 24.5134 0
    endloop
  endfacet
  facet normal -0 -0 -1
    outer loop
      vertex 44.3327 24.6765 0
      vertex 45.0946 24.2116 0
      vertex 44.1617 24.6998 0
    endloop
  endfacet
  facet normal 0 0 -1
    outer loop
      vertex 43.9781 24.7075 0
      vertex 42.9964 24.3438 0
      vertex 43.7995 24.7001 0
    endloop
  endfacet
  facet normal 0 0 -1
    outer loop
      vertex 43.7995 24.7001 0
      vertex 42.9964 24.3438 0
      vertex 43.6337 24.6778 0
    endloop
  endfacet
  facet normal 0 0 -1
    outer loop
      vertex 43.4316 15.6467 0
      vertex 44.4016 15.6467 0
      vertex 43.4316 14.2943 0
    endloop
  endfacet
  facet normal 0 0 -1
    outer loop
      vertex 44.4016 15.6467 0
      vertex 43.431 14.2476 0
      vertex 43.4316 14.2943 0
    endloop
  endfacet
  facet normal 0 0 -1
    outer loop
      vertex 44.4016 15.6467 0
      vertex 43.4292 14.1968 0
      vertex 43.431 14.2476 0
    endloop
  endfacet
  facet normal 0 0 -1
    outer loop
      vertex 44.4016 15.6467 0
      vertex 43.4262 14.1418 0
      vertex 43.4292 14.1968 0
    endloop
  endfacet
  facet normal 0 0 -1
    outer loop
      vertex 44.4016 15.6467 0
      vertex 43.422 14.0828 0
      vertex 43.4262 14.1418 0
    endloop
  endfacet
  facet normal 0 0 -1
    outer loop
      vertex 44.4016 15.6467 0
      vertex 43.4166 14.0196 0
      vertex 43.422 14.0828 0
    endloop
  endfacet
  facet normal 0 0 -1
    outer loop
      vertex 44.4016 15.6467 0
      vertex 43.4101 13.9523 0
      vertex 43.4166 14.0196 0
    endloop
  endfacet
  facet normal 0 -0 -1
    outer loop
      vertex 43.4101 13.9523 0
      vertex 44.4016 15.6467 0
      vertex 43.4023 13.8809 0
    endloop
  endfacet
  facet normal -0 0 -1
    outer loop
      vertex 44.5598 15.0648 0
      vertex 43.5536 13.3536 0
      vertex 44.5676 15.1341 0
    endloop
  endfacet
  facet normal -0 0 -1
    outer loop
      vertex 44.5532 14.9972 0
      vertex 43.5536 13.3536 0
      vertex 44.5598 15.0648 0
    endloop
  endfacet
  facet normal -0 0 -1
    outer loop
      vertex 44.5479 14.9315 0
      vertex 43.5536 13.3536 0
      vertex 44.5532 14.9972 0
    endloop
  endfacet
  facet normal -0 0 -1
    outer loop
      vertex 44.5437 14.8676 0
      vertex 43.5536 13.3536 0
      vertex 44.5479 14.9315 0
    endloop
  endfacet
  facet normal -0 0 -1
    outer loop
      vertex 44.5407 14.8054 0
      vertex 43.5536 13.3536 0
      vertex 44.5437 14.8676 0
    endloop
  endfacet
  facet normal -0 0 -1
    outer loop
      vertex 44.5389 14.7451 0
      vertex 43.5536 13.3536 0
      vertex 44.5407 14.8054 0
    endloop
  endfacet
  facet normal 0 0 -1
    outer loop
      vertex 43.5536 13.3536 0
      vertex 44.5389 14.7451 0
      vertex 44.5383 14.6865 0
    endloop
  endfacet
  facet normal 0 0 -1
    outer loop
      vertex 42.6622 19.6707 0
      vertex 43.4316 15.6467 0
      vertex 43.0052 15.6467 0
    endloop
  endfacet
  facet normal 0 0 -1
    outer loop
      vertex 43.6337 24.6778 0
      vertex 42.9964 24.3438 0
      vertex 43.4807 24.6407 0
    endloop
  endfacet
  facet normal 0 0 -1
    outer loop
      vertex 43.4807 24.6407 0
      vertex 42.9964 24.3438 0
      vertex 43.3405 24.5888 0
    endloop
  endfacet
  facet normal 0 0 -1
    outer loop
      vertex 43.3405 24.5888 0
      vertex 42.9964 24.3438 0
      vertex 43.213 24.522 0
    endloop
  endfacet
  facet normal 0 0 -1
    outer loop
      vertex 44.4016 15.6467 0
      vertex 42.6622 19.6707 0
      vertex 45.3571 19.6707 0
    endloop
  endfacet
  facet normal 0 0 -1
    outer loop
      vertex 43.213 24.522 0
      vertex 42.9964 24.3438 0
      vertex 43.0983 24.4403 0
    endloop
  endfacet
  facet normal 0 -0 -1
    outer loop
      vertex 42.7236 23.8177 0
      vertex 45.0946 24.2116 0
      vertex 42.6895 23.6516 0
    endloop
  endfacet
  facet normal 0 0 -1
    outer loop
      vertex 42.6599 15.1992 0
      vertex 43.0052 15.6467 0
      vertex 42.7062 15.1148 0
    endloop
  endfacet
  facet normal -0 0 -1
    outer loop
      vertex 45.0946 24.2116 0
      vertex 42.7236 23.8177 0
      vertex 42.9964 24.3438 0
    endloop
  endfacet
  facet normal 0 -0 -1
    outer loop
      vertex 42.7713 23.9699 0
      vertex 42.9964 24.3438 0
      vertex 42.7236 23.8177 0
    endloop
  endfacet
  facet normal 0 0 -1
    outer loop
      vertex 42.9964 24.3438 0
      vertex 42.7713 23.9699 0
      vertex 42.9078 24.233 0
    endloop
  endfacet
  facet normal 0 0 -1
    outer loop
      vertex 42.6084 15.2768 0
      vertex 43.0052 15.6467 0
      vertex 42.6599 15.1992 0
    endloop
  endfacet
  facet normal 0 0 -1
    outer loop
      vertex 42.5518 15.3473 0
      vertex 43.0052 15.6467 0
      vertex 42.6084 15.2768 0
    endloop
  endfacet
  facet normal 0 0 -1
    outer loop
      vertex 42.49 15.4109 0
      vertex 43.0052 15.6467 0
      vertex 42.5518 15.3473 0
    endloop
  endfacet
  facet normal 0 0 -1
    outer loop
      vertex 42.4231 15.4676 0
      vertex 43.0052 15.6467 0
      vertex 42.49 15.4109 0
    endloop
  endfacet
  facet normal 0 0 -1
    outer loop
      vertex 42.3511 15.5174 0
      vertex 43.0052 15.6467 0
      vertex 42.4231 15.4676 0
    endloop
  endfacet
  facet normal 0 0 -1
    outer loop
      vertex 42.2743 15.5603 0
      vertex 43.0052 15.6467 0
      vertex 42.3511 15.5174 0
    endloop
  endfacet
  facet normal 0 0 -1
    outer loop
      vertex 42.1933 15.5967 0
      vertex 43.0052 15.6467 0
      vertex 42.2743 15.5603 0
    endloop
  endfacet
  facet normal 0 0 -1
    outer loop
      vertex 42.1082 15.6264 0
      vertex 43.0052 15.6467 0
      vertex 42.1933 15.5967 0
    endloop
  endfacet
  facet normal 0 0 -1
    outer loop
      vertex 42.0188 15.6496 0
      vertex 43.0052 15.6467 0
      vertex 42.1082 15.6264 0
    endloop
  endfacet
  facet normal 0 0 -1
    outer loop
      vertex 43.0052 15.6467 0
      vertex 42.0188 15.6496 0
      vertex 42.6622 19.6707 0
    endloop
  endfacet
  facet normal 0 0 -1
    outer loop
      vertex 41.9252 15.6661 0
      vertex 42.6622 19.6707 0
      vertex 42.0188 15.6496 0
    endloop
  endfacet
  facet normal 0 0 -1
    outer loop
      vertex 41.8273 15.676 0
      vertex 42.6622 19.6707 0
      vertex 41.9252 15.6661 0
    endloop
  endfacet
  facet normal 0 0 -1
    outer loop
      vertex 41.4219 19.6707 0
      vertex 41.8273 15.676 0
      vertex 41.7253 15.6793 0
    endloop
  endfacet
  facet normal 0 0 -1
    outer loop
      vertex 41.4219 19.6707 0
      vertex 41.7253 15.6793 0
      vertex 41.5723 15.6729 0
    endloop
  endfacet
  facet normal 0 0 -1
    outer loop
      vertex 41.4219 19.6707 0
      vertex 41.5723 15.6729 0
      vertex 41.4296 15.6537 0
    endloop
  endfacet
  facet normal 0 0 -1
    outer loop
      vertex 41.8273 15.676 0
      vertex 41.4219 19.6707 0
      vertex 42.6622 19.6707 0
    endloop
  endfacet
  facet normal 0 0 -1
    outer loop
      vertex 38.65 17.6 0
      vertex 41.2972 15.6217 0
      vertex 41.175 15.577 0
    endloop
  endfacet
  facet normal 0 0 -1
    outer loop
      vertex 41.2972 15.6217 0
      vertex 41.4219 19.6707 0
      vertex 41.4296 15.6537 0
    endloop
  endfacet
  facet normal 0 0 -1
    outer loop
      vertex 42.7181 13.9574 0
      vertex 42.3291 14.8655 0
      vertex 42.7473 15.0234 0
    endloop
  endfacet
  facet normal 0 0 -1
    outer loop
      vertex 42.2949 14.073 0
      vertex 42.3291 14.8655 0
      vertex 42.7181 13.9574 0
    endloop
  endfacet
  facet normal 0 0 -1
    outer loop
      vertex 42.0842 13.7987 0
      vertex 42.2949 14.073 0
      vertex 42.2775 14.0251 0
    endloop
  endfacet
  facet normal 0 0 -1
    outer loop
      vertex 42.2949 14.073 0
      vertex 41.0515 14.4896 0
      vertex 42.3291 14.8655 0
    endloop
  endfacet
  facet normal 0 0 -1
    outer loop
      vertex 42.0842 13.7987 0
      vertex 42.2775 14.0251 0
      vertex 42.2558 13.9802 0
    endloop
  endfacet
  facet normal 0 0 -1
    outer loop
      vertex 42.0842 13.7987 0
      vertex 42.2558 13.9802 0
      vertex 42.2299 13.9381 0
    endloop
  endfacet
  facet normal 0 -0 -1
    outer loop
      vertex 41.055 14.5988 0
      vertex 42.3291 14.8655 0
      vertex 41.0515 14.4896 0
    endloop
  endfacet
  facet normal 0 0 -1
    outer loop
      vertex 42.0842 13.7987 0
      vertex 42.2299 13.9381 0
      vertex 42.1998 13.8989 0
    endloop
  endfacet
  facet normal 0 0 -1
    outer loop
      vertex 42.0842 13.7987 0
      vertex 42.1998 13.8989 0
      vertex 42.1655 13.8626 0
    endloop
  endfacet
  facet normal 0 -0 -1
    outer loop
      vertex 41.0657 14.7003 0
      vertex 42.3291 14.8655 0
      vertex 41.055 14.5988 0
    endloop
  endfacet
  facet normal 0 0 -1
    outer loop
      vertex 42.0842 13.7987 0
      vertex 42.1655 13.8626 0
      vertex 42.1269 13.8292 0
    endloop
  endfacet
  facet normal 0 0 -1
    outer loop
      vertex 42.2949 14.073 0
      vertex 42.0842 13.7987 0
      vertex 42.0381 13.7717 0
    endloop
  endfacet
  facet normal 0 -0 -1
    outer loop
      vertex 41.0833 14.7942 0
      vertex 42.3291 14.8655 0
      vertex 41.0657 14.7003 0
    endloop
  endfacet
  facet normal 0 0 -1
    outer loop
      vertex 42.2949 14.073 0
      vertex 42.0381 13.7717 0
      vertex 41.9898 13.7489 0
    endloop
  endfacet
  facet normal 0 0 -1
    outer loop
      vertex 42.2949 14.073 0
      vertex 41.9898 13.7489 0
      vertex 41.9392 13.7302 0
    endloop
  endfacet
  facet normal -0 0 -1
    outer loop
      vertex 42.3291 14.8655 0
      vertex 41.0833 14.7942 0
      vertex 42.2753 14.9813 0
    endloop
  endfacet
  facet normal 0 0 -1
    outer loop
      vertex 42.2949 14.073 0
      vertex 41.9392 13.7302 0
      vertex 41.8863 13.7157 0
    endloop
  endfacet
  facet normal 0 0 -1
    outer loop
      vertex 42.2949 14.073 0
      vertex 41.8863 13.7157 0
      vertex 41.8311 13.7053 0
    endloop
  endfacet
  facet normal 0 -0 -1
    outer loop
      vertex 41.7253 15.3017 0
      vertex 42.2753 14.9813 0
      vertex 41.0833 14.7942 0
    endloop
  endfacet
  facet normal 0 0 -1
    outer loop
      vertex 42.2949 14.073 0
      vertex 41.8311 13.7053 0
      vertex 41.7737 13.6991 0
    endloop
  endfacet
  facet normal 0 0 -1
    outer loop
      vertex 42.2949 14.073 0
      vertex 41.7737 13.6991 0
      vertex 41.7139 13.697 0
    endloop
  endfacet
  facet normal 0 0 -1
    outer loop
      vertex 42.2753 14.9813 0
      vertex 41.7253 15.3017 0
      vertex 42.2107 15.0792 0
    endloop
  endfacet
  facet normal -0 0 -1
    outer loop
      vertex 42.2949 14.073 0
      vertex 41.7139 13.697 0
      vertex 41.0824 14.1906 0
    endloop
  endfacet
  facet normal 0 0 -1
    outer loop
      vertex 42.1353 15.1593 0
      vertex 41.844 15.2928 0
      vertex 42.049 15.2216 0
    endloop
  endfacet
  facet normal 0 0 -1
    outer loop
      vertex 41.0824 14.1906 0
      vertex 41.7139 13.697 0
      vertex 41.6241 13.7011 0
    endloop
  endfacet
  facet normal 0 0 -1
    outer loop
      vertex 42.049 15.2216 0
      vertex 41.844 15.2928 0
      vertex 41.9519 15.2661 0
    endloop
  endfacet
  facet normal 0 0 -1
    outer loop
      vertex 41.1065 14.1062 0
      vertex 41.6241 13.7011 0
      vertex 41.5407 13.7135 0
    endloop
  endfacet
  facet normal 0 0 -1
    outer loop
      vertex 42.2107 15.0792 0
      vertex 41.844 15.2928 0
      vertex 42.1353 15.1593 0
    endloop
  endfacet
  facet normal 0 0 -1
    outer loop
      vertex 41.1374 14.0294 0
      vertex 41.5407 13.7135 0
      vertex 41.4637 13.7341 0
    endloop
  endfacet
  facet normal -0 -0 -1
    outer loop
      vertex 41.844 15.2928 0
      vertex 42.2107 15.0792 0
      vertex 41.7253 15.3017 0
    endloop
  endfacet
  facet normal 0 0 -1
    outer loop
      vertex 41.1374 14.0294 0
      vertex 41.4637 13.7341 0
      vertex 41.3932 13.7629 0
    endloop
  endfacet
  facet normal 0 0 -1
    outer loop
      vertex 41.7253 15.3017 0
      vertex 41.0833 14.7942 0
      vertex 41.6349 15.2975 0
    endloop
  endfacet
  facet normal 0 0 -1
    outer loop
      vertex 41.1374 14.0294 0
      vertex 41.3932 13.7629 0
      vertex 41.329 13.8 0
    endloop
  endfacet
  facet normal 0 -0 -1
    outer loop
      vertex 41.1081 14.8805 0
      vertex 41.6349 15.2975 0
      vertex 41.0833 14.7942 0
    endloop
  endfacet
  facet normal 0 0 -1
    outer loop
      vertex 41.1374 14.0294 0
      vertex 41.329 13.8 0
      vertex 41.2713 13.8453 0
    endloop
  endfacet
  facet normal 0 0 -1
    outer loop
      vertex 41.6349 15.2975 0
      vertex 41.1081 14.8805 0
      vertex 41.5509 15.2847 0
    endloop
  endfacet
  facet normal 0 0 -1
    outer loop
      vertex 41.1374 14.0294 0
      vertex 41.2713 13.8453 0
      vertex 41.2199 13.8988 0
    endloop
  endfacet
  facet normal 0 -0 -1
    outer loop
      vertex 41.1399 14.9591 0
      vertex 41.5509 15.2847 0
      vertex 41.1081 14.8805 0
    endloop
  endfacet
  facet normal 0 0 -1
    outer loop
      vertex 41.1374 14.0294 0
      vertex 41.2199 13.8988 0
      vertex 41.1752 13.9603 0
    endloop
  endfacet
  facet normal 0 0 -1
    outer loop
      vertex 41.5509 15.2847 0
      vertex 41.1399 14.9591 0
      vertex 41.4731 15.2635 0
    endloop
  endfacet
  facet normal 0 0 -1
    outer loop
      vertex 41.5407 13.7135 0
      vertex 41.1374 14.0294 0
      vertex 41.1065 14.1062 0
    endloop
  endfacet
  facet normal 0 -0 -1
    outer loop
      vertex 41.1788 15.0301 0
      vertex 41.4731 15.2635 0
      vertex 41.1399 14.9591 0
    endloop
  endfacet
  facet normal 0 0 -1
    outer loop
      vertex 41.6241 13.7011 0
      vertex 41.1065 14.1062 0
      vertex 41.0824 14.1906 0
    endloop
  endfacet
  facet normal 0 0 -1
    outer loop
      vertex 41.4016 15.2337 0
      vertex 41.1788 15.0301 0
      vertex 41.3364 15.1954 0
    endloop
  endfacet
  facet normal 0 0 -1
    outer loop
      vertex 42.2949 14.073 0
      vertex 41.0824 14.1906 0
      vertex 41.0652 14.2826 0
    endloop
  endfacet
  facet normal 0 0 -1
    outer loop
      vertex 41.2775 15.1487 0
      vertex 41.1788 15.0301 0
      vertex 41.2248 15.0934 0
    endloop
  endfacet
  facet normal 0 0 -1
    outer loop
      vertex 42.2949 14.073 0
      vertex 41.0652 14.2826 0
      vertex 41.0549 14.3823 0
    endloop
  endfacet
  facet normal 0 0 -1
    outer loop
      vertex 41.3364 15.1954 0
      vertex 41.1788 15.0301 0
      vertex 41.2775 15.1487 0
    endloop
  endfacet
  facet normal 0 0 -1
    outer loop
      vertex 42.2949 14.073 0
      vertex 41.0549 14.3823 0
      vertex 41.0515 14.4896 0
    endloop
  endfacet
  facet normal 0 0 -1
    outer loop
      vertex 41.4731 15.2635 0
      vertex 41.1788 15.0301 0
      vertex 41.4016 15.2337 0
    endloop
  endfacet
  facet normal 0 0 -1
    outer loop
      vertex 42.9078 24.233 0
      vertex 42.7713 23.9699 0
      vertex 42.8327 24.1084 0
    endloop
  endfacet
  facet normal -0 0 -1
    outer loop
      vertex 24.6241 21.0171 0
      vertex 23.9 20.75 0
      vertex 24.6117 21.2389 0
    endloop
  endfacet
  facet normal -0 0 -1
    outer loop
      vertex 24.661 20.8107 0
      vertex 23.9 20.75 0
      vertex 24.6241 21.0171 0
    endloop
  endfacet
  facet normal 0 0 -1
    outer loop
      vertex 23.9 20.75 0
      vertex 24.661 20.8107 0
      vertex 24.6806 20.75 0
    endloop
  endfacet
  facet normal 0 0 -1
    outer loop
      vertex 23.9 21.65 0
      vertex 24.6117 21.2389 0
      vertex 23.9 20.75 0
    endloop
  endfacet
  facet normal 0 0 -1
    outer loop
      vertex 24.6117 21.2389 0
      vertex 23.9 21.65 0
      vertex 24.6134 21.3275 0
    endloop
  endfacet
  facet normal 0 0 -1
    outer loop
      vertex 24.6134 21.3275 0
      vertex 23.9 21.65 0
      vertex 24.6184 21.4132 0
    endloop
  endfacet
  facet normal 0 0 -1
    outer loop
      vertex 24.6184 21.4132 0
      vertex 23.9 21.65 0
      vertex 24.6268 21.496 0
    endloop
  endfacet
  facet normal 0 0 -1
    outer loop
      vertex 24.6268 21.496 0
      vertex 23.9 21.65 0
      vertex 24.6385 21.5759 0
    endloop
  endfacet
  facet normal 0 0 -1
    outer loop
      vertex 24.6385 21.5759 0
      vertex 23.9 21.65 0
      vertex 24.653 21.65 0
    endloop
  endfacet
  facet normal 0 0 -1
    outer loop
      vertex 23.8021 20.7436 0
      vertex 23.9 21.65 0
      vertex 23.9 20.75 0
    endloop
  endfacet
  facet normal 0 0 -1
    outer loop
      vertex 23.8021 20.7436 0
      vertex 23.8021 21.6564 0
      vertex 23.9 21.65 0
    endloop
  endfacet
  facet normal 0 0 -1
    outer loop
      vertex 23.7059 20.7244 0
      vertex 23.8021 21.6564 0
      vertex 23.8021 20.7436 0
    endloop
  endfacet
  facet normal 0 0 -1
    outer loop
      vertex 23.7059 20.7244 0
      vertex 23.7059 21.6756 0
      vertex 23.8021 21.6564 0
    endloop
  endfacet
  facet normal 0 0 -1
    outer loop
      vertex 23.613 20.6929 0
      vertex 23.7059 21.6756 0
      vertex 23.7059 20.7244 0
    endloop
  endfacet
  facet normal 0 0 -1
    outer loop
      vertex 23.613 20.6929 0
      vertex 23.613 21.7071 0
      vertex 23.7059 21.6756 0
    endloop
  endfacet
  facet normal 0 0 -1
    outer loop
      vertex 23.525 20.6495 0
      vertex 23.613 21.7071 0
      vertex 23.613 20.6929 0
    endloop
  endfacet
  facet normal 0 0 -1
    outer loop
      vertex 23.525 20.6495 0
      vertex 23.525 21.7505 0
      vertex 23.613 21.7071 0
    endloop
  endfacet
  facet normal 0 0 -1
    outer loop
      vertex 23.4947 20.6292 0
      vertex 23.525 21.7505 0
      vertex 23.525 20.6495 0
    endloop
  endfacet
  facet normal 0 0 -1
    outer loop
      vertex 23.4947 20.6292 0
      vertex 23.4434 21.805 0
      vertex 23.525 21.7505 0
    endloop
  endfacet
  facet normal 0 0 -1
    outer loop
      vertex 23.4947 20.6292 0
      vertex 23.3697 21.8697 0
      vertex 23.4434 21.805 0
    endloop
  endfacet
  facet normal 0 0 -1
    outer loop
      vertex 23.4947 20.6292 0
      vertex 23.305 21.9434 0
      vertex 23.3697 21.8697 0
    endloop
  endfacet
  facet normal 0 0 -1
    outer loop
      vertex 23.4947 20.6292 0
      vertex 23.2505 22.025 0
      vertex 23.305 21.9434 0
    endloop
  endfacet
  facet normal 0 0 -1
    outer loop
      vertex 20.2935 20.6292 0
      vertex 23.2505 22.025 0
      vertex 23.4947 20.6292 0
    endloop
  endfacet
  facet normal -0 0 -1
    outer loop
      vertex 23.2505 22.025 0
      vertex 20.2935 20.6292 0
      vertex 23.2071 22.113 0
    endloop
  endfacet
  facet normal 0 0 -1
    outer loop
      vertex 20.2935 22.1176 0
      vertex 23.2071 22.113 0
      vertex 20.2935 20.6292 0
    endloop
  endfacet
  facet normal 0 0 -1
    outer loop
      vertex 23.2071 22.113 0
      vertex 20.2935 22.1176 0
      vertex 23.2055 22.1176 0
    endloop
  endfacet
  facet normal 0 0 -1
    outer loop
      vertex 38.2079 21.4449 0
      vertex 38.275 21.7505 0
      vertex 38.324 21.7832 0
    endloop
  endfacet
  facet normal 0 0 -1
    outer loop
      vertex 38.2079 21.4449 0
      vertex 38.187 21.7071 0
      vertex 38.275 21.7505 0
    endloop
  endfacet
  facet normal 0 0 -1
    outer loop
      vertex 38.2079 21.4449 0
      vertex 38.0941 21.6756 0
      vertex 38.187 21.7071 0
    endloop
  endfacet
  facet normal 0 0 -1
    outer loop
      vertex 37.7836 21.111 0
      vertex 38.2079 21.4449 0
      vertex 38.0272 20.8731 0
    endloop
  endfacet
  facet normal 0 0 -1
    outer loop
      vertex 37.7297 21.2729 0
      vertex 38.2079 21.4449 0
      vertex 37.7836 21.111 0
    endloop
  endfacet
  facet normal 0 0 -1
    outer loop
      vertex 37.8745 20.813 0
      vertex 38.0272 20.8731 0
      vertex 37.9879 20.7442 0
    endloop
  endfacet
  facet normal 0 0 -1
    outer loop
      vertex 37.8882 20.7654 0
      vertex 37.9879 20.7442 0
      vertex 37.9 20.75 0
    endloop
  endfacet
  facet normal -0 0 -1
    outer loop
      vertex 38.0272 20.8731 0
      vertex 37.8601 20.8622 0
      vertex 37.845 20.9132 0
    endloop
  endfacet
  facet normal 0 0 -1
    outer loop
      vertex 37.8882 20.7654 0
      vertex 37.9 20.75 0
      vertex 37.8926 20.75 0
    endloop
  endfacet
  facet normal 0 0 -1
    outer loop
      vertex 37.9879 20.7442 0
      vertex 37.8882 20.7654 0
      vertex 37.8745 20.813 0
    endloop
  endfacet
  facet normal 0 0 -1
    outer loop
      vertex 38.0272 20.8731 0
      vertex 37.8745 20.813 0
      vertex 37.8601 20.8622 0
    endloop
  endfacet
  facet normal 0 0 -1
    outer loop
      vertex 38.0272 20.8731 0
      vertex 37.845 20.9132 0
      vertex 37.8292 20.9659 0
    endloop
  endfacet
  facet normal 0 0 -1
    outer loop
      vertex 38.0272 20.8731 0
      vertex 37.8292 20.9659 0
      vertex 37.8127 21.0203 0
    endloop
  endfacet
  facet normal 0 0 -1
    outer loop
      vertex 37.7836 21.111 0
      vertex 38.0272 20.8731 0
      vertex 37.8127 21.0203 0
    endloop
  endfacet
  facet normal 0 0 -1
    outer loop
      vertex 38.2079 21.4449 0
      vertex 37.9979 21.6564 0
      vertex 38.0941 21.6756 0
    endloop
  endfacet
  facet normal 0 -0 -1
    outer loop
      vertex 37.9 21.65 0
      vertex 38.2079 21.4449 0
      vertex 37.7297 21.2729 0
    endloop
  endfacet
  facet normal 0 0 -1
    outer loop
      vertex 38.2079 21.4449 0
      vertex 37.9 21.65 0
      vertex 37.9979 21.6564 0
    endloop
  endfacet
  facet normal 0 0 -1
    outer loop
      vertex 37.6511 21.5057 0
      vertex 37.9 21.65 0
      vertex 37.7297 21.2729 0
    endloop
  endfacet
  facet normal -0 0 -1
    outer loop
      vertex 37.9 21.65 0
      vertex 37.6511 21.5057 0
      vertex 37.602 21.65 0
    endloop
  endfacet
  facet normal 0 0 -1
    outer loop
      vertex 38.0941 13.5244 0
      vertex 37.9907 14.4559 0
      vertex 38.1736 13.4975 0
    endloop
  endfacet
  facet normal 0 0 -1
    outer loop
      vertex 37.9979 13.5436 0
      vertex 37.9907 14.4559 0
      vertex 38.0941 13.5244 0
    endloop
  endfacet
  facet normal 0 0 -1
    outer loop
      vertex 37.9 13.55 0
      vertex 37.9907 14.4559 0
      vertex 37.9979 13.5436 0
    endloop
  endfacet
  facet normal 0 0 -1
    outer loop
      vertex 37.9 13.55 0
      vertex 37.9 14.45 0
      vertex 37.9907 14.4559 0
    endloop
  endfacet
  facet normal 0 0 -1
    outer loop
      vertex 35.805 14.1971 0
      vertex 37.9 14.45 0
      vertex 37.9 13.55 0
    endloop
  endfacet
  facet normal -0 0 -1
    outer loop
      vertex 37.9 14.45 0
      vertex 35.8238 14.3386 0
      vertex 35.8284 14.45 0
    endloop
  endfacet
  facet normal 0 0 -1
    outer loop
      vertex 37.9 14.45 0
      vertex 35.805 14.1971 0
      vertex 35.8238 14.3386 0
    endloop
  endfacet
  facet normal 0 0 -1
    outer loop
      vertex 37.9 13.55 0
      vertex 35.7737 14.065 0
      vertex 35.805 14.1971 0
    endloop
  endfacet
  facet normal 0 0 -1
    outer loop
      vertex 37.9 13.55 0
      vertex 35.7299 13.9425 0
      vertex 35.7737 14.065 0
    endloop
  endfacet
  facet normal 0 0 -1
    outer loop
      vertex 37.9 13.55 0
      vertex 35.6735 13.8295 0
      vertex 35.7299 13.9425 0
    endloop
  endfacet
  facet normal 0 0 -1
    outer loop
      vertex 37.9 13.55 0
      vertex 35.6046 13.7259 0
      vertex 35.6735 13.8295 0
    endloop
  endfacet
  facet normal 0 0 -1
    outer loop
      vertex 37.9 13.55 0
      vertex 35.5232 13.6319 0
      vertex 35.6046 13.7259 0
    endloop
  endfacet
  facet normal 0 -0 -1
    outer loop
      vertex 35.5232 13.6319 0
      vertex 37.9 13.55 0
      vertex 35.4318 13.55 0
    endloop
  endfacet
  facet normal 0 0 -1
    outer loop
      vertex 38.5929 22.687 0
      vertex 38.7923 23.1477 0
      vertex 38.6135 22.6265 0
    endloop
  endfacet
  facet normal 0 0 -1
    outer loop
      vertex 38.5495 22.775 0
      vertex 38.7923 23.1477 0
      vertex 38.5929 22.687 0
    endloop
  endfacet
  facet normal 0 0 -1
    outer loop
      vertex 38.495 22.8566 0
      vertex 38.7923 23.1477 0
      vertex 38.5495 22.775 0
    endloop
  endfacet
  facet normal 0 0 -1
    outer loop
      vertex 38.4303 22.9303 0
      vertex 38.7923 23.1477 0
      vertex 38.495 22.8566 0
    endloop
  endfacet
  facet normal 0 0 -1
    outer loop
      vertex 38.3566 22.995 0
      vertex 38.7923 23.1477 0
      vertex 38.4303 22.9303 0
    endloop
  endfacet
  facet normal 0 0 -1
    outer loop
      vertex 38.275 23.0495 0
      vertex 38.7923 23.1477 0
      vertex 38.3566 22.995 0
    endloop
  endfacet
  facet normal 0 0 -1
    outer loop
      vertex 38.187 23.0929 0
      vertex 38.7923 23.1477 0
      vertex 38.275 23.0495 0
    endloop
  endfacet
  facet normal 0 0 -1
    outer loop
      vertex 38.0941 23.1244 0
      vertex 38.7923 23.1477 0
      vertex 38.187 23.0929 0
    endloop
  endfacet
  facet normal 0 0 -1
    outer loop
      vertex 37.9979 23.1436 0
      vertex 38.7923 23.1477 0
      vertex 38.0941 23.1244 0
    endloop
  endfacet
  facet normal -0 0 -1
    outer loop
      vertex 38.7923 23.1477 0
      vertex 37.9979 23.1436 0
      vertex 37.9357 23.1477 0
    endloop
  endfacet
  facet normal 0 0 -1
    outer loop
      vertex 30.2711 20.75 0
      vertex 29.3374 21.0665 0
      vertex 30.2711 21.65 0
    endloop
  endfacet
  facet normal 0 0 -1
    outer loop
      vertex 30.2711 20.75 0
      vertex 29.2838 20.8487 0
      vertex 29.3374 21.0665 0
    endloop
  endfacet
  facet normal 0 -0 -1
    outer loop
      vertex 29.2838 20.8487 0
      vertex 30.2711 20.75 0
      vertex 29.2493 20.75 0
    endloop
  endfacet
  facet normal 0 0 -1
    outer loop
      vertex 28.1349 21.2305 0
      vertex 30.2711 21.65 0
      vertex 29.3374 21.0665 0
    endloop
  endfacet
  facet normal 0 0 -1
    outer loop
      vertex 27.8736 20.75 0
      vertex 28.1046 21.1251 0
      vertex 28.0665 21.0273 0
    endloop
  endfacet
  facet normal 0 0 -1
    outer loop
      vertex 27.8736 20.75 0
      vertex 28.0665 21.0273 0
      vertex 28.0206 20.9373 0
    endloop
  endfacet
  facet normal 0 0 -1
    outer loop
      vertex 27.8736 20.75 0
      vertex 28.0206 20.9373 0
      vertex 27.9668 20.855 0
    endloop
  endfacet
  facet normal 0 0 -1
    outer loop
      vertex 27.8736 20.75 0
      vertex 27.9668 20.855 0
      vertex 27.9052 20.7805 0
    endloop
  endfacet
  facet normal -0 0 -1
    outer loop
      vertex 28.1046 21.1251 0
      vertex 27.8736 20.75 0
      vertex 28.1349 21.2305 0
    endloop
  endfacet
  facet normal 0 0 -1
    outer loop
      vertex 28.1349 21.2305 0
      vertex 26.0451 21.65 0
      vertex 30.2711 21.65 0
    endloop
  endfacet
  facet normal 0 0 -1
    outer loop
      vertex 27.8736 20.75 0
      vertex 26.0451 21.65 0
      vertex 28.1349 21.2305 0
    endloop
  endfacet
  facet normal 0 0 -1
    outer loop
      vertex 25.9737 20.75 0
      vertex 26.0451 21.65 0
      vertex 27.8736 20.75 0
    endloop
  endfacet
  facet normal 0 0 -1
    outer loop
      vertex 25.8184 21.1674 0
      vertex 26.0451 21.65 0
      vertex 25.9737 20.75 0
    endloop
  endfacet
  facet normal 0 -0 -1
    outer loop
      vertex 25.8208 21.2318 0
      vertex 26.0451 21.65 0
      vertex 25.8184 21.1674 0
    endloop
  endfacet
  facet normal 0 0 -1
    outer loop
      vertex 26.0451 21.65 0
      vertex 25.8208 21.2318 0
      vertex 26.0161 21.6263 0
    endloop
  endfacet
  facet normal 0 0 -1
    outer loop
      vertex 25.8414 20.98 0
      vertex 25.9737 20.75 0
      vertex 25.9104 20.8215 0
    endloop
  endfacet
  facet normal 0 0 -1
    outer loop
      vertex 26.0161 21.6263 0
      vertex 25.8208 21.2318 0
      vertex 25.9748 21.587 0
    endloop
  endfacet
  facet normal 0 -0 -1
    outer loop
      vertex 25.8282 21.2927 0
      vertex 25.9748 21.587 0
      vertex 25.8208 21.2318 0
    endloop
  endfacet
  facet normal 0 -0 -1
    outer loop
      vertex 25.8404 21.3502 0
      vertex 25.9748 21.587 0
      vertex 25.8282 21.2927 0
    endloop
  endfacet
  facet normal 0 0 -1
    outer loop
      vertex 25.9737 20.75 0
      vertex 25.8414 20.98 0
      vertex 25.8184 21.1674 0
    endloop
  endfacet
  facet normal 0 0 -1
    outer loop
      vertex 25.9748 21.587 0
      vertex 25.8404 21.3502 0
      vertex 25.9382 21.5458 0
    endloop
  endfacet
  facet normal 0 0 -1
    outer loop
      vertex 25.8795 21.4549 0
      vertex 25.8404 21.3502 0
      vertex 25.8575 21.4042 0
    endloop
  endfacet
  facet normal 0 0 -1
    outer loop
      vertex 25.9064 21.5021 0
      vertex 25.8404 21.3502 0
      vertex 25.8795 21.4549 0
    endloop
  endfacet
  facet normal 0 0 -1
    outer loop
      vertex 25.9382 21.5458 0
      vertex 25.8404 21.3502 0
      vertex 25.9064 21.5021 0
    endloop
  endfacet
  facet normal 0 0 -1
    outer loop
      vertex 31.5114 20.75 0
      vertex 36.4852 21.65 0
      vertex 36.8136 20.75 0
    endloop
  endfacet
  facet normal -0 0 -1
    outer loop
      vertex 36.4852 21.65 0
      vertex 31.5114 20.75 0
      vertex 31.5114 21.65 0
    endloop
  endfacet
  facet normal 0 0 -1
    outer loop
      vertex 28.7402 13.6873 0
      vertex 29.0784 13.55 0
      vertex 28.7402 13.55 0
    endloop
  endfacet
  facet normal 0 0 -1
    outer loop
      vertex 29.0784 13.55 0
      vertex 28.7402 13.6873 0
      vertex 29.0784 14.45 0
    endloop
  endfacet
  facet normal -0 0 -1
    outer loop
      vertex 29.0784 14.45 0
      vertex 28.7402 13.6873 0
      vertex 28.1429 14.45 0
    endloop
  endfacet
  facet normal 0 0 -1
    outer loop
      vertex 29.5585 13.7247 0
      vertex 30.7823 14.3008 0
      vertex 30.8816 13.7247 0
    endloop
  endfacet
  facet normal -0 0 -1
    outer loop
      vertex 30.7823 14.3008 0
      vertex 29.5585 13.7247 0
      vertex 29.5585 14.3008 0
    endloop
  endfacet
  facet normal 0 0 -1
    outer loop
      vertex 30.8816 13.7247 0
      vertex 31.2496 13.55 0
      vertex 30.8816 13.55 0
    endloop
  endfacet
  facet normal 0 0 -1
    outer loop
      vertex 31.2496 13.55 0
      vertex 30.8816 13.7247 0
      vertex 31.2496 14.45 0
    endloop
  endfacet
  facet normal 0 0 -1
    outer loop
      vertex 30.7823 14.3008 0
      vertex 31.2496 14.45 0
      vertex 30.8816 13.7247 0
    endloop
  endfacet
  facet normal -0 0 -1
    outer loop
      vertex 31.2496 14.45 0
      vertex 30.7823 14.3008 0
      vertex 30.7823 14.45 0
    endloop
  endfacet
  facet normal 0 0 -1
    outer loop
      vertex 33.2402 14.1694 0
      vertex 33.5391 14.1941 0
      vertex 33.2486 14.1046 0
    endloop
  endfacet
  facet normal 0 0 -1
    outer loop
      vertex 33.5703 14.0612 0
      vertex 33.2486 14.1046 0
      vertex 33.5391 14.1941 0
    endloop
  endfacet
  facet normal 0 0 -1
    outer loop
      vertex 33.2486 14.1046 0
      vertex 33.5703 14.0612 0
      vertex 33.2514 14.0372 0
    endloop
  endfacet
  facet normal 0 0 -1
    outer loop
      vertex 33.2468 13.9459 0
      vertex 33.5703 14.0612 0
      vertex 33.614 13.9382 0
    endloop
  endfacet
  facet normal 0 0 -1
    outer loop
      vertex 33.2332 13.8609 0
      vertex 33.614 13.9382 0
      vertex 33.6702 13.8252 0
    endloop
  endfacet
  facet normal 0 0 -1
    outer loop
      vertex 33.1786 13.7098 0
      vertex 33.6702 13.8252 0
      vertex 33.7389 13.722 0
    endloop
  endfacet
  facet normal 0 0 -1
    outer loop
      vertex 33.1376 13.6436 0
      vertex 33.7389 13.722 0
      vertex 33.8201 13.6287 0
    endloop
  endfacet
  facet normal 0 0 -1
    outer loop
      vertex 33.0876 13.5838 0
      vertex 33.8201 13.6287 0
      vertex 33.9086 13.55 0
    endloop
  endfacet
  facet normal 0 0 -1
    outer loop
      vertex 33.5703 14.0612 0
      vertex 33.2468 13.9459 0
      vertex 33.2514 14.0372 0
    endloop
  endfacet
  facet normal -0 0 -1
    outer loop
      vertex 33.614 13.9382 0
      vertex 33.2332 13.8609 0
      vertex 33.2468 13.9459 0
    endloop
  endfacet
  facet normal -0 0 -1
    outer loop
      vertex 33.6702 13.8252 0
      vertex 33.2104 13.7822 0
      vertex 33.2332 13.8609 0
    endloop
  endfacet
  facet normal 0 0 -1
    outer loop
      vertex 33.6702 13.8252 0
      vertex 33.1786 13.7098 0
      vertex 33.2104 13.7822 0
    endloop
  endfacet
  facet normal 0 0 -1
    outer loop
      vertex 33.7389 13.722 0
      vertex 33.1376 13.6436 0
      vertex 33.1786 13.7098 0
    endloop
  endfacet
  facet normal -0 0 -1
    outer loop
      vertex 33.8201 13.6287 0
      vertex 33.0876 13.5838 0
      vertex 33.1376 13.6436 0
    endloop
  endfacet
  facet normal 0 -0 -1
    outer loop
      vertex 33.0876 13.5838 0
      vertex 33.9086 13.55 0
      vertex 33.0503 13.55 0
    endloop
  endfacet
  facet normal 0 0 -1
    outer loop
      vertex 33.2263 14.2315 0
      vertex 33.5391 14.1941 0
      vertex 33.2402 14.1694 0
    endloop
  endfacet
  facet normal 0 0 -1
    outer loop
      vertex 33.5391 14.1941 0
      vertex 33.2263 14.2315 0
      vertex 33.5203 14.3369 0
    endloop
  endfacet
  facet normal 0 0 -1
    outer loop
      vertex 33.2067 14.2909 0
      vertex 33.5203 14.3369 0
      vertex 33.2263 14.2315 0
    endloop
  endfacet
  facet normal -0 0 -1
    outer loop
      vertex 33.5203 14.3369 0
      vertex 33.2067 14.2909 0
      vertex 33.5157 14.45 0
    endloop
  endfacet
  facet normal 0 0 -1
    outer loop
      vertex 33.1816 14.3476 0
      vertex 33.5157 14.45 0
      vertex 33.2067 14.2909 0
    endloop
  endfacet
  facet normal 0 0 -1
    outer loop
      vertex 33.1509 14.4017 0
      vertex 33.5157 14.45 0
      vertex 33.1816 14.3476 0
    endloop
  endfacet
  facet normal -0 0 -1
    outer loop
      vertex 33.5157 14.45 0
      vertex 33.1509 14.4017 0
      vertex 33.1168 14.45 0
    endloop
  endfacet
  facet normal 0 0 -1
    outer loop
      vertex 34.0011 14.386 0
      vertex 35.3366 14.3869 0
      vertex 35.3258 14.2906 0
    endloop
  endfacet
  facet normal 0 0 -1
    outer loop
      vertex 34.0118 14.2892 0
      vertex 35.3258 14.2906 0
      vertex 35.3079 14.201 0
    endloop
  endfacet
  facet normal 0 0 -1
    outer loop
      vertex 34.0298 14.1991 0
      vertex 35.3079 14.201 0
      vertex 35.2828 14.1179 0
    endloop
  endfacet
  facet normal 0 0 -1
    outer loop
      vertex 34.759 13.7013 0
      vertex 35.2828 14.1179 0
      vertex 35.2505 14.0413 0
    endloop
  endfacet
  facet normal 0 0 -1
    outer loop
      vertex 34.759 13.7013 0
      vertex 35.2505 14.0413 0
      vertex 35.211 13.9713 0
    endloop
  endfacet
  facet normal 0 0 -1
    outer loop
      vertex 34.841 13.7142 0
      vertex 35.211 13.9713 0
      vertex 35.1644 13.9078 0
    endloop
  endfacet
  facet normal 0 0 -1
    outer loop
      vertex 34.841 13.7142 0
      vertex 35.1644 13.9078 0
      vertex 35.1113 13.8519 0
    endloop
  endfacet
  facet normal 0 0 -1
    outer loop
      vertex 34.841 13.7142 0
      vertex 35.1113 13.8519 0
      vertex 35.0524 13.8046 0
    endloop
  endfacet
  facet normal 0 0 -1
    outer loop
      vertex 34.9173 13.7357 0
      vertex 35.0524 13.8046 0
      vertex 34.9877 13.7658 0
    endloop
  endfacet
  facet normal 0 0 -1
    outer loop
      vertex 34.841 13.7142 0
      vertex 35.0524 13.8046 0
      vertex 34.9173 13.7357 0
    endloop
  endfacet
  facet normal 0 0 -1
    outer loop
      vertex 35.211 13.9713 0
      vertex 34.841 13.7142 0
      vertex 34.759 13.7013 0
    endloop
  endfacet
  facet normal 0 0 -1
    outer loop
      vertex 35.2828 14.1179 0
      vertex 34.759 13.7013 0
      vertex 34.6713 13.697 0
    endloop
  endfacet
  facet normal -0 0 -1
    outer loop
      vertex 35.2828 14.1179 0
      vertex 34.6713 13.697 0
      vertex 34.0298 14.1991 0
    endloop
  endfacet
  facet normal 0 0 -1
    outer loop
      vertex 34.0298 14.1991 0
      vertex 34.6713 13.697 0
      vertex 34.5822 13.7013 0
    endloop
  endfacet
  facet normal 0 0 -1
    outer loop
      vertex 34.0549 14.1157 0
      vertex 34.5822 13.7013 0
      vertex 34.4991 13.7141 0
    endloop
  endfacet
  facet normal 0 0 -1
    outer loop
      vertex 34.1266 13.9693 0
      vertex 34.4991 13.7141 0
      vertex 34.422 13.7354 0
    endloop
  endfacet
  facet normal 0 0 -1
    outer loop
      vertex 34.1266 13.9693 0
      vertex 34.422 13.7354 0
      vertex 34.3508 13.7653 0
    endloop
  endfacet
  facet normal 0 0 -1
    outer loop
      vertex 34.1266 13.9693 0
      vertex 34.3508 13.7653 0
      vertex 34.2856 13.8037 0
    endloop
  endfacet
  facet normal 0 0 -1
    outer loop
      vertex 34.1266 13.9693 0
      vertex 34.2856 13.8037 0
      vertex 34.2265 13.8507 0
    endloop
  endfacet
  facet normal 0 0 -1
    outer loop
      vertex 34.1266 13.9693 0
      vertex 34.2265 13.8507 0
      vertex 34.1732 13.9062 0
    endloop
  endfacet
  facet normal 0 0 -1
    outer loop
      vertex 34.4991 13.7141 0
      vertex 34.1266 13.9693 0
      vertex 34.0872 14.0391 0
    endloop
  endfacet
  facet normal 0 0 -1
    outer loop
      vertex 34.4991 13.7141 0
      vertex 34.0872 14.0391 0
      vertex 34.0549 14.1157 0
    endloop
  endfacet
  facet normal 0 0 -1
    outer loop
      vertex 34.5822 13.7013 0
      vertex 34.0549 14.1157 0
      vertex 34.0298 14.1991 0
    endloop
  endfacet
  facet normal -0 0 -1
    outer loop
      vertex 35.3079 14.201 0
      vertex 34.0298 14.1991 0
      vertex 34.0118 14.2892 0
    endloop
  endfacet
  facet normal 0 0 -1
    outer loop
      vertex 34.0011 14.386 0
      vertex 35.3258 14.2906 0
      vertex 34.0118 14.2892 0
    endloop
  endfacet
  facet normal -0 0 -1
    outer loop
      vertex 35.3366 14.3869 0
      vertex 34.0011 14.386 0
      vertex 35.3388 14.45 0
    endloop
  endfacet
  facet normal -0 0 -1
    outer loop
      vertex 35.3388 14.45 0
      vertex 34.0011 14.386 0
      vertex 33.9989 14.45 0
    endloop
  endfacet
  facet normal 0 0 -1
    outer loop
      vertex 32.5129 14.3866 0
      vertex 32.7659 14.1022 0
      vertex 32.768 14.0567 0
    endloop
  endfacet
  facet normal 0 0 -1
    outer loop
      vertex 32.5521 13.7533 0
      vertex 32.768 14.0567 0
      vertex 32.7594 13.969 0
    endloop
  endfacet
  facet normal 0 0 -1
    outer loop
      vertex 32.5129 14.3866 0
      vertex 32.768 14.0567 0
      vertex 32.5521 13.7533 0
    endloop
  endfacet
  facet normal 0 0 -1
    outer loop
      vertex 32.7659 14.1022 0
      vertex 32.5566 14.3736 0
      vertex 32.7595 14.1446 0
    endloop
  endfacet
  facet normal 0 0 -1
    outer loop
      vertex 32.6298 13.787 0
      vertex 32.7594 13.969 0
      vertex 32.7335 13.8949 0
    endloop
  endfacet
  facet normal -0 -0 -1
    outer loop
      vertex 32.5964 14.3568 0
      vertex 32.7595 14.1446 0
      vertex 32.5566 14.3736 0
    endloop
  endfacet
  facet normal 0 0 -1
    outer loop
      vertex 32.7595 14.1446 0
      vertex 32.5964 14.3568 0
      vertex 32.7489 14.1841 0
    endloop
  endfacet
  facet normal 0 0 -1
    outer loop
      vertex 32.6298 13.787 0
      vertex 32.7335 13.8949 0
      vertex 32.6903 13.8342 0
    endloop
  endfacet
  facet normal 0 0 -1
    outer loop
      vertex 32.7594 13.969 0
      vertex 32.6298 13.787 0
      vertex 32.5521 13.7533 0
    endloop
  endfacet
  facet normal 0 0 -1
    outer loop
      vertex 32.734 14.2206 0
      vertex 32.5964 14.3568 0
      vertex 32.7149 14.2542 0
    endloop
  endfacet
  facet normal 0 0 -1
    outer loop
      vertex 32.7149 14.2542 0
      vertex 32.5964 14.3568 0
      vertex 32.6915 14.2847 0
    endloop
  endfacet
  facet normal 0 0 -1
    outer loop
      vertex 32.6915 14.2847 0
      vertex 32.6321 14.3364 0
      vertex 32.6638 14.3122 0
    endloop
  endfacet
  facet normal 0 0 -1
    outer loop
      vertex 32.6915 14.2847 0
      vertex 32.5964 14.3568 0
      vertex 32.6321 14.3364 0
    endloop
  endfacet
  facet normal 0 0 -1
    outer loop
      vertex 32.7489 14.1841 0
      vertex 32.5964 14.3568 0
      vertex 32.734 14.2206 0
    endloop
  endfacet
  facet normal 0 0 -1
    outer loop
      vertex 32.7659 14.1022 0
      vertex 32.5129 14.3866 0
      vertex 32.5566 14.3736 0
    endloop
  endfacet
  facet normal 0 0 -1
    outer loop
      vertex 32.4571 13.733 0
      vertex 32.5129 14.3866 0
      vertex 32.5521 13.7533 0
    endloop
  endfacet
  facet normal -0 0 -1
    outer loop
      vertex 32.5129 14.3866 0
      vertex 32.4571 13.733 0
      vertex 32.4652 14.3959 0
    endloop
  endfacet
  facet normal 0 0 -1
    outer loop
      vertex 32.4571 13.733 0
      vertex 32.4136 14.4015 0
      vertex 32.4652 14.3959 0
    endloop
  endfacet
  facet normal 0 0 -1
    outer loop
      vertex 32.3449 13.7263 0
      vertex 32.4136 14.4015 0
      vertex 32.4571 13.733 0
    endloop
  endfacet
  facet normal -0 0 -1
    outer loop
      vertex 32.4136 14.4015 0
      vertex 32.3449 13.7263 0
      vertex 32.3579 14.4033 0
    endloop
  endfacet
  facet normal 0 0 -1
    outer loop
      vertex 31.7297 14.4033 0
      vertex 32.3449 13.7263 0
      vertex 31.7297 13.7263 0
    endloop
  endfacet
  facet normal 0 0 -1
    outer loop
      vertex 32.3449 13.7263 0
      vertex 31.7297 14.4033 0
      vertex 32.3579 14.4033 0
    endloop
  endfacet
  facet normal 0 0 -1
    outer loop
      vertex 56.307 20.6464 0
      vertex 56.8246 21.3272 0
      vertex 56.8194 21.2178 0
    endloop
  endfacet
  facet normal 0 0 -1
    outer loop
      vertex 56.8246 21.3272 0
      vertex 56.3305 21.9991 0
      vertex 56.8198 21.428 0
    endloop
  endfacet
  facet normal 0 0 -1
    outer loop
      vertex 56.4048 20.6772 0
      vertex 56.8194 21.2178 0
      vertex 56.8038 21.1178 0
    endloop
  endfacet
  facet normal -0 -0 -1
    outer loop
      vertex 56.4278 21.9655 0
      vertex 56.8198 21.428 0
      vertex 56.3305 21.9991 0
    endloop
  endfacet
  facet normal 0 0 -1
    outer loop
      vertex 56.4925 20.715 0
      vertex 56.8038 21.1178 0
      vertex 56.7779 21.0273 0
    endloop
  endfacet
  facet normal 0 0 -1
    outer loop
      vertex 56.8194 21.2178 0
      vertex 56.4048 20.6772 0
      vertex 56.307 20.6464 0
    endloop
  endfacet
  facet normal 0 0 -1
    outer loop
      vertex 56.5702 20.7596 0
      vertex 56.7779 21.0273 0
      vertex 56.7415 20.9462 0
    endloop
  endfacet
  facet normal 0 0 -1
    outer loop
      vertex 56.8198 21.428 0
      vertex 56.4278 21.9655 0
      vertex 56.8052 21.5213 0
    endloop
  endfacet
  facet normal 0 0 -1
    outer loop
      vertex 56.5702 20.7596 0
      vertex 56.7415 20.9462 0
      vertex 56.6948 20.8746 0
    endloop
  endfacet
  facet normal 0 0 -1
    outer loop
      vertex 56.8038 21.1178 0
      vertex 56.4925 20.715 0
      vertex 56.4048 20.6772 0
    endloop
  endfacet
  facet normal 0 0 -1
    outer loop
      vertex 56.5702 20.7596 0
      vertex 56.6948 20.8746 0
      vertex 56.6377 20.8124 0
    endloop
  endfacet
  facet normal -0 -0 -1
    outer loop
      vertex 56.5133 21.9244 0
      vertex 56.781 21.6071 0
      vertex 56.4278 21.9655 0
    endloop
  endfacet
  facet normal 0 0 -1
    outer loop
      vertex 56.7779 21.0273 0
      vertex 56.5702 20.7596 0
      vertex 56.4925 20.715 0
    endloop
  endfacet
  facet normal 0 0 -1
    outer loop
      vertex 56.781 21.6071 0
      vertex 56.5133 21.9244 0
      vertex 56.747 21.6855 0
    endloop
  endfacet
  facet normal 0 0 -1
    outer loop
      vertex 56.6501 21.8199 0
      vertex 56.5133 21.9244 0
      vertex 56.587 21.8759 0
    endloop
  endfacet
  facet normal 0 0 -1
    outer loop
      vertex 56.7034 21.7564 0
      vertex 56.5133 21.9244 0
      vertex 56.6501 21.8199 0
    endloop
  endfacet
  facet normal 0 0 -1
    outer loop
      vertex 56.747 21.6855 0
      vertex 56.5133 21.9244 0
      vertex 56.7034 21.7564 0
    endloop
  endfacet
  facet normal 0 0 -1
    outer loop
      vertex 56.8052 21.5213 0
      vertex 56.4278 21.9655 0
      vertex 56.781 21.6071 0
    endloop
  endfacet
  facet normal -0 0 -1
    outer loop
      vertex 56.8246 21.3272 0
      vertex 56.307 20.6464 0
      vertex 56.3305 21.9991 0
    endloop
  endfacet
  facet normal 0 0 -1
    outer loop
      vertex 56.307 20.6464 0
      vertex 56.2215 22.0252 0
      vertex 56.3305 21.9991 0
    endloop
  endfacet
  facet normal 0 0 -1
    outer loop
      vertex 56.1992 20.6223 0
      vertex 56.2215 22.0252 0
      vertex 56.307 20.6464 0
    endloop
  endfacet
  facet normal 0 0 -1
    outer loop
      vertex 56.1992 20.6223 0
      vertex 56.1008 22.0438 0
      vertex 56.2215 22.0252 0
    endloop
  endfacet
  facet normal 0 0 -1
    outer loop
      vertex 56.0814 20.6052 0
      vertex 56.1008 22.0438 0
      vertex 56.1992 20.6223 0
    endloop
  endfacet
  facet normal 0 0 -1
    outer loop
      vertex 56.0814 20.6052 0
      vertex 55.9683 22.055 0
      vertex 56.1008 22.0438 0
    endloop
  endfacet
  facet normal 0 0 -1
    outer loop
      vertex 55.9535 20.5949 0
      vertex 55.9683 22.055 0
      vertex 56.0814 20.6052 0
    endloop
  endfacet
  facet normal 0 0 -1
    outer loop
      vertex 55.9535 20.5949 0
      vertex 55.824 22.0588 0
      vertex 55.9683 22.055 0
    endloop
  endfacet
  facet normal 0 0 -1
    outer loop
      vertex 55.8156 20.5914 0
      vertex 55.824 22.0588 0
      vertex 55.9535 20.5949 0
    endloop
  endfacet
  facet normal 0 0 -1
    outer loop
      vertex 54.4029 20.5914 0
      vertex 55.824 22.0588 0
      vertex 55.8156 20.5914 0
    endloop
  endfacet
  facet normal -0 0 -1
    outer loop
      vertex 55.824 22.0588 0
      vertex 54.4029 20.5914 0
      vertex 54.4029 22.0588 0
    endloop
  endfacet
  facet normal 0 0 -1
    outer loop
      vertex 56.5989 24.6032 0
      vertex 57.1638 23.9271 0
      vertex 57.1694 23.8078 0
    endloop
  endfacet
  facet normal 0 0 -1
    outer loop
      vertex 56.7795 23.1282 0
      vertex 57.1694 23.8078 0
      vertex 57.145 23.5869 0
    endloop
  endfacet
  facet normal 0 -0 -1
    outer loop
      vertex 56.5989 24.6032 0
      vertex 57.1694 23.8078 0
      vertex 56.5602 23.0433 0
    endloop
  endfacet
  facet normal -0 -0 -1
    outer loop
      vertex 56.7104 24.5634 0
      vertex 57.1469 24.0375 0
      vertex 56.5989 24.6032 0
    endloop
  endfacet
  facet normal 0 0 -1
    outer loop
      vertex 56.9501 23.2471 0
      vertex 57.145 23.5869 0
      vertex 57.0719 23.4 0
    endloop
  endfacet
  facet normal 0 0 -1
    outer loop
      vertex 57.1694 23.8078 0
      vertex 56.7795 23.1282 0
      vertex 56.5602 23.0433 0
    endloop
  endfacet
  facet normal -0 -0 -1
    outer loop
      vertex 56.8087 24.5148 0
      vertex 57.1188 24.1392 0
      vertex 56.7104 24.5634 0
    endloop
  endfacet
  facet normal 0 0 -1
    outer loop
      vertex 57.145 23.5869 0
      vertex 56.9501 23.2471 0
      vertex 56.7795 23.1282 0
    endloop
  endfacet
  facet normal 0 0 -1
    outer loop
      vertex 57.1188 24.1392 0
      vertex 56.8087 24.5148 0
      vertex 57.0795 24.232 0
    endloop
  endfacet
  facet normal 0 0 -1
    outer loop
      vertex 56.9671 24.3911 0
      vertex 56.8087 24.5148 0
      vertex 56.894 24.4574 0
    endloop
  endfacet
  facet normal 0 0 -1
    outer loop
      vertex 57.0289 24.3159 0
      vertex 56.8087 24.5148 0
      vertex 56.9671 24.3911 0
    endloop
  endfacet
  facet normal 0 0 -1
    outer loop
      vertex 57.0795 24.232 0
      vertex 56.8087 24.5148 0
      vertex 57.0289 24.3159 0
    endloop
  endfacet
  facet normal 0 0 -1
    outer loop
      vertex 57.1469 24.0375 0
      vertex 56.7104 24.5634 0
      vertex 57.1188 24.1392 0
    endloop
  endfacet
  facet normal 0 0 -1
    outer loop
      vertex 57.1638 23.9271 0
      vertex 56.5989 24.6032 0
      vertex 57.1469 24.0375 0
    endloop
  endfacet
  facet normal 0 0 -1
    outer loop
      vertex 56.5602 23.0433 0
      vertex 56.4742 24.6341 0
      vertex 56.5989 24.6032 0
    endloop
  endfacet
  facet normal 0 0 -1
    outer loop
      vertex 56.5602 23.0433 0
      vertex 56.3365 24.6562 0
      vertex 56.4742 24.6341 0
    endloop
  endfacet
  facet normal 0 0 -1
    outer loop
      vertex 56.2921 22.9923 0
      vertex 56.3365 24.6562 0
      vertex 56.5602 23.0433 0
    endloop
  endfacet
  facet normal 0 0 -1
    outer loop
      vertex 56.2921 22.9923 0
      vertex 56.1856 24.6694 0
      vertex 56.3365 24.6562 0
    endloop
  endfacet
  facet normal 0 0 -1
    outer loop
      vertex 56.2921 22.9923 0
      vertex 56.0216 24.6739 0
      vertex 56.1856 24.6694 0
    endloop
  endfacet
  facet normal 0 0 -1
    outer loop
      vertex 55.9753 22.9753 0
      vertex 56.0216 24.6739 0
      vertex 56.2921 22.9923 0
    endloop
  endfacet
  facet normal 0 0 -1
    outer loop
      vertex 54.4029 24.6739 0
      vertex 55.9753 22.9753 0
      vertex 54.4029 22.9753 0
    endloop
  endfacet
  facet normal 0 0 -1
    outer loop
      vertex 55.9753 22.9753 0
      vertex 54.4029 24.6739 0
      vertex 56.0216 24.6739 0
    endloop
  endfacet
  facet normal -0.831472 -0.555567 0
    outer loop
      vertex 0.826584 1.56494 0
      vertex 0.535889 2 2
      vertex 0.535889 2 0
    endloop
  endfacet
  facet normal -0.831472 -0.555567 0
    outer loop
      vertex 0.535889 2 2
      vertex 0.826584 1.56494 0
      vertex 0.826584 1.56494 2
    endloop
  endfacet
  facet normal 0.980776 -0.195135 0
    outer loop
      vertex 71.8637 2.96472 2
      vertex 71.9658 3.47789 0
      vertex 71.9658 3.47789 2
    endloop
  endfacet
  facet normal 0.980776 -0.195135 0
    outer loop
      vertex 71.9658 3.47789 0
      vertex 71.8637 2.96472 2
      vertex 71.8637 2.96472 0
    endloop
  endfacet
  facet normal -0.0653828 -0.99786 0
    outer loop
      vertex 3.47789 0.0342102 0
      vertex 4 0 2
      vertex 3.47789 0.0342102 2
    endloop
  endfacet
  facet normal -0.0653828 -0.99786 -0
    outer loop
      vertex 4 0 2
      vertex 3.47789 0.0342102 0
      vertex 4 0 0
    endloop
  endfacet
  facet normal -0.195101 -0.980783 0
    outer loop
      vertex 2.96472 0.136292 0
      vertex 3.47789 0.0342102 2
      vertex 2.96472 0.136292 2
    endloop
  endfacet
  facet normal -0.195101 -0.980783 -0
    outer loop
      vertex 3.47789 0.0342102 2
      vertex 2.96472 0.136292 0
      vertex 3.47789 0.0342102 0
    endloop
  endfacet
  facet normal 0.896879 -0.442276 0
    outer loop
      vertex 71.4641 2 2
      vertex 71.6955 2.46925 0
      vertex 71.6955 2.46925 2
    endloop
  endfacet
  facet normal 0.896879 -0.442276 0
    outer loop
      vertex 71.6955 2.46925 0
      vertex 71.4641 2 2
      vertex 71.4641 2 0
    endloop
  endfacet
  facet normal -0.946934 -0.321427 0
    outer loop
      vertex 0.304474 2.46925 0
      vertex 0.136292 2.96472 2
      vertex 0.136292 2.96472 0
    endloop
  endfacet
  facet normal -0.946934 -0.321427 0
    outer loop
      vertex 0.136292 2.96472 2
      vertex 0.304474 2.46925 0
      vertex 0.304474 2.46925 2
    endloop
  endfacet
  facet normal -0.896868 -0.442299 0
    outer loop
      vertex 0.535889 2 0
      vertex 0.304474 2.46925 2
      vertex 0.304474 2.46925 0
    endloop
  endfacet
  facet normal -0.896868 -0.442299 0
    outer loop
      vertex 0.304474 2.46925 2
      vertex 0.535889 2 0
      vertex 0.535889 2 2
    endloop
  endfacet
  facet normal -0 0 1
    outer loop
      vertex 69.7329 33.011 2
      vertex 72 33 2
      vertex 71.9658 33.5221 2
    endloop
  endfacet
  facet normal 0 0 1
    outer loop
      vertex 72 33 2
      vertex 69.75 32.75 2
      vertex 72 4 2
    endloop
  endfacet
  facet normal 0 0 1
    outer loop
      vertex 69.6818 33.2676 2
      vertex 71.9658 33.5221 2
      vertex 71.8637 34.0353 2
    endloop
  endfacet
  facet normal -0 0 1
    outer loop
      vertex 69.75 4.25 2
      vertex 72 4 2
      vertex 69.75 32.75 2
    endloop
  endfacet
  facet normal 0 0 1
    outer loop
      vertex 69.5977 33.5154 2
      vertex 71.8637 34.0353 2
      vertex 71.6955 34.5307 2
    endloop
  endfacet
  facet normal 0 0 1
    outer loop
      vertex 69.7329 3.98894 2
      vertex 72 4 2
      vertex 69.75 4.25 2
    endloop
  endfacet
  facet normal 0 0 1
    outer loop
      vertex 69.482 33.75 2
      vertex 71.6955 34.5307 2
      vertex 71.4641 35 2
    endloop
  endfacet
  facet normal 0 0 1
    outer loop
      vertex 72 4 2
      vertex 69.7329 3.98894 2
      vertex 71.9658 3.47789 2
    endloop
  endfacet
  facet normal 0 0 1
    outer loop
      vertex 69.3367 33.9675 2
      vertex 71.4641 35 2
      vertex 71.1734 35.435 2
    endloop
  endfacet
  facet normal -0 0 1
    outer loop
      vertex 69.6818 3.73236 2
      vertex 71.9658 3.47789 2
      vertex 69.7329 3.98894 2
    endloop
  endfacet
  facet normal 0 0 1
    outer loop
      vertex 69.1642 34.1642 2
      vertex 71.1734 35.435 2
      vertex 70.8284 35.8284 2
    endloop
  endfacet
  facet normal 0 0 1
    outer loop
      vertex 71.9658 3.47789 2
      vertex 69.6818 3.73236 2
      vertex 71.8637 2.96472 2
    endloop
  endfacet
  facet normal 0 0 1
    outer loop
      vertex 69.1642 34.1642 2
      vertex 70.8284 35.8284 2
      vertex 70.435 36.1734 2
    endloop
  endfacet
  facet normal -0 0 1
    outer loop
      vertex 69.5977 3.48462 2
      vertex 71.8637 2.96472 2
      vertex 69.6818 3.73236 2
    endloop
  endfacet
  facet normal 0 0 1
    outer loop
      vertex 68.9675 34.3367 2
      vertex 70.435 36.1734 2
      vertex 70 36.4641 2
    endloop
  endfacet
  facet normal 0 0 1
    outer loop
      vertex 71.8637 2.96472 2
      vertex 69.5977 3.48462 2
      vertex 71.6955 2.46925 2
    endloop
  endfacet
  facet normal -0 0 1
    outer loop
      vertex 69.482 3.25 2
      vertex 71.6955 2.46925 2
      vertex 69.5977 3.48462 2
    endloop
  endfacet
  facet normal 0 0 1
    outer loop
      vertex 72 33 2
      vertex 69.7329 33.011 2
      vertex 69.75 32.75 2
    endloop
  endfacet
  facet normal 0 0 1
    outer loop
      vertex 71.9658 33.5221 2
      vertex 69.6818 33.2676 2
      vertex 69.7329 33.011 2
    endloop
  endfacet
  facet normal 0 0 1
    outer loop
      vertex 71.8637 34.0353 2
      vertex 69.5977 33.5154 2
      vertex 69.6818 33.2676 2
    endloop
  endfacet
  facet normal 0 0 1
    outer loop
      vertex 68.75 34.482 2
      vertex 70 36.4641 2
      vertex 69.5307 36.6955 2
    endloop
  endfacet
  facet normal 0 0 1
    outer loop
      vertex 71.6955 34.5307 2
      vertex 69.482 33.75 2
      vertex 69.5977 33.5154 2
    endloop
  endfacet
  facet normal 0 0 1
    outer loop
      vertex 71.4641 35 2
      vertex 69.3367 33.9675 2
      vertex 69.482 33.75 2
    endloop
  endfacet
  facet normal 0 0 1
    outer loop
      vertex 71.1734 35.435 2
      vertex 69.1642 34.1642 2
      vertex 69.3367 33.9675 2
    endloop
  endfacet
  facet normal 0 0 1
    outer loop
      vertex 68.5154 34.5977 2
      vertex 69.5307 36.6955 2
      vertex 69.0353 36.8637 2
    endloop
  endfacet
  facet normal 0 0 1
    outer loop
      vertex 70.435 36.1734 2
      vertex 68.9675 34.3367 2
      vertex 69.1642 34.1642 2
    endloop
  endfacet
  facet normal 0 0 1
    outer loop
      vertex 70 36.4641 2
      vertex 68.75 34.482 2
      vertex 68.9675 34.3367 2
    endloop
  endfacet
  facet normal 0 0 1
    outer loop
      vertex 68.2676 34.6818 2
      vertex 69.0353 36.8637 2
      vertex 68.5221 36.9658 2
    endloop
  endfacet
  facet normal 0 0 1
    outer loop
      vertex 69.5307 36.6955 2
      vertex 68.5154 34.5977 2
      vertex 68.75 34.482 2
    endloop
  endfacet
  facet normal 0 0 1
    outer loop
      vertex 69.0353 36.8637 2
      vertex 68.2676 34.6818 2
      vertex 68.5154 34.5977 2
    endloop
  endfacet
  facet normal 0 0 1
    outer loop
      vertex 68.5221 36.9658 2
      vertex 68.011 34.7329 2
      vertex 68.2676 34.6818 2
    endloop
  endfacet
  facet normal 0 0 1
    outer loop
      vertex 68 37 2
      vertex 68.011 34.7329 2
      vertex 68.5221 36.9658 2
    endloop
  endfacet
  facet normal 0 0 1
    outer loop
      vertex 68 37 2
      vertex 67.75 34.75 2
      vertex 68.011 34.7329 2
    endloop
  endfacet
  facet normal 0 0 1
    outer loop
      vertex 68 37 2
      vertex 4.25 34.75 2
      vertex 67.75 34.75 2
    endloop
  endfacet
  facet normal -0 0 1
    outer loop
      vertex 4 37 2
      vertex 4.25 34.75 2
      vertex 68 37 2
    endloop
  endfacet
  facet normal 0 0 1
    outer loop
      vertex 4 37 2
      vertex 3.98894 34.7329 2
      vertex 4.25 34.75 2
    endloop
  endfacet
  facet normal -0 0 1
    outer loop
      vertex 3.47789 36.9658 2
      vertex 3.98894 34.7329 2
      vertex 4 37 2
    endloop
  endfacet
  facet normal 0 0 1
    outer loop
      vertex 3.98894 34.7329 2
      vertex 3.47789 36.9658 2
      vertex 3.73236 34.6818 2
    endloop
  endfacet
  facet normal -0 0 1
    outer loop
      vertex 2.96472 36.8637 2
      vertex 3.73236 34.6818 2
      vertex 3.47789 36.9658 2
    endloop
  endfacet
  facet normal 0 0 1
    outer loop
      vertex 3.73236 34.6818 2
      vertex 2.96472 36.8637 2
      vertex 3.48462 34.5977 2
    endloop
  endfacet
  facet normal -0 0 1
    outer loop
      vertex 2.46925 36.6955 2
      vertex 3.48462 34.5977 2
      vertex 2.96472 36.8637 2
    endloop
  endfacet
  facet normal 0 0 1
    outer loop
      vertex 3.48462 34.5977 2
      vertex 2.46925 36.6955 2
      vertex 3.25 34.482 2
    endloop
  endfacet
  facet normal -0 0 1
    outer loop
      vertex 2 36.4641 2
      vertex 3.25 34.482 2
      vertex 2.46925 36.6955 2
    endloop
  endfacet
  facet normal 0 0 1
    outer loop
      vertex 3.25 34.482 2
      vertex 2 36.4641 2
      vertex 3.03247 34.3367 2
    endloop
  endfacet
  facet normal -0 0 1
    outer loop
      vertex 1.56494 36.1734 2
      vertex 3.03247 34.3367 2
      vertex 2 36.4641 2
    endloop
  endfacet
  facet normal 0 0 1
    outer loop
      vertex 3.03247 34.3367 2
      vertex 1.56494 36.1734 2
      vertex 2.83578 34.1642 2
    endloop
  endfacet
  facet normal -0 0 1
    outer loop
      vertex 1.17157 35.8284 2
      vertex 2.83578 34.1642 2
      vertex 1.56494 36.1734 2
    endloop
  endfacet
  facet normal -0 0 1
    outer loop
      vertex 0.826584 35.435 2
      vertex 2.83578 34.1642 2
      vertex 1.17157 35.8284 2
    endloop
  endfacet
  facet normal 0 0 1
    outer loop
      vertex 2.83578 34.1642 2
      vertex 0.826584 35.435 2
      vertex 2.66328 33.9675 2
    endloop
  endfacet
  facet normal -0 0 1
    outer loop
      vertex 0.535889 35 2
      vertex 2.66328 33.9675 2
      vertex 0.826584 35.435 2
    endloop
  endfacet
  facet normal -0 0 1
    outer loop
      vertex 0.304474 34.5307 2
      vertex 2.51794 33.75 2
      vertex 0.535889 35 2
    endloop
  endfacet
  facet normal 0 0 1
    outer loop
      vertex 2.66328 33.9675 2
      vertex 0.535889 35 2
      vertex 2.51794 33.75 2
    endloop
  endfacet
  facet normal 0 0 1
    outer loop
      vertex 71.6955 2.46925 2
      vertex 69.482 3.25 2
      vertex 71.4641 2 2
    endloop
  endfacet
  facet normal -0 0 1
    outer loop
      vertex 69.3367 3.03247 2
      vertex 71.4641 2 2
      vertex 69.482 3.25 2
    endloop
  endfacet
  facet normal 0 0 1
    outer loop
      vertex 71.4641 2 2
      vertex 69.3367 3.03247 2
      vertex 71.1734 1.56494 2
    endloop
  endfacet
  facet normal -0 0 1
    outer loop
      vertex 69.1642 2.83578 2
      vertex 71.1734 1.56494 2
      vertex 69.3367 3.03247 2
    endloop
  endfacet
  facet normal 0 0 1
    outer loop
      vertex 71.1734 1.56494 2
      vertex 69.1642 2.83578 2
      vertex 70.8284 1.17157 2
    endloop
  endfacet
  facet normal 0 0 1
    outer loop
      vertex 70.8284 1.17157 2
      vertex 69.1642 2.83578 2
      vertex 70.435 0.826584 2
    endloop
  endfacet
  facet normal -0 0 1
    outer loop
      vertex 68.9675 2.66328 2
      vertex 70.435 0.826584 2
      vertex 69.1642 2.83578 2
    endloop
  endfacet
  facet normal 0 0 1
    outer loop
      vertex 70.435 0.826584 2
      vertex 68.9675 2.66328 2
      vertex 70 0.535889 2
    endloop
  endfacet
  facet normal -0 0 1
    outer loop
      vertex 68.75 2.51794 2
      vertex 70 0.535889 2
      vertex 68.9675 2.66328 2
    endloop
  endfacet
  facet normal 0 0 1
    outer loop
      vertex 70 0.535889 2
      vertex 68.75 2.51794 2
      vertex 69.5307 0.304474 2
    endloop
  endfacet
  facet normal -0 0 1
    outer loop
      vertex 68.5154 2.40224 2
      vertex 69.5307 0.304474 2
      vertex 68.75 2.51794 2
    endloop
  endfacet
  facet normal 0 0 1
    outer loop
      vertex 69.5307 0.304474 2
      vertex 68.5154 2.40224 2
      vertex 69.0353 0.136292 2
    endloop
  endfacet
  facet normal -0 0 1
    outer loop
      vertex 68.2676 2.31815 2
      vertex 69.0353 0.136292 2
      vertex 68.5154 2.40224 2
    endloop
  endfacet
  facet normal 0 0 1
    outer loop
      vertex 69.0353 0.136292 2
      vertex 68.2676 2.31815 2
      vertex 68.5221 0.0342102 2
    endloop
  endfacet
  facet normal -0 0 1
    outer loop
      vertex 68.011 2.26711 2
      vertex 68.5221 0.0342102 2
      vertex 68.2676 2.31815 2
    endloop
  endfacet
  facet normal 0 0 1
    outer loop
      vertex 68.011 2.26711 2
      vertex 68 0 2
      vertex 68.5221 0.0342102 2
    endloop
  endfacet
  facet normal -0 0 1
    outer loop
      vertex 67.75 2.25 2
      vertex 68 0 2
      vertex 68.011 2.26711 2
    endloop
  endfacet
  facet normal -0 0 1
    outer loop
      vertex 4.25 2.25 2
      vertex 68 0 2
      vertex 67.75 2.25 2
    endloop
  endfacet
  facet normal 0 0 1
    outer loop
      vertex 4.25 2.25 2
      vertex 4 0 2
      vertex 68 0 2
    endloop
  endfacet
  facet normal 0 0 1
    outer loop
      vertex 3.98894 2.26711 2
      vertex 4 0 2
      vertex 4.25 2.25 2
    endloop
  endfacet
  facet normal 0 0 1
    outer loop
      vertex 3.47789 0.0342102 2
      vertex 3.98894 2.26711 2
      vertex 3.73236 2.31815 2
    endloop
  endfacet
  facet normal 0 0 1
    outer loop
      vertex 2.96472 0.136292 2
      vertex 3.73236 2.31815 2
      vertex 3.48462 2.40224 2
    endloop
  endfacet
  facet normal 0 0 1
    outer loop
      vertex 3.98894 2.26711 2
      vertex 3.47789 0.0342102 2
      vertex 4 0 2
    endloop
  endfacet
  facet normal 0 0 1
    outer loop
      vertex 2.46925 0.304474 2
      vertex 3.48462 2.40224 2
      vertex 3.25 2.51794 2
    endloop
  endfacet
  facet normal 0 0 1
    outer loop
      vertex 2 0.535889 2
      vertex 3.25 2.51794 2
      vertex 3.03247 2.66328 2
    endloop
  endfacet
  facet normal 0 0 1
    outer loop
      vertex 3.73236 2.31815 2
      vertex 2.96472 0.136292 2
      vertex 3.47789 0.0342102 2
    endloop
  endfacet
  facet normal 0 0 1
    outer loop
      vertex 1.56494 0.826584 2
      vertex 3.03247 2.66328 2
      vertex 2.83578 2.83578 2
    endloop
  endfacet
  facet normal 0 0 1
    outer loop
      vertex 0.826584 1.56494 2
      vertex 2.83578 2.83578 2
      vertex 2.66328 3.03247 2
    endloop
  endfacet
  facet normal 0 0 1
    outer loop
      vertex 0.535889 2 2
      vertex 2.66328 3.03247 2
      vertex 2.51794 3.25 2
    endloop
  endfacet
  facet normal 0 0 1
    outer loop
      vertex 3.48462 2.40224 2
      vertex 2.46925 0.304474 2
      vertex 2.96472 0.136292 2
    endloop
  endfacet
  facet normal 0 0 1
    outer loop
      vertex 0.304474 2.46925 2
      vertex 2.51794 3.25 2
      vertex 2.40224 3.48462 2
    endloop
  endfacet
  facet normal 0 0 1
    outer loop
      vertex 0.136292 2.96472 2
      vertex 2.40224 3.48462 2
      vertex 2.31815 3.73236 2
    endloop
  endfacet
  facet normal 0 0 1
    outer loop
      vertex 0.0342102 3.47789 2
      vertex 2.31815 3.73236 2
      vertex 2.26711 3.98894 2
    endloop
  endfacet
  facet normal -0 0 1
    outer loop
      vertex 0 4 2
      vertex 2.26711 3.98894 2
      vertex 2.25 4.25 2
    endloop
  endfacet
  facet normal 0 0 1
    outer loop
      vertex 3.25 2.51794 2
      vertex 2 0.535889 2
      vertex 2.46925 0.304474 2
    endloop
  endfacet
  facet normal 0 0 1
    outer loop
      vertex 2.25 32.75 2
      vertex 0 33 2
      vertex 2.25 4.25 2
    endloop
  endfacet
  facet normal 0 0 1
    outer loop
      vertex 2.51794 33.75 2
      vertex 0.304474 34.5307 2
      vertex 2.40224 33.5154 2
    endloop
  endfacet
  facet normal 0 0 1
    outer loop
      vertex 0 4 2
      vertex 2.25 4.25 2
      vertex 0 33 2
    endloop
  endfacet
  facet normal -0 0 1
    outer loop
      vertex 0.136292 34.0353 2
      vertex 2.40224 33.5154 2
      vertex 0.304474 34.5307 2
    endloop
  endfacet
  facet normal 0 0 1
    outer loop
      vertex 2.26711 3.98894 2
      vertex 0 4 2
      vertex 0.0342102 3.47789 2
    endloop
  endfacet
  facet normal 0 0 1
    outer loop
      vertex 2.40224 33.5154 2
      vertex 0.136292 34.0353 2
      vertex 2.31815 33.2676 2
    endloop
  endfacet
  facet normal 0 0 1
    outer loop
      vertex 3.03247 2.66328 2
      vertex 1.56494 0.826584 2
      vertex 2 0.535889 2
    endloop
  endfacet
  facet normal -0 0 1
    outer loop
      vertex 0.0342102 33.5221 2
      vertex 2.31815 33.2676 2
      vertex 0.136292 34.0353 2
    endloop
  endfacet
  facet normal 0 0 1
    outer loop
      vertex 2.83578 2.83578 2
      vertex 1.17157 1.17157 2
      vertex 1.56494 0.826584 2
    endloop
  endfacet
  facet normal 0 0 1
    outer loop
      vertex 2.31815 33.2676 2
      vertex 0.0342102 33.5221 2
      vertex 2.26711 33.011 2
    endloop
  endfacet
  facet normal 0 0 1
    outer loop
      vertex 2.83578 2.83578 2
      vertex 0.826584 1.56494 2
      vertex 1.17157 1.17157 2
    endloop
  endfacet
  facet normal 0 0 1
    outer loop
      vertex 0 33 2
      vertex 2.26711 33.011 2
      vertex 0.0342102 33.5221 2
    endloop
  endfacet
  facet normal 0 0 1
    outer loop
      vertex 2.66328 3.03247 2
      vertex 0.535889 2 2
      vertex 0.826584 1.56494 2
    endloop
  endfacet
  facet normal 0 0 1
    outer loop
      vertex 2.26711 33.011 2
      vertex 0 33 2
      vertex 2.25 32.75 2
    endloop
  endfacet
  facet normal 0 0 1
    outer loop
      vertex 2.51794 3.25 2
      vertex 0.304474 2.46925 2
      vertex 0.535889 2 2
    endloop
  endfacet
  facet normal 0 0 1
    outer loop
      vertex 2.40224 3.48462 2
      vertex 0.136292 2.96472 2
      vertex 0.304474 2.46925 2
    endloop
  endfacet
  facet normal 0 0 1
    outer loop
      vertex 2.31815 3.73236 2
      vertex 0.0342102 3.47789 2
      vertex 0.136292 2.96472 2
    endloop
  endfacet
  facet normal 0 0 1
    outer loop
      vertex 23.15 22.4 2
      vertex 7.8827 28.8496 2
      vertex 23.1564 22.3021 2
    endloop
  endfacet
  facet normal 0 0 1
    outer loop
      vertex 23.15 17.6 2
      vertex 8.43759 7.18926 2
      vertex 8.45 7 2
    endloop
  endfacet
  facet normal 0 0 1
    outer loop
      vertex 23.1564 22.3021 2
      vertex 7.8827 28.8496 2
      vertex 23.1564 20.0979 2
    endloop
  endfacet
  facet normal 0 0 1
    outer loop
      vertex 23.15 17.6 2
      vertex 8.40059 7.37529 2
      vertex 8.43759 7.18926 2
    endloop
  endfacet
  facet normal 0 0 1
    outer loop
      vertex 23.1564 20.0979 2
      vertex 7.8827 28.8496 2
      vertex 23.15 20 2
    endloop
  endfacet
  facet normal 0 0 1
    outer loop
      vertex 23.15 17.6 2
      vertex 8.33962 7.55489 2
      vertex 8.40059 7.37529 2
    endloop
  endfacet
  facet normal -0 0 1
    outer loop
      vertex 7.725 28.7443 2
      vertex 23.15 20 2
      vertex 7.8827 28.8496 2
    endloop
  endfacet
  facet normal 0 0 1
    outer loop
      vertex 23.15 17.6 2
      vertex 8.25574 7.725 2
      vertex 8.33962 7.55489 2
    endloop
  endfacet
  facet normal 0 0 1
    outer loop
      vertex 23.15 20 2
      vertex 7.725 28.7443 2
      vertex 23.1564 19.9021 2
    endloop
  endfacet
  facet normal 0 0 1
    outer loop
      vertex 23.15 17.6 2
      vertex 8.15036 7.8827 2
      vertex 8.25574 7.725 2
    endloop
  endfacet
  facet normal -0 0 1
    outer loop
      vertex 7.55489 28.6604 2
      vertex 23.1564 19.9021 2
      vertex 7.725 28.7443 2
    endloop
  endfacet
  facet normal 0 0 1
    outer loop
      vertex 23.15 17.6 2
      vertex 8.0253 8.0253 2
      vertex 8.15036 7.8827 2
    endloop
  endfacet
  facet normal 0 0 1
    outer loop
      vertex 23.1564 19.9021 2
      vertex 7.55489 28.6604 2
      vertex 23.1564 17.6979 2
    endloop
  endfacet
  facet normal 0 0 1
    outer loop
      vertex 23.15 17.6 2
      vertex 7.8827 8.15036 2
      vertex 8.0253 8.0253 2
    endloop
  endfacet
  facet normal 0 0 1
    outer loop
      vertex 7.55489 8.33962 2
      vertex 23.1564 17.6979 2
      vertex 7.55489 28.6604 2
    endloop
  endfacet
  facet normal 0 0 1
    outer loop
      vertex 23.15 17.6 2
      vertex 7.725 8.25574 2
      vertex 7.8827 8.15036 2
    endloop
  endfacet
  facet normal 0 0 1
    outer loop
      vertex 23.1564 17.6979 2
      vertex 7.55489 8.33962 2
      vertex 23.15 17.6 2
    endloop
  endfacet
  facet normal 0 0 1
    outer loop
      vertex 23.15 17.6 2
      vertex 7.55489 8.33962 2
      vertex 7.725 8.25574 2
    endloop
  endfacet
  facet normal -0 0 1
    outer loop
      vertex 7.37529 28.5994 2
      vertex 7.55489 8.33962 2
      vertex 7.55489 28.6604 2
    endloop
  endfacet
  facet normal 0 0 1
    outer loop
      vertex 7.37529 28.5994 2
      vertex 7.37529 8.40059 2
      vertex 7.55489 8.33962 2
    endloop
  endfacet
  facet normal -0 0 1
    outer loop
      vertex 7.18926 28.5624 2
      vertex 7.37529 8.40059 2
      vertex 7.37529 28.5994 2
    endloop
  endfacet
  facet normal 0 0 1
    outer loop
      vertex 7.18926 28.5624 2
      vertex 7.18926 8.43759 2
      vertex 7.37529 8.40059 2
    endloop
  endfacet
  facet normal -0 0 1
    outer loop
      vertex 7 28.55 2
      vertex 7.18926 8.43759 2
      vertex 7.18926 28.5624 2
    endloop
  endfacet
  facet normal 0 0 1
    outer loop
      vertex 7 28.55 2
      vertex 7 8.45 2
      vertex 7.18926 8.43759 2
    endloop
  endfacet
  facet normal 0 0 1
    outer loop
      vertex 6.81074 28.5624 2
      vertex 7 8.45 2
      vertex 7 28.55 2
    endloop
  endfacet
  facet normal 0 0 1
    outer loop
      vertex 6.81074 28.5624 2
      vertex 6.81074 8.43759 2
      vertex 7 8.45 2
    endloop
  endfacet
  facet normal 0 0 1
    outer loop
      vertex 6.62471 28.5994 2
      vertex 6.81074 8.43759 2
      vertex 6.81074 28.5624 2
    endloop
  endfacet
  facet normal 0 0 1
    outer loop
      vertex 6.62471 28.5994 2
      vertex 6.62471 8.40059 2
      vertex 6.81074 8.43759 2
    endloop
  endfacet
  facet normal 0 0 1
    outer loop
      vertex 6.44511 28.6604 2
      vertex 6.62471 8.40059 2
      vertex 6.62471 28.5994 2
    endloop
  endfacet
  facet normal 0 0 1
    outer loop
      vertex 6.44511 28.6604 2
      vertex 6.44511 8.33962 2
      vertex 6.62471 8.40059 2
    endloop
  endfacet
  facet normal 0 0 1
    outer loop
      vertex 6.275 28.7443 2
      vertex 6.44511 8.33962 2
      vertex 6.44511 28.6604 2
    endloop
  endfacet
  facet normal 0 0 1
    outer loop
      vertex 6.275 28.7443 2
      vertex 6.275 8.25574 2
      vertex 6.44511 8.33962 2
    endloop
  endfacet
  facet normal 0 0 1
    outer loop
      vertex 6.1173 28.8496 2
      vertex 6.275 8.25574 2
      vertex 6.275 28.7443 2
    endloop
  endfacet
  facet normal 0 0 1
    outer loop
      vertex 6.1173 28.8496 2
      vertex 6.1173 8.15036 2
      vertex 6.275 8.25574 2
    endloop
  endfacet
  facet normal 0 0 1
    outer loop
      vertex 5.97469 28.9747 2
      vertex 6.1173 8.15036 2
      vertex 6.1173 28.8496 2
    endloop
  endfacet
  facet normal 0 0 1
    outer loop
      vertex 5.97469 28.9747 2
      vertex 5.97469 8.0253 2
      vertex 6.1173 8.15036 2
    endloop
  endfacet
  facet normal 0 0 1
    outer loop
      vertex 5.84964 29.1173 2
      vertex 5.97469 8.0253 2
      vertex 5.97469 28.9747 2
    endloop
  endfacet
  facet normal 0 0 1
    outer loop
      vertex 5.84964 29.1173 2
      vertex 5.84964 7.8827 2
      vertex 5.97469 8.0253 2
    endloop
  endfacet
  facet normal 0 0 1
    outer loop
      vertex 5.74426 29.275 2
      vertex 5.84964 7.8827 2
      vertex 5.84964 29.1173 2
    endloop
  endfacet
  facet normal 0 0 1
    outer loop
      vertex 5.74426 29.275 2
      vertex 5.74426 7.725 2
      vertex 5.84964 7.8827 2
    endloop
  endfacet
  facet normal 0 0 1
    outer loop
      vertex 3.45 32.75 2
      vertex 5.74426 29.275 2
      vertex 5.66037 29.4451 2
    endloop
  endfacet
  facet normal 0 0 1
    outer loop
      vertex 5.74426 29.275 2
      vertex 3.45 32.75 2
      vertex 5.74426 7.725 2
    endloop
  endfacet
  facet normal 0 0 1
    outer loop
      vertex 3.45 32.75 2
      vertex 5.66037 29.4451 2
      vertex 5.59941 29.6247 2
    endloop
  endfacet
  facet normal 0 0 1
    outer loop
      vertex 3.45 4.24998 2
      vertex 5.74426 7.725 2
      vertex 3.45 32.75 2
    endloop
  endfacet
  facet normal 0 0 1
    outer loop
      vertex 3.45 32.75 2
      vertex 5.59941 29.6247 2
      vertex 5.5624 29.8107 2
    endloop
  endfacet
  facet normal 0 0 1
    outer loop
      vertex 5.74426 7.725 2
      vertex 3.45 4.24998 2
      vertex 5.66037 7.55489 2
    endloop
  endfacet
  facet normal 0 0 1
    outer loop
      vertex 3.45 32.75 2
      vertex 5.5624 29.8107 2
      vertex 5.55 30 2
    endloop
  endfacet
  facet normal 0 0 1
    outer loop
      vertex 5.66037 7.55489 2
      vertex 3.45 4.24998 2
      vertex 5.59941 7.37529 2
    endloop
  endfacet
  facet normal -0 0 1
    outer loop
      vertex 38.6436 12.8979 2
      vertex 63.7443 7.725 2
      vertex 38.6436 15.1021 2
    endloop
  endfacet
  facet normal 0 0 1
    outer loop
      vertex 63.7443 7.725 2
      vertex 38.6436 12.8979 2
      vertex 38.65 12.8 2
    endloop
  endfacet
  facet normal -0 0 1
    outer loop
      vertex 38.6244 15.0059 2
      vertex 38.6436 12.8979 2
      vertex 38.6436 15.1021 2
    endloop
  endfacet
  facet normal 0 0 1
    outer loop
      vertex 38.6244 15.0059 2
      vertex 38.6244 12.9941 2
      vertex 38.6436 12.8979 2
    endloop
  endfacet
  facet normal -0 0 1
    outer loop
      vertex 38.5929 14.913 2
      vertex 38.6244 12.9941 2
      vertex 38.6244 15.0059 2
    endloop
  endfacet
  facet normal 0 0 1
    outer loop
      vertex 38.5929 14.913 2
      vertex 38.5929 13.087 2
      vertex 38.6244 12.9941 2
    endloop
  endfacet
  facet normal -0 0 1
    outer loop
      vertex 38.5495 14.825 2
      vertex 38.5929 13.087 2
      vertex 38.5929 14.913 2
    endloop
  endfacet
  facet normal 0 0 1
    outer loop
      vertex 38.5495 14.825 2
      vertex 38.5495 13.175 2
      vertex 38.5929 13.087 2
    endloop
  endfacet
  facet normal -0 0 1
    outer loop
      vertex 38.495 14.7434 2
      vertex 38.5495 13.175 2
      vertex 38.5495 14.825 2
    endloop
  endfacet
  facet normal 0 0 1
    outer loop
      vertex 38.495 14.7434 2
      vertex 38.495 13.2566 2
      vertex 38.5495 13.175 2
    endloop
  endfacet
  facet normal -0 0 1
    outer loop
      vertex 38.4303 14.6697 2
      vertex 38.495 13.2566 2
      vertex 38.495 14.7434 2
    endloop
  endfacet
  facet normal 0 0 1
    outer loop
      vertex 38.4303 14.6697 2
      vertex 38.4303 13.3303 2
      vertex 38.495 13.2566 2
    endloop
  endfacet
  facet normal -0 0 1
    outer loop
      vertex 38.3566 14.605 2
      vertex 38.4303 13.3303 2
      vertex 38.4303 14.6697 2
    endloop
  endfacet
  facet normal 0 0 1
    outer loop
      vertex 38.3566 14.605 2
      vertex 38.3566 13.395 2
      vertex 38.4303 13.3303 2
    endloop
  endfacet
  facet normal -0 0 1
    outer loop
      vertex 38.275 14.5505 2
      vertex 38.3566 13.395 2
      vertex 38.3566 14.605 2
    endloop
  endfacet
  facet normal 0 0 1
    outer loop
      vertex 38.275 14.5505 2
      vertex 38.275 13.4495 2
      vertex 38.3566 13.395 2
    endloop
  endfacet
  facet normal -0 0 1
    outer loop
      vertex 38.187 14.5071 2
      vertex 38.275 13.4495 2
      vertex 38.275 14.5505 2
    endloop
  endfacet
  facet normal 0 0 1
    outer loop
      vertex 38.187 14.5071 2
      vertex 38.187 13.4929 2
      vertex 38.275 13.4495 2
    endloop
  endfacet
  facet normal -0 0 1
    outer loop
      vertex 38.0941 14.4756 2
      vertex 38.187 13.4929 2
      vertex 38.187 14.5071 2
    endloop
  endfacet
  facet normal 0 0 1
    outer loop
      vertex 38.0941 14.4756 2
      vertex 38.0941 13.5244 2
      vertex 38.187 13.4929 2
    endloop
  endfacet
  facet normal -0 0 1
    outer loop
      vertex 37.9979 14.4564 2
      vertex 38.0941 13.5244 2
      vertex 38.0941 14.4756 2
    endloop
  endfacet
  facet normal 0 0 1
    outer loop
      vertex 37.9979 14.4564 2
      vertex 37.9979 13.5436 2
      vertex 38.0941 13.5244 2
    endloop
  endfacet
  facet normal -0 0 1
    outer loop
      vertex 37.9 14.45 2
      vertex 37.9979 13.5436 2
      vertex 37.9979 14.4564 2
    endloop
  endfacet
  facet normal 0 0 1
    outer loop
      vertex 37.9 14.45 2
      vertex 37.9 13.55 2
      vertex 37.9979 13.5436 2
    endloop
  endfacet
  facet normal -0 0 1
    outer loop
      vertex 23.9 14.45 2
      vertex 37.9 13.55 2
      vertex 37.9 14.45 2
    endloop
  endfacet
  facet normal 0 0 1
    outer loop
      vertex 23.9 14.45 2
      vertex 23.9 13.55 2
      vertex 37.9 13.55 2
    endloop
  endfacet
  facet normal 0 0 1
    outer loop
      vertex 23.8021 14.4564 2
      vertex 23.9 13.55 2
      vertex 23.9 14.45 2
    endloop
  endfacet
  facet normal 0 0 1
    outer loop
      vertex 23.8021 14.4564 2
      vertex 23.8021 13.5436 2
      vertex 23.9 13.55 2
    endloop
  endfacet
  facet normal 0 0 1
    outer loop
      vertex 23.7059 14.4756 2
      vertex 23.8021 13.5436 2
      vertex 23.8021 14.4564 2
    endloop
  endfacet
  facet normal 0 0 1
    outer loop
      vertex 23.7059 14.4756 2
      vertex 23.7059 13.5244 2
      vertex 23.8021 13.5436 2
    endloop
  endfacet
  facet normal 0 0 1
    outer loop
      vertex 23.613 14.5071 2
      vertex 23.7059 13.5244 2
      vertex 23.7059 14.4756 2
    endloop
  endfacet
  facet normal 0 0 1
    outer loop
      vertex 23.613 14.5071 2
      vertex 23.613 13.4929 2
      vertex 23.7059 13.5244 2
    endloop
  endfacet
  facet normal 0 0 1
    outer loop
      vertex 23.525 14.5505 2
      vertex 23.613 13.4929 2
      vertex 23.613 14.5071 2
    endloop
  endfacet
  facet normal 0 0 1
    outer loop
      vertex 23.525 14.5505 2
      vertex 23.525 13.4495 2
      vertex 23.613 13.4929 2
    endloop
  endfacet
  facet normal 0 0 1
    outer loop
      vertex 23.4434 14.605 2
      vertex 23.525 13.4495 2
      vertex 23.525 14.5505 2
    endloop
  endfacet
  facet normal 0 0 1
    outer loop
      vertex 23.4434 14.605 2
      vertex 23.4434 13.395 2
      vertex 23.525 13.4495 2
    endloop
  endfacet
  facet normal 0 0 1
    outer loop
      vertex 23.3697 14.6697 2
      vertex 23.4434 13.395 2
      vertex 23.4434 14.605 2
    endloop
  endfacet
  facet normal 0 0 1
    outer loop
      vertex 23.3697 14.6697 2
      vertex 23.3697 13.3303 2
      vertex 23.4434 13.395 2
    endloop
  endfacet
  facet normal 0 0 1
    outer loop
      vertex 23.305 14.7434 2
      vertex 23.3697 13.3303 2
      vertex 23.3697 14.6697 2
    endloop
  endfacet
  facet normal 0 0 1
    outer loop
      vertex 23.305 14.7434 2
      vertex 23.305 13.2566 2
      vertex 23.3697 13.3303 2
    endloop
  endfacet
  facet normal 0 0 1
    outer loop
      vertex 23.2505 14.825 2
      vertex 23.305 13.2566 2
      vertex 23.305 14.7434 2
    endloop
  endfacet
  facet normal 0 0 1
    outer loop
      vertex 23.2505 14.825 2
      vertex 23.2505 13.175 2
      vertex 23.305 13.2566 2
    endloop
  endfacet
  facet normal 0 0 1
    outer loop
      vertex 23.2071 14.913 2
      vertex 23.2505 13.175 2
      vertex 23.2505 14.825 2
    endloop
  endfacet
  facet normal 0 0 1
    outer loop
      vertex 23.2071 14.913 2
      vertex 23.2071 13.087 2
      vertex 23.2505 13.175 2
    endloop
  endfacet
  facet normal 0 0 1
    outer loop
      vertex 23.1756 15.0059 2
      vertex 23.2071 13.087 2
      vertex 23.2071 14.913 2
    endloop
  endfacet
  facet normal 0 0 1
    outer loop
      vertex 23.1756 15.0059 2
      vertex 23.1756 12.9941 2
      vertex 23.2071 13.087 2
    endloop
  endfacet
  facet normal 0 0 1
    outer loop
      vertex 23.1564 15.1021 2
      vertex 23.1756 12.9941 2
      vertex 23.1756 15.0059 2
    endloop
  endfacet
  facet normal 0 0 1
    outer loop
      vertex 23.1564 15.1021 2
      vertex 23.1564 12.8979 2
      vertex 23.1756 12.9941 2
    endloop
  endfacet
  facet normal 0 0 1
    outer loop
      vertex 8.45 7 2
      vertex 23.1564 15.1021 2
      vertex 23.15 15.2 2
    endloop
  endfacet
  facet normal 0 0 1
    outer loop
      vertex 23.1564 15.1021 2
      vertex 8.45 7 2
      vertex 23.1564 12.8979 2
    endloop
  endfacet
  facet normal -0 0 1
    outer loop
      vertex 38.6436 15.2979 2
      vertex 63.8496 7.8827 2
      vertex 38.6436 17.5021 2
    endloop
  endfacet
  facet normal 0 0 1
    outer loop
      vertex 63.8496 7.8827 2
      vertex 38.6436 15.2979 2
      vertex 38.65 15.2 2
    endloop
  endfacet
  facet normal -0 0 1
    outer loop
      vertex 38.6244 17.4059 2
      vertex 38.6436 15.2979 2
      vertex 38.6436 17.5021 2
    endloop
  endfacet
  facet normal 0 0 1
    outer loop
      vertex 38.6244 17.4059 2
      vertex 38.6244 15.3941 2
      vertex 38.6436 15.2979 2
    endloop
  endfacet
  facet normal -0 0 1
    outer loop
      vertex 38.5929 17.313 2
      vertex 38.6244 15.3941 2
      vertex 38.6244 17.4059 2
    endloop
  endfacet
  facet normal 0 0 1
    outer loop
      vertex 38.5929 17.313 2
      vertex 38.5929 15.487 2
      vertex 38.6244 15.3941 2
    endloop
  endfacet
  facet normal -0 0 1
    outer loop
      vertex 38.5495 17.225 2
      vertex 38.5929 15.487 2
      vertex 38.5929 17.313 2
    endloop
  endfacet
  facet normal 0 0 1
    outer loop
      vertex 38.5495 17.225 2
      vertex 38.5495 15.575 2
      vertex 38.5929 15.487 2
    endloop
  endfacet
  facet normal -0 0 1
    outer loop
      vertex 38.495 17.1434 2
      vertex 38.5495 15.575 2
      vertex 38.5495 17.225 2
    endloop
  endfacet
  facet normal 0 0 1
    outer loop
      vertex 38.495 17.1434 2
      vertex 38.495 15.6566 2
      vertex 38.5495 15.575 2
    endloop
  endfacet
  facet normal -0 0 1
    outer loop
      vertex 38.4303 17.0697 2
      vertex 38.495 15.6566 2
      vertex 38.495 17.1434 2
    endloop
  endfacet
  facet normal 0 0 1
    outer loop
      vertex 38.4303 17.0697 2
      vertex 38.4303 15.7303 2
      vertex 38.495 15.6566 2
    endloop
  endfacet
  facet normal -0 0 1
    outer loop
      vertex 38.3566 17.005 2
      vertex 38.4303 15.7303 2
      vertex 38.4303 17.0697 2
    endloop
  endfacet
  facet normal 0 0 1
    outer loop
      vertex 38.3566 17.005 2
      vertex 38.3566 15.795 2
      vertex 38.4303 15.7303 2
    endloop
  endfacet
  facet normal -0 0 1
    outer loop
      vertex 38.275 16.9505 2
      vertex 38.3566 15.795 2
      vertex 38.3566 17.005 2
    endloop
  endfacet
  facet normal 0 0 1
    outer loop
      vertex 38.275 16.9505 2
      vertex 38.275 15.8495 2
      vertex 38.3566 15.795 2
    endloop
  endfacet
  facet normal -0 0 1
    outer loop
      vertex 38.187 16.9071 2
      vertex 38.275 15.8495 2
      vertex 38.275 16.9505 2
    endloop
  endfacet
  facet normal 0 0 1
    outer loop
      vertex 38.187 16.9071 2
      vertex 38.187 15.8929 2
      vertex 38.275 15.8495 2
    endloop
  endfacet
  facet normal -0 0 1
    outer loop
      vertex 38.0941 16.8756 2
      vertex 38.187 15.8929 2
      vertex 38.187 16.9071 2
    endloop
  endfacet
  facet normal 0 0 1
    outer loop
      vertex 38.0941 16.8756 2
      vertex 38.0941 15.9244 2
      vertex 38.187 15.8929 2
    endloop
  endfacet
  facet normal -0 0 1
    outer loop
      vertex 37.9979 16.8564 2
      vertex 38.0941 15.9244 2
      vertex 38.0941 16.8756 2
    endloop
  endfacet
  facet normal 0 0 1
    outer loop
      vertex 37.9979 16.8564 2
      vertex 37.9979 15.9436 2
      vertex 38.0941 15.9244 2
    endloop
  endfacet
  facet normal -0 0 1
    outer loop
      vertex 37.9 16.85 2
      vertex 37.9979 15.9436 2
      vertex 37.9979 16.8564 2
    endloop
  endfacet
  facet normal 0 0 1
    outer loop
      vertex 37.9 16.85 2
      vertex 37.9 15.95 2
      vertex 37.9979 15.9436 2
    endloop
  endfacet
  facet normal -0 0 1
    outer loop
      vertex 23.9 16.85 2
      vertex 37.9 15.95 2
      vertex 37.9 16.85 2
    endloop
  endfacet
  facet normal 0 0 1
    outer loop
      vertex 23.9 16.85 2
      vertex 23.9 15.95 2
      vertex 37.9 15.95 2
    endloop
  endfacet
  facet normal 0 0 1
    outer loop
      vertex 23.8021 16.8564 2
      vertex 23.9 15.95 2
      vertex 23.9 16.85 2
    endloop
  endfacet
  facet normal 0 0 1
    outer loop
      vertex 23.8021 16.8564 2
      vertex 23.8021 15.9436 2
      vertex 23.9 15.95 2
    endloop
  endfacet
  facet normal 0 0 1
    outer loop
      vertex 23.7059 16.8756 2
      vertex 23.8021 15.9436 2
      vertex 23.8021 16.8564 2
    endloop
  endfacet
  facet normal 0 0 1
    outer loop
      vertex 23.7059 16.8756 2
      vertex 23.7059 15.9244 2
      vertex 23.8021 15.9436 2
    endloop
  endfacet
  facet normal 0 0 1
    outer loop
      vertex 23.613 16.9071 2
      vertex 23.7059 15.9244 2
      vertex 23.7059 16.8756 2
    endloop
  endfacet
  facet normal 0 0 1
    outer loop
      vertex 23.613 16.9071 2
      vertex 23.613 15.8929 2
      vertex 23.7059 15.9244 2
    endloop
  endfacet
  facet normal 0 0 1
    outer loop
      vertex 23.525 16.9505 2
      vertex 23.613 15.8929 2
      vertex 23.613 16.9071 2
    endloop
  endfacet
  facet normal 0 0 1
    outer loop
      vertex 23.525 16.9505 2
      vertex 23.525 15.8495 2
      vertex 23.613 15.8929 2
    endloop
  endfacet
  facet normal 0 0 1
    outer loop
      vertex 23.4434 17.005 2
      vertex 23.525 15.8495 2
      vertex 23.525 16.9505 2
    endloop
  endfacet
  facet normal 0 0 1
    outer loop
      vertex 23.4434 17.005 2
      vertex 23.4434 15.795 2
      vertex 23.525 15.8495 2
    endloop
  endfacet
  facet normal 0 0 1
    outer loop
      vertex 23.3697 17.0697 2
      vertex 23.4434 15.795 2
      vertex 23.4434 17.005 2
    endloop
  endfacet
  facet normal 0 0 1
    outer loop
      vertex 23.3697 17.0697 2
      vertex 23.3697 15.7303 2
      vertex 23.4434 15.795 2
    endloop
  endfacet
  facet normal 0 0 1
    outer loop
      vertex 23.305 17.1434 2
      vertex 23.3697 15.7303 2
      vertex 23.3697 17.0697 2
    endloop
  endfacet
  facet normal 0 0 1
    outer loop
      vertex 23.305 17.1434 2
      vertex 23.305 15.6566 2
      vertex 23.3697 15.7303 2
    endloop
  endfacet
  facet normal 0 0 1
    outer loop
      vertex 23.2505 17.225 2
      vertex 23.305 15.6566 2
      vertex 23.305 17.1434 2
    endloop
  endfacet
  facet normal 0 0 1
    outer loop
      vertex 23.2505 17.225 2
      vertex 23.2505 15.575 2
      vertex 23.305 15.6566 2
    endloop
  endfacet
  facet normal 0 0 1
    outer loop
      vertex 23.2071 17.313 2
      vertex 23.2505 15.575 2
      vertex 23.2505 17.225 2
    endloop
  endfacet
  facet normal 0 0 1
    outer loop
      vertex 23.2071 17.313 2
      vertex 23.2071 15.487 2
      vertex 23.2505 15.575 2
    endloop
  endfacet
  facet normal 0 0 1
    outer loop
      vertex 23.1756 17.4059 2
      vertex 23.2071 15.487 2
      vertex 23.2071 17.313 2
    endloop
  endfacet
  facet normal 0 0 1
    outer loop
      vertex 23.1756 17.4059 2
      vertex 23.1756 15.3941 2
      vertex 23.2071 15.487 2
    endloop
  endfacet
  facet normal 0 0 1
    outer loop
      vertex 23.1564 17.5021 2
      vertex 23.1756 15.3941 2
      vertex 23.1756 17.4059 2
    endloop
  endfacet
  facet normal 0 0 1
    outer loop
      vertex 23.1564 17.5021 2
      vertex 23.1564 15.2979 2
      vertex 23.1756 15.3941 2
    endloop
  endfacet
  facet normal 0 0 1
    outer loop
      vertex 8.45 7 2
      vertex 23.1564 17.5021 2
      vertex 23.15 17.6 2
    endloop
  endfacet
  facet normal 0 0 1
    outer loop
      vertex 23.1564 17.5021 2
      vertex 8.45 7 2
      vertex 23.1564 15.2979 2
    endloop
  endfacet
  facet normal 0 0 1
    outer loop
      vertex 38.6436 17.6979 2
      vertex 63.9747 28.9747 2
      vertex 38.6436 19.9021 2
    endloop
  endfacet
  facet normal 0 0 1
    outer loop
      vertex 63.9747 28.9747 2
      vertex 38.6436 17.6979 2
      vertex 38.65 17.6 2
    endloop
  endfacet
  facet normal -0 0 1
    outer loop
      vertex 38.6244 19.8059 2
      vertex 38.6436 17.6979 2
      vertex 38.6436 19.9021 2
    endloop
  endfacet
  facet normal 0 0 1
    outer loop
      vertex 38.6244 19.8059 2
      vertex 38.6244 17.7941 2
      vertex 38.6436 17.6979 2
    endloop
  endfacet
  facet normal -0 0 1
    outer loop
      vertex 38.5929 19.713 2
      vertex 38.6244 17.7941 2
      vertex 38.6244 19.8059 2
    endloop
  endfacet
  facet normal 0 0 1
    outer loop
      vertex 38.5929 19.713 2
      vertex 38.5929 17.887 2
      vertex 38.6244 17.7941 2
    endloop
  endfacet
  facet normal -0 0 1
    outer loop
      vertex 38.5495 19.625 2
      vertex 38.5929 17.887 2
      vertex 38.5929 19.713 2
    endloop
  endfacet
  facet normal 0 0 1
    outer loop
      vertex 38.5495 19.625 2
      vertex 38.5495 17.975 2
      vertex 38.5929 17.887 2
    endloop
  endfacet
  facet normal -0 0 1
    outer loop
      vertex 38.495 19.5434 2
      vertex 38.5495 17.975 2
      vertex 38.5495 19.625 2
    endloop
  endfacet
  facet normal 0 0 1
    outer loop
      vertex 38.495 19.5434 2
      vertex 38.495 18.0566 2
      vertex 38.5495 17.975 2
    endloop
  endfacet
  facet normal -0 0 1
    outer loop
      vertex 38.4303 19.4697 2
      vertex 38.495 18.0566 2
      vertex 38.495 19.5434 2
    endloop
  endfacet
  facet normal 0 0 1
    outer loop
      vertex 38.4303 19.4697 2
      vertex 38.4303 18.1303 2
      vertex 38.495 18.0566 2
    endloop
  endfacet
  facet normal -0 0 1
    outer loop
      vertex 38.3566 19.405 2
      vertex 38.4303 18.1303 2
      vertex 38.4303 19.4697 2
    endloop
  endfacet
  facet normal 0 0 1
    outer loop
      vertex 38.3566 19.405 2
      vertex 38.3566 18.195 2
      vertex 38.4303 18.1303 2
    endloop
  endfacet
  facet normal -0 0 1
    outer loop
      vertex 38.275 19.3505 2
      vertex 38.3566 18.195 2
      vertex 38.3566 19.405 2
    endloop
  endfacet
  facet normal 0 0 1
    outer loop
      vertex 38.275 19.3505 2
      vertex 38.275 18.2495 2
      vertex 38.3566 18.195 2
    endloop
  endfacet
  facet normal -0 0 1
    outer loop
      vertex 38.187 19.3071 2
      vertex 38.275 18.2495 2
      vertex 38.275 19.3505 2
    endloop
  endfacet
  facet normal 0 0 1
    outer loop
      vertex 38.187 19.3071 2
      vertex 38.187 18.2929 2
      vertex 38.275 18.2495 2
    endloop
  endfacet
  facet normal -0 0 1
    outer loop
      vertex 38.0941 19.2756 2
      vertex 38.187 18.2929 2
      vertex 38.187 19.3071 2
    endloop
  endfacet
  facet normal 0 0 1
    outer loop
      vertex 38.0941 19.2756 2
      vertex 38.0941 18.3244 2
      vertex 38.187 18.2929 2
    endloop
  endfacet
  facet normal -0 0 1
    outer loop
      vertex 37.9979 19.2564 2
      vertex 38.0941 18.3244 2
      vertex 38.0941 19.2756 2
    endloop
  endfacet
  facet normal 0 0 1
    outer loop
      vertex 37.9979 19.2564 2
      vertex 37.9979 18.3436 2
      vertex 38.0941 18.3244 2
    endloop
  endfacet
  facet normal -0 0 1
    outer loop
      vertex 37.9 19.25 2
      vertex 37.9979 18.3436 2
      vertex 37.9979 19.2564 2
    endloop
  endfacet
  facet normal 0 0 1
    outer loop
      vertex 37.9 19.25 2
      vertex 37.9 18.35 2
      vertex 37.9979 18.3436 2
    endloop
  endfacet
  facet normal -0 0 1
    outer loop
      vertex 23.9 19.25 2
      vertex 37.9 18.35 2
      vertex 37.9 19.25 2
    endloop
  endfacet
  facet normal 0 0 1
    outer loop
      vertex 23.9 19.25 2
      vertex 23.9 18.35 2
      vertex 37.9 18.35 2
    endloop
  endfacet
  facet normal 0 0 1
    outer loop
      vertex 23.8021 19.2564 2
      vertex 23.9 18.35 2
      vertex 23.9 19.25 2
    endloop
  endfacet
  facet normal 0 0 1
    outer loop
      vertex 23.8021 19.2564 2
      vertex 23.8021 18.3436 2
      vertex 23.9 18.35 2
    endloop
  endfacet
  facet normal 0 0 1
    outer loop
      vertex 23.7059 19.2756 2
      vertex 23.8021 18.3436 2
      vertex 23.8021 19.2564 2
    endloop
  endfacet
  facet normal 0 0 1
    outer loop
      vertex 23.7059 19.2756 2
      vertex 23.7059 18.3244 2
      vertex 23.8021 18.3436 2
    endloop
  endfacet
  facet normal 0 0 1
    outer loop
      vertex 23.613 19.3071 2
      vertex 23.7059 18.3244 2
      vertex 23.7059 19.2756 2
    endloop
  endfacet
  facet normal 0 0 1
    outer loop
      vertex 23.613 19.3071 2
      vertex 23.613 18.2929 2
      vertex 23.7059 18.3244 2
    endloop
  endfacet
  facet normal 0 0 1
    outer loop
      vertex 23.525 19.3505 2
      vertex 23.613 18.2929 2
      vertex 23.613 19.3071 2
    endloop
  endfacet
  facet normal 0 0 1
    outer loop
      vertex 23.525 19.3505 2
      vertex 23.525 18.2495 2
      vertex 23.613 18.2929 2
    endloop
  endfacet
  facet normal 0 0 1
    outer loop
      vertex 23.4434 19.405 2
      vertex 23.525 18.2495 2
      vertex 23.525 19.3505 2
    endloop
  endfacet
  facet normal 0 0 1
    outer loop
      vertex 23.4434 19.405 2
      vertex 23.4434 18.195 2
      vertex 23.525 18.2495 2
    endloop
  endfacet
  facet normal 0 0 1
    outer loop
      vertex 23.3697 19.4697 2
      vertex 23.4434 18.195 2
      vertex 23.4434 19.405 2
    endloop
  endfacet
  facet normal 0 0 1
    outer loop
      vertex 23.3697 19.4697 2
      vertex 23.3697 18.1303 2
      vertex 23.4434 18.195 2
    endloop
  endfacet
  facet normal 0 0 1
    outer loop
      vertex 23.305 19.5434 2
      vertex 23.3697 18.1303 2
      vertex 23.3697 19.4697 2
    endloop
  endfacet
  facet normal 0 0 1
    outer loop
      vertex 23.305 19.5434 2
      vertex 23.305 18.0566 2
      vertex 23.3697 18.1303 2
    endloop
  endfacet
  facet normal 0 0 1
    outer loop
      vertex 23.2505 19.625 2
      vertex 23.305 18.0566 2
      vertex 23.305 19.5434 2
    endloop
  endfacet
  facet normal 0 0 1
    outer loop
      vertex 23.2505 19.625 2
      vertex 23.2505 17.975 2
      vertex 23.305 18.0566 2
    endloop
  endfacet
  facet normal 0 0 1
    outer loop
      vertex 23.2071 19.713 2
      vertex 23.2505 17.975 2
      vertex 23.2505 19.625 2
    endloop
  endfacet
  facet normal 0 0 1
    outer loop
      vertex 23.2071 19.713 2
      vertex 23.2071 17.887 2
      vertex 23.2505 17.975 2
    endloop
  endfacet
  facet normal 0 0 1
    outer loop
      vertex 23.1756 19.8059 2
      vertex 23.2071 17.887 2
      vertex 23.2071 19.713 2
    endloop
  endfacet
  facet normal 0 0 1
    outer loop
      vertex 23.1756 19.8059 2
      vertex 23.1756 17.7941 2
      vertex 23.2071 17.887 2
    endloop
  endfacet
  facet normal 0 0 1
    outer loop
      vertex 23.1564 19.9021 2
      vertex 23.1756 17.7941 2
      vertex 23.1756 19.8059 2
    endloop
  endfacet
  facet normal 0 0 1
    outer loop
      vertex 23.1564 19.9021 2
      vertex 23.1564 17.6979 2
      vertex 23.1756 17.7941 2
    endloop
  endfacet
  facet normal 0 0 1
    outer loop
      vertex 23.1756 22.5941 2
      vertex 8.15036 29.1173 2
      vertex 23.1564 22.4979 2
    endloop
  endfacet
  facet normal -0 0 1
    outer loop
      vertex 8.0253 28.9747 2
      vertex 23.1564 22.4979 2
      vertex 8.15036 29.1173 2
    endloop
  endfacet
  facet normal 0 0 1
    outer loop
      vertex 38.6436 20.0979 2
      vertex 63.8496 29.1173 2
      vertex 38.6436 22.3021 2
    endloop
  endfacet
  facet normal 0 0 1
    outer loop
      vertex 63.8496 29.1173 2
      vertex 38.6436 20.0979 2
      vertex 38.65 20 2
    endloop
  endfacet
  facet normal -0 0 1
    outer loop
      vertex 38.6244 22.2059 2
      vertex 38.6436 20.0979 2
      vertex 38.6436 22.3021 2
    endloop
  endfacet
  facet normal 0 0 1
    outer loop
      vertex 38.6244 22.2059 2
      vertex 38.6244 20.1941 2
      vertex 38.6436 20.0979 2
    endloop
  endfacet
  facet normal -0 0 1
    outer loop
      vertex 38.5929 22.113 2
      vertex 38.6244 20.1941 2
      vertex 38.6244 22.2059 2
    endloop
  endfacet
  facet normal 0 0 1
    outer loop
      vertex 38.5929 22.113 2
      vertex 38.5929 20.287 2
      vertex 38.6244 20.1941 2
    endloop
  endfacet
  facet normal -0 0 1
    outer loop
      vertex 38.5495 22.025 2
      vertex 38.5929 20.287 2
      vertex 38.5929 22.113 2
    endloop
  endfacet
  facet normal 0 0 1
    outer loop
      vertex 38.5495 22.025 2
      vertex 38.5495 20.375 2
      vertex 38.5929 20.287 2
    endloop
  endfacet
  facet normal -0 0 1
    outer loop
      vertex 38.495 21.9434 2
      vertex 38.5495 20.375 2
      vertex 38.5495 22.025 2
    endloop
  endfacet
  facet normal 0 0 1
    outer loop
      vertex 38.495 21.9434 2
      vertex 38.495 20.4566 2
      vertex 38.5495 20.375 2
    endloop
  endfacet
  facet normal -0 0 1
    outer loop
      vertex 38.4303 21.8697 2
      vertex 38.495 20.4566 2
      vertex 38.495 21.9434 2
    endloop
  endfacet
  facet normal 0 0 1
    outer loop
      vertex 38.4303 21.8697 2
      vertex 38.4303 20.5303 2
      vertex 38.495 20.4566 2
    endloop
  endfacet
  facet normal -0 0 1
    outer loop
      vertex 38.3566 21.805 2
      vertex 38.4303 20.5303 2
      vertex 38.4303 21.8697 2
    endloop
  endfacet
  facet normal 0 0 1
    outer loop
      vertex 38.3566 21.805 2
      vertex 38.3566 20.595 2
      vertex 38.4303 20.5303 2
    endloop
  endfacet
  facet normal -0 0 1
    outer loop
      vertex 38.275 21.7505 2
      vertex 38.3566 20.595 2
      vertex 38.3566 21.805 2
    endloop
  endfacet
  facet normal 0 0 1
    outer loop
      vertex 38.275 21.7505 2
      vertex 38.275 20.6495 2
      vertex 38.3566 20.595 2
    endloop
  endfacet
  facet normal -0 0 1
    outer loop
      vertex 38.187 21.7071 2
      vertex 38.275 20.6495 2
      vertex 38.275 21.7505 2
    endloop
  endfacet
  facet normal 0 0 1
    outer loop
      vertex 38.187 21.7071 2
      vertex 38.187 20.6929 2
      vertex 38.275 20.6495 2
    endloop
  endfacet
  facet normal -0 0 1
    outer loop
      vertex 38.0941 21.6756 2
      vertex 38.187 20.6929 2
      vertex 38.187 21.7071 2
    endloop
  endfacet
  facet normal 0 0 1
    outer loop
      vertex 38.0941 21.6756 2
      vertex 38.0941 20.7244 2
      vertex 38.187 20.6929 2
    endloop
  endfacet
  facet normal -0 0 1
    outer loop
      vertex 37.9979 21.6564 2
      vertex 38.0941 20.7244 2
      vertex 38.0941 21.6756 2
    endloop
  endfacet
  facet normal 0 0 1
    outer loop
      vertex 37.9979 21.6564 2
      vertex 37.9979 20.7436 2
      vertex 38.0941 20.7244 2
    endloop
  endfacet
  facet normal -0 0 1
    outer loop
      vertex 37.9 21.65 2
      vertex 37.9979 20.7436 2
      vertex 37.9979 21.6564 2
    endloop
  endfacet
  facet normal 0 0 1
    outer loop
      vertex 37.9 21.65 2
      vertex 37.9 20.75 2
      vertex 37.9979 20.7436 2
    endloop
  endfacet
  facet normal -0 0 1
    outer loop
      vertex 23.9 21.65 2
      vertex 37.9 20.75 2
      vertex 37.9 21.65 2
    endloop
  endfacet
  facet normal 0 0 1
    outer loop
      vertex 23.9 21.65 2
      vertex 23.9 20.75 2
      vertex 37.9 20.75 2
    endloop
  endfacet
  facet normal 0 0 1
    outer loop
      vertex 23.8021 21.6564 2
      vertex 23.9 20.75 2
      vertex 23.9 21.65 2
    endloop
  endfacet
  facet normal 0 0 1
    outer loop
      vertex 23.8021 21.6564 2
      vertex 23.8021 20.7436 2
      vertex 23.9 20.75 2
    endloop
  endfacet
  facet normal 0 0 1
    outer loop
      vertex 23.7059 21.6756 2
      vertex 23.8021 20.7436 2
      vertex 23.8021 21.6564 2
    endloop
  endfacet
  facet normal 0 0 1
    outer loop
      vertex 23.7059 21.6756 2
      vertex 23.7059 20.7244 2
      vertex 23.8021 20.7436 2
    endloop
  endfacet
  facet normal 0 0 1
    outer loop
      vertex 23.613 21.7071 2
      vertex 23.7059 20.7244 2
      vertex 23.7059 21.6756 2
    endloop
  endfacet
  facet normal 0 0 1
    outer loop
      vertex 23.613 21.7071 2
      vertex 23.613 20.6929 2
      vertex 23.7059 20.7244 2
    endloop
  endfacet
  facet normal 0 0 1
    outer loop
      vertex 23.525 21.7505 2
      vertex 23.613 20.6929 2
      vertex 23.613 21.7071 2
    endloop
  endfacet
  facet normal 0 0 1
    outer loop
      vertex 23.525 21.7505 2
      vertex 23.525 20.6495 2
      vertex 23.613 20.6929 2
    endloop
  endfacet
  facet normal 0 0 1
    outer loop
      vertex 23.4434 21.805 2
      vertex 23.525 20.6495 2
      vertex 23.525 21.7505 2
    endloop
  endfacet
  facet normal 0 0 1
    outer loop
      vertex 23.4434 21.805 2
      vertex 23.4434 20.595 2
      vertex 23.525 20.6495 2
    endloop
  endfacet
  facet normal 0 0 1
    outer loop
      vertex 23.3697 21.8697 2
      vertex 23.4434 20.595 2
      vertex 23.4434 21.805 2
    endloop
  endfacet
  facet normal 0 0 1
    outer loop
      vertex 23.3697 21.8697 2
      vertex 23.3697 20.5303 2
      vertex 23.4434 20.595 2
    endloop
  endfacet
  facet normal 0 0 1
    outer loop
      vertex 23.305 21.9434 2
      vertex 23.3697 20.5303 2
      vertex 23.3697 21.8697 2
    endloop
  endfacet
  facet normal 0 0 1
    outer loop
      vertex 23.305 21.9434 2
      vertex 23.305 20.4566 2
      vertex 23.3697 20.5303 2
    endloop
  endfacet
  facet normal 0 0 1
    outer loop
      vertex 23.2505 22.025 2
      vertex 23.305 20.4566 2
      vertex 23.305 21.9434 2
    endloop
  endfacet
  facet normal 0 0 1
    outer loop
      vertex 23.2505 22.025 2
      vertex 23.2505 20.375 2
      vertex 23.305 20.4566 2
    endloop
  endfacet
  facet normal 0 0 1
    outer loop
      vertex 23.2071 22.113 2
      vertex 23.2505 20.375 2
      vertex 23.2505 22.025 2
    endloop
  endfacet
  facet normal 0 0 1
    outer loop
      vertex 23.2071 22.113 2
      vertex 23.2071 20.287 2
      vertex 23.2505 20.375 2
    endloop
  endfacet
  facet normal 0 0 1
    outer loop
      vertex 23.1756 22.2059 2
      vertex 23.2071 20.287 2
      vertex 23.2071 22.113 2
    endloop
  endfacet
  facet normal 0 0 1
    outer loop
      vertex 23.1756 22.2059 2
      vertex 23.1756 20.1941 2
      vertex 23.2071 20.287 2
    endloop
  endfacet
  facet normal 0 0 1
    outer loop
      vertex 23.1564 22.3021 2
      vertex 23.1756 20.1941 2
      vertex 23.1756 22.2059 2
    endloop
  endfacet
  facet normal 0 0 1
    outer loop
      vertex 23.1564 22.3021 2
      vertex 23.1564 20.0979 2
      vertex 23.1756 20.1941 2
    endloop
  endfacet
  facet normal -0 0 1
    outer loop
      vertex 8.25574 29.275 2
      vertex 23.2071 22.687 2
      vertex 8.33962 29.4451 2
    endloop
  endfacet
  facet normal 0 0 1
    outer loop
      vertex 23.2071 22.687 2
      vertex 8.25574 29.275 2
      vertex 23.1756 22.5941 2
    endloop
  endfacet
  facet normal 0 0 1
    outer loop
      vertex 66.3396 29.4451 2
      vertex 68.55 32.75 2
      vertex 66.4006 29.6247 2
    endloop
  endfacet
  facet normal 0 0 1
    outer loop
      vertex 68.55 4.24998 2
      vertex 66.4376 7.18926 2
      vertex 66.45 7 2
    endloop
  endfacet
  facet normal 0 0 1
    outer loop
      vertex 66.2557 29.275 2
      vertex 68.55 32.75 2
      vertex 66.3396 29.4451 2
    endloop
  endfacet
  facet normal 0 0 1
    outer loop
      vertex 68.55 4.24998 2
      vertex 66.4006 7.37529 2
      vertex 66.4376 7.18926 2
    endloop
  endfacet
  facet normal 0 0 1
    outer loop
      vertex 68.55 32.75 2
      vertex 66.2557 29.275 2
      vertex 68.55 4.24998 2
    endloop
  endfacet
  facet normal 0 0 1
    outer loop
      vertex 68.55 4.24998 2
      vertex 66.3396 7.55489 2
      vertex 66.4006 7.37529 2
    endloop
  endfacet
  facet normal -0 0 1
    outer loop
      vertex 66.2557 7.725 2
      vertex 68.55 4.24998 2
      vertex 66.2557 29.275 2
    endloop
  endfacet
  facet normal 0 0 1
    outer loop
      vertex 68.55 4.24998 2
      vertex 66.2557 7.725 2
      vertex 66.3396 7.55489 2
    endloop
  endfacet
  facet normal -0 0 1
    outer loop
      vertex 66.1504 29.1173 2
      vertex 66.2557 7.725 2
      vertex 66.2557 29.275 2
    endloop
  endfacet
  facet normal 0 0 1
    outer loop
      vertex 66.1504 29.1173 2
      vertex 66.1504 7.8827 2
      vertex 66.2557 7.725 2
    endloop
  endfacet
  facet normal -0 0 1
    outer loop
      vertex 66.0253 28.9747 2
      vertex 66.1504 7.8827 2
      vertex 66.1504 29.1173 2
    endloop
  endfacet
  facet normal 0 0 1
    outer loop
      vertex 66.0253 28.9747 2
      vertex 66.0253 8.0253 2
      vertex 66.1504 7.8827 2
    endloop
  endfacet
  facet normal -0 0 1
    outer loop
      vertex 65.8827 28.8496 2
      vertex 66.0253 8.0253 2
      vertex 66.0253 28.9747 2
    endloop
  endfacet
  facet normal 0 0 1
    outer loop
      vertex 65.8827 28.8496 2
      vertex 65.8827 8.15036 2
      vertex 66.0253 8.0253 2
    endloop
  endfacet
  facet normal -0 0 1
    outer loop
      vertex 65.725 28.7443 2
      vertex 65.8827 8.15036 2
      vertex 65.8827 28.8496 2
    endloop
  endfacet
  facet normal 0 0 1
    outer loop
      vertex 65.725 28.7443 2
      vertex 65.725 8.25574 2
      vertex 65.8827 8.15036 2
    endloop
  endfacet
  facet normal -0 0 1
    outer loop
      vertex 65.5549 28.6604 2
      vertex 65.725 8.25574 2
      vertex 65.725 28.7443 2
    endloop
  endfacet
  facet normal 0 0 1
    outer loop
      vertex 65.5549 28.6604 2
      vertex 65.5549 8.33962 2
      vertex 65.725 8.25574 2
    endloop
  endfacet
  facet normal -0 0 1
    outer loop
      vertex 65.3753 28.5994 2
      vertex 65.5549 8.33962 2
      vertex 65.5549 28.6604 2
    endloop
  endfacet
  facet normal 0 0 1
    outer loop
      vertex 65.3753 28.5994 2
      vertex 65.3753 8.40059 2
      vertex 65.5549 8.33962 2
    endloop
  endfacet
  facet normal -0 0 1
    outer loop
      vertex 65.1893 28.5624 2
      vertex 65.3753 8.40059 2
      vertex 65.3753 28.5994 2
    endloop
  endfacet
  facet normal 0 0 1
    outer loop
      vertex 65.1893 28.5624 2
      vertex 65.1893 8.43759 2
      vertex 65.3753 8.40059 2
    endloop
  endfacet
  facet normal -0 0 1
    outer loop
      vertex 65 28.55 2
      vertex 65.1893 8.43759 2
      vertex 65.1893 28.5624 2
    endloop
  endfacet
  facet normal 0 0 1
    outer loop
      vertex 65 28.55 2
      vertex 65 8.45 2
      vertex 65.1893 8.43759 2
    endloop
  endfacet
  facet normal 0 0 1
    outer loop
      vertex 64.8107 28.5624 2
      vertex 65 8.45 2
      vertex 65 28.55 2
    endloop
  endfacet
  facet normal 0 0 1
    outer loop
      vertex 64.8107 28.5624 2
      vertex 64.8107 8.43759 2
      vertex 65 8.45 2
    endloop
  endfacet
  facet normal 0 0 1
    outer loop
      vertex 64.6247 28.5994 2
      vertex 64.8107 8.43759 2
      vertex 64.8107 28.5624 2
    endloop
  endfacet
  facet normal 0 0 1
    outer loop
      vertex 64.6247 28.5994 2
      vertex 64.6247 8.40059 2
      vertex 64.8107 8.43759 2
    endloop
  endfacet
  facet normal 0 0 1
    outer loop
      vertex 64.4451 28.6604 2
      vertex 64.6247 8.40059 2
      vertex 64.6247 28.5994 2
    endloop
  endfacet
  facet normal 0 0 1
    outer loop
      vertex 64.4451 28.6604 2
      vertex 64.4451 8.33962 2
      vertex 64.6247 8.40059 2
    endloop
  endfacet
  facet normal 0 0 1
    outer loop
      vertex 64.275 28.7443 2
      vertex 64.4451 8.33962 2
      vertex 64.4451 28.6604 2
    endloop
  endfacet
  facet normal 0 0 1
    outer loop
      vertex 64.275 28.7443 2
      vertex 64.275 8.25574 2
      vertex 64.4451 8.33962 2
    endloop
  endfacet
  facet normal 0 0 1
    outer loop
      vertex 64.1173 28.8496 2
      vertex 64.275 8.25574 2
      vertex 64.275 28.7443 2
    endloop
  endfacet
  facet normal 0 0 1
    outer loop
      vertex 64.1173 28.8496 2
      vertex 64.1173 8.15036 2
      vertex 64.275 8.25574 2
    endloop
  endfacet
  facet normal 0 0 1
    outer loop
      vertex 63.9747 28.9747 2
      vertex 64.1173 8.15036 2
      vertex 64.1173 28.8496 2
    endloop
  endfacet
  facet normal 0 0 1
    outer loop
      vertex 63.9747 28.9747 2
      vertex 63.9747 8.0253 2
      vertex 64.1173 8.15036 2
    endloop
  endfacet
  facet normal 0 0 1
    outer loop
      vertex 38.65 20 2
      vertex 63.9747 28.9747 2
      vertex 63.8496 29.1173 2
    endloop
  endfacet
  facet normal 0 0 1
    outer loop
      vertex 63.9747 28.9747 2
      vertex 38.65 17.6 2
      vertex 63.9747 8.0253 2
    endloop
  endfacet
  facet normal 0 0 1
    outer loop
      vertex 38.65 22.4 2
      vertex 63.8496 29.1173 2
      vertex 63.7443 29.275 2
    endloop
  endfacet
  facet normal 0 0 1
    outer loop
      vertex 63.9747 8.0253 2
      vertex 38.65 17.6 2
      vertex 63.8496 7.8827 2
    endloop
  endfacet
  facet normal 0 0 1
    outer loop
      vertex 38.6436 22.4979 2
      vertex 63.7443 29.275 2
      vertex 63.6604 29.4451 2
    endloop
  endfacet
  facet normal -0 0 1
    outer loop
      vertex 38.6436 17.5021 2
      vertex 63.8496 7.8827 2
      vertex 38.65 17.6 2
    endloop
  endfacet
  facet normal 0 0 1
    outer loop
      vertex 38.6244 22.5941 2
      vertex 63.6604 29.4451 2
      vertex 63.5994 29.6247 2
    endloop
  endfacet
  facet normal 0 0 1
    outer loop
      vertex 63.8496 7.8827 2
      vertex 38.65 15.2 2
      vertex 63.7443 7.725 2
    endloop
  endfacet
  facet normal 0 0 1
    outer loop
      vertex 38.5929 22.687 2
      vertex 63.5994 29.6247 2
      vertex 63.5624 29.8107 2
    endloop
  endfacet
  facet normal -0 0 1
    outer loop
      vertex 38.6436 15.1021 2
      vertex 63.7443 7.725 2
      vertex 38.65 15.2 2
    endloop
  endfacet
  facet normal 0 0 1
    outer loop
      vertex 38.5495 22.775 2
      vertex 63.5624 29.8107 2
      vertex 63.55 30 2
    endloop
  endfacet
  facet normal 0 0 1
    outer loop
      vertex 63.7443 7.725 2
      vertex 38.65 12.8 2
      vertex 63.6604 7.55489 2
    endloop
  endfacet
  facet normal 0 0 1
    outer loop
      vertex 67.75 33.55 2
      vertex 68.55 32.75 2
      vertex 68.5432 32.8544 2
    endloop
  endfacet
  facet normal 0 0 1
    outer loop
      vertex 66.4376 29.8107 2
      vertex 68.55 32.75 2
      vertex 66.45 30 2
    endloop
  endfacet
  facet normal 0 0 1
    outer loop
      vertex 67.75 33.55 2
      vertex 68.5432 32.8544 2
      vertex 68.5227 32.957 2
    endloop
  endfacet
  facet normal 0 0 1
    outer loop
      vertex 66.4006 29.6247 2
      vertex 68.55 32.75 2
      vertex 66.4376 29.8107 2
    endloop
  endfacet
  facet normal 0 0 1
    outer loop
      vertex 67.75 33.55 2
      vertex 68.5227 32.957 2
      vertex 68.4891 33.0561 2
    endloop
  endfacet
  facet normal -0 0 1
    outer loop
      vertex 66.4376 6.81074 2
      vertex 68.55 4.24998 2
      vertex 66.45 7 2
    endloop
  endfacet
  facet normal 0 0 1
    outer loop
      vertex 67.75 33.55 2
      vertex 68.4891 33.0561 2
      vertex 68.4428 33.15 2
    endloop
  endfacet
  facet normal -0 0 1
    outer loop
      vertex 66.4006 6.62471 2
      vertex 68.55 4.24998 2
      vertex 66.4376 6.81074 2
    endloop
  endfacet
  facet normal 0 0 1
    outer loop
      vertex 67.75 33.55 2
      vertex 68.4428 33.15 2
      vertex 68.3847 33.237 2
    endloop
  endfacet
  facet normal -0 0 1
    outer loop
      vertex 66.3396 6.44511 2
      vertex 68.55 4.24998 2
      vertex 66.4006 6.62471 2
    endloop
  endfacet
  facet normal 0 0 1
    outer loop
      vertex 67.75 33.55 2
      vertex 68.3847 33.237 2
      vertex 68.3157 33.3157 2
    endloop
  endfacet
  facet normal -0 0 1
    outer loop
      vertex 66.2557 6.275 2
      vertex 68.55 4.24998 2
      vertex 66.3396 6.44511 2
    endloop
  endfacet
  facet normal 0 0 1
    outer loop
      vertex 67.75 33.55 2
      vertex 68.3157 33.3157 2
      vertex 68.237 33.3847 2
    endloop
  endfacet
  facet normal -0 0 1
    outer loop
      vertex 66.1504 6.1173 2
      vertex 68.55 4.24998 2
      vertex 66.2557 6.275 2
    endloop
  endfacet
  facet normal 0 0 1
    outer loop
      vertex 67.75 33.55 2
      vertex 68.237 33.3847 2
      vertex 68.15 33.4428 2
    endloop
  endfacet
  facet normal -0 0 1
    outer loop
      vertex 66.0253 5.97469 2
      vertex 68.55 4.24998 2
      vertex 66.1504 6.1173 2
    endloop
  endfacet
  facet normal 0 0 1
    outer loop
      vertex 67.75 33.55 2
      vertex 68.15 33.4428 2
      vertex 68.0561 33.4891 2
    endloop
  endfacet
  facet normal 0 -0 1
    outer loop
      vertex 67.75 3.45 2
      vertex 68.55 4.24998 2
      vertex 66.0253 5.97469 2
    endloop
  endfacet
  facet normal 0 0 1
    outer loop
      vertex 67.75 33.55 2
      vertex 68.0561 33.4891 2
      vertex 67.957 33.5227 2
    endloop
  endfacet
  facet normal 0 0 1
    outer loop
      vertex 68.55 4.24998 2
      vertex 67.75 3.45 2
      vertex 68.5432 4.14557 2
    endloop
  endfacet
  facet normal 0 0 1
    outer loop
      vertex 67.75 33.55 2
      vertex 67.957 33.5227 2
      vertex 67.8544 33.5432 2
    endloop
  endfacet
  facet normal 0 0 1
    outer loop
      vertex 68.5432 4.14557 2
      vertex 67.75 3.45 2
      vertex 68.5227 4.04294 2
    endloop
  endfacet
  facet normal 0 0 1
    outer loop
      vertex 68.55 32.75 2
      vertex 67.75 33.55 2
      vertex 66.0253 31.0253 2
    endloop
  endfacet
  facet normal 0 0 1
    outer loop
      vertex 68.4891 3.94385 2
      vertex 67.75 3.45 2
      vertex 68.4428 3.84999 2
    endloop
  endfacet
  facet normal 0 0 1
    outer loop
      vertex 68.4428 3.84999 2
      vertex 67.75 3.45 2
      vertex 68.3847 3.76299 2
    endloop
  endfacet
  facet normal 0 0 1
    outer loop
      vertex 68.55 32.75 2
      vertex 66.4376 30.1893 2
      vertex 66.45 30 2
    endloop
  endfacet
  facet normal 0 0 1
    outer loop
      vertex 68.55 32.75 2
      vertex 66.4006 30.3753 2
      vertex 66.4376 30.1893 2
    endloop
  endfacet
  facet normal 0 0 1
    outer loop
      vertex 68.55 32.75 2
      vertex 66.3396 30.5549 2
      vertex 66.4006 30.3753 2
    endloop
  endfacet
  facet normal 0 0 1
    outer loop
      vertex 68.55 32.75 2
      vertex 66.2557 30.725 2
      vertex 66.3396 30.5549 2
    endloop
  endfacet
  facet normal 0 0 1
    outer loop
      vertex 68.55 32.75 2
      vertex 66.1504 30.8827 2
      vertex 66.2557 30.725 2
    endloop
  endfacet
  facet normal 0 0 1
    outer loop
      vertex 68.55 32.75 2
      vertex 66.0253 31.0253 2
      vertex 66.1504 30.8827 2
    endloop
  endfacet
  facet normal 0 0 1
    outer loop
      vertex 67.75 33.55 2
      vertex 65.8827 31.1504 2
      vertex 66.0253 31.0253 2
    endloop
  endfacet
  facet normal 0 0 1
    outer loop
      vertex 67.75 33.55 2
      vertex 65.725 31.2557 2
      vertex 65.8827 31.1504 2
    endloop
  endfacet
  facet normal 0 0 1
    outer loop
      vertex 67.75 33.55 2
      vertex 65.5549 31.3396 2
      vertex 65.725 31.2557 2
    endloop
  endfacet
  facet normal 0 0 1
    outer loop
      vertex 67.75 33.55 2
      vertex 65.3753 31.4006 2
      vertex 65.5549 31.3396 2
    endloop
  endfacet
  facet normal 0 0 1
    outer loop
      vertex 67.75 33.55 2
      vertex 65.1893 31.4376 2
      vertex 65.3753 31.4006 2
    endloop
  endfacet
  facet normal 0 0 1
    outer loop
      vertex 67.75 33.55 2
      vertex 65 31.45 2
      vertex 65.1893 31.4376 2
    endloop
  endfacet
  facet normal 0 0 1
    outer loop
      vertex 67.75 33.55 2
      vertex 64.8107 31.4376 2
      vertex 65 31.45 2
    endloop
  endfacet
  facet normal 0 0 1
    outer loop
      vertex 67.75 33.55 2
      vertex 64.6247 31.4006 2
      vertex 64.8107 31.4376 2
    endloop
  endfacet
  facet normal 0 0 1
    outer loop
      vertex 67.75 33.55 2
      vertex 64.4451 31.3396 2
      vertex 64.6247 31.4006 2
    endloop
  endfacet
  facet normal 0 0 1
    outer loop
      vertex 67.75 33.55 2
      vertex 64.275 31.2557 2
      vertex 64.4451 31.3396 2
    endloop
  endfacet
  facet normal 0 0 1
    outer loop
      vertex 38.6436 22.3021 2
      vertex 63.8496 29.1173 2
      vertex 38.65 22.4 2
    endloop
  endfacet
  facet normal 0 0 1
    outer loop
      vertex 38.495 22.8566 2
      vertex 63.55 30 2
      vertex 63.5624 30.1893 2
    endloop
  endfacet
  facet normal 0 0 1
    outer loop
      vertex 38.4303 22.9303 2
      vertex 63.5624 30.1893 2
      vertex 63.5994 30.3753 2
    endloop
  endfacet
  facet normal 0 0 1
    outer loop
      vertex 38.3566 22.995 2
      vertex 63.5994 30.3753 2
      vertex 63.6604 30.5549 2
    endloop
  endfacet
  facet normal 0 0 1
    outer loop
      vertex 38.275 23.0495 2
      vertex 63.6604 30.5549 2
      vertex 63.7443 30.725 2
    endloop
  endfacet
  facet normal 0 0 1
    outer loop
      vertex 38.187 23.0929 2
      vertex 63.7443 30.725 2
      vertex 63.8496 30.8827 2
    endloop
  endfacet
  facet normal 0 0 1
    outer loop
      vertex 38.0941 23.1244 2
      vertex 63.8496 30.8827 2
      vertex 63.9747 31.0253 2
    endloop
  endfacet
  facet normal 0 0 1
    outer loop
      vertex 37.9979 23.1436 2
      vertex 63.9747 31.0253 2
      vertex 64.1173 31.1504 2
    endloop
  endfacet
  facet normal 0 0 1
    outer loop
      vertex 37.9 23.15 2
      vertex 64.1173 31.1504 2
      vertex 64.275 31.2557 2
    endloop
  endfacet
  facet normal 0 0 1
    outer loop
      vertex 7.725 31.2557 2
      vertex 64.275 31.2557 2
      vertex 67.75 33.55 2
    endloop
  endfacet
  facet normal 0 0 1
    outer loop
      vertex 63.7443 29.275 2
      vertex 38.6436 22.4979 2
      vertex 38.65 22.4 2
    endloop
  endfacet
  facet normal 0 0 1
    outer loop
      vertex 63.6604 29.4451 2
      vertex 38.6244 22.5941 2
      vertex 38.6436 22.4979 2
    endloop
  endfacet
  facet normal 0 0 1
    outer loop
      vertex 63.5994 29.6247 2
      vertex 38.5929 22.687 2
      vertex 38.6244 22.5941 2
    endloop
  endfacet
  facet normal 0 0 1
    outer loop
      vertex 63.5624 29.8107 2
      vertex 38.5495 22.775 2
      vertex 38.5929 22.687 2
    endloop
  endfacet
  facet normal 0 0 1
    outer loop
      vertex 63.55 30 2
      vertex 38.495 22.8566 2
      vertex 38.5495 22.775 2
    endloop
  endfacet
  facet normal 0 0 1
    outer loop
      vertex 63.5624 30.1893 2
      vertex 38.4303 22.9303 2
      vertex 38.495 22.8566 2
    endloop
  endfacet
  facet normal 0 0 1
    outer loop
      vertex 63.5994 30.3753 2
      vertex 38.3566 22.995 2
      vertex 38.4303 22.9303 2
    endloop
  endfacet
  facet normal 0 0 1
    outer loop
      vertex 63.6604 30.5549 2
      vertex 38.275 23.0495 2
      vertex 38.3566 22.995 2
    endloop
  endfacet
  facet normal 0 0 1
    outer loop
      vertex 63.7443 30.725 2
      vertex 38.187 23.0929 2
      vertex 38.275 23.0495 2
    endloop
  endfacet
  facet normal 0 0 1
    outer loop
      vertex 63.8496 30.8827 2
      vertex 38.0941 23.1244 2
      vertex 38.187 23.0929 2
    endloop
  endfacet
  facet normal 0 0 1
    outer loop
      vertex 63.9747 31.0253 2
      vertex 37.9979 23.1436 2
      vertex 38.0941 23.1244 2
    endloop
  endfacet
  facet normal 0 0 1
    outer loop
      vertex 64.1173 31.1504 2
      vertex 37.9 23.15 2
      vertex 37.9979 23.1436 2
    endloop
  endfacet
  facet normal 0 0 1
    outer loop
      vertex 64.275 31.2557 2
      vertex 7.725 31.2557 2
      vertex 37.9 23.15 2
    endloop
  endfacet
  facet normal 0 0 1
    outer loop
      vertex 37.9 23.15 2
      vertex 7.8827 31.1504 2
      vertex 23.9 23.15 2
    endloop
  endfacet
  facet normal -0 -0 1
    outer loop
      vertex 8.0253 31.0253 2
      vertex 23.9 23.15 2
      vertex 7.8827 31.1504 2
    endloop
  endfacet
  facet normal -0 0 1
    outer loop
      vertex 8.15036 29.1173 2
      vertex 23.1756 22.5941 2
      vertex 8.25574 29.275 2
    endloop
  endfacet
  facet normal 0 0 1
    outer loop
      vertex 23.1564 22.4979 2
      vertex 8.0253 28.9747 2
      vertex 23.15 22.4 2
    endloop
  endfacet
  facet normal -0 0 1
    outer loop
      vertex 7.8827 28.8496 2
      vertex 23.15 22.4 2
      vertex 8.0253 28.9747 2
    endloop
  endfacet
  facet normal 0 0 1
    outer loop
      vertex 23.1564 15.2979 2
      vertex 8.45 7 2
      vertex 23.15 15.2 2
    endloop
  endfacet
  facet normal 0 0 1
    outer loop
      vertex 23.2505 22.775 2
      vertex 8.33962 29.4451 2
      vertex 23.2071 22.687 2
    endloop
  endfacet
  facet normal -0 0 1
    outer loop
      vertex 8.33962 29.4451 2
      vertex 23.2505 22.775 2
      vertex 8.40059 29.6247 2
    endloop
  endfacet
  facet normal 0 0 1
    outer loop
      vertex 23.305 22.8566 2
      vertex 8.40059 29.6247 2
      vertex 23.2505 22.775 2
    endloop
  endfacet
  facet normal -0 0 1
    outer loop
      vertex 8.40059 29.6247 2
      vertex 23.305 22.8566 2
      vertex 8.43759 29.8107 2
    endloop
  endfacet
  facet normal 0 0 1
    outer loop
      vertex 23.3697 22.9303 2
      vertex 8.43759 29.8107 2
      vertex 23.305 22.8566 2
    endloop
  endfacet
  facet normal -0 0 1
    outer loop
      vertex 8.43759 29.8107 2
      vertex 23.3697 22.9303 2
      vertex 8.45 30 2
    endloop
  endfacet
  facet normal 0 0 1
    outer loop
      vertex 23.4434 22.995 2
      vertex 8.45 30 2
      vertex 23.3697 22.9303 2
    endloop
  endfacet
  facet normal 0 0 1
    outer loop
      vertex 8.43759 30.1893 2
      vertex 23.4434 22.995 2
      vertex 23.525 23.0495 2
    endloop
  endfacet
  facet normal 0 0 1
    outer loop
      vertex 8.40059 30.3753 2
      vertex 23.525 23.0495 2
      vertex 23.613 23.0929 2
    endloop
  endfacet
  facet normal 0 0 1
    outer loop
      vertex 8.33962 30.5549 2
      vertex 23.613 23.0929 2
      vertex 23.7059 23.1244 2
    endloop
  endfacet
  facet normal -0 -0 1
    outer loop
      vertex 8.15036 30.8827 2
      vertex 23.9 23.15 2
      vertex 8.0253 31.0253 2
    endloop
  endfacet
  facet normal 0 0 1
    outer loop
      vertex 23.4434 22.995 2
      vertex 8.43759 30.1893 2
      vertex 8.45 30 2
    endloop
  endfacet
  facet normal 0 0 1
    outer loop
      vertex 23.525 23.0495 2
      vertex 8.40059 30.3753 2
      vertex 8.43759 30.1893 2
    endloop
  endfacet
  facet normal 0 0 1
    outer loop
      vertex 23.613 23.0929 2
      vertex 8.33962 30.5549 2
      vertex 8.40059 30.3753 2
    endloop
  endfacet
  facet normal 0 0 1
    outer loop
      vertex 23.7059 23.1244 2
      vertex 8.25574 30.725 2
      vertex 8.33962 30.5549 2
    endloop
  endfacet
  facet normal 0 0 1
    outer loop
      vertex 23.8021 23.1436 2
      vertex 8.25574 30.725 2
      vertex 23.7059 23.1244 2
    endloop
  endfacet
  facet normal -0 -0 1
    outer loop
      vertex 8.25574 30.725 2
      vertex 23.8021 23.1436 2
      vertex 8.15036 30.8827 2
    endloop
  endfacet
  facet normal 0 0 1
    outer loop
      vertex 23.9 23.15 2
      vertex 8.15036 30.8827 2
      vertex 23.8021 23.1436 2
    endloop
  endfacet
  facet normal 0 0 1
    outer loop
      vertex 37.9 23.15 2
      vertex 7.725 31.2557 2
      vertex 7.8827 31.1504 2
    endloop
  endfacet
  facet normal -0 0 1
    outer loop
      vertex 4.24998 33.55 2
      vertex 7.725 31.2557 2
      vertex 67.75 33.55 2
    endloop
  endfacet
  facet normal 0 0 1
    outer loop
      vertex 7.725 31.2557 2
      vertex 4.24998 33.55 2
      vertex 7.55489 31.3396 2
    endloop
  endfacet
  facet normal 0 0 1
    outer loop
      vertex 7.55489 31.3396 2
      vertex 4.24998 33.55 2
      vertex 7.37529 31.4006 2
    endloop
  endfacet
  facet normal 0 0 1
    outer loop
      vertex 7.37529 31.4006 2
      vertex 4.24998 33.55 2
      vertex 7.18926 31.4376 2
    endloop
  endfacet
  facet normal 0 0 1
    outer loop
      vertex 5.5624 30.1893 2
      vertex 3.45 32.75 2
      vertex 5.55 30 2
    endloop
  endfacet
  facet normal 0 0 1
    outer loop
      vertex 5.59941 30.3753 2
      vertex 3.45 32.75 2
      vertex 5.5624 30.1893 2
    endloop
  endfacet
  facet normal 0 0 1
    outer loop
      vertex 5.66037 30.5549 2
      vertex 3.45 32.75 2
      vertex 5.59941 30.3753 2
    endloop
  endfacet
  facet normal 0 0 1
    outer loop
      vertex 5.74426 30.725 2
      vertex 3.45 32.75 2
      vertex 5.66037 30.5549 2
    endloop
  endfacet
  facet normal 0 0 1
    outer loop
      vertex 5.84964 30.8827 2
      vertex 3.45 32.75 2
      vertex 5.74426 30.725 2
    endloop
  endfacet
  facet normal 0 0 1
    outer loop
      vertex 5.97469 31.0253 2
      vertex 3.45 32.75 2
      vertex 5.84964 30.8827 2
    endloop
  endfacet
  facet normal -0 0 1
    outer loop
      vertex 3.45 32.75 2
      vertex 5.97469 31.0253 2
      vertex 4.24998 33.55 2
    endloop
  endfacet
  facet normal 0 0 1
    outer loop
      vertex 6.1173 31.1504 2
      vertex 4.24998 33.55 2
      vertex 5.97469 31.0253 2
    endloop
  endfacet
  facet normal 0 0 1
    outer loop
      vertex 6.275 31.2557 2
      vertex 4.24998 33.55 2
      vertex 6.1173 31.1504 2
    endloop
  endfacet
  facet normal 0 0 1
    outer loop
      vertex 6.44511 31.3396 2
      vertex 4.24998 33.55 2
      vertex 6.275 31.2557 2
    endloop
  endfacet
  facet normal 0 0 1
    outer loop
      vertex 6.62471 31.4006 2
      vertex 4.24998 33.55 2
      vertex 6.44511 31.3396 2
    endloop
  endfacet
  facet normal 0 0 1
    outer loop
      vertex 6.81074 31.4376 2
      vertex 4.24998 33.55 2
      vertex 6.62471 31.4006 2
    endloop
  endfacet
  facet normal 0 0 1
    outer loop
      vertex 7 31.45 2
      vertex 4.24998 33.55 2
      vertex 6.81074 31.4376 2
    endloop
  endfacet
  facet normal 0 0 1
    outer loop
      vertex 7.18926 31.4376 2
      vertex 4.24998 33.55 2
      vertex 7 31.45 2
    endloop
  endfacet
  facet normal 0 0 1
    outer loop
      vertex 68.3847 3.76299 2
      vertex 67.75 3.45 2
      vertex 68.3157 3.68431 2
    endloop
  endfacet
  facet normal 0 0 1
    outer loop
      vertex 68.3157 3.68431 2
      vertex 67.75 3.45 2
      vertex 68.237 3.61531 2
    endloop
  endfacet
  facet normal 0 0 1
    outer loop
      vertex 68.237 3.61531 2
      vertex 67.75 3.45 2
      vertex 68.15 3.55717 2
    endloop
  endfacet
  facet normal 0 0 1
    outer loop
      vertex 68.15 3.55717 2
      vertex 67.75 3.45 2
      vertex 68.0561 3.51088 2
    endloop
  endfacet
  facet normal 0 0 1
    outer loop
      vertex 67.957 3.47725 2
      vertex 67.75 3.45 2
      vertex 67.8544 3.45683 2
    endloop
  endfacet
  facet normal 0 0 1
    outer loop
      vertex 68.0561 3.51088 2
      vertex 67.75 3.45 2
      vertex 67.957 3.47725 2
    endloop
  endfacet
  facet normal 0 0 1
    outer loop
      vertex 68.5227 4.04294 2
      vertex 67.75 3.45 2
      vertex 68.4891 3.94385 2
    endloop
  endfacet
  facet normal -0 0 1
    outer loop
      vertex 65.8827 5.84964 2
      vertex 67.75 3.45 2
      vertex 66.0253 5.97469 2
    endloop
  endfacet
  facet normal -0 0 1
    outer loop
      vertex 65.725 5.74426 2
      vertex 67.75 3.45 2
      vertex 65.8827 5.84964 2
    endloop
  endfacet
  facet normal -0 0 1
    outer loop
      vertex 65.5549 5.66037 2
      vertex 67.75 3.45 2
      vertex 65.725 5.74426 2
    endloop
  endfacet
  facet normal -0 0 1
    outer loop
      vertex 65.3753 5.59941 2
      vertex 67.75 3.45 2
      vertex 65.5549 5.66037 2
    endloop
  endfacet
  facet normal -0 0 1
    outer loop
      vertex 65.1893 5.5624 2
      vertex 67.75 3.45 2
      vertex 65.3753 5.59941 2
    endloop
  endfacet
  facet normal -0 0 1
    outer loop
      vertex 65 5.55 2
      vertex 67.75 3.45 2
      vertex 65.1893 5.5624 2
    endloop
  endfacet
  facet normal 0 0 1
    outer loop
      vertex 64.8107 5.5624 2
      vertex 67.75 3.45 2
      vertex 65 5.55 2
    endloop
  endfacet
  facet normal 0 0 1
    outer loop
      vertex 64.6247 5.59941 2
      vertex 67.75 3.45 2
      vertex 64.8107 5.5624 2
    endloop
  endfacet
  facet normal 0 0 1
    outer loop
      vertex 64.4451 5.66037 2
      vertex 67.75 3.45 2
      vertex 64.6247 5.59941 2
    endloop
  endfacet
  facet normal 0 0 1
    outer loop
      vertex 64.275 5.74426 2
      vertex 67.75 3.45 2
      vertex 64.4451 5.66037 2
    endloop
  endfacet
  facet normal 0 0 1
    outer loop
      vertex 38.6436 19.9021 2
      vertex 63.9747 28.9747 2
      vertex 38.65 20 2
    endloop
  endfacet
  facet normal -0 0 1
    outer loop
      vertex 38.6436 12.7021 2
      vertex 63.6604 7.55489 2
      vertex 38.65 12.8 2
    endloop
  endfacet
  facet normal 0 0 1
    outer loop
      vertex 63.6604 7.55489 2
      vertex 38.6436 12.7021 2
      vertex 63.5994 7.37529 2
    endloop
  endfacet
  facet normal -0 0 1
    outer loop
      vertex 38.6244 12.6059 2
      vertex 63.5994 7.37529 2
      vertex 38.6436 12.7021 2
    endloop
  endfacet
  facet normal 0 0 1
    outer loop
      vertex 63.5994 7.37529 2
      vertex 38.6244 12.6059 2
      vertex 63.5624 7.18926 2
    endloop
  endfacet
  facet normal -0 0 1
    outer loop
      vertex 38.5929 12.513 2
      vertex 63.5624 7.18926 2
      vertex 38.6244 12.6059 2
    endloop
  endfacet
  facet normal 0 0 1
    outer loop
      vertex 63.5624 7.18926 2
      vertex 38.5929 12.513 2
      vertex 63.55 7 2
    endloop
  endfacet
  facet normal -0 0 1
    outer loop
      vertex 38.5495 12.425 2
      vertex 63.55 7 2
      vertex 38.5929 12.513 2
    endloop
  endfacet
  facet normal 0 0 1
    outer loop
      vertex 63.55 7 2
      vertex 38.5495 12.425 2
      vertex 63.5624 6.81074 2
    endloop
  endfacet
  facet normal -0 0 1
    outer loop
      vertex 38.495 12.3434 2
      vertex 63.5624 6.81074 2
      vertex 38.5495 12.425 2
    endloop
  endfacet
  facet normal 0 0 1
    outer loop
      vertex 63.5624 6.81074 2
      vertex 38.495 12.3434 2
      vertex 63.5994 6.62471 2
    endloop
  endfacet
  facet normal -0 0 1
    outer loop
      vertex 38.4303 12.2697 2
      vertex 63.5994 6.62471 2
      vertex 38.495 12.3434 2
    endloop
  endfacet
  facet normal 0 0 1
    outer loop
      vertex 63.5994 6.62471 2
      vertex 38.4303 12.2697 2
      vertex 63.6604 6.44511 2
    endloop
  endfacet
  facet normal -0 0 1
    outer loop
      vertex 38.3566 12.205 2
      vertex 63.6604 6.44511 2
      vertex 38.4303 12.2697 2
    endloop
  endfacet
  facet normal 0 0 1
    outer loop
      vertex 63.6604 6.44511 2
      vertex 38.3566 12.205 2
      vertex 63.7443 6.275 2
    endloop
  endfacet
  facet normal -0 0 1
    outer loop
      vertex 38.275 12.1505 2
      vertex 63.7443 6.275 2
      vertex 38.3566 12.205 2
    endloop
  endfacet
  facet normal 0 0 1
    outer loop
      vertex 63.7443 6.275 2
      vertex 38.275 12.1505 2
      vertex 63.8496 6.1173 2
    endloop
  endfacet
  facet normal -0 0 1
    outer loop
      vertex 38.187 12.1071 2
      vertex 63.8496 6.1173 2
      vertex 38.275 12.1505 2
    endloop
  endfacet
  facet normal 0 0 1
    outer loop
      vertex 63.8496 6.1173 2
      vertex 38.187 12.1071 2
      vertex 63.9747 5.97469 2
    endloop
  endfacet
  facet normal -0 0 1
    outer loop
      vertex 38.0941 12.0756 2
      vertex 63.9747 5.97469 2
      vertex 38.187 12.1071 2
    endloop
  endfacet
  facet normal 0 0 1
    outer loop
      vertex 63.9747 5.97469 2
      vertex 38.0941 12.0756 2
      vertex 64.1173 5.84964 2
    endloop
  endfacet
  facet normal -0 0 1
    outer loop
      vertex 37.9979 12.0564 2
      vertex 64.1173 5.84964 2
      vertex 38.0941 12.0756 2
    endloop
  endfacet
  facet normal 0 0 1
    outer loop
      vertex 64.1173 5.84964 2
      vertex 37.9979 12.0564 2
      vertex 64.275 5.74426 2
    endloop
  endfacet
  facet normal 0 0 1
    outer loop
      vertex 64.275 5.74426 2
      vertex 37.9979 12.0564 2
      vertex 67.75 3.45 2
    endloop
  endfacet
  facet normal -0 0 1
    outer loop
      vertex 37.9 12.05 2
      vertex 67.75 3.45 2
      vertex 37.9979 12.0564 2
    endloop
  endfacet
  facet normal 0 0 1
    outer loop
      vertex 7.725 5.74426 2
      vertex 37.9 12.05 2
      vertex 23.9 12.05 2
    endloop
  endfacet
  facet normal 0 0 1
    outer loop
      vertex 8.0253 5.97469 2
      vertex 23.9 12.05 2
      vertex 23.8021 12.0564 2
    endloop
  endfacet
  facet normal 0 0 1
    outer loop
      vertex 23.1564 12.8979 2
      vertex 8.45 7 2
      vertex 23.15 12.8 2
    endloop
  endfacet
  facet normal 0 0 1
    outer loop
      vertex 23.15 12.8 2
      vertex 8.45 7 2
      vertex 23.1564 12.7021 2
    endloop
  endfacet
  facet normal 0 0 1
    outer loop
      vertex 23.1564 12.7021 2
      vertex 8.45 7 2
      vertex 23.1756 12.6059 2
    endloop
  endfacet
  facet normal 0 0 1
    outer loop
      vertex 23.1756 12.6059 2
      vertex 8.45 7 2
      vertex 23.2071 12.513 2
    endloop
  endfacet
  facet normal 0 0 1
    outer loop
      vertex 23.2071 12.513 2
      vertex 8.45 7 2
      vertex 23.2505 12.425 2
    endloop
  endfacet
  facet normal 0 0 1
    outer loop
      vertex 23.2505 12.425 2
      vertex 8.45 7 2
      vertex 23.305 12.3434 2
    endloop
  endfacet
  facet normal 0 0 1
    outer loop
      vertex 8.45 7 2
      vertex 23.3697 12.2697 2
      vertex 23.305 12.3434 2
    endloop
  endfacet
  facet normal 0 0 1
    outer loop
      vertex 8.43759 6.81074 2
      vertex 23.3697 12.2697 2
      vertex 8.45 7 2
    endloop
  endfacet
  facet normal 0 0 1
    outer loop
      vertex 23.3697 12.2697 2
      vertex 8.43759 6.81074 2
      vertex 23.4434 12.205 2
    endloop
  endfacet
  facet normal 0 0 1
    outer loop
      vertex 8.40059 6.62471 2
      vertex 23.4434 12.205 2
      vertex 8.43759 6.81074 2
    endloop
  endfacet
  facet normal 0 0 1
    outer loop
      vertex 23.4434 12.205 2
      vertex 8.40059 6.62471 2
      vertex 23.525 12.1505 2
    endloop
  endfacet
  facet normal 0 0 1
    outer loop
      vertex 8.33962 6.44511 2
      vertex 23.525 12.1505 2
      vertex 8.40059 6.62471 2
    endloop
  endfacet
  facet normal 0 0 1
    outer loop
      vertex 23.525 12.1505 2
      vertex 8.33962 6.44511 2
      vertex 23.613 12.1071 2
    endloop
  endfacet
  facet normal 0 0 1
    outer loop
      vertex 8.25574 6.275 2
      vertex 23.613 12.1071 2
      vertex 8.33962 6.44511 2
    endloop
  endfacet
  facet normal 0 0 1
    outer loop
      vertex 23.613 12.1071 2
      vertex 8.25574 6.275 2
      vertex 23.7059 12.0756 2
    endloop
  endfacet
  facet normal 0 0 1
    outer loop
      vertex 8.15036 6.1173 2
      vertex 23.7059 12.0756 2
      vertex 8.25574 6.275 2
    endloop
  endfacet
  facet normal 0 0 1
    outer loop
      vertex 23.7059 12.0756 2
      vertex 8.15036 6.1173 2
      vertex 23.8021 12.0564 2
    endloop
  endfacet
  facet normal 0 0 1
    outer loop
      vertex 8.0253 5.97469 2
      vertex 23.8021 12.0564 2
      vertex 8.15036 6.1173 2
    endloop
  endfacet
  facet normal 0 0 1
    outer loop
      vertex 23.9 12.05 2
      vertex 8.0253 5.97469 2
      vertex 7.8827 5.84964 2
    endloop
  endfacet
  facet normal 0 0 1
    outer loop
      vertex 23.9 12.05 2
      vertex 7.8827 5.84964 2
      vertex 7.725 5.74426 2
    endloop
  endfacet
  facet normal 0 0 1
    outer loop
      vertex 37.9 12.05 2
      vertex 7.725 5.74426 2
      vertex 4.24998 3.45 2
    endloop
  endfacet
  facet normal 0 0 1
    outer loop
      vertex 4.24998 3.45 2
      vertex 7.725 5.74426 2
      vertex 7.55489 5.66037 2
    endloop
  endfacet
  facet normal 0 0 1
    outer loop
      vertex 4.24998 3.45 2
      vertex 7.55489 5.66037 2
      vertex 7.37529 5.59941 2
    endloop
  endfacet
  facet normal 0 0 1
    outer loop
      vertex 4.24998 3.45 2
      vertex 7.37529 5.59941 2
      vertex 7.18926 5.5624 2
    endloop
  endfacet
  facet normal 0 0 1
    outer loop
      vertex 4.24998 3.45 2
      vertex 7.18926 5.5624 2
      vertex 7 5.55 2
    endloop
  endfacet
  facet normal 0 0 1
    outer loop
      vertex 37.9 12.05 2
      vertex 4.24998 3.45 2
      vertex 67.75 3.45 2
    endloop
  endfacet
  facet normal 0 0 1
    outer loop
      vertex 6.81074 5.5624 2
      vertex 4.24998 3.45 2
      vertex 7 5.55 2
    endloop
  endfacet
  facet normal 0 0 1
    outer loop
      vertex 6.62471 5.59941 2
      vertex 4.24998 3.45 2
      vertex 6.81074 5.5624 2
    endloop
  endfacet
  facet normal 0 0 1
    outer loop
      vertex 6.44511 5.66037 2
      vertex 4.24998 3.45 2
      vertex 6.62471 5.59941 2
    endloop
  endfacet
  facet normal 0 0 1
    outer loop
      vertex 6.275 5.74426 2
      vertex 4.24998 3.45 2
      vertex 6.44511 5.66037 2
    endloop
  endfacet
  facet normal 0 0 1
    outer loop
      vertex 6.1173 5.84964 2
      vertex 4.24998 3.45 2
      vertex 6.275 5.74426 2
    endloop
  endfacet
  facet normal 0 0 1
    outer loop
      vertex 5.97469 5.97469 2
      vertex 4.24998 3.45 2
      vertex 6.1173 5.84964 2
    endloop
  endfacet
  facet normal 0 0 1
    outer loop
      vertex 3.45 4.24998 2
      vertex 5.97469 5.97469 2
      vertex 5.84964 6.1173 2
    endloop
  endfacet
  facet normal 0 0 1
    outer loop
      vertex 3.45 4.24998 2
      vertex 5.84964 6.1173 2
      vertex 5.74426 6.275 2
    endloop
  endfacet
  facet normal 0 0 1
    outer loop
      vertex 3.45 4.24998 2
      vertex 5.74426 6.275 2
      vertex 5.66037 6.44511 2
    endloop
  endfacet
  facet normal 0 0 1
    outer loop
      vertex 3.45 4.24998 2
      vertex 5.66037 6.44511 2
      vertex 5.59941 6.62471 2
    endloop
  endfacet
  facet normal 0 0 1
    outer loop
      vertex 3.45 4.24998 2
      vertex 5.59941 6.62471 2
      vertex 5.5624 6.81074 2
    endloop
  endfacet
  facet normal 0 0 1
    outer loop
      vertex 3.45 4.24998 2
      vertex 5.5624 6.81074 2
      vertex 5.55 7 2
    endloop
  endfacet
  facet normal 0 0 1
    outer loop
      vertex 5.59941 7.37529 2
      vertex 3.45 4.24998 2
      vertex 5.5624 7.18926 2
    endloop
  endfacet
  facet normal 0 0 1
    outer loop
      vertex 3.45 32.75 2
      vertex 4.24998 33.55 2
      vertex 4.14557 33.5432 2
    endloop
  endfacet
  facet normal 0 0 1
    outer loop
      vertex 5.5624 7.18926 2
      vertex 3.45 4.24998 2
      vertex 5.55 7 2
    endloop
  endfacet
  facet normal 0 0 1
    outer loop
      vertex 3.45 32.75 2
      vertex 4.14557 33.5432 2
      vertex 4.04294 33.5227 2
    endloop
  endfacet
  facet normal 0 0 1
    outer loop
      vertex 5.97469 5.97469 2
      vertex 3.45 4.24998 2
      vertex 4.24998 3.45 2
    endloop
  endfacet
  facet normal 0 0 1
    outer loop
      vertex 3.45 32.75 2
      vertex 4.04294 33.5227 2
      vertex 3.94385 33.4891 2
    endloop
  endfacet
  facet normal 0 0 1
    outer loop
      vertex 4.24998 3.45 2
      vertex 3.45 4.24998 2
      vertex 4.14557 3.45683 2
    endloop
  endfacet
  facet normal 0 0 1
    outer loop
      vertex 3.45 32.75 2
      vertex 3.94385 33.4891 2
      vertex 3.84999 33.4428 2
    endloop
  endfacet
  facet normal 0 0 1
    outer loop
      vertex 4.14557 3.45683 2
      vertex 3.45 4.24998 2
      vertex 4.04294 3.47725 2
    endloop
  endfacet
  facet normal 0 0 1
    outer loop
      vertex 3.45 32.75 2
      vertex 3.84999 33.4428 2
      vertex 3.76299 33.3847 2
    endloop
  endfacet
  facet normal 0 0 1
    outer loop
      vertex 4.04294 3.47725 2
      vertex 3.45 4.24998 2
      vertex 3.94385 3.51088 2
    endloop
  endfacet
  facet normal 0 0 1
    outer loop
      vertex 3.45 32.75 2
      vertex 3.76299 33.3847 2
      vertex 3.68431 33.3157 2
    endloop
  endfacet
  facet normal 0 0 1
    outer loop
      vertex 3.94385 3.51088 2
      vertex 3.45 4.24998 2
      vertex 3.84999 3.55717 2
    endloop
  endfacet
  facet normal 0 0 1
    outer loop
      vertex 3.45 32.75 2
      vertex 3.68431 33.3157 2
      vertex 3.61531 33.237 2
    endloop
  endfacet
  facet normal 0 0 1
    outer loop
      vertex 3.84999 3.55717 2
      vertex 3.45 4.24998 2
      vertex 3.76299 3.61531 2
    endloop
  endfacet
  facet normal 0 0 1
    outer loop
      vertex 3.45 32.75 2
      vertex 3.61531 33.237 2
      vertex 3.55717 33.15 2
    endloop
  endfacet
  facet normal 0 0 1
    outer loop
      vertex 3.76299 3.61531 2
      vertex 3.45 4.24998 2
      vertex 3.68431 3.68431 2
    endloop
  endfacet
  facet normal 0 0 1
    outer loop
      vertex 3.45 32.75 2
      vertex 3.55717 33.15 2
      vertex 3.51088 33.0561 2
    endloop
  endfacet
  facet normal 0 0 1
    outer loop
      vertex 3.68431 3.68431 2
      vertex 3.45 4.24998 2
      vertex 3.61531 3.76299 2
    endloop
  endfacet
  facet normal 0 0 1
    outer loop
      vertex 3.45 32.75 2
      vertex 3.51088 33.0561 2
      vertex 3.47725 32.957 2
    endloop
  endfacet
  facet normal 0 0 1
    outer loop
      vertex 3.61531 3.76299 2
      vertex 3.45 4.24998 2
      vertex 3.55717 3.84999 2
    endloop
  endfacet
  facet normal 0 0 1
    outer loop
      vertex 3.45 32.75 2
      vertex 3.47725 32.957 2
      vertex 3.45683 32.8544 2
    endloop
  endfacet
  facet normal 0 0 1
    outer loop
      vertex 3.55717 3.84999 2
      vertex 3.45 4.24998 2
      vertex 3.51088 3.94385 2
    endloop
  endfacet
  facet normal 0 0 1
    outer loop
      vertex 3.51088 3.94385 2
      vertex 3.45 4.24998 2
      vertex 3.47725 4.04294 2
    endloop
  endfacet
  facet normal 0 0 1
    outer loop
      vertex 3.47725 4.04294 2
      vertex 3.45 4.24998 2
      vertex 3.45683 4.14557 2
    endloop
  endfacet
  facet normal 0 0 1
    outer loop
      vertex 68.55 32.75 4.4
      vertex 69.75 32.75 4.4
      vertex 69.7329 33.011 4.4
    endloop
  endfacet
  facet normal 0 0 1
    outer loop
      vertex 69.75 32.75 4.4
      vertex 68.55 32.75 4.4
      vertex 69.75 4.25 4.4
    endloop
  endfacet
  facet normal 0 0 1
    outer loop
      vertex 68.5432 32.8544 4.4
      vertex 69.7329 33.011 4.4
      vertex 69.6818 33.2676 4.4
    endloop
  endfacet
  facet normal 0 0 1
    outer loop
      vertex 68.55 4.24998 4.4
      vertex 69.75 4.25 4.4
      vertex 68.55 32.75 4.4
    endloop
  endfacet
  facet normal 0 0 1
    outer loop
      vertex 68.5227 32.957 4.4
      vertex 69.6818 33.2676 4.4
      vertex 69.5977 33.5154 4.4
    endloop
  endfacet
  facet normal 0 0 1
    outer loop
      vertex 69.75 4.25 4.4
      vertex 68.55 4.24998 4.4
      vertex 69.7329 3.98894 4.4
    endloop
  endfacet
  facet normal 0 0 1
    outer loop
      vertex 68.4891 33.0561 4.4
      vertex 69.5977 33.5154 4.4
      vertex 69.482 33.75 4.4
    endloop
  endfacet
  facet normal -0 0 1
    outer loop
      vertex 68.5432 4.14557 4.4
      vertex 69.7329 3.98894 4.4
      vertex 68.55 4.24998 4.4
    endloop
  endfacet
  facet normal 0 0 1
    outer loop
      vertex 68.4428 33.15 4.4
      vertex 69.482 33.75 4.4
      vertex 69.3367 33.9675 4.4
    endloop
  endfacet
  facet normal 0 0 1
    outer loop
      vertex 69.7329 3.98894 4.4
      vertex 68.5432 4.14557 4.4
      vertex 69.6818 3.73236 4.4
    endloop
  endfacet
  facet normal 0 0 1
    outer loop
      vertex 68.3847 33.237 4.4
      vertex 69.3367 33.9675 4.4
      vertex 69.1642 34.1642 4.4
    endloop
  endfacet
  facet normal -0 0 1
    outer loop
      vertex 68.5227 4.04294 4.4
      vertex 69.6818 3.73236 4.4
      vertex 68.5432 4.14557 4.4
    endloop
  endfacet
  facet normal 0 0 1
    outer loop
      vertex 68.3157 33.3157 4.4
      vertex 69.1642 34.1642 4.4
      vertex 68.9675 34.3367 4.4
    endloop
  endfacet
  facet normal 0 0 1
    outer loop
      vertex 69.6818 3.73236 4.4
      vertex 68.5227 4.04294 4.4
      vertex 69.5977 3.48462 4.4
    endloop
  endfacet
  facet normal 0 0 1
    outer loop
      vertex 68.237 33.3847 4.4
      vertex 68.9675 34.3367 4.4
      vertex 68.75 34.482 4.4
    endloop
  endfacet
  facet normal -0 0 1
    outer loop
      vertex 68.4891 3.94385 4.4
      vertex 69.5977 3.48462 4.4
      vertex 68.5227 4.04294 4.4
    endloop
  endfacet
  facet normal 0 0 1
    outer loop
      vertex 69.5977 3.48462 4.4
      vertex 68.4891 3.94385 4.4
      vertex 69.482 3.25 4.4
    endloop
  endfacet
  facet normal 0 0 1
    outer loop
      vertex 69.7329 33.011 4.4
      vertex 68.5432 32.8544 4.4
      vertex 68.55 32.75 4.4
    endloop
  endfacet
  facet normal 0 0 1
    outer loop
      vertex 69.6818 33.2676 4.4
      vertex 68.5227 32.957 4.4
      vertex 68.5432 32.8544 4.4
    endloop
  endfacet
  facet normal 0 0 1
    outer loop
      vertex 68.15 33.4428 4.4
      vertex 68.75 34.482 4.4
      vertex 68.5154 34.5977 4.4
    endloop
  endfacet
  facet normal 0 0 1
    outer loop
      vertex 69.5977 33.5154 4.4
      vertex 68.4891 33.0561 4.4
      vertex 68.5227 32.957 4.4
    endloop
  endfacet
  facet normal 0 0 1
    outer loop
      vertex 69.482 33.75 4.4
      vertex 68.4428 33.15 4.4
      vertex 68.4891 33.0561 4.4
    endloop
  endfacet
  facet normal 0 0 1
    outer loop
      vertex 69.3367 33.9675 4.4
      vertex 68.3847 33.237 4.4
      vertex 68.4428 33.15 4.4
    endloop
  endfacet
  facet normal 0 0 1
    outer loop
      vertex 69.1642 34.1642 4.4
      vertex 68.3157 33.3157 4.4
      vertex 68.3847 33.237 4.4
    endloop
  endfacet
  facet normal 0 0 1
    outer loop
      vertex 68.0561 33.4891 4.4
      vertex 68.5154 34.5977 4.4
      vertex 68.2676 34.6818 4.4
    endloop
  endfacet
  facet normal 0 0 1
    outer loop
      vertex 68.9675 34.3367 4.4
      vertex 68.237 33.3847 4.4
      vertex 68.3157 33.3157 4.4
    endloop
  endfacet
  facet normal 0 0 1
    outer loop
      vertex 68.75 34.482 4.4
      vertex 68.15 33.4428 4.4
      vertex 68.237 33.3847 4.4
    endloop
  endfacet
  facet normal 0 0 1
    outer loop
      vertex 68.5154 34.5977 4.4
      vertex 68.0561 33.4891 4.4
      vertex 68.15 33.4428 4.4
    endloop
  endfacet
  facet normal 0 0 1
    outer loop
      vertex 67.957 33.5227 4.4
      vertex 68.2676 34.6818 4.4
      vertex 68.011 34.7329 4.4
    endloop
  endfacet
  facet normal 0 0 1
    outer loop
      vertex 68.2676 34.6818 4.4
      vertex 67.957 33.5227 4.4
      vertex 68.0561 33.4891 4.4
    endloop
  endfacet
  facet normal 0 0 1
    outer loop
      vertex 68.011 34.7329 4.4
      vertex 67.8544 33.5432 4.4
      vertex 67.957 33.5227 4.4
    endloop
  endfacet
  facet normal 0 0 1
    outer loop
      vertex 67.75 34.75 4.4
      vertex 67.8544 33.5432 4.4
      vertex 68.011 34.7329 4.4
    endloop
  endfacet
  facet normal 0 0 1
    outer loop
      vertex 67.75 34.75 4.4
      vertex 67.75 33.55 4.4
      vertex 67.8544 33.5432 4.4
    endloop
  endfacet
  facet normal -0 0 1
    outer loop
      vertex 4.25 34.75 4.4
      vertex 67.75 33.55 4.4
      vertex 67.75 34.75 4.4
    endloop
  endfacet
  facet normal 0 0 1
    outer loop
      vertex 4.25 34.75 4.4
      vertex 4.24998 33.55 4.4
      vertex 67.75 33.55 4.4
    endloop
  endfacet
  facet normal 0 0 1
    outer loop
      vertex 4.25 34.75 4.4
      vertex 4.14557 33.5432 4.4
      vertex 4.24998 33.55 4.4
    endloop
  endfacet
  facet normal -0 0 1
    outer loop
      vertex 3.98894 34.7329 4.4
      vertex 4.14557 33.5432 4.4
      vertex 4.25 34.75 4.4
    endloop
  endfacet
  facet normal 0 0 1
    outer loop
      vertex 4.14557 33.5432 4.4
      vertex 3.98894 34.7329 4.4
      vertex 4.04294 33.5227 4.4
    endloop
  endfacet
  facet normal -0 0 1
    outer loop
      vertex 3.73236 34.6818 4.4
      vertex 4.04294 33.5227 4.4
      vertex 3.98894 34.7329 4.4
    endloop
  endfacet
  facet normal 0 0 1
    outer loop
      vertex 4.04294 33.5227 4.4
      vertex 3.73236 34.6818 4.4
      vertex 3.94385 33.4891 4.4
    endloop
  endfacet
  facet normal -0 0 1
    outer loop
      vertex 3.48462 34.5977 4.4
      vertex 3.94385 33.4891 4.4
      vertex 3.73236 34.6818 4.4
    endloop
  endfacet
  facet normal 0 0 1
    outer loop
      vertex 3.94385 33.4891 4.4
      vertex 3.48462 34.5977 4.4
      vertex 3.84999 33.4428 4.4
    endloop
  endfacet
  facet normal -0 0 1
    outer loop
      vertex 3.25 34.482 4.4
      vertex 3.84999 33.4428 4.4
      vertex 3.48462 34.5977 4.4
    endloop
  endfacet
  facet normal 0 0 1
    outer loop
      vertex 3.84999 33.4428 4.4
      vertex 3.25 34.482 4.4
      vertex 3.76299 33.3847 4.4
    endloop
  endfacet
  facet normal -0 0 1
    outer loop
      vertex 3.03247 34.3367 4.4
      vertex 3.76299 33.3847 4.4
      vertex 3.25 34.482 4.4
    endloop
  endfacet
  facet normal 0 0 1
    outer loop
      vertex 3.76299 33.3847 4.4
      vertex 3.03247 34.3367 4.4
      vertex 3.68431 33.3157 4.4
    endloop
  endfacet
  facet normal -0 0 1
    outer loop
      vertex 2.83578 34.1642 4.4
      vertex 3.68431 33.3157 4.4
      vertex 3.03247 34.3367 4.4
    endloop
  endfacet
  facet normal 0 0 1
    outer loop
      vertex 3.68431 33.3157 4.4
      vertex 2.83578 34.1642 4.4
      vertex 3.61531 33.237 4.4
    endloop
  endfacet
  facet normal -0 0 1
    outer loop
      vertex 2.66328 33.9675 4.4
      vertex 3.61531 33.237 4.4
      vertex 2.83578 34.1642 4.4
    endloop
  endfacet
  facet normal 0 0 1
    outer loop
      vertex 3.61531 33.237 4.4
      vertex 2.66328 33.9675 4.4
      vertex 3.55717 33.15 4.4
    endloop
  endfacet
  facet normal 0 0 1
    outer loop
      vertex 3.55717 33.15 4.4
      vertex 2.51794 33.75 4.4
      vertex 3.51088 33.0561 4.4
    endloop
  endfacet
  facet normal -0 0 1
    outer loop
      vertex 2.51794 33.75 4.4
      vertex 3.55717 33.15 4.4
      vertex 2.66328 33.9675 4.4
    endloop
  endfacet
  facet normal -0 0 1
    outer loop
      vertex 68.4428 3.84999 4.4
      vertex 69.482 3.25 4.4
      vertex 68.4891 3.94385 4.4
    endloop
  endfacet
  facet normal 0 0 1
    outer loop
      vertex 69.482 3.25 4.4
      vertex 68.4428 3.84999 4.4
      vertex 69.3367 3.03247 4.4
    endloop
  endfacet
  facet normal -0 0 1
    outer loop
      vertex 68.3847 3.76299 4.4
      vertex 69.3367 3.03247 4.4
      vertex 68.4428 3.84999 4.4
    endloop
  endfacet
  facet normal 0 0 1
    outer loop
      vertex 69.3367 3.03247 4.4
      vertex 68.3847 3.76299 4.4
      vertex 69.1642 2.83578 4.4
    endloop
  endfacet
  facet normal -0 0 1
    outer loop
      vertex 68.3157 3.68431 4.4
      vertex 69.1642 2.83578 4.4
      vertex 68.3847 3.76299 4.4
    endloop
  endfacet
  facet normal 0 0 1
    outer loop
      vertex 69.1642 2.83578 4.4
      vertex 68.3157 3.68431 4.4
      vertex 68.9675 2.66328 4.4
    endloop
  endfacet
  facet normal -0 0 1
    outer loop
      vertex 68.237 3.61531 4.4
      vertex 68.9675 2.66328 4.4
      vertex 68.3157 3.68431 4.4
    endloop
  endfacet
  facet normal 0 0 1
    outer loop
      vertex 68.9675 2.66328 4.4
      vertex 68.237 3.61531 4.4
      vertex 68.75 2.51794 4.4
    endloop
  endfacet
  facet normal -0 0 1
    outer loop
      vertex 68.15 3.55717 4.4
      vertex 68.75 2.51794 4.4
      vertex 68.237 3.61531 4.4
    endloop
  endfacet
  facet normal 0 0 1
    outer loop
      vertex 68.75 2.51794 4.4
      vertex 68.15 3.55717 4.4
      vertex 68.5154 2.40224 4.4
    endloop
  endfacet
  facet normal -0 0 1
    outer loop
      vertex 68.0561 3.51088 4.4
      vertex 68.5154 2.40224 4.4
      vertex 68.15 3.55717 4.4
    endloop
  endfacet
  facet normal 0 0 1
    outer loop
      vertex 68.5154 2.40224 4.4
      vertex 68.0561 3.51088 4.4
      vertex 68.2676 2.31815 4.4
    endloop
  endfacet
  facet normal -0 0 1
    outer loop
      vertex 67.957 3.47725 4.4
      vertex 68.2676 2.31815 4.4
      vertex 68.0561 3.51088 4.4
    endloop
  endfacet
  facet normal 0 0 1
    outer loop
      vertex 68.2676 2.31815 4.4
      vertex 67.957 3.47725 4.4
      vertex 68.011 2.26711 4.4
    endloop
  endfacet
  facet normal -0 0 1
    outer loop
      vertex 67.8544 3.45683 4.4
      vertex 68.011 2.26711 4.4
      vertex 67.957 3.47725 4.4
    endloop
  endfacet
  facet normal 0 0 1
    outer loop
      vertex 67.8544 3.45683 4.4
      vertex 67.75 2.25 4.4
      vertex 68.011 2.26711 4.4
    endloop
  endfacet
  facet normal -0 0 1
    outer loop
      vertex 67.75 3.45 4.4
      vertex 67.75 2.25 4.4
      vertex 67.8544 3.45683 4.4
    endloop
  endfacet
  facet normal 0 0 1
    outer loop
      vertex 67.75 3.45 4.4
      vertex 4.25 2.25 4.4
      vertex 67.75 2.25 4.4
    endloop
  endfacet
  facet normal -0 0 1
    outer loop
      vertex 4.24998 3.45 4.4
      vertex 4.25 2.25 4.4
      vertex 67.75 3.45 4.4
    endloop
  endfacet
  facet normal 0 0 1
    outer loop
      vertex 4.14557 3.45683 4.4
      vertex 4.25 2.25 4.4
      vertex 4.24998 3.45 4.4
    endloop
  endfacet
  facet normal 0 0 1
    outer loop
      vertex 3.98894 2.26711 4.4
      vertex 4.14557 3.45683 4.4
      vertex 4.04294 3.47725 4.4
    endloop
  endfacet
  facet normal 0 0 1
    outer loop
      vertex 4.14557 3.45683 4.4
      vertex 3.98894 2.26711 4.4
      vertex 4.25 2.25 4.4
    endloop
  endfacet
  facet normal 0 0 1
    outer loop
      vertex 3.73236 2.31815 4.4
      vertex 4.04294 3.47725 4.4
      vertex 3.94385 3.51088 4.4
    endloop
  endfacet
  facet normal 0 0 1
    outer loop
      vertex 3.48462 2.40224 4.4
      vertex 3.94385 3.51088 4.4
      vertex 3.84999 3.55717 4.4
    endloop
  endfacet
  facet normal 0 0 1
    outer loop
      vertex 3.25 2.51794 4.4
      vertex 3.84999 3.55717 4.4
      vertex 3.76299 3.61531 4.4
    endloop
  endfacet
  facet normal 0 0 1
    outer loop
      vertex 4.04294 3.47725 4.4
      vertex 3.73236 2.31815 4.4
      vertex 3.98894 2.26711 4.4
    endloop
  endfacet
  facet normal 0 0 1
    outer loop
      vertex 3.03247 2.66328 4.4
      vertex 3.76299 3.61531 4.4
      vertex 3.68431 3.68431 4.4
    endloop
  endfacet
  facet normal 0 0 1
    outer loop
      vertex 2.83578 2.83578 4.4
      vertex 3.68431 3.68431 4.4
      vertex 3.61531 3.76299 4.4
    endloop
  endfacet
  facet normal 0 0 1
    outer loop
      vertex 2.66328 3.03247 4.4
      vertex 3.61531 3.76299 4.4
      vertex 3.55717 3.84999 4.4
    endloop
  endfacet
  facet normal 0 0 1
    outer loop
      vertex 2.51794 3.25 4.4
      vertex 3.55717 3.84999 4.4
      vertex 3.51088 3.94385 4.4
    endloop
  endfacet
  facet normal 0 0 1
    outer loop
      vertex 3.94385 3.51088 4.4
      vertex 3.48462 2.40224 4.4
      vertex 3.73236 2.31815 4.4
    endloop
  endfacet
  facet normal 0 0 1
    outer loop
      vertex 2.40224 3.48462 4.4
      vertex 3.51088 3.94385 4.4
      vertex 3.47725 4.04294 4.4
    endloop
  endfacet
  facet normal 0 0 1
    outer loop
      vertex 2.31815 3.73236 4.4
      vertex 3.47725 4.04294 4.4
      vertex 3.45683 4.14557 4.4
    endloop
  endfacet
  facet normal 0 0 1
    outer loop
      vertex 2.26711 3.98894 4.4
      vertex 3.45683 4.14557 4.4
      vertex 3.45 4.24998 4.4
    endloop
  endfacet
  facet normal 0 0 1
    outer loop
      vertex 3.84999 3.55717 4.4
      vertex 3.25 2.51794 4.4
      vertex 3.48462 2.40224 4.4
    endloop
  endfacet
  facet normal 0 0 1
    outer loop
      vertex 3.45 32.75 4.4
      vertex 2.25 32.75 4.4
      vertex 3.45 4.24998 4.4
    endloop
  endfacet
  facet normal -0 0 1
    outer loop
      vertex 2.40224 33.5154 4.4
      vertex 3.51088 33.0561 4.4
      vertex 2.51794 33.75 4.4
    endloop
  endfacet
  facet normal -0 0 1
    outer loop
      vertex 2.25 4.25 4.4
      vertex 3.45 4.24998 4.4
      vertex 2.25 32.75 4.4
    endloop
  endfacet
  facet normal 0 0 1
    outer loop
      vertex 3.51088 33.0561 4.4
      vertex 2.40224 33.5154 4.4
      vertex 3.47725 32.957 4.4
    endloop
  endfacet
  facet normal 0 -0 1
    outer loop
      vertex 2.26711 3.98894 4.4
      vertex 3.45 4.24998 4.4
      vertex 2.25 4.25 4.4
    endloop
  endfacet
  facet normal -0 0 1
    outer loop
      vertex 2.31815 33.2676 4.4
      vertex 3.47725 32.957 4.4
      vertex 2.40224 33.5154 4.4
    endloop
  endfacet
  facet normal 0 0 1
    outer loop
      vertex 3.76299 3.61531 4.4
      vertex 3.03247 2.66328 4.4
      vertex 3.25 2.51794 4.4
    endloop
  endfacet
  facet normal 0 0 1
    outer loop
      vertex 3.47725 32.957 4.4
      vertex 2.31815 33.2676 4.4
      vertex 3.45683 32.8544 4.4
    endloop
  endfacet
  facet normal 0 0 1
    outer loop
      vertex 3.68431 3.68431 4.4
      vertex 2.83578 2.83578 4.4
      vertex 3.03247 2.66328 4.4
    endloop
  endfacet
  facet normal -0 0 1
    outer loop
      vertex 2.26711 33.011 4.4
      vertex 3.45683 32.8544 4.4
      vertex 2.31815 33.2676 4.4
    endloop
  endfacet
  facet normal 0 0 1
    outer loop
      vertex 3.61531 3.76299 4.4
      vertex 2.66328 3.03247 4.4
      vertex 2.83578 2.83578 4.4
    endloop
  endfacet
  facet normal 0 0 1
    outer loop
      vertex 3.45683 32.8544 4.4
      vertex 2.26711 33.011 4.4
      vertex 3.45 32.75 4.4
    endloop
  endfacet
  facet normal 0 0 1
    outer loop
      vertex 3.55717 3.84999 4.4
      vertex 2.51794 3.25 4.4
      vertex 2.66328 3.03247 4.4
    endloop
  endfacet
  facet normal 0 0 1
    outer loop
      vertex 3.45 32.75 4.4
      vertex 2.26711 33.011 4.4
      vertex 2.25 32.75 4.4
    endloop
  endfacet
  facet normal 0 0 1
    outer loop
      vertex 3.51088 3.94385 4.4
      vertex 2.40224 3.48462 4.4
      vertex 2.51794 3.25 4.4
    endloop
  endfacet
  facet normal 0 0 1
    outer loop
      vertex 3.47725 4.04294 4.4
      vertex 2.31815 3.73236 4.4
      vertex 2.40224 3.48462 4.4
    endloop
  endfacet
  facet normal 0 0 1
    outer loop
      vertex 3.45683 4.14557 4.4
      vertex 2.26711 3.98894 4.4
      vertex 2.31815 3.73236 4.4
    endloop
  endfacet
  facet normal 0.195087 -0.980786 0
    outer loop
      vertex 68.011 2.26711 2
      vertex 68.2676 2.31815 4.4
      vertex 68.011 2.26711 4.4
    endloop
  endfacet
  facet normal 0.195087 -0.980786 0
    outer loop
      vertex 68.2676 2.31815 4.4
      vertex 68.011 2.26711 2
      vertex 68.2676 2.31815 2
    endloop
  endfacet
  facet normal 0.321348 -0.946961 0
    outer loop
      vertex 68.2676 2.31815 2
      vertex 68.5154 2.40224 4.4
      vertex 68.2676 2.31815 4.4
    endloop
  endfacet
  facet normal 0.321348 -0.946961 0
    outer loop
      vertex 68.5154 2.40224 4.4
      vertex 68.2676 2.31815 2
      vertex 68.5154 2.40224 2
    endloop
  endfacet
  facet normal 0.442314 -0.89686 0
    outer loop
      vertex 68.5154 2.40224 2
      vertex 68.75 2.51794 4.4
      vertex 68.5154 2.40224 4.4
    endloop
  endfacet
  facet normal 0.442314 -0.89686 0
    outer loop
      vertex 68.75 2.51794 4.4
      vertex 68.5154 2.40224 2
      vertex 68.75 2.51794 2
    endloop
  endfacet
  facet normal 0.5556 -0.83145 0
    outer loop
      vertex 68.75 2.51794 2
      vertex 68.9675 2.66328 4.4
      vertex 68.75 2.51794 4.4
    endloop
  endfacet
  facet normal 0.5556 -0.83145 0
    outer loop
      vertex 68.9675 2.66328 4.4
      vertex 68.75 2.51794 2
      vertex 68.9675 2.66328 2
    endloop
  endfacet
  facet normal 0.659343 -0.751842 0
    outer loop
      vertex 68.9675 2.66328 2
      vertex 69.1642 2.83578 4.4
      vertex 68.9675 2.66328 4.4
    endloop
  endfacet
  facet normal 0.659343 -0.751842 0
    outer loop
      vertex 69.1642 2.83578 4.4
      vertex 68.9675 2.66328 2
      vertex 69.1642 2.83578 2
    endloop
  endfacet
  facet normal 0.751826 -0.659362 0
    outer loop
      vertex 69.1642 2.83578 4.4
      vertex 69.3367 3.03247 2
      vertex 69.3367 3.03247 4.4
    endloop
  endfacet
  facet normal 0.751826 -0.659362 0
    outer loop
      vertex 69.3367 3.03247 2
      vertex 69.1642 2.83578 4.4
      vertex 69.1642 2.83578 2
    endloop
  endfacet
  facet normal 0.831556 -0.555441 0
    outer loop
      vertex 69.3367 3.03247 4.4
      vertex 69.482 3.25 2
      vertex 69.482 3.25 4.4
    endloop
  endfacet
  facet normal 0.831556 -0.555441 0
    outer loop
      vertex 69.482 3.25 2
      vertex 69.3367 3.03247 4.4
      vertex 69.3367 3.03247 2
    endloop
  endfacet
  facet normal 0.896875 -0.442283 0
    outer loop
      vertex 69.482 3.25 4.4
      vertex 69.5977 3.48462 2
      vertex 69.5977 3.48462 4.4
    endloop
  endfacet
  facet normal 0.896875 -0.442283 0
    outer loop
      vertex 69.5977 3.48462 2
      vertex 69.482 3.25 4.4
      vertex 69.482 3.25 2
    endloop
  endfacet
  facet normal 0.946926 -0.321452 0
    outer loop
      vertex 69.5977 3.48462 4.4
      vertex 69.6818 3.73236 2
      vertex 69.6818 3.73236 4.4
    endloop
  endfacet
  facet normal 0.946926 -0.321452 0
    outer loop
      vertex 69.6818 3.73236 2
      vertex 69.5977 3.48462 4.4
      vertex 69.5977 3.48462 2
    endloop
  endfacet
  facet normal 0.980739 -0.195322 0
    outer loop
      vertex 69.6818 3.73236 4.4
      vertex 69.7329 3.98894 2
      vertex 69.7329 3.98894 4.4
    endloop
  endfacet
  facet normal 0.980739 -0.195322 0
    outer loop
      vertex 69.7329 3.98894 2
      vertex 69.6818 3.73236 4.4
      vertex 69.6818 3.73236 2
    endloop
  endfacet
  facet normal 0.997862 -0.0653621 0
    outer loop
      vertex 69.7329 3.98894 4.4
      vertex 69.75 4.25 2
      vertex 69.75 4.25 4.4
    endloop
  endfacet
  facet normal 0.997862 -0.0653621 0
    outer loop
      vertex 69.75 4.25 2
      vertex 69.7329 3.98894 4.4
      vertex 69.7329 3.98894 2
    endloop
  endfacet
  facet normal 1 -0 0
    outer loop
      vertex 69.75 4.25 4.4
      vertex 69.75 32.75 2
      vertex 69.75 32.75 4.4
    endloop
  endfacet
  facet normal 1 0 0
    outer loop
      vertex 69.75 32.75 2
      vertex 69.75 4.25 4.4
      vertex 69.75 4.25 2
    endloop
  endfacet
  facet normal 0.997861 0.0653771 0
    outer loop
      vertex 69.75 32.75 4.4
      vertex 69.7329 33.011 2
      vertex 69.7329 33.011 4.4
    endloop
  endfacet
  facet normal 0.997861 0.0653771 0
    outer loop
      vertex 69.7329 33.011 2
      vertex 69.75 32.75 4.4
      vertex 69.75 32.75 2
    endloop
  endfacet
  facet normal 0.980742 0.195308 0
    outer loop
      vertex 69.7329 33.011 4.4
      vertex 69.6818 33.2676 2
      vertex 69.6818 33.2676 4.4
    endloop
  endfacet
  facet normal 0.980742 0.195308 0
    outer loop
      vertex 69.6818 33.2676 2
      vertex 69.7329 33.011 4.4
      vertex 69.7329 33.011 2
    endloop
  endfacet
  facet normal 0.94695 0.321382 0
    outer loop
      vertex 69.6818 33.2676 4.4
      vertex 69.5977 33.5154 2
      vertex 69.5977 33.5154 4.4
    endloop
  endfacet
  facet normal 0.94695 0.321382 0
    outer loop
      vertex 69.5977 33.5154 2
      vertex 69.6818 33.2676 4.4
      vertex 69.6818 33.2676 2
    endloop
  endfacet
  facet normal 0.89686 0.442314 0
    outer loop
      vertex 69.5977 33.5154 4.4
      vertex 69.482 33.75 2
      vertex 69.482 33.75 4.4
    endloop
  endfacet
  facet normal 0.89686 0.442314 0
    outer loop
      vertex 69.482 33.75 2
      vertex 69.5977 33.5154 4.4
      vertex 69.5977 33.5154 2
    endloop
  endfacet
  facet normal 0.831521 0.555494 0
    outer loop
      vertex 69.482 33.75 4.4
      vertex 69.3367 33.9675 2
      vertex 69.3367 33.9675 4.4
    endloop
  endfacet
  facet normal 0.831521 0.555494 0
    outer loop
      vertex 69.3367 33.9675 2
      vertex 69.482 33.75 4.4
      vertex 69.482 33.75 2
    endloop
  endfacet
  facet normal 0.751842 0.659343 0
    outer loop
      vertex 69.3367 33.9675 4.4
      vertex 69.1642 34.1642 2
      vertex 69.1642 34.1642 4.4
    endloop
  endfacet
  facet normal 0.751842 0.659343 0
    outer loop
      vertex 69.1642 34.1642 2
      vertex 69.3367 33.9675 4.4
      vertex 69.3367 33.9675 2
    endloop
  endfacet
  facet normal 0.659343 0.751842 -0
    outer loop
      vertex 69.1642 34.1642 2
      vertex 68.9675 34.3367 4.4
      vertex 69.1642 34.1642 4.4
    endloop
  endfacet
  facet normal 0.659343 0.751842 0
    outer loop
      vertex 68.9675 34.3367 4.4
      vertex 69.1642 34.1642 2
      vertex 68.9675 34.3367 2
    endloop
  endfacet
  facet normal 0.555494 0.831521 -0
    outer loop
      vertex 68.9675 34.3367 2
      vertex 68.75 34.482 4.4
      vertex 68.9675 34.3367 4.4
    endloop
  endfacet
  facet normal 0.555494 0.831521 0
    outer loop
      vertex 68.75 34.482 4.4
      vertex 68.9675 34.3367 2
      vertex 68.75 34.482 2
    endloop
  endfacet
  facet normal 0.442314 0.89686 -0
    outer loop
      vertex 68.75 34.482 2
      vertex 68.5154 34.5977 4.4
      vertex 68.75 34.482 4.4
    endloop
  endfacet
  facet normal 0.442314 0.89686 0
    outer loop
      vertex 68.5154 34.5977 4.4
      vertex 68.75 34.482 2
      vertex 68.5154 34.5977 2
    endloop
  endfacet
  facet normal 0.321382 0.94695 -0
    outer loop
      vertex 68.5154 34.5977 2
      vertex 68.2676 34.6818 4.4
      vertex 68.5154 34.5977 4.4
    endloop
  endfacet
  facet normal 0.321382 0.94695 0
    outer loop
      vertex 68.2676 34.6818 4.4
      vertex 68.5154 34.5977 2
      vertex 68.2676 34.6818 2
    endloop
  endfacet
  facet normal 0.195308 0.980742 -0
    outer loop
      vertex 68.2676 34.6818 2
      vertex 68.011 34.7329 4.4
      vertex 68.2676 34.6818 4.4
    endloop
  endfacet
  facet normal 0.195308 0.980742 0
    outer loop
      vertex 68.011 34.7329 4.4
      vertex 68.2676 34.6818 2
      vertex 68.011 34.7329 2
    endloop
  endfacet
  facet normal 0.0653771 0.997861 -0
    outer loop
      vertex 68.011 34.7329 2
      vertex 67.75 34.75 4.4
      vertex 68.011 34.7329 4.4
    endloop
  endfacet
  facet normal 0.0653771 0.997861 0
    outer loop
      vertex 67.75 34.75 4.4
      vertex 68.011 34.7329 2
      vertex 67.75 34.75 2
    endloop
  endfacet
  facet normal 0 1 -0
    outer loop
      vertex 67.75 34.75 2
      vertex 4.25 34.75 4.4
      vertex 67.75 34.75 4.4
    endloop
  endfacet
  facet normal 0 1 0
    outer loop
      vertex 4.25 34.75 4.4
      vertex 67.75 34.75 2
      vertex 4.25 34.75 2
    endloop
  endfacet
  facet normal -0.0653621 0.997862 0
    outer loop
      vertex 4.25 34.75 2
      vertex 3.98894 34.7329 4.4
      vertex 4.25 34.75 4.4
    endloop
  endfacet
  facet normal -0.0653621 0.997862 0
    outer loop
      vertex 3.98894 34.7329 4.4
      vertex 4.25 34.75 2
      vertex 3.98894 34.7329 2
    endloop
  endfacet
  facet normal -0.195322 0.980739 0
    outer loop
      vertex 3.98894 34.7329 2
      vertex 3.73236 34.6818 4.4
      vertex 3.98894 34.7329 4.4
    endloop
  endfacet
  facet normal -0.195322 0.980739 0
    outer loop
      vertex 3.73236 34.6818 4.4
      vertex 3.98894 34.7329 2
      vertex 3.73236 34.6818 2
    endloop
  endfacet
  facet normal -0.321452 0.946926 0
    outer loop
      vertex 3.73236 34.6818 2
      vertex 3.48462 34.5977 4.4
      vertex 3.73236 34.6818 4.4
    endloop
  endfacet
  facet normal -0.321452 0.946926 0
    outer loop
      vertex 3.48462 34.5977 4.4
      vertex 3.73236 34.6818 2
      vertex 3.48462 34.5977 2
    endloop
  endfacet
  facet normal -0.442283 0.896875 0
    outer loop
      vertex 3.48462 34.5977 2
      vertex 3.25 34.482 4.4
      vertex 3.48462 34.5977 4.4
    endloop
  endfacet
  facet normal -0.442283 0.896875 0
    outer loop
      vertex 3.25 34.482 4.4
      vertex 3.48462 34.5977 2
      vertex 3.25 34.482 2
    endloop
  endfacet
  facet normal -0.555441 0.831556 0
    outer loop
      vertex 3.25 34.482 2
      vertex 3.03247 34.3367 4.4
      vertex 3.25 34.482 4.4
    endloop
  endfacet
  facet normal -0.555441 0.831556 0
    outer loop
      vertex 3.03247 34.3367 4.4
      vertex 3.25 34.482 2
      vertex 3.03247 34.3367 2
    endloop
  endfacet
  facet normal -0.659362 0.751826 0
    outer loop
      vertex 3.03247 34.3367 2
      vertex 2.83578 34.1642 4.4
      vertex 3.03247 34.3367 4.4
    endloop
  endfacet
  facet normal -0.659362 0.751826 0
    outer loop
      vertex 2.83578 34.1642 4.4
      vertex 3.03247 34.3367 2
      vertex 2.83578 34.1642 2
    endloop
  endfacet
  facet normal -0.751842 0.659343 0
    outer loop
      vertex 2.66328 33.9675 2
      vertex 2.83578 34.1642 4.4
      vertex 2.83578 34.1642 2
    endloop
  endfacet
  facet normal -0.751842 0.659343 0
    outer loop
      vertex 2.83578 34.1642 4.4
      vertex 2.66328 33.9675 2
      vertex 2.66328 33.9675 4.4
    endloop
  endfacet
  facet normal -0.83145 0.5556 0
    outer loop
      vertex 2.51794 33.75 2
      vertex 2.66328 33.9675 4.4
      vertex 2.66328 33.9675 2
    endloop
  endfacet
  facet normal -0.83145 0.5556 0
    outer loop
      vertex 2.66328 33.9675 4.4
      vertex 2.51794 33.75 2
      vertex 2.51794 33.75 4.4
    endloop
  endfacet
  facet normal -0.89686 0.442314 0
    outer loop
      vertex 2.40224 33.5154 2
      vertex 2.51794 33.75 4.4
      vertex 2.51794 33.75 2
    endloop
  endfacet
  facet normal -0.89686 0.442314 0
    outer loop
      vertex 2.51794 33.75 4.4
      vertex 2.40224 33.5154 2
      vertex 2.40224 33.5154 4.4
    endloop
  endfacet
  facet normal -0.946961 0.321348 0
    outer loop
      vertex 2.31815 33.2676 2
      vertex 2.40224 33.5154 4.4
      vertex 2.40224 33.5154 2
    endloop
  endfacet
  facet normal -0.946961 0.321348 0
    outer loop
      vertex 2.40224 33.5154 4.4
      vertex 2.31815 33.2676 2
      vertex 2.31815 33.2676 4.4
    endloop
  endfacet
  facet normal -0.980786 0.195087 0
    outer loop
      vertex 2.26711 33.011 2
      vertex 2.31815 33.2676 4.4
      vertex 2.31815 33.2676 2
    endloop
  endfacet
  facet normal -0.980786 0.195087 0
    outer loop
      vertex 2.31815 33.2676 4.4
      vertex 2.26711 33.011 2
      vertex 2.26711 33.011 4.4
    endloop
  endfacet
  facet normal -0.997858 0.0654151 0
    outer loop
      vertex 2.25 32.75 2
      vertex 2.26711 33.011 4.4
      vertex 2.26711 33.011 2
    endloop
  endfacet
  facet normal -0.997858 0.0654151 0
    outer loop
      vertex 2.26711 33.011 4.4
      vertex 2.25 32.75 2
      vertex 2.25 32.75 4.4
    endloop
  endfacet
  facet normal -1 0 0
    outer loop
      vertex 2.25 4.25 2
      vertex 2.25 32.75 4.4
      vertex 2.25 32.75 2
    endloop
  endfacet
  facet normal -1 -0 0
    outer loop
      vertex 2.25 32.75 4.4
      vertex 2.25 4.25 2
      vertex 2.25 4.25 4.4
    endloop
  endfacet
  facet normal -0.997859 -0.0654002 0
    outer loop
      vertex 2.26711 3.98894 2
      vertex 2.25 4.25 4.4
      vertex 2.25 4.25 2
    endloop
  endfacet
  facet normal -0.997859 -0.0654002 0
    outer loop
      vertex 2.25 4.25 4.4
      vertex 2.26711 3.98894 2
      vertex 2.26711 3.98894 4.4
    endloop
  endfacet
  facet normal -0.980783 -0.195102 0
    outer loop
      vertex 2.31815 3.73236 2
      vertex 2.26711 3.98894 4.4
      vertex 2.26711 3.98894 2
    endloop
  endfacet
  facet normal -0.980783 -0.195102 0
    outer loop
      vertex 2.26711 3.98894 4.4
      vertex 2.31815 3.73236 2
      vertex 2.31815 3.73236 4.4
    endloop
  endfacet
  facet normal -0.946938 -0.321418 0
    outer loop
      vertex 2.40224 3.48462 2
      vertex 2.31815 3.73236 4.4
      vertex 2.31815 3.73236 2
    endloop
  endfacet
  facet normal -0.946938 -0.321418 0
    outer loop
      vertex 2.31815 3.73236 4.4
      vertex 2.40224 3.48462 2
      vertex 2.40224 3.48462 4.4
    endloop
  endfacet
  facet normal -0.896875 -0.442283 0
    outer loop
      vertex 2.51794 3.25 2
      vertex 2.40224 3.48462 4.4
      vertex 2.40224 3.48462 2
    endloop
  endfacet
  facet normal -0.896875 -0.442283 0
    outer loop
      vertex 2.40224 3.48462 4.4
      vertex 2.51794 3.25 2
      vertex 2.51794 3.25 4.4
    endloop
  endfacet
  facet normal -0.831485 -0.555547 0
    outer loop
      vertex 2.66328 3.03247 2
      vertex 2.51794 3.25 4.4
      vertex 2.51794 3.25 2
    endloop
  endfacet
  facet normal -0.831485 -0.555547 0
    outer loop
      vertex 2.51794 3.25 4.4
      vertex 2.66328 3.03247 2
      vertex 2.66328 3.03247 4.4
    endloop
  endfacet
  facet normal -0.751826 -0.659362 0
    outer loop
      vertex 2.83578 2.83578 2
      vertex 2.66328 3.03247 4.4
      vertex 2.66328 3.03247 2
    endloop
  endfacet
  facet normal -0.751826 -0.659362 0
    outer loop
      vertex 2.66328 3.03247 4.4
      vertex 2.83578 2.83578 2
      vertex 2.83578 2.83578 4.4
    endloop
  endfacet
  facet normal -0.659362 -0.751826 0
    outer loop
      vertex 2.83578 2.83578 2
      vertex 3.03247 2.66328 4.4
      vertex 2.83578 2.83578 4.4
    endloop
  endfacet
  facet normal -0.659362 -0.751826 -0
    outer loop
      vertex 3.03247 2.66328 4.4
      vertex 2.83578 2.83578 2
      vertex 3.03247 2.66328 2
    endloop
  endfacet
  facet normal -0.555547 -0.831485 0
    outer loop
      vertex 3.03247 2.66328 2
      vertex 3.25 2.51794 4.4
      vertex 3.03247 2.66328 4.4
    endloop
  endfacet
  facet normal -0.555547 -0.831485 -0
    outer loop
      vertex 3.25 2.51794 4.4
      vertex 3.03247 2.66328 2
      vertex 3.25 2.51794 2
    endloop
  endfacet
  facet normal -0.442283 -0.896875 0
    outer loop
      vertex 3.25 2.51794 2
      vertex 3.48462 2.40224 4.4
      vertex 3.25 2.51794 4.4
    endloop
  endfacet
  facet normal -0.442283 -0.896875 -0
    outer loop
      vertex 3.48462 2.40224 4.4
      vertex 3.25 2.51794 2
      vertex 3.48462 2.40224 2
    endloop
  endfacet
  facet normal -0.321418 -0.946938 0
    outer loop
      vertex 3.48462 2.40224 2
      vertex 3.73236 2.31815 4.4
      vertex 3.48462 2.40224 4.4
    endloop
  endfacet
  facet normal -0.321418 -0.946938 -0
    outer loop
      vertex 3.73236 2.31815 4.4
      vertex 3.48462 2.40224 2
      vertex 3.73236 2.31815 2
    endloop
  endfacet
  facet normal -0.195102 -0.980783 0
    outer loop
      vertex 3.73236 2.31815 2
      vertex 3.98894 2.26711 4.4
      vertex 3.73236 2.31815 4.4
    endloop
  endfacet
  facet normal -0.195102 -0.980783 -0
    outer loop
      vertex 3.98894 2.26711 4.4
      vertex 3.73236 2.31815 2
      vertex 3.98894 2.26711 2
    endloop
  endfacet
  facet normal -0.0654002 -0.997859 0
    outer loop
      vertex 3.98894 2.26711 2
      vertex 4.25 2.25 4.4
      vertex 3.98894 2.26711 4.4
    endloop
  endfacet
  facet normal -0.0654002 -0.997859 -0
    outer loop
      vertex 4.25 2.25 4.4
      vertex 3.98894 2.26711 2
      vertex 4.25 2.25 2
    endloop
  endfacet
  facet normal 0 -1 0
    outer loop
      vertex 4.25 2.25 2
      vertex 67.75 2.25 4.4
      vertex 4.25 2.25 4.4
    endloop
  endfacet
  facet normal 0 -1 -0
    outer loop
      vertex 67.75 2.25 4.4
      vertex 4.25 2.25 2
      vertex 67.75 2.25 2
    endloop
  endfacet
  facet normal 0.0654151 -0.997858 0
    outer loop
      vertex 67.75 2.25 2
      vertex 68.011 2.26711 4.4
      vertex 67.75 2.25 4.4
    endloop
  endfacet
  facet normal 0.0654151 -0.997858 0
    outer loop
      vertex 68.011 2.26711 4.4
      vertex 67.75 2.25 2
      vertex 68.011 2.26711 2
    endloop
  endfacet
  facet normal 0.0652757 0.997867 -0
    outer loop
      vertex 4.24998 3.45 2
      vertex 4.14557 3.45683 4.4
      vertex 4.24998 3.45 4.4
    endloop
  endfacet
  facet normal 0.0652757 0.997867 0
    outer loop
      vertex 4.14557 3.45683 4.4
      vertex 4.24998 3.45 2
      vertex 4.14557 3.45683 2
    endloop
  endfacet
  facet normal 0.195142 0.980775 -0
    outer loop
      vertex 4.14557 3.45683 2
      vertex 4.04294 3.47725 4.4
      vertex 4.14557 3.45683 4.4
    endloop
  endfacet
  facet normal 0.195142 0.980775 0
    outer loop
      vertex 4.04294 3.47725 4.4
      vertex 4.14557 3.45683 2
      vertex 4.04294 3.47725 2
    endloop
  endfacet
  facet normal 0.321384 0.946949 -0
    outer loop
      vertex 4.04294 3.47725 2
      vertex 3.94385 3.51088 4.4
      vertex 4.04294 3.47725 4.4
    endloop
  endfacet
  facet normal 0.321384 0.946949 0
    outer loop
      vertex 3.94385 3.51088 4.4
      vertex 4.04294 3.47725 2
      vertex 3.94385 3.51088 2
    endloop
  endfacet
  facet normal 0.442315 0.89686 -0
    outer loop
      vertex 3.94385 3.51088 2
      vertex 3.84999 3.55717 4.4
      vertex 3.94385 3.51088 4.4
    endloop
  endfacet
  facet normal 0.442315 0.89686 0
    outer loop
      vertex 3.84999 3.55717 4.4
      vertex 3.94385 3.51088 2
      vertex 3.84999 3.55717 2
    endloop
  endfacet
  facet normal 0.555626 0.831432 -0
    outer loop
      vertex 3.84999 3.55717 2
      vertex 3.76299 3.61531 4.4
      vertex 3.84999 3.55717 4.4
    endloop
  endfacet
  facet normal 0.555626 0.831432 0
    outer loop
      vertex 3.76299 3.61531 4.4
      vertex 3.84999 3.55717 2
      vertex 3.76299 3.61531 2
    endloop
  endfacet
  facet normal 0.659343 0.751842 -0
    outer loop
      vertex 3.76299 3.61531 2
      vertex 3.68431 3.68431 4.4
      vertex 3.76299 3.61531 4.4
    endloop
  endfacet
  facet normal 0.659343 0.751842 0
    outer loop
      vertex 3.68431 3.68431 4.4
      vertex 3.76299 3.61531 2
      vertex 3.68431 3.68431 2
    endloop
  endfacet
  facet normal 0.751842 0.659343 0
    outer loop
      vertex 3.68431 3.68431 4.4
      vertex 3.61531 3.76299 2
      vertex 3.61531 3.76299 4.4
    endloop
  endfacet
  facet normal 0.751842 0.659343 0
    outer loop
      vertex 3.61531 3.76299 2
      vertex 3.68431 3.68431 4.4
      vertex 3.68431 3.68431 2
    endloop
  endfacet
  facet normal 0.831432 0.555626 0
    outer loop
      vertex 3.61531 3.76299 4.4
      vertex 3.55717 3.84999 2
      vertex 3.55717 3.84999 4.4
    endloop
  endfacet
  facet normal 0.831432 0.555626 0
    outer loop
      vertex 3.55717 3.84999 2
      vertex 3.61531 3.76299 4.4
      vertex 3.61531 3.76299 2
    endloop
  endfacet
  facet normal 0.89686 0.442315 0
    outer loop
      vertex 3.55717 3.84999 4.4
      vertex 3.51088 3.94385 2
      vertex 3.51088 3.94385 4.4
    endloop
  endfacet
  facet normal 0.89686 0.442315 0
    outer loop
      vertex 3.51088 3.94385 2
      vertex 3.55717 3.84999 4.4
      vertex 3.55717 3.84999 2
    endloop
  endfacet
  facet normal 0.946949 0.321384 0
    outer loop
      vertex 3.51088 3.94385 4.4
      vertex 3.47725 4.04294 2
      vertex 3.47725 4.04294 4.4
    endloop
  endfacet
  facet normal 0.946949 0.321384 0
    outer loop
      vertex 3.47725 4.04294 2
      vertex 3.51088 3.94385 4.4
      vertex 3.51088 3.94385 2
    endloop
  endfacet
  facet normal 0.980775 0.195142 0
    outer loop
      vertex 3.47725 4.04294 4.4
      vertex 3.45683 4.14557 2
      vertex 3.45683 4.14557 4.4
    endloop
  endfacet
  facet normal 0.980775 0.195142 0
    outer loop
      vertex 3.45683 4.14557 2
      vertex 3.47725 4.04294 4.4
      vertex 3.47725 4.04294 2
    endloop
  endfacet
  facet normal 0.997867 0.0652757 0
    outer loop
      vertex 3.45683 4.14557 4.4
      vertex 3.45 4.24998 2
      vertex 3.45 4.24998 4.4
    endloop
  endfacet
  facet normal 0.997867 0.0652757 0
    outer loop
      vertex 3.45 4.24998 2
      vertex 3.45683 4.14557 4.4
      vertex 3.45683 4.14557 2
    endloop
  endfacet
  facet normal 1 -0 0
    outer loop
      vertex 3.45 4.24998 4.4
      vertex 3.45 32.75 2
      vertex 3.45 32.75 4.4
    endloop
  endfacet
  facet normal 1 0 0
    outer loop
      vertex 3.45 32.75 2
      vertex 3.45 4.24998 4.4
      vertex 3.45 4.24998 2
    endloop
  endfacet
  facet normal 0.997867 -0.0652819 0
    outer loop
      vertex 3.45 32.75 4.4
      vertex 3.45683 32.8544 2
      vertex 3.45683 32.8544 4.4
    endloop
  endfacet
  facet normal 0.997867 -0.0652819 0
    outer loop
      vertex 3.45683 32.8544 2
      vertex 3.45 32.75 4.4
      vertex 3.45 32.75 2
    endloop
  endfacet
  facet normal 0.980764 -0.195197 0
    outer loop
      vertex 3.45683 32.8544 4.4
      vertex 3.47725 32.957 2
      vertex 3.47725 32.957 4.4
    endloop
  endfacet
  facet normal 0.980764 -0.195197 0
    outer loop
      vertex 3.47725 32.957 2
      vertex 3.45683 32.8544 4.4
      vertex 3.45683 32.8544 2
    endloop
  endfacet
  facet normal 0.946959 -0.321354 0
    outer loop
      vertex 3.47725 32.957 4.4
      vertex 3.51088 33.0561 2
      vertex 3.51088 33.0561 4.4
    endloop
  endfacet
  facet normal 0.946959 -0.321354 0
    outer loop
      vertex 3.51088 33.0561 2
      vertex 3.47725 32.957 4.4
      vertex 3.47725 32.957 2
    endloop
  endfacet
  facet normal 0.896935 -0.442163 0
    outer loop
      vertex 3.51088 33.0561 4.4
      vertex 3.55717 33.15 2
      vertex 3.55717 33.15 4.4
    endloop
  endfacet
  facet normal 0.896935 -0.442163 0
    outer loop
      vertex 3.55717 33.15 2
      vertex 3.51088 33.0561 4.4
      vertex 3.51088 33.0561 2
    endloop
  endfacet
  facet normal 0.831432 -0.555626 0
    outer loop
      vertex 3.55717 33.15 4.4
      vertex 3.61531 33.237 2
      vertex 3.61531 33.237 4.4
    endloop
  endfacet
  facet normal 0.831432 -0.555626 0
    outer loop
      vertex 3.61531 33.237 2
      vertex 3.55717 33.15 4.4
      vertex 3.55717 33.15 2
    endloop
  endfacet
  facet normal 0.751925 -0.659248 0
    outer loop
      vertex 3.61531 33.237 4.4
      vertex 3.68431 33.3157 2
      vertex 3.68431 33.3157 4.4
    endloop
  endfacet
  facet normal 0.751925 -0.659248 0
    outer loop
      vertex 3.68431 33.3157 2
      vertex 3.61531 33.237 4.4
      vertex 3.61531 33.237 2
    endloop
  endfacet
  facet normal 0.659343 -0.751842 0
    outer loop
      vertex 3.68431 33.3157 2
      vertex 3.76299 33.3847 4.4
      vertex 3.68431 33.3157 4.4
    endloop
  endfacet
  facet normal 0.659343 -0.751842 0
    outer loop
      vertex 3.76299 33.3847 4.4
      vertex 3.68431 33.3157 2
      vertex 3.76299 33.3847 2
    endloop
  endfacet
  facet normal 0.555362 -0.831609 0
    outer loop
      vertex 3.76299 33.3847 2
      vertex 3.84999 33.4428 4.4
      vertex 3.76299 33.3847 4.4
    endloop
  endfacet
  facet normal 0.555362 -0.831609 0
    outer loop
      vertex 3.84999 33.4428 4.4
      vertex 3.76299 33.3847 2
      vertex 3.84999 33.4428 2
    endloop
  endfacet
  facet normal 0.442391 -0.896822 0
    outer loop
      vertex 3.84999 33.4428 2
      vertex 3.94385 33.4891 4.4
      vertex 3.84999 33.4428 4.4
    endloop
  endfacet
  facet normal 0.442391 -0.896822 0
    outer loop
      vertex 3.94385 33.4891 4.4
      vertex 3.84999 33.4428 2
      vertex 3.94385 33.4891 2
    endloop
  endfacet
  facet normal 0.321126 -0.947036 0
    outer loop
      vertex 3.94385 33.4891 2
      vertex 4.04294 33.5227 4.4
      vertex 3.94385 33.4891 4.4
    endloop
  endfacet
  facet normal 0.321126 -0.947036 0
    outer loop
      vertex 4.04294 33.5227 4.4
      vertex 3.94385 33.4891 2
      vertex 4.04294 33.5227 2
    endloop
  endfacet
  facet normal 0.195877 -0.980628 0
    outer loop
      vertex 4.04294 33.5227 2
      vertex 4.14557 33.5432 4.4
      vertex 4.04294 33.5227 4.4
    endloop
  endfacet
  facet normal 0.195877 -0.980628 0
    outer loop
      vertex 4.14557 33.5432 4.4
      vertex 4.04294 33.5227 2
      vertex 4.14557 33.5432 2
    endloop
  endfacet
  facet normal 0.0649902 -0.997886 0
    outer loop
      vertex 4.14557 33.5432 2
      vertex 4.24998 33.55 4.4
      vertex 4.14557 33.5432 4.4
    endloop
  endfacet
  facet normal 0.0649902 -0.997886 0
    outer loop
      vertex 4.24998 33.55 4.4
      vertex 4.14557 33.5432 2
      vertex 4.24998 33.55 2
    endloop
  endfacet
  facet normal 0 -1 0
    outer loop
      vertex 4.24998 33.55 2
      vertex 67.75 33.55 4.4
      vertex 4.24998 33.55 4.4
    endloop
  endfacet
  facet normal 0 -1 -0
    outer loop
      vertex 67.75 33.55 4.4
      vertex 4.24998 33.55 2
      vertex 67.75 33.55 2
    endloop
  endfacet
  facet normal -0.0649964 -0.997886 0
    outer loop
      vertex 67.75 33.55 2
      vertex 67.8544 33.5432 4.4
      vertex 67.75 33.55 4.4
    endloop
  endfacet
  facet normal -0.0649964 -0.997886 -0
    outer loop
      vertex 67.8544 33.5432 4.4
      vertex 67.75 33.55 2
      vertex 67.8544 33.5432 2
    endloop
  endfacet
  facet normal -0.195932 -0.980617 0
    outer loop
      vertex 67.8544 33.5432 2
      vertex 67.957 33.5227 4.4
      vertex 67.8544 33.5432 4.4
    endloop
  endfacet
  facet normal -0.195932 -0.980617 -0
    outer loop
      vertex 67.957 33.5227 4.4
      vertex 67.8544 33.5432 2
      vertex 67.957 33.5227 2
    endloop
  endfacet
  facet normal -0.321097 -0.947046 0
    outer loop
      vertex 67.957 33.5227 2
      vertex 68.0561 33.4891 4.4
      vertex 67.957 33.5227 4.4
    endloop
  endfacet
  facet normal -0.321097 -0.947046 -0
    outer loop
      vertex 68.0561 33.4891 4.4
      vertex 67.957 33.5227 2
      vertex 68.0561 33.4891 2
    endloop
  endfacet
  facet normal -0.44224 -0.896897 0
    outer loop
      vertex 68.0561 33.4891 2
      vertex 68.15 33.4428 4.4
      vertex 68.0561 33.4891 4.4
    endloop
  endfacet
  facet normal -0.44224 -0.896897 -0
    outer loop
      vertex 68.15 33.4428 4.4
      vertex 68.0561 33.4891 2
      vertex 68.15 33.4428 2
    endloop
  endfacet
  facet normal -0.555362 -0.831609 0
    outer loop
      vertex 68.15 33.4428 2
      vertex 68.237 33.3847 4.4
      vertex 68.15 33.4428 4.4
    endloop
  endfacet
  facet normal -0.555362 -0.831609 -0
    outer loop
      vertex 68.237 33.3847 4.4
      vertex 68.15 33.4428 2
      vertex 68.237 33.3847 2
    endloop
  endfacet
  facet normal -0.659248 -0.751925 0
    outer loop
      vertex 68.237 33.3847 2
      vertex 68.3157 33.3157 4.4
      vertex 68.237 33.3847 4.4
    endloop
  endfacet
  facet normal -0.659248 -0.751925 -0
    outer loop
      vertex 68.3157 33.3157 4.4
      vertex 68.237 33.3847 2
      vertex 68.3157 33.3157 2
    endloop
  endfacet
  facet normal -0.751925 -0.659248 0
    outer loop
      vertex 68.3847 33.237 2
      vertex 68.3157 33.3157 4.4
      vertex 68.3157 33.3157 2
    endloop
  endfacet
  facet normal -0.751925 -0.659248 0
    outer loop
      vertex 68.3157 33.3157 4.4
      vertex 68.3847 33.237 2
      vertex 68.3847 33.237 4.4
    endloop
  endfacet
  facet normal -0.831609 -0.555362 0
    outer loop
      vertex 68.4428 33.15 2
      vertex 68.3847 33.237 4.4
      vertex 68.3847 33.237 2
    endloop
  endfacet
  facet normal -0.831609 -0.555362 0
    outer loop
      vertex 68.3847 33.237 4.4
      vertex 68.4428 33.15 2
      vertex 68.4428 33.15 4.4
    endloop
  endfacet
  facet normal -0.896897 -0.44224 0
    outer loop
      vertex 68.4891 33.0561 2
      vertex 68.4428 33.15 4.4
      vertex 68.4428 33.15 2
    endloop
  endfacet
  facet normal -0.896897 -0.44224 0
    outer loop
      vertex 68.4428 33.15 4.4
      vertex 68.4891 33.0561 2
      vertex 68.4891 33.0561 4.4
    endloop
  endfacet
  facet normal -0.947046 -0.321097 0
    outer loop
      vertex 68.5227 32.957 2
      vertex 68.4891 33.0561 4.4
      vertex 68.4891 33.0561 2
    endloop
  endfacet
  facet normal -0.947046 -0.321097 0
    outer loop
      vertex 68.4891 33.0561 4.4
      vertex 68.5227 32.957 2
      vertex 68.5227 32.957 4.4
    endloop
  endfacet
  facet normal -0.980617 -0.195932 0
    outer loop
      vertex 68.5432 32.8544 2
      vertex 68.5227 32.957 4.4
      vertex 68.5227 32.957 2
    endloop
  endfacet
  facet normal -0.980617 -0.195932 0
    outer loop
      vertex 68.5227 32.957 4.4
      vertex 68.5432 32.8544 2
      vertex 68.5432 32.8544 4.4
    endloop
  endfacet
  facet normal -0.997886 -0.0649964 0
    outer loop
      vertex 68.55 32.75 2
      vertex 68.5432 32.8544 4.4
      vertex 68.5432 32.8544 2
    endloop
  endfacet
  facet normal -0.997886 -0.0649964 0
    outer loop
      vertex 68.5432 32.8544 4.4
      vertex 68.55 32.75 2
      vertex 68.55 32.75 4.4
    endloop
  endfacet
  facet normal -1 0 0
    outer loop
      vertex 68.55 4.24998 2
      vertex 68.55 32.75 4.4
      vertex 68.55 32.75 2
    endloop
  endfacet
  facet normal -1 -0 0
    outer loop
      vertex 68.55 32.75 4.4
      vertex 68.55 4.24998 2
      vertex 68.55 4.24998 4.4
    endloop
  endfacet
  facet normal -0.997886 0.0649902 0
    outer loop
      vertex 68.5432 4.14557 2
      vertex 68.55 4.24998 4.4
      vertex 68.55 4.24998 2
    endloop
  endfacet
  facet normal -0.997886 0.0649902 0
    outer loop
      vertex 68.55 4.24998 4.4
      vertex 68.5432 4.14557 2
      vertex 68.5432 4.14557 4.4
    endloop
  endfacet
  facet normal -0.980628 0.195877 0
    outer loop
      vertex 68.5227 4.04294 2
      vertex 68.5432 4.14557 4.4
      vertex 68.5432 4.14557 2
    endloop
  endfacet
  facet normal -0.980628 0.195877 0
    outer loop
      vertex 68.5432 4.14557 4.4
      vertex 68.5227 4.04294 2
      vertex 68.5227 4.04294 4.4
    endloop
  endfacet
  facet normal -0.947036 0.321126 0
    outer loop
      vertex 68.4891 3.94385 2
      vertex 68.5227 4.04294 4.4
      vertex 68.5227 4.04294 2
    endloop
  endfacet
  facet normal -0.947036 0.321126 0
    outer loop
      vertex 68.5227 4.04294 4.4
      vertex 68.4891 3.94385 2
      vertex 68.4891 3.94385 4.4
    endloop
  endfacet
  facet normal -0.896822 0.442391 0
    outer loop
      vertex 68.4428 3.84999 2
      vertex 68.4891 3.94385 4.4
      vertex 68.4891 3.94385 2
    endloop
  endfacet
  facet normal -0.896822 0.442391 0
    outer loop
      vertex 68.4891 3.94385 4.4
      vertex 68.4428 3.84999 2
      vertex 68.4428 3.84999 4.4
    endloop
  endfacet
  facet normal -0.831609 0.555362 0
    outer loop
      vertex 68.3847 3.76299 2
      vertex 68.4428 3.84999 4.4
      vertex 68.4428 3.84999 2
    endloop
  endfacet
  facet normal -0.831609 0.555362 0
    outer loop
      vertex 68.4428 3.84999 4.4
      vertex 68.3847 3.76299 2
      vertex 68.3847 3.76299 4.4
    endloop
  endfacet
  facet normal -0.751842 0.659343 0
    outer loop
      vertex 68.3157 3.68431 2
      vertex 68.3847 3.76299 4.4
      vertex 68.3847 3.76299 2
    endloop
  endfacet
  facet normal -0.751842 0.659343 0
    outer loop
      vertex 68.3847 3.76299 4.4
      vertex 68.3157 3.68431 2
      vertex 68.3157 3.68431 4.4
    endloop
  endfacet
  facet normal -0.659248 0.751925 0
    outer loop
      vertex 68.3157 3.68431 2
      vertex 68.237 3.61531 4.4
      vertex 68.3157 3.68431 4.4
    endloop
  endfacet
  facet normal -0.659248 0.751925 0
    outer loop
      vertex 68.237 3.61531 4.4
      vertex 68.3157 3.68431 2
      vertex 68.237 3.61531 2
    endloop
  endfacet
  facet normal -0.555626 0.831432 0
    outer loop
      vertex 68.237 3.61531 2
      vertex 68.15 3.55717 4.4
      vertex 68.237 3.61531 4.4
    endloop
  endfacet
  facet normal -0.555626 0.831432 0
    outer loop
      vertex 68.15 3.55717 4.4
      vertex 68.237 3.61531 2
      vertex 68.15 3.55717 2
    endloop
  endfacet
  facet normal -0.442163 0.896935 0
    outer loop
      vertex 68.15 3.55717 2
      vertex 68.0561 3.51088 4.4
      vertex 68.15 3.55717 4.4
    endloop
  endfacet
  facet normal -0.442163 0.896935 0
    outer loop
      vertex 68.0561 3.51088 4.4
      vertex 68.15 3.55717 2
      vertex 68.0561 3.51088 2
    endloop
  endfacet
  facet normal -0.321354 0.946959 0
    outer loop
      vertex 68.0561 3.51088 2
      vertex 67.957 3.47725 4.4
      vertex 68.0561 3.51088 4.4
    endloop
  endfacet
  facet normal -0.321354 0.946959 0
    outer loop
      vertex 67.957 3.47725 4.4
      vertex 68.0561 3.51088 2
      vertex 67.957 3.47725 2
    endloop
  endfacet
  facet normal -0.195197 0.980764 0
    outer loop
      vertex 67.957 3.47725 2
      vertex 67.8544 3.45683 4.4
      vertex 67.957 3.47725 4.4
    endloop
  endfacet
  facet normal -0.195197 0.980764 0
    outer loop
      vertex 67.8544 3.45683 4.4
      vertex 67.957 3.47725 2
      vertex 67.8544 3.45683 2
    endloop
  endfacet
  facet normal -0.0652819 0.997867 0
    outer loop
      vertex 67.8544 3.45683 2
      vertex 67.75 3.45 4.4
      vertex 67.8544 3.45683 4.4
    endloop
  endfacet
  facet normal -0.0652819 0.997867 0
    outer loop
      vertex 67.75 3.45 4.4
      vertex 67.8544 3.45683 2
      vertex 67.75 3.45 2
    endloop
  endfacet
  facet normal 0 1 -0
    outer loop
      vertex 67.75 3.45 2
      vertex 4.24998 3.45 4.4
      vertex 67.75 3.45 4.4
    endloop
  endfacet
  facet normal 0 1 0
    outer loop
      vertex 4.24998 3.45 4.4
      vertex 67.75 3.45 2
      vertex 4.24998 3.45 2
    endloop
  endfacet
  facet normal -0.659355 -0.751832 0
    outer loop
      vertex 7.8827 8.15036 0
      vertex 8.0253 8.0253 2
      vertex 7.8827 8.15036 2
    endloop
  endfacet
  facet normal -0.659355 -0.751832 -0
    outer loop
      vertex 8.0253 8.0253 2
      vertex 7.8827 8.15036 0
      vertex 8.0253 8.0253 0
    endloop
  endfacet
  facet normal 0.442251 -0.896891 0
    outer loop
      vertex 6.275 8.25574 0
      vertex 6.44511 8.33962 2
      vertex 6.275 8.25574 2
    endloop
  endfacet
  facet normal 0.442251 -0.896891 0
    outer loop
      vertex 6.44511 8.33962 2
      vertex 6.275 8.25574 0
      vertex 6.44511 8.33962 0
    endloop
  endfacet
  facet normal -0.946924 -0.321458 0
    outer loop
      vertex 8.40059 7.37529 0
      vertex 8.33962 7.55489 2
      vertex 8.33962 7.55489 0
    endloop
  endfacet
  facet normal -0.946924 -0.321458 0
    outer loop
      vertex 8.33962 7.55489 2
      vertex 8.40059 7.37529 0
      vertex 8.40059 7.37529 2
    endloop
  endfacet
  facet normal -0.321411 0.94694 0
    outer loop
      vertex 7.55489 5.66037 0
      vertex 7.37529 5.59941 2
      vertex 7.55489 5.66037 2
    endloop
  endfacet
  facet normal -0.321411 0.94694 0
    outer loop
      vertex 7.37529 5.59941 2
      vertex 7.55489 5.66037 0
      vertex 7.37529 5.59941 0
    endloop
  endfacet
  facet normal 0.997861 -0.0653782 0
    outer loop
      vertex 5.55 7 2
      vertex 5.5624 7.18926 0
      vertex 5.5624 7.18926 2
    endloop
  endfacet
  facet normal 0.997861 -0.0653782 0
    outer loop
      vertex 5.5624 7.18926 0
      vertex 5.55 7 2
      vertex 5.55 7 0
    endloop
  endfacet
  facet normal -0.751832 -0.659355 0
    outer loop
      vertex 8.15036 7.8827 0
      vertex 8.0253 8.0253 2
      vertex 8.0253 8.0253 0
    endloop
  endfacet
  facet normal -0.751832 -0.659355 0
    outer loop
      vertex 8.0253 8.0253 2
      vertex 8.15036 7.8827 0
      vertex 8.15036 7.8827 2
    endloop
  endfacet
  facet normal -0.997857 -0.0654307 0
    outer loop
      vertex 8.45 7 0
      vertex 8.43759 7.18926 2
      vertex 8.43759 7.18926 0
    endloop
  endfacet
  facet normal -0.997857 -0.0654307 0
    outer loop
      vertex 8.43759 7.18926 2
      vertex 8.45 7 0
      vertex 8.45 7 2
    endloop
  endfacet
  facet normal -0.83145 -0.5556 0
    outer loop
      vertex 8.25574 7.725 0
      vertex 8.15036 7.8827 2
      vertex 8.15036 7.8827 0
    endloop
  endfacet
  facet normal -0.83145 -0.5556 0
    outer loop
      vertex 8.15036 7.8827 2
      vertex 8.25574 7.725 0
      vertex 8.25574 7.725 2
    endloop
  endfacet
  facet normal -0.442293 0.896871 0
    outer loop
      vertex 7.725 5.74426 0
      vertex 7.55489 5.66037 2
      vertex 7.725 5.74426 2
    endloop
  endfacet
  facet normal -0.442293 0.896871 0
    outer loop
      vertex 7.55489 5.66037 2
      vertex 7.725 5.74426 0
      vertex 7.55489 5.66037 0
    endloop
  endfacet
  facet normal 0.896871 -0.442293 0
    outer loop
      vertex 5.66037 7.55489 2
      vertex 5.74426 7.725 0
      vertex 5.74426 7.725 2
    endloop
  endfacet
  facet normal 0.896871 -0.442293 0
    outer loop
      vertex 5.74426 7.725 0
      vertex 5.66037 7.55489 2
      vertex 5.66037 7.55489 0
    endloop
  endfacet
  facet normal -0.980789 -0.195072 0
    outer loop
      vertex 8.43759 7.18926 0
      vertex 8.40059 7.37529 2
      vertex 8.40059 7.37529 0
    endloop
  endfacet
  facet normal -0.980789 -0.195072 0
    outer loop
      vertex 8.40059 7.37529 2
      vertex 8.43759 7.18926 0
      vertex 8.43759 7.18926 2
    endloop
  endfacet
  facet normal 0.0653782 0.997861 -0
    outer loop
      vertex 7 5.55 0
      vertex 6.81074 5.5624 2
      vertex 7 5.55 2
    endloop
  endfacet
  facet normal 0.0653782 0.997861 0
    outer loop
      vertex 6.81074 5.5624 2
      vertex 7 5.55 0
      vertex 6.81074 5.5624 0
    endloop
  endfacet
  facet normal -0.751854 0.659329 0
    outer loop
      vertex 8.0253 5.97469 0
      vertex 8.15036 6.1173 2
      vertex 8.15036 6.1173 0
    endloop
  endfacet
  facet normal -0.751854 0.659329 0
    outer loop
      vertex 8.15036 6.1173 2
      vertex 8.0253 5.97469 0
      vertex 8.0253 5.97469 2
    endloop
  endfacet
  facet normal -0.896891 0.442251 0
    outer loop
      vertex 8.25574 6.275 0
      vertex 8.33962 6.44511 2
      vertex 8.33962 6.44511 0
    endloop
  endfacet
  facet normal -0.896891 0.442251 0
    outer loop
      vertex 8.33962 6.44511 2
      vertex 8.25574 6.275 0
      vertex 8.25574 6.275 2
    endloop
  endfacet
  facet normal -0.442251 -0.896891 0
    outer loop
      vertex 7.55489 8.33962 0
      vertex 7.725 8.25574 2
      vertex 7.55489 8.33962 2
    endloop
  endfacet
  facet normal -0.442251 -0.896891 -0
    outer loop
      vertex 7.725 8.25574 2
      vertex 7.55489 8.33962 0
      vertex 7.725 8.25574 0
    endloop
  endfacet
  facet normal 0.751881 0.659299 0
    outer loop
      vertex 5.97469 5.97469 2
      vertex 5.84964 6.1173 0
      vertex 5.84964 6.1173 2
    endloop
  endfacet
  facet normal 0.751881 0.659299 0
    outer loop
      vertex 5.84964 6.1173 0
      vertex 5.97469 5.97469 2
      vertex 5.97469 5.97469 0
    endloop
  endfacet
  facet normal -0.0654307 -0.997857 0
    outer loop
      vertex 7 8.45 0
      vertex 7.18926 8.43759 2
      vertex 7 8.45 2
    endloop
  endfacet
  facet normal -0.0654307 -0.997857 -0
    outer loop
      vertex 7.18926 8.43759 2
      vertex 7 8.45 0
      vertex 7.18926 8.43759 0
    endloop
  endfacet
  facet normal -0.0653782 0.997861 0
    outer loop
      vertex 7.18926 5.5624 0
      vertex 7 5.55 2
      vertex 7.18926 5.5624 2
    endloop
  endfacet
  facet normal -0.0653782 0.997861 0
    outer loop
      vertex 7 5.55 2
      vertex 7.18926 5.5624 0
      vertex 7 5.55 0
    endloop
  endfacet
  facet normal -0.195122 0.980779 0
    outer loop
      vertex 7.37529 5.59941 0
      vertex 7.18926 5.5624 2
      vertex 7.37529 5.59941 2
    endloop
  endfacet
  facet normal -0.195122 0.980779 0
    outer loop
      vertex 7.18926 5.5624 2
      vertex 7.37529 5.59941 0
      vertex 7.18926 5.5624 0
    endloop
  endfacet
  facet normal 0.321458 -0.946924 0
    outer loop
      vertex 6.44511 8.33962 0
      vertex 6.62471 8.40059 2
      vertex 6.44511 8.33962 2
    endloop
  endfacet
  facet normal 0.321458 -0.946924 0
    outer loop
      vertex 6.62471 8.40059 2
      vertex 6.44511 8.33962 0
      vertex 6.62471 8.40059 0
    endloop
  endfacet
  facet normal 0.5556 0.83145 -0
    outer loop
      vertex 6.275 5.74426 0
      vertex 6.1173 5.84964 2
      vertex 6.275 5.74426 2
    endloop
  endfacet
  facet normal 0.5556 0.83145 0
    outer loop
      vertex 6.1173 5.84964 2
      vertex 6.275 5.74426 0
      vertex 6.1173 5.84964 0
    endloop
  endfacet
  facet normal 0.980779 -0.195122 0
    outer loop
      vertex 5.5624 7.18926 2
      vertex 5.59941 7.37529 0
      vertex 5.59941 7.37529 2
    endloop
  endfacet
  facet normal 0.980779 -0.195122 0
    outer loop
      vertex 5.59941 7.37529 0
      vertex 5.5624 7.18926 2
      vertex 5.5624 7.18926 0
    endloop
  endfacet
  facet normal 0.195072 -0.980789 0
    outer loop
      vertex 6.62471 8.40059 0
      vertex 6.81074 8.43759 2
      vertex 6.62471 8.40059 2
    endloop
  endfacet
  facet normal 0.195072 -0.980789 0
    outer loop
      vertex 6.81074 8.43759 2
      vertex 6.62471 8.40059 0
      vertex 6.81074 8.43759 0
    endloop
  endfacet
  facet normal 0.896871 0.442293 0
    outer loop
      vertex 5.74426 6.275 2
      vertex 5.66037 6.44511 0
      vertex 5.66037 6.44511 2
    endloop
  endfacet
  facet normal 0.896871 0.442293 0
    outer loop
      vertex 5.66037 6.44511 0
      vertex 5.74426 6.275 2
      vertex 5.74426 6.275 0
    endloop
  endfacet
  facet normal -0.5556 -0.83145 0
    outer loop
      vertex 7.725 8.25574 0
      vertex 7.8827 8.15036 2
      vertex 7.725 8.25574 2
    endloop
  endfacet
  facet normal -0.5556 -0.83145 -0
    outer loop
      vertex 7.8827 8.15036 2
      vertex 7.725 8.25574 0
      vertex 7.8827 8.15036 0
    endloop
  endfacet
  facet normal 0.751858 -0.659325 0
    outer loop
      vertex 5.84964 7.8827 2
      vertex 5.97469 8.0253 0
      vertex 5.97469 8.0253 2
    endloop
  endfacet
  facet normal 0.751858 -0.659325 0
    outer loop
      vertex 5.97469 8.0253 0
      vertex 5.84964 7.8827 2
      vertex 5.84964 7.8827 0
    endloop
  endfacet
  facet normal -0.980789 0.195072 0
    outer loop
      vertex 8.40059 6.62471 0
      vertex 8.43759 6.81074 2
      vertex 8.43759 6.81074 0
    endloop
  endfacet
  facet normal -0.980789 0.195072 0
    outer loop
      vertex 8.43759 6.81074 2
      vertex 8.40059 6.62471 0
      vertex 8.40059 6.62471 2
    endloop
  endfacet
  facet normal -0.997857 0.0654307 0
    outer loop
      vertex 8.43759 6.81074 0
      vertex 8.45 7 2
      vertex 8.45 7 0
    endloop
  endfacet
  facet normal -0.997857 0.0654307 0
    outer loop
      vertex 8.45 7 2
      vertex 8.43759 6.81074 0
      vertex 8.43759 6.81074 2
    endloop
  endfacet
  facet normal 0.442293 0.896871 -0
    outer loop
      vertex 6.44511 5.66037 0
      vertex 6.275 5.74426 2
      vertex 6.44511 5.66037 2
    endloop
  endfacet
  facet normal 0.442293 0.896871 0
    outer loop
      vertex 6.275 5.74426 2
      vertex 6.44511 5.66037 0
      vertex 6.275 5.74426 0
    endloop
  endfacet
  facet normal -0.946924 0.321458 0
    outer loop
      vertex 8.33962 6.44511 0
      vertex 8.40059 6.62471 2
      vertex 8.40059 6.62471 0
    endloop
  endfacet
  facet normal -0.946924 0.321458 0
    outer loop
      vertex 8.40059 6.62471 2
      vertex 8.33962 6.44511 0
      vertex 8.33962 6.44511 2
    endloop
  endfacet
  facet normal 0.997861 0.0653782 0
    outer loop
      vertex 5.5624 6.81074 2
      vertex 5.55 7 0
      vertex 5.55 7 2
    endloop
  endfacet
  facet normal 0.997861 0.0653782 0
    outer loop
      vertex 5.55 7 0
      vertex 5.5624 6.81074 2
      vertex 5.5624 6.81074 0
    endloop
  endfacet
  facet normal 0.321411 0.94694 -0
    outer loop
      vertex 6.62471 5.59941 0
      vertex 6.44511 5.66037 2
      vertex 6.62471 5.59941 2
    endloop
  endfacet
  facet normal 0.321411 0.94694 0
    outer loop
      vertex 6.44511 5.66037 2
      vertex 6.62471 5.59941 0
      vertex 6.44511 5.66037 0
    endloop
  endfacet
  facet normal -0.659325 0.751858 0
    outer loop
      vertex 8.0253 5.97469 0
      vertex 7.8827 5.84964 2
      vertex 8.0253 5.97469 2
    endloop
  endfacet
  facet normal -0.659325 0.751858 0
    outer loop
      vertex 7.8827 5.84964 2
      vertex 8.0253 5.97469 0
      vertex 7.8827 5.84964 0
    endloop
  endfacet
  facet normal -0.321458 -0.946924 0
    outer loop
      vertex 7.37529 8.40059 0
      vertex 7.55489 8.33962 2
      vertex 7.37529 8.40059 2
    endloop
  endfacet
  facet normal -0.321458 -0.946924 -0
    outer loop
      vertex 7.55489 8.33962 2
      vertex 7.37529 8.40059 0
      vertex 7.55489 8.33962 0
    endloop
  endfacet
  facet normal 0.0654307 -0.997857 0
    outer loop
      vertex 6.81074 8.43759 0
      vertex 7 8.45 2
      vertex 6.81074 8.43759 2
    endloop
  endfacet
  facet normal 0.0654307 -0.997857 0
    outer loop
      vertex 7 8.45 2
      vertex 6.81074 8.43759 0
      vertex 7 8.45 0
    endloop
  endfacet
  facet normal -0.83145 0.5556 0
    outer loop
      vertex 8.15036 6.1173 0
      vertex 8.25574 6.275 2
      vertex 8.25574 6.275 0
    endloop
  endfacet
  facet normal -0.83145 0.5556 0
    outer loop
      vertex 8.25574 6.275 2
      vertex 8.15036 6.1173 0
      vertex 8.15036 6.1173 2
    endloop
  endfacet
  facet normal -0.896891 -0.442251 0
    outer loop
      vertex 8.33962 7.55489 0
      vertex 8.25574 7.725 2
      vertex 8.25574 7.725 0
    endloop
  endfacet
  facet normal -0.896891 -0.442251 0
    outer loop
      vertex 8.25574 7.725 2
      vertex 8.33962 7.55489 0
      vertex 8.33962 7.55489 2
    endloop
  endfacet
  facet normal 0.94694 0.321411 0
    outer loop
      vertex 5.66037 6.44511 2
      vertex 5.59941 6.62471 0
      vertex 5.59941 6.62471 2
    endloop
  endfacet
  facet normal 0.94694 0.321411 0
    outer loop
      vertex 5.59941 6.62471 0
      vertex 5.66037 6.44511 2
      vertex 5.66037 6.44511 0
    endloop
  endfacet
  facet normal 0.980779 0.195122 0
    outer loop
      vertex 5.59941 6.62471 2
      vertex 5.5624 6.81074 0
      vertex 5.5624 6.81074 2
    endloop
  endfacet
  facet normal 0.980779 0.195122 0
    outer loop
      vertex 5.5624 6.81074 0
      vertex 5.59941 6.62471 2
      vertex 5.59941 6.62471 0
    endloop
  endfacet
  facet normal 0.659299 0.751881 -0
    outer loop
      vertex 6.1173 5.84964 0
      vertex 5.97469 5.97469 2
      vertex 6.1173 5.84964 2
    endloop
  endfacet
  facet normal 0.659299 0.751881 0
    outer loop
      vertex 5.97469 5.97469 2
      vertex 6.1173 5.84964 0
      vertex 5.97469 5.97469 0
    endloop
  endfacet
  facet normal 0.83145 0.5556 0
    outer loop
      vertex 5.84964 6.1173 2
      vertex 5.74426 6.275 0
      vertex 5.74426 6.275 2
    endloop
  endfacet
  facet normal 0.83145 0.5556 0
    outer loop
      vertex 5.74426 6.275 0
      vertex 5.84964 6.1173 2
      vertex 5.84964 6.1173 0
    endloop
  endfacet
  facet normal -0.5556 0.83145 0
    outer loop
      vertex 7.8827 5.84964 0
      vertex 7.725 5.74426 2
      vertex 7.8827 5.84964 2
    endloop
  endfacet
  facet normal -0.5556 0.83145 0
    outer loop
      vertex 7.725 5.74426 2
      vertex 7.8827 5.84964 0
      vertex 7.725 5.74426 0
    endloop
  endfacet
  facet normal 0.5556 -0.83145 0
    outer loop
      vertex 6.1173 8.15036 0
      vertex 6.275 8.25574 2
      vertex 6.1173 8.15036 2
    endloop
  endfacet
  facet normal 0.5556 -0.83145 0
    outer loop
      vertex 6.275 8.25574 2
      vertex 6.1173 8.15036 0
      vertex 6.275 8.25574 0
    endloop
  endfacet
  facet normal 0.659329 -0.751854 0
    outer loop
      vertex 5.97469 8.0253 0
      vertex 6.1173 8.15036 2
      vertex 5.97469 8.0253 2
    endloop
  endfacet
  facet normal 0.659329 -0.751854 0
    outer loop
      vertex 6.1173 8.15036 2
      vertex 5.97469 8.0253 0
      vertex 6.1173 8.15036 0
    endloop
  endfacet
  facet normal 0.83145 -0.5556 0
    outer loop
      vertex 5.74426 7.725 2
      vertex 5.84964 7.8827 0
      vertex 5.84964 7.8827 2
    endloop
  endfacet
  facet normal 0.83145 -0.5556 0
    outer loop
      vertex 5.84964 7.8827 0
      vertex 5.74426 7.725 2
      vertex 5.74426 7.725 0
    endloop
  endfacet
  facet normal 0.195122 0.980779 -0
    outer loop
      vertex 6.81074 5.5624 0
      vertex 6.62471 5.59941 2
      vertex 6.81074 5.5624 2
    endloop
  endfacet
  facet normal 0.195122 0.980779 0
    outer loop
      vertex 6.62471 5.59941 2
      vertex 6.81074 5.5624 0
      vertex 6.62471 5.59941 0
    endloop
  endfacet
  facet normal -0.195072 -0.980789 0
    outer loop
      vertex 7.18926 8.43759 0
      vertex 7.37529 8.40059 2
      vertex 7.18926 8.43759 2
    endloop
  endfacet
  facet normal -0.195072 -0.980789 -0
    outer loop
      vertex 7.37529 8.40059 2
      vertex 7.18926 8.43759 0
      vertex 7.37529 8.40059 0
    endloop
  endfacet
  facet normal 0.94694 -0.321411 0
    outer loop
      vertex 5.59941 7.37529 2
      vertex 5.66037 7.55489 0
      vertex 5.66037 7.55489 2
    endloop
  endfacet
  facet normal 0.94694 -0.321411 0
    outer loop
      vertex 5.66037 7.55489 0
      vertex 5.59941 7.37529 2
      vertex 5.59941 7.37529 0
    endloop
  endfacet
  facet normal -0.659355 -0.751832 0
    outer loop
      vertex 65.8827 8.15036 0
      vertex 66.0253 8.0253 2
      vertex 65.8827 8.15036 2
    endloop
  endfacet
  facet normal -0.659355 -0.751832 -0
    outer loop
      vertex 66.0253 8.0253 2
      vertex 65.8827 8.15036 0
      vertex 66.0253 8.0253 0
    endloop
  endfacet
  facet normal -0.946876 0.3216 0
    outer loop
      vertex 66.3396 6.44511 0
      vertex 66.4006 6.62471 2
      vertex 66.4006 6.62471 0
    endloop
  endfacet
  facet normal -0.946876 0.3216 0
    outer loop
      vertex 66.4006 6.62471 2
      vertex 66.3396 6.44511 0
      vertex 66.3396 6.44511 2
    endloop
  endfacet
  facet normal -0.659325 0.751858 0
    outer loop
      vertex 66.0253 5.97469 0
      vertex 65.8827 5.84964 2
      vertex 66.0253 5.97469 2
    endloop
  endfacet
  facet normal -0.659325 0.751858 0
    outer loop
      vertex 65.8827 5.84964 2
      vertex 66.0253 5.97469 0
      vertex 65.8827 5.84964 0
    endloop
  endfacet
  facet normal 0.997861 0.0653782 0
    outer loop
      vertex 63.5624 6.81074 2
      vertex 63.55 7 0
      vertex 63.55 7 2
    endloop
  endfacet
  facet normal 0.997861 0.0653782 0
    outer loop
      vertex 63.55 7 0
      vertex 63.5624 6.81074 2
      vertex 63.5624 6.81074 0
    endloop
  endfacet
  facet normal 0.321458 -0.946924 0
    outer loop
      vertex 64.4451 8.33962 0
      vertex 64.6247 8.40059 2
      vertex 64.4451 8.33962 2
    endloop
  endfacet
  facet normal 0.321458 -0.946924 0
    outer loop
      vertex 64.6247 8.40059 2
      vertex 64.4451 8.33962 0
      vertex 64.6247 8.40059 0
    endloop
  endfacet
  facet normal 0.659325 0.751858 -0
    outer loop
      vertex 64.1173 5.84964 0
      vertex 63.9747 5.97469 2
      vertex 64.1173 5.84964 2
    endloop
  endfacet
  facet normal 0.659325 0.751858 0
    outer loop
      vertex 63.9747 5.97469 2
      vertex 64.1173 5.84964 0
      vertex 63.9747 5.97469 0
    endloop
  endfacet
  facet normal -0.997861 -0.0653782 0
    outer loop
      vertex 66.45 7 0
      vertex 66.4376 7.18926 2
      vertex 66.4376 7.18926 0
    endloop
  endfacet
  facet normal -0.997861 -0.0653782 0
    outer loop
      vertex 66.4376 7.18926 2
      vertex 66.45 7 0
      vertex 66.45 7 2
    endloop
  endfacet
  facet normal 0.751727 -0.659474 0
    outer loop
      vertex 63.8496 7.8827 2
      vertex 63.9747 8.0253 0
      vertex 63.9747 8.0253 2
    endloop
  endfacet
  facet normal 0.751727 -0.659474 0
    outer loop
      vertex 63.9747 8.0253 0
      vertex 63.8496 7.8827 2
      vertex 63.8496 7.8827 0
    endloop
  endfacet
  facet normal -0.831644 -0.555309 0
    outer loop
      vertex 66.2557 7.725 0
      vertex 66.1504 7.8827 2
      vertex 66.1504 7.8827 0
    endloop
  endfacet
  facet normal -0.831644 -0.555309 0
    outer loop
      vertex 66.1504 7.8827 2
      vertex 66.2557 7.725 0
      vertex 66.2557 7.725 2
    endloop
  endfacet
  facet normal 0.195102 -0.980783 0
    outer loop
      vertex 64.6247 8.40059 0
      vertex 64.8107 8.43759 2
      vertex 64.6247 8.40059 2
    endloop
  endfacet
  facet normal 0.195102 -0.980783 0
    outer loop
      vertex 64.8107 8.43759 2
      vertex 64.6247 8.40059 0
      vertex 64.8107 8.43759 0
    endloop
  endfacet
  facet normal -0.980789 -0.195072 0
    outer loop
      vertex 66.4376 7.18926 0
      vertex 66.4006 7.37529 2
      vertex 66.4006 7.37529 0
    endloop
  endfacet
  facet normal -0.980789 -0.195072 0
    outer loop
      vertex 66.4006 7.37529 2
      vertex 66.4376 7.18926 0
      vertex 66.4376 7.18926 2
    endloop
  endfacet
  facet normal 0.980789 0.195072 0
    outer loop
      vertex 63.5994 6.62471 2
      vertex 63.5624 6.81074 0
      vertex 63.5624 6.81074 2
    endloop
  endfacet
  facet normal 0.980789 0.195072 0
    outer loop
      vertex 63.5624 6.81074 0
      vertex 63.5994 6.62471 2
      vertex 63.5994 6.62471 0
    endloop
  endfacet
  facet normal -0.195102 -0.980783 0
    outer loop
      vertex 65.1893 8.43759 0
      vertex 65.3753 8.40059 2
      vertex 65.1893 8.43759 2
    endloop
  endfacet
  facet normal -0.195102 -0.980783 -0
    outer loop
      vertex 65.3753 8.40059 2
      vertex 65.1893 8.43759 0
      vertex 65.3753 8.40059 0
    endloop
  endfacet
  facet normal 0.442272 -0.896881 0
    outer loop
      vertex 64.275 8.25574 0
      vertex 64.4451 8.33962 2
      vertex 64.275 8.25574 2
    endloop
  endfacet
  facet normal 0.442272 -0.896881 0
    outer loop
      vertex 64.4451 8.33962 2
      vertex 64.275 8.25574 0
      vertex 64.4451 8.33962 0
    endloop
  endfacet
  facet normal -0.5556 -0.83145 0
    outer loop
      vertex 65.725 8.25574 0
      vertex 65.8827 8.15036 2
      vertex 65.725 8.25574 2
    endloop
  endfacet
  facet normal -0.5556 -0.83145 -0
    outer loop
      vertex 65.8827 8.15036 2
      vertex 65.725 8.25574 0
      vertex 65.8827 8.15036 0
    endloop
  endfacet
  facet normal -0.75175 0.659448 0
    outer loop
      vertex 66.0253 5.97469 0
      vertex 66.1504 6.1173 2
      vertex 66.1504 6.1173 0
    endloop
  endfacet
  facet normal -0.75175 0.659448 0
    outer loop
      vertex 66.1504 6.1173 2
      vertex 66.0253 5.97469 0
      vertex 66.0253 5.97469 2
    endloop
  endfacet
  facet normal -0.751727 -0.659474 0
    outer loop
      vertex 66.1504 7.8827 0
      vertex 66.0253 8.0253 2
      vertex 66.0253 8.0253 0
    endloop
  endfacet
  facet normal -0.751727 -0.659474 0
    outer loop
      vertex 66.0253 8.0253 2
      vertex 66.1504 7.8827 0
      vertex 66.1504 7.8827 2
    endloop
  endfacet
  facet normal -0.89685 0.442335 0
    outer loop
      vertex 66.2557 6.275 0
      vertex 66.3396 6.44511 2
      vertex 66.3396 6.44511 0
    endloop
  endfacet
  facet normal -0.89685 0.442335 0
    outer loop
      vertex 66.3396 6.44511 2
      vertex 66.2557 6.275 0
      vertex 66.2557 6.275 2
    endloop
  endfacet
  facet normal -0.946876 -0.3216 0
    outer loop
      vertex 66.4006 7.37529 0
      vertex 66.3396 7.55489 2
      vertex 66.3396 7.55489 0
    endloop
  endfacet
  facet normal -0.946876 -0.3216 0
    outer loop
      vertex 66.3396 7.55489 2
      vertex 66.4006 7.37529 0
      vertex 66.4006 7.37529 2
    endloop
  endfacet
  facet normal -0.831644 0.555309 0
    outer loop
      vertex 66.1504 6.1173 0
      vertex 66.2557 6.275 2
      vertex 66.2557 6.275 0
    endloop
  endfacet
  facet normal -0.831644 0.555309 0
    outer loop
      vertex 66.2557 6.275 2
      vertex 66.1504 6.1173 0
      vertex 66.1504 6.1173 2
    endloop
  endfacet
  facet normal -0.997861 0.0653782 0
    outer loop
      vertex 66.4376 6.81074 0
      vertex 66.45 7 2
      vertex 66.45 7 0
    endloop
  endfacet
  facet normal -0.997861 0.0653782 0
    outer loop
      vertex 66.45 7 2
      vertex 66.4376 6.81074 0
      vertex 66.4376 6.81074 2
    endloop
  endfacet
  facet normal -0.442314 0.89686 0
    outer loop
      vertex 65.725 5.74426 0
      vertex 65.5549 5.66037 2
      vertex 65.725 5.74426 2
    endloop
  endfacet
  facet normal -0.442314 0.89686 0
    outer loop
      vertex 65.5549 5.66037 2
      vertex 65.725 5.74426 0
      vertex 65.5549 5.66037 0
    endloop
  endfacet
  facet normal 0.0654169 -0.997858 0
    outer loop
      vertex 64.8107 8.43759 0
      vertex 65 8.45 2
      vertex 64.8107 8.43759 2
    endloop
  endfacet
  facet normal 0.0654169 -0.997858 0
    outer loop
      vertex 65 8.45 2
      vertex 64.8107 8.43759 0
      vertex 65 8.45 0
    endloop
  endfacet
  facet normal -0.5556 0.83145 0
    outer loop
      vertex 65.8827 5.84964 0
      vertex 65.725 5.74426 2
      vertex 65.8827 5.84964 2
    endloop
  endfacet
  facet normal -0.5556 0.83145 0
    outer loop
      vertex 65.725 5.74426 2
      vertex 65.8827 5.84964 0
      vertex 65.725 5.74426 0
    endloop
  endfacet
  facet normal -0.321458 -0.946924 0
    outer loop
      vertex 65.3753 8.40059 0
      vertex 65.5549 8.33962 2
      vertex 65.3753 8.40059 2
    endloop
  endfacet
  facet normal -0.321458 -0.946924 -0
    outer loop
      vertex 65.5549 8.33962 2
      vertex 65.3753 8.40059 0
      vertex 65.5549 8.33962 0
    endloop
  endfacet
  facet normal -0.0654169 -0.997858 0
    outer loop
      vertex 65 8.45 0
      vertex 65.1893 8.43759 2
      vertex 65 8.45 2
    endloop
  endfacet
  facet normal -0.0654169 -0.997858 -0
    outer loop
      vertex 65.1893 8.43759 2
      vertex 65 8.45 0
      vertex 65.1893 8.43759 0
    endloop
  endfacet
  facet normal -0.442272 -0.896881 0
    outer loop
      vertex 65.5549 8.33962 0
      vertex 65.725 8.25574 2
      vertex 65.5549 8.33962 2
    endloop
  endfacet
  facet normal -0.442272 -0.896881 -0
    outer loop
      vertex 65.725 8.25574 2
      vertex 65.5549 8.33962 0
      vertex 65.725 8.25574 0
    endloop
  endfacet
  facet normal 0.89685 0.442335 0
    outer loop
      vertex 63.7443 6.275 2
      vertex 63.6604 6.44511 0
      vertex 63.6604 6.44511 2
    endloop
  endfacet
  facet normal 0.89685 0.442335 0
    outer loop
      vertex 63.6604 6.44511 0
      vertex 63.7443 6.275 2
      vertex 63.7443 6.275 0
    endloop
  endfacet
  facet normal -0.195153 0.980773 0
    outer loop
      vertex 65.3753 5.59941 0
      vertex 65.1893 5.5624 2
      vertex 65.3753 5.59941 2
    endloop
  endfacet
  facet normal -0.195153 0.980773 0
    outer loop
      vertex 65.1893 5.5624 2
      vertex 65.3753 5.59941 0
      vertex 65.1893 5.5624 0
    endloop
  endfacet
  facet normal -0.321411 0.94694 0
    outer loop
      vertex 65.5549 5.66037 0
      vertex 65.3753 5.59941 2
      vertex 65.5549 5.66037 2
    endloop
  endfacet
  facet normal -0.321411 0.94694 0
    outer loop
      vertex 65.3753 5.59941 2
      vertex 65.5549 5.66037 0
      vertex 65.3753 5.59941 0
    endloop
  endfacet
  facet normal -0.980789 0.195072 0
    outer loop
      vertex 66.4006 6.62471 0
      vertex 66.4376 6.81074 2
      vertex 66.4376 6.81074 0
    endloop
  endfacet
  facet normal -0.980789 0.195072 0
    outer loop
      vertex 66.4376 6.81074 2
      vertex 66.4006 6.62471 0
      vertex 66.4006 6.62471 2
    endloop
  endfacet
  facet normal -0.0653644 0.997861 0
    outer loop
      vertex 65.1893 5.5624 0
      vertex 65 5.55 2
      vertex 65.1893 5.5624 2
    endloop
  endfacet
  facet normal -0.0653644 0.997861 0
    outer loop
      vertex 65 5.55 2
      vertex 65.1893 5.5624 0
      vertex 65 5.55 0
    endloop
  endfacet
  facet normal 0.946876 -0.3216 0
    outer loop
      vertex 63.5994 7.37529 2
      vertex 63.6604 7.55489 0
      vertex 63.6604 7.55489 2
    endloop
  endfacet
  facet normal 0.946876 -0.3216 0
    outer loop
      vertex 63.6604 7.55489 0
      vertex 63.5994 7.37529 2
      vertex 63.5994 7.37529 0
    endloop
  endfacet
  facet normal 0.75175 0.659448 0
    outer loop
      vertex 63.9747 5.97469 2
      vertex 63.8496 6.1173 0
      vertex 63.8496 6.1173 2
    endloop
  endfacet
  facet normal 0.75175 0.659448 0
    outer loop
      vertex 63.8496 6.1173 0
      vertex 63.9747 5.97469 2
      vertex 63.9747 5.97469 0
    endloop
  endfacet
  facet normal -0.89685 -0.442335 0
    outer loop
      vertex 66.3396 7.55489 0
      vertex 66.2557 7.725 2
      vertex 66.2557 7.725 0
    endloop
  endfacet
  facet normal -0.89685 -0.442335 0
    outer loop
      vertex 66.2557 7.725 2
      vertex 66.3396 7.55489 0
      vertex 66.3396 7.55489 2
    endloop
  endfacet
  facet normal 0.659355 -0.751832 0
    outer loop
      vertex 63.9747 8.0253 0
      vertex 64.1173 8.15036 2
      vertex 63.9747 8.0253 2
    endloop
  endfacet
  facet normal 0.659355 -0.751832 0
    outer loop
      vertex 64.1173 8.15036 2
      vertex 63.9747 8.0253 0
      vertex 64.1173 8.15036 0
    endloop
  endfacet
  facet normal 0.831644 0.555309 0
    outer loop
      vertex 63.8496 6.1173 2
      vertex 63.7443 6.275 0
      vertex 63.7443 6.275 2
    endloop
  endfacet
  facet normal 0.831644 0.555309 0
    outer loop
      vertex 63.7443 6.275 0
      vertex 63.8496 6.1173 2
      vertex 63.8496 6.1173 0
    endloop
  endfacet
  facet normal 0.0653644 0.997861 -0
    outer loop
      vertex 65 5.55 0
      vertex 64.8107 5.5624 2
      vertex 65 5.55 2
    endloop
  endfacet
  facet normal 0.0653644 0.997861 0
    outer loop
      vertex 64.8107 5.5624 2
      vertex 65 5.55 0
      vertex 64.8107 5.5624 0
    endloop
  endfacet
  facet normal 0.980789 -0.195072 0
    outer loop
      vertex 63.5624 7.18926 2
      vertex 63.5994 7.37529 0
      vertex 63.5994 7.37529 2
    endloop
  endfacet
  facet normal 0.980789 -0.195072 0
    outer loop
      vertex 63.5994 7.37529 0
      vertex 63.5624 7.18926 2
      vertex 63.5624 7.18926 0
    endloop
  endfacet
  facet normal 0.997861 -0.0653782 0
    outer loop
      vertex 63.55 7 2
      vertex 63.5624 7.18926 0
      vertex 63.5624 7.18926 2
    endloop
  endfacet
  facet normal 0.997861 -0.0653782 0
    outer loop
      vertex 63.5624 7.18926 0
      vertex 63.55 7 2
      vertex 63.55 7 0
    endloop
  endfacet
  facet normal 0.946876 0.3216 0
    outer loop
      vertex 63.6604 6.44511 2
      vertex 63.5994 6.62471 0
      vertex 63.5994 6.62471 2
    endloop
  endfacet
  facet normal 0.946876 0.3216 0
    outer loop
      vertex 63.5994 6.62471 0
      vertex 63.6604 6.44511 2
      vertex 63.6604 6.44511 0
    endloop
  endfacet
  facet normal 0.5556 -0.83145 0
    outer loop
      vertex 64.1173 8.15036 0
      vertex 64.275 8.25574 2
      vertex 64.1173 8.15036 2
    endloop
  endfacet
  facet normal 0.5556 -0.83145 0
    outer loop
      vertex 64.275 8.25574 2
      vertex 64.1173 8.15036 0
      vertex 64.275 8.25574 0
    endloop
  endfacet
  facet normal 0.5556 0.83145 -0
    outer loop
      vertex 64.275 5.74426 0
      vertex 64.1173 5.84964 2
      vertex 64.275 5.74426 2
    endloop
  endfacet
  facet normal 0.5556 0.83145 0
    outer loop
      vertex 64.1173 5.84964 2
      vertex 64.275 5.74426 0
      vertex 64.1173 5.84964 0
    endloop
  endfacet
  facet normal 0.831644 -0.555309 0
    outer loop
      vertex 63.7443 7.725 2
      vertex 63.8496 7.8827 0
      vertex 63.8496 7.8827 2
    endloop
  endfacet
  facet normal 0.831644 -0.555309 0
    outer loop
      vertex 63.8496 7.8827 0
      vertex 63.7443 7.725 2
      vertex 63.7443 7.725 0
    endloop
  endfacet
  facet normal 0.442314 0.89686 -0
    outer loop
      vertex 64.4451 5.66037 0
      vertex 64.275 5.74426 2
      vertex 64.4451 5.66037 2
    endloop
  endfacet
  facet normal 0.442314 0.89686 0
    outer loop
      vertex 64.275 5.74426 2
      vertex 64.4451 5.66037 0
      vertex 64.275 5.74426 0
    endloop
  endfacet
  facet normal 0.89685 -0.442335 0
    outer loop
      vertex 63.6604 7.55489 2
      vertex 63.7443 7.725 0
      vertex 63.7443 7.725 2
    endloop
  endfacet
  facet normal 0.89685 -0.442335 0
    outer loop
      vertex 63.7443 7.725 0
      vertex 63.6604 7.55489 2
      vertex 63.6604 7.55489 0
    endloop
  endfacet
  facet normal 0.195153 0.980773 -0
    outer loop
      vertex 64.8107 5.5624 0
      vertex 64.6247 5.59941 2
      vertex 64.8107 5.5624 2
    endloop
  endfacet
  facet normal 0.195153 0.980773 0
    outer loop
      vertex 64.6247 5.59941 2
      vertex 64.8107 5.5624 0
      vertex 64.6247 5.59941 0
    endloop
  endfacet
  facet normal 0.321411 0.94694 -0
    outer loop
      vertex 64.6247 5.59941 0
      vertex 64.4451 5.66037 2
      vertex 64.6247 5.59941 2
    endloop
  endfacet
  facet normal 0.321411 0.94694 0
    outer loop
      vertex 64.4451 5.66037 2
      vertex 64.6247 5.59941 0
      vertex 64.4451 5.66037 0
    endloop
  endfacet
  facet normal -0.659474 -0.751727 0
    outer loop
      vertex 7.8827 31.1504 0
      vertex 8.0253 31.0253 2
      vertex 7.8827 31.1504 2
    endloop
  endfacet
  facet normal -0.659474 -0.751727 -0
    outer loop
      vertex 8.0253 31.0253 2
      vertex 7.8827 31.1504 0
      vertex 8.0253 31.0253 0
    endloop
  endfacet
  facet normal -0.946924 0.321458 0
    outer loop
      vertex 8.33962 29.4451 0
      vertex 8.40059 29.6247 2
      vertex 8.40059 29.6247 0
    endloop
  endfacet
  facet normal -0.946924 0.321458 0
    outer loop
      vertex 8.40059 29.6247 2
      vertex 8.33962 29.4451 0
      vertex 8.33962 29.4451 2
    endloop
  endfacet
  facet normal -0.659474 0.751727 0
    outer loop
      vertex 8.0253 28.9747 0
      vertex 7.8827 28.8496 2
      vertex 8.0253 28.9747 2
    endloop
  endfacet
  facet normal -0.659474 0.751727 0
    outer loop
      vertex 7.8827 28.8496 2
      vertex 8.0253 28.9747 0
      vertex 7.8827 28.8496 0
    endloop
  endfacet
  facet normal 0.997861 0.0653644 0
    outer loop
      vertex 5.5624 29.8107 2
      vertex 5.55 30 0
      vertex 5.55 30 2
    endloop
  endfacet
  facet normal 0.997861 0.0653644 0
    outer loop
      vertex 5.55 30 0
      vertex 5.5624 29.8107 2
      vertex 5.5624 29.8107 0
    endloop
  endfacet
  facet normal 0.3216 -0.946876 0
    outer loop
      vertex 6.44511 31.3396 0
      vertex 6.62471 31.4006 2
      vertex 6.44511 31.3396 2
    endloop
  endfacet
  facet normal 0.3216 -0.946876 0
    outer loop
      vertex 6.62471 31.4006 2
      vertex 6.44511 31.3396 0
      vertex 6.62471 31.4006 0
    endloop
  endfacet
  facet normal 0.659448 0.75175 -0
    outer loop
      vertex 6.1173 28.8496 0
      vertex 5.97469 28.9747 2
      vertex 6.1173 28.8496 2
    endloop
  endfacet
  facet normal 0.659448 0.75175 0
    outer loop
      vertex 5.97469 28.9747 2
      vertex 6.1173 28.8496 0
      vertex 5.97469 28.9747 0
    endloop
  endfacet
  facet normal -0.997858 -0.0654169 0
    outer loop
      vertex 8.45 30 0
      vertex 8.43759 30.1893 2
      vertex 8.43759 30.1893 0
    endloop
  endfacet
  facet normal -0.997858 -0.0654169 0
    outer loop
      vertex 8.43759 30.1893 2
      vertex 8.45 30 0
      vertex 8.45 30 2
    endloop
  endfacet
  facet normal 0.751858 -0.659325 0
    outer loop
      vertex 5.84964 30.8827 2
      vertex 5.97469 31.0253 0
      vertex 5.97469 31.0253 2
    endloop
  endfacet
  facet normal 0.751858 -0.659325 0
    outer loop
      vertex 5.97469 31.0253 0
      vertex 5.84964 30.8827 2
      vertex 5.84964 30.8827 0
    endloop
  endfacet
  facet normal -0.83145 -0.5556 0
    outer loop
      vertex 8.25574 30.725 0
      vertex 8.15036 30.8827 2
      vertex 8.15036 30.8827 0
    endloop
  endfacet
  facet normal -0.83145 -0.5556 0
    outer loop
      vertex 8.15036 30.8827 2
      vertex 8.25574 30.725 0
      vertex 8.25574 30.725 2
    endloop
  endfacet
  facet normal 0.195072 -0.980789 0
    outer loop
      vertex 6.62471 31.4006 0
      vertex 6.81074 31.4376 2
      vertex 6.62471 31.4006 2
    endloop
  endfacet
  facet normal 0.195072 -0.980789 0
    outer loop
      vertex 6.81074 31.4376 2
      vertex 6.62471 31.4006 0
      vertex 6.81074 31.4376 0
    endloop
  endfacet
  facet normal -0.980783 -0.195102 0
    outer loop
      vertex 8.43759 30.1893 0
      vertex 8.40059 30.3753 2
      vertex 8.40059 30.3753 0
    endloop
  endfacet
  facet normal -0.980783 -0.195102 0
    outer loop
      vertex 8.40059 30.3753 2
      vertex 8.43759 30.1893 0
      vertex 8.43759 30.1893 2
    endloop
  endfacet
  facet normal 0.980773 0.195153 0
    outer loop
      vertex 5.59941 29.6247 2
      vertex 5.5624 29.8107 0
      vertex 5.5624 29.8107 2
    endloop
  endfacet
  facet normal 0.980773 0.195153 0
    outer loop
      vertex 5.5624 29.8107 0
      vertex 5.59941 29.6247 2
      vertex 5.59941 29.6247 0
    endloop
  endfacet
  facet normal -0.195072 -0.980789 0
    outer loop
      vertex 7.18926 31.4376 0
      vertex 7.37529 31.4006 2
      vertex 7.18926 31.4376 2
    endloop
  endfacet
  facet normal -0.195072 -0.980789 -0
    outer loop
      vertex 7.37529 31.4006 2
      vertex 7.18926 31.4376 0
      vertex 7.37529 31.4006 0
    endloop
  endfacet
  facet normal 0.442335 -0.89685 0
    outer loop
      vertex 6.275 31.2557 0
      vertex 6.44511 31.3396 2
      vertex 6.275 31.2557 2
    endloop
  endfacet
  facet normal 0.442335 -0.89685 0
    outer loop
      vertex 6.44511 31.3396 2
      vertex 6.275 31.2557 0
      vertex 6.44511 31.3396 0
    endloop
  endfacet
  facet normal -0.555309 -0.831644 0
    outer loop
      vertex 7.725 31.2557 0
      vertex 7.8827 31.1504 2
      vertex 7.725 31.2557 2
    endloop
  endfacet
  facet normal -0.555309 -0.831644 -0
    outer loop
      vertex 7.8827 31.1504 2
      vertex 7.725 31.2557 0
      vertex 7.8827 31.1504 0
    endloop
  endfacet
  facet normal -0.751832 0.659355 0
    outer loop
      vertex 8.0253 28.9747 0
      vertex 8.15036 29.1173 2
      vertex 8.15036 29.1173 0
    endloop
  endfacet
  facet normal -0.751832 0.659355 0
    outer loop
      vertex 8.15036 29.1173 2
      vertex 8.0253 28.9747 0
      vertex 8.0253 28.9747 2
    endloop
  endfacet
  facet normal -0.751832 -0.659355 0
    outer loop
      vertex 8.15036 30.8827 0
      vertex 8.0253 31.0253 2
      vertex 8.0253 31.0253 0
    endloop
  endfacet
  facet normal -0.751832 -0.659355 0
    outer loop
      vertex 8.0253 31.0253 2
      vertex 8.15036 30.8827 0
      vertex 8.15036 30.8827 2
    endloop
  endfacet
  facet normal -0.896881 0.442272 0
    outer loop
      vertex 8.25574 29.275 0
      vertex 8.33962 29.4451 2
      vertex 8.33962 29.4451 0
    endloop
  endfacet
  facet normal -0.896881 0.442272 0
    outer loop
      vertex 8.33962 29.4451 2
      vertex 8.25574 29.275 0
      vertex 8.25574 29.275 2
    endloop
  endfacet
  facet normal -0.83145 0.5556 0
    outer loop
      vertex 8.15036 29.1173 0
      vertex 8.25574 29.275 2
      vertex 8.25574 29.275 0
    endloop
  endfacet
  facet normal -0.83145 0.5556 0
    outer loop
      vertex 8.25574 29.275 2
      vertex 8.15036 29.1173 0
      vertex 8.15036 29.1173 2
    endloop
  endfacet
  facet normal -0.997858 0.0654169 0
    outer loop
      vertex 8.43759 29.8107 0
      vertex 8.45 30 2
      vertex 8.45 30 0
    endloop
  endfacet
  facet normal -0.997858 0.0654169 0
    outer loop
      vertex 8.45 30 2
      vertex 8.43759 29.8107 0
      vertex 8.43759 29.8107 2
    endloop
  endfacet
  facet normal -0.442335 0.89685 0
    outer loop
      vertex 7.725 28.7443 0
      vertex 7.55489 28.6604 2
      vertex 7.725 28.7443 2
    endloop
  endfacet
  facet normal -0.442335 0.89685 0
    outer loop
      vertex 7.55489 28.6604 2
      vertex 7.725 28.7443 0
      vertex 7.55489 28.6604 0
    endloop
  endfacet
  facet normal 0.997861 -0.0653644 0
    outer loop
      vertex 5.55 30 2
      vertex 5.5624 30.1893 0
      vertex 5.5624 30.1893 2
    endloop
  endfacet
  facet normal 0.997861 -0.0653644 0
    outer loop
      vertex 5.5624 30.1893 0
      vertex 5.55 30 2
      vertex 5.55 30 0
    endloop
  endfacet
  facet normal 0.0653782 -0.997861 0
    outer loop
      vertex 6.81074 31.4376 0
      vertex 7 31.45 2
      vertex 6.81074 31.4376 2
    endloop
  endfacet
  facet normal 0.0653782 -0.997861 0
    outer loop
      vertex 7 31.45 2
      vertex 6.81074 31.4376 0
      vertex 7 31.45 0
    endloop
  endfacet
  facet normal -0.555309 0.831644 0
    outer loop
      vertex 7.8827 28.8496 0
      vertex 7.725 28.7443 2
      vertex 7.8827 28.8496 2
    endloop
  endfacet
  facet normal -0.555309 0.831644 0
    outer loop
      vertex 7.725 28.7443 2
      vertex 7.8827 28.8496 0
      vertex 7.725 28.7443 0
    endloop
  endfacet
  facet normal -0.3216 -0.946876 0
    outer loop
      vertex 7.37529 31.4006 0
      vertex 7.55489 31.3396 2
      vertex 7.37529 31.4006 2
    endloop
  endfacet
  facet normal -0.3216 -0.946876 -0
    outer loop
      vertex 7.55489 31.3396 2
      vertex 7.37529 31.4006 0
      vertex 7.55489 31.3396 0
    endloop
  endfacet
  facet normal -0.0653782 -0.997861 0
    outer loop
      vertex 7 31.45 0
      vertex 7.18926 31.4376 2
      vertex 7 31.45 2
    endloop
  endfacet
  facet normal -0.0653782 -0.997861 -0
    outer loop
      vertex 7.18926 31.4376 2
      vertex 7 31.45 0
      vertex 7.18926 31.4376 0
    endloop
  endfacet
  facet normal -0.442335 -0.89685 0
    outer loop
      vertex 7.55489 31.3396 0
      vertex 7.725 31.2557 2
      vertex 7.55489 31.3396 2
    endloop
  endfacet
  facet normal -0.442335 -0.89685 -0
    outer loop
      vertex 7.725 31.2557 2
      vertex 7.55489 31.3396 0
      vertex 7.725 31.2557 0
    endloop
  endfacet
  facet normal 0.89686 0.442314 0
    outer loop
      vertex 5.74426 29.275 2
      vertex 5.66037 29.4451 0
      vertex 5.66037 29.4451 2
    endloop
  endfacet
  facet normal 0.89686 0.442314 0
    outer loop
      vertex 5.66037 29.4451 0
      vertex 5.74426 29.275 2
      vertex 5.74426 29.275 0
    endloop
  endfacet
  facet normal -0.195072 0.980789 0
    outer loop
      vertex 7.37529 28.5994 0
      vertex 7.18926 28.5624 2
      vertex 7.37529 28.5994 2
    endloop
  endfacet
  facet normal -0.195072 0.980789 0
    outer loop
      vertex 7.18926 28.5624 2
      vertex 7.37529 28.5994 0
      vertex 7.18926 28.5624 0
    endloop
  endfacet
  facet normal -0.3216 0.946876 0
    outer loop
      vertex 7.55489 28.6604 0
      vertex 7.37529 28.5994 2
      vertex 7.55489 28.6604 2
    endloop
  endfacet
  facet normal -0.3216 0.946876 0
    outer loop
      vertex 7.37529 28.5994 2
      vertex 7.55489 28.6604 0
      vertex 7.37529 28.5994 0
    endloop
  endfacet
  facet normal -0.980783 0.195102 0
    outer loop
      vertex 8.40059 29.6247 0
      vertex 8.43759 29.8107 2
      vertex 8.43759 29.8107 0
    endloop
  endfacet
  facet normal -0.980783 0.195102 0
    outer loop
      vertex 8.43759 29.8107 2
      vertex 8.40059 29.6247 0
      vertex 8.40059 29.6247 2
    endloop
  endfacet
  facet normal -0.0653782 0.997861 0
    outer loop
      vertex 7.18926 28.5624 0
      vertex 7 28.55 2
      vertex 7.18926 28.5624 2
    endloop
  endfacet
  facet normal -0.0653782 0.997861 0
    outer loop
      vertex 7 28.55 2
      vertex 7.18926 28.5624 0
      vertex 7 28.55 0
    endloop
  endfacet
  facet normal 0.94694 -0.321411 0
    outer loop
      vertex 5.59941 30.3753 2
      vertex 5.66037 30.5549 0
      vertex 5.66037 30.5549 2
    endloop
  endfacet
  facet normal 0.94694 -0.321411 0
    outer loop
      vertex 5.66037 30.5549 0
      vertex 5.59941 30.3753 2
      vertex 5.59941 30.3753 0
    endloop
  endfacet
  facet normal -0.946924 -0.321458 0
    outer loop
      vertex 8.40059 30.3753 0
      vertex 8.33962 30.5549 2
      vertex 8.33962 30.5549 0
    endloop
  endfacet
  facet normal -0.946924 -0.321458 0
    outer loop
      vertex 8.33962 30.5549 2
      vertex 8.40059 30.3753 0
      vertex 8.40059 30.3753 2
    endloop
  endfacet
  facet normal 0.751858 0.659325 0
    outer loop
      vertex 5.97469 28.9747 2
      vertex 5.84964 29.1173 0
      vertex 5.84964 29.1173 2
    endloop
  endfacet
  facet normal 0.751858 0.659325 0
    outer loop
      vertex 5.84964 29.1173 0
      vertex 5.97469 28.9747 2
      vertex 5.97469 28.9747 0
    endloop
  endfacet
  facet normal -0.896881 -0.442272 0
    outer loop
      vertex 8.33962 30.5549 0
      vertex 8.25574 30.725 2
      vertex 8.25574 30.725 0
    endloop
  endfacet
  facet normal -0.896881 -0.442272 0
    outer loop
      vertex 8.25574 30.725 2
      vertex 8.33962 30.5549 0
      vertex 8.33962 30.5549 2
    endloop
  endfacet
  facet normal 0.659448 -0.75175 0
    outer loop
      vertex 5.97469 31.0253 0
      vertex 6.1173 31.1504 2
      vertex 5.97469 31.0253 2
    endloop
  endfacet
  facet normal 0.659448 -0.75175 0
    outer loop
      vertex 6.1173 31.1504 2
      vertex 5.97469 31.0253 0
      vertex 6.1173 31.1504 0
    endloop
  endfacet
  facet normal 0.83145 0.5556 0
    outer loop
      vertex 5.84964 29.1173 2
      vertex 5.74426 29.275 0
      vertex 5.74426 29.275 2
    endloop
  endfacet
  facet normal 0.83145 0.5556 0
    outer loop
      vertex 5.74426 29.275 0
      vertex 5.84964 29.1173 2
      vertex 5.84964 29.1173 0
    endloop
  endfacet
  facet normal 0.0653782 0.997861 -0
    outer loop
      vertex 7 28.55 0
      vertex 6.81074 28.5624 2
      vertex 7 28.55 2
    endloop
  endfacet
  facet normal 0.0653782 0.997861 0
    outer loop
      vertex 6.81074 28.5624 2
      vertex 7 28.55 0
      vertex 6.81074 28.5624 0
    endloop
  endfacet
  facet normal 0.980773 -0.195153 0
    outer loop
      vertex 5.5624 30.1893 2
      vertex 5.59941 30.3753 0
      vertex 5.59941 30.3753 2
    endloop
  endfacet
  facet normal 0.980773 -0.195153 0
    outer loop
      vertex 5.59941 30.3753 0
      vertex 5.5624 30.1893 2
      vertex 5.5624 30.1893 0
    endloop
  endfacet
  facet normal 0.94694 0.321411 0
    outer loop
      vertex 5.66037 29.4451 2
      vertex 5.59941 29.6247 0
      vertex 5.59941 29.6247 2
    endloop
  endfacet
  facet normal 0.94694 0.321411 0
    outer loop
      vertex 5.59941 29.6247 0
      vertex 5.66037 29.4451 2
      vertex 5.66037 29.4451 0
    endloop
  endfacet
  facet normal 0.555309 -0.831644 0
    outer loop
      vertex 6.1173 31.1504 0
      vertex 6.275 31.2557 2
      vertex 6.1173 31.1504 2
    endloop
  endfacet
  facet normal 0.555309 -0.831644 0
    outer loop
      vertex 6.275 31.2557 2
      vertex 6.1173 31.1504 0
      vertex 6.275 31.2557 0
    endloop
  endfacet
  facet normal 0.555309 0.831644 -0
    outer loop
      vertex 6.275 28.7443 0
      vertex 6.1173 28.8496 2
      vertex 6.275 28.7443 2
    endloop
  endfacet
  facet normal 0.555309 0.831644 0
    outer loop
      vertex 6.1173 28.8496 2
      vertex 6.275 28.7443 0
      vertex 6.1173 28.8496 0
    endloop
  endfacet
  facet normal 0.83145 -0.5556 0
    outer loop
      vertex 5.74426 30.725 2
      vertex 5.84964 30.8827 0
      vertex 5.84964 30.8827 2
    endloop
  endfacet
  facet normal 0.83145 -0.5556 0
    outer loop
      vertex 5.84964 30.8827 0
      vertex 5.74426 30.725 2
      vertex 5.74426 30.725 0
    endloop
  endfacet
  facet normal 0.442335 0.89685 -0
    outer loop
      vertex 6.44511 28.6604 0
      vertex 6.275 28.7443 2
      vertex 6.44511 28.6604 2
    endloop
  endfacet
  facet normal 0.442335 0.89685 0
    outer loop
      vertex 6.275 28.7443 2
      vertex 6.44511 28.6604 0
      vertex 6.275 28.7443 0
    endloop
  endfacet
  facet normal 0.89686 -0.442314 0
    outer loop
      vertex 5.66037 30.5549 2
      vertex 5.74426 30.725 0
      vertex 5.74426 30.725 2
    endloop
  endfacet
  facet normal 0.89686 -0.442314 0
    outer loop
      vertex 5.74426 30.725 0
      vertex 5.66037 30.5549 2
      vertex 5.66037 30.5549 0
    endloop
  endfacet
  facet normal 0.195072 0.980789 -0
    outer loop
      vertex 6.81074 28.5624 0
      vertex 6.62471 28.5994 2
      vertex 6.81074 28.5624 2
    endloop
  endfacet
  facet normal 0.195072 0.980789 0
    outer loop
      vertex 6.62471 28.5994 2
      vertex 6.81074 28.5624 0
      vertex 6.62471 28.5994 0
    endloop
  endfacet
  facet normal 0.3216 0.946876 -0
    outer loop
      vertex 6.62471 28.5994 0
      vertex 6.44511 28.6604 2
      vertex 6.62471 28.5994 2
    endloop
  endfacet
  facet normal 0.3216 0.946876 0
    outer loop
      vertex 6.44511 28.6604 2
      vertex 6.62471 28.5994 0
      vertex 6.44511 28.6604 0
    endloop
  endfacet
  facet normal -0.980783 -0.195102 0
    outer loop
      vertex 66.4376 30.1893 0
      vertex 66.4006 30.3753 2
      vertex 66.4006 30.3753 0
    endloop
  endfacet
  facet normal -0.980783 -0.195102 0
    outer loop
      vertex 66.4006 30.3753 2
      vertex 66.4376 30.1893 0
      vertex 66.4376 30.1893 2
    endloop
  endfacet
  facet normal -0.997861 -0.0653644 0
    outer loop
      vertex 66.45 30 0
      vertex 66.4376 30.1893 2
      vertex 66.4376 30.1893 0
    endloop
  endfacet
  facet normal -0.997861 -0.0653644 0
    outer loop
      vertex 66.4376 30.1893 2
      vertex 66.45 30 0
      vertex 66.45 30 2
    endloop
  endfacet
  facet normal 0.831644 0.555309 0
    outer loop
      vertex 63.8496 29.1173 2
      vertex 63.7443 29.275 0
      vertex 63.7443 29.275 2
    endloop
  endfacet
  facet normal 0.831644 0.555309 0
    outer loop
      vertex 63.7443 29.275 0
      vertex 63.8496 29.1173 2
      vertex 63.8496 29.1173 0
    endloop
  endfacet
  facet normal -0.442356 -0.896839 0
    outer loop
      vertex 65.5549 31.3396 0
      vertex 65.725 31.2557 2
      vertex 65.5549 31.3396 2
    endloop
  endfacet
  facet normal -0.442356 -0.896839 -0
    outer loop
      vertex 65.725 31.2557 2
      vertex 65.5549 31.3396 0
      vertex 65.725 31.2557 0
    endloop
  endfacet
  facet normal -0.659474 -0.751727 0
    outer loop
      vertex 65.8827 31.1504 0
      vertex 66.0253 31.0253 2
      vertex 65.8827 31.1504 2
    endloop
  endfacet
  facet normal -0.659474 -0.751727 -0
    outer loop
      vertex 66.0253 31.0253 2
      vertex 65.8827 31.1504 0
      vertex 66.0253 31.0253 0
    endloop
  endfacet
  facet normal -0.659474 0.751727 0
    outer loop
      vertex 66.0253 28.9747 0
      vertex 65.8827 28.8496 2
      vertex 66.0253 28.9747 2
    endloop
  endfacet
  facet normal -0.659474 0.751727 0
    outer loop
      vertex 65.8827 28.8496 2
      vertex 66.0253 28.9747 0
      vertex 65.8827 28.8496 0
    endloop
  endfacet
  facet normal -0.0653644 0.997861 0
    outer loop
      vertex 65.1893 28.5624 0
      vertex 65 28.55 2
      vertex 65.1893 28.5624 2
    endloop
  endfacet
  facet normal -0.0653644 0.997861 0
    outer loop
      vertex 65 28.55 2
      vertex 65.1893 28.5624 0
      vertex 65 28.55 0
    endloop
  endfacet
  facet normal -0.946876 0.3216 0
    outer loop
      vertex 66.3396 29.4451 0
      vertex 66.4006 29.6247 2
      vertex 66.4006 29.6247 0
    endloop
  endfacet
  facet normal -0.946876 0.3216 0
    outer loop
      vertex 66.4006 29.6247 2
      vertex 66.3396 29.4451 0
      vertex 66.3396 29.4451 2
    endloop
  endfacet
  facet normal -0.997861 0.0653644 0
    outer loop
      vertex 66.4376 29.8107 0
      vertex 66.45 30 2
      vertex 66.45 30 0
    endloop
  endfacet
  facet normal -0.997861 0.0653644 0
    outer loop
      vertex 66.45 30 2
      vertex 66.4376 29.8107 0
      vertex 66.4376 29.8107 2
    endloop
  endfacet
  facet normal 0.442356 0.896839 -0
    outer loop
      vertex 64.4451 28.6604 0
      vertex 64.275 28.7443 2
      vertex 64.4451 28.6604 2
    endloop
  endfacet
  facet normal 0.442356 0.896839 0
    outer loop
      vertex 64.275 28.7443 2
      vertex 64.4451 28.6604 0
      vertex 64.275 28.7443 0
    endloop
  endfacet
  facet normal 0.195102 0.980783 -0
    outer loop
      vertex 64.8107 28.5624 0
      vertex 64.6247 28.5994 2
      vertex 64.8107 28.5624 2
    endloop
  endfacet
  facet normal 0.195102 0.980783 0
    outer loop
      vertex 64.6247 28.5994 2
      vertex 64.8107 28.5624 0
      vertex 64.6247 28.5994 0
    endloop
  endfacet
  facet normal 0.0653644 -0.997861 0
    outer loop
      vertex 64.8107 31.4376 0
      vertex 65 31.45 2
      vertex 64.8107 31.4376 2
    endloop
  endfacet
  facet normal 0.0653644 -0.997861 0
    outer loop
      vertex 65 31.45 2
      vertex 64.8107 31.4376 0
      vertex 65 31.45 0
    endloop
  endfacet
  facet normal -0.831644 0.555309 0
    outer loop
      vertex 66.1504 29.1173 0
      vertex 66.2557 29.275 2
      vertex 66.2557 29.275 0
    endloop
  endfacet
  facet normal -0.831644 0.555309 0
    outer loop
      vertex 66.2557 29.275 2
      vertex 66.1504 29.1173 0
      vertex 66.1504 29.1173 2
    endloop
  endfacet
  facet normal -0.896839 0.442356 0
    outer loop
      vertex 66.2557 29.275 0
      vertex 66.3396 29.4451 2
      vertex 66.3396 29.4451 0
    endloop
  endfacet
  facet normal -0.896839 0.442356 0
    outer loop
      vertex 66.3396 29.4451 2
      vertex 66.2557 29.275 0
      vertex 66.2557 29.275 2
    endloop
  endfacet
  facet normal 0.831644 -0.555309 0
    outer loop
      vertex 63.7443 30.725 2
      vertex 63.8496 30.8827 0
      vertex 63.8496 30.8827 2
    endloop
  endfacet
  facet normal 0.831644 -0.555309 0
    outer loop
      vertex 63.8496 30.8827 0
      vertex 63.7443 30.725 2
      vertex 63.7443 30.725 0
    endloop
  endfacet
  facet normal 0.896839 0.442356 0
    outer loop
      vertex 63.7443 29.275 2
      vertex 63.6604 29.4451 0
      vertex 63.6604 29.4451 2
    endloop
  endfacet
  facet normal 0.896839 0.442356 0
    outer loop
      vertex 63.6604 29.4451 0
      vertex 63.7443 29.275 2
      vertex 63.7443 29.275 0
    endloop
  endfacet
  facet normal -0.442356 0.896839 0
    outer loop
      vertex 65.725 28.7443 0
      vertex 65.5549 28.6604 2
      vertex 65.725 28.7443 2
    endloop
  endfacet
  facet normal -0.442356 0.896839 0
    outer loop
      vertex 65.5549 28.6604 2
      vertex 65.725 28.7443 0
      vertex 65.5549 28.6604 0
    endloop
  endfacet
  facet normal 0.997861 -0.0653644 0
    outer loop
      vertex 63.55 30 2
      vertex 63.5624 30.1893 0
      vertex 63.5624 30.1893 2
    endloop
  endfacet
  facet normal 0.997861 -0.0653644 0
    outer loop
      vertex 63.5624 30.1893 0
      vertex 63.55 30 2
      vertex 63.55 30 0
    endloop
  endfacet
  facet normal -0.896839 -0.442356 0
    outer loop
      vertex 66.3396 30.5549 0
      vertex 66.2557 30.725 2
      vertex 66.2557 30.725 0
    endloop
  endfacet
  facet normal -0.896839 -0.442356 0
    outer loop
      vertex 66.2557 30.725 2
      vertex 66.3396 30.5549 0
      vertex 66.3396 30.5549 2
    endloop
  endfacet
  facet normal -0.3216 0.946876 0
    outer loop
      vertex 65.5549 28.6604 0
      vertex 65.3753 28.5994 2
      vertex 65.5549 28.6604 2
    endloop
  endfacet
  facet normal -0.3216 0.946876 0
    outer loop
      vertex 65.3753 28.5994 2
      vertex 65.5549 28.6604 0
      vertex 65.3753 28.5994 0
    endloop
  endfacet
  facet normal 0.751727 0.659474 0
    outer loop
      vertex 63.9747 28.9747 2
      vertex 63.8496 29.1173 0
      vertex 63.8496 29.1173 2
    endloop
  endfacet
  facet normal 0.751727 0.659474 0
    outer loop
      vertex 63.8496 29.1173 0
      vertex 63.9747 28.9747 2
      vertex 63.9747 28.9747 0
    endloop
  endfacet
  facet normal -0.555309 0.831644 0
    outer loop
      vertex 65.8827 28.8496 0
      vertex 65.725 28.7443 2
      vertex 65.8827 28.8496 2
    endloop
  endfacet
  facet normal -0.555309 0.831644 0
    outer loop
      vertex 65.725 28.7443 2
      vertex 65.8827 28.8496 0
      vertex 65.725 28.7443 0
    endloop
  endfacet
  facet normal 0.751727 -0.659474 0
    outer loop
      vertex 63.8496 30.8827 2
      vertex 63.9747 31.0253 0
      vertex 63.9747 31.0253 2
    endloop
  endfacet
  facet normal 0.751727 -0.659474 0
    outer loop
      vertex 63.9747 31.0253 0
      vertex 63.8496 30.8827 2
      vertex 63.8496 30.8827 0
    endloop
  endfacet
  facet normal -0.751727 0.659474 0
    outer loop
      vertex 66.0253 28.9747 0
      vertex 66.1504 29.1173 2
      vertex 66.1504 29.1173 0
    endloop
  endfacet
  facet normal -0.751727 0.659474 0
    outer loop
      vertex 66.1504 29.1173 2
      vertex 66.0253 28.9747 0
      vertex 66.0253 28.9747 2
    endloop
  endfacet
  facet normal -0.831644 -0.555309 0
    outer loop
      vertex 66.2557 30.725 0
      vertex 66.1504 30.8827 2
      vertex 66.1504 30.8827 0
    endloop
  endfacet
  facet normal -0.831644 -0.555309 0
    outer loop
      vertex 66.1504 30.8827 2
      vertex 66.2557 30.725 0
      vertex 66.2557 30.725 2
    endloop
  endfacet
  facet normal -0.195102 -0.980783 0
    outer loop
      vertex 65.1893 31.4376 0
      vertex 65.3753 31.4006 2
      vertex 65.1893 31.4376 2
    endloop
  endfacet
  facet normal -0.195102 -0.980783 -0
    outer loop
      vertex 65.3753 31.4006 2
      vertex 65.1893 31.4376 0
      vertex 65.3753 31.4006 0
    endloop
  endfacet
  facet normal 0.980783 -0.195102 0
    outer loop
      vertex 63.5624 30.1893 2
      vertex 63.5994 30.3753 0
      vertex 63.5994 30.3753 2
    endloop
  endfacet
  facet normal 0.980783 -0.195102 0
    outer loop
      vertex 63.5994 30.3753 0
      vertex 63.5624 30.1893 2
      vertex 63.5624 30.1893 0
    endloop
  endfacet
  facet normal -0.555309 -0.831644 0
    outer loop
      vertex 65.725 31.2557 0
      vertex 65.8827 31.1504 2
      vertex 65.725 31.2557 2
    endloop
  endfacet
  facet normal -0.555309 -0.831644 -0
    outer loop
      vertex 65.8827 31.1504 2
      vertex 65.725 31.2557 0
      vertex 65.8827 31.1504 0
    endloop
  endfacet
  facet normal 0.195102 -0.980783 0
    outer loop
      vertex 64.6247 31.4006 0
      vertex 64.8107 31.4376 2
      vertex 64.6247 31.4006 2
    endloop
  endfacet
  facet normal 0.195102 -0.980783 0
    outer loop
      vertex 64.8107 31.4376 2
      vertex 64.6247 31.4006 0
      vertex 64.8107 31.4376 0
    endloop
  endfacet
  facet normal -0.980783 0.195102 0
    outer loop
      vertex 66.4006 29.6247 0
      vertex 66.4376 29.8107 2
      vertex 66.4376 29.8107 0
    endloop
  endfacet
  facet normal -0.980783 0.195102 0
    outer loop
      vertex 66.4376 29.8107 2
      vertex 66.4006 29.6247 0
      vertex 66.4006 29.6247 2
    endloop
  endfacet
  facet normal 0.659474 -0.751727 0
    outer loop
      vertex 63.9747 31.0253 0
      vertex 64.1173 31.1504 2
      vertex 63.9747 31.0253 2
    endloop
  endfacet
  facet normal 0.659474 -0.751727 0
    outer loop
      vertex 64.1173 31.1504 2
      vertex 63.9747 31.0253 0
      vertex 64.1173 31.1504 0
    endloop
  endfacet
  facet normal -0.0653644 -0.997861 0
    outer loop
      vertex 65 31.45 0
      vertex 65.1893 31.4376 2
      vertex 65 31.45 2
    endloop
  endfacet
  facet normal -0.0653644 -0.997861 -0
    outer loop
      vertex 65.1893 31.4376 2
      vertex 65 31.45 0
      vertex 65.1893 31.4376 0
    endloop
  endfacet
  facet normal 0.3216 0.946876 -0
    outer loop
      vertex 64.6247 28.5994 0
      vertex 64.4451 28.6604 2
      vertex 64.6247 28.5994 2
    endloop
  endfacet
  facet normal 0.3216 0.946876 0
    outer loop
      vertex 64.4451 28.6604 2
      vertex 64.6247 28.5994 0
      vertex 64.4451 28.6604 0
    endloop
  endfacet
  facet normal 0.946876 -0.3216 0
    outer loop
      vertex 63.5994 30.3753 2
      vertex 63.6604 30.5549 0
      vertex 63.6604 30.5549 2
    endloop
  endfacet
  facet normal 0.946876 -0.3216 0
    outer loop
      vertex 63.6604 30.5549 0
      vertex 63.5994 30.3753 2
      vertex 63.5994 30.3753 0
    endloop
  endfacet
  facet normal -0.195102 0.980783 0
    outer loop
      vertex 65.3753 28.5994 0
      vertex 65.1893 28.5624 2
      vertex 65.3753 28.5994 2
    endloop
  endfacet
  facet normal -0.195102 0.980783 0
    outer loop
      vertex 65.1893 28.5624 2
      vertex 65.3753 28.5994 0
      vertex 65.1893 28.5624 0
    endloop
  endfacet
  facet normal -0.3216 -0.946876 0
    outer loop
      vertex 65.3753 31.4006 0
      vertex 65.5549 31.3396 2
      vertex 65.3753 31.4006 2
    endloop
  endfacet
  facet normal -0.3216 -0.946876 -0
    outer loop
      vertex 65.5549 31.3396 2
      vertex 65.3753 31.4006 0
      vertex 65.5549 31.3396 0
    endloop
  endfacet
  facet normal 0.0653644 0.997861 -0
    outer loop
      vertex 65 28.55 0
      vertex 64.8107 28.5624 2
      vertex 65 28.55 2
    endloop
  endfacet
  facet normal 0.0653644 0.997861 0
    outer loop
      vertex 64.8107 28.5624 2
      vertex 65 28.55 0
      vertex 64.8107 28.5624 0
    endloop
  endfacet
  facet normal -0.751727 -0.659474 0
    outer loop
      vertex 66.1504 30.8827 0
      vertex 66.0253 31.0253 2
      vertex 66.0253 31.0253 0
    endloop
  endfacet
  facet normal -0.751727 -0.659474 0
    outer loop
      vertex 66.0253 31.0253 2
      vertex 66.1504 30.8827 0
      vertex 66.1504 30.8827 2
    endloop
  endfacet
  facet normal -0.946876 -0.3216 0
    outer loop
      vertex 66.4006 30.3753 0
      vertex 66.3396 30.5549 2
      vertex 66.3396 30.5549 0
    endloop
  endfacet
  facet normal -0.946876 -0.3216 0
    outer loop
      vertex 66.3396 30.5549 2
      vertex 66.4006 30.3753 0
      vertex 66.4006 30.3753 2
    endloop
  endfacet
  facet normal 0.3216 -0.946876 0
    outer loop
      vertex 64.4451 31.3396 0
      vertex 64.6247 31.4006 2
      vertex 64.4451 31.3396 2
    endloop
  endfacet
  facet normal 0.3216 -0.946876 0
    outer loop
      vertex 64.6247 31.4006 2
      vertex 64.4451 31.3396 0
      vertex 64.6247 31.4006 0
    endloop
  endfacet
  facet normal 0.442356 -0.896839 0
    outer loop
      vertex 64.275 31.2557 0
      vertex 64.4451 31.3396 2
      vertex 64.275 31.2557 2
    endloop
  endfacet
  facet normal 0.442356 -0.896839 0
    outer loop
      vertex 64.4451 31.3396 2
      vertex 64.275 31.2557 0
      vertex 64.4451 31.3396 0
    endloop
  endfacet
  facet normal 0.997861 0.0653644 0
    outer loop
      vertex 63.5624 29.8107 2
      vertex 63.55 30 0
      vertex 63.55 30 2
    endloop
  endfacet
  facet normal 0.997861 0.0653644 0
    outer loop
      vertex 63.55 30 0
      vertex 63.5624 29.8107 2
      vertex 63.5624 29.8107 0
    endloop
  endfacet
  facet normal 0.946876 0.3216 0
    outer loop
      vertex 63.6604 29.4451 2
      vertex 63.5994 29.6247 0
      vertex 63.5994 29.6247 2
    endloop
  endfacet
  facet normal 0.946876 0.3216 0
    outer loop
      vertex 63.5994 29.6247 0
      vertex 63.6604 29.4451 2
      vertex 63.6604 29.4451 0
    endloop
  endfacet
  facet normal 0.555309 -0.831644 0
    outer loop
      vertex 64.1173 31.1504 0
      vertex 64.275 31.2557 2
      vertex 64.1173 31.1504 2
    endloop
  endfacet
  facet normal 0.555309 -0.831644 0
    outer loop
      vertex 64.275 31.2557 2
      vertex 64.1173 31.1504 0
      vertex 64.275 31.2557 0
    endloop
  endfacet
  facet normal 0.980783 0.195102 0
    outer loop
      vertex 63.5994 29.6247 2
      vertex 63.5624 29.8107 0
      vertex 63.5624 29.8107 2
    endloop
  endfacet
  facet normal 0.980783 0.195102 0
    outer loop
      vertex 63.5624 29.8107 0
      vertex 63.5994 29.6247 2
      vertex 63.5994 29.6247 0
    endloop
  endfacet
  facet normal 0.555309 0.831644 -0
    outer loop
      vertex 64.275 28.7443 0
      vertex 64.1173 28.8496 2
      vertex 64.275 28.7443 2
    endloop
  endfacet
  facet normal 0.555309 0.831644 0
    outer loop
      vertex 64.1173 28.8496 2
      vertex 64.275 28.7443 0
      vertex 64.1173 28.8496 0
    endloop
  endfacet
  facet normal 0.896839 -0.442356 0
    outer loop
      vertex 63.6604 30.5549 2
      vertex 63.7443 30.725 0
      vertex 63.7443 30.725 2
    endloop
  endfacet
  facet normal 0.896839 -0.442356 0
    outer loop
      vertex 63.7443 30.725 0
      vertex 63.6604 30.5549 2
      vertex 63.6604 30.5549 0
    endloop
  endfacet
  facet normal 0.659474 0.751727 -0
    outer loop
      vertex 64.1173 28.8496 0
      vertex 63.9747 28.9747 2
      vertex 64.1173 28.8496 2
    endloop
  endfacet
  facet normal 0.659474 0.751727 0
    outer loop
      vertex 63.9747 28.9747 2
      vertex 64.1173 28.8496 0
      vertex 63.9747 28.9747 0
    endloop
  endfacet
  facet normal -0.659731 0.751502 0
    outer loop
      vertex 38.4303 12.2697 0
      vertex 38.3566 12.205 2
      vertex 38.4303 12.2697 2
    endloop
  endfacet
  facet normal -0.659731 0.751502 0
    outer loop
      vertex 38.3566 12.205 2
      vertex 38.4303 12.2697 0
      vertex 38.3566 12.205 0
    endloop
  endfacet
  facet normal 0.751502 -0.659731 0
    outer loop
      vertex 23.305 13.2566 2
      vertex 23.3697 13.3303 0
      vertex 23.3697 13.3303 2
    endloop
  endfacet
  facet normal 0.751502 -0.659731 0
    outer loop
      vertex 23.3697 13.3303 0
      vertex 23.305 13.2566 2
      vertex 23.305 13.2566 0
    endloop
  endfacet
  facet normal 0.99787 -0.0652336 0
    outer loop
      vertex 23.15 12.8 2
      vertex 23.1564 12.8979 0
      vertex 23.1564 12.8979 2
    endloop
  endfacet
  facet normal 0.99787 -0.0652336 0
    outer loop
      vertex 23.1564 12.8979 0
      vertex 23.15 12.8 2
      vertex 23.15 12.8 0
    endloop
  endfacet
  facet normal 0.980659 0.195724 0
    outer loop
      vertex 23.1756 12.6059 2
      vertex 23.1564 12.7021 0
      vertex 23.1564 12.7021 2
    endloop
  endfacet
  facet normal 0.980659 0.195724 0
    outer loop
      vertex 23.1564 12.7021 0
      vertex 23.1756 12.6059 2
      vertex 23.1756 12.6059 0
    endloop
  endfacet
  facet normal 0.94704 0.321117 0
    outer loop
      vertex 23.2071 12.513 2
      vertex 23.1756 12.6059 0
      vertex 23.1756 12.6059 2
    endloop
  endfacet
  facet normal 0.94704 0.321117 0
    outer loop
      vertex 23.1756 12.6059 0
      vertex 23.2071 12.513 2
      vertex 23.2071 12.513 0
    endloop
  endfacet
  facet normal -0.555406 0.83158 0
    outer loop
      vertex 38.3566 12.205 0
      vertex 38.275 12.1505 2
      vertex 38.3566 12.205 2
    endloop
  endfacet
  facet normal -0.555406 0.83158 0
    outer loop
      vertex 38.275 12.1505 2
      vertex 38.3566 12.205 0
      vertex 38.275 12.1505 0
    endloop
  endfacet
  facet normal 0.555406 0.83158 -0
    outer loop
      vertex 23.525 12.1505 0
      vertex 23.4434 12.205 2
      vertex 23.525 12.1505 2
    endloop
  endfacet
  facet normal 0.555406 0.83158 0
    outer loop
      vertex 23.4434 12.205 2
      vertex 23.525 12.1505 0
      vertex 23.4434 12.205 0
    endloop
  endfacet
  facet normal 0.0652336 -0.99787 0
    outer loop
      vertex 23.8021 13.5436 0
      vertex 23.9 13.55 2
      vertex 23.8021 13.5436 2
    endloop
  endfacet
  facet normal 0.0652336 -0.99787 0
    outer loop
      vertex 23.9 13.55 2
      vertex 23.8021 13.5436 0
      vertex 23.9 13.55 0
    endloop
  endfacet
  facet normal 0.321117 -0.94704 0
    outer loop
      vertex 23.613 13.4929 0
      vertex 23.7059 13.5244 2
      vertex 23.613 13.4929 2
    endloop
  endfacet
  facet normal 0.321117 -0.94704 0
    outer loop
      vertex 23.7059 13.5244 2
      vertex 23.613 13.4929 0
      vertex 23.7059 13.5244 0
    endloop
  endfacet
  facet normal -0.442315 -0.89686 0
    outer loop
      vertex 38.187 13.4929 0.349999
      vertex 38.275 13.4495 2
      vertex 38.187 13.4929 2
    endloop
  endfacet
  facet normal -0.442315 -0.89686 -0
    outer loop
      vertex 38.275 13.4495 2
      vertex 38.187 13.4929 0.349999
      vertex 38.275 13.4495 0.349999
    endloop
  endfacet
  facet normal 0.89686 -0.442315 0
    outer loop
      vertex 23.2071 13.087 2
      vertex 23.2505 13.175 0
      vertex 23.2505 13.175 2
    endloop
  endfacet
  facet normal 0.89686 -0.442315 0
    outer loop
      vertex 23.2505 13.175 0
      vertex 23.2071 13.087 2
      vertex 23.2071 13.087 0
    endloop
  endfacet
  facet normal 0.980659 -0.195724 0
    outer loop
      vertex 23.1564 12.8979 2
      vertex 23.1756 12.9941 0
      vertex 23.1756 12.9941 2
    endloop
  endfacet
  facet normal 0.980659 -0.195724 0
    outer loop
      vertex 23.1756 12.9941 0
      vertex 23.1564 12.8979 2
      vertex 23.1564 12.8979 0
    endloop
  endfacet
  facet normal 0.0652336 0.99787 -0
    outer loop
      vertex 23.9 12.05 0
      vertex 23.8021 12.0564 2
      vertex 23.9 12.05 2
    endloop
  endfacet
  facet normal 0.0652336 0.99787 0
    outer loop
      vertex 23.8021 12.0564 2
      vertex 23.9 12.05 0
      vertex 23.8021 12.0564 0
    endloop
  endfacet
  facet normal 0 -1 0
    outer loop
      vertex 33.0503 13.55 0
      vertex 33.9086 13.55 0.349999
      vertex 33.0503 13.55 0.349999
    endloop
  endfacet
  facet normal 0 -1 -0
    outer loop
      vertex 33.9086 13.55 0.349999
      vertex 33.0503 13.55 0
      vertex 33.9086 13.55 0
    endloop
  endfacet
  facet normal 0 -1 0
    outer loop
      vertex 30.8816 13.55 0
      vertex 31.2496 13.55 0.349999
      vertex 30.8816 13.55 0.349999
    endloop
  endfacet
  facet normal 0 -1 -0
    outer loop
      vertex 31.2496 13.55 0.349999
      vertex 30.8816 13.55 0
      vertex 31.2496 13.55 0
    endloop
  endfacet
  facet normal 0 -1 0
    outer loop
      vertex 28.7402 13.55 0
      vertex 29.0784 13.55 0.349999
      vertex 28.7402 13.55 0.349999
    endloop
  endfacet
  facet normal 0 -1 -0
    outer loop
      vertex 29.0784 13.55 0.349999
      vertex 28.7402 13.55 0
      vertex 29.0784 13.55 0
    endloop
  endfacet
  facet normal 0 -1 0
    outer loop
      vertex 28.7402 13.55 0.349999
      vertex 23.9 13.55 2
      vertex 27.0899 13.55 0.349999
    endloop
  endfacet
  facet normal 0 -1 0
    outer loop
      vertex 23.9 13.55 0
      vertex 27.0899 13.55 0.349999
      vertex 23.9 13.55 2
    endloop
  endfacet
  facet normal 0 -1 -0
    outer loop
      vertex 27.0899 13.55 0.349999
      vertex 23.9 13.55 0
      vertex 27.0899 13.55 0
    endloop
  endfacet
  facet normal 0 -1 0
    outer loop
      vertex 29.0784 13.55 0.349999
      vertex 23.9 13.55 2
      vertex 28.7402 13.55 0.349999
    endloop
  endfacet
  facet normal 0 -1 0
    outer loop
      vertex 30.8816 13.55 0.349999
      vertex 23.9 13.55 2
      vertex 29.0784 13.55 0.349999
    endloop
  endfacet
  facet normal 0 -1 0
    outer loop
      vertex 23.9 13.55 2
      vertex 30.8816 13.55 0.349999
      vertex 37.9 13.55 2
    endloop
  endfacet
  facet normal 0 -1 0
    outer loop
      vertex 31.2496 13.55 0.349999
      vertex 37.9 13.55 2
      vertex 30.8816 13.55 0.349999
    endloop
  endfacet
  facet normal 0 -1 0
    outer loop
      vertex 33.0503 13.55 0.349999
      vertex 37.9 13.55 2
      vertex 31.2496 13.55 0.349999
    endloop
  endfacet
  facet normal 0 -1 0
    outer loop
      vertex 33.9086 13.55 0.349999
      vertex 37.9 13.55 2
      vertex 33.0503 13.55 0.349999
    endloop
  endfacet
  facet normal 0 -1 0
    outer loop
      vertex 35.4318 13.55 0.349999
      vertex 37.9 13.55 2
      vertex 33.9086 13.55 0.349999
    endloop
  endfacet
  facet normal 0 -1 0
    outer loop
      vertex 37.9 13.55 0
      vertex 35.4318 13.55 0.349999
      vertex 35.4318 13.55 0
    endloop
  endfacet
  facet normal 0 -1 0
    outer loop
      vertex 35.4318 13.55 0.349999
      vertex 37.9 13.55 0
      vertex 37.9 13.55 2
    endloop
  endfacet
  facet normal 0 1 -0
    outer loop
      vertex 37.9 12.05 0
      vertex 23.9 12.05 2
      vertex 37.9 12.05 2
    endloop
  endfacet
  facet normal 0 1 0
    outer loop
      vertex 23.9 12.05 2
      vertex 37.9 12.05 0
      vertex 23.9 12.05 0
    endloop
  endfacet
  facet normal -0.0652336 -0.99787 0
    outer loop
      vertex 37.9 13.55 0
      vertex 37.9979 13.5436 2
      vertex 37.9 13.55 2
    endloop
  endfacet
  facet normal -0.0652336 -0.99787 -0
    outer loop
      vertex 37.9979 13.5436 2
      vertex 37.9 13.55 0
      vertex 37.9979 13.5436 0
    endloop
  endfacet
  facet normal -0.94704 0.321117 0
    outer loop
      vertex 38.5929 12.513 0
      vertex 38.6244 12.6059 2
      vertex 38.6244 12.6059 0
    endloop
  endfacet
  facet normal -0.94704 0.321117 0
    outer loop
      vertex 38.6244 12.6059 2
      vertex 38.5929 12.513 0
      vertex 38.5929 12.513 2
    endloop
  endfacet
  facet normal 0.659731 -0.751502 0
    outer loop
      vertex 23.3697 13.3303 0
      vertex 23.4434 13.395 2
      vertex 23.3697 13.3303 2
    endloop
  endfacet
  facet normal 0.659731 -0.751502 0
    outer loop
      vertex 23.4434 13.395 2
      vertex 23.3697 13.3303 0
      vertex 23.4434 13.395 0
    endloop
  endfacet
  facet normal 0.555406 -0.83158 0
    outer loop
      vertex 23.4434 13.395 0
      vertex 23.525 13.4495 2
      vertex 23.4434 13.395 2
    endloop
  endfacet
  facet normal 0.555406 -0.83158 0
    outer loop
      vertex 23.525 13.4495 2
      vertex 23.4434 13.395 0
      vertex 23.525 13.4495 0
    endloop
  endfacet
  facet normal 0.94704 -0.321117 0
    outer loop
      vertex 23.1756 12.9941 2
      vertex 23.2071 13.087 0
      vertex 23.2071 13.087 2
    endloop
  endfacet
  facet normal 0.94704 -0.321117 0
    outer loop
      vertex 23.2071 13.087 0
      vertex 23.1756 12.9941 2
      vertex 23.1756 12.9941 0
    endloop
  endfacet
  facet normal -0.555406 -0.83158 0
    outer loop
      vertex 38.275 13.4495 0.349999
      vertex 38.3566 13.395 2
      vertex 38.275 13.4495 2
    endloop
  endfacet
  facet normal -0.555406 -0.83158 -0
    outer loop
      vertex 38.3566 13.395 2
      vertex 38.275 13.4495 0.349999
      vertex 38.3566 13.395 0.349999
    endloop
  endfacet
  facet normal 0.195724 -0.980659 0
    outer loop
      vertex 23.7059 13.5244 0
      vertex 23.8021 13.5436 2
      vertex 23.7059 13.5244 2
    endloop
  endfacet
  facet normal 0.195724 -0.980659 0
    outer loop
      vertex 23.8021 13.5436 2
      vertex 23.7059 13.5244 0
      vertex 23.8021 13.5436 0
    endloop
  endfacet
  facet normal 0.659731 0.751502 -0
    outer loop
      vertex 23.4434 12.205 0
      vertex 23.3697 12.2697 2
      vertex 23.4434 12.205 2
    endloop
  endfacet
  facet normal 0.659731 0.751502 0
    outer loop
      vertex 23.3697 12.2697 2
      vertex 23.4434 12.205 0
      vertex 23.3697 12.2697 0
    endloop
  endfacet
  facet normal 0.99787 0.0652336 0
    outer loop
      vertex 23.1564 12.7021 2
      vertex 23.15 12.8 0
      vertex 23.15 12.8 2
    endloop
  endfacet
  facet normal 0.99787 0.0652336 0
    outer loop
      vertex 23.15 12.8 0
      vertex 23.1564 12.7021 2
      vertex 23.1564 12.7021 0
    endloop
  endfacet
  facet normal 0.83158 -0.555406 0
    outer loop
      vertex 23.2505 13.175 2
      vertex 23.305 13.2566 0
      vertex 23.305 13.2566 2
    endloop
  endfacet
  facet normal 0.83158 -0.555406 0
    outer loop
      vertex 23.305 13.2566 0
      vertex 23.2505 13.175 2
      vertex 23.2505 13.175 0
    endloop
  endfacet
  facet normal -0.99787 -0.0652336 0
    outer loop
      vertex 38.65 12.8 0
      vertex 38.6436 12.8979 2
      vertex 38.6436 12.8979 0
    endloop
  endfacet
  facet normal -0.99787 -0.0652336 0
    outer loop
      vertex 38.6436 12.8979 2
      vertex 38.65 12.8 0
      vertex 38.65 12.8 2
    endloop
  endfacet
  facet normal -0.89686 -0.442315 0
    outer loop
      vertex 38.5929 13.087 0
      vertex 38.5495 13.175 2
      vertex 38.5495 13.175 0
    endloop
  endfacet
  facet normal -0.89686 -0.442315 0
    outer loop
      vertex 38.5495 13.175 2
      vertex 38.5929 13.087 0
      vertex 38.5929 13.087 2
    endloop
  endfacet
  facet normal -0.980659 -0.195724 0
    outer loop
      vertex 38.6436 12.8979 0
      vertex 38.6244 12.9941 2
      vertex 38.6244 12.9941 0
    endloop
  endfacet
  facet normal -0.980659 -0.195724 0
    outer loop
      vertex 38.6244 12.9941 2
      vertex 38.6436 12.8979 0
      vertex 38.6436 12.8979 2
    endloop
  endfacet
  facet normal -0.195724 0.980659 0
    outer loop
      vertex 38.0941 12.0756 0
      vertex 37.9979 12.0564 2
      vertex 38.0941 12.0756 2
    endloop
  endfacet
  facet normal -0.195724 0.980659 0
    outer loop
      vertex 37.9979 12.0564 2
      vertex 38.0941 12.0756 0
      vertex 37.9979 12.0564 0
    endloop
  endfacet
  facet normal -0.0652336 0.99787 0
    outer loop
      vertex 37.9979 12.0564 0
      vertex 37.9 12.05 2
      vertex 37.9979 12.0564 2
    endloop
  endfacet
  facet normal -0.0652336 0.99787 0
    outer loop
      vertex 37.9 12.05 2
      vertex 37.9979 12.0564 0
      vertex 37.9 12.05 0
    endloop
  endfacet
  facet normal -0.980659 0.195724 0
    outer loop
      vertex 38.6244 12.6059 0
      vertex 38.6436 12.7021 2
      vertex 38.6436 12.7021 0
    endloop
  endfacet
  facet normal -0.980659 0.195724 0
    outer loop
      vertex 38.6436 12.7021 2
      vertex 38.6244 12.6059 0
      vertex 38.6244 12.6059 2
    endloop
  endfacet
  facet normal 0.83158 0.555406 0
    outer loop
      vertex 23.305 12.3434 2
      vertex 23.2505 12.425 0
      vertex 23.2505 12.425 2
    endloop
  endfacet
  facet normal 0.83158 0.555406 0
    outer loop
      vertex 23.2505 12.425 0
      vertex 23.305 12.3434 2
      vertex 23.305 12.3434 0
    endloop
  endfacet
  facet normal -0.89686 0.442315 0
    outer loop
      vertex 38.5495 12.425 0
      vertex 38.5929 12.513 2
      vertex 38.5929 12.513 0
    endloop
  endfacet
  facet normal -0.89686 0.442315 0
    outer loop
      vertex 38.5929 12.513 2
      vertex 38.5495 12.425 0
      vertex 38.5495 12.425 2
    endloop
  endfacet
  facet normal -0.83158 0.555406 0
    outer loop
      vertex 38.495 12.3434 0
      vertex 38.5495 12.425 2
      vertex 38.5495 12.425 0
    endloop
  endfacet
  facet normal -0.83158 0.555406 0
    outer loop
      vertex 38.5495 12.425 2
      vertex 38.495 12.3434 0
      vertex 38.495 12.3434 2
    endloop
  endfacet
  facet normal -0.442315 0.89686 0
    outer loop
      vertex 38.275 12.1505 0
      vertex 38.187 12.1071 2
      vertex 38.275 12.1505 2
    endloop
  endfacet
  facet normal -0.442315 0.89686 0
    outer loop
      vertex 38.187 12.1071 2
      vertex 38.275 12.1505 0
      vertex 38.187 12.1071 0
    endloop
  endfacet
  facet normal -0.83256 -0.553935 0
    outer loop
      vertex 38.5117 13.2315 0.349999
      vertex 38.495 13.2566 2
      vertex 38.495 13.2566 0.349999
    endloop
  endfacet
  facet normal -0.831144 -0.556057 -0
    outer loop
      vertex 38.5495 13.175 2
      vertex 38.5117 13.2315 0.349999
      vertex 38.5495 13.175 0
    endloop
  endfacet
  facet normal -0.83158 -0.555406 3.23021e-05
    outer loop
      vertex 38.5117 13.2315 0.349999
      vertex 38.5495 13.175 2
      vertex 38.495 13.2566 2
    endloop
  endfacet
  facet normal -0.831144 -0.556057 0
    outer loop
      vertex 38.5117 13.2315 0
      vertex 38.5495 13.175 0
      vertex 38.5117 13.2315 0.349999
    endloop
  endfacet
  facet normal 0.442315 -0.89686 0
    outer loop
      vertex 23.525 13.4495 0
      vertex 23.613 13.4929 2
      vertex 23.525 13.4495 2
    endloop
  endfacet
  facet normal 0.442315 -0.89686 0
    outer loop
      vertex 23.613 13.4929 2
      vertex 23.525 13.4495 0
      vertex 23.613 13.4929 0
    endloop
  endfacet
  facet normal 0.89686 0.442315 0
    outer loop
      vertex 23.2505 12.425 2
      vertex 23.2071 12.513 0
      vertex 23.2071 12.513 2
    endloop
  endfacet
  facet normal 0.89686 0.442315 0
    outer loop
      vertex 23.2071 12.513 0
      vertex 23.2505 12.425 2
      vertex 23.2505 12.425 0
    endloop
  endfacet
  facet normal -0.99787 0.0652336 0
    outer loop
      vertex 38.6436 12.7021 0
      vertex 38.65 12.8 2
      vertex 38.65 12.8 0
    endloop
  endfacet
  facet normal -0.99787 0.0652336 0
    outer loop
      vertex 38.65 12.8 2
      vertex 38.6436 12.7021 0
      vertex 38.6436 12.7021 2
    endloop
  endfacet
  facet normal 0.751502 0.659731 0
    outer loop
      vertex 23.3697 12.2697 2
      vertex 23.305 12.3434 0
      vertex 23.305 12.3434 2
    endloop
  endfacet
  facet normal 0.751502 0.659731 0
    outer loop
      vertex 23.305 12.3434 0
      vertex 23.3697 12.2697 2
      vertex 23.3697 12.2697 0
    endloop
  endfacet
  facet normal -0.321117 -0.94704 -3.23742e-05
    outer loop
      vertex 38.0941 13.5244 2
      vertex 38.1736 13.4975 0.349999
      vertex 38.187 13.4929 2
    endloop
  endfacet
  facet normal -0.320514 -0.947244 0
    outer loop
      vertex 38.0941 13.5244 0
      vertex 38.1736 13.4975 0.349999
      vertex 38.0941 13.5244 2
    endloop
  endfacet
  facet normal -0.320514 -0.947244 -0
    outer loop
      vertex 38.1736 13.4975 0.349999
      vertex 38.0941 13.5244 0
      vertex 38.1736 13.4975 0
    endloop
  endfacet
  facet normal -0.324685 -0.945822 -0
    outer loop
      vertex 38.187 13.4929 2
      vertex 38.1736 13.4975 0.349999
      vertex 38.187 13.4929 0.349999
    endloop
  endfacet
  facet normal -0.321117 0.94704 0
    outer loop
      vertex 38.187 12.1071 0
      vertex 38.0941 12.0756 2
      vertex 38.187 12.1071 2
    endloop
  endfacet
  facet normal -0.321117 0.94704 0
    outer loop
      vertex 38.0941 12.0756 2
      vertex 38.187 12.1071 0
      vertex 38.0941 12.0756 0
    endloop
  endfacet
  facet normal -0.751502 -0.659731 0
    outer loop
      vertex 38.495 13.2566 0.349999
      vertex 38.4303 13.3303 2
      vertex 38.4303 13.3303 0.349999
    endloop
  endfacet
  facet normal -0.751502 -0.659731 0
    outer loop
      vertex 38.4303 13.3303 2
      vertex 38.495 13.2566 0.349999
      vertex 38.495 13.2566 2
    endloop
  endfacet
  facet normal -0.751502 0.659731 0
    outer loop
      vertex 38.4303 12.2697 0
      vertex 38.495 12.3434 2
      vertex 38.495 12.3434 0
    endloop
  endfacet
  facet normal -0.751502 0.659731 0
    outer loop
      vertex 38.495 12.3434 2
      vertex 38.4303 12.2697 0
      vertex 38.4303 12.2697 2
    endloop
  endfacet
  facet normal 0.195724 0.980659 -0
    outer loop
      vertex 23.8021 12.0564 0
      vertex 23.7059 12.0756 2
      vertex 23.8021 12.0564 2
    endloop
  endfacet
  facet normal 0.195724 0.980659 0
    outer loop
      vertex 23.7059 12.0756 2
      vertex 23.8021 12.0564 0
      vertex 23.7059 12.0756 0
    endloop
  endfacet
  facet normal -0.659731 -0.751502 0
    outer loop
      vertex 38.3566 13.395 0.349999
      vertex 38.4303 13.3303 2
      vertex 38.3566 13.395 2
    endloop
  endfacet
  facet normal -0.659731 -0.751502 -0
    outer loop
      vertex 38.4303 13.3303 2
      vertex 38.3566 13.395 0.349999
      vertex 38.4303 13.3303 0.349999
    endloop
  endfacet
  facet normal -0.195724 -0.980659 0
    outer loop
      vertex 37.9979 13.5436 0
      vertex 38.0941 13.5244 2
      vertex 37.9979 13.5436 2
    endloop
  endfacet
  facet normal -0.195724 -0.980659 -0
    outer loop
      vertex 38.0941 13.5244 2
      vertex 37.9979 13.5436 0
      vertex 38.0941 13.5244 0
    endloop
  endfacet
  facet normal -0.94704 -0.321117 0
    outer loop
      vertex 38.6244 12.9941 0
      vertex 38.5929 13.087 2
      vertex 38.5929 13.087 0
    endloop
  endfacet
  facet normal -0.94704 -0.321117 0
    outer loop
      vertex 38.5929 13.087 2
      vertex 38.6244 12.9941 0
      vertex 38.6244 12.9941 2
    endloop
  endfacet
  facet normal 0.321117 0.94704 -0
    outer loop
      vertex 23.7059 12.0756 0
      vertex 23.613 12.1071 2
      vertex 23.7059 12.0756 2
    endloop
  endfacet
  facet normal 0.321117 0.94704 0
    outer loop
      vertex 23.613 12.1071 2
      vertex 23.7059 12.0756 0
      vertex 23.613 12.1071 0
    endloop
  endfacet
  facet normal 0.442315 0.89686 -0
    outer loop
      vertex 23.613 12.1071 0
      vertex 23.525 12.1505 2
      vertex 23.613 12.1071 2
    endloop
  endfacet
  facet normal 0.442315 0.89686 0
    outer loop
      vertex 23.525 12.1505 2
      vertex 23.613 12.1071 0
      vertex 23.525 12.1505 0
    endloop
  endfacet
  facet normal 0.555406 -0.83158 0
    outer loop
      vertex 23.4434 15.795 0
      vertex 23.525 15.8495 2
      vertex 23.4434 15.795 2
    endloop
  endfacet
  facet normal 0.555406 -0.83158 0
    outer loop
      vertex 23.525 15.8495 2
      vertex 23.4434 15.795 0
      vertex 23.525 15.8495 0
    endloop
  endfacet
  facet normal 0.555406 0.83158 -0
    outer loop
      vertex 23.525 14.5505 0
      vertex 23.4434 14.605 2
      vertex 23.525 14.5505 2
    endloop
  endfacet
  facet normal 0.555406 0.83158 0
    outer loop
      vertex 23.4434 14.605 2
      vertex 23.525 14.5505 0
      vertex 23.4434 14.605 0
    endloop
  endfacet
  facet normal 0.442315 -0.89686 0
    outer loop
      vertex 23.525 15.8495 0
      vertex 23.613 15.8929 2
      vertex 23.525 15.8495 2
    endloop
  endfacet
  facet normal 0.442315 -0.89686 0
    outer loop
      vertex 23.613 15.8929 2
      vertex 23.525 15.8495 0
      vertex 23.613 15.8929 0
    endloop
  endfacet
  facet normal 0.99787 0.0652336 0
    outer loop
      vertex 23.1564 15.1021 2
      vertex 23.15 15.2 0
      vertex 23.15 15.2 2
    endloop
  endfacet
  facet normal 0.99787 0.0652336 0
    outer loop
      vertex 23.15 15.2 0
      vertex 23.1564 15.1021 2
      vertex 23.1564 15.1021 0
    endloop
  endfacet
  facet normal -0.99787 0.0652336 0
    outer loop
      vertex 38.6436 15.1021 0
      vertex 38.65 15.2 2
      vertex 38.65 15.2 0
    endloop
  endfacet
  facet normal -0.99787 0.0652336 0
    outer loop
      vertex 38.65 15.2 2
      vertex 38.6436 15.1021 0
      vertex 38.6436 15.1021 2
    endloop
  endfacet
  facet normal 0.94704 -0.321117 0
    outer loop
      vertex 23.1756 15.3941 2
      vertex 23.2071 15.487 0
      vertex 23.2071 15.487 2
    endloop
  endfacet
  facet normal 0.94704 -0.321117 0
    outer loop
      vertex 23.2071 15.487 0
      vertex 23.1756 15.3941 2
      vertex 23.1756 15.3941 0
    endloop
  endfacet
  facet normal 0.83158 0.555406 0
    outer loop
      vertex 23.305 14.7434 2
      vertex 23.2505 14.825 0
      vertex 23.2505 14.825 2
    endloop
  endfacet
  facet normal 0.83158 0.555406 0
    outer loop
      vertex 23.2505 14.825 0
      vertex 23.305 14.7434 2
      vertex 23.305 14.7434 0
    endloop
  endfacet
  facet normal 0.442315 0.89686 -0
    outer loop
      vertex 23.613 14.5071 0
      vertex 23.525 14.5505 2
      vertex 23.613 14.5071 2
    endloop
  endfacet
  facet normal 0.442315 0.89686 0
    outer loop
      vertex 23.525 14.5505 2
      vertex 23.613 14.5071 0
      vertex 23.525 14.5505 0
    endloop
  endfacet
  facet normal -0.94704 0.321117 0
    outer loop
      vertex 38.5929 14.913 0
      vertex 38.6244 15.0059 2
      vertex 38.6244 15.0059 0
    endloop
  endfacet
  facet normal -0.94704 0.321117 0
    outer loop
      vertex 38.6244 15.0059 2
      vertex 38.5929 14.913 0
      vertex 38.5929 14.913 2
    endloop
  endfacet
  facet normal 0.195724 -0.980659 0
    outer loop
      vertex 23.7059 15.9244 0
      vertex 23.8021 15.9436 2
      vertex 23.7059 15.9244 2
    endloop
  endfacet
  facet normal 0.195724 -0.980659 0
    outer loop
      vertex 23.8021 15.9436 2
      vertex 23.7059 15.9244 0
      vertex 23.8021 15.9436 0
    endloop
  endfacet
  facet normal 0.94704 0.321117 0
    outer loop
      vertex 23.2071 14.913 2
      vertex 23.1756 15.0059 0
      vertex 23.1756 15.0059 2
    endloop
  endfacet
  facet normal 0.94704 0.321117 0
    outer loop
      vertex 23.1756 15.0059 0
      vertex 23.2071 14.913 2
      vertex 23.2071 14.913 0
    endloop
  endfacet
  facet normal 0.321117 -0.94704 0
    outer loop
      vertex 23.613 15.8929 0
      vertex 23.7059 15.9244 2
      vertex 23.613 15.8929 2
    endloop
  endfacet
  facet normal 0.321117 -0.94704 0
    outer loop
      vertex 23.7059 15.9244 2
      vertex 23.613 15.8929 0
      vertex 23.7059 15.9244 0
    endloop
  endfacet
  facet normal 0.99787 -0.0652336 0
    outer loop
      vertex 23.15 15.2 2
      vertex 23.1564 15.2979 0
      vertex 23.1564 15.2979 2
    endloop
  endfacet
  facet normal 0.99787 -0.0652336 0
    outer loop
      vertex 23.1564 15.2979 0
      vertex 23.15 15.2 2
      vertex 23.15 15.2 0
    endloop
  endfacet
  facet normal 0.980659 0.195724 0
    outer loop
      vertex 23.1756 15.0059 2
      vertex 23.1564 15.1021 0
      vertex 23.1564 15.1021 2
    endloop
  endfacet
  facet normal 0.980659 0.195724 0
    outer loop
      vertex 23.1564 15.1021 0
      vertex 23.1756 15.0059 2
      vertex 23.1756 15.0059 0
    endloop
  endfacet
  facet normal 0.751502 -0.659731 0
    outer loop
      vertex 23.305 15.6566 2
      vertex 23.3697 15.7303 0
      vertex 23.3697 15.7303 2
    endloop
  endfacet
  facet normal 0.751502 -0.659731 0
    outer loop
      vertex 23.3697 15.7303 0
      vertex 23.305 15.6566 2
      vertex 23.305 15.6566 0
    endloop
  endfacet
  facet normal 0 -1 0
    outer loop
      vertex 23.9 15.95 0
      vertex 37.9 15.95 2
      vertex 23.9 15.95 2
    endloop
  endfacet
  facet normal 0 -1 -0
    outer loop
      vertex 37.9 15.95 2
      vertex 23.9 15.95 0
      vertex 37.9 15.95 0
    endloop
  endfacet
  facet normal 0 1 -0
    outer loop
      vertex 29.0784 14.45 0
      vertex 28.1429 14.45 0.349999
      vertex 29.0784 14.45 0.349999
    endloop
  endfacet
  facet normal 0 1 0
    outer loop
      vertex 28.1429 14.45 0.349999
      vertex 29.0784 14.45 0
      vertex 28.1429 14.45 0
    endloop
  endfacet
  facet normal 0 1 -0
    outer loop
      vertex 31.2496 14.45 0
      vertex 30.7823 14.45 0.349999
      vertex 31.2496 14.45 0.349999
    endloop
  endfacet
  facet normal 0 1 0
    outer loop
      vertex 30.7823 14.45 0.349999
      vertex 31.2496 14.45 0
      vertex 30.7823 14.45 0
    endloop
  endfacet
  facet normal 0 1 -0
    outer loop
      vertex 33.5157 14.45 0
      vertex 33.1168 14.45 0.349999
      vertex 33.5157 14.45 0.349999
    endloop
  endfacet
  facet normal 0 1 0
    outer loop
      vertex 33.1168 14.45 0.349999
      vertex 33.5157 14.45 0
      vertex 33.1168 14.45 0
    endloop
  endfacet
  facet normal 0 1 -0
    outer loop
      vertex 35.3388 14.45 0
      vertex 33.9989 14.45 0.349999
      vertex 35.3388 14.45 0.349999
    endloop
  endfacet
  facet normal 0 1 0
    outer loop
      vertex 33.9989 14.45 0.349999
      vertex 35.3388 14.45 0
      vertex 33.9989 14.45 0
    endloop
  endfacet
  facet normal 0 1 0
    outer loop
      vertex 35.3388 14.45 0.349999
      vertex 37.9 14.45 2
      vertex 35.8284 14.45 0.349999
    endloop
  endfacet
  facet normal 0 1 -0
    outer loop
      vertex 37.9 14.45 0
      vertex 35.8284 14.45 0.349999
      vertex 37.9 14.45 2
    endloop
  endfacet
  facet normal 0 1 0
    outer loop
      vertex 35.8284 14.45 0.349999
      vertex 37.9 14.45 0
      vertex 35.8284 14.45 0
    endloop
  endfacet
  facet normal 0 1 0
    outer loop
      vertex 33.9989 14.45 0.349999
      vertex 37.9 14.45 2
      vertex 35.3388 14.45 0.349999
    endloop
  endfacet
  facet normal 0 1 0
    outer loop
      vertex 33.5157 14.45 0.349999
      vertex 37.9 14.45 2
      vertex 33.9989 14.45 0.349999
    endloop
  endfacet
  facet normal 0 1 0
    outer loop
      vertex 33.1168 14.45 0.349999
      vertex 37.9 14.45 2
      vertex 33.5157 14.45 0.349999
    endloop
  endfacet
  facet normal 0 1 0
    outer loop
      vertex 31.2496 14.45 0.349999
      vertex 37.9 14.45 2
      vertex 33.1168 14.45 0.349999
    endloop
  endfacet
  facet normal 0 1 0
    outer loop
      vertex 37.9 14.45 2
      vertex 31.2496 14.45 0.349999
      vertex 23.9 14.45 2
    endloop
  endfacet
  facet normal 0 1 -0
    outer loop
      vertex 30.7823 14.45 0.349999
      vertex 23.9 14.45 2
      vertex 31.2496 14.45 0.349999
    endloop
  endfacet
  facet normal 0 1 -0
    outer loop
      vertex 29.0784 14.45 0.349999
      vertex 23.9 14.45 2
      vertex 30.7823 14.45 0.349999
    endloop
  endfacet
  facet normal 0 1 -0
    outer loop
      vertex 28.1429 14.45 0.349999
      vertex 23.9 14.45 2
      vertex 29.0784 14.45 0.349999
    endloop
  endfacet
  facet normal 0 1 -0
    outer loop
      vertex 27.6399 14.45 0.349999
      vertex 23.9 14.45 2
      vertex 28.1429 14.45 0.349999
    endloop
  endfacet
  facet normal 0 1 0
    outer loop
      vertex 23.9 14.45 0
      vertex 27.6399 14.45 0.349999
      vertex 27.6399 14.45 0
    endloop
  endfacet
  facet normal 0 1 0
    outer loop
      vertex 27.6399 14.45 0.349999
      vertex 23.9 14.45 0
      vertex 23.9 14.45 2
    endloop
  endfacet
  facet normal -0.83158 -0.555406 0
    outer loop
      vertex 38.5495 15.575 0
      vertex 38.495 15.6566 2
      vertex 38.495 15.6566 0
    endloop
  endfacet
  facet normal -0.83158 -0.555406 0
    outer loop
      vertex 38.495 15.6566 2
      vertex 38.5495 15.575 0
      vertex 38.5495 15.575 2
    endloop
  endfacet
  facet normal 0.0652336 0.99787 -0
    outer loop
      vertex 23.9 14.45 0
      vertex 23.8021 14.4564 2
      vertex 23.9 14.45 2
    endloop
  endfacet
  facet normal 0.0652336 0.99787 0
    outer loop
      vertex 23.8021 14.4564 2
      vertex 23.9 14.45 0
      vertex 23.8021 14.4564 0
    endloop
  endfacet
  facet normal 0.659731 -0.751502 0
    outer loop
      vertex 23.3697 15.7303 0
      vertex 23.4434 15.795 2
      vertex 23.3697 15.7303 2
    endloop
  endfacet
  facet normal 0.659731 -0.751502 0
    outer loop
      vertex 23.4434 15.795 2
      vertex 23.3697 15.7303 0
      vertex 23.4434 15.795 0
    endloop
  endfacet
  facet normal -0.89686 0.442315 0
    outer loop
      vertex 38.5495 14.825 0
      vertex 38.5929 14.913 2
      vertex 38.5929 14.913 0
    endloop
  endfacet
  facet normal -0.89686 0.442315 0
    outer loop
      vertex 38.5929 14.913 2
      vertex 38.5495 14.825 0
      vertex 38.5495 14.825 2
    endloop
  endfacet
  facet normal -0.195724 -0.980659 0
    outer loop
      vertex 37.9979 15.9436 0
      vertex 38.0941 15.9244 2
      vertex 37.9979 15.9436 2
    endloop
  endfacet
  facet normal -0.195724 -0.980659 -0
    outer loop
      vertex 38.0941 15.9244 2
      vertex 37.9979 15.9436 0
      vertex 38.0941 15.9244 0
    endloop
  endfacet
  facet normal 0.980659 -0.195724 0
    outer loop
      vertex 23.1564 15.2979 2
      vertex 23.1756 15.3941 0
      vertex 23.1756 15.3941 2
    endloop
  endfacet
  facet normal 0.980659 -0.195724 0
    outer loop
      vertex 23.1756 15.3941 0
      vertex 23.1564 15.2979 2
      vertex 23.1564 15.2979 0
    endloop
  endfacet
  facet normal 0.195724 0.980659 -0
    outer loop
      vertex 23.8021 14.4564 0
      vertex 23.7059 14.4756 2
      vertex 23.8021 14.4564 2
    endloop
  endfacet
  facet normal 0.195724 0.980659 0
    outer loop
      vertex 23.7059 14.4756 2
      vertex 23.8021 14.4564 0
      vertex 23.7059 14.4756 0
    endloop
  endfacet
  facet normal -0.195724 0.980659 0
    outer loop
      vertex 38.0941 14.4756 0.349999
      vertex 37.9979 14.4564 2
      vertex 38.0941 14.4756 2
    endloop
  endfacet
  facet normal -0.195724 0.980659 0
    outer loop
      vertex 37.9979 14.4564 2
      vertex 38.0941 14.4756 0.349999
      vertex 37.9979 14.4564 0.349999
    endloop
  endfacet
  facet normal 0.751502 0.659731 0
    outer loop
      vertex 23.3697 14.6697 2
      vertex 23.305 14.7434 0
      vertex 23.305 14.7434 2
    endloop
  endfacet
  facet normal 0.751502 0.659731 0
    outer loop
      vertex 23.305 14.7434 0
      vertex 23.3697 14.6697 2
      vertex 23.3697 14.6697 0
    endloop
  endfacet
  facet normal -0.83158 0.555406 0
    outer loop
      vertex 38.495 14.7434 0
      vertex 38.5495 14.825 2
      vertex 38.5495 14.825 0
    endloop
  endfacet
  facet normal -0.83158 0.555406 0
    outer loop
      vertex 38.5495 14.825 2
      vertex 38.495 14.7434 0
      vertex 38.495 14.7434 2
    endloop
  endfacet
  facet normal 0.0652336 -0.99787 0
    outer loop
      vertex 23.8021 15.9436 0
      vertex 23.9 15.95 2
      vertex 23.8021 15.9436 2
    endloop
  endfacet
  facet normal 0.0652336 -0.99787 0
    outer loop
      vertex 23.9 15.95 2
      vertex 23.8021 15.9436 0
      vertex 23.9 15.95 0
    endloop
  endfacet
  facet normal 0.83158 -0.555406 0
    outer loop
      vertex 23.2505 15.575 2
      vertex 23.305 15.6566 0
      vertex 23.305 15.6566 2
    endloop
  endfacet
  facet normal 0.83158 -0.555406 0
    outer loop
      vertex 23.305 15.6566 0
      vertex 23.2505 15.575 2
      vertex 23.2505 15.575 0
    endloop
  endfacet
  facet normal 0.89686 -0.442315 0
    outer loop
      vertex 23.2071 15.487 2
      vertex 23.2505 15.575 0
      vertex 23.2505 15.575 2
    endloop
  endfacet
  facet normal 0.89686 -0.442315 0
    outer loop
      vertex 23.2505 15.575 0
      vertex 23.2071 15.487 2
      vertex 23.2071 15.487 0
    endloop
  endfacet
  facet normal 0.659731 0.751502 -0
    outer loop
      vertex 23.4434 14.605 0
      vertex 23.3697 14.6697 2
      vertex 23.4434 14.605 2
    endloop
  endfacet
  facet normal 0.659731 0.751502 0
    outer loop
      vertex 23.3697 14.6697 2
      vertex 23.4434 14.605 0
      vertex 23.3697 14.6697 0
    endloop
  endfacet
  facet normal -0.89686 -0.442315 0
    outer loop
      vertex 38.5929 15.487 0
      vertex 38.5495 15.575 2
      vertex 38.5495 15.575 0
    endloop
  endfacet
  facet normal -0.89686 -0.442315 0
    outer loop
      vertex 38.5495 15.575 2
      vertex 38.5929 15.487 0
      vertex 38.5929 15.487 2
    endloop
  endfacet
  facet normal 0.89686 0.442315 0
    outer loop
      vertex 23.2505 14.825 2
      vertex 23.2071 14.913 0
      vertex 23.2071 14.913 2
    endloop
  endfacet
  facet normal 0.89686 0.442315 0
    outer loop
      vertex 23.2071 14.913 0
      vertex 23.2505 14.825 2
      vertex 23.2505 14.825 0
    endloop
  endfacet
  facet normal -0.659731 0.751502 0
    outer loop
      vertex 38.4303 14.6697 0
      vertex 38.3566 14.605 2
      vertex 38.4303 14.6697 2
    endloop
  endfacet
  facet normal -0.659731 0.751502 0
    outer loop
      vertex 38.3566 14.605 2
      vertex 38.4303 14.6697 0
      vertex 38.3566 14.605 0
    endloop
  endfacet
  facet normal -0.99787 -0.0652336 0
    outer loop
      vertex 38.65 15.2 0
      vertex 38.6436 15.2979 2
      vertex 38.6436 15.2979 0
    endloop
  endfacet
  facet normal -0.99787 -0.0652336 0
    outer loop
      vertex 38.6436 15.2979 2
      vertex 38.65 15.2 0
      vertex 38.65 15.2 2
    endloop
  endfacet
  facet normal -0.442315 0.89686 0
    outer loop
      vertex 38.275 14.5505 0.349999
      vertex 38.187 14.5071 2
      vertex 38.275 14.5505 2
    endloop
  endfacet
  facet normal -0.442315 0.89686 0
    outer loop
      vertex 38.187 14.5071 2
      vertex 38.275 14.5505 0.349999
      vertex 38.187 14.5071 0.349999
    endloop
  endfacet
  facet normal -0.555406 -0.83158 0
    outer loop
      vertex 38.275 15.8495 0
      vertex 38.3566 15.795 2
      vertex 38.275 15.8495 2
    endloop
  endfacet
  facet normal -0.555406 -0.83158 -0
    outer loop
      vertex 38.3566 15.795 2
      vertex 38.275 15.8495 0
      vertex 38.3566 15.795 0
    endloop
  endfacet
  facet normal 0.321117 0.94704 -0
    outer loop
      vertex 23.7059 14.4756 0
      vertex 23.613 14.5071 2
      vertex 23.7059 14.4756 2
    endloop
  endfacet
  facet normal 0.321117 0.94704 0
    outer loop
      vertex 23.613 14.5071 2
      vertex 23.7059 14.4756 0
      vertex 23.613 14.5071 0
    endloop
  endfacet
  facet normal -0.980659 -0.195724 0
    outer loop
      vertex 38.6436 15.2979 0
      vertex 38.6244 15.3941 2
      vertex 38.6244 15.3941 0
    endloop
  endfacet
  facet normal -0.980659 -0.195724 0
    outer loop
      vertex 38.6244 15.3941 2
      vertex 38.6436 15.2979 0
      vertex 38.6436 15.2979 2
    endloop
  endfacet
  facet normal -0.321117 -0.94704 0
    outer loop
      vertex 38.0941 15.9244 0
      vertex 38.187 15.8929 2
      vertex 38.0941 15.9244 2
    endloop
  endfacet
  facet normal -0.321117 -0.94704 -0
    outer loop
      vertex 38.187 15.8929 2
      vertex 38.0941 15.9244 0
      vertex 38.187 15.8929 0
    endloop
  endfacet
  facet normal -0.0652336 -0.99787 0
    outer loop
      vertex 37.9 15.95 0
      vertex 37.9979 15.9436 2
      vertex 37.9 15.95 2
    endloop
  endfacet
  facet normal -0.0652336 -0.99787 -0
    outer loop
      vertex 37.9979 15.9436 2
      vertex 37.9 15.95 0
      vertex 37.9979 15.9436 0
    endloop
  endfacet
  facet normal -0.751502 0.659731 0
    outer loop
      vertex 38.4303 14.6697 0
      vertex 38.495 14.7434 2
      vertex 38.495 14.7434 0
    endloop
  endfacet
  facet normal -0.751502 0.659731 0
    outer loop
      vertex 38.495 14.7434 2
      vertex 38.4303 14.6697 0
      vertex 38.4303 14.6697 2
    endloop
  endfacet
  facet normal -0.94704 -0.321117 0
    outer loop
      vertex 38.6244 15.3941 0
      vertex 38.5929 15.487 2
      vertex 38.5929 15.487 0
    endloop
  endfacet
  facet normal -0.94704 -0.321117 0
    outer loop
      vertex 38.5929 15.487 2
      vertex 38.6244 15.3941 0
      vertex 38.6244 15.3941 2
    endloop
  endfacet
  facet normal -0.659731 -0.751502 0
    outer loop
      vertex 38.3566 15.795 0
      vertex 38.4303 15.7303 2
      vertex 38.3566 15.795 2
    endloop
  endfacet
  facet normal -0.659731 -0.751502 -0
    outer loop
      vertex 38.4303 15.7303 2
      vertex 38.3566 15.795 0
      vertex 38.4303 15.7303 0
    endloop
  endfacet
  facet normal -0.980659 0.195724 0
    outer loop
      vertex 38.6244 15.0059 0
      vertex 38.6436 15.1021 2
      vertex 38.6436 15.1021 0
    endloop
  endfacet
  facet normal -0.980659 0.195724 0
    outer loop
      vertex 38.6436 15.1021 2
      vertex 38.6244 15.0059 0
      vertex 38.6244 15.0059 2
    endloop
  endfacet
  facet normal -0.555406 0.83158 -1.54408e-05
    outer loop
      vertex 38.3566 14.605 2
      vertex 38.3544 14.6035 0.349999
      vertex 38.275 14.5505 2
    endloop
  endfacet
  facet normal -0.563337 0.826227 0
    outer loop
      vertex 38.3566 14.605 0
      vertex 38.3544 14.6035 0.349999
      vertex 38.3566 14.605 2
    endloop
  endfacet
  facet normal -0.563337 0.826227 0
    outer loop
      vertex 38.3544 14.6035 0.349999
      vertex 38.3566 14.605 0
      vertex 38.3544 14.6035 0
    endloop
  endfacet
  facet normal -0.555184 0.831728 0
    outer loop
      vertex 38.275 14.5505 2
      vertex 38.3544 14.6035 0.349999
      vertex 38.275 14.5505 0.349999
    endloop
  endfacet
  facet normal -0.321117 0.94704 0
    outer loop
      vertex 38.187 14.5071 0.349999
      vertex 38.0941 14.4756 2
      vertex 38.187 14.5071 2
    endloop
  endfacet
  facet normal -0.321117 0.94704 0
    outer loop
      vertex 38.0941 14.4756 2
      vertex 38.187 14.5071 0.349999
      vertex 38.0941 14.4756 0.349999
    endloop
  endfacet
  facet normal -0.751502 -0.659731 0
    outer loop
      vertex 38.495 15.6566 0
      vertex 38.4303 15.7303 2
      vertex 38.4303 15.7303 0
    endloop
  endfacet
  facet normal -0.751502 -0.659731 0
    outer loop
      vertex 38.4303 15.7303 2
      vertex 38.495 15.6566 0
      vertex 38.495 15.6566 2
    endloop
  endfacet
  facet normal -0.0692776 0.997597 0
    outer loop
      vertex 37.9907 14.4559 0.349999
      vertex 37.9979 14.4564 2
      vertex 37.9979 14.4564 0.349999
    endloop
  endfacet
  facet normal -0.0652336 0.99787 -1.77292e-05
    outer loop
      vertex 37.9979 14.4564 2
      vertex 37.9907 14.4559 0.349999
      vertex 37.9 14.45 2
    endloop
  endfacet
  facet normal -0.0649124 0.997891 0
    outer loop
      vertex 37.9 14.45 0
      vertex 37.9907 14.4559 0.349999
      vertex 37.9907 14.4559 0
    endloop
  endfacet
  facet normal -0.0649124 0.997891 0
    outer loop
      vertex 37.9907 14.4559 0.349999
      vertex 37.9 14.45 0
      vertex 37.9 14.45 2
    endloop
  endfacet
  facet normal -0.442315 -0.89686 0
    outer loop
      vertex 38.187 15.8929 0
      vertex 38.275 15.8495 2
      vertex 38.187 15.8929 2
    endloop
  endfacet
  facet normal -0.442315 -0.89686 -0
    outer loop
      vertex 38.275 15.8495 2
      vertex 38.187 15.8929 0
      vertex 38.275 15.8495 0
    endloop
  endfacet
  facet normal -0.555406 0.83158 0
    outer loop
      vertex 38.3566 17.005 0
      vertex 38.275 16.9505 2
      vertex 38.3566 17.005 2
    endloop
  endfacet
  facet normal -0.555406 0.83158 0
    outer loop
      vertex 38.275 16.9505 2
      vertex 38.3566 17.005 0
      vertex 38.275 16.9505 0
    endloop
  endfacet
  facet normal 0.751502 -0.659731 0
    outer loop
      vertex 23.305 18.0566 2
      vertex 23.3697 18.1303 0
      vertex 23.3697 18.1303 2
    endloop
  endfacet
  facet normal 0.751502 -0.659731 0
    outer loop
      vertex 23.3697 18.1303 0
      vertex 23.305 18.0566 2
      vertex 23.305 18.0566 0
    endloop
  endfacet
  facet normal 0.99787 0.0652336 0
    outer loop
      vertex 23.1564 17.5021 2
      vertex 23.15 17.6 0
      vertex 23.15 17.6 2
    endloop
  endfacet
  facet normal 0.99787 0.0652336 0
    outer loop
      vertex 23.15 17.6 0
      vertex 23.1564 17.5021 2
      vertex 23.1564 17.5021 0
    endloop
  endfacet
  facet normal 0.99787 -0.0652336 0
    outer loop
      vertex 23.15 17.6 2
      vertex 23.1564 17.6979 0
      vertex 23.1564 17.6979 2
    endloop
  endfacet
  facet normal 0.99787 -0.0652336 0
    outer loop
      vertex 23.1564 17.6979 0
      vertex 23.15 17.6 2
      vertex 23.15 17.6 0
    endloop
  endfacet
  facet normal 0.980659 0.195724 0
    outer loop
      vertex 23.1756 17.4059 2
      vertex 23.1564 17.5021 0
      vertex 23.1564 17.5021 2
    endloop
  endfacet
  facet normal 0.980659 0.195724 0
    outer loop
      vertex 23.1564 17.5021 0
      vertex 23.1756 17.4059 2
      vertex 23.1756 17.4059 0
    endloop
  endfacet
  facet normal 0.659731 0.751502 -0
    outer loop
      vertex 23.4434 17.005 0
      vertex 23.3697 17.0697 2
      vertex 23.4434 17.005 2
    endloop
  endfacet
  facet normal 0.659731 0.751502 0
    outer loop
      vertex 23.3697 17.0697 2
      vertex 23.4434 17.005 0
      vertex 23.3697 17.0697 0
    endloop
  endfacet
  facet normal 0.751502 0.659731 0
    outer loop
      vertex 23.3697 17.0697 2
      vertex 23.305 17.1434 0
      vertex 23.305 17.1434 2
    endloop
  endfacet
  facet normal 0.751502 0.659731 0
    outer loop
      vertex 23.305 17.1434 0
      vertex 23.3697 17.0697 2
      vertex 23.3697 17.0697 0
    endloop
  endfacet
  facet normal 0.442315 -0.89686 0
    outer loop
      vertex 23.525 18.2495 0
      vertex 23.613 18.2929 2
      vertex 23.525 18.2495 2
    endloop
  endfacet
  facet normal 0.442315 -0.89686 0
    outer loop
      vertex 23.613 18.2929 2
      vertex 23.525 18.2495 0
      vertex 23.613 18.2929 0
    endloop
  endfacet
  facet normal 0.94704 0.321117 0
    outer loop
      vertex 23.2071 17.313 2
      vertex 23.1756 17.4059 0
      vertex 23.1756 17.4059 2
    endloop
  endfacet
  facet normal 0.94704 0.321117 0
    outer loop
      vertex 23.1756 17.4059 0
      vertex 23.2071 17.313 2
      vertex 23.2071 17.313 0
    endloop
  endfacet
  facet normal 0.195724 -0.980659 0
    outer loop
      vertex 23.7059 18.3244 0
      vertex 23.8021 18.3436 2
      vertex 23.7059 18.3244 2
    endloop
  endfacet
  facet normal 0.195724 -0.980659 0
    outer loop
      vertex 23.8021 18.3436 2
      vertex 23.7059 18.3244 0
      vertex 23.8021 18.3436 0
    endloop
  endfacet
  facet normal -0.980659 -0.195724 0
    outer loop
      vertex 38.6436 17.6979 0
      vertex 38.6244 17.7941 2
      vertex 38.6244 17.7941 0
    endloop
  endfacet
  facet normal -0.980659 -0.195724 0
    outer loop
      vertex 38.6244 17.7941 2
      vertex 38.6436 17.6979 0
      vertex 38.6436 17.6979 2
    endloop
  endfacet
  facet normal 0.0652336 -0.99787 0
    outer loop
      vertex 23.8021 18.3436 0
      vertex 23.9 18.35 2
      vertex 23.8021 18.3436 2
    endloop
  endfacet
  facet normal 0.0652336 -0.99787 0
    outer loop
      vertex 23.9 18.35 2
      vertex 23.8021 18.3436 0
      vertex 23.9 18.35 0
    endloop
  endfacet
  facet normal -0.195724 -0.980659 0
    outer loop
      vertex 37.9979 18.3436 0
      vertex 38.0941 18.3244 2
      vertex 37.9979 18.3436 2
    endloop
  endfacet
  facet normal -0.195724 -0.980659 -0
    outer loop
      vertex 38.0941 18.3244 2
      vertex 37.9979 18.3436 0
      vertex 38.0941 18.3244 0
    endloop
  endfacet
  facet normal -0.751502 0.659731 0
    outer loop
      vertex 38.4303 17.0697 0
      vertex 38.495 17.1434 2
      vertex 38.495 17.1434 0
    endloop
  endfacet
  facet normal -0.751502 0.659731 0
    outer loop
      vertex 38.495 17.1434 2
      vertex 38.4303 17.0697 0
      vertex 38.4303 17.0697 2
    endloop
  endfacet
  facet normal 0.94704 -0.321117 0
    outer loop
      vertex 23.1756 17.7941 2
      vertex 23.2071 17.887 0
      vertex 23.2071 17.887 2
    endloop
  endfacet
  facet normal 0.94704 -0.321117 0
    outer loop
      vertex 23.2071 17.887 0
      vertex 23.1756 17.7941 2
      vertex 23.1756 17.7941 0
    endloop
  endfacet
  facet normal 0 -1 0
    outer loop
      vertex 23.9 18.35 0
      vertex 37.9 18.35 2
      vertex 23.9 18.35 2
    endloop
  endfacet
  facet normal 0 -1 -0
    outer loop
      vertex 37.9 18.35 2
      vertex 23.9 18.35 0
      vertex 37.9 18.35 0
    endloop
  endfacet
  facet normal 0.659731 -0.751502 0
    outer loop
      vertex 23.3697 18.1303 0
      vertex 23.4434 18.195 2
      vertex 23.3697 18.1303 2
    endloop
  endfacet
  facet normal 0.659731 -0.751502 0
    outer loop
      vertex 23.4434 18.195 2
      vertex 23.3697 18.1303 0
      vertex 23.4434 18.195 0
    endloop
  endfacet
  facet normal 0 1 -0
    outer loop
      vertex 37.9 16.85 0
      vertex 23.9 16.85 2
      vertex 37.9 16.85 2
    endloop
  endfacet
  facet normal 0 1 0
    outer loop
      vertex 23.9 16.85 2
      vertex 37.9 16.85 0
      vertex 23.9 16.85 0
    endloop
  endfacet
  facet normal 0.555406 -0.83158 0
    outer loop
      vertex 23.4434 18.195 0
      vertex 23.525 18.2495 2
      vertex 23.4434 18.195 2
    endloop
  endfacet
  facet normal 0.555406 -0.83158 0
    outer loop
      vertex 23.525 18.2495 2
      vertex 23.4434 18.195 0
      vertex 23.525 18.2495 0
    endloop
  endfacet
  facet normal 0.321117 0.94704 -0
    outer loop
      vertex 23.7059 16.8756 0
      vertex 23.613 16.9071 2
      vertex 23.7059 16.8756 2
    endloop
  endfacet
  facet normal 0.321117 0.94704 0
    outer loop
      vertex 23.613 16.9071 2
      vertex 23.7059 16.8756 0
      vertex 23.613 16.9071 0
    endloop
  endfacet
  facet normal 0.980659 -0.195724 0
    outer loop
      vertex 23.1564 17.6979 2
      vertex 23.1756 17.7941 0
      vertex 23.1756 17.7941 2
    endloop
  endfacet
  facet normal 0.980659 -0.195724 0
    outer loop
      vertex 23.1756 17.7941 0
      vertex 23.1564 17.6979 2
      vertex 23.1564 17.6979 0
    endloop
  endfacet
  facet normal -0.659731 0.751502 0
    outer loop
      vertex 38.4303 17.0697 0
      vertex 38.3566 17.005 2
      vertex 38.4303 17.0697 2
    endloop
  endfacet
  facet normal -0.659731 0.751502 0
    outer loop
      vertex 38.3566 17.005 2
      vertex 38.4303 17.0697 0
      vertex 38.3566 17.005 0
    endloop
  endfacet
  facet normal -0.83158 0.555406 0
    outer loop
      vertex 38.495 17.1434 0
      vertex 38.5495 17.225 2
      vertex 38.5495 17.225 0
    endloop
  endfacet
  facet normal -0.83158 0.555406 0
    outer loop
      vertex 38.5495 17.225 2
      vertex 38.495 17.1434 0
      vertex 38.495 17.1434 2
    endloop
  endfacet
  facet normal -0.99787 0.0652336 0
    outer loop
      vertex 38.6436 17.5021 0
      vertex 38.65 17.6 2
      vertex 38.65 17.6 0
    endloop
  endfacet
  facet normal -0.99787 0.0652336 0
    outer loop
      vertex 38.65 17.6 2
      vertex 38.6436 17.5021 0
      vertex 38.6436 17.5021 2
    endloop
  endfacet
  facet normal -0.0652336 -0.99787 0
    outer loop
      vertex 37.9 18.35 0
      vertex 37.9979 18.3436 2
      vertex 37.9 18.35 2
    endloop
  endfacet
  facet normal -0.0652336 -0.99787 -0
    outer loop
      vertex 37.9979 18.3436 2
      vertex 37.9 18.35 0
      vertex 37.9979 18.3436 0
    endloop
  endfacet
  facet normal 0.321117 -0.94704 0
    outer loop
      vertex 23.613 18.2929 0
      vertex 23.7059 18.3244 2
      vertex 23.613 18.2929 2
    endloop
  endfacet
  facet normal 0.321117 -0.94704 0
    outer loop
      vertex 23.7059 18.3244 2
      vertex 23.613 18.2929 0
      vertex 23.7059 18.3244 0
    endloop
  endfacet
  facet normal 0.195724 0.980659 -0
    outer loop
      vertex 23.8021 16.8564 0
      vertex 23.7059 16.8756 2
      vertex 23.8021 16.8564 2
    endloop
  endfacet
  facet normal 0.195724 0.980659 0
    outer loop
      vertex 23.7059 16.8756 2
      vertex 23.8021 16.8564 0
      vertex 23.7059 16.8756 0
    endloop
  endfacet
  facet normal -0.659731 -0.751502 0
    outer loop
      vertex 38.3566 18.195 0
      vertex 38.4303 18.1303 2
      vertex 38.3566 18.195 2
    endloop
  endfacet
  facet normal -0.659731 -0.751502 -0
    outer loop
      vertex 38.4303 18.1303 2
      vertex 38.3566 18.195 0
      vertex 38.4303 18.1303 0
    endloop
  endfacet
  facet normal 0.89686 0.442315 0
    outer loop
      vertex 23.2505 17.225 2
      vertex 23.2071 17.313 0
      vertex 23.2071 17.313 2
    endloop
  endfacet
  facet normal 0.89686 0.442315 0
    outer loop
      vertex 23.2071 17.313 0
      vertex 23.2505 17.225 2
      vertex 23.2505 17.225 0
    endloop
  endfacet
  facet normal 0.555406 0.83158 -0
    outer loop
      vertex 23.525 16.9505 0
      vertex 23.4434 17.005 2
      vertex 23.525 16.9505 2
    endloop
  endfacet
  facet normal 0.555406 0.83158 0
    outer loop
      vertex 23.4434 17.005 2
      vertex 23.525 16.9505 0
      vertex 23.4434 17.005 0
    endloop
  endfacet
  facet normal 0.83158 -0.555406 0
    outer loop
      vertex 23.2505 17.975 2
      vertex 23.305 18.0566 0
      vertex 23.305 18.0566 2
    endloop
  endfacet
  facet normal 0.83158 -0.555406 0
    outer loop
      vertex 23.305 18.0566 0
      vertex 23.2505 17.975 2
      vertex 23.2505 17.975 0
    endloop
  endfacet
  facet normal 0.89686 -0.442315 0
    outer loop
      vertex 23.2071 17.887 2
      vertex 23.2505 17.975 0
      vertex 23.2505 17.975 2
    endloop
  endfacet
  facet normal 0.89686 -0.442315 0
    outer loop
      vertex 23.2505 17.975 0
      vertex 23.2071 17.887 2
      vertex 23.2071 17.887 0
    endloop
  endfacet
  facet normal 0.83158 0.555406 0
    outer loop
      vertex 23.305 17.1434 2
      vertex 23.2505 17.225 0
      vertex 23.2505 17.225 2
    endloop
  endfacet
  facet normal 0.83158 0.555406 0
    outer loop
      vertex 23.2505 17.225 0
      vertex 23.305 17.1434 2
      vertex 23.305 17.1434 0
    endloop
  endfacet
  facet normal -0.89686 0.442315 0
    outer loop
      vertex 38.5495 17.225 0
      vertex 38.5929 17.313 2
      vertex 38.5929 17.313 0
    endloop
  endfacet
  facet normal -0.89686 0.442315 0
    outer loop
      vertex 38.5929 17.313 2
      vertex 38.5495 17.225 0
      vertex 38.5495 17.225 2
    endloop
  endfacet
  facet normal -0.94704 0.321117 0
    outer loop
      vertex 38.5929 17.313 0
      vertex 38.6244 17.4059 2
      vertex 38.6244 17.4059 0
    endloop
  endfacet
  facet normal -0.94704 0.321117 0
    outer loop
      vertex 38.6244 17.4059 2
      vertex 38.5929 17.313 0
      vertex 38.5929 17.313 2
    endloop
  endfacet
  facet normal 0.0652336 0.99787 -0
    outer loop
      vertex 23.9 16.85 0
      vertex 23.8021 16.8564 2
      vertex 23.9 16.85 2
    endloop
  endfacet
  facet normal 0.0652336 0.99787 0
    outer loop
      vertex 23.8021 16.8564 2
      vertex 23.9 16.85 0
      vertex 23.8021 16.8564 0
    endloop
  endfacet
  facet normal -0.99787 -0.0652336 0
    outer loop
      vertex 38.65 17.6 0
      vertex 38.6436 17.6979 2
      vertex 38.6436 17.6979 0
    endloop
  endfacet
  facet normal -0.99787 -0.0652336 0
    outer loop
      vertex 38.6436 17.6979 2
      vertex 38.65 17.6 0
      vertex 38.65 17.6 2
    endloop
  endfacet
  facet normal 0.442315 0.89686 -0
    outer loop
      vertex 23.613 16.9071 0
      vertex 23.525 16.9505 2
      vertex 23.613 16.9071 2
    endloop
  endfacet
  facet normal 0.442315 0.89686 0
    outer loop
      vertex 23.525 16.9505 2
      vertex 23.613 16.9071 0
      vertex 23.525 16.9505 0
    endloop
  endfacet
  facet normal -0.83158 -0.555406 0
    outer loop
      vertex 38.5495 17.975 0
      vertex 38.495 18.0566 2
      vertex 38.495 18.0566 0
    endloop
  endfacet
  facet normal -0.83158 -0.555406 0
    outer loop
      vertex 38.495 18.0566 2
      vertex 38.5495 17.975 0
      vertex 38.5495 17.975 2
    endloop
  endfacet
  facet normal -0.442315 -0.89686 0
    outer loop
      vertex 38.187 18.2929 0
      vertex 38.275 18.2495 2
      vertex 38.187 18.2929 2
    endloop
  endfacet
  facet normal -0.442315 -0.89686 -0
    outer loop
      vertex 38.275 18.2495 2
      vertex 38.187 18.2929 0
      vertex 38.275 18.2495 0
    endloop
  endfacet
  facet normal -0.751502 -0.659731 0
    outer loop
      vertex 38.495 18.0566 0
      vertex 38.4303 18.1303 2
      vertex 38.4303 18.1303 0
    endloop
  endfacet
  facet normal -0.751502 -0.659731 0
    outer loop
      vertex 38.4303 18.1303 2
      vertex 38.495 18.0566 0
      vertex 38.495 18.0566 2
    endloop
  endfacet
  facet normal -0.442315 0.89686 0
    outer loop
      vertex 38.275 16.9505 0
      vertex 38.187 16.9071 2
      vertex 38.275 16.9505 2
    endloop
  endfacet
  facet normal -0.442315 0.89686 0
    outer loop
      vertex 38.187 16.9071 2
      vertex 38.275 16.9505 0
      vertex 38.187 16.9071 0
    endloop
  endfacet
  facet normal -0.89686 -0.442315 0
    outer loop
      vertex 38.5929 17.887 0
      vertex 38.5495 17.975 2
      vertex 38.5495 17.975 0
    endloop
  endfacet
  facet normal -0.89686 -0.442315 0
    outer loop
      vertex 38.5495 17.975 2
      vertex 38.5929 17.887 0
      vertex 38.5929 17.887 2
    endloop
  endfacet
  facet normal -0.321117 0.94704 0
    outer loop
      vertex 38.187 16.9071 0
      vertex 38.0941 16.8756 2
      vertex 38.187 16.9071 2
    endloop
  endfacet
  facet normal -0.321117 0.94704 0
    outer loop
      vertex 38.0941 16.8756 2
      vertex 38.187 16.9071 0
      vertex 38.0941 16.8756 0
    endloop
  endfacet
  facet normal -0.94704 -0.321117 0
    outer loop
      vertex 38.6244 17.7941 0
      vertex 38.5929 17.887 2
      vertex 38.5929 17.887 0
    endloop
  endfacet
  facet normal -0.94704 -0.321117 0
    outer loop
      vertex 38.5929 17.887 2
      vertex 38.6244 17.7941 0
      vertex 38.6244 17.7941 2
    endloop
  endfacet
  facet normal -0.321117 -0.94704 0
    outer loop
      vertex 38.0941 18.3244 0
      vertex 38.187 18.2929 2
      vertex 38.0941 18.3244 2
    endloop
  endfacet
  facet normal -0.321117 -0.94704 -0
    outer loop
      vertex 38.187 18.2929 2
      vertex 38.0941 18.3244 0
      vertex 38.187 18.2929 0
    endloop
  endfacet
  facet normal -0.555406 -0.83158 0
    outer loop
      vertex 38.275 18.2495 0
      vertex 38.3566 18.195 2
      vertex 38.275 18.2495 2
    endloop
  endfacet
  facet normal -0.555406 -0.83158 -0
    outer loop
      vertex 38.3566 18.195 2
      vertex 38.275 18.2495 0
      vertex 38.3566 18.195 0
    endloop
  endfacet
  facet normal -0.195724 0.980659 0
    outer loop
      vertex 38.0941 16.8756 0
      vertex 37.9979 16.8564 2
      vertex 38.0941 16.8756 2
    endloop
  endfacet
  facet normal -0.195724 0.980659 0
    outer loop
      vertex 37.9979 16.8564 2
      vertex 38.0941 16.8756 0
      vertex 37.9979 16.8564 0
    endloop
  endfacet
  facet normal -0.980659 0.195724 0
    outer loop
      vertex 38.6244 17.4059 0
      vertex 38.6436 17.5021 2
      vertex 38.6436 17.5021 0
    endloop
  endfacet
  facet normal -0.980659 0.195724 0
    outer loop
      vertex 38.6436 17.5021 2
      vertex 38.6244 17.4059 0
      vertex 38.6244 17.4059 2
    endloop
  endfacet
  facet normal -0.0652336 0.99787 0
    outer loop
      vertex 37.9979 16.8564 0
      vertex 37.9 16.85 2
      vertex 37.9979 16.8564 2
    endloop
  endfacet
  facet normal -0.0652336 0.99787 0
    outer loop
      vertex 37.9 16.85 2
      vertex 37.9979 16.8564 0
      vertex 37.9 16.85 0
    endloop
  endfacet
  facet normal -0.659731 -0.751502 0
    outer loop
      vertex 38.3566 20.595 0.45
      vertex 38.4303 20.5303 2
      vertex 38.3566 20.595 2
    endloop
  endfacet
  facet normal -0.659731 -0.751502 -0
    outer loop
      vertex 38.4303 20.5303 2
      vertex 38.3566 20.595 0.45
      vertex 38.4303 20.5303 0.45
    endloop
  endfacet
  facet normal 0.442315 0.89686 -0
    outer loop
      vertex 23.613 19.3071 0
      vertex 23.525 19.3505 2
      vertex 23.613 19.3071 2
    endloop
  endfacet
  facet normal 0.442315 0.89686 0
    outer loop
      vertex 23.525 19.3505 2
      vertex 23.613 19.3071 0
      vertex 23.525 19.3505 0
    endloop
  endfacet
  facet normal -0.321117 -0.94704 0
    outer loop
      vertex 38.0941 20.7244 0.45
      vertex 38.187 20.6929 2
      vertex 38.0941 20.7244 2
    endloop
  endfacet
  facet normal -0.321117 -0.94704 -0
    outer loop
      vertex 38.187 20.6929 2
      vertex 38.0941 20.7244 0.45
      vertex 38.187 20.6929 0.45
    endloop
  endfacet
  facet normal 0.896537 0.44297 0
    outer loop
      vertex 23.2071 19.713 2
      vertex 23.228 19.6707 0.45
      vertex 23.2071 19.713 0.45
    endloop
  endfacet
  facet normal 0.89686 0.442315 2.22242e-05
    outer loop
      vertex 23.2505 19.625 2
      vertex 23.228 19.6707 0.45
      vertex 23.2071 19.713 2
    endloop
  endfacet
  facet normal 0.897159 0.441708 -0
    outer loop
      vertex 23.2505 19.625 0
      vertex 23.228 19.6707 0.45
      vertex 23.2505 19.625 2
    endloop
  endfacet
  facet normal 0.897159 0.441708 0
    outer loop
      vertex 23.228 19.6707 0.45
      vertex 23.2505 19.625 0
      vertex 23.228 19.6707 0
    endloop
  endfacet
  facet normal 0.321117 0.94704 -0
    outer loop
      vertex 23.7059 19.2756 0
      vertex 23.613 19.3071 2
      vertex 23.7059 19.2756 2
    endloop
  endfacet
  facet normal 0.321117 0.94704 0
    outer loop
      vertex 23.613 19.3071 2
      vertex 23.7059 19.2756 0
      vertex 23.613 19.3071 0
    endloop
  endfacet
  facet normal 0 1 -0
    outer loop
      vertex 37.9 19.25 0
      vertex 23.9 19.25 2
      vertex 37.9 19.25 2
    endloop
  endfacet
  facet normal 0 1 0
    outer loop
      vertex 23.9 19.25 2
      vertex 37.9 19.25 0
      vertex 23.9 19.25 0
    endloop
  endfacet
  facet normal 0 -1 0
    outer loop
      vertex 31.5114 20.75 0
      vertex 36.8136 20.75 0.45
      vertex 31.5114 20.75 0.45
    endloop
  endfacet
  facet normal 0 -1 -0
    outer loop
      vertex 36.8136 20.75 0.45
      vertex 31.5114 20.75 0
      vertex 36.8136 20.75 0
    endloop
  endfacet
  facet normal 0 -1 0
    outer loop
      vertex 29.2493 20.75 0
      vertex 30.2711 20.75 0.45
      vertex 29.2493 20.75 0.45
    endloop
  endfacet
  facet normal 0 -1 -0
    outer loop
      vertex 30.2711 20.75 0.45
      vertex 29.2493 20.75 0
      vertex 30.2711 20.75 0
    endloop
  endfacet
  facet normal 0 -1 0
    outer loop
      vertex 25.9737 20.75 0
      vertex 27.8736 20.75 0.45
      vertex 25.9737 20.75 0.45
    endloop
  endfacet
  facet normal 0 -1 -0
    outer loop
      vertex 27.8736 20.75 0.45
      vertex 25.9737 20.75 0
      vertex 27.8736 20.75 0
    endloop
  endfacet
  facet normal 0 -1 0
    outer loop
      vertex 25.9737 20.75 0.45
      vertex 23.9 20.75 2
      vertex 24.6806 20.75 0.45
    endloop
  endfacet
  facet normal 0 -1 0
    outer loop
      vertex 23.9 20.75 0
      vertex 24.6806 20.75 0.45
      vertex 23.9 20.75 2
    endloop
  endfacet
  facet normal 0 -1 -0
    outer loop
      vertex 24.6806 20.75 0.45
      vertex 23.9 20.75 0
      vertex 24.6806 20.75 0
    endloop
  endfacet
  facet normal 0 -1 0
    outer loop
      vertex 27.8736 20.75 0.45
      vertex 23.9 20.75 2
      vertex 25.9737 20.75 0.45
    endloop
  endfacet
  facet normal 0 -1 0
    outer loop
      vertex 29.2493 20.75 0.45
      vertex 23.9 20.75 2
      vertex 27.8736 20.75 0.45
    endloop
  endfacet
  facet normal 0 -1 0
    outer loop
      vertex 30.2711 20.75 0.45
      vertex 23.9 20.75 2
      vertex 29.2493 20.75 0.45
    endloop
  endfacet
  facet normal 0 -1 0
    outer loop
      vertex 23.9 20.75 2
      vertex 30.2711 20.75 0.45
      vertex 37.9 20.75 2
    endloop
  endfacet
  facet normal 0 -1 0
    outer loop
      vertex 31.5114 20.75 0.45
      vertex 37.9 20.75 2
      vertex 30.2711 20.75 0.45
    endloop
  endfacet
  facet normal 0 -1 0
    outer loop
      vertex 36.8136 20.75 0.45
      vertex 37.9 20.75 2
      vertex 31.5114 20.75 0.45
    endloop
  endfacet
  facet normal 0 -1 0
    outer loop
      vertex 37.8926 20.75 0.45
      vertex 37.9 20.75 2
      vertex 36.8136 20.75 0.45
    endloop
  endfacet
  facet normal 0 -1 0
    outer loop
      vertex 37.9 20.75 0
      vertex 37.8926 20.75 0.45
      vertex 37.8926 20.75 0
    endloop
  endfacet
  facet normal 0 -1 0
    outer loop
      vertex 37.8926 20.75 0.45
      vertex 37.9 20.75 0
      vertex 37.9 20.75 2
    endloop
  endfacet
  facet normal 0.751502 0.659731 0
    outer loop
      vertex 23.3697 19.4697 2
      vertex 23.305 19.5434 0
      vertex 23.305 19.5434 2
    endloop
  endfacet
  facet normal 0.751502 0.659731 0
    outer loop
      vertex 23.305 19.5434 0
      vertex 23.3697 19.4697 2
      vertex 23.3697 19.4697 0
    endloop
  endfacet
  facet normal 0.751502 -0.659731 0
    outer loop
      vertex 23.305 20.4566 2
      vertex 23.3697 20.5303 0.45
      vertex 23.3697 20.5303 2
    endloop
  endfacet
  facet normal 0.751502 -0.659731 0
    outer loop
      vertex 23.3697 20.5303 0.45
      vertex 23.305 20.4566 2
      vertex 23.305 20.4566 0.45
    endloop
  endfacet
  facet normal 0.195724 -0.980659 0
    outer loop
      vertex 23.7059 20.7244 0
      vertex 23.8021 20.7436 2
      vertex 23.7059 20.7244 2
    endloop
  endfacet
  facet normal 0.195724 -0.980659 0
    outer loop
      vertex 23.8021 20.7436 2
      vertex 23.7059 20.7244 0
      vertex 23.8021 20.7436 0
    endloop
  endfacet
  facet normal 0.89686 -0.442315 0
    outer loop
      vertex 23.2071 20.287 2
      vertex 23.2505 20.375 0.45
      vertex 23.2505 20.375 2
    endloop
  endfacet
  facet normal 0.89686 -0.442315 0
    outer loop
      vertex 23.2505 20.375 0.45
      vertex 23.2071 20.287 2
      vertex 23.2071 20.287 0.45
    endloop
  endfacet
  facet normal 0.83158 0.555406 0
    outer loop
      vertex 23.305 19.5434 2
      vertex 23.2505 19.625 0
      vertex 23.2505 19.625 2
    endloop
  endfacet
  facet normal 0.83158 0.555406 0
    outer loop
      vertex 23.2505 19.625 0
      vertex 23.305 19.5434 2
      vertex 23.305 19.5434 0
    endloop
  endfacet
  facet normal 0.980659 -0.195724 0
    outer loop
      vertex 23.1564 20.0979 2
      vertex 23.1756 20.1941 0.45
      vertex 23.1756 20.1941 2
    endloop
  endfacet
  facet normal 0.980659 -0.195724 0
    outer loop
      vertex 23.1756 20.1941 0.45
      vertex 23.1564 20.0979 2
      vertex 23.1564 20.0979 0.45
    endloop
  endfacet
  facet normal -0.980659 0.195724 0
    outer loop
      vertex 38.6244 19.8059 0.45
      vertex 38.6436 19.9021 2
      vertex 38.6436 19.9021 0.45
    endloop
  endfacet
  facet normal -0.980659 0.195724 0
    outer loop
      vertex 38.6436 19.9021 2
      vertex 38.6244 19.8059 0.45
      vertex 38.6244 19.8059 2
    endloop
  endfacet
  facet normal 0.980659 0.195724 0
    outer loop
      vertex 23.1756 19.8059 2
      vertex 23.1564 19.9021 0.45
      vertex 23.1564 19.9021 2
    endloop
  endfacet
  facet normal 0.980659 0.195724 0
    outer loop
      vertex 23.1564 19.9021 0.45
      vertex 23.1756 19.8059 2
      vertex 23.1756 19.8059 0.45
    endloop
  endfacet
  facet normal 0.99787 -0.0652336 0
    outer loop
      vertex 23.15 20 2
      vertex 23.1564 20.0979 0.45
      vertex 23.1564 20.0979 2
    endloop
  endfacet
  facet normal 0.99787 -0.0652336 0
    outer loop
      vertex 23.1564 20.0979 0.45
      vertex 23.15 20 2
      vertex 23.15 20 0.45
    endloop
  endfacet
  facet normal 0.0652336 -0.99787 0
    outer loop
      vertex 23.8021 20.7436 0
      vertex 23.9 20.75 2
      vertex 23.8021 20.7436 2
    endloop
  endfacet
  facet normal 0.0652336 -0.99787 0
    outer loop
      vertex 23.9 20.75 2
      vertex 23.8021 20.7436 0
      vertex 23.9 20.75 0
    endloop
  endfacet
  facet normal -0.94704 -0.321117 0
    outer loop
      vertex 38.6244 20.1941 0.45
      vertex 38.5929 20.287 2
      vertex 38.5929 20.287 0.45
    endloop
  endfacet
  facet normal -0.94704 -0.321117 0
    outer loop
      vertex 38.5929 20.287 2
      vertex 38.6244 20.1941 0.45
      vertex 38.6244 20.1941 2
    endloop
  endfacet
  facet normal 0.555406 0.83158 -0
    outer loop
      vertex 23.525 19.3505 0
      vertex 23.4434 19.405 2
      vertex 23.525 19.3505 2
    endloop
  endfacet
  facet normal 0.555406 0.83158 0
    outer loop
      vertex 23.4434 19.405 2
      vertex 23.525 19.3505 0
      vertex 23.4434 19.405 0
    endloop
  endfacet
  facet normal 0.99787 0.0652336 0
    outer loop
      vertex 23.1564 19.9021 2
      vertex 23.15 20 0.45
      vertex 23.15 20 2
    endloop
  endfacet
  facet normal 0.99787 0.0652336 0
    outer loop
      vertex 23.15 20 0.45
      vertex 23.1564 19.9021 2
      vertex 23.1564 19.9021 0.45
    endloop
  endfacet
  facet normal 0.5547 -0.83205 0
    outer loop
      vertex 23.4947 20.6292 0.45
      vertex 23.4434 20.595 2
      vertex 23.4434 20.595 0.45
    endloop
  endfacet
  facet normal 0.555406 -0.83158 3.37287e-05
    outer loop
      vertex 23.4434 20.595 2
      vertex 23.4947 20.6292 0.45
      vertex 23.525 20.6495 2
    endloop
  endfacet
  facet normal 0.556597 -0.830783 0
    outer loop
      vertex 23.525 20.6495 0
      vertex 23.4947 20.6292 0.45
      vertex 23.4947 20.6292 0
    endloop
  endfacet
  facet normal 0.556597 -0.830783 0
    outer loop
      vertex 23.4947 20.6292 0.45
      vertex 23.525 20.6495 0
      vertex 23.525 20.6495 2
    endloop
  endfacet
  facet normal 0.94704 -0.321117 0
    outer loop
      vertex 23.1756 20.1941 2
      vertex 23.2071 20.287 0.45
      vertex 23.2071 20.287 2
    endloop
  endfacet
  facet normal 0.94704 -0.321117 0
    outer loop
      vertex 23.2071 20.287 0.45
      vertex 23.1756 20.1941 2
      vertex 23.1756 20.1941 0.45
    endloop
  endfacet
  facet normal 0.321117 -0.94704 0
    outer loop
      vertex 23.613 20.6929 0
      vertex 23.7059 20.7244 2
      vertex 23.613 20.6929 2
    endloop
  endfacet
  facet normal 0.321117 -0.94704 0
    outer loop
      vertex 23.7059 20.7244 2
      vertex 23.613 20.6929 0
      vertex 23.7059 20.7244 0
    endloop
  endfacet
  facet normal 0.94704 0.321117 0
    outer loop
      vertex 23.2071 19.713 2
      vertex 23.1756 19.8059 0.45
      vertex 23.1756 19.8059 2
    endloop
  endfacet
  facet normal 0.94704 0.321117 0
    outer loop
      vertex 23.1756 19.8059 0.45
      vertex 23.2071 19.713 2
      vertex 23.2071 19.713 0.45
    endloop
  endfacet
  facet normal -0.897159 0.441708 0
    outer loop
      vertex 38.572 19.6707 0
      vertex 38.5495 19.625 0
      vertex 38.572 19.6707 0.45
    endloop
  endfacet
  facet normal -0.896537 0.44297 0
    outer loop
      vertex 38.572 19.6707 0.45
      vertex 38.5929 19.713 2
      vertex 38.5929 19.713 0.45
    endloop
  endfacet
  facet normal -0.897159 0.441708 0
    outer loop
      vertex 38.5495 19.625 2
      vertex 38.572 19.6707 0.45
      vertex 38.5495 19.625 0
    endloop
  endfacet
  facet normal -0.89686 0.442315 2.22242e-05
    outer loop
      vertex 38.572 19.6707 0.45
      vertex 38.5495 19.625 2
      vertex 38.5929 19.713 2
    endloop
  endfacet
  facet normal -0.442315 -0.89686 0
    outer loop
      vertex 38.187 20.6929 0.45
      vertex 38.275 20.6495 2
      vertex 38.187 20.6929 2
    endloop
  endfacet
  facet normal -0.442315 -0.89686 -0
    outer loop
      vertex 38.275 20.6495 2
      vertex 38.187 20.6929 0.45
      vertex 38.275 20.6495 0.45
    endloop
  endfacet
  facet normal 0.0652336 0.99787 -0
    outer loop
      vertex 23.9 19.25 0
      vertex 23.8021 19.2564 2
      vertex 23.9 19.25 2
    endloop
  endfacet
  facet normal 0.0652336 0.99787 0
    outer loop
      vertex 23.8021 19.2564 2
      vertex 23.9 19.25 0
      vertex 23.8021 19.2564 0
    endloop
  endfacet
  facet normal 0.659731 -0.751502 0
    outer loop
      vertex 23.3697 20.5303 0.45
      vertex 23.4434 20.595 2
      vertex 23.3697 20.5303 2
    endloop
  endfacet
  facet normal 0.659731 -0.751502 0
    outer loop
      vertex 23.4434 20.595 2
      vertex 23.3697 20.5303 0.45
      vertex 23.4434 20.595 0.45
    endloop
  endfacet
  facet normal -0.659731 0.751502 0
    outer loop
      vertex 38.4303 19.4697 0
      vertex 38.3566 19.405 2
      vertex 38.4303 19.4697 2
    endloop
  endfacet
  facet normal -0.659731 0.751502 0
    outer loop
      vertex 38.3566 19.405 2
      vertex 38.4303 19.4697 0
      vertex 38.3566 19.405 0
    endloop
  endfacet
  facet normal 0.442315 -0.89686 0
    outer loop
      vertex 23.525 20.6495 0
      vertex 23.613 20.6929 2
      vertex 23.525 20.6495 2
    endloop
  endfacet
  facet normal 0.442315 -0.89686 0
    outer loop
      vertex 23.613 20.6929 2
      vertex 23.525 20.6495 0
      vertex 23.613 20.6929 0
    endloop
  endfacet
  facet normal 0.83158 -0.555406 0
    outer loop
      vertex 23.2505 20.375 2
      vertex 23.305 20.4566 0.45
      vertex 23.305 20.4566 2
    endloop
  endfacet
  facet normal 0.83158 -0.555406 0
    outer loop
      vertex 23.305 20.4566 0.45
      vertex 23.2505 20.375 2
      vertex 23.2505 20.375 0.45
    endloop
  endfacet
  facet normal -0.751502 0.659731 0
    outer loop
      vertex 38.4303 19.4697 0
      vertex 38.495 19.5434 2
      vertex 38.495 19.5434 0
    endloop
  endfacet
  facet normal -0.751502 0.659731 0
    outer loop
      vertex 38.495 19.5434 2
      vertex 38.4303 19.4697 0
      vertex 38.4303 19.4697 2
    endloop
  endfacet
  facet normal -0.555406 0.83158 0
    outer loop
      vertex 38.3566 19.405 0
      vertex 38.275 19.3505 2
      vertex 38.3566 19.405 2
    endloop
  endfacet
  facet normal -0.555406 0.83158 0
    outer loop
      vertex 38.275 19.3505 2
      vertex 38.3566 19.405 0
      vertex 38.275 19.3505 0
    endloop
  endfacet
  facet normal -0.321117 0.94704 0
    outer loop
      vertex 38.187 19.3071 0
      vertex 38.0941 19.2756 2
      vertex 38.187 19.3071 2
    endloop
  endfacet
  facet normal -0.321117 0.94704 0
    outer loop
      vertex 38.0941 19.2756 2
      vertex 38.187 19.3071 0
      vertex 38.0941 19.2756 0
    endloop
  endfacet
  facet normal 0.195724 0.980659 -0
    outer loop
      vertex 23.8021 19.2564 0
      vertex 23.7059 19.2756 2
      vertex 23.8021 19.2564 2
    endloop
  endfacet
  facet normal 0.195724 0.980659 0
    outer loop
      vertex 23.7059 19.2756 2
      vertex 23.8021 19.2564 0
      vertex 23.7059 19.2756 0
    endloop
  endfacet
  facet normal -0.83158 0.555406 0
    outer loop
      vertex 38.495 19.5434 0
      vertex 38.5495 19.625 2
      vertex 38.5495 19.625 0
    endloop
  endfacet
  facet normal -0.83158 0.555406 0
    outer loop
      vertex 38.5495 19.625 2
      vertex 38.495 19.5434 0
      vertex 38.495 19.5434 2
    endloop
  endfacet
  facet normal -0.83158 -0.555406 0
    outer loop
      vertex 38.5495 20.375 0.45
      vertex 38.495 20.4566 2
      vertex 38.495 20.4566 0.45
    endloop
  endfacet
  facet normal -0.83158 -0.555406 0
    outer loop
      vertex 38.495 20.4566 2
      vertex 38.5495 20.375 0.45
      vertex 38.5495 20.375 2
    endloop
  endfacet
  facet normal -0.442315 0.89686 0
    outer loop
      vertex 38.275 19.3505 0
      vertex 38.187 19.3071 2
      vertex 38.275 19.3505 2
    endloop
  endfacet
  facet normal -0.442315 0.89686 0
    outer loop
      vertex 38.187 19.3071 2
      vertex 38.275 19.3505 0
      vertex 38.187 19.3071 0
    endloop
  endfacet
  facet normal 0.659731 0.751502 -0
    outer loop
      vertex 23.4434 19.405 0
      vertex 23.3697 19.4697 2
      vertex 23.4434 19.405 2
    endloop
  endfacet
  facet normal 0.659731 0.751502 0
    outer loop
      vertex 23.3697 19.4697 2
      vertex 23.4434 19.405 0
      vertex 23.3697 19.4697 0
    endloop
  endfacet
  facet normal -0.195724 0.980659 0
    outer loop
      vertex 38.0941 19.2756 0
      vertex 37.9979 19.2564 2
      vertex 38.0941 19.2756 2
    endloop
  endfacet
  facet normal -0.195724 0.980659 0
    outer loop
      vertex 37.9979 19.2564 2
      vertex 38.0941 19.2756 0
      vertex 37.9979 19.2564 0
    endloop
  endfacet
  facet normal -0.99787 0.0652336 0
    outer loop
      vertex 38.6436 19.9021 0.45
      vertex 38.65 20 2
      vertex 38.65 20 0.45
    endloop
  endfacet
  facet normal -0.99787 0.0652336 0
    outer loop
      vertex 38.65 20 2
      vertex 38.6436 19.9021 0.45
      vertex 38.6436 19.9021 2
    endloop
  endfacet
  facet normal -0.89686 -0.442315 0
    outer loop
      vertex 38.5929 20.287 0.45
      vertex 38.5495 20.375 2
      vertex 38.5495 20.375 0.45
    endloop
  endfacet
  facet normal -0.89686 -0.442315 0
    outer loop
      vertex 38.5495 20.375 2
      vertex 38.5929 20.287 0.45
      vertex 38.5929 20.287 2
    endloop
  endfacet
  facet normal -0.94704 0.321117 0
    outer loop
      vertex 38.5929 19.713 0.45
      vertex 38.6244 19.8059 2
      vertex 38.6244 19.8059 0.45
    endloop
  endfacet
  facet normal -0.94704 0.321117 0
    outer loop
      vertex 38.6244 19.8059 2
      vertex 38.5929 19.713 0.45
      vertex 38.5929 19.713 2
    endloop
  endfacet
  facet normal -0.0652336 0.99787 0
    outer loop
      vertex 37.9979 19.2564 0
      vertex 37.9 19.25 2
      vertex 37.9979 19.2564 2
    endloop
  endfacet
  facet normal -0.0652336 0.99787 0
    outer loop
      vertex 37.9 19.25 2
      vertex 37.9979 19.2564 0
      vertex 37.9 19.25 0
    endloop
  endfacet
  facet normal -0.195724 -0.980659 0
    outer loop
      vertex 37.9979 20.7436 0.45
      vertex 38.0941 20.7244 2
      vertex 37.9979 20.7436 2
    endloop
  endfacet
  facet normal -0.195724 -0.980659 -0
    outer loop
      vertex 38.0941 20.7244 2
      vertex 37.9979 20.7436 0.45
      vertex 38.0941 20.7244 0.45
    endloop
  endfacet
  facet normal -0.555406 -0.83158 0
    outer loop
      vertex 38.275 20.6495 0.45
      vertex 38.3566 20.595 2
      vertex 38.275 20.6495 2
    endloop
  endfacet
  facet normal -0.555406 -0.83158 -0
    outer loop
      vertex 38.3566 20.595 2
      vertex 38.275 20.6495 0.45
      vertex 38.3566 20.595 0.45
    endloop
  endfacet
  facet normal -0.751502 -0.659731 0
    outer loop
      vertex 38.495 20.4566 0.45
      vertex 38.4303 20.5303 2
      vertex 38.4303 20.5303 0.45
    endloop
  endfacet
  facet normal -0.751502 -0.659731 0
    outer loop
      vertex 38.4303 20.5303 2
      vertex 38.495 20.4566 0.45
      vertex 38.495 20.4566 2
    endloop
  endfacet
  facet normal -0.980659 -0.195724 0
    outer loop
      vertex 38.6436 20.0979 0.45
      vertex 38.6244 20.1941 2
      vertex 38.6244 20.1941 0.45
    endloop
  endfacet
  facet normal -0.980659 -0.195724 0
    outer loop
      vertex 38.6244 20.1941 2
      vertex 38.6436 20.0979 0.45
      vertex 38.6436 20.0979 2
    endloop
  endfacet
  facet normal -0.99787 -0.0652336 0
    outer loop
      vertex 38.65 20 0.45
      vertex 38.6436 20.0979 2
      vertex 38.6436 20.0979 0.45
    endloop
  endfacet
  facet normal -0.99787 -0.0652336 0
    outer loop
      vertex 38.6436 20.0979 2
      vertex 38.65 20 0.45
      vertex 38.65 20 2
    endloop
  endfacet
  facet normal -0.0652336 -0.99787 3.45896e-05
    outer loop
      vertex 37.9 20.75 2
      vertex 37.9879 20.7442 0.45
      vertex 37.9979 20.7436 2
    endloop
  endfacet
  facet normal -0.0658409 -0.99783 0
    outer loop
      vertex 37.9 20.75 0
      vertex 37.9879 20.7442 0.45
      vertex 37.9 20.75 2
    endloop
  endfacet
  facet normal -0.0658409 -0.99783 -0
    outer loop
      vertex 37.9879 20.7442 0.45
      vertex 37.9 20.75 0
      vertex 37.9879 20.7442 0
    endloop
  endfacet
  facet normal -0.0598923 -0.998205 -0
    outer loop
      vertex 37.9979 20.7436 2
      vertex 37.9879 20.7442 0.45
      vertex 37.9979 20.7436 0.45
    endloop
  endfacet
  facet normal 0.556324 -0.830965 0
    outer loop
      vertex 23.4552 23.0029 0.45
      vertex 23.4434 22.995 2
      vertex 23.4434 22.995 0.45
    endloop
  endfacet
  facet normal 0.555406 -0.83158 -1.01252e-05
    outer loop
      vertex 23.4434 22.995 2
      vertex 23.4552 23.0029 0.45
      vertex 23.525 23.0495 2
    endloop
  endfacet
  facet normal 0.55525 -0.831683 0
    outer loop
      vertex 23.525 23.0495 0
      vertex 23.4552 23.0029 0.45
      vertex 23.4552 23.0029 0
    endloop
  endfacet
  facet normal 0.55525 -0.831683 0
    outer loop
      vertex 23.4552 23.0029 0.45
      vertex 23.525 23.0495 0
      vertex 23.525 23.0495 2
    endloop
  endfacet
  facet normal 0.555406 0.83158 -0
    outer loop
      vertex 23.525 21.7505 0
      vertex 23.4434 21.805 2
      vertex 23.525 21.7505 2
    endloop
  endfacet
  facet normal 0.555406 0.83158 0
    outer loop
      vertex 23.4434 21.805 2
      vertex 23.525 21.7505 0
      vertex 23.4434 21.805 0
    endloop
  endfacet
  facet normal 0.442315 -0.89686 0
    outer loop
      vertex 23.525 23.0495 0
      vertex 23.613 23.0929 2
      vertex 23.525 23.0495 2
    endloop
  endfacet
  facet normal 0.442315 -0.89686 0
    outer loop
      vertex 23.613 23.0929 2
      vertex 23.525 23.0495 0
      vertex 23.613 23.0929 0
    endloop
  endfacet
  facet normal 0.99787 0.0652336 0
    outer loop
      vertex 23.1564 22.3021 2
      vertex 23.15 22.4 0.45
      vertex 23.15 22.4 2
    endloop
  endfacet
  facet normal 0.99787 0.0652336 0
    outer loop
      vertex 23.15 22.4 0.45
      vertex 23.1564 22.3021 2
      vertex 23.1564 22.3021 0.45
    endloop
  endfacet
  facet normal -0.99787 0.0652336 0
    outer loop
      vertex 38.6436 22.3021 0.45
      vertex 38.65 22.4 2
      vertex 38.65 22.4 0.45
    endloop
  endfacet
  facet normal -0.99787 0.0652336 0
    outer loop
      vertex 38.65 22.4 2
      vertex 38.6436 22.3021 0.45
      vertex 38.6436 22.3021 2
    endloop
  endfacet
  facet normal 0.94704 -0.321117 0
    outer loop
      vertex 23.1756 22.5941 2
      vertex 23.2071 22.687 0.45
      vertex 23.2071 22.687 2
    endloop
  endfacet
  facet normal 0.94704 -0.321117 0
    outer loop
      vertex 23.2071 22.687 0.45
      vertex 23.1756 22.5941 2
      vertex 23.1756 22.5941 0.45
    endloop
  endfacet
  facet normal 0.83158 0.555406 0
    outer loop
      vertex 23.305 21.9434 2
      vertex 23.2505 22.025 0
      vertex 23.2505 22.025 2
    endloop
  endfacet
  facet normal 0.83158 0.555406 0
    outer loop
      vertex 23.2505 22.025 0
      vertex 23.305 21.9434 2
      vertex 23.305 21.9434 0
    endloop
  endfacet
  facet normal 0.442315 0.89686 -0
    outer loop
      vertex 23.613 21.7071 0
      vertex 23.525 21.7505 2
      vertex 23.613 21.7071 2
    endloop
  endfacet
  facet normal 0.442315 0.89686 0
    outer loop
      vertex 23.525 21.7505 2
      vertex 23.613 21.7071 0
      vertex 23.525 21.7505 0
    endloop
  endfacet
  facet normal -0.94704 0.321117 0
    outer loop
      vertex 38.5929 22.113 0.45
      vertex 38.6244 22.2059 2
      vertex 38.6244 22.2059 0.45
    endloop
  endfacet
  facet normal -0.94704 0.321117 0
    outer loop
      vertex 38.6244 22.2059 2
      vertex 38.5929 22.113 0.45
      vertex 38.5929 22.113 2
    endloop
  endfacet
  facet normal 0.195724 -0.980659 0
    outer loop
      vertex 23.7059 23.1244 0
      vertex 23.8021 23.1436 2
      vertex 23.7059 23.1244 2
    endloop
  endfacet
  facet normal 0.195724 -0.980659 0
    outer loop
      vertex 23.8021 23.1436 2
      vertex 23.7059 23.1244 0
      vertex 23.8021 23.1436 0
    endloop
  endfacet
  facet normal 0.947171 0.320729 0
    outer loop
      vertex 23.1756 22.2059 2
      vertex 23.2055 22.1176 0.45
      vertex 23.1756 22.2059 0.45
    endloop
  endfacet
  facet normal 0.94704 0.321117 -2.45976e-05
    outer loop
      vertex 23.2071 22.113 2
      vertex 23.2055 22.1176 0.45
      vertex 23.1756 22.2059 2
    endloop
  endfacet
  facet normal 0.944497 0.328521 -0
    outer loop
      vertex 23.2071 22.113 0
      vertex 23.2055 22.1176 0.45
      vertex 23.2071 22.113 2
    endloop
  endfacet
  facet normal 0.944497 0.328521 0
    outer loop
      vertex 23.2055 22.1176 0.45
      vertex 23.2071 22.113 0
      vertex 23.2055 22.1176 0
    endloop
  endfacet
  facet normal 0.321117 -0.94704 0
    outer loop
      vertex 23.613 23.0929 0
      vertex 23.7059 23.1244 2
      vertex 23.613 23.0929 2
    endloop
  endfacet
  facet normal 0.321117 -0.94704 0
    outer loop
      vertex 23.7059 23.1244 2
      vertex 23.613 23.0929 0
      vertex 23.7059 23.1244 0
    endloop
  endfacet
  facet normal 0.99787 -0.0652336 0
    outer loop
      vertex 23.15 22.4 2
      vertex 23.1564 22.4979 0.45
      vertex 23.1564 22.4979 2
    endloop
  endfacet
  facet normal 0.99787 -0.0652336 0
    outer loop
      vertex 23.1564 22.4979 0.45
      vertex 23.15 22.4 2
      vertex 23.15 22.4 0.45
    endloop
  endfacet
  facet normal 0.980659 0.195724 0
    outer loop
      vertex 23.1756 22.2059 2
      vertex 23.1564 22.3021 0.45
      vertex 23.1564 22.3021 2
    endloop
  endfacet
  facet normal 0.980659 0.195724 0
    outer loop
      vertex 23.1564 22.3021 0.45
      vertex 23.1756 22.2059 2
      vertex 23.1756 22.2059 0.45
    endloop
  endfacet
  facet normal 0.751502 -0.659731 0
    outer loop
      vertex 23.305 22.8566 2
      vertex 23.3697 22.9303 0.45
      vertex 23.3697 22.9303 2
    endloop
  endfacet
  facet normal 0.751502 -0.659731 0
    outer loop
      vertex 23.3697 22.9303 0.45
      vertex 23.305 22.8566 2
      vertex 23.305 22.8566 0.45
    endloop
  endfacet
  facet normal 0 -1 0
    outer loop
      vertex 31.5114 23.15 0
      vertex 35.938 23.15 0.45
      vertex 31.5114 23.15 0.45
    endloop
  endfacet
  facet normal 0 -1 -0
    outer loop
      vertex 35.938 23.15 0.45
      vertex 31.5114 23.15 0
      vertex 35.938 23.15 0
    endloop
  endfacet
  facet normal 0 -1 0
    outer loop
      vertex 29.3427 23.15 0
      vertex 30.2711 23.15 0.45
      vertex 29.3427 23.15 0.45
    endloop
  endfacet
  facet normal 0 -1 -0
    outer loop
      vertex 30.2711 23.15 0.45
      vertex 29.3427 23.15 0
      vertex 30.2711 23.15 0
    endloop
  endfacet
  facet normal 0 -1 0
    outer loop
      vertex 29.3427 23.15 0.45
      vertex 23.9 23.15 2
      vertex 27.3243 23.15 0.45
    endloop
  endfacet
  facet normal 0 -1 0
    outer loop
      vertex 23.9 23.15 0
      vertex 27.3243 23.15 0.45
      vertex 23.9 23.15 2
    endloop
  endfacet
  facet normal 0 -1 -0
    outer loop
      vertex 27.3243 23.15 0.45
      vertex 23.9 23.15 0
      vertex 27.3243 23.15 0
    endloop
  endfacet
  facet normal 0 -1 0
    outer loop
      vertex 30.2711 23.15 0.45
      vertex 23.9 23.15 2
      vertex 29.3427 23.15 0.45
    endloop
  endfacet
  facet normal 0 -1 0
    outer loop
      vertex 23.9 23.15 2
      vertex 30.2711 23.15 0.45
      vertex 37.9 23.15 2
    endloop
  endfacet
  facet normal 0 -1 0
    outer loop
      vertex 31.5114 23.15 0.45
      vertex 37.9 23.15 2
      vertex 30.2711 23.15 0.45
    endloop
  endfacet
  facet normal 0 -1 0
    outer loop
      vertex 35.938 23.15 0.45
      vertex 37.9 23.15 2
      vertex 31.5114 23.15 0.45
    endloop
  endfacet
  facet normal 0 -1 -0
    outer loop
      vertex 37.9 23.15 2
      vertex 35.938 23.15 0.45
      vertex 37.9 23.15 0.45
    endloop
  endfacet
  facet normal 0 1 -0
    outer loop
      vertex 30.2711 21.65 0
      vertex 26.0451 21.65 0.45
      vertex 30.2711 21.65 0.45
    endloop
  endfacet
  facet normal 0 1 0
    outer loop
      vertex 26.0451 21.65 0.45
      vertex 30.2711 21.65 0
      vertex 26.0451 21.65 0
    endloop
  endfacet
  facet normal 0 1 -0
    outer loop
      vertex 36.4852 21.65 0
      vertex 31.5114 21.65 0.45
      vertex 36.4852 21.65 0.45
    endloop
  endfacet
  facet normal 0 1 0
    outer loop
      vertex 31.5114 21.65 0.45
      vertex 36.4852 21.65 0
      vertex 31.5114 21.65 0
    endloop
  endfacet
  facet normal 0 1 0
    outer loop
      vertex 36.4852 21.65 0.45
      vertex 37.9 21.65 2
      vertex 37.602 21.65 0.45
    endloop
  endfacet
  facet normal 0 1 -0
    outer loop
      vertex 37.9 21.65 0
      vertex 37.602 21.65 0.45
      vertex 37.9 21.65 2
    endloop
  endfacet
  facet normal 0 1 0
    outer loop
      vertex 37.602 21.65 0.45
      vertex 37.9 21.65 0
      vertex 37.602 21.65 0
    endloop
  endfacet
  facet normal 0 1 0
    outer loop
      vertex 31.5114 21.65 0.45
      vertex 37.9 21.65 2
      vertex 36.4852 21.65 0.45
    endloop
  endfacet
  facet normal 0 1 0
    outer loop
      vertex 37.9 21.65 2
      vertex 31.5114 21.65 0.45
      vertex 23.9 21.65 2
    endloop
  endfacet
  facet normal 0 1 -0
    outer loop
      vertex 30.2711 21.65 0.45
      vertex 23.9 21.65 2
      vertex 31.5114 21.65 0.45
    endloop
  endfacet
  facet normal 0 1 -0
    outer loop
      vertex 26.0451 21.65 0.45
      vertex 23.9 21.65 2
      vertex 30.2711 21.65 0.45
    endloop
  endfacet
  facet normal 0 1 -0
    outer loop
      vertex 24.653 21.65 0.45
      vertex 23.9 21.65 2
      vertex 26.0451 21.65 0.45
    endloop
  endfacet
  facet normal 0 1 0
    outer loop
      vertex 23.9 21.65 0
      vertex 24.653 21.65 0.45
      vertex 24.653 21.65 0
    endloop
  endfacet
  facet normal 0 1 0
    outer loop
      vertex 24.653 21.65 0.45
      vertex 23.9 21.65 0
      vertex 23.9 21.65 2
    endloop
  endfacet
  facet normal -0.442315 -0.89686 0
    outer loop
      vertex 38.187 23.0929 0
      vertex 38.275 23.0495 2
      vertex 38.187 23.0929 2
    endloop
  endfacet
  facet normal -0.442315 -0.89686 -0
    outer loop
      vertex 38.275 23.0495 2
      vertex 38.187 23.0929 0
      vertex 38.275 23.0495 0
    endloop
  endfacet
  facet normal -0.83158 -0.555406 0
    outer loop
      vertex 38.5495 22.775 0
      vertex 38.495 22.8566 2
      vertex 38.495 22.8566 0
    endloop
  endfacet
  facet normal -0.83158 -0.555406 0
    outer loop
      vertex 38.495 22.8566 2
      vertex 38.5495 22.775 0
      vertex 38.5495 22.775 2
    endloop
  endfacet
  facet normal 0.0652336 0.99787 -0
    outer loop
      vertex 23.9 21.65 0
      vertex 23.8021 21.6564 2
      vertex 23.9 21.65 2
    endloop
  endfacet
  facet normal 0.0652336 0.99787 0
    outer loop
      vertex 23.8021 21.6564 2
      vertex 23.9 21.65 0
      vertex 23.8021 21.6564 0
    endloop
  endfacet
  facet normal 0.659731 -0.751502 0
    outer loop
      vertex 23.3697 22.9303 0.45
      vertex 23.4434 22.995 2
      vertex 23.3697 22.9303 2
    endloop
  endfacet
  facet normal 0.659731 -0.751502 0
    outer loop
      vertex 23.4434 22.995 2
      vertex 23.3697 22.9303 0.45
      vertex 23.4434 22.995 0.45
    endloop
  endfacet
  facet normal -0.89686 0.442315 0
    outer loop
      vertex 38.5495 22.025 0.45
      vertex 38.5929 22.113 2
      vertex 38.5929 22.113 0.45
    endloop
  endfacet
  facet normal -0.89686 0.442315 0
    outer loop
      vertex 38.5929 22.113 2
      vertex 38.5495 22.025 0.45
      vertex 38.5495 22.025 2
    endloop
  endfacet
  facet normal -0.195724 -0.980659 0
    outer loop
      vertex 37.9979 23.1436 0
      vertex 38.0941 23.1244 2
      vertex 37.9979 23.1436 2
    endloop
  endfacet
  facet normal -0.195724 -0.980659 -0
    outer loop
      vertex 38.0941 23.1244 2
      vertex 37.9979 23.1436 0
      vertex 38.0941 23.1244 0
    endloop
  endfacet
  facet normal 0.980659 -0.195724 0
    outer loop
      vertex 23.1564 22.4979 2
      vertex 23.1756 22.5941 0.45
      vertex 23.1756 22.5941 2
    endloop
  endfacet
  facet normal 0.980659 -0.195724 0
    outer loop
      vertex 23.1756 22.5941 0.45
      vertex 23.1564 22.4979 2
      vertex 23.1564 22.4979 0.45
    endloop
  endfacet
  facet normal 0.195724 0.980659 -0
    outer loop
      vertex 23.8021 21.6564 0
      vertex 23.7059 21.6756 2
      vertex 23.8021 21.6564 2
    endloop
  endfacet
  facet normal 0.195724 0.980659 0
    outer loop
      vertex 23.7059 21.6756 2
      vertex 23.8021 21.6564 0
      vertex 23.7059 21.6756 0
    endloop
  endfacet
  facet normal -0.195724 0.980659 0
    outer loop
      vertex 38.0941 21.6756 0
      vertex 37.9979 21.6564 2
      vertex 38.0941 21.6756 2
    endloop
  endfacet
  facet normal -0.195724 0.980659 0
    outer loop
      vertex 37.9979 21.6564 2
      vertex 38.0941 21.6756 0
      vertex 37.9979 21.6564 0
    endloop
  endfacet
  facet normal 0.751502 0.659731 0
    outer loop
      vertex 23.3697 21.8697 2
      vertex 23.305 21.9434 0
      vertex 23.305 21.9434 2
    endloop
  endfacet
  facet normal 0.751502 0.659731 0
    outer loop
      vertex 23.305 21.9434 0
      vertex 23.3697 21.8697 2
      vertex 23.3697 21.8697 0
    endloop
  endfacet
  facet normal -0.83158 0.555406 0
    outer loop
      vertex 38.495 21.9434 0.45
      vertex 38.5495 22.025 2
      vertex 38.5495 22.025 0.45
    endloop
  endfacet
  facet normal -0.83158 0.555406 0
    outer loop
      vertex 38.5495 22.025 2
      vertex 38.495 21.9434 0.45
      vertex 38.495 21.9434 2
    endloop
  endfacet
  facet normal 0.0652336 -0.99787 0
    outer loop
      vertex 23.8021 23.1436 0
      vertex 23.9 23.15 2
      vertex 23.8021 23.1436 2
    endloop
  endfacet
  facet normal 0.0652336 -0.99787 0
    outer loop
      vertex 23.9 23.15 2
      vertex 23.8021 23.1436 0
      vertex 23.9 23.15 0
    endloop
  endfacet
  facet normal 0.83158 -0.555406 0
    outer loop
      vertex 23.2505 22.775 2
      vertex 23.305 22.8566 0.45
      vertex 23.305 22.8566 2
    endloop
  endfacet
  facet normal 0.83158 -0.555406 0
    outer loop
      vertex 23.305 22.8566 0.45
      vertex 23.2505 22.775 2
      vertex 23.2505 22.775 0.45
    endloop
  endfacet
  facet normal 0.89686 -0.442315 0
    outer loop
      vertex 23.2071 22.687 2
      vertex 23.2505 22.775 0.45
      vertex 23.2505 22.775 2
    endloop
  endfacet
  facet normal 0.89686 -0.442315 0
    outer loop
      vertex 23.2505 22.775 0.45
      vertex 23.2071 22.687 2
      vertex 23.2071 22.687 0.45
    endloop
  endfacet
  facet normal 0.659731 0.751502 -0
    outer loop
      vertex 23.4434 21.805 0
      vertex 23.3697 21.8697 2
      vertex 23.4434 21.805 2
    endloop
  endfacet
  facet normal 0.659731 0.751502 0
    outer loop
      vertex 23.3697 21.8697 2
      vertex 23.4434 21.805 0
      vertex 23.3697 21.8697 0
    endloop
  endfacet
  facet normal -0.89686 -0.442315 0
    outer loop
      vertex 38.5929 22.687 0
      vertex 38.5495 22.775 2
      vertex 38.5495 22.775 0
    endloop
  endfacet
  facet normal -0.89686 -0.442315 0
    outer loop
      vertex 38.5495 22.775 2
      vertex 38.5929 22.687 0
      vertex 38.5929 22.687 2
    endloop
  endfacet
  facet normal 0.89686 0.442315 0
    outer loop
      vertex 23.2505 22.025 2
      vertex 23.2071 22.113 0
      vertex 23.2071 22.113 2
    endloop
  endfacet
  facet normal 0.89686 0.442315 0
    outer loop
      vertex 23.2071 22.113 0
      vertex 23.2505 22.025 2
      vertex 23.2505 22.025 0
    endloop
  endfacet
  facet normal -0.659731 0.751502 0
    outer loop
      vertex 38.4303 21.8697 0.45
      vertex 38.3566 21.805 2
      vertex 38.4303 21.8697 2
    endloop
  endfacet
  facet normal -0.659731 0.751502 0
    outer loop
      vertex 38.3566 21.805 2
      vertex 38.4303 21.8697 0.45
      vertex 38.3566 21.805 0.45
    endloop
  endfacet
  facet normal -0.99787 -0.0652336 0
    outer loop
      vertex 38.65 22.4 0.45
      vertex 38.6436 22.4979 2
      vertex 38.6436 22.4979 0.45
    endloop
  endfacet
  facet normal -0.99787 -0.0652336 0
    outer loop
      vertex 38.6436 22.4979 2
      vertex 38.65 22.4 0.45
      vertex 38.65 22.4 2
    endloop
  endfacet
  facet normal -0.442315 0.89686 0
    outer loop
      vertex 38.275 21.7505 0
      vertex 38.187 21.7071 2
      vertex 38.275 21.7505 2
    endloop
  endfacet
  facet normal -0.442315 0.89686 0
    outer loop
      vertex 38.187 21.7071 2
      vertex 38.275 21.7505 0
      vertex 38.187 21.7071 0
    endloop
  endfacet
  facet normal -0.555406 -0.83158 0
    outer loop
      vertex 38.275 23.0495 0
      vertex 38.3566 22.995 2
      vertex 38.275 23.0495 2
    endloop
  endfacet
  facet normal -0.555406 -0.83158 -0
    outer loop
      vertex 38.3566 22.995 2
      vertex 38.275 23.0495 0
      vertex 38.3566 22.995 0
    endloop
  endfacet
  facet normal 0.321117 0.94704 -0
    outer loop
      vertex 23.7059 21.6756 0
      vertex 23.613 21.7071 2
      vertex 23.7059 21.6756 2
    endloop
  endfacet
  facet normal 0.321117 0.94704 0
    outer loop
      vertex 23.613 21.7071 2
      vertex 23.7059 21.6756 0
      vertex 23.613 21.7071 0
    endloop
  endfacet
  facet normal -0.980659 -0.195724 0
    outer loop
      vertex 38.6436 22.4979 0.45
      vertex 38.6244 22.5941 2
      vertex 38.6244 22.5941 0.45
    endloop
  endfacet
  facet normal -0.980659 -0.195724 0
    outer loop
      vertex 38.6244 22.5941 2
      vertex 38.6436 22.4979 0.45
      vertex 38.6436 22.4979 2
    endloop
  endfacet
  facet normal -0.321117 -0.94704 0
    outer loop
      vertex 38.0941 23.1244 0
      vertex 38.187 23.0929 2
      vertex 38.0941 23.1244 2
    endloop
  endfacet
  facet normal -0.321117 -0.94704 -0
    outer loop
      vertex 38.187 23.0929 2
      vertex 38.0941 23.1244 0
      vertex 38.187 23.0929 0
    endloop
  endfacet
  facet normal -0.0642925 -0.997931 0
    outer loop
      vertex 37.9357 23.1477 0.45
      vertex 37.9 23.15 2
      vertex 37.9 23.15 0.45
    endloop
  endfacet
  facet normal -0.0652336 -0.99787 -2.17664e-05
    outer loop
      vertex 37.9 23.15 2
      vertex 37.9357 23.1477 0.45
      vertex 37.9979 23.1436 2
    endloop
  endfacet
  facet normal -0.0657737 -0.997835 0
    outer loop
      vertex 37.9979 23.1436 0
      vertex 37.9357 23.1477 0.45
      vertex 37.9357 23.1477 0
    endloop
  endfacet
  facet normal -0.0657737 -0.997835 0
    outer loop
      vertex 37.9357 23.1477 0.45
      vertex 37.9979 23.1436 0
      vertex 37.9979 23.1436 2
    endloop
  endfacet
  facet normal -0.751502 0.659731 0
    outer loop
      vertex 38.4303 21.8697 0.45
      vertex 38.495 21.9434 2
      vertex 38.495 21.9434 0.45
    endloop
  endfacet
  facet normal -0.751502 0.659731 0
    outer loop
      vertex 38.495 21.9434 2
      vertex 38.4303 21.8697 0.45
      vertex 38.4303 21.8697 2
    endloop
  endfacet
  facet normal -0.94663 -0.322323 -0
    outer loop
      vertex 38.6135 22.6265 0.45
      vertex 38.5929 22.687 0
      vertex 38.6135 22.6265 0
    endloop
  endfacet
  facet normal -0.94663 -0.322323 0
    outer loop
      vertex 38.5929 22.687 0
      vertex 38.6135 22.6265 0.45
      vertex 38.5929 22.687 2
    endloop
  endfacet
  facet normal -0.947802 -0.318859 -0
    outer loop
      vertex 38.6244 22.5941 2
      vertex 38.6135 22.6265 0.45
      vertex 38.6244 22.5941 0.45
    endloop
  endfacet
  facet normal -0.94704 -0.321117 -5.25494e-05
    outer loop
      vertex 38.6135 22.6265 0.45
      vertex 38.6244 22.5941 2
      vertex 38.5929 22.687 2
    endloop
  endfacet
  facet normal -0.659731 -0.751502 0
    outer loop
      vertex 38.3566 22.995 0
      vertex 38.4303 22.9303 2
      vertex 38.3566 22.995 2
    endloop
  endfacet
  facet normal -0.659731 -0.751502 -0
    outer loop
      vertex 38.4303 22.9303 2
      vertex 38.3566 22.995 0
      vertex 38.4303 22.9303 0
    endloop
  endfacet
  facet normal -0.980659 0.195724 0
    outer loop
      vertex 38.6244 22.2059 0.45
      vertex 38.6436 22.3021 2
      vertex 38.6436 22.3021 0.45
    endloop
  endfacet
  facet normal -0.980659 0.195724 0
    outer loop
      vertex 38.6436 22.3021 2
      vertex 38.6244 22.2059 0.45
      vertex 38.6244 22.2059 2
    endloop
  endfacet
  facet normal -0.555877 0.831265 0
    outer loop
      vertex 38.324 21.7832 0.45
      vertex 38.3566 21.805 2
      vertex 38.3566 21.805 0.45
    endloop
  endfacet
  facet normal -0.555406 0.83158 -1.4333e-05
    outer loop
      vertex 38.3566 21.805 2
      vertex 38.324 21.7832 0.45
      vertex 38.275 21.7505 2
    endloop
  endfacet
  facet normal -0.555092 0.831789 0
    outer loop
      vertex 38.275 21.7505 0
      vertex 38.324 21.7832 0.45
      vertex 38.324 21.7832 0
    endloop
  endfacet
  facet normal -0.555092 0.831789 0
    outer loop
      vertex 38.324 21.7832 0.45
      vertex 38.275 21.7505 0
      vertex 38.275 21.7505 2
    endloop
  endfacet
  facet normal -0.321117 0.94704 0
    outer loop
      vertex 38.187 21.7071 0
      vertex 38.0941 21.6756 2
      vertex 38.187 21.7071 2
    endloop
  endfacet
  facet normal -0.321117 0.94704 0
    outer loop
      vertex 38.0941 21.6756 2
      vertex 38.187 21.7071 0
      vertex 38.0941 21.6756 0
    endloop
  endfacet
  facet normal -0.751502 -0.659731 0
    outer loop
      vertex 38.495 22.8566 0
      vertex 38.4303 22.9303 2
      vertex 38.4303 22.9303 0
    endloop
  endfacet
  facet normal -0.751502 -0.659731 0
    outer loop
      vertex 38.4303 22.9303 2
      vertex 38.495 22.8566 0
      vertex 38.495 22.8566 2
    endloop
  endfacet
  facet normal -0.0652336 0.99787 0
    outer loop
      vertex 37.9979 21.6564 0
      vertex 37.9 21.65 2
      vertex 37.9979 21.6564 2
    endloop
  endfacet
  facet normal -0.0652336 0.99787 0
    outer loop
      vertex 37.9 21.65 2
      vertex 37.9979 21.6564 0
      vertex 37.9 21.65 0
    endloop
  endfacet
  facet normal 0 0 -1
    outer loop
      vertex 28.2833 23.8888 0.45
      vertex 29.4907 23.7837 0.45
      vertex 29.4837 23.6833 0.45
    endloop
  endfacet
  facet normal 0 0 -1
    outer loop
      vertex 29.4907 23.7837 0.45
      vertex 28.2833 23.8888 0.45
      vertex 29.493 23.8876 0.45
    endloop
  endfacet
  facet normal 0 0 -1
    outer loop
      vertex 28.2742 23.8222 0.45
      vertex 29.4837 23.6833 0.45
      vertex 29.4722 23.5864 0.45
    endloop
  endfacet
  facet normal 0 0 -1
    outer loop
      vertex 28.2742 23.8222 0.45
      vertex 29.4722 23.5864 0.45
      vertex 29.4559 23.493 0.45
    endloop
  endfacet
  facet normal 0 -0 -1
    outer loop
      vertex 28.2864 23.9591 0.45
      vertex 29.493 23.8876 0.45
      vertex 28.2833 23.8888 0.45
    endloop
  endfacet
  facet normal 0 0 -1
    outer loop
      vertex 28.2589 23.7591 0.45
      vertex 29.4559 23.493 0.45
      vertex 29.4351 23.4031 0.45
    endloop
  endfacet
  facet normal 0 0 -1
    outer loop
      vertex 28.2589 23.7591 0.45
      vertex 29.4351 23.4031 0.45
      vertex 29.4096 23.3167 0.45
    endloop
  endfacet
  facet normal 0 0 -1
    outer loop
      vertex 28.2376 23.6996 0.45
      vertex 29.4096 23.3167 0.45
      vertex 29.3795 23.2339 0.45
    endloop
  endfacet
  facet normal 0 0 -1
    outer loop
      vertex 29.493 23.8876 0.45
      vertex 28.2864 23.9591 0.45
      vertex 29.4798 24.1279 0.45
    endloop
  endfacet
  facet normal 0 0 -1
    outer loop
      vertex 28.2376 23.6996 0.45
      vertex 29.3795 23.2339 0.45
      vertex 29.345 23.1544 0.45
    endloop
  endfacet
  facet normal 0 0 -1
    outer loop
      vertex 28.2376 23.6996 0.45
      vertex 29.345 23.1544 0.45
      vertex 29.3427 23.15 0.45
    endloop
  endfacet
  facet normal -0 0 -1
    outer loop
      vertex 29.4798 24.1279 0.45
      vertex 28.2864 23.9591 0.45
      vertex 29.4403 24.3515 0.45
    endloop
  endfacet
  facet normal -0 0 -1
    outer loop
      vertex 29.4403 24.3515 0.45
      vertex 28.2598 24.1688 0.45
      vertex 29.3745 24.5583 0.45
    endloop
  endfacet
  facet normal -0 0 -1
    outer loop
      vertex 29.3745 24.5583 0.45
      vertex 28.2598 24.1688 0.45
      vertex 29.2823 24.7484 0.45
    endloop
  endfacet
  facet normal 0 0 -1
    outer loop
      vertex 28.1803 24.3463 0.45
      vertex 29.2823 24.7484 0.45
      vertex 28.2598 24.1688 0.45
    endloop
  endfacet
  facet normal -0 0 -1
    outer loop
      vertex 29.1637 24.9218 0.45
      vertex 28.1803 24.3463 0.45
      vertex 29.0188 25.0784 0.45
    endloop
  endfacet
  facet normal -0 0 -1
    outer loop
      vertex 29.0188 25.0784 0.45
      vertex 28.1803 24.3463 0.45
      vertex 28.8476 25.2183 0.45
    endloop
  endfacet
  facet normal -0 0 -1
    outer loop
      vertex 29.2823 24.7484 0.45
      vertex 28.1803 24.3463 0.45
      vertex 29.1637 24.9218 0.45
    endloop
  endfacet
  facet normal 0 0 -1
    outer loop
      vertex 28.2598 24.1688 0.45
      vertex 29.4403 24.3515 0.45
      vertex 28.2864 23.9591 0.45
    endloop
  endfacet
  facet normal 0 0 -1
    outer loop
      vertex 29.4837 23.6833 0.45
      vertex 28.2742 23.8222 0.45
      vertex 28.2833 23.8888 0.45
    endloop
  endfacet
  facet normal 0 0 -1
    outer loop
      vertex 29.4559 23.493 0.45
      vertex 28.2589 23.7591 0.45
      vertex 28.2742 23.8222 0.45
    endloop
  endfacet
  facet normal 0 0 -1
    outer loop
      vertex 29.4096 23.3167 0.45
      vertex 28.2376 23.6996 0.45
      vertex 28.2589 23.7591 0.45
    endloop
  endfacet
  facet normal 0 0 -1
    outer loop
      vertex 29.3427 23.15 0.45
      vertex 28.2102 23.6438 0.45
      vertex 28.2376 23.6996 0.45
    endloop
  endfacet
  facet normal 0 0 -1
    outer loop
      vertex 29.3427 23.15 0.45
      vertex 28.1767 23.5916 0.45
      vertex 28.2102 23.6438 0.45
    endloop
  endfacet
  facet normal 0 0 -1
    outer loop
      vertex 29.3427 23.15 0.45
      vertex 28.1371 23.5429 0.45
      vertex 28.1767 23.5916 0.45
    endloop
  endfacet
  facet normal 0 0 -1
    outer loop
      vertex 29.3427 23.15 0.45
      vertex 28.0919 23.4972 0.45
      vertex 28.1371 23.5429 0.45
    endloop
  endfacet
  facet normal 0 0 -1
    outer loop
      vertex 29.3427 23.15 0.45
      vertex 28.0418 23.4537 0.45
      vertex 28.0919 23.4972 0.45
    endloop
  endfacet
  facet normal 0 0 -1
    outer loop
      vertex 29.3427 23.15 0.45
      vertex 27.9868 23.4124 0.45
      vertex 28.0418 23.4537 0.45
    endloop
  endfacet
  facet normal 0 0 -1
    outer loop
      vertex 29.3427 23.15 0.45
      vertex 27.9267 23.3734 0.45
      vertex 27.9868 23.4124 0.45
    endloop
  endfacet
  facet normal 0 0 -1
    outer loop
      vertex 29.3427 23.15 0.45
      vertex 27.8616 23.3365 0.45
      vertex 27.9267 23.3734 0.45
    endloop
  endfacet
  facet normal 0 0 -1
    outer loop
      vertex 29.3427 23.15 0.45
      vertex 27.7916 23.302 0.45
      vertex 27.8616 23.3365 0.45
    endloop
  endfacet
  facet normal 0 0 -1
    outer loop
      vertex 29.3427 23.15 0.45
      vertex 27.7166 23.2696 0.45
      vertex 27.7916 23.302 0.45
    endloop
  endfacet
  facet normal 0 0 -1
    outer loop
      vertex 29.3427 23.15 0.45
      vertex 27.629 23.2374 0.45
      vertex 27.7166 23.2696 0.45
    endloop
  endfacet
  facet normal 0 0 -1
    outer loop
      vertex 29.3427 23.15 0.45
      vertex 27.521 23.2034 0.45
      vertex 27.629 23.2374 0.45
    endloop
  endfacet
  facet normal 0 0 -1
    outer loop
      vertex 29.3427 23.15 0.45
      vertex 27.3927 23.1674 0.45
      vertex 27.521 23.2034 0.45
    endloop
  endfacet
  facet normal 0 -0 -1
    outer loop
      vertex 27.3927 23.1674 0.45
      vertex 29.3427 23.15 0.45
      vertex 27.3243 23.15 0.45
    endloop
  endfacet
  facet normal 0 0 -1
    outer loop
      vertex 28.0477 24.4915 0.45
      vertex 28.8476 25.2183 0.45
      vertex 28.1803 24.3463 0.45
    endloop
  endfacet
  facet normal -0 0 -1
    outer loop
      vertex 28.8476 25.2183 0.45
      vertex 28.0477 24.4915 0.45
      vertex 28.6509 25.3405 0.45
    endloop
  endfacet
  facet normal -0 0 -1
    outer loop
      vertex 28.6509 25.3405 0.45
      vertex 28.0477 24.4915 0.45
      vertex 28.4296 25.4438 0.45
    endloop
  endfacet
  facet normal 0 0 -1
    outer loop
      vertex 27.8622 24.6044 0.45
      vertex 28.4296 25.4438 0.45
      vertex 28.0477 24.4915 0.45
    endloop
  endfacet
  facet normal -0 0 -1
    outer loop
      vertex 28.4296 25.4438 0.45
      vertex 27.8622 24.6044 0.45
      vertex 28.1836 25.5284 0.45
    endloop
  endfacet
  facet normal -0 0 -1
    outer loop
      vertex 28.1836 25.5284 0.45
      vertex 27.8622 24.6044 0.45
      vertex 27.913 25.5941 0.45
    endloop
  endfacet
  facet normal 0 0 -1
    outer loop
      vertex 27.6235 24.685 0.45
      vertex 27.913 25.5941 0.45
      vertex 27.8622 24.6044 0.45
    endloop
  endfacet
  facet normal 0 0 -1
    outer loop
      vertex 27.6235 24.685 0.45
      vertex 27.6178 25.6411 0.45
      vertex 27.913 25.5941 0.45
    endloop
  endfacet
  facet normal 0 0 -1
    outer loop
      vertex 27.3319 24.7334 0.45
      vertex 27.6178 25.6411 0.45
      vertex 27.6235 24.685 0.45
    endloop
  endfacet
  facet normal 0 0 -1
    outer loop
      vertex 27.3319 24.7334 0.45
      vertex 27.298 25.6693 0.45
      vertex 27.6178 25.6411 0.45
    endloop
  endfacet
  facet normal 0 0 -1
    outer loop
      vertex 26.9872 24.7496 0.45
      vertex 27.298 25.6693 0.45
      vertex 27.3319 24.7334 0.45
    endloop
  endfacet
  facet normal 0 0 -1
    outer loop
      vertex 26.9872 24.7496 0.45
      vertex 26.9536 25.6787 0.45
      vertex 27.298 25.6693 0.45
    endloop
  endfacet
  facet normal 0 0 -1
    outer loop
      vertex 26.8138 24.7452 0.45
      vertex 26.9536 25.6787 0.45
      vertex 26.9872 24.7496 0.45
    endloop
  endfacet
  facet normal 0 0 -1
    outer loop
      vertex 26.638 25.6705 0.45
      vertex 26.8138 24.7452 0.45
      vertex 26.6516 24.7322 0.45
    endloop
  endfacet
  facet normal 0 0 -1
    outer loop
      vertex 26.8138 24.7452 0.45
      vertex 26.638 25.6705 0.45
      vertex 26.9536 25.6787 0.45
    endloop
  endfacet
  facet normal 0 0 -1
    outer loop
      vertex 26.3426 25.6457 0.45
      vertex 26.6516 24.7322 0.45
      vertex 26.5004 24.7106 0.45
    endloop
  endfacet
  facet normal 0 0 -1
    outer loop
      vertex 26.3426 25.6457 0.45
      vertex 26.5004 24.7106 0.45
      vertex 26.3605 24.6802 0.45
    endloop
  endfacet
  facet normal 0 0 -1
    outer loop
      vertex 26.6516 24.7322 0.45
      vertex 26.3426 25.6457 0.45
      vertex 26.638 25.6705 0.45
    endloop
  endfacet
  facet normal 0 0 -1
    outer loop
      vertex 26.0673 25.6046 0.45
      vertex 26.3605 24.6802 0.45
      vertex 26.2317 24.6413 0.45
    endloop
  endfacet
  facet normal 0 0 -1
    outer loop
      vertex 25.812 25.5469 0.45
      vertex 26.2317 24.6413 0.45
      vertex 26.114 24.5936 0.45
    endloop
  endfacet
  facet normal 0 0 -1
    outer loop
      vertex 26.3605 24.6802 0.45
      vertex 26.0673 25.6046 0.45
      vertex 26.3426 25.6457 0.45
    endloop
  endfacet
  facet normal 0 0 -1
    outer loop
      vertex 25.5768 25.4728 0.45
      vertex 26.114 24.5936 0.45
      vertex 26.0076 24.5373 0.45
    endloop
  endfacet
  facet normal 0 0 -1
    outer loop
      vertex 25.3617 25.3822 0.45
      vertex 26.0076 24.5373 0.45
      vertex 25.9114 24.4713 0.45
    endloop
  endfacet
  facet normal 0 0 -1
    outer loop
      vertex 25.1667 25.2751 0.45
      vertex 25.9114 24.4713 0.45
      vertex 25.8246 24.3948 0.45
    endloop
  endfacet
  facet normal 0 0 -1
    outer loop
      vertex 26.2317 24.6413 0.45
      vertex 25.812 25.5469 0.45
      vertex 26.0673 25.6046 0.45
    endloop
  endfacet
  facet normal 0 0 -1
    outer loop
      vertex 24.9911 25.1512 0.45
      vertex 25.8246 24.3948 0.45
      vertex 25.7473 24.3078 0.45
    endloop
  endfacet
  facet normal 0 0 -1
    outer loop
      vertex 24.8345 25.0105 0.45
      vertex 25.7473 24.3078 0.45
      vertex 25.6795 24.2102 0.45
    endloop
  endfacet
  facet normal 0 0 -1
    outer loop
      vertex 24.6967 24.8527 0.45
      vertex 25.6795 24.2102 0.45
      vertex 25.621 24.102 0.45
    endloop
  endfacet
  facet normal 0 0 -1
    outer loop
      vertex 26.114 24.5936 0.45
      vertex 25.5768 25.4728 0.45
      vertex 25.812 25.5469 0.45
    endloop
  endfacet
  facet normal 0 0 -1
    outer loop
      vertex 24.4777 24.4861 0.45
      vertex 25.621 24.102 0.45
      vertex 25.5721 23.9833 0.45
    endloop
  endfacet
  facet normal 0 0 -1
    outer loop
      vertex 24.3965 24.2774 0.45
      vertex 25.5721 23.9833 0.45
      vertex 25.5325 23.854 0.45
    endloop
  endfacet
  facet normal 0 0 -1
    outer loop
      vertex 26.0076 24.5373 0.45
      vertex 25.3617 25.3822 0.45
      vertex 25.5768 25.4728 0.45
    endloop
  endfacet
  facet normal 0 0 -1
    outer loop
      vertex 25.9114 24.4713 0.45
      vertex 25.1667 25.2751 0.45
      vertex 25.3617 25.3822 0.45
    endloop
  endfacet
  facet normal 0 0 -1
    outer loop
      vertex 25.8246 24.3948 0.45
      vertex 24.9911 25.1512 0.45
      vertex 25.1667 25.2751 0.45
    endloop
  endfacet
  facet normal 0 0 -1
    outer loop
      vertex 25.7473 24.3078 0.45
      vertex 24.8345 25.0105 0.45
      vertex 24.9911 25.1512 0.45
    endloop
  endfacet
  facet normal 0 0 -1
    outer loop
      vertex 25.6795 24.2102 0.45
      vertex 24.6967 24.8527 0.45
      vertex 24.8345 25.0105 0.45
    endloop
  endfacet
  facet normal 0 0 -1
    outer loop
      vertex 25.621 24.102 0.45
      vertex 24.5777 24.6779 0.45
      vertex 24.6967 24.8527 0.45
    endloop
  endfacet
  facet normal 0 0 -1
    outer loop
      vertex 25.621 24.102 0.45
      vertex 24.4777 24.4861 0.45
      vertex 24.5777 24.6779 0.45
    endloop
  endfacet
  facet normal 0 0 -1
    outer loop
      vertex 25.5721 23.9833 0.45
      vertex 24.3965 24.2774 0.45
      vertex 24.4777 24.4861 0.45
    endloop
  endfacet
  facet normal 0 -0 -1
    outer loop
      vertex 24.3965 24.2774 0.45
      vertex 25.5325 23.854 0.45
      vertex 24.3342 24.0516 0.45
    endloop
  endfacet
  facet normal 0 0 -1
    outer loop
      vertex 24.661 20.8107 0.45
      vertex 25.8414 20.98 0.45
      vertex 24.6806 20.75 0.45
    endloop
  endfacet
  facet normal -0 0 -1
    outer loop
      vertex 25.9104 20.8215 0.45
      vertex 24.6806 20.75 0.45
      vertex 25.8414 20.98 0.45
    endloop
  endfacet
  facet normal 0 0 -1
    outer loop
      vertex 24.6806 20.75 0.45
      vertex 25.9104 20.8215 0.45
      vertex 25.9737 20.75 0.45
    endloop
  endfacet
  facet normal -0 0 -1
    outer loop
      vertex 25.8414 20.98 0.45
      vertex 24.661 20.8107 0.45
      vertex 25.8184 21.1674 0.45
    endloop
  endfacet
  facet normal 0 0 -1
    outer loop
      vertex 24.6241 21.0171 0.45
      vertex 25.8184 21.1674 0.45
      vertex 24.661 20.8107 0.45
    endloop
  endfacet
  facet normal 0 0 -1
    outer loop
      vertex 24.6117 21.2389 0.45
      vertex 25.8184 21.1674 0.45
      vertex 24.6241 21.0171 0.45
    endloop
  endfacet
  facet normal 0 0 -1
    outer loop
      vertex 25.8184 21.1674 0.45
      vertex 24.6117 21.2389 0.45
      vertex 25.8208 21.2318 0.45
    endloop
  endfacet
  facet normal 0 -0 -1
    outer loop
      vertex 24.6134 21.3275 0.45
      vertex 25.8208 21.2318 0.45
      vertex 24.6117 21.2389 0.45
    endloop
  endfacet
  facet normal 0 0 -1
    outer loop
      vertex 25.8208 21.2318 0.45
      vertex 24.6134 21.3275 0.45
      vertex 25.8282 21.2927 0.45
    endloop
  endfacet
  facet normal 0 -0 -1
    outer loop
      vertex 24.6184 21.4132 0.45
      vertex 25.8282 21.2927 0.45
      vertex 24.6134 21.3275 0.45
    endloop
  endfacet
  facet normal 0 -0 -1
    outer loop
      vertex 24.6268 21.496 0.45
      vertex 25.8282 21.2927 0.45
      vertex 24.6184 21.4132 0.45
    endloop
  endfacet
  facet normal 0 0 -1
    outer loop
      vertex 25.8282 21.2927 0.45
      vertex 24.6268 21.496 0.45
      vertex 25.8404 21.3502 0.45
    endloop
  endfacet
  facet normal 0 -0 -1
    outer loop
      vertex 24.6385 21.5759 0.45
      vertex 25.8404 21.3502 0.45
      vertex 24.6268 21.496 0.45
    endloop
  endfacet
  facet normal 0 -0 -1
    outer loop
      vertex 24.653 21.65 0.45
      vertex 25.8404 21.3502 0.45
      vertex 24.6385 21.5759 0.45
    endloop
  endfacet
  facet normal 0 0 -1
    outer loop
      vertex 25.8404 21.3502 0.45
      vertex 24.653 21.65 0.45
      vertex 25.8575 21.4042 0.45
    endloop
  endfacet
  facet normal 0 0 -1
    outer loop
      vertex 26.0161 21.6263 0.45
      vertex 24.653 21.65 0.45
      vertex 26.0451 21.65 0.45
    endloop
  endfacet
  facet normal 0 0 -1
    outer loop
      vertex 25.9748 21.587 0.45
      vertex 24.653 21.65 0.45
      vertex 26.0161 21.6263 0.45
    endloop
  endfacet
  facet normal 0 0 -1
    outer loop
      vertex 25.8575 21.4042 0.45
      vertex 24.653 21.65 0.45
      vertex 25.8795 21.4549 0.45
    endloop
  endfacet
  facet normal 0 0 -1
    outer loop
      vertex 25.9382 21.5458 0.45
      vertex 24.653 21.65 0.45
      vertex 25.9748 21.587 0.45
    endloop
  endfacet
  facet normal 0 0 -1
    outer loop
      vertex 25.9064 21.5021 0.45
      vertex 24.653 21.65 0.45
      vertex 25.9382 21.5458 0.45
    endloop
  endfacet
  facet normal 0 0 -1
    outer loop
      vertex 25.8795 21.4549 0.45
      vertex 24.653 21.65 0.45
      vertex 25.9064 21.5021 0.45
    endloop
  endfacet
  facet normal 0 0 -1
    outer loop
      vertex 28.1046 21.1251 0.45
      vertex 29.2838 20.8487 0.45
      vertex 29.2493 20.75 0.45
    endloop
  endfacet
  facet normal 0 0 -1
    outer loop
      vertex 29.2838 20.8487 0.45
      vertex 28.1349 21.2305 0.45
      vertex 29.3374 21.0665 0.45
    endloop
  endfacet
  facet normal 0 0 -1
    outer loop
      vertex 29.2838 20.8487 0.45
      vertex 28.1046 21.1251 0.45
      vertex 28.1349 21.2305 0.45
    endloop
  endfacet
  facet normal 0 0 -1
    outer loop
      vertex 29.2493 20.75 0.45
      vertex 28.0665 21.0273 0.45
      vertex 28.1046 21.1251 0.45
    endloop
  endfacet
  facet normal 0 0 -1
    outer loop
      vertex 29.2493 20.75 0.45
      vertex 28.0206 20.9373 0.45
      vertex 28.0665 21.0273 0.45
    endloop
  endfacet
  facet normal 0 0 -1
    outer loop
      vertex 29.2493 20.75 0.45
      vertex 27.9668 20.855 0.45
      vertex 28.0206 20.9373 0.45
    endloop
  endfacet
  facet normal 0 0 -1
    outer loop
      vertex 29.2493 20.75 0.45
      vertex 27.9052 20.7805 0.45
      vertex 27.9668 20.855 0.45
    endloop
  endfacet
  facet normal 0 -0 -1
    outer loop
      vertex 27.9052 20.7805 0.45
      vertex 29.2493 20.75 0.45
      vertex 27.8736 20.75 0.45
    endloop
  endfacet
  facet normal 0 0 -1
    outer loop
      vertex 41.4219 19.6707 0.45
      vertex 42.6622 23.278 0.45
      vertex 42.6622 19.6707 0.45
    endloop
  endfacet
  facet normal 0 -0 -1
    outer loop
      vertex 41.4351 23.6814 0.45
      vertex 42.6622 23.278 0.45
      vertex 41.4219 23.3747 0.45
    endloop
  endfacet
  facet normal 0 -0 -1
    outer loop
      vertex 41.4749 23.9671 0.45
      vertex 42.6622 23.278 0.45
      vertex 41.4351 23.6814 0.45
    endloop
  endfacet
  facet normal 0 -0 -1
    outer loop
      vertex 41.5412 24.2319 0.45
      vertex 42.6622 23.278 0.45
      vertex 41.4749 23.9671 0.45
    endloop
  endfacet
  facet normal 0 -0 -1
    outer loop
      vertex 41.634 24.4757 0.45
      vertex 42.6622 23.278 0.45
      vertex 41.5412 24.2319 0.45
    endloop
  endfacet
  facet normal 0 0 -1
    outer loop
      vertex 42.6622 23.278 0.45
      vertex 42.2688 25.2401 0.45
      vertex 42.4895 25.3741 0.45
    endloop
  endfacet
  facet normal 0 0 -1
    outer loop
      vertex 42.6622 23.278 0.45
      vertex 42.0715 25.0817 0.45
      vertex 42.2688 25.2401 0.45
    endloop
  endfacet
  facet normal 0 0 -1
    outer loop
      vertex 42.6622 23.278 0.45
      vertex 41.8991 24.9006 0.45
      vertex 42.0715 25.0817 0.45
    endloop
  endfacet
  facet normal 0 0 -1
    outer loop
      vertex 42.6622 23.278 0.45
      vertex 41.7533 24.6986 0.45
      vertex 41.8991 24.9006 0.45
    endloop
  endfacet
  facet normal -0 0 -1
    outer loop
      vertex 42.6622 23.278 0.45
      vertex 41.4219 19.6707 0.45
      vertex 41.4219 23.3747 0.45
    endloop
  endfacet
  facet normal 0 -0 -1
    outer loop
      vertex 41.7533 24.6986 0.45
      vertex 42.6622 23.278 0.45
      vertex 41.634 24.4757 0.45
    endloop
  endfacet
  facet normal 0 0 -1
    outer loop
      vertex 45.3571 23.236 0.45
      vertex 46.5975 23.3116 0.45
      vertex 46.5975 19.6707 0.45
    endloop
  endfacet
  facet normal 0 0 -1
    outer loop
      vertex 45.3499 23.4322 0.45
      vertex 46.5975 23.3116 0.45
      vertex 45.3571 23.236 0.45
    endloop
  endfacet
  facet normal 0 0 -1
    outer loop
      vertex 46.5975 23.3116 0.45
      vertex 45.3499 23.4322 0.45
      vertex 46.5833 23.6232 0.45
    endloop
  endfacet
  facet normal 0 0 -1
    outer loop
      vertex 45.328 23.615 0.45
      vertex 46.5833 23.6232 0.45
      vertex 45.3499 23.4322 0.45
    endloop
  endfacet
  facet normal -0 0 -1
    outer loop
      vertex 46.5833 23.6232 0.45
      vertex 45.328 23.615 0.45
      vertex 46.5407 23.9142 0.45
    endloop
  endfacet
  facet normal 0 0 -1
    outer loop
      vertex 45.2915 23.7844 0.45
      vertex 46.5407 23.9142 0.45
      vertex 45.328 23.615 0.45
    endloop
  endfacet
  facet normal -0 0 -1
    outer loop
      vertex 46.5407 23.9142 0.45
      vertex 45.2915 23.7844 0.45
      vertex 46.4697 24.1844 0.45
    endloop
  endfacet
  facet normal 0 0 -1
    outer loop
      vertex 45.2405 23.9402 0.45
      vertex 46.4697 24.1844 0.45
      vertex 45.2915 23.7844 0.45
    endloop
  endfacet
  facet normal -0 0 -1
    outer loop
      vertex 46.4697 24.1844 0.45
      vertex 45.2405 23.9402 0.45
      vertex 46.3703 24.434 0.45
    endloop
  endfacet
  facet normal 0 0 -1
    outer loop
      vertex 45.3571 23.236 0.45
      vertex 46.5975 19.6707 0.45
      vertex 45.3571 19.6707 0.45
    endloop
  endfacet
  facet normal -0 0 -1
    outer loop
      vertex 46.3703 24.434 0.45
      vertex 45.2405 23.9402 0.45
      vertex 46.2424 24.6628 0.45
    endloop
  endfacet
  facet normal 0 0 -1
    outer loop
      vertex 45.1748 24.0826 0.45
      vertex 46.2424 24.6628 0.45
      vertex 45.2405 23.9402 0.45
    endloop
  endfacet
  facet normal -0 0 -1
    outer loop
      vertex 46.2424 24.6628 0.45
      vertex 45.1748 24.0826 0.45
      vertex 46.0862 24.8711 0.45
    endloop
  endfacet
  facet normal 0 0 -1
    outer loop
      vertex 45.0946 24.2116 0.45
      vertex 46.0862 24.8711 0.45
      vertex 45.1748 24.0826 0.45
    endloop
  endfacet
  facet normal -0 0 -1
    outer loop
      vertex 46.0862 24.8711 0.45
      vertex 45.0946 24.2116 0.45
      vertex 45.9016 25.0586 0.45
    endloop
  endfacet
  facet normal 0 0 -1
    outer loop
      vertex 44.9998 24.327 0.45
      vertex 45.9016 25.0586 0.45
      vertex 45.0946 24.2116 0.45
    endloop
  endfacet
  facet normal -0 0 -1
    outer loop
      vertex 45.9016 25.0586 0.45
      vertex 44.9998 24.327 0.45
      vertex 45.6913 25.2231 0.45
    endloop
  endfacet
  facet normal 0 0 -1
    outer loop
      vertex 44.8914 24.428 0.45
      vertex 45.6913 25.2231 0.45
      vertex 44.9998 24.327 0.45
    endloop
  endfacet
  facet normal -0 0 -1
    outer loop
      vertex 45.6913 25.2231 0.45
      vertex 44.8914 24.428 0.45
      vertex 45.4579 25.3623 0.45
    endloop
  endfacet
  facet normal 0 0 -1
    outer loop
      vertex 44.7705 24.5134 0.45
      vertex 45.4579 25.3623 0.45
      vertex 44.8914 24.428 0.45
    endloop
  endfacet
  facet normal -0 0 -1
    outer loop
      vertex 45.4579 25.3623 0.45
      vertex 44.7705 24.5134 0.45
      vertex 45.2013 25.4762 0.45
    endloop
  endfacet
  facet normal 0 0 -1
    outer loop
      vertex 44.6371 24.5833 0.45
      vertex 45.2013 25.4762 0.45
      vertex 44.7705 24.5134 0.45
    endloop
  endfacet
  facet normal -0 0 -1
    outer loop
      vertex 45.2013 25.4762 0.45
      vertex 44.6371 24.5833 0.45
      vertex 44.9218 25.5648 0.45
    endloop
  endfacet
  facet normal 0 0 -1
    outer loop
      vertex 44.4911 24.6376 0.45
      vertex 44.9218 25.5648 0.45
      vertex 44.6371 24.5833 0.45
    endloop
  endfacet
  facet normal -0 0 -1
    outer loop
      vertex 44.9218 25.5648 0.45
      vertex 44.4911 24.6376 0.45
      vertex 44.6191 25.6281 0.45
    endloop
  endfacet
  facet normal 0 0 -1
    outer loop
      vertex 44.3327 24.6765 0.45
      vertex 44.6191 25.6281 0.45
      vertex 44.4911 24.6376 0.45
    endloop
  endfacet
  facet normal 0 0 -1
    outer loop
      vertex 44.3327 24.6765 0.45
      vertex 44.2933 25.666 0.45
      vertex 44.6191 25.6281 0.45
    endloop
  endfacet
  facet normal 0 0 -1
    outer loop
      vertex 44.1617 24.6998 0.45
      vertex 44.2933 25.666 0.45
      vertex 44.3327 24.6765 0.45
    endloop
  endfacet
  facet normal 0 0 -1
    outer loop
      vertex 43.9445 25.6787 0.45
      vertex 44.1617 24.6998 0.45
      vertex 43.9781 24.7075 0.45
    endloop
  endfacet
  facet normal 0 0 -1
    outer loop
      vertex 44.1617 24.6998 0.45
      vertex 43.9445 25.6787 0.45
      vertex 44.2933 25.666 0.45
    endloop
  endfacet
  facet normal 0 0 -1
    outer loop
      vertex 43.7995 24.7001 0.45
      vertex 43.9445 25.6787 0.45
      vertex 43.9781 24.7075 0.45
    endloop
  endfacet
  facet normal 0 0 -1
    outer loop
      vertex 43.6066 25.6665 0.45
      vertex 43.7995 24.7001 0.45
      vertex 43.6337 24.6778 0.45
    endloop
  endfacet
  facet normal 0 0 -1
    outer loop
      vertex 43.7995 24.7001 0.45
      vertex 43.6066 25.6665 0.45
      vertex 43.9445 25.6787 0.45
    endloop
  endfacet
  facet normal 0 0 -1
    outer loop
      vertex 43.2922 25.63 0.45
      vertex 43.6337 24.6778 0.45
      vertex 43.4807 24.6407 0.45
    endloop
  endfacet
  facet normal 0 0 -1
    outer loop
      vertex 43.0012 25.569 0.45
      vertex 43.4807 24.6407 0.45
      vertex 43.3405 24.5888 0.45
    endloop
  endfacet
  facet normal 0 0 -1
    outer loop
      vertex 43.6337 24.6778 0.45
      vertex 43.2922 25.63 0.45
      vertex 43.6066 25.6665 0.45
    endloop
  endfacet
  facet normal 0 0 -1
    outer loop
      vertex 43.0012 25.569 0.45
      vertex 43.3405 24.5888 0.45
      vertex 43.213 24.522 0.45
    endloop
  endfacet
  facet normal 0 0 -1
    outer loop
      vertex 42.7336 25.4838 0.45
      vertex 43.213 24.522 0.45
      vertex 43.0983 24.4403 0.45
    endloop
  endfacet
  facet normal 0 0 -1
    outer loop
      vertex 43.4807 24.6407 0.45
      vertex 43.0012 25.569 0.45
      vertex 43.2922 25.63 0.45
    endloop
  endfacet
  facet normal 0 0 -1
    outer loop
      vertex 42.4895 25.3741 0.45
      vertex 43.0983 24.4403 0.45
      vertex 42.9964 24.3438 0.45
    endloop
  endfacet
  facet normal 0 0 -1
    outer loop
      vertex 42.4895 25.3741 0.45
      vertex 42.9964 24.3438 0.45
      vertex 42.9078 24.233 0.45
    endloop
  endfacet
  facet normal 0 0 -1
    outer loop
      vertex 42.4895 25.3741 0.45
      vertex 42.9078 24.233 0.45
      vertex 42.8327 24.1084 0.45
    endloop
  endfacet
  facet normal 0 0 -1
    outer loop
      vertex 42.4895 25.3741 0.45
      vertex 42.8327 24.1084 0.45
      vertex 42.7713 23.9699 0.45
    endloop
  endfacet
  facet normal 0 0 -1
    outer loop
      vertex 43.213 24.522 0.45
      vertex 42.7336 25.4838 0.45
      vertex 43.0012 25.569 0.45
    endloop
  endfacet
  facet normal 0 0 -1
    outer loop
      vertex 42.4895 25.3741 0.45
      vertex 42.7713 23.9699 0.45
      vertex 42.7236 23.8177 0.45
    endloop
  endfacet
  facet normal 0 0 -1
    outer loop
      vertex 42.4895 25.3741 0.45
      vertex 42.7236 23.8177 0.45
      vertex 42.6895 23.6516 0.45
    endloop
  endfacet
  facet normal 0 0 -1
    outer loop
      vertex 42.4895 25.3741 0.45
      vertex 42.6895 23.6516 0.45
      vertex 42.669 23.4717 0.45
    endloop
  endfacet
  facet normal 0 0 -1
    outer loop
      vertex 42.4895 25.3741 0.45
      vertex 42.669 23.4717 0.45
      vertex 42.6622 23.278 0.45
    endloop
  endfacet
  facet normal 0 0 -1
    outer loop
      vertex 43.0983 24.4403 0.45
      vertex 42.4895 25.3741 0.45
      vertex 42.7336 25.4838 0.45
    endloop
  endfacet
  facet normal 0 0 -1
    outer loop
      vertex 50.9961 21.1251 0.45
      vertex 52.1753 20.8487 0.45
      vertex 52.1055 20.6492 0.45
    endloop
  endfacet
  facet normal 0 0 -1
    outer loop
      vertex 50.958 21.0273 0.45
      vertex 52.1055 20.6492 0.45
      vertex 52.0198 20.468 0.45
    endloop
  endfacet
  facet normal 0 0 -1
    outer loop
      vertex 50.912 20.9373 0.45
      vertex 52.0198 20.468 0.45
      vertex 51.918 20.3053 0.45
    endloop
  endfacet
  facet normal 0 0 -1
    outer loop
      vertex 50.912 20.9373 0.45
      vertex 51.918 20.3053 0.45
      vertex 51.8001 20.1609 0.45
    endloop
  endfacet
  facet normal 0 0 -1
    outer loop
      vertex 50.8583 20.855 0.45
      vertex 51.8001 20.1609 0.45
      vertex 51.6662 20.0348 0.45
    endloop
  endfacet
  facet normal 0 0 -1
    outer loop
      vertex 50.7967 20.7805 0.45
      vertex 51.6662 20.0348 0.45
      vertex 51.5162 19.9272 0.45
    endloop
  endfacet
  facet normal 0 0 -1
    outer loop
      vertex 50.7967 20.7805 0.45
      vertex 51.5162 19.9272 0.45
      vertex 51.3471 19.8357 0.45
    endloop
  endfacet
  facet normal 0 0 -1
    outer loop
      vertex 50.7274 20.7136 0.45
      vertex 51.3471 19.8357 0.45
      vertex 51.1555 19.7583 0.45
    endloop
  endfacet
  facet normal 0 0 -1
    outer loop
      vertex 52.0198 20.468 0.45
      vertex 50.912 20.9373 0.45
      vertex 50.958 21.0273 0.45
    endloop
  endfacet
  facet normal 0 0 -1
    outer loop
      vertex 52.1753 20.8487 0.45
      vertex 51.0264 21.2305 0.45
      vertex 52.2289 21.0665 0.45
    endloop
  endfacet
  facet normal 0 0 -1
    outer loop
      vertex 52.1753 20.8487 0.45
      vertex 50.9961 21.1251 0.45
      vertex 51.0264 21.2305 0.45
    endloop
  endfacet
  facet normal 0 0 -1
    outer loop
      vertex 50.6502 20.6545 0.45
      vertex 51.1555 19.7583 0.45
      vertex 50.9416 19.695 0.45
    endloop
  endfacet
  facet normal 0 0 -1
    outer loop
      vertex 52.1055 20.6492 0.45
      vertex 50.958 21.0273 0.45
      vertex 50.9961 21.1251 0.45
    endloop
  endfacet
  facet normal 0 0 -1
    outer loop
      vertex 51.8001 20.1609 0.45
      vertex 50.8583 20.855 0.45
      vertex 50.912 20.9373 0.45
    endloop
  endfacet
  facet normal 0 0 -1
    outer loop
      vertex 51.6662 20.0348 0.45
      vertex 50.7967 20.7805 0.45
      vertex 50.8583 20.855 0.45
    endloop
  endfacet
  facet normal 0 0 -1
    outer loop
      vertex 51.3471 19.8357 0.45
      vertex 50.7274 20.7136 0.45
      vertex 50.7967 20.7805 0.45
    endloop
  endfacet
  facet normal 0 0 -1
    outer loop
      vertex 50.5641 20.6032 0.45
      vertex 50.9416 19.695 0.45
      vertex 50.7052 19.6457 0.45
    endloop
  endfacet
  facet normal 0 0 -1
    outer loop
      vertex 51.1555 19.7583 0.45
      vertex 50.6502 20.6545 0.45
      vertex 50.7274 20.7136 0.45
    endloop
  endfacet
  facet normal 0 0 -1
    outer loop
      vertex 50.9416 19.695 0.45
      vertex 50.5641 20.6032 0.45
      vertex 50.6502 20.6545 0.45
    endloop
  endfacet
  facet normal 0 0 -1
    outer loop
      vertex 50.7052 19.6457 0.45
      vertex 50.4679 20.5598 0.45
      vertex 50.5641 20.6032 0.45
    endloop
  endfacet
  facet normal 0 0 -1
    outer loop
      vertex 50.3618 20.5243 0.45
      vertex 50.7052 19.6457 0.45
      vertex 50.4465 19.6105 0.45
    endloop
  endfacet
  facet normal 0 0 -1
    outer loop
      vertex 50.7052 19.6457 0.45
      vertex 50.3618 20.5243 0.45
      vertex 50.4679 20.5598 0.45
    endloop
  endfacet
  facet normal 0 0 -1
    outer loop
      vertex 50.4465 19.6105 0.45
      vertex 50.2455 20.4966 0.45
      vertex 50.3618 20.5243 0.45
    endloop
  endfacet
  facet normal 0 0 -1
    outer loop
      vertex 50.1654 19.5894 0.45
      vertex 50.2455 20.4966 0.45
      vertex 50.4465 19.6105 0.45
    endloop
  endfacet
  facet normal 0 0 -1
    outer loop
      vertex 50.1654 19.5894 0.45
      vertex 50.1193 20.4769 0.45
      vertex 50.2455 20.4966 0.45
    endloop
  endfacet
  facet normal 0 0 -1
    outer loop
      vertex 50.1654 19.5894 0.45
      vertex 49.983 20.465 0.45
      vertex 50.1193 20.4769 0.45
    endloop
  endfacet
  facet normal 0 0 -1
    outer loop
      vertex 49.8618 19.5824 0.45
      vertex 49.983 20.465 0.45
      vertex 50.1654 19.5894 0.45
    endloop
  endfacet
  facet normal 0 0 -1
    outer loop
      vertex 49.8618 19.5824 0.45
      vertex 49.8367 20.4611 0.45
      vertex 49.983 20.465 0.45
    endloop
  endfacet
  facet normal 0 0 -1
    outer loop
      vertex 49.5439 19.5911 0.45
      vertex 49.8367 20.4611 0.45
      vertex 49.8618 19.5824 0.45
    endloop
  endfacet
  facet normal 0 0 -1
    outer loop
      vertex 49.5439 19.5911 0.45
      vertex 49.5377 20.4755 0.45
      vertex 49.8367 20.4611 0.45
    endloop
  endfacet
  facet normal 0 0 -1
    outer loop
      vertex 49.2484 19.6172 0.45
      vertex 49.5377 20.4755 0.45
      vertex 49.5439 19.5911 0.45
    endloop
  endfacet
  facet normal -0 0 -1
    outer loop
      vertex 49.5377 20.4755 0.45
      vertex 49.2484 19.6172 0.45
      vertex 49.2848 20.5188 0.45
    endloop
  endfacet
  facet normal 0 0 -1
    outer loop
      vertex 48.9752 19.6608 0.45
      vertex 49.2848 20.5188 0.45
      vertex 49.2484 19.6172 0.45
    endloop
  endfacet
  facet normal -0 0 -1
    outer loop
      vertex 49.2848 20.5188 0.45
      vertex 48.9752 19.6608 0.45
      vertex 49.0778 20.5908 0.45
    endloop
  endfacet
  facet normal 0 0 -1
    outer loop
      vertex 48.7245 19.7217 0.45
      vertex 49.0778 20.5908 0.45
      vertex 48.9752 19.6608 0.45
    endloop
  endfacet
  facet normal 0 0 -1
    outer loop
      vertex 48.4961 19.8001 0.45
      vertex 49.0778 20.5908 0.45
      vertex 48.7245 19.7217 0.45
    endloop
  endfacet
  facet normal -0 0 -1
    outer loop
      vertex 49.0778 20.5908 0.45
      vertex 48.4961 19.8001 0.45
      vertex 48.9168 20.6917 0.45
    endloop
  endfacet
  facet normal 0 0 -1
    outer loop
      vertex 48.2901 19.8959 0.45
      vertex 48.9168 20.6917 0.45
      vertex 48.4961 19.8001 0.45
    endloop
  endfacet
  facet normal 0 0 -1
    outer loop
      vertex 48.1066 20.0091 0.45
      vertex 48.9168 20.6917 0.45
      vertex 48.2901 19.8959 0.45
    endloop
  endfacet
  facet normal -0 0 -1
    outer loop
      vertex 48.9168 20.6917 0.45
      vertex 48.1066 20.0091 0.45
      vertex 48.8018 20.8215 0.45
    endloop
  endfacet
  facet normal 0 0 -1
    outer loop
      vertex 48.7099 21.1674 0.45
      vertex 48.5691 22.7269 0.45
      vertex 48.6425 22.7546 0.45
    endloop
  endfacet
  facet normal 0 0 -1
    outer loop
      vertex 48.7099 21.1674 0.45
      vertex 48.4977 22.6978 0.45
      vertex 48.5691 22.7269 0.45
    endloop
  endfacet
  facet normal 0 0 -1
    outer loop
      vertex 47.9465 20.1387 0.45
      vertex 48.8018 20.8215 0.45
      vertex 48.1066 20.0091 0.45
    endloop
  endfacet
  facet normal 0 0 -1
    outer loop
      vertex 48.7099 21.1674 0.45
      vertex 48.4284 22.6673 0.45
      vertex 48.4977 22.6978 0.45
    endloop
  endfacet
  facet normal 0 0 -1
    outer loop
      vertex 48.7099 21.1674 0.45
      vertex 48.3611 22.6355 0.45
      vertex 48.4284 22.6673 0.45
    endloop
  endfacet
  facet normal 0 0 -1
    outer loop
      vertex 48.7099 21.1674 0.45
      vertex 48.2959 22.6023 0.45
      vertex 48.3611 22.6355 0.45
    endloop
  endfacet
  facet normal 0 0 -1
    outer loop
      vertex 47.8111 20.2837 0.45
      vertex 48.8018 20.8215 0.45
      vertex 47.9465 20.1387 0.45
    endloop
  endfacet
  facet normal 0 -0 -1
    outer loop
      vertex 47.5099 21.4132 0.45
      vertex 48.7099 21.1674 0.45
      vertex 47.5049 21.3275 0.45
    endloop
  endfacet
  facet normal 0 -0 -1
    outer loop
      vertex 47.5183 21.496 0.45
      vertex 48.7099 21.1674 0.45
      vertex 47.5099 21.4132 0.45
    endloop
  endfacet
  facet normal 0 0 -1
    outer loop
      vertex 48.7099 21.1674 0.45
      vertex 48.2327 22.5677 0.45
      vertex 48.2959 22.6023 0.45
    endloop
  endfacet
  facet normal -0 0 -1
    outer loop
      vertex 48.8018 20.8215 0.45
      vertex 47.8111 20.2837 0.45
      vertex 48.7329 20.98 0.45
    endloop
  endfacet
  facet normal 0 -0 -1
    outer loop
      vertex 47.53 21.5759 0.45
      vertex 48.7099 21.1674 0.45
      vertex 47.5183 21.496 0.45
    endloop
  endfacet
  facet normal 0 0 -1
    outer loop
      vertex 48.7099 21.1674 0.45
      vertex 48.1716 22.5318 0.45
      vertex 48.2327 22.5677 0.45
    endloop
  endfacet
  facet normal 0 0 -1
    outer loop
      vertex 48.7099 21.1674 0.45
      vertex 48.1129 22.4941 0.45
      vertex 48.1716 22.5318 0.45
    endloop
  endfacet
  facet normal 0 0 -1
    outer loop
      vertex 47.7002 20.444 0.45
      vertex 48.7329 20.98 0.45
      vertex 47.8111 20.2837 0.45
    endloop
  endfacet
  facet normal 0 0 -1
    outer loop
      vertex 48.7099 21.1674 0.45
      vertex 48.0567 22.4542 0.45
      vertex 48.1129 22.4941 0.45
    endloop
  endfacet
  facet normal 0 0 -1
    outer loop
      vertex 48.7099 21.1674 0.45
      vertex 48.0031 22.4122 0.45
      vertex 48.0567 22.4542 0.45
    endloop
  endfacet
  facet normal 0 0 -1
    outer loop
      vertex 48.7099 21.1674 0.45
      vertex 47.952 22.368 0.45
      vertex 48.0031 22.4122 0.45
    endloop
  endfacet
  facet normal 0 0 -1
    outer loop
      vertex 47.614 20.6197 0.45
      vertex 48.7329 20.98 0.45
      vertex 47.7002 20.444 0.45
    endloop
  endfacet
  facet normal 0 0 -1
    outer loop
      vertex 48.7099 21.1674 0.45
      vertex 47.9035 22.3217 0.45
      vertex 47.952 22.368 0.45
    endloop
  endfacet
  facet normal 0 0 -1
    outer loop
      vertex 48.7099 21.1674 0.45
      vertex 47.8576 22.2733 0.45
      vertex 47.9035 22.3217 0.45
    endloop
  endfacet
  facet normal 0 0 -1
    outer loop
      vertex 47.5525 20.8107 0.45
      vertex 48.7329 20.98 0.45
      vertex 47.614 20.6197 0.45
    endloop
  endfacet
  facet normal 0 0 -1
    outer loop
      vertex 48.7099 21.1674 0.45
      vertex 47.8143 22.2227 0.45
      vertex 47.8576 22.2733 0.45
    endloop
  endfacet
  facet normal 0 0 -1
    outer loop
      vertex 48.7099 21.1674 0.45
      vertex 47.7736 22.1698 0.45
      vertex 47.8143 22.2227 0.45
    endloop
  endfacet
  facet normal 0 0 -1
    outer loop
      vertex 48.7099 21.1674 0.45
      vertex 47.7355 22.1142 0.45
      vertex 47.7736 22.1698 0.45
    endloop
  endfacet
  facet normal -0 0 -1
    outer loop
      vertex 48.7329 20.98 0.45
      vertex 47.5525 20.8107 0.45
      vertex 48.7099 21.1674 0.45
    endloop
  endfacet
  facet normal 0 0 -1
    outer loop
      vertex 48.7099 21.1674 0.45
      vertex 47.7001 22.0562 0.45
      vertex 47.7355 22.1142 0.45
    endloop
  endfacet
  facet normal 0 0 -1
    outer loop
      vertex 48.7099 21.1674 0.45
      vertex 47.6373 21.9323 0.45
      vertex 47.6674 21.9955 0.45
    endloop
  endfacet
  facet normal 0 0 -1
    outer loop
      vertex 48.7099 21.1674 0.45
      vertex 47.6099 21.8664 0.45
      vertex 47.6373 21.9323 0.45
    endloop
  endfacet
  facet normal 0 0 -1
    outer loop
      vertex 48.7099 21.1674 0.45
      vertex 47.5525 20.8107 0.45
      vertex 47.5155 21.0171 0.45
    endloop
  endfacet
  facet normal 0 0 -1
    outer loop
      vertex 48.7099 21.1674 0.45
      vertex 47.5634 21.7269 0.45
      vertex 47.5852 21.7981 0.45
    endloop
  endfacet
  facet normal 0 -0 -1
    outer loop
      vertex 47.5634 21.7269 0.45
      vertex 48.7099 21.1674 0.45
      vertex 47.545 21.6529 0.45
    endloop
  endfacet
  facet normal 0 -0 -1
    outer loop
      vertex 47.545 21.6529 0.45
      vertex 48.7099 21.1674 0.45
      vertex 47.53 21.5759 0.45
    endloop
  endfacet
  facet normal -0 0 -1
    outer loop
      vertex 48.7099 21.1674 0.45
      vertex 47.5155 21.0171 0.45
      vertex 47.5032 21.2389 0.45
    endloop
  endfacet
  facet normal 0 0 -1
    outer loop
      vertex 48.7099 21.1674 0.45
      vertex 47.5852 21.7981 0.45
      vertex 47.6099 21.8664 0.45
    endloop
  endfacet
  facet normal 0 0 -1
    outer loop
      vertex 48.7099 21.1674 0.45
      vertex 47.6674 21.9955 0.45
      vertex 47.7001 22.0562 0.45
    endloop
  endfacet
  facet normal 0 0 -1
    outer loop
      vertex 48.7099 21.1674 0.45
      vertex 47.5032 21.2389 0.45
      vertex 47.5049 21.3275 0.45
    endloop
  endfacet
  facet normal 0 0 -1
    outer loop
      vertex 52.3845 23.8876 0.45
      vertex 51.1748 23.8888 0.45
      vertex 51.1778 23.9591 0.45
    endloop
  endfacet
  facet normal 0 0 -1
    outer loop
      vertex 51.3607 22.3888 0.45
      vertex 51.1657 23.8222 0.45
      vertex 51.1748 23.8888 0.45
    endloop
  endfacet
  facet normal 0 0 -1
    outer loop
      vertex 51.3607 22.3888 0.45
      vertex 51.1504 23.7591 0.45
      vertex 51.1657 23.8222 0.45
    endloop
  endfacet
  facet normal 0 0 -1
    outer loop
      vertex 51.3607 22.3888 0.45
      vertex 51.1291 23.6996 0.45
      vertex 51.1504 23.7591 0.45
    endloop
  endfacet
  facet normal 0 0 -1
    outer loop
      vertex 50.7531 23.3365 0.45
      vertex 51.2457 22.3444 0.45
      vertex 51.1108 22.2989 0.45
    endloop
  endfacet
  facet normal 0 0 -1
    outer loop
      vertex 51.3607 22.3888 0.45
      vertex 51.1017 23.6438 0.45
      vertex 51.1291 23.6996 0.45
    endloop
  endfacet
  facet normal 0 0 -1
    outer loop
      vertex 51.3607 22.3888 0.45
      vertex 51.0682 23.5916 0.45
      vertex 51.1017 23.6438 0.45
    endloop
  endfacet
  facet normal 0 0 -1
    outer loop
      vertex 51.3607 22.3888 0.45
      vertex 51.0285 23.5429 0.45
      vertex 51.0682 23.5916 0.45
    endloop
  endfacet
  facet normal 0 0 -1
    outer loop
      vertex 51.3607 22.3888 0.45
      vertex 50.9834 23.4972 0.45
      vertex 51.0285 23.5429 0.45
    endloop
  endfacet
  facet normal 0 0 -1
    outer loop
      vertex 50.6831 23.302 0.45
      vertex 51.1108 22.2989 0.45
      vertex 50.9562 22.2522 0.45
    endloop
  endfacet
  facet normal 0 0 -1
    outer loop
      vertex 51.3607 22.3888 0.45
      vertex 50.9333 23.4537 0.45
      vertex 50.9834 23.4972 0.45
    endloop
  endfacet
  facet normal 0 0 -1
    outer loop
      vertex 51.3607 22.3888 0.45
      vertex 50.8782 23.4124 0.45
      vertex 50.9333 23.4537 0.45
    endloop
  endfacet
  facet normal 0 0 -1
    outer loop
      vertex 51.3607 22.3888 0.45
      vertex 50.8182 23.3734 0.45
      vertex 50.8782 23.4124 0.45
    endloop
  endfacet
  facet normal 0 0 -1
    outer loop
      vertex 50.5205 23.2374 0.45
      vertex 50.9562 22.2522 0.45
      vertex 50.7817 22.2045 0.45
    endloop
  endfacet
  facet normal 0 0 -1
    outer loop
      vertex 51.2457 22.3444 0.45
      vertex 50.7531 23.3365 0.45
      vertex 50.8182 23.3734 0.45
    endloop
  endfacet
  facet normal 0 0 -1
    outer loop
      vertex 51.1108 22.2989 0.45
      vertex 50.6831 23.302 0.45
      vertex 50.7531 23.3365 0.45
    endloop
  endfacet
  facet normal 0 0 -1
    outer loop
      vertex 50.9562 22.2522 0.45
      vertex 50.6081 23.2696 0.45
      vertex 50.6831 23.302 0.45
    endloop
  endfacet
  facet normal 0 0 -1
    outer loop
      vertex 50.4125 23.2034 0.45
      vertex 50.7817 22.2045 0.45
      vertex 50.5874 22.1556 0.45
    endloop
  endfacet
  facet normal 0 0 -1
    outer loop
      vertex 50.9562 22.2522 0.45
      vertex 50.5205 23.2374 0.45
      vertex 50.6081 23.2696 0.45
    endloop
  endfacet
  facet normal 0 0 -1
    outer loop
      vertex 50.7817 22.2045 0.45
      vertex 50.4125 23.2034 0.45
      vertex 50.5205 23.2374 0.45
    endloop
  endfacet
  facet normal 0 0 -1
    outer loop
      vertex 50.2842 23.1674 0.45
      vertex 50.5874 22.1556 0.45
      vertex 50.3733 22.1057 0.45
    endloop
  endfacet
  facet normal 0 0 -1
    outer loop
      vertex 50.5874 22.1556 0.45
      vertex 50.2842 23.1674 0.45
      vertex 50.4125 23.2034 0.45
    endloop
  endfacet
  facet normal 0 0 -1
    outer loop
      vertex 49.9666 23.0898 0.45
      vertex 50.3733 22.1057 0.45
      vertex 50.1393 22.0546 0.45
    endloop
  endfacet
  facet normal 0 0 -1
    outer loop
      vertex 50.3733 22.1057 0.45
      vertex 50.1355 23.1296 0.45
      vertex 50.2842 23.1674 0.45
    endloop
  endfacet
  facet normal 0 0 -1
    outer loop
      vertex 50.3733 22.1057 0.45
      vertex 49.9666 23.0898 0.45
      vertex 50.1355 23.1296 0.45
    endloop
  endfacet
  facet normal 0 0 -1
    outer loop
      vertex 49.7772 23.0482 0.45
      vertex 50.1393 22.0546 0.45
      vertex 49.9438 22.0112 0.45
    endloop
  endfacet
  facet normal 0 0 -1
    outer loop
      vertex 50.1393 22.0546 0.45
      vertex 49.7772 23.0482 0.45
      vertex 49.9666 23.0898 0.45
    endloop
  endfacet
  facet normal 0 0 -1
    outer loop
      vertex 49.5676 23.0047 0.45
      vertex 49.9438 22.0112 0.45
      vertex 49.768 21.97 0.45
    endloop
  endfacet
  facet normal 0 0 -1
    outer loop
      vertex 49.386 22.9615 0.45
      vertex 49.768 21.97 0.45
      vertex 49.6119 21.9309 0.45
    endloop
  endfacet
  facet normal 0 0 -1
    outer loop
      vertex 49.9438 22.0112 0.45
      vertex 49.5676 23.0047 0.45
      vertex 49.7772 23.0482 0.45
    endloop
  endfacet
  facet normal 0 0 -1
    outer loop
      vertex 49.2209 22.9208 0.45
      vertex 49.6119 21.9309 0.45
      vertex 49.4756 21.8939 0.45
    endloop
  endfacet
  facet normal 0 0 -1
    outer loop
      vertex 49.768 21.97 0.45
      vertex 49.386 22.9615 0.45
      vertex 49.5676 23.0047 0.45
    endloop
  endfacet
  facet normal 0 0 -1
    outer loop
      vertex 49.0723 22.8826 0.45
      vertex 49.4756 21.8939 0.45
      vertex 49.3589 21.8591 0.45
    endloop
  endfacet
  facet normal 0 0 -1
    outer loop
      vertex 48.9401 22.8468 0.45
      vertex 49.3589 21.8591 0.45
      vertex 49.2621 21.8265 0.45
    endloop
  endfacet
  facet normal 0 0 -1
    outer loop
      vertex 49.6119 21.9309 0.45
      vertex 49.2209 22.9208 0.45
      vertex 49.386 22.9615 0.45
    endloop
  endfacet
  facet normal 0 0 -1
    outer loop
      vertex 48.8245 22.8136 0.45
      vertex 49.2621 21.8265 0.45
      vertex 49.1849 21.796 0.45
    endloop
  endfacet
  facet normal 0 0 -1
    outer loop
      vertex 48.7253 22.7828 0.45
      vertex 49.1849 21.796 0.45
      vertex 49.12 21.7657 0.45
    endloop
  endfacet
  facet normal 0 0 -1
    outer loop
      vertex 49.4756 21.8939 0.45
      vertex 49.0723 22.8826 0.45
      vertex 49.2209 22.9208 0.45
    endloop
  endfacet
  facet normal 0 0 -1
    outer loop
      vertex 48.6425 22.7546 0.45
      vertex 49.12 21.7657 0.45
      vertex 49.0598 21.7335 0.45
    endloop
  endfacet
  facet normal 0 0 -1
    outer loop
      vertex 48.6425 22.7546 0.45
      vertex 49.0598 21.7335 0.45
      vertex 49.0044 21.6996 0.45
    endloop
  endfacet
  facet normal 0 0 -1
    outer loop
      vertex 48.6425 22.7546 0.45
      vertex 49.0044 21.6996 0.45
      vertex 48.9536 21.6639 0.45
    endloop
  endfacet
  facet normal 0 0 -1
    outer loop
      vertex 49.3589 21.8591 0.45
      vertex 48.9401 22.8468 0.45
      vertex 49.0723 22.8826 0.45
    endloop
  endfacet
  facet normal 0 0 -1
    outer loop
      vertex 48.6425 22.7546 0.45
      vertex 48.9536 21.6639 0.45
      vertex 48.9076 21.6263 0.45
    endloop
  endfacet
  facet normal 0 0 -1
    outer loop
      vertex 48.6425 22.7546 0.45
      vertex 48.9076 21.6263 0.45
      vertex 48.8663 21.587 0.45
    endloop
  endfacet
  facet normal 0 0 -1
    outer loop
      vertex 48.6425 22.7546 0.45
      vertex 48.8663 21.587 0.45
      vertex 48.8297 21.5458 0.45
    endloop
  endfacet
  facet normal 0 0 -1
    outer loop
      vertex 49.2621 21.8265 0.45
      vertex 48.8245 22.8136 0.45
      vertex 48.9401 22.8468 0.45
    endloop
  endfacet
  facet normal 0 0 -1
    outer loop
      vertex 48.6425 22.7546 0.45
      vertex 48.8297 21.5458 0.45
      vertex 48.7979 21.5021 0.45
    endloop
  endfacet
  facet normal 0 0 -1
    outer loop
      vertex 48.6425 22.7546 0.45
      vertex 48.7979 21.5021 0.45
      vertex 48.771 21.4549 0.45
    endloop
  endfacet
  facet normal 0 0 -1
    outer loop
      vertex 48.6425 22.7546 0.45
      vertex 48.771 21.4549 0.45
      vertex 48.749 21.4042 0.45
    endloop
  endfacet
  facet normal 0 0 -1
    outer loop
      vertex 48.6425 22.7546 0.45
      vertex 48.749 21.4042 0.45
      vertex 48.7319 21.3502 0.45
    endloop
  endfacet
  facet normal 0 0 -1
    outer loop
      vertex 49.1849 21.796 0.45
      vertex 48.7253 22.7828 0.45
      vertex 48.8245 22.8136 0.45
    endloop
  endfacet
  facet normal 0 0 -1
    outer loop
      vertex 48.6425 22.7546 0.45
      vertex 48.7319 21.3502 0.45
      vertex 48.7197 21.2927 0.45
    endloop
  endfacet
  facet normal 0 0 -1
    outer loop
      vertex 48.6425 22.7546 0.45
      vertex 48.7197 21.2927 0.45
      vertex 48.7123 21.2318 0.45
    endloop
  endfacet
  facet normal 0 0 -1
    outer loop
      vertex 48.6425 22.7546 0.45
      vertex 48.7123 21.2318 0.45
      vertex 48.7099 21.1674 0.45
    endloop
  endfacet
  facet normal 0 0 -1
    outer loop
      vertex 49.12 21.7657 0.45
      vertex 48.6425 22.7546 0.45
      vertex 48.7253 22.7828 0.45
    endloop
  endfacet
  facet normal 0 0 -1
    outer loop
      vertex 51.1748 23.8888 0.45
      vertex 52.3822 23.7837 0.45
      vertex 52.3752 23.6833 0.45
    endloop
  endfacet
  facet normal 0 0 -1
    outer loop
      vertex 51.1748 23.8888 0.45
      vertex 52.3845 23.8876 0.45
      vertex 52.3822 23.7837 0.45
    endloop
  endfacet
  facet normal 0 0 -1
    outer loop
      vertex 51.1748 23.8888 0.45
      vertex 52.3752 23.6833 0.45
      vertex 52.3636 23.5864 0.45
    endloop
  endfacet
  facet normal 0 0 -1
    outer loop
      vertex 51.1748 23.8888 0.45
      vertex 52.3636 23.5864 0.45
      vertex 52.3474 23.493 0.45
    endloop
  endfacet
  facet normal 0 0 -1
    outer loop
      vertex 52.3845 23.8876 0.45
      vertex 51.1778 23.9591 0.45
      vertex 52.3713 24.1279 0.45
    endloop
  endfacet
  facet normal 0 0 -1
    outer loop
      vertex 51.1748 23.8888 0.45
      vertex 52.3474 23.493 0.45
      vertex 52.3266 23.4031 0.45
    endloop
  endfacet
  facet normal 0 0 -1
    outer loop
      vertex 51.1748 23.8888 0.45
      vertex 52.3266 23.4031 0.45
      vertex 52.3011 23.3167 0.45
    endloop
  endfacet
  facet normal 0 0 -1
    outer loop
      vertex 51.1748 23.8888 0.45
      vertex 52.3011 23.3167 0.45
      vertex 52.271 23.2339 0.45
    endloop
  endfacet
  facet normal -0 0 -1
    outer loop
      vertex 52.3713 24.1279 0.45
      vertex 51.1778 23.9591 0.45
      vertex 52.3318 24.3515 0.45
    endloop
  endfacet
  facet normal 0 0 -1
    outer loop
      vertex 51.1748 23.8888 0.45
      vertex 52.271 23.2339 0.45
      vertex 52.2365 23.1544 0.45
    endloop
  endfacet
  facet normal 0 0 -1
    outer loop
      vertex 51.1748 23.8888 0.45
      vertex 52.2365 23.1544 0.45
      vertex 52.1979 23.0782 0.45
    endloop
  endfacet
  facet normal 0 0 -1
    outer loop
      vertex 51.1513 24.1688 0.45
      vertex 52.3318 24.3515 0.45
      vertex 51.1778 23.9591 0.45
    endloop
  endfacet
  facet normal 0 0 -1
    outer loop
      vertex 51.1748 23.8888 0.45
      vertex 52.1979 23.0782 0.45
      vertex 52.1551 23.0053 0.45
    endloop
  endfacet
  facet normal 0 0 -1
    outer loop
      vertex 51.1748 23.8888 0.45
      vertex 52.1551 23.0053 0.45
      vertex 52.1083 22.9356 0.45
    endloop
  endfacet
  facet normal 0 0 -1
    outer loop
      vertex 51.1748 23.8888 0.45
      vertex 52.1083 22.9356 0.45
      vertex 52.0573 22.8692 0.45
    endloop
  endfacet
  facet normal -0 0 -1
    outer loop
      vertex 52.3318 24.3515 0.45
      vertex 51.1513 24.1688 0.45
      vertex 52.2659 24.5583 0.45
    endloop
  endfacet
  facet normal 0 0 -1
    outer loop
      vertex 51.1748 23.8888 0.45
      vertex 52.0573 22.8692 0.45
      vertex 52.0022 22.806 0.45
    endloop
  endfacet
  facet normal 0 0 -1
    outer loop
      vertex 51.1748 23.8888 0.45
      vertex 52.0022 22.806 0.45
      vertex 51.943 22.7462 0.45
    endloop
  endfacet
  facet normal -0 0 -1
    outer loop
      vertex 52.2659 24.5583 0.45
      vertex 51.1513 24.1688 0.45
      vertex 52.1737 24.7484 0.45
    endloop
  endfacet
  facet normal 0 0 -1
    outer loop
      vertex 51.1748 23.8888 0.45
      vertex 51.943 22.7462 0.45
      vertex 51.8786 22.6889 0.45
    endloop
  endfacet
  facet normal 0 0 -1
    outer loop
      vertex 51.1748 23.8888 0.45
      vertex 51.8786 22.6889 0.45
      vertex 51.8079 22.6338 0.45
    endloop
  endfacet
  facet normal 0 0 -1
    outer loop
      vertex 51.0718 24.3463 0.45
      vertex 52.1737 24.7484 0.45
      vertex 51.1513 24.1688 0.45
    endloop
  endfacet
  facet normal 0 0 -1
    outer loop
      vertex 51.1748 23.8888 0.45
      vertex 51.8079 22.6338 0.45
      vertex 51.731 22.5806 0.45
    endloop
  endfacet
  facet normal 0 0 -1
    outer loop
      vertex 51.1748 23.8888 0.45
      vertex 51.731 22.5806 0.45
      vertex 51.6478 22.5296 0.45
    endloop
  endfacet
  facet normal 0 0 -1
    outer loop
      vertex 51.1748 23.8888 0.45
      vertex 51.6478 22.5296 0.45
      vertex 51.5584 22.4806 0.45
    endloop
  endfacet
  facet normal -0 0 -1
    outer loop
      vertex 52.1737 24.7484 0.45
      vertex 51.0718 24.3463 0.45
      vertex 52.0552 24.9218 0.45
    endloop
  endfacet
  facet normal 0 0 -1
    outer loop
      vertex 51.1748 23.8888 0.45
      vertex 51.5584 22.4806 0.45
      vertex 51.4627 22.4337 0.45
    endloop
  endfacet
  facet normal 0 0 -1
    outer loop
      vertex 51.1748 23.8888 0.45
      vertex 51.4627 22.4337 0.45
      vertex 51.3607 22.3888 0.45
    endloop
  endfacet
  facet normal -0 0 -1
    outer loop
      vertex 52.0552 24.9218 0.45
      vertex 51.0718 24.3463 0.45
      vertex 51.9103 25.0784 0.45
    endloop
  endfacet
  facet normal 0 0 -1
    outer loop
      vertex 50.8182 23.3734 0.45
      vertex 51.3607 22.3888 0.45
      vertex 51.2457 22.3444 0.45
    endloop
  endfacet
  facet normal -0 0 -1
    outer loop
      vertex 51.9103 25.0784 0.45
      vertex 51.0718 24.3463 0.45
      vertex 51.7391 25.2183 0.45
    endloop
  endfacet
  facet normal 0 0 -1
    outer loop
      vertex 50.9392 24.4915 0.45
      vertex 51.7391 25.2183 0.45
      vertex 51.0718 24.3463 0.45
    endloop
  endfacet
  facet normal -0 0 -1
    outer loop
      vertex 51.7391 25.2183 0.45
      vertex 50.9392 24.4915 0.45
      vertex 51.5424 25.3405 0.45
    endloop
  endfacet
  facet normal -0 0 -1
    outer loop
      vertex 51.5424 25.3405 0.45
      vertex 50.9392 24.4915 0.45
      vertex 51.321 25.4438 0.45
    endloop
  endfacet
  facet normal 0 0 -1
    outer loop
      vertex 50.7536 24.6044 0.45
      vertex 51.321 25.4438 0.45
      vertex 50.9392 24.4915 0.45
    endloop
  endfacet
  facet normal -0 0 -1
    outer loop
      vertex 51.321 25.4438 0.45
      vertex 50.7536 24.6044 0.45
      vertex 51.0751 25.5284 0.45
    endloop
  endfacet
  facet normal -0 0 -1
    outer loop
      vertex 51.0751 25.5284 0.45
      vertex 50.7536 24.6044 0.45
      vertex 50.8045 25.5941 0.45
    endloop
  endfacet
  facet normal 0 0 -1
    outer loop
      vertex 50.515 24.685 0.45
      vertex 50.8045 25.5941 0.45
      vertex 50.7536 24.6044 0.45
    endloop
  endfacet
  facet normal 0 0 -1
    outer loop
      vertex 50.515 24.685 0.45
      vertex 50.5093 25.6411 0.45
      vertex 50.8045 25.5941 0.45
    endloop
  endfacet
  facet normal 0 0 -1
    outer loop
      vertex 50.2234 24.7334 0.45
      vertex 50.5093 25.6411 0.45
      vertex 50.515 24.685 0.45
    endloop
  endfacet
  facet normal 0 0 -1
    outer loop
      vertex 50.2234 24.7334 0.45
      vertex 50.1895 25.6693 0.45
      vertex 50.5093 25.6411 0.45
    endloop
  endfacet
  facet normal 0 0 -1
    outer loop
      vertex 49.8787 24.7496 0.45
      vertex 50.1895 25.6693 0.45
      vertex 50.2234 24.7334 0.45
    endloop
  endfacet
  facet normal 0 0 -1
    outer loop
      vertex 49.8787 24.7496 0.45
      vertex 49.845 25.6787 0.45
      vertex 50.1895 25.6693 0.45
    endloop
  endfacet
  facet normal 0 0 -1
    outer loop
      vertex 49.7053 24.7452 0.45
      vertex 49.845 25.6787 0.45
      vertex 49.8787 24.7496 0.45
    endloop
  endfacet
  facet normal 0 0 -1
    outer loop
      vertex 49.5295 25.6705 0.45
      vertex 49.7053 24.7452 0.45
      vertex 49.543 24.7322 0.45
    endloop
  endfacet
  facet normal 0 0 -1
    outer loop
      vertex 49.7053 24.7452 0.45
      vertex 49.5295 25.6705 0.45
      vertex 49.845 25.6787 0.45
    endloop
  endfacet
  facet normal 0 0 -1
    outer loop
      vertex 49.2341 25.6457 0.45
      vertex 49.543 24.7322 0.45
      vertex 49.3919 24.7106 0.45
    endloop
  endfacet
  facet normal 0 0 -1
    outer loop
      vertex 49.2341 25.6457 0.45
      vertex 49.3919 24.7106 0.45
      vertex 49.252 24.6802 0.45
    endloop
  endfacet
  facet normal 0 0 -1
    outer loop
      vertex 49.543 24.7322 0.45
      vertex 49.2341 25.6457 0.45
      vertex 49.5295 25.6705 0.45
    endloop
  endfacet
  facet normal 0 0 -1
    outer loop
      vertex 48.9588 25.6046 0.45
      vertex 49.252 24.6802 0.45
      vertex 49.1232 24.6413 0.45
    endloop
  endfacet
  facet normal 0 0 -1
    outer loop
      vertex 48.7035 25.5469 0.45
      vertex 49.1232 24.6413 0.45
      vertex 49.0055 24.5936 0.45
    endloop
  endfacet
  facet normal 0 0 -1
    outer loop
      vertex 49.252 24.6802 0.45
      vertex 48.9588 25.6046 0.45
      vertex 49.2341 25.6457 0.45
    endloop
  endfacet
  facet normal 0 0 -1
    outer loop
      vertex 48.4683 25.4728 0.45
      vertex 49.0055 24.5936 0.45
      vertex 48.899 24.5373 0.45
    endloop
  endfacet
  facet normal 0 0 -1
    outer loop
      vertex 48.2532 25.3822 0.45
      vertex 48.899 24.5373 0.45
      vertex 48.8029 24.4713 0.45
    endloop
  endfacet
  facet normal 0 0 -1
    outer loop
      vertex 48.0582 25.2751 0.45
      vertex 48.8029 24.4713 0.45
      vertex 48.7161 24.3948 0.45
    endloop
  endfacet
  facet normal 0 0 -1
    outer loop
      vertex 49.1232 24.6413 0.45
      vertex 48.7035 25.5469 0.45
      vertex 48.9588 25.6046 0.45
    endloop
  endfacet
  facet normal 0 0 -1
    outer loop
      vertex 47.8826 25.1512 0.45
      vertex 48.7161 24.3948 0.45
      vertex 48.6388 24.3078 0.45
    endloop
  endfacet
  facet normal 0 0 -1
    outer loop
      vertex 47.726 25.0105 0.45
      vertex 48.6388 24.3078 0.45
      vertex 48.571 24.2102 0.45
    endloop
  endfacet
  facet normal 0 0 -1
    outer loop
      vertex 47.5882 24.8527 0.45
      vertex 48.571 24.2102 0.45
      vertex 48.5125 24.102 0.45
    endloop
  endfacet
  facet normal 0 0 -1
    outer loop
      vertex 49.0055 24.5936 0.45
      vertex 48.4683 25.4728 0.45
      vertex 48.7035 25.5469 0.45
    endloop
  endfacet
  facet normal 0 0 -1
    outer loop
      vertex 47.3692 24.4861 0.45
      vertex 48.5125 24.102 0.45
      vertex 48.4635 23.9833 0.45
    endloop
  endfacet
  facet normal 0 0 -1
    outer loop
      vertex 47.288 24.2774 0.45
      vertex 48.4635 23.9833 0.45
      vertex 48.424 23.854 0.45
    endloop
  endfacet
  facet normal 0 0 -1
    outer loop
      vertex 48.899 24.5373 0.45
      vertex 48.2532 25.3822 0.45
      vertex 48.4683 25.4728 0.45
    endloop
  endfacet
  facet normal 0 0 -1
    outer loop
      vertex 48.8029 24.4713 0.45
      vertex 48.0582 25.2751 0.45
      vertex 48.2532 25.3822 0.45
    endloop
  endfacet
  facet normal 0 0 -1
    outer loop
      vertex 48.7161 24.3948 0.45
      vertex 47.8826 25.1512 0.45
      vertex 48.0582 25.2751 0.45
    endloop
  endfacet
  facet normal 0 0 -1
    outer loop
      vertex 48.6388 24.3078 0.45
      vertex 47.726 25.0105 0.45
      vertex 47.8826 25.1512 0.45
    endloop
  endfacet
  facet normal 0 0 -1
    outer loop
      vertex 48.571 24.2102 0.45
      vertex 47.5882 24.8527 0.45
      vertex 47.726 25.0105 0.45
    endloop
  endfacet
  facet normal 0 0 -1
    outer loop
      vertex 48.5125 24.102 0.45
      vertex 47.4692 24.6779 0.45
      vertex 47.5882 24.8527 0.45
    endloop
  endfacet
  facet normal 0 0 -1
    outer loop
      vertex 48.5125 24.102 0.45
      vertex 47.3692 24.4861 0.45
      vertex 47.4692 24.6779 0.45
    endloop
  endfacet
  facet normal 0 0 -1
    outer loop
      vertex 48.4635 23.9833 0.45
      vertex 47.288 24.2774 0.45
      vertex 47.3692 24.4861 0.45
    endloop
  endfacet
  facet normal 0 -0 -1
    outer loop
      vertex 47.288 24.2774 0.45
      vertex 48.424 23.854 0.45
      vertex 47.2257 24.0516 0.45
    endloop
  endfacet
  facet normal 0 0 -1
    outer loop
      vertex 18.5077 19.6707 0.45
      vertex 16.5905 20.6292 0.45
      vertex 18.5077 20.6292 0.45
    endloop
  endfacet
  facet normal 0 0 -1
    outer loop
      vertex 16.5905 20.6292 0.45
      vertex 15.3502 20.6292 0.45
      vertex 16.5905 25.5946 0.45
    endloop
  endfacet
  facet normal 0 0 -1
    outer loop
      vertex 18.5077 19.6707 0.45
      vertex 15.3502 20.6292 0.45
      vertex 16.5905 20.6292 0.45
    endloop
  endfacet
  facet normal 0 0 -1
    outer loop
      vertex 13.4372 19.6707 0.45
      vertex 15.3502 20.6292 0.45
      vertex 18.5077 19.6707 0.45
    endloop
  endfacet
  facet normal -0 0 -1
    outer loop
      vertex 15.3502 20.6292 0.45
      vertex 13.4372 19.6707 0.45
      vertex 13.4372 20.6292 0.45
    endloop
  endfacet
  facet normal -0 0 -1
    outer loop
      vertex 16.5905 25.5946 0.45
      vertex 15.3502 20.6292 0.45
      vertex 15.3502 25.5946 0.45
    endloop
  endfacet
  facet normal 0 0 -1
    outer loop
      vertex 23.1564 19.9021 0.45
      vertex 20.2935 20.6292 0.45
      vertex 23.15 20 0.45
    endloop
  endfacet
  facet normal 0 0 -1
    outer loop
      vertex 23.1756 19.8059 0.45
      vertex 20.2935 20.6292 0.45
      vertex 23.1564 19.9021 0.45
    endloop
  endfacet
  facet normal 0 0 -1
    outer loop
      vertex 23.2071 19.713 0.45
      vertex 20.2935 20.6292 0.45
      vertex 23.1756 19.8059 0.45
    endloop
  endfacet
  facet normal 0 0 -1
    outer loop
      vertex 23.228 19.6707 0.45
      vertex 20.2935 20.6292 0.45
      vertex 23.2071 19.713 0.45
    endloop
  endfacet
  facet normal 0 0 -1
    outer loop
      vertex 19.0532 19.6707 0.45
      vertex 20.2935 22.1176 0.45
      vertex 20.2935 20.6292 0.45
    endloop
  endfacet
  facet normal -0 0 -1
    outer loop
      vertex 20.2935 22.1176 0.45
      vertex 19.0532 19.6707 0.45
      vertex 20.2935 23.0762 0.45
    endloop
  endfacet
  facet normal 0 0 -1
    outer loop
      vertex 19.0532 25.5946 0.45
      vertex 20.2935 23.0762 0.45
      vertex 19.0532 19.6707 0.45
    endloop
  endfacet
  facet normal 0 0 -1
    outer loop
      vertex 19.0532 19.6707 0.45
      vertex 20.2935 20.6292 0.45
      vertex 23.228 19.6707 0.45
    endloop
  endfacet
  facet normal 0 0 -1
    outer loop
      vertex 23.4434 20.595 0.45
      vertex 20.2935 20.6292 0.45
      vertex 23.4947 20.6292 0.45
    endloop
  endfacet
  facet normal 0 0 -1
    outer loop
      vertex 23.3697 20.5303 0.45
      vertex 20.2935 20.6292 0.45
      vertex 23.4434 20.595 0.45
    endloop
  endfacet
  facet normal 0 0 -1
    outer loop
      vertex 23.305 20.4566 0.45
      vertex 20.2935 20.6292 0.45
      vertex 23.3697 20.5303 0.45
    endloop
  endfacet
  facet normal 0 0 -1
    outer loop
      vertex 23.2505 20.375 0.45
      vertex 20.2935 20.6292 0.45
      vertex 23.305 20.4566 0.45
    endloop
  endfacet
  facet normal 0 0 -1
    outer loop
      vertex 23.2071 20.287 0.45
      vertex 20.2935 20.6292 0.45
      vertex 23.2505 20.375 0.45
    endloop
  endfacet
  facet normal 0 0 -1
    outer loop
      vertex 23.1756 20.1941 0.45
      vertex 20.2935 20.6292 0.45
      vertex 23.2071 20.287 0.45
    endloop
  endfacet
  facet normal 0 0 -1
    outer loop
      vertex 23.1564 20.0979 0.45
      vertex 20.2935 20.6292 0.45
      vertex 23.1756 20.1941 0.45
    endloop
  endfacet
  facet normal 0 0 -1
    outer loop
      vertex 20.2935 20.6292 0.45
      vertex 23.1564 20.0979 0.45
      vertex 23.15 20 0.45
    endloop
  endfacet
  facet normal -0 0 -1
    outer loop
      vertex 23.1564 22.3021 0.45
      vertex 20.2935 22.1176 0.45
      vertex 23.15 22.4 0.45
    endloop
  endfacet
  facet normal -0 0 -1
    outer loop
      vertex 23.1756 22.2059 0.45
      vertex 20.2935 22.1176 0.45
      vertex 23.1564 22.3021 0.45
    endloop
  endfacet
  facet normal 0 0 -1
    outer loop
      vertex 20.2935 22.1176 0.45
      vertex 23.1756 22.2059 0.45
      vertex 23.2055 22.1176 0.45
    endloop
  endfacet
  facet normal 0 0 -1
    outer loop
      vertex 23.4434 22.995 0.45
      vertex 23.4552 23.0762 0.45
      vertex 23.4552 23.0029 0.45
    endloop
  endfacet
  facet normal 0 0 -1
    outer loop
      vertex 23.3697 22.9303 0.45
      vertex 23.4552 23.0762 0.45
      vertex 23.4434 22.995 0.45
    endloop
  endfacet
  facet normal 0 0 -1
    outer loop
      vertex 23.305 22.8566 0.45
      vertex 23.4552 23.0762 0.45
      vertex 23.3697 22.9303 0.45
    endloop
  endfacet
  facet normal 0 0 -1
    outer loop
      vertex 20.2935 22.1176 0.45
      vertex 23.1564 22.4979 0.45
      vertex 23.15 22.4 0.45
    endloop
  endfacet
  facet normal 0 0 -1
    outer loop
      vertex 20.2935 23.0762 0.45
      vertex 23.1564 22.4979 0.45
      vertex 20.2935 22.1176 0.45
    endloop
  endfacet
  facet normal 0 0 -1
    outer loop
      vertex 23.1564 22.4979 0.45
      vertex 20.2935 23.0762 0.45
      vertex 23.1756 22.5941 0.45
    endloop
  endfacet
  facet normal 0 0 -1
    outer loop
      vertex 23.1756 22.5941 0.45
      vertex 20.2935 23.0762 0.45
      vertex 23.2071 22.687 0.45
    endloop
  endfacet
  facet normal 0 0 -1
    outer loop
      vertex 23.2071 22.687 0.45
      vertex 20.2935 23.0762 0.45
      vertex 23.2505 22.775 0.45
    endloop
  endfacet
  facet normal 0 0 -1
    outer loop
      vertex 23.2505 22.775 0.45
      vertex 20.2935 23.0762 0.45
      vertex 23.305 22.8566 0.45
    endloop
  endfacet
  facet normal 0 0 -1
    outer loop
      vertex 23.305 22.8566 0.45
      vertex 20.2935 23.0762 0.45
      vertex 23.4552 23.0762 0.45
    endloop
  endfacet
  facet normal 0 0 -1
    outer loop
      vertex 20.2935 24.636 0.45
      vertex 23.8841 25.5946 0.45
      vertex 23.8841 24.636 0.45
    endloop
  endfacet
  facet normal 0 0 -1
    outer loop
      vertex 20.2935 24.636 0.45
      vertex 19.0532 25.5946 0.45
      vertex 23.8841 25.5946 0.45
    endloop
  endfacet
  facet normal 0 0 -1
    outer loop
      vertex 20.2935 23.0762 0.45
      vertex 19.0532 25.5946 0.45
      vertex 20.2935 24.636 0.45
    endloop
  endfacet
  facet normal 0 0 -1
    outer loop
      vertex 31.5114 23.15 0.45
      vertex 30.2711 23.15 0.45
      vertex 31.5114 24.636 0.45
    endloop
  endfacet
  facet normal 0 0 -1
    outer loop
      vertex 31.5114 24.636 0.45
      vertex 34.6899 25.5946 0.45
      vertex 34.6899 24.636 0.45
    endloop
  endfacet
  facet normal 0 0 -1
    outer loop
      vertex 31.5114 24.636 0.45
      vertex 30.2711 25.5946 0.45
      vertex 34.6899 25.5946 0.45
    endloop
  endfacet
  facet normal 0 0 -1
    outer loop
      vertex 30.2711 25.5946 0.45
      vertex 31.5114 24.636 0.45
      vertex 30.2711 23.15 0.45
    endloop
  endfacet
  facet normal 0 0 -1
    outer loop
      vertex 30.2711 20.75 0.45
      vertex 31.5114 21.65 0.45
      vertex 31.5114 20.75 0.45
    endloop
  endfacet
  facet normal -0 0 -1
    outer loop
      vertex 31.5114 21.65 0.45
      vertex 30.2711 20.75 0.45
      vertex 30.2711 21.65 0.45
    endloop
  endfacet
  facet normal 0 0 -1
    outer loop
      vertex 38.6436 22.3021 0.45
      vertex 40.8231 25.5946 0.45
      vertex 38.6436 20.0979 0.45
    endloop
  endfacet
  facet normal 0 0 -1
    outer loop
      vertex 40.8231 25.5946 0.45
      vertex 38.6436 22.3021 0.45
      vertex 38.65 22.4 0.45
    endloop
  endfacet
  facet normal 0 0 -1
    outer loop
      vertex 38.6244 20.1941 0.45
      vertex 38.6436 22.3021 0.45
      vertex 38.6436 20.0979 0.45
    endloop
  endfacet
  facet normal 0 0 -1
    outer loop
      vertex 38.6244 20.1941 0.45
      vertex 38.6244 22.2059 0.45
      vertex 38.6436 22.3021 0.45
    endloop
  endfacet
  facet normal 0 0 -1
    outer loop
      vertex 38.5929 20.287 0.45
      vertex 38.6244 22.2059 0.45
      vertex 38.6244 20.1941 0.45
    endloop
  endfacet
  facet normal 0 0 -1
    outer loop
      vertex 38.5929 20.287 0.45
      vertex 38.5929 22.113 0.45
      vertex 38.6244 22.2059 0.45
    endloop
  endfacet
  facet normal 0 0 -1
    outer loop
      vertex 38.5495 20.375 0.45
      vertex 38.5929 22.113 0.45
      vertex 38.5929 20.287 0.45
    endloop
  endfacet
  facet normal 0 0 -1
    outer loop
      vertex 38.5495 20.375 0.45
      vertex 38.5495 22.025 0.45
      vertex 38.5929 22.113 0.45
    endloop
  endfacet
  facet normal 0 0 -1
    outer loop
      vertex 38.495 20.4566 0.45
      vertex 38.5495 22.025 0.45
      vertex 38.5495 20.375 0.45
    endloop
  endfacet
  facet normal 0 0 -1
    outer loop
      vertex 38.495 20.4566 0.45
      vertex 38.495 21.9434 0.45
      vertex 38.5495 22.025 0.45
    endloop
  endfacet
  facet normal 0 0 -1
    outer loop
      vertex 38.4303 20.5303 0.45
      vertex 38.495 21.9434 0.45
      vertex 38.495 20.4566 0.45
    endloop
  endfacet
  facet normal 0 0 -1
    outer loop
      vertex 38.4303 20.5303 0.45
      vertex 38.4303 21.8697 0.45
      vertex 38.495 21.9434 0.45
    endloop
  endfacet
  facet normal 0 0 -1
    outer loop
      vertex 38.2079 21.4449 0.45
      vertex 38.4303 20.5303 0.45
      vertex 38.3566 20.595 0.45
    endloop
  endfacet
  facet normal 0 0 -1
    outer loop
      vertex 38.4303 20.5303 0.45
      vertex 38.2079 21.4449 0.45
      vertex 38.4303 21.8697 0.45
    endloop
  endfacet
  facet normal 0 0 -1
    outer loop
      vertex 38.4303 21.8697 0.45
      vertex 38.2079 21.4449 0.45
      vertex 38.3566 21.805 0.45
    endloop
  endfacet
  facet normal 0 0 -1
    outer loop
      vertex 38.2079 21.4449 0.45
      vertex 38.3566 20.595 0.45
      vertex 38.275 20.6495 0.45
    endloop
  endfacet
  facet normal 0 0 -1
    outer loop
      vertex 38.3566 21.805 0.45
      vertex 38.2079 21.4449 0.45
      vertex 38.324 21.7832 0.45
    endloop
  endfacet
  facet normal 0 0 -1
    outer loop
      vertex 38.187 20.6929 0.45
      vertex 38.2079 21.4449 0.45
      vertex 38.275 20.6495 0.45
    endloop
  endfacet
  facet normal 0 0 -1
    outer loop
      vertex 38.0272 20.8731 0.45
      vertex 38.187 20.6929 0.45
      vertex 38.0941 20.7244 0.45
    endloop
  endfacet
  facet normal 0 0 -1
    outer loop
      vertex 38.187 20.6929 0.45
      vertex 38.0272 20.8731 0.45
      vertex 38.2079 21.4449 0.45
    endloop
  endfacet
  facet normal 0 0 -1
    outer loop
      vertex 37.9979 20.7436 0.45
      vertex 38.0272 20.8731 0.45
      vertex 38.0941 20.7244 0.45
    endloop
  endfacet
  facet normal 0 0 -1
    outer loop
      vertex 38.0272 20.8731 0.45
      vertex 37.9979 20.7436 0.45
      vertex 37.9879 20.7442 0.45
    endloop
  endfacet
  facet normal 0 0 -1
    outer loop
      vertex 38.6704 19.6707 0.45
      vertex 38.6436 19.9021 0.45
      vertex 38.65 20 0.45
    endloop
  endfacet
  facet normal 0 0 -1
    outer loop
      vertex 38.6704 19.6707 0.45
      vertex 38.6244 19.8059 0.45
      vertex 38.6436 19.9021 0.45
    endloop
  endfacet
  facet normal 0 0 -1
    outer loop
      vertex 38.6704 19.6707 0.45
      vertex 38.5929 19.713 0.45
      vertex 38.6244 19.8059 0.45
    endloop
  endfacet
  facet normal 0 -0 -1
    outer loop
      vertex 38.5929 19.713 0.45
      vertex 38.6704 19.6707 0.45
      vertex 38.572 19.6707 0.45
    endloop
  endfacet
  facet normal -0 0 -1
    outer loop
      vertex 40.8231 25.5946 0.45
      vertex 39.0698 24.081 0.45
      vertex 39.5954 25.5946 0.45
    endloop
  endfacet
  facet normal 0 0 -1
    outer loop
      vertex 40.8231 25.5946 0.45
      vertex 38.7923 23.1477 0.45
      vertex 39.0698 24.081 0.45
    endloop
  endfacet
  facet normal 0 0 -1
    outer loop
      vertex 38.65 20 0.45
      vertex 40.8231 25.5946 0.45
      vertex 38.6704 19.6707 0.45
    endloop
  endfacet
  facet normal 0 0 -1
    outer loop
      vertex 38.6436 20.0979 0.45
      vertex 40.8231 25.5946 0.45
      vertex 38.65 20 0.45
    endloop
  endfacet
  facet normal 0 0 -1
    outer loop
      vertex 40.8231 25.5946 0.45
      vertex 38.65 22.4 0.45
      vertex 38.7923 23.1477 0.45
    endloop
  endfacet
  facet normal 0 0 -1
    outer loop
      vertex 38.6436 22.4979 0.45
      vertex 38.7923 23.1477 0.45
      vertex 38.65 22.4 0.45
    endloop
  endfacet
  facet normal 0 0 -1
    outer loop
      vertex 38.6244 22.5941 0.45
      vertex 38.7923 23.1477 0.45
      vertex 38.6436 22.4979 0.45
    endloop
  endfacet
  facet normal 0 0 -1
    outer loop
      vertex 38.7923 23.1477 0.45
      vertex 38.6244 22.5941 0.45
      vertex 38.6135 22.6265 0.45
    endloop
  endfacet
  facet normal 0 0 -1
    outer loop
      vertex 37.9357 23.1477 0.45
      vertex 39.0698 24.081 0.45
      vertex 38.7923 23.1477 0.45
    endloop
  endfacet
  facet normal 0 0 -1
    outer loop
      vertex 37.9 23.15 0.45
      vertex 39.0698 24.081 0.45
      vertex 37.9357 23.1477 0.45
    endloop
  endfacet
  facet normal 0 0 -1
    outer loop
      vertex 37.9 23.15 0.45
      vertex 36.8121 24.081 0.45
      vertex 39.0698 24.081 0.45
    endloop
  endfacet
  facet normal 0 0 -1
    outer loop
      vertex 35.938 23.15 0.45
      vertex 36.8121 24.081 0.45
      vertex 37.9 23.15 0.45
    endloop
  endfacet
  facet normal 0 0 -1
    outer loop
      vertex 35.0462 25.5946 0.45
      vertex 36.8121 24.081 0.45
      vertex 35.938 23.15 0.45
    endloop
  endfacet
  facet normal 0 0 -1
    outer loop
      vertex 36.8121 24.081 0.45
      vertex 35.0462 25.5946 0.45
      vertex 36.2865 25.5946 0.45
    endloop
  endfacet
  facet normal 0 0 -1
    outer loop
      vertex 36.8136 20.75 0.45
      vertex 37.8882 20.7654 0.45
      vertex 37.8926 20.75 0.45
    endloop
  endfacet
  facet normal -0 0 -1
    outer loop
      vertex 37.8882 20.7654 0.45
      vertex 36.8136 20.75 0.45
      vertex 37.8745 20.813 0.45
    endloop
  endfacet
  facet normal -0 0 -1
    outer loop
      vertex 37.8745 20.813 0.45
      vertex 36.8136 20.75 0.45
      vertex 37.8601 20.8622 0.45
    endloop
  endfacet
  facet normal -0 0 -1
    outer loop
      vertex 37.8601 20.8622 0.45
      vertex 36.8136 20.75 0.45
      vertex 37.845 20.9132 0.45
    endloop
  endfacet
  facet normal -0 0 -1
    outer loop
      vertex 37.845 20.9132 0.45
      vertex 36.8136 20.75 0.45
      vertex 37.8292 20.9659 0.45
    endloop
  endfacet
  facet normal -0 0 -1
    outer loop
      vertex 37.8292 20.9659 0.45
      vertex 36.8136 20.75 0.45
      vertex 37.8127 21.0203 0.45
    endloop
  endfacet
  facet normal -0 0 -1
    outer loop
      vertex 37.8127 21.0203 0.45
      vertex 36.8136 20.75 0.45
      vertex 37.7836 21.111 0.45
    endloop
  endfacet
  facet normal -0 0 -1
    outer loop
      vertex 37.7836 21.111 0.45
      vertex 36.8136 20.75 0.45
      vertex 37.7297 21.2729 0.45
    endloop
  endfacet
  facet normal -0 0 -1
    outer loop
      vertex 37.7297 21.2729 0.45
      vertex 36.8136 20.75 0.45
      vertex 37.6511 21.5057 0.45
    endloop
  endfacet
  facet normal 0 0 -1
    outer loop
      vertex 36.4852 21.65 0.45
      vertex 37.6511 21.5057 0.45
      vertex 36.8136 20.75 0.45
    endloop
  endfacet
  facet normal 0 0 -1
    outer loop
      vertex 37.6511 21.5057 0.45
      vertex 36.4852 21.65 0.45
      vertex 37.602 21.65 0.45
    endloop
  endfacet
  facet normal 0 0 -1
    outer loop
      vertex 56.8194 21.2178 0.45
      vertex 58.0733 21.159 0.45
      vertex 58.0619 20.9562 0.45
    endloop
  endfacet
  facet normal 0 0 -1
    outer loop
      vertex 58.0733 21.159 0.45
      vertex 56.8194 21.2178 0.45
      vertex 58.0676 21.3 0.45
    endloop
  endfacet
  facet normal 0 0 -1
    outer loop
      vertex 56.8038 21.1178 0.45
      vertex 58.0619 20.9562 0.45
      vertex 58.0278 20.7679 0.45
    endloop
  endfacet
  facet normal 0 -0 -1
    outer loop
      vertex 56.8246 21.3272 0.45
      vertex 58.0676 21.3 0.45
      vertex 56.8194 21.2178 0.45
    endloop
  endfacet
  facet normal 0 0 -1
    outer loop
      vertex 58.0676 21.3 0.45
      vertex 56.8246 21.3272 0.45
      vertex 58.0505 21.4345 0.45
    endloop
  endfacet
  facet normal 0 0 -1
    outer loop
      vertex 56.7779 21.0273 0.45
      vertex 58.0278 20.7679 0.45
      vertex 57.971 20.5944 0.45
    endloop
  endfacet
  facet normal -0 0 -1
    outer loop
      vertex 58.0505 21.4345 0.45
      vertex 56.8246 21.3272 0.45
      vertex 58.0219 21.5625 0.45
    endloop
  endfacet
  facet normal 0 0 -1
    outer loop
      vertex 56.7779 21.0273 0.45
      vertex 57.971 20.5944 0.45
      vertex 57.8914 20.4356 0.45
    endloop
  endfacet
  facet normal 0 0 -1
    outer loop
      vertex 56.8198 21.428 0.45
      vertex 58.0219 21.5625 0.45
      vertex 56.8246 21.3272 0.45
    endloop
  endfacet
  facet normal -0 0 -1
    outer loop
      vertex 58.0219 21.5625 0.45
      vertex 56.8198 21.428 0.45
      vertex 57.982 21.6841 0.45
    endloop
  endfacet
  facet normal 0 0 -1
    outer loop
      vertex 56.7779 21.0273 0.45
      vertex 57.8914 20.4356 0.45
      vertex 57.7891 20.2914 0.45
    endloop
  endfacet
  facet normal -0 0 -1
    outer loop
      vertex 57.982 21.6841 0.45
      vertex 56.8198 21.428 0.45
      vertex 57.9306 21.7993 0.45
    endloop
  endfacet
  facet normal 0 0 -1
    outer loop
      vertex 56.7415 20.9462 0.45
      vertex 57.7891 20.2914 0.45
      vertex 57.664 20.1618 0.45
    endloop
  endfacet
  facet normal -0 0 -1
    outer loop
      vertex 57.9306 21.7993 0.45
      vertex 56.8198 21.428 0.45
      vertex 57.8679 21.9081 0.45
    endloop
  endfacet
  facet normal 0 0 -1
    outer loop
      vertex 56.7415 20.9462 0.45
      vertex 57.664 20.1618 0.45
      vertex 57.5162 20.047 0.45
    endloop
  endfacet
  facet normal 0 0 -1
    outer loop
      vertex 56.8052 21.5213 0.45
      vertex 57.8679 21.9081 0.45
      vertex 56.8198 21.428 0.45
    endloop
  endfacet
  facet normal -0 0 -1
    outer loop
      vertex 57.8679 21.9081 0.45
      vertex 56.8052 21.5213 0.45
      vertex 57.7937 22.0104 0.45
    endloop
  endfacet
  facet normal 0 0 -1
    outer loop
      vertex 56.6948 20.8746 0.45
      vertex 57.5162 20.047 0.45
      vertex 57.3463 19.9471 0.45
    endloop
  endfacet
  facet normal -0 0 -1
    outer loop
      vertex 57.7937 22.0104 0.45
      vertex 56.8052 21.5213 0.45
      vertex 57.7078 22.1049 0.45
    endloop
  endfacet
  facet normal 0 0 -1
    outer loop
      vertex 56.6377 20.8124 0.45
      vertex 57.3463 19.9471 0.45
      vertex 57.1548 19.8627 0.45
    endloop
  endfacet
  facet normal 0 0 -1
    outer loop
      vertex 56.781 21.6071 0.45
      vertex 57.7078 22.1049 0.45
      vertex 56.8052 21.5213 0.45
    endloop
  endfacet
  facet normal -0 0 -1
    outer loop
      vertex 57.6101 22.1903 0.45
      vertex 56.781 21.6071 0.45
      vertex 57.5004 22.2664 0.45
    endloop
  endfacet
  facet normal 0 0 -1
    outer loop
      vertex 56.5702 20.7596 0.45
      vertex 57.1548 19.8627 0.45
      vertex 56.9418 19.7935 0.45
    endloop
  endfacet
  facet normal 0 0 -1
    outer loop
      vertex 57.1694 23.8078 0.45
      vertex 58.4138 23.9044 0.45
      vertex 58.4062 23.7363 0.45
    endloop
  endfacet
  facet normal 0 0 -1
    outer loop
      vertex 57.1694 23.8078 0.45
      vertex 58.4062 23.7363 0.45
      vertex 58.3831 23.5779 0.45
    endloop
  endfacet
  facet normal -0 0 -1
    outer loop
      vertex 58.4138 23.9044 0.45
      vertex 57.1694 23.8078 0.45
      vertex 57.1638 23.9271 0.45
    endloop
  endfacet
  facet normal 0 0 -1
    outer loop
      vertex 57.1694 23.8078 0.45
      vertex 58.3831 23.5779 0.45
      vertex 58.3447 23.4291 0.45
    endloop
  endfacet
  facet normal 0 0 -1
    outer loop
      vertex 57.1469 24.0375 0.45
      vertex 58.4015 24.1276 0.45
      vertex 57.1638 23.9271 0.45
    endloop
  endfacet
  facet normal 0 0 -1
    outer loop
      vertex 57.145 23.5869 0.45
      vertex 58.3447 23.4291 0.45
      vertex 58.291 23.2901 0.45
    endloop
  endfacet
  facet normal 0 0 -1
    outer loop
      vertex 57.145 23.5869 0.45
      vertex 58.291 23.2901 0.45
      vertex 58.2219 23.1608 0.45
    endloop
  endfacet
  facet normal 0 0 -1
    outer loop
      vertex 58.4138 23.9044 0.45
      vertex 57.1638 23.9271 0.45
      vertex 58.4015 24.1276 0.45
    endloop
  endfacet
  facet normal 0 0 -1
    outer loop
      vertex 57.145 23.5869 0.45
      vertex 58.2219 23.1608 0.45
      vertex 58.1374 23.0411 0.45
    endloop
  endfacet
  facet normal -0 0 -1
    outer loop
      vertex 58.4015 24.1276 0.45
      vertex 57.1469 24.0375 0.45
      vertex 58.3644 24.3359 0.45
    endloop
  endfacet
  facet normal 0 0 -1
    outer loop
      vertex 57.145 23.5869 0.45
      vertex 58.1374 23.0411 0.45
      vertex 58.0376 22.9312 0.45
    endloop
  endfacet
  facet normal -0 0 -1
    outer loop
      vertex 58.3644 24.3359 0.45
      vertex 57.1469 24.0375 0.45
      vertex 58.3027 24.5292 0.45
    endloop
  endfacet
  facet normal 0 0 -1
    outer loop
      vertex 57.145 23.5869 0.45
      vertex 58.0376 22.9312 0.45
      vertex 57.9231 22.8318 0.45
    endloop
  endfacet
  facet normal -0 0 -1
    outer loop
      vertex 58.3027 24.5292 0.45
      vertex 57.1188 24.1392 0.45
      vertex 58.2162 24.7076 0.45
    endloop
  endfacet
  facet normal 0 0 -1
    outer loop
      vertex 57.0719 23.4 0.45
      vertex 57.9231 22.8318 0.45
      vertex 57.7946 22.7441 0.45
    endloop
  endfacet
  facet normal 0 0 -1
    outer loop
      vertex 57.0719 23.4 0.45
      vertex 57.7946 22.7441 0.45
      vertex 57.6521 22.668 0.45
    endloop
  endfacet
  facet normal 0 0 -1
    outer loop
      vertex 57.1188 24.1392 0.45
      vertex 58.3027 24.5292 0.45
      vertex 57.1469 24.0375 0.45
    endloop
  endfacet
  facet normal 0 0 -1
    outer loop
      vertex 57.0719 23.4 0.45
      vertex 57.6521 22.668 0.45
      vertex 57.4957 22.6034 0.45
    endloop
  endfacet
  facet normal 0 0 -1
    outer loop
      vertex 57.0795 24.232 0.45
      vertex 58.2162 24.7076 0.45
      vertex 57.1188 24.1392 0.45
    endloop
  endfacet
  facet normal 0 0 -1
    outer loop
      vertex 56.9501 23.2471 0.45
      vertex 57.4957 22.6034 0.45
      vertex 57.3252 22.5504 0.45
    endloop
  endfacet
  facet normal -0 0 -1
    outer loop
      vertex 58.2162 24.7076 0.45
      vertex 57.0795 24.232 0.45
      vertex 58.105 24.871 0.45
    endloop
  endfacet
  facet normal -0 0 -1
    outer loop
      vertex 58.105 24.871 0.45
      vertex 57.0795 24.232 0.45
      vertex 57.969 25.0196 0.45
    endloop
  endfacet
  facet normal 0 0 -1
    outer loop
      vertex 58.3447 23.4291 0.45
      vertex 57.145 23.5869 0.45
      vertex 57.1694 23.8078 0.45
    endloop
  endfacet
  facet normal 0 0 -1
    outer loop
      vertex 56.9501 23.2471 0.45
      vertex 57.3252 22.5504 0.45
      vertex 57.1408 22.509 0.45
    endloop
  endfacet
  facet normal 0 0 -1
    outer loop
      vertex 57.9231 22.8318 0.45
      vertex 57.0719 23.4 0.45
      vertex 57.145 23.5869 0.45
    endloop
  endfacet
  facet normal 0 0 -1
    outer loop
      vertex 57.4957 22.6034 0.45
      vertex 56.9501 23.2471 0.45
      vertex 57.0719 23.4 0.45
    endloop
  endfacet
  facet normal 0 0 -1
    outer loop
      vertex 56.7795 23.1282 0.45
      vertex 57.1408 22.509 0.45
      vertex 56.9424 22.4792 0.45
    endloop
  endfacet
  facet normal 0 0 -1
    outer loop
      vertex 56.747 21.6855 0.45
      vertex 57.5004 22.2664 0.45
      vertex 56.781 21.6071 0.45
    endloop
  endfacet
  facet normal -0 0 -1
    outer loop
      vertex 57.5004 22.2664 0.45
      vertex 56.747 21.6855 0.45
      vertex 57.3788 22.3334 0.45
    endloop
  endfacet
  facet normal -0 0 -1
    outer loop
      vertex 57.3788 22.3334 0.45
      vertex 56.747 21.6855 0.45
      vertex 57.2452 22.3911 0.45
    endloop
  endfacet
  facet normal 0 0 -1
    outer loop
      vertex 56.7034 21.7564 0.45
      vertex 57.2452 22.3911 0.45
      vertex 56.747 21.6855 0.45
    endloop
  endfacet
  facet normal -0 0 -1
    outer loop
      vertex 57.2452 22.3911 0.45
      vertex 56.7034 21.7564 0.45
      vertex 57.0997 22.4398 0.45
    endloop
  endfacet
  facet normal 0 0 -1
    outer loop
      vertex 56.6501 21.8199 0.45
      vertex 57.0997 22.4398 0.45
      vertex 56.7034 21.7564 0.45
    endloop
  endfacet
  facet normal -0 0 -1
    outer loop
      vertex 57.0997 22.4398 0.45
      vertex 56.6501 21.8199 0.45
      vertex 56.9424 22.4792 0.45
    endloop
  endfacet
  facet normal 0 0 -1
    outer loop
      vertex 57.1408 22.509 0.45
      vertex 56.7795 23.1282 0.45
      vertex 56.9501 23.2471 0.45
    endloop
  endfacet
  facet normal 0 0 -1
    outer loop
      vertex 56.587 21.8759 0.45
      vertex 56.9424 22.4792 0.45
      vertex 56.6501 21.8199 0.45
    endloop
  endfacet
  facet normal 0 0 -1
    outer loop
      vertex 56.5133 21.9244 0.45
      vertex 56.9424 22.4792 0.45
      vertex 56.587 21.8759 0.45
    endloop
  endfacet
  facet normal 0 0 -1
    outer loop
      vertex 56.4278 21.9655 0.45
      vertex 56.9424 22.4792 0.45
      vertex 56.5133 21.9244 0.45
    endloop
  endfacet
  facet normal 0 0 -1
    outer loop
      vertex 56.9424 22.4792 0.45
      vertex 56.5602 23.0433 0.45
      vertex 56.7795 23.1282 0.45
    endloop
  endfacet
  facet normal 0 0 -1
    outer loop
      vertex 56.3305 21.9991 0.45
      vertex 56.9424 22.4792 0.45
      vertex 56.4278 21.9655 0.45
    endloop
  endfacet
  facet normal 0 0 -1
    outer loop
      vertex 56.2921 22.9923 0.45
      vertex 56.9424 22.4792 0.45
      vertex 56.3305 21.9991 0.45
    endloop
  endfacet
  facet normal 0 0 -1
    outer loop
      vertex 56.9424 22.4792 0.45
      vertex 56.2921 22.9923 0.45
      vertex 56.5602 23.0433 0.45
    endloop
  endfacet
  facet normal 0 0 -1
    outer loop
      vertex 56.2215 22.0252 0.45
      vertex 56.2921 22.9923 0.45
      vertex 56.3305 21.9991 0.45
    endloop
  endfacet
  facet normal 0 0 -1
    outer loop
      vertex 56.1008 22.0438 0.45
      vertex 56.2921 22.9923 0.45
      vertex 56.2215 22.0252 0.45
    endloop
  endfacet
  facet normal 0 0 -1
    outer loop
      vertex 56.1008 22.0438 0.45
      vertex 55.9753 22.9753 0.45
      vertex 56.2921 22.9923 0.45
    endloop
  endfacet
  facet normal 0 0 -1
    outer loop
      vertex 55.9683 22.055 0.45
      vertex 55.9753 22.9753 0.45
      vertex 56.1008 22.0438 0.45
    endloop
  endfacet
  facet normal 0 0 -1
    outer loop
      vertex 55.824 22.0588 0.45
      vertex 55.9753 22.9753 0.45
      vertex 55.9683 22.055 0.45
    endloop
  endfacet
  facet normal 0 0 -1
    outer loop
      vertex 54.4029 22.9753 0.45
      vertex 55.824 22.0588 0.45
      vertex 54.4029 22.0588 0.45
    endloop
  endfacet
  facet normal 0 0 -1
    outer loop
      vertex 55.824 22.0588 0.45
      vertex 54.4029 22.9753 0.45
      vertex 55.9753 22.9753 0.45
    endloop
  endfacet
  facet normal 0 0 -1
    outer loop
      vertex 57.0289 24.3159 0.45
      vertex 57.969 25.0196 0.45
      vertex 57.0795 24.232 0.45
    endloop
  endfacet
  facet normal -0 0 -1
    outer loop
      vertex 57.969 25.0196 0.45
      vertex 57.0289 24.3159 0.45
      vertex 57.8084 25.1532 0.45
    endloop
  endfacet
  facet normal 0 0 -1
    outer loop
      vertex 56.9671 24.3911 0.45
      vertex 57.8084 25.1532 0.45
      vertex 57.0289 24.3159 0.45
    endloop
  endfacet
  facet normal -0 0 -1
    outer loop
      vertex 57.8084 25.1532 0.45
      vertex 56.9671 24.3911 0.45
      vertex 57.6258 25.2703 0.45
    endloop
  endfacet
  facet normal 0 0 -1
    outer loop
      vertex 56.894 24.4574 0.45
      vertex 57.6258 25.2703 0.45
      vertex 56.9671 24.3911 0.45
    endloop
  endfacet
  facet normal -0 0 -1
    outer loop
      vertex 57.6258 25.2703 0.45
      vertex 56.894 24.4574 0.45
      vertex 57.424 25.3694 0.45
    endloop
  endfacet
  facet normal 0 0 -1
    outer loop
      vertex 56.8087 24.5148 0.45
      vertex 57.424 25.3694 0.45
      vertex 56.894 24.4574 0.45
    endloop
  endfacet
  facet normal -0 0 -1
    outer loop
      vertex 57.424 25.3694 0.45
      vertex 56.8087 24.5148 0.45
      vertex 57.203 25.4505 0.45
    endloop
  endfacet
  facet normal 0 0 -1
    outer loop
      vertex 56.7104 24.5634 0.45
      vertex 57.203 25.4505 0.45
      vertex 56.8087 24.5148 0.45
    endloop
  endfacet
  facet normal -0 0 -1
    outer loop
      vertex 57.203 25.4505 0.45
      vertex 56.7104 24.5634 0.45
      vertex 56.9627 25.5135 0.45
    endloop
  endfacet
  facet normal 0 0 -1
    outer loop
      vertex 56.5989 24.6032 0.45
      vertex 56.9627 25.5135 0.45
      vertex 56.7104 24.5634 0.45
    endloop
  endfacet
  facet normal -0 0 -1
    outer loop
      vertex 56.9627 25.5135 0.45
      vertex 56.5989 24.6032 0.45
      vertex 56.7033 25.5586 0.45
    endloop
  endfacet
  facet normal 0 0 -1
    outer loop
      vertex 56.4742 24.6341 0.45
      vertex 56.7033 25.5586 0.45
      vertex 56.5989 24.6032 0.45
    endloop
  endfacet
  facet normal 0 0 -1
    outer loop
      vertex 56.4742 24.6341 0.45
      vertex 56.4246 25.5856 0.45
      vertex 56.7033 25.5586 0.45
    endloop
  endfacet
  facet normal 0 0 -1
    outer loop
      vertex 56.3365 24.6562 0.45
      vertex 56.4246 25.5856 0.45
      vertex 56.4742 24.6341 0.45
    endloop
  endfacet
  facet normal 0 0 -1
    outer loop
      vertex 56.1856 24.6694 0.45
      vertex 56.4246 25.5856 0.45
      vertex 56.3365 24.6562 0.45
    endloop
  endfacet
  facet normal 0 0 -1
    outer loop
      vertex 56.1856 24.6694 0.45
      vertex 56.1267 25.5946 0.45
      vertex 56.4246 25.5856 0.45
    endloop
  endfacet
  facet normal 0 0 -1
    outer loop
      vertex 56.0216 24.6739 0.45
      vertex 56.1267 25.5946 0.45
      vertex 56.1856 24.6694 0.45
    endloop
  endfacet
  facet normal 0 0 -1
    outer loop
      vertex 54.4029 24.6739 0.45
      vertex 56.1267 25.5946 0.45
      vertex 56.0216 24.6739 0.45
    endloop
  endfacet
  facet normal 0 0 -1
    outer loop
      vertex 54.4029 24.6739 0.45
      vertex 53.1626 25.5946 0.45
      vertex 56.1267 25.5946 0.45
    endloop
  endfacet
  facet normal 0 0 -1
    outer loop
      vertex 54.4029 22.9753 0.45
      vertex 53.1626 25.5946 0.45
      vertex 54.4029 24.6739 0.45
    endloop
  endfacet
  facet normal -0 0 -1
    outer loop
      vertex 57.7078 22.1049 0.45
      vertex 56.781 21.6071 0.45
      vertex 57.6101 22.1903 0.45
    endloop
  endfacet
  facet normal 0 0 -1
    outer loop
      vertex 58.0619 20.9562 0.45
      vertex 56.8038 21.1178 0.45
      vertex 56.8194 21.2178 0.45
    endloop
  endfacet
  facet normal 0 0 -1
    outer loop
      vertex 58.0278 20.7679 0.45
      vertex 56.7779 21.0273 0.45
      vertex 56.8038 21.1178 0.45
    endloop
  endfacet
  facet normal 0 0 -1
    outer loop
      vertex 57.7891 20.2914 0.45
      vertex 56.7415 20.9462 0.45
      vertex 56.7779 21.0273 0.45
    endloop
  endfacet
  facet normal 0 0 -1
    outer loop
      vertex 56.4925 20.715 0.45
      vertex 56.9418 19.7935 0.45
      vertex 56.7073 19.7398 0.45
    endloop
  endfacet
  facet normal 0 0 -1
    outer loop
      vertex 57.5162 20.047 0.45
      vertex 56.6948 20.8746 0.45
      vertex 56.7415 20.9462 0.45
    endloop
  endfacet
  facet normal 0 0 -1
    outer loop
      vertex 57.3463 19.9471 0.45
      vertex 56.6377 20.8124 0.45
      vertex 56.6948 20.8746 0.45
    endloop
  endfacet
  facet normal 0 0 -1
    outer loop
      vertex 57.1548 19.8627 0.45
      vertex 56.5702 20.7596 0.45
      vertex 56.6377 20.8124 0.45
    endloop
  endfacet
  facet normal 0 0 -1
    outer loop
      vertex 56.9418 19.7935 0.45
      vertex 56.4925 20.715 0.45
      vertex 56.5702 20.7596 0.45
    endloop
  endfacet
  facet normal 0 0 -1
    outer loop
      vertex 56.4048 20.6772 0.45
      vertex 56.7073 19.7398 0.45
      vertex 56.4512 19.7014 0.45
    endloop
  endfacet
  facet normal 0 0 -1
    outer loop
      vertex 56.7073 19.7398 0.45
      vertex 56.4048 20.6772 0.45
      vertex 56.4925 20.715 0.45
    endloop
  endfacet
  facet normal 0 0 -1
    outer loop
      vertex 56.4512 19.7014 0.45
      vertex 56.307 20.6464 0.45
      vertex 56.4048 20.6772 0.45
    endloop
  endfacet
  facet normal 0 0 -1
    outer loop
      vertex 56.4512 19.7014 0.45
      vertex 56.1992 20.6223 0.45
      vertex 56.307 20.6464 0.45
    endloop
  endfacet
  facet normal 0 0 -1
    outer loop
      vertex 56.1736 19.6783 0.45
      vertex 56.1992 20.6223 0.45
      vertex 56.4512 19.7014 0.45
    endloop
  endfacet
  facet normal 0 0 -1
    outer loop
      vertex 56.1736 19.6783 0.45
      vertex 56.0814 20.6052 0.45
      vertex 56.1992 20.6223 0.45
    endloop
  endfacet
  facet normal 0 0 -1
    outer loop
      vertex 56.1736 19.6783 0.45
      vertex 55.9535 20.5949 0.45
      vertex 56.0814 20.6052 0.45
    endloop
  endfacet
  facet normal 0 0 -1
    outer loop
      vertex 55.8744 19.6707 0.45
      vertex 55.9535 20.5949 0.45
      vertex 56.1736 19.6783 0.45
    endloop
  endfacet
  facet normal 0 0 -1
    outer loop
      vertex 55.8744 19.6707 0.45
      vertex 55.8156 20.5914 0.45
      vertex 55.9535 20.5949 0.45
    endloop
  endfacet
  facet normal 0 0 -1
    outer loop
      vertex 55.8744 19.6707 0.45
      vertex 54.4029 20.5914 0.45
      vertex 55.8156 20.5914 0.45
    endloop
  endfacet
  facet normal 0 0 -1
    outer loop
      vertex 53.1626 19.6707 0.45
      vertex 54.4029 22.0588 0.45
      vertex 54.4029 20.5914 0.45
    endloop
  endfacet
  facet normal -0 0 -1
    outer loop
      vertex 54.4029 22.0588 0.45
      vertex 53.1626 19.6707 0.45
      vertex 54.4029 22.9753 0.45
    endloop
  endfacet
  facet normal 0 0 -1
    outer loop
      vertex 53.1626 25.5946 0.45
      vertex 54.4029 22.9753 0.45
      vertex 53.1626 19.6707 0.45
    endloop
  endfacet
  facet normal 0 0 -1
    outer loop
      vertex 53.1626 19.6707 0.45
      vertex 54.4029 20.5914 0.45
      vertex 55.8744 19.6707 0.45
    endloop
  endfacet
  facet normal -0.0878393 -0.996135 0
    outer loop
      vertex 27.298 25.6693 0
      vertex 27.6178 25.6411 0.45
      vertex 27.298 25.6693 0.45
    endloop
  endfacet
  facet normal -0.0878393 -0.996135 -0
    outer loop
      vertex 27.6178 25.6411 0.45
      vertex 27.298 25.6693 0
      vertex 27.6178 25.6411 0
    endloop
  endfacet
  facet normal -0.157234 -0.987561 0
    outer loop
      vertex 27.6178 25.6411 0
      vertex 27.913 25.5941 0.45
      vertex 27.6178 25.6411 0.45
    endloop
  endfacet
  facet normal -0.157234 -0.987561 -0
    outer loop
      vertex 27.913 25.5941 0.45
      vertex 27.6178 25.6411 0
      vertex 27.913 25.5941 0
    endloop
  endfacet
  facet normal -0.235939 -0.971768 0
    outer loop
      vertex 27.913 25.5941 0
      vertex 28.1836 25.5284 0.45
      vertex 27.913 25.5941 0.45
    endloop
  endfacet
  facet normal -0.235939 -0.971768 -0
    outer loop
      vertex 28.1836 25.5284 0.45
      vertex 27.913 25.5941 0
      vertex 28.1836 25.5284 0
    endloop
  endfacet
  facet normal -0.325209 -0.945642 0
    outer loop
      vertex 28.1836 25.5284 0
      vertex 28.4296 25.4438 0.45
      vertex 28.1836 25.5284 0.45
    endloop
  endfacet
  facet normal -0.325209 -0.945642 -0
    outer loop
      vertex 28.4296 25.4438 0.45
      vertex 28.1836 25.5284 0
      vertex 28.4296 25.4438 0
    endloop
  endfacet
  facet normal -0.422975 -0.906141 0
    outer loop
      vertex 28.4296 25.4438 0
      vertex 28.6509 25.3405 0.45
      vertex 28.4296 25.4438 0.45
    endloop
  endfacet
  facet normal -0.422975 -0.906141 -0
    outer loop
      vertex 28.6509 25.3405 0.45
      vertex 28.4296 25.4438 0
      vertex 28.6509 25.3405 0
    endloop
  endfacet
  facet normal -0.527707 -0.849427 0
    outer loop
      vertex 28.6509 25.3405 0
      vertex 28.8476 25.2183 0.45
      vertex 28.6509 25.3405 0.45
    endloop
  endfacet
  facet normal -0.527707 -0.849427 -0
    outer loop
      vertex 28.8476 25.2183 0.45
      vertex 28.6509 25.3405 0
      vertex 28.8476 25.2183 0
    endloop
  endfacet
  facet normal -0.63277 -0.77434 0
    outer loop
      vertex 28.8476 25.2183 0
      vertex 29.0188 25.0784 0.45
      vertex 28.8476 25.2183 0.45
    endloop
  endfacet
  facet normal -0.63277 -0.77434 -0
    outer loop
      vertex 29.0188 25.0784 0.45
      vertex 28.8476 25.2183 0
      vertex 29.0188 25.0784 0
    endloop
  endfacet
  facet normal -0.733994 -0.679156 0
    outer loop
      vertex 29.1637 24.9218 0
      vertex 29.0188 25.0784 0.45
      vertex 29.0188 25.0784 0
    endloop
  endfacet
  facet normal -0.733994 -0.679156 0
    outer loop
      vertex 29.0188 25.0784 0.45
      vertex 29.1637 24.9218 0
      vertex 29.1637 24.9218 0.45
    endloop
  endfacet
  facet normal -0.825401 -0.564547 0
    outer loop
      vertex 29.2823 24.7484 0
      vertex 29.1637 24.9218 0.45
      vertex 29.1637 24.9218 0
    endloop
  endfacet
  facet normal -0.825401 -0.564547 0
    outer loop
      vertex 29.1637 24.9218 0.45
      vertex 29.2823 24.7484 0
      vertex 29.2823 24.7484 0.45
    endloop
  endfacet
  facet normal -0.899758 -0.43639 0
    outer loop
      vertex 29.3745 24.5583 0
      vertex 29.2823 24.7484 0.45
      vertex 29.2823 24.7484 0
    endloop
  endfacet
  facet normal -0.899758 -0.43639 0
    outer loop
      vertex 29.2823 24.7484 0.45
      vertex 29.3745 24.5583 0
      vertex 29.3745 24.5583 0.45
    endloop
  endfacet
  facet normal -0.952926 -0.303204 0
    outer loop
      vertex 29.4403 24.3515 0
      vertex 29.3745 24.5583 0.45
      vertex 29.3745 24.5583 0
    endloop
  endfacet
  facet normal -0.952926 -0.303204 0
    outer loop
      vertex 29.3745 24.5583 0.45
      vertex 29.4403 24.3515 0
      vertex 29.4403 24.3515 0.45
    endloop
  endfacet
  facet normal -0.984753 -0.173961 0
    outer loop
      vertex 29.4798 24.1279 0
      vertex 29.4403 24.3515 0.45
      vertex 29.4403 24.3515 0
    endloop
  endfacet
  facet normal -0.984753 -0.173961 0
    outer loop
      vertex 29.4403 24.3515 0.45
      vertex 29.4798 24.1279 0
      vertex 29.4798 24.1279 0.45
    endloop
  endfacet
  facet normal -0.998495 -0.0548486 0
    outer loop
      vertex 29.493 23.8876 0
      vertex 29.4798 24.1279 0.45
      vertex 29.4798 24.1279 0
    endloop
  endfacet
  facet normal -0.998495 -0.0548486 0
    outer loop
      vertex 29.4798 24.1279 0.45
      vertex 29.493 23.8876 0
      vertex 29.493 23.8876 0.45
    endloop
  endfacet
  facet normal -0.999755 0.0221312 0
    outer loop
      vertex 29.4907 23.7837 0
      vertex 29.493 23.8876 0.45
      vertex 29.493 23.8876 0
    endloop
  endfacet
  facet normal -0.999755 0.0221312 0
    outer loop
      vertex 29.493 23.8876 0.45
      vertex 29.4907 23.7837 0
      vertex 29.4907 23.7837 0.45
    endloop
  endfacet
  facet normal -0.997578 0.0695523 0
    outer loop
      vertex 29.4837 23.6833 0
      vertex 29.4907 23.7837 0.45
      vertex 29.4907 23.7837 0
    endloop
  endfacet
  facet normal -0.997578 0.0695523 0
    outer loop
      vertex 29.4907 23.7837 0.45
      vertex 29.4837 23.6833 0
      vertex 29.4837 23.6833 0.45
    endloop
  endfacet
  facet normal -0.993031 0.117852 0
    outer loop
      vertex 29.4722 23.5864 0
      vertex 29.4837 23.6833 0.45
      vertex 29.4837 23.6833 0
    endloop
  endfacet
  facet normal -0.993031 0.117852 0
    outer loop
      vertex 29.4837 23.6833 0.45
      vertex 29.4722 23.5864 0
      vertex 29.4722 23.5864 0.45
    endloop
  endfacet
  facet normal -0.985111 0.17192 0
    outer loop
      vertex 29.4559 23.493 0
      vertex 29.4722 23.5864 0.45
      vertex 29.4722 23.5864 0
    endloop
  endfacet
  facet normal -0.985111 0.17192 0
    outer loop
      vertex 29.4722 23.5864 0.45
      vertex 29.4559 23.493 0
      vertex 29.4559 23.493 0.45
    endloop
  endfacet
  facet normal -0.974263 0.225414 0
    outer loop
      vertex 29.4351 23.4031 0
      vertex 29.4559 23.493 0.45
      vertex 29.4559 23.493 0
    endloop
  endfacet
  facet normal -0.974263 0.225414 0
    outer loop
      vertex 29.4559 23.493 0.45
      vertex 29.4351 23.4031 0
      vertex 29.4351 23.4031 0.45
    endloop
  endfacet
  facet normal -0.9591 0.283068 0
    outer loop
      vertex 29.4096 23.3167 0
      vertex 29.4351 23.4031 0.45
      vertex 29.4351 23.4031 0
    endloop
  endfacet
  facet normal -0.9591 0.283068 0
    outer loop
      vertex 29.4351 23.4031 0.45
      vertex 29.4096 23.3167 0
      vertex 29.4096 23.3167 0.45
    endloop
  endfacet
  facet normal -0.939827 0.341652 0
    outer loop
      vertex 29.3795 23.2339 0
      vertex 29.4096 23.3167 0.45
      vertex 29.4096 23.3167 0
    endloop
  endfacet
  facet normal -0.939827 0.341652 0
    outer loop
      vertex 29.4096 23.3167 0.45
      vertex 29.3795 23.2339 0
      vertex 29.3795 23.2339 0.45
    endloop
  endfacet
  facet normal -0.917345 0.398093 0
    outer loop
      vertex 29.345 23.1544 0
      vertex 29.3795 23.2339 0.45
      vertex 29.3795 23.2339 0
    endloop
  endfacet
  facet normal -0.917345 0.398093 0
    outer loop
      vertex 29.3795 23.2339 0.45
      vertex 29.345 23.1544 0
      vertex 29.345 23.1544 0.45
    endloop
  endfacet
  facet normal -0.886225 0.463254 0
    outer loop
      vertex 29.3427 23.15 0
      vertex 29.345 23.1544 0.45
      vertex 29.345 23.1544 0
    endloop
  endfacet
  facet normal -0.886225 0.463254 0
    outer loop
      vertex 29.345 23.1544 0.45
      vertex 29.3427 23.15 0
      vertex 29.3427 23.15 0.45
    endloop
  endfacet
  facet normal -0.632801 0.774314 0
    outer loop
      vertex 26.0451 21.65 0
      vertex 26.0161 21.6263 0.45
      vertex 26.0451 21.65 0.45
    endloop
  endfacet
  facet normal -0.632801 0.774314 0
    outer loop
      vertex 26.0161 21.6263 0.45
      vertex 26.0451 21.65 0
      vertex 26.0161 21.6263 0
    endloop
  endfacet
  facet normal -0.689349 0.72443 0
    outer loop
      vertex 26.0161 21.6263 0
      vertex 25.9748 21.587 0.45
      vertex 26.0161 21.6263 0.45
    endloop
  endfacet
  facet normal -0.689349 0.72443 0
    outer loop
      vertex 25.9748 21.587 0.45
      vertex 26.0161 21.6263 0
      vertex 25.9748 21.587 0
    endloop
  endfacet
  facet normal -0.74761 0.664139 0
    outer loop
      vertex 25.9382 21.5458 0
      vertex 25.9748 21.587 0.45
      vertex 25.9748 21.587 0
    endloop
  endfacet
  facet normal -0.74761 0.664139 0
    outer loop
      vertex 25.9748 21.587 0.45
      vertex 25.9382 21.5458 0
      vertex 25.9382 21.5458 0.45
    endloop
  endfacet
  facet normal -0.808576 0.588392 0
    outer loop
      vertex 25.9064 21.5021 0
      vertex 25.9382 21.5458 0.45
      vertex 25.9382 21.5458 0
    endloop
  endfacet
  facet normal -0.808576 0.588392 0
    outer loop
      vertex 25.9382 21.5458 0.45
      vertex 25.9064 21.5021 0
      vertex 25.9064 21.5021 0.45
    endloop
  endfacet
  facet normal -0.868809 0.495147 0
    outer loop
      vertex 25.8795 21.4549 0
      vertex 25.9064 21.5021 0.45
      vertex 25.9064 21.5021 0
    endloop
  endfacet
  facet normal -0.868809 0.495147 0
    outer loop
      vertex 25.9064 21.5021 0.45
      vertex 25.8795 21.4549 0
      vertex 25.8795 21.4549 0.45
    endloop
  endfacet
  facet normal -0.917357 0.398064 0
    outer loop
      vertex 25.8575 21.4042 0
      vertex 25.8795 21.4549 0.45
      vertex 25.8795 21.4549 0
    endloop
  endfacet
  facet normal -0.917357 0.398064 0
    outer loop
      vertex 25.8795 21.4549 0.45
      vertex 25.8575 21.4042 0
      vertex 25.8575 21.4042 0.45
    endloop
  endfacet
  facet normal -0.953342 0.301892 0
    outer loop
      vertex 25.8404 21.3502 0
      vertex 25.8575 21.4042 0.45
      vertex 25.8575 21.4042 0
    endloop
  endfacet
  facet normal -0.953342 0.301892 0
    outer loop
      vertex 25.8575 21.4042 0.45
      vertex 25.8404 21.3502 0
      vertex 25.8404 21.3502 0.45
    endloop
  endfacet
  facet normal -0.978224 0.207554 0
    outer loop
      vertex 25.8282 21.2927 0
      vertex 25.8404 21.3502 0.45
      vertex 25.8404 21.3502 0
    endloop
  endfacet
  facet normal -0.978224 0.207554 0
    outer loop
      vertex 25.8404 21.3502 0.45
      vertex 25.8282 21.2927 0
      vertex 25.8282 21.2927 0.45
    endloop
  endfacet
  facet normal -0.992698 0.120623 0
    outer loop
      vertex 25.8208 21.2318 0
      vertex 25.8282 21.2927 0.45
      vertex 25.8282 21.2927 0
    endloop
  endfacet
  facet normal -0.992698 0.120623 0
    outer loop
      vertex 25.8282 21.2927 0.45
      vertex 25.8208 21.2318 0
      vertex 25.8208 21.2318 0.45
    endloop
  endfacet
  facet normal -0.999306 0.0372412 0
    outer loop
      vertex 25.8184 21.1674 0
      vertex 25.8208 21.2318 0.45
      vertex 25.8208 21.2318 0
    endloop
  endfacet
  facet normal -0.999306 0.0372412 0
    outer loop
      vertex 25.8208 21.2318 0.45
      vertex 25.8184 21.1674 0
      vertex 25.8184 21.1674 0.45
    endloop
  endfacet
  facet normal -0.992552 -0.121818 0
    outer loop
      vertex 25.8414 20.98 0
      vertex 25.8184 21.1674 0.45
      vertex 25.8184 21.1674 0
    endloop
  endfacet
  facet normal -0.992552 -0.121818 0
    outer loop
      vertex 25.8184 21.1674 0.45
      vertex 25.8414 20.98 0
      vertex 25.8414 20.98 0.45
    endloop
  endfacet
  facet normal -0.916886 -0.399149 0
    outer loop
      vertex 25.9104 20.8215 0
      vertex 25.8414 20.98 0.45
      vertex 25.8414 20.98 0
    endloop
  endfacet
  facet normal -0.916886 -0.399149 0
    outer loop
      vertex 25.8414 20.98 0.45
      vertex 25.9104 20.8215 0
      vertex 25.9104 20.8215 0.45
    endloop
  endfacet
  facet normal -0.748737 -0.662868 0
    outer loop
      vertex 25.9737 20.75 0
      vertex 25.9104 20.8215 0.45
      vertex 25.9104 20.8215 0
    endloop
  endfacet
  facet normal -0.748737 -0.662868 0
    outer loop
      vertex 25.9104 20.8215 0.45
      vertex 25.9737 20.75 0
      vertex 25.9737 20.75 0.45
    endloop
  endfacet
  facet normal 0.694473 -0.719519 0
    outer loop
      vertex 27.8736 20.75 0
      vertex 27.9052 20.7805 0.45
      vertex 27.8736 20.75 0.45
    endloop
  endfacet
  facet normal 0.694473 -0.719519 0
    outer loop
      vertex 27.9052 20.7805 0.45
      vertex 27.8736 20.75 0
      vertex 27.9052 20.7805 0
    endloop
  endfacet
  facet normal 0.770675 -0.637229 0
    outer loop
      vertex 27.9052 20.7805 0.45
      vertex 27.9668 20.855 0
      vertex 27.9668 20.855 0.45
    endloop
  endfacet
  facet normal 0.770675 -0.637229 0
    outer loop
      vertex 27.9668 20.855 0
      vertex 27.9052 20.7805 0.45
      vertex 27.9052 20.7805 0
    endloop
  endfacet
  facet normal 0.837023 -0.547167 0
    outer loop
      vertex 27.9668 20.855 0.45
      vertex 28.0206 20.9373 0
      vertex 28.0206 20.9373 0.45
    endloop
  endfacet
  facet normal 0.837023 -0.547167 0
    outer loop
      vertex 28.0206 20.9373 0
      vertex 27.9668 20.855 0.45
      vertex 27.9668 20.855 0
    endloop
  endfacet
  facet normal 0.890835 -0.454326 0
    outer loop
      vertex 28.0206 20.9373 0.45
      vertex 28.0665 21.0273 0
      vertex 28.0665 21.0273 0.45
    endloop
  endfacet
  facet normal 0.890835 -0.454326 0
    outer loop
      vertex 28.0665 21.0273 0
      vertex 28.0206 20.9373 0.45
      vertex 28.0206 20.9373 0
    endloop
  endfacet
  facet normal 0.93179 -0.362998 0
    outer loop
      vertex 28.0665 21.0273 0.45
      vertex 28.1046 21.1251 0
      vertex 28.1046 21.1251 0.45
    endloop
  endfacet
  facet normal 0.93179 -0.362998 0
    outer loop
      vertex 28.1046 21.1251 0
      vertex 28.0665 21.0273 0.45
      vertex 28.0665 21.0273 0
    endloop
  endfacet
  facet normal 0.961075 -0.276286 0
    outer loop
      vertex 28.1046 21.1251 0.45
      vertex 28.1349 21.2305 0
      vertex 28.1349 21.2305 0.45
    endloop
  endfacet
  facet normal 0.961075 -0.276286 0
    outer loop
      vertex 28.1349 21.2305 0
      vertex 28.1046 21.1251 0.45
      vertex 28.1046 21.1251 0
    endloop
  endfacet
  facet normal -0.135132 -0.990828 0
    outer loop
      vertex 28.1349 21.2305 0
      vertex 29.3374 21.0665 0.45
      vertex 28.1349 21.2305 0.45
    endloop
  endfacet
  facet normal -0.135132 -0.990828 -0
    outer loop
      vertex 29.3374 21.0665 0.45
      vertex 28.1349 21.2305 0
      vertex 29.3374 21.0665 0
    endloop
  endfacet
  facet normal -0.971028 0.238967 0
    outer loop
      vertex 29.2838 20.8487 0
      vertex 29.3374 21.0665 0.45
      vertex 29.3374 21.0665 0
    endloop
  endfacet
  facet normal -0.971028 0.238967 0
    outer loop
      vertex 29.3374 21.0665 0.45
      vertex 29.2838 20.8487 0
      vertex 29.2838 20.8487 0.45
    endloop
  endfacet
  facet normal -0.943992 0.329967 0
    outer loop
      vertex 29.2493 20.75 0
      vertex 29.2838 20.8487 0.45
      vertex 29.2838 20.8487 0
    endloop
  endfacet
  facet normal -0.943992 0.329967 0
    outer loop
      vertex 29.2838 20.8487 0.45
      vertex 29.2493 20.75 0
      vertex 29.2493 20.75 0.45
    endloop
  endfacet
  facet normal 0.95162 0.307278 0
    outer loop
      vertex 24.6806 20.75 0.45
      vertex 24.661 20.8107 0
      vertex 24.661 20.8107 0.45
    endloop
  endfacet
  facet normal 0.95162 0.307278 0
    outer loop
      vertex 24.661 20.8107 0
      vertex 24.6806 20.75 0.45
      vertex 24.6806 20.75 0
    endloop
  endfacet
  facet normal 0.984392 0.175989 0
    outer loop
      vertex 24.661 20.8107 0.45
      vertex 24.6241 21.0171 0
      vertex 24.6241 21.0171 0.45
    endloop
  endfacet
  facet normal 0.984392 0.175989 0
    outer loop
      vertex 24.6241 21.0171 0
      vertex 24.661 20.8107 0.45
      vertex 24.661 20.8107 0
    endloop
  endfacet
  facet normal 0.998441 0.0558191 0
    outer loop
      vertex 24.6241 21.0171 0.45
      vertex 24.6117 21.2389 0
      vertex 24.6117 21.2389 0.45
    endloop
  endfacet
  facet normal 0.998441 0.0558191 0
    outer loop
      vertex 24.6117 21.2389 0
      vertex 24.6241 21.0171 0.45
      vertex 24.6241 21.0171 0
    endloop
  endfacet
  facet normal 0.999816 -0.0191838 0
    outer loop
      vertex 24.6117 21.2389 0.45
      vertex 24.6134 21.3275 0
      vertex 24.6134 21.3275 0.45
    endloop
  endfacet
  facet normal 0.999816 -0.0191838 0
    outer loop
      vertex 24.6134 21.3275 0
      vertex 24.6117 21.2389 0.45
      vertex 24.6117 21.2389 0
    endloop
  endfacet
  facet normal 0.998302 -0.058244 0
    outer loop
      vertex 24.6134 21.3275 0.45
      vertex 24.6184 21.4132 0
      vertex 24.6184 21.4132 0.45
    endloop
  endfacet
  facet normal 0.998302 -0.058244 0
    outer loop
      vertex 24.6184 21.4132 0
      vertex 24.6134 21.3275 0.45
      vertex 24.6134 21.3275 0
    endloop
  endfacet
  facet normal 0.994893 -0.100931 0
    outer loop
      vertex 24.6184 21.4132 0.45
      vertex 24.6268 21.496 0
      vertex 24.6268 21.496 0.45
    endloop
  endfacet
  facet normal 0.994893 -0.100931 0
    outer loop
      vertex 24.6268 21.496 0
      vertex 24.6184 21.4132 0.45
      vertex 24.6184 21.4132 0
    endloop
  endfacet
  facet normal 0.989448 -0.144888 0
    outer loop
      vertex 24.6268 21.496 0.45
      vertex 24.6385 21.5759 0
      vertex 24.6385 21.5759 0.45
    endloop
  endfacet
  facet normal 0.989448 -0.144888 0
    outer loop
      vertex 24.6385 21.5759 0
      vertex 24.6268 21.496 0.45
      vertex 24.6268 21.496 0
    endloop
  endfacet
  facet normal 0.981387 -0.192039 0
    outer loop
      vertex 24.6385 21.5759 0.45
      vertex 24.653 21.65 0
      vertex 24.653 21.65 0.45
    endloop
  endfacet
  facet normal 0.981387 -0.192039 0
    outer loop
      vertex 24.653 21.65 0
      vertex 24.6385 21.5759 0.45
      vertex 24.6385 21.5759 0
    endloop
  endfacet
  facet normal 0.246534 -0.969134 0
    outer loop
      vertex 27.3243 23.15 0
      vertex 27.3927 23.1674 0.45
      vertex 27.3243 23.15 0.45
    endloop
  endfacet
  facet normal 0.246534 -0.969134 0
    outer loop
      vertex 27.3927 23.1674 0.45
      vertex 27.3243 23.15 0
      vertex 27.3927 23.1674 0
    endloop
  endfacet
  facet normal 0.270159 -0.962816 0
    outer loop
      vertex 27.3927 23.1674 0
      vertex 27.521 23.2034 0.45
      vertex 27.3927 23.1674 0.45
    endloop
  endfacet
  facet normal 0.270159 -0.962816 0
    outer loop
      vertex 27.521 23.2034 0.45
      vertex 27.3927 23.1674 0
      vertex 27.521 23.2034 0
    endloop
  endfacet
  facet normal 0.300286 -0.953849 0
    outer loop
      vertex 27.521 23.2034 0
      vertex 27.629 23.2374 0.45
      vertex 27.521 23.2034 0.45
    endloop
  endfacet
  facet normal 0.300286 -0.953849 0
    outer loop
      vertex 27.629 23.2374 0.45
      vertex 27.521 23.2034 0
      vertex 27.629 23.2374 0
    endloop
  endfacet
  facet normal 0.34501 -0.938599 0
    outer loop
      vertex 27.629 23.2374 0
      vertex 27.7166 23.2696 0.45
      vertex 27.629 23.2374 0.45
    endloop
  endfacet
  facet normal 0.34501 -0.938599 0
    outer loop
      vertex 27.7166 23.2696 0.45
      vertex 27.629 23.2374 0
      vertex 27.7166 23.2696 0
    endloop
  endfacet
  facet normal 0.396577 -0.918002 0
    outer loop
      vertex 27.7166 23.2696 0
      vertex 27.7916 23.302 0.45
      vertex 27.7166 23.2696 0.45
    endloop
  endfacet
  facet normal 0.396577 -0.918002 0
    outer loop
      vertex 27.7916 23.302 0.45
      vertex 27.7166 23.2696 0
      vertex 27.7916 23.302 0
    endloop
  endfacet
  facet normal 0.442081 -0.896975 0
    outer loop
      vertex 27.7916 23.302 0
      vertex 27.8616 23.3365 0.45
      vertex 27.7916 23.302 0.45
    endloop
  endfacet
  facet normal 0.442081 -0.896975 0
    outer loop
      vertex 27.8616 23.3365 0.45
      vertex 27.7916 23.302 0
      vertex 27.8616 23.3365 0
    endloop
  endfacet
  facet normal 0.493114 -0.869965 0
    outer loop
      vertex 27.8616 23.3365 0
      vertex 27.9267 23.3734 0.45
      vertex 27.8616 23.3365 0.45
    endloop
  endfacet
  facet normal 0.493114 -0.869965 0
    outer loop
      vertex 27.9267 23.3734 0.45
      vertex 27.8616 23.3365 0
      vertex 27.9267 23.3734 0
    endloop
  endfacet
  facet normal 0.54435 -0.838858 0
    outer loop
      vertex 27.9267 23.3734 0
      vertex 27.9868 23.4124 0.45
      vertex 27.9267 23.3734 0.45
    endloop
  endfacet
  facet normal 0.54435 -0.838858 0
    outer loop
      vertex 27.9868 23.4124 0.45
      vertex 27.9267 23.3734 0
      vertex 27.9868 23.4124 0
    endloop
  endfacet
  facet normal 0.600465 -0.799651 0
    outer loop
      vertex 27.9868 23.4124 0
      vertex 28.0418 23.4537 0.45
      vertex 27.9868 23.4124 0.45
    endloop
  endfacet
  facet normal 0.600465 -0.799651 0
    outer loop
      vertex 28.0418 23.4537 0.45
      vertex 27.9868 23.4124 0
      vertex 28.0418 23.4537 0
    endloop
  endfacet
  facet normal 0.655619 -0.755092 0
    outer loop
      vertex 28.0418 23.4537 0
      vertex 28.0919 23.4972 0.45
      vertex 28.0418 23.4537 0.45
    endloop
  endfacet
  facet normal 0.655619 -0.755092 0
    outer loop
      vertex 28.0919 23.4972 0.45
      vertex 28.0418 23.4537 0
      vertex 28.0919 23.4972 0
    endloop
  endfacet
  facet normal 0.710986 -0.703207 0
    outer loop
      vertex 28.0919 23.4972 0.45
      vertex 28.1371 23.5429 0
      vertex 28.1371 23.5429 0.45
    endloop
  endfacet
  facet normal 0.710986 -0.703207 0
    outer loop
      vertex 28.1371 23.5429 0
      vertex 28.0919 23.4972 0.45
      vertex 28.0919 23.4972 0
    endloop
  endfacet
  facet normal 0.77587 -0.630892 0
    outer loop
      vertex 28.1371 23.5429 0.45
      vertex 28.1767 23.5916 0
      vertex 28.1767 23.5916 0.45
    endloop
  endfacet
  facet normal 0.77587 -0.630892 0
    outer loop
      vertex 28.1767 23.5916 0
      vertex 28.1371 23.5429 0.45
      vertex 28.1371 23.5429 0
    endloop
  endfacet
  facet normal 0.841597 -0.540106 0
    outer loop
      vertex 28.1767 23.5916 0.45
      vertex 28.2102 23.6438 0
      vertex 28.2102 23.6438 0.45
    endloop
  endfacet
  facet normal 0.841597 -0.540106 0
    outer loop
      vertex 28.2102 23.6438 0
      vertex 28.1767 23.5916 0.45
      vertex 28.1767 23.5916 0
    endloop
  endfacet
  facet normal 0.897621 -0.440767 0
    outer loop
      vertex 28.2102 23.6438 0.45
      vertex 28.2376 23.6996 0
      vertex 28.2376 23.6996 0.45
    endloop
  endfacet
  facet normal 0.897621 -0.440767 0
    outer loop
      vertex 28.2376 23.6996 0
      vertex 28.2102 23.6438 0.45
      vertex 28.2102 23.6438 0
    endloop
  endfacet
  facet normal 0.941491 -0.337038 0
    outer loop
      vertex 28.2376 23.6996 0.45
      vertex 28.2589 23.7591 0
      vertex 28.2589 23.7591 0.45
    endloop
  endfacet
  facet normal 0.941491 -0.337038 0
    outer loop
      vertex 28.2589 23.7591 0
      vertex 28.2376 23.6996 0.45
      vertex 28.2376 23.6996 0
    endloop
  endfacet
  facet normal 0.971839 -0.235644 0
    outer loop
      vertex 28.2589 23.7591 0.45
      vertex 28.2742 23.8222 0
      vertex 28.2742 23.8222 0.45
    endloop
  endfacet
  facet normal 0.971839 -0.235644 0
    outer loop
      vertex 28.2742 23.8222 0
      vertex 28.2589 23.7591 0.45
      vertex 28.2589 23.7591 0
    endloop
  endfacet
  facet normal 0.990794 -0.135379 0
    outer loop
      vertex 28.2742 23.8222 0.45
      vertex 28.2833 23.8888 0
      vertex 28.2833 23.8888 0.45
    endloop
  endfacet
  facet normal 0.990794 -0.135379 0
    outer loop
      vertex 28.2833 23.8888 0
      vertex 28.2742 23.8222 0.45
      vertex 28.2742 23.8222 0
    endloop
  endfacet
  facet normal 0.999029 -0.0440539 0
    outer loop
      vertex 28.2833 23.8888 0.45
      vertex 28.2864 23.9591 0
      vertex 28.2864 23.9591 0.45
    endloop
  endfacet
  facet normal 0.999029 -0.0440539 0
    outer loop
      vertex 28.2864 23.9591 0
      vertex 28.2833 23.8888 0.45
      vertex 28.2833 23.8888 0
    endloop
  endfacet
  facet normal 0.992051 0.12584 0
    outer loop
      vertex 28.2864 23.9591 0.45
      vertex 28.2598 24.1688 0
      vertex 28.2598 24.1688 0.45
    endloop
  endfacet
  facet normal 0.992051 0.12584 0
    outer loop
      vertex 28.2598 24.1688 0
      vertex 28.2864 23.9591 0.45
      vertex 28.2864 23.9591 0
    endloop
  endfacet
  facet normal 0.912642 0.408761 0
    outer loop
      vertex 28.2598 24.1688 0.45
      vertex 28.1803 24.3463 0
      vertex 28.1803 24.3463 0.45
    endloop
  endfacet
  facet normal 0.912642 0.408761 0
    outer loop
      vertex 28.1803 24.3463 0
      vertex 28.2598 24.1688 0.45
      vertex 28.2598 24.1688 0
    endloop
  endfacet
  facet normal 0.738419 0.674342 0
    outer loop
      vertex 28.1803 24.3463 0.45
      vertex 28.0477 24.4915 0
      vertex 28.0477 24.4915 0.45
    endloop
  endfacet
  facet normal 0.738419 0.674342 0
    outer loop
      vertex 28.0477 24.4915 0
      vertex 28.1803 24.3463 0.45
      vertex 28.1803 24.3463 0
    endloop
  endfacet
  facet normal 0.519903 0.854225 -0
    outer loop
      vertex 28.0477 24.4915 0
      vertex 27.8622 24.6044 0.45
      vertex 28.0477 24.4915 0.45
    endloop
  endfacet
  facet normal 0.519903 0.854225 0
    outer loop
      vertex 27.8622 24.6044 0.45
      vertex 28.0477 24.4915 0
      vertex 27.8622 24.6044 0
    endloop
  endfacet
  facet normal 0.319917 0.947446 -0
    outer loop
      vertex 27.8622 24.6044 0
      vertex 27.6235 24.685 0.45
      vertex 27.8622 24.6044 0.45
    endloop
  endfacet
  facet normal 0.319917 0.947446 0
    outer loop
      vertex 27.6235 24.685 0.45
      vertex 27.8622 24.6044 0
      vertex 27.6235 24.685 0
    endloop
  endfacet
  facet normal 0.163741 0.986503 -0
    outer loop
      vertex 27.6235 24.685 0
      vertex 27.3319 24.7334 0.45
      vertex 27.6235 24.685 0.45
    endloop
  endfacet
  facet normal 0.163741 0.986503 0
    outer loop
      vertex 27.3319 24.7334 0.45
      vertex 27.6235 24.685 0
      vertex 27.3319 24.7334 0
    endloop
  endfacet
  facet normal 0.0469456 0.998897 -0
    outer loop
      vertex 27.3319 24.7334 0
      vertex 26.9872 24.7496 0.45
      vertex 27.3319 24.7334 0.45
    endloop
  endfacet
  facet normal 0.0469456 0.998897 0
    outer loop
      vertex 26.9872 24.7496 0.45
      vertex 27.3319 24.7334 0
      vertex 26.9872 24.7496 0
    endloop
  endfacet
  facet normal -0.0253667 0.999678 0
    outer loop
      vertex 26.9872 24.7496 0
      vertex 26.8138 24.7452 0.45
      vertex 26.9872 24.7496 0.45
    endloop
  endfacet
  facet normal -0.0253667 0.999678 0
    outer loop
      vertex 26.8138 24.7452 0.45
      vertex 26.9872 24.7496 0
      vertex 26.8138 24.7452 0
    endloop
  endfacet
  facet normal -0.0798918 0.996804 0
    outer loop
      vertex 26.8138 24.7452 0
      vertex 26.6516 24.7322 0.45
      vertex 26.8138 24.7452 0.45
    endloop
  endfacet
  facet normal -0.0798918 0.996804 0
    outer loop
      vertex 26.6516 24.7322 0.45
      vertex 26.8138 24.7452 0
      vertex 26.6516 24.7322 0
    endloop
  endfacet
  facet normal -0.141421 0.989949 0
    outer loop
      vertex 26.6516 24.7322 0
      vertex 26.5004 24.7106 0.45
      vertex 26.6516 24.7322 0.45
    endloop
  endfacet
  facet normal -0.141421 0.989949 0
    outer loop
      vertex 26.5004 24.7106 0.45
      vertex 26.6516 24.7322 0
      vertex 26.5004 24.7106 0
    endloop
  endfacet
  facet normal -0.212343 0.977195 0
    outer loop
      vertex 26.5004 24.7106 0
      vertex 26.3605 24.6802 0.45
      vertex 26.5004 24.7106 0.45
    endloop
  endfacet
  facet normal -0.212343 0.977195 0
    outer loop
      vertex 26.3605 24.6802 0.45
      vertex 26.5004 24.7106 0
      vertex 26.3605 24.6802 0
    endloop
  endfacet
  facet normal -0.28912 0.957293 0
    outer loop
      vertex 26.3605 24.6802 0
      vertex 26.2317 24.6413 0.45
      vertex 26.3605 24.6802 0.45
    endloop
  endfacet
  facet normal -0.28912 0.957293 0
    outer loop
      vertex 26.2317 24.6413 0.45
      vertex 26.3605 24.6802 0
      vertex 26.2317 24.6413 0
    endloop
  endfacet
  facet normal -0.375595 0.926784 0
    outer loop
      vertex 26.2317 24.6413 0
      vertex 26.114 24.5936 0.45
      vertex 26.2317 24.6413 0.45
    endloop
  endfacet
  facet normal -0.375595 0.926784 0
    outer loop
      vertex 26.114 24.5936 0.45
      vertex 26.2317 24.6413 0
      vertex 26.114 24.5936 0
    endloop
  endfacet
  facet normal -0.467697 0.883889 0
    outer loop
      vertex 26.114 24.5936 0
      vertex 26.0076 24.5373 0.45
      vertex 26.114 24.5936 0.45
    endloop
  endfacet
  facet normal -0.467697 0.883889 0
    outer loop
      vertex 26.0076 24.5373 0.45
      vertex 26.114 24.5936 0
      vertex 26.0076 24.5373 0
    endloop
  endfacet
  facet normal -0.565728 0.824592 0
    outer loop
      vertex 26.0076 24.5373 0
      vertex 25.9114 24.4713 0.45
      vertex 26.0076 24.5373 0.45
    endloop
  endfacet
  facet normal -0.565728 0.824592 0
    outer loop
      vertex 25.9114 24.4713 0.45
      vertex 26.0076 24.5373 0
      vertex 25.9114 24.4713 0
    endloop
  endfacet
  facet normal -0.661193 0.750216 0
    outer loop
      vertex 25.9114 24.4713 0
      vertex 25.8246 24.3948 0.45
      vertex 25.9114 24.4713 0.45
    endloop
  endfacet
  facet normal -0.661193 0.750216 0
    outer loop
      vertex 25.8246 24.3948 0.45
      vertex 25.9114 24.4713 0
      vertex 25.8246 24.3948 0
    endloop
  endfacet
  facet normal -0.747552 0.664204 0
    outer loop
      vertex 25.7473 24.3078 0
      vertex 25.8246 24.3948 0.45
      vertex 25.8246 24.3948 0
    endloop
  endfacet
  facet normal -0.747552 0.664204 0
    outer loop
      vertex 25.8246 24.3948 0.45
      vertex 25.7473 24.3078 0
      vertex 25.7473 24.3078 0.45
    endloop
  endfacet
  facet normal -0.821282 0.570522 0
    outer loop
      vertex 25.6795 24.2102 0
      vertex 25.7473 24.3078 0.45
      vertex 25.7473 24.3078 0
    endloop
  endfacet
  facet normal -0.821282 0.570522 0
    outer loop
      vertex 25.7473 24.3078 0.45
      vertex 25.6795 24.2102 0
      vertex 25.6795 24.2102 0.45
    endloop
  endfacet
  facet normal -0.879661 0.475602 0
    outer loop
      vertex 25.621 24.102 0
      vertex 25.6795 24.2102 0.45
      vertex 25.6795 24.2102 0
    endloop
  endfacet
  facet normal -0.879661 0.475602 0
    outer loop
      vertex 25.6795 24.2102 0.45
      vertex 25.621 24.102 0
      vertex 25.621 24.102 0.45
    endloop
  endfacet
  facet normal -0.924614 0.380907 0
    outer loop
      vertex 25.5721 23.9833 0
      vertex 25.621 24.102 0.45
      vertex 25.621 24.102 0
    endloop
  endfacet
  facet normal -0.924614 0.380907 0
    outer loop
      vertex 25.621 24.102 0.45
      vertex 25.5721 23.9833 0
      vertex 25.5721 23.9833 0.45
    endloop
  endfacet
  facet normal -0.956162 0.292838 0
    outer loop
      vertex 25.5325 23.854 0
      vertex 25.5721 23.9833 0.45
      vertex 25.5721 23.9833 0
    endloop
  endfacet
  facet normal -0.956162 0.292838 0
    outer loop
      vertex 25.5721 23.9833 0.45
      vertex 25.5325 23.854 0
      vertex 25.5325 23.854 0.45
    endloop
  endfacet
  facet normal 0.162703 0.986675 -0
    outer loop
      vertex 25.5325 23.854 0
      vertex 24.3342 24.0516 0.45
      vertex 25.5325 23.854 0.45
    endloop
  endfacet
  facet normal 0.162703 0.986675 0
    outer loop
      vertex 24.3342 24.0516 0.45
      vertex 25.5325 23.854 0
      vertex 24.3342 24.0516 0
    endloop
  endfacet
  facet normal 0.963981 -0.26597 0
    outer loop
      vertex 24.3342 24.0516 0.45
      vertex 24.3965 24.2774 0
      vertex 24.3965 24.2774 0.45
    endloop
  endfacet
  facet normal 0.963981 -0.26597 0
    outer loop
      vertex 24.3965 24.2774 0
      vertex 24.3342 24.0516 0.45
      vertex 24.3342 24.0516 0
    endloop
  endfacet
  facet normal 0.931946 -0.362597 0
    outer loop
      vertex 24.3965 24.2774 0.45
      vertex 24.4777 24.4861 0
      vertex 24.4777 24.4861 0.45
    endloop
  endfacet
  facet normal 0.931946 -0.362597 0
    outer loop
      vertex 24.4777 24.4861 0
      vertex 24.3965 24.2774 0.45
      vertex 24.3965 24.2774 0
    endloop
  endfacet
  facet normal 0.886717 -0.462313 0
    outer loop
      vertex 24.4777 24.4861 0.45
      vertex 24.5777 24.6779 0
      vertex 24.5777 24.6779 0.45
    endloop
  endfacet
  facet normal 0.886717 -0.462313 0
    outer loop
      vertex 24.5777 24.6779 0
      vertex 24.4777 24.4861 0.45
      vertex 24.4777 24.4861 0
    endloop
  endfacet
  facet normal 0.826627 -0.56275 0
    outer loop
      vertex 24.5777 24.6779 0.45
      vertex 24.6967 24.8527 0
      vertex 24.6967 24.8527 0.45
    endloop
  endfacet
  facet normal 0.826627 -0.56275 0
    outer loop
      vertex 24.6967 24.8527 0
      vertex 24.5777 24.6779 0.45
      vertex 24.5777 24.6779 0
    endloop
  endfacet
  facet normal 0.753227 -0.657761 0
    outer loop
      vertex 24.6967 24.8527 0.45
      vertex 24.8345 25.0105 0
      vertex 24.8345 25.0105 0.45
    endloop
  endfacet
  facet normal 0.753227 -0.657761 0
    outer loop
      vertex 24.8345 25.0105 0
      vertex 24.6967 24.8527 0.45
      vertex 24.6967 24.8527 0
    endloop
  endfacet
  facet normal 0.668335 -0.743861 0
    outer loop
      vertex 24.8345 25.0105 0
      vertex 24.9911 25.1512 0.45
      vertex 24.8345 25.0105 0.45
    endloop
  endfacet
  facet normal 0.668335 -0.743861 0
    outer loop
      vertex 24.9911 25.1512 0.45
      vertex 24.8345 25.0105 0
      vertex 24.9911 25.1512 0
    endloop
  endfacet
  facet normal 0.576519 -0.817084 0
    outer loop
      vertex 24.9911 25.1512 0
      vertex 25.1667 25.2751 0.45
      vertex 24.9911 25.1512 0.45
    endloop
  endfacet
  facet normal 0.576519 -0.817084 0
    outer loop
      vertex 25.1667 25.2751 0.45
      vertex 24.9911 25.1512 0
      vertex 25.1667 25.2751 0
    endloop
  endfacet
  facet normal 0.481401 -0.8765 0
    outer loop
      vertex 25.1667 25.2751 0
      vertex 25.3617 25.3822 0.45
      vertex 25.1667 25.2751 0.45
    endloop
  endfacet
  facet normal 0.481401 -0.8765 0
    outer loop
      vertex 25.3617 25.3822 0.45
      vertex 25.1667 25.2751 0
      vertex 25.3617 25.3822 0
    endloop
  endfacet
  facet normal 0.388172 -0.921587 0
    outer loop
      vertex 25.3617 25.3822 0
      vertex 25.5768 25.4728 0.45
      vertex 25.3617 25.3822 0.45
    endloop
  endfacet
  facet normal 0.388172 -0.921587 0
    outer loop
      vertex 25.5768 25.4728 0.45
      vertex 25.3617 25.3822 0
      vertex 25.5768 25.4728 0
    endloop
  endfacet
  facet normal 0.300491 -0.953785 0
    outer loop
      vertex 25.5768 25.4728 0
      vertex 25.812 25.5469 0.45
      vertex 25.5768 25.4728 0.45
    endloop
  endfacet
  facet normal 0.300491 -0.953785 0
    outer loop
      vertex 25.812 25.5469 0.45
      vertex 25.5768 25.4728 0
      vertex 25.812 25.5469 0
    endloop
  endfacet
  facet normal 0.220448 -0.975399 0
    outer loop
      vertex 25.812 25.5469 0
      vertex 26.0673 25.6046 0.45
      vertex 25.812 25.5469 0.45
    endloop
  endfacet
  facet normal 0.220448 -0.975399 0
    outer loop
      vertex 26.0673 25.6046 0.45
      vertex 25.812 25.5469 0
      vertex 26.0673 25.6046 0
    endloop
  endfacet
  facet normal 0.147655 -0.989039 0
    outer loop
      vertex 26.0673 25.6046 0
      vertex 26.3426 25.6457 0.45
      vertex 26.0673 25.6046 0.45
    endloop
  endfacet
  facet normal 0.147655 -0.989039 0
    outer loop
      vertex 26.3426 25.6457 0.45
      vertex 26.0673 25.6046 0
      vertex 26.3426 25.6457 0
    endloop
  endfacet
  facet normal 0.0836597 -0.996494 0
    outer loop
      vertex 26.3426 25.6457 0
      vertex 26.638 25.6705 0.45
      vertex 26.3426 25.6457 0.45
    endloop
  endfacet
  facet normal 0.0836597 -0.996494 0
    outer loop
      vertex 26.638 25.6705 0.45
      vertex 26.3426 25.6457 0
      vertex 26.638 25.6705 0
    endloop
  endfacet
  facet normal 0.0259735 -0.999663 0
    outer loop
      vertex 26.638 25.6705 0
      vertex 26.9536 25.6787 0.45
      vertex 26.638 25.6705 0.45
    endloop
  endfacet
  facet normal 0.0259735 -0.999663 0
    outer loop
      vertex 26.9536 25.6787 0.45
      vertex 26.638 25.6705 0
      vertex 26.9536 25.6787 0
    endloop
  endfacet
  facet normal -0.0272837 -0.999628 0
    outer loop
      vertex 26.9536 25.6787 0
      vertex 27.298 25.6693 0.45
      vertex 26.9536 25.6787 0.45
    endloop
  endfacet
  facet normal -0.0272837 -0.999628 -0
    outer loop
      vertex 27.298 25.6693 0.45
      vertex 26.9536 25.6787 0
      vertex 27.298 25.6693 0
    endloop
  endfacet
  facet normal -0.0878393 -0.996135 0
    outer loop
      vertex 50.1895 25.6693 0
      vertex 50.5093 25.6411 0.45
      vertex 50.1895 25.6693 0.45
    endloop
  endfacet
  facet normal -0.0878393 -0.996135 -0
    outer loop
      vertex 50.5093 25.6411 0.45
      vertex 50.1895 25.6693 0
      vertex 50.5093 25.6411 0
    endloop
  endfacet
  facet normal -0.157234 -0.987561 0
    outer loop
      vertex 50.5093 25.6411 0
      vertex 50.8045 25.5941 0.45
      vertex 50.5093 25.6411 0.45
    endloop
  endfacet
  facet normal -0.157234 -0.987561 -0
    outer loop
      vertex 50.8045 25.5941 0.45
      vertex 50.5093 25.6411 0
      vertex 50.8045 25.5941 0
    endloop
  endfacet
  facet normal -0.235939 -0.971768 0
    outer loop
      vertex 50.8045 25.5941 0
      vertex 51.0751 25.5284 0.45
      vertex 50.8045 25.5941 0.45
    endloop
  endfacet
  facet normal -0.235939 -0.971768 -0
    outer loop
      vertex 51.0751 25.5284 0.45
      vertex 50.8045 25.5941 0
      vertex 51.0751 25.5284 0
    endloop
  endfacet
  facet normal -0.325327 -0.945602 0
    outer loop
      vertex 51.0751 25.5284 0
      vertex 51.321 25.4438 0.45
      vertex 51.0751 25.5284 0.45
    endloop
  endfacet
  facet normal -0.325327 -0.945602 -0
    outer loop
      vertex 51.321 25.4438 0.45
      vertex 51.0751 25.5284 0
      vertex 51.321 25.4438 0
    endloop
  endfacet
  facet normal -0.422818 -0.906215 0
    outer loop
      vertex 51.321 25.4438 0
      vertex 51.5424 25.3405 0.45
      vertex 51.321 25.4438 0.45
    endloop
  endfacet
  facet normal -0.422818 -0.906215 -0
    outer loop
      vertex 51.5424 25.3405 0.45
      vertex 51.321 25.4438 0
      vertex 51.5424 25.3405 0
    endloop
  endfacet
  facet normal -0.527707 -0.849427 0
    outer loop
      vertex 51.5424 25.3405 0
      vertex 51.7391 25.2183 0.45
      vertex 51.5424 25.3405 0.45
    endloop
  endfacet
  facet normal -0.527707 -0.849427 -0
    outer loop
      vertex 51.7391 25.2183 0.45
      vertex 51.5424 25.3405 0
      vertex 51.7391 25.2183 0
    endloop
  endfacet
  facet normal -0.63277 -0.77434 0
    outer loop
      vertex 51.7391 25.2183 0
      vertex 51.9103 25.0784 0.45
      vertex 51.7391 25.2183 0.45
    endloop
  endfacet
  facet normal -0.63277 -0.77434 -0
    outer loop
      vertex 51.9103 25.0784 0.45
      vertex 51.7391 25.2183 0
      vertex 51.9103 25.0784 0
    endloop
  endfacet
  facet normal -0.733994 -0.679156 0
    outer loop
      vertex 52.0552 24.9218 0
      vertex 51.9103 25.0784 0.45
      vertex 51.9103 25.0784 0
    endloop
  endfacet
  facet normal -0.733994 -0.679156 0
    outer loop
      vertex 51.9103 25.0784 0.45
      vertex 52.0552 24.9218 0
      vertex 52.0552 24.9218 0.45
    endloop
  endfacet
  facet normal -0.825622 -0.564223 0
    outer loop
      vertex 52.1737 24.7484 0
      vertex 52.0552 24.9218 0.45
      vertex 52.0552 24.9218 0
    endloop
  endfacet
  facet normal -0.825622 -0.564223 0
    outer loop
      vertex 52.0552 24.9218 0.45
      vertex 52.1737 24.7484 0
      vertex 52.1737 24.7484 0.45
    endloop
  endfacet
  facet normal -0.899758 -0.43639 0
    outer loop
      vertex 52.2659 24.5583 0
      vertex 52.1737 24.7484 0.45
      vertex 52.1737 24.7484 0
    endloop
  endfacet
  facet normal -0.899758 -0.43639 0
    outer loop
      vertex 52.1737 24.7484 0.45
      vertex 52.2659 24.5583 0
      vertex 52.2659 24.5583 0.45
    endloop
  endfacet
  facet normal -0.952793 -0.303622 0
    outer loop
      vertex 52.3318 24.3515 0
      vertex 52.2659 24.5583 0.45
      vertex 52.2659 24.5583 0
    endloop
  endfacet
  facet normal -0.952793 -0.303622 0
    outer loop
      vertex 52.2659 24.5583 0.45
      vertex 52.3318 24.3515 0
      vertex 52.3318 24.3515 0.45
    endloop
  endfacet
  facet normal -0.984753 -0.173961 0
    outer loop
      vertex 52.3713 24.1279 0
      vertex 52.3318 24.3515 0.45
      vertex 52.3318 24.3515 0
    endloop
  endfacet
  facet normal -0.984753 -0.173961 0
    outer loop
      vertex 52.3318 24.3515 0.45
      vertex 52.3713 24.1279 0
      vertex 52.3713 24.1279 0.45
    endloop
  endfacet
  facet normal -0.998495 -0.0548486 0
    outer loop
      vertex 52.3845 23.8876 0
      vertex 52.3713 24.1279 0.45
      vertex 52.3713 24.1279 0
    endloop
  endfacet
  facet normal -0.998495 -0.0548486 0
    outer loop
      vertex 52.3713 24.1279 0.45
      vertex 52.3845 23.8876 0
      vertex 52.3845 23.8876 0.45
    endloop
  endfacet
  facet normal -0.999755 0.0221312 0
    outer loop
      vertex 52.3822 23.7837 0
      vertex 52.3845 23.8876 0.45
      vertex 52.3845 23.8876 0
    endloop
  endfacet
  facet normal -0.999755 0.0221312 0
    outer loop
      vertex 52.3845 23.8876 0.45
      vertex 52.3822 23.7837 0
      vertex 52.3822 23.7837 0.45
    endloop
  endfacet
  facet normal -0.997578 0.0695523 0
    outer loop
      vertex 52.3752 23.6833 0
      vertex 52.3822 23.7837 0.45
      vertex 52.3822 23.7837 0
    endloop
  endfacet
  facet normal -0.997578 0.0695523 0
    outer loop
      vertex 52.3822 23.7837 0.45
      vertex 52.3752 23.6833 0
      vertex 52.3752 23.6833 0.45
    endloop
  endfacet
  facet normal -0.992911 0.118862 0
    outer loop
      vertex 52.3636 23.5864 0
      vertex 52.3752 23.6833 0.45
      vertex 52.3752 23.6833 0
    endloop
  endfacet
  facet normal -0.992911 0.118862 0
    outer loop
      vertex 52.3752 23.6833 0.45
      vertex 52.3636 23.5864 0
      vertex 52.3636 23.5864 0.45
    endloop
  endfacet
  facet normal -0.985289 0.170896 0
    outer loop
      vertex 52.3474 23.493 0
      vertex 52.3636 23.5864 0.45
      vertex 52.3636 23.5864 0
    endloop
  endfacet
  facet normal -0.985289 0.170896 0
    outer loop
      vertex 52.3636 23.5864 0.45
      vertex 52.3474 23.493 0
      vertex 52.3474 23.493 0.45
    endloop
  endfacet
  facet normal -0.974263 0.225414 0
    outer loop
      vertex 52.3266 23.4031 0
      vertex 52.3474 23.493 0.45
      vertex 52.3474 23.493 0
    endloop
  endfacet
  facet normal -0.974263 0.225414 0
    outer loop
      vertex 52.3474 23.493 0.45
      vertex 52.3266 23.4031 0
      vertex 52.3266 23.4031 0.45
    endloop
  endfacet
  facet normal -0.9591 0.283068 0
    outer loop
      vertex 52.3011 23.3167 0
      vertex 52.3266 23.4031 0.45
      vertex 52.3266 23.4031 0
    endloop
  endfacet
  facet normal -0.9591 0.283068 0
    outer loop
      vertex 52.3266 23.4031 0.45
      vertex 52.3011 23.3167 0
      vertex 52.3011 23.3167 0.45
    endloop
  endfacet
  facet normal -0.939827 0.341652 0
    outer loop
      vertex 52.271 23.2339 0
      vertex 52.3011 23.3167 0.45
      vertex 52.3011 23.3167 0
    endloop
  endfacet
  facet normal -0.939827 0.341652 0
    outer loop
      vertex 52.3011 23.3167 0.45
      vertex 52.271 23.2339 0
      vertex 52.271 23.2339 0.45
    endloop
  endfacet
  facet normal -0.917345 0.398093 0
    outer loop
      vertex 52.2365 23.1544 0
      vertex 52.271 23.2339 0.45
      vertex 52.271 23.2339 0
    endloop
  endfacet
  facet normal -0.917345 0.398093 0
    outer loop
      vertex 52.271 23.2339 0.45
      vertex 52.2365 23.1544 0
      vertex 52.2365 23.1544 0.45
    endloop
  endfacet
  facet normal -0.892074 0.45189 0
    outer loop
      vertex 52.1979 23.0782 0
      vertex 52.2365 23.1544 0.45
      vertex 52.2365 23.1544 0
    endloop
  endfacet
  facet normal -0.892074 0.45189 0
    outer loop
      vertex 52.2365 23.1544 0.45
      vertex 52.1979 23.0782 0
      vertex 52.1979 23.0782 0.45
    endloop
  endfacet
  facet normal -0.86236 0.506296 0
    outer loop
      vertex 52.1551 23.0053 0
      vertex 52.1979 23.0782 0.45
      vertex 52.1979 23.0782 0
    endloop
  endfacet
  facet normal -0.86236 0.506296 0
    outer loop
      vertex 52.1979 23.0782 0.45
      vertex 52.1551 23.0053 0
      vertex 52.1551 23.0053 0.45
    endloop
  endfacet
  facet normal -0.830213 0.557446 0
    outer loop
      vertex 52.1083 22.9356 0
      vertex 52.1551 23.0053 0.45
      vertex 52.1551 23.0053 0
    endloop
  endfacet
  facet normal -0.830213 0.557446 0
    outer loop
      vertex 52.1551 23.0053 0.45
      vertex 52.1083 22.9356 0
      vertex 52.1083 22.9356 0.45
    endloop
  endfacet
  facet normal -0.793068 0.609133 0
    outer loop
      vertex 52.0573 22.8692 0
      vertex 52.1083 22.9356 0.45
      vertex 52.1083 22.9356 0
    endloop
  endfacet
  facet normal -0.793068 0.609133 0
    outer loop
      vertex 52.1083 22.9356 0.45
      vertex 52.0573 22.8692 0
      vertex 52.0573 22.8692 0.45
    endloop
  endfacet
  facet normal -0.753758 0.657153 0
    outer loop
      vertex 52.0022 22.806 0
      vertex 52.0573 22.8692 0.45
      vertex 52.0573 22.8692 0
    endloop
  endfacet
  facet normal -0.753758 0.657153 0
    outer loop
      vertex 52.0573 22.8692 0.45
      vertex 52.0022 22.806 0
      vertex 52.0022 22.806 0.45
    endloop
  endfacet
  facet normal -0.710663 0.703533 0
    outer loop
      vertex 51.943 22.7462 0
      vertex 52.0022 22.806 0.45
      vertex 52.0022 22.806 0
    endloop
  endfacet
  facet normal -0.710663 0.703533 0
    outer loop
      vertex 52.0022 22.806 0.45
      vertex 51.943 22.7462 0
      vertex 51.943 22.7462 0.45
    endloop
  endfacet
  facet normal -0.664724 0.747089 0
    outer loop
      vertex 51.943 22.7462 0
      vertex 51.8786 22.6889 0.45
      vertex 51.943 22.7462 0.45
    endloop
  endfacet
  facet normal -0.664724 0.747089 0
    outer loop
      vertex 51.8786 22.6889 0.45
      vertex 51.943 22.7462 0
      vertex 51.8786 22.6889 0
    endloop
  endfacet
  facet normal -0.614713 0.788751 0
    outer loop
      vertex 51.8786 22.6889 0
      vertex 51.8079 22.6338 0.45
      vertex 51.8786 22.6889 0.45
    endloop
  endfacet
  facet normal -0.614713 0.788751 0
    outer loop
      vertex 51.8079 22.6338 0.45
      vertex 51.8786 22.6889 0
      vertex 51.8079 22.6338 0
    endloop
  endfacet
  facet normal -0.568932 0.822385 0
    outer loop
      vertex 51.8079 22.6338 0
      vertex 51.731 22.5806 0.45
      vertex 51.8079 22.6338 0.45
    endloop
  endfacet
  facet normal -0.568932 0.822385 0
    outer loop
      vertex 51.731 22.5806 0.45
      vertex 51.8079 22.6338 0
      vertex 51.731 22.5806 0
    endloop
  endfacet
  facet normal -0.52261 0.852572 0
    outer loop
      vertex 51.731 22.5806 0
      vertex 51.6478 22.5296 0.45
      vertex 51.731 22.5806 0.45
    endloop
  endfacet
  facet normal -0.52261 0.852572 0
    outer loop
      vertex 51.6478 22.5296 0.45
      vertex 51.731 22.5806 0
      vertex 51.6478 22.5296 0
    endloop
  endfacet
  facet normal -0.480638 0.876919 0
    outer loop
      vertex 51.6478 22.5296 0
      vertex 51.5584 22.4806 0.45
      vertex 51.6478 22.5296 0.45
    endloop
  endfacet
  facet normal -0.480638 0.876919 0
    outer loop
      vertex 51.5584 22.4806 0.45
      vertex 51.6478 22.5296 0
      vertex 51.5584 22.4806 0
    endloop
  endfacet
  facet normal -0.440068 0.897964 0
    outer loop
      vertex 51.5584 22.4806 0
      vertex 51.4627 22.4337 0.45
      vertex 51.5584 22.4806 0.45
    endloop
  endfacet
  facet normal -0.440068 0.897964 0
    outer loop
      vertex 51.4627 22.4337 0.45
      vertex 51.5584 22.4806 0
      vertex 51.4627 22.4337 0
    endloop
  endfacet
  facet normal -0.402889 0.915249 0
    outer loop
      vertex 51.4627 22.4337 0
      vertex 51.3607 22.3888 0.45
      vertex 51.4627 22.4337 0.45
    endloop
  endfacet
  facet normal -0.402889 0.915249 0
    outer loop
      vertex 51.3607 22.3888 0.45
      vertex 51.4627 22.4337 0
      vertex 51.3607 22.3888 0
    endloop
  endfacet
  facet normal -0.360175 0.932885 0
    outer loop
      vertex 51.3607 22.3888 0
      vertex 51.2457 22.3444 0.45
      vertex 51.3607 22.3888 0.45
    endloop
  endfacet
  facet normal -0.360175 0.932885 0
    outer loop
      vertex 51.2457 22.3444 0.45
      vertex 51.3607 22.3888 0
      vertex 51.2457 22.3444 0
    endloop
  endfacet
  facet normal -0.319597 0.947553 0
    outer loop
      vertex 51.2457 22.3444 0
      vertex 51.1108 22.2989 0.45
      vertex 51.2457 22.3444 0.45
    endloop
  endfacet
  facet normal -0.319597 0.947553 0
    outer loop
      vertex 51.1108 22.2989 0.45
      vertex 51.2457 22.3444 0
      vertex 51.1108 22.2989 0
    endloop
  endfacet
  facet normal -0.289165 0.957279 0
    outer loop
      vertex 51.1108 22.2989 0
      vertex 50.9562 22.2522 0.45
      vertex 51.1108 22.2989 0.45
    endloop
  endfacet
  facet normal -0.289165 0.957279 0
    outer loop
      vertex 50.9562 22.2522 0.45
      vertex 51.1108 22.2989 0
      vertex 50.9562 22.2522 0
    endloop
  endfacet
  facet normal -0.263679 0.964611 0
    outer loop
      vertex 50.9562 22.2522 0
      vertex 50.7817 22.2045 0.45
      vertex 50.9562 22.2522 0.45
    endloop
  endfacet
  facet normal -0.263679 0.964611 0
    outer loop
      vertex 50.7817 22.2045 0.45
      vertex 50.9562 22.2522 0
      vertex 50.7817 22.2045 0
    endloop
  endfacet
  facet normal -0.244062 0.96976 0
    outer loop
      vertex 50.7817 22.2045 0
      vertex 50.5874 22.1556 0.45
      vertex 50.7817 22.2045 0.45
    endloop
  endfacet
  facet normal -0.244062 0.96976 0
    outer loop
      vertex 50.5874 22.1556 0.45
      vertex 50.7817 22.2045 0
      vertex 50.5874 22.1556 0
    endloop
  endfacet
  facet normal -0.226985 0.973898 0
    outer loop
      vertex 50.5874 22.1556 0
      vertex 50.3733 22.1057 0.45
      vertex 50.5874 22.1556 0.45
    endloop
  endfacet
  facet normal -0.226985 0.973898 0
    outer loop
      vertex 50.3733 22.1057 0.45
      vertex 50.5874 22.1556 0
      vertex 50.3733 22.1057 0
    endloop
  endfacet
  facet normal -0.213348 0.976976 0
    outer loop
      vertex 50.3733 22.1057 0
      vertex 50.1393 22.0546 0.45
      vertex 50.3733 22.1057 0.45
    endloop
  endfacet
  facet normal -0.213348 0.976976 0
    outer loop
      vertex 50.1393 22.0546 0.45
      vertex 50.3733 22.1057 0
      vertex 50.1393 22.0546 0
    endloop
  endfacet
  facet normal -0.216719 0.976234 0
    outer loop
      vertex 50.1393 22.0546 0
      vertex 49.9438 22.0112 0.45
      vertex 50.1393 22.0546 0.45
    endloop
  endfacet
  facet normal -0.216719 0.976234 0
    outer loop
      vertex 49.9438 22.0112 0.45
      vertex 50.1393 22.0546 0
      vertex 49.9438 22.0112 0
    endloop
  endfacet
  facet normal -0.228175 0.97362 0
    outer loop
      vertex 49.9438 22.0112 0
      vertex 49.768 21.97 0.45
      vertex 49.9438 22.0112 0.45
    endloop
  endfacet
  facet normal -0.228175 0.97362 0
    outer loop
      vertex 49.768 21.97 0.45
      vertex 49.9438 22.0112 0
      vertex 49.768 21.97 0
    endloop
  endfacet
  facet normal -0.242974 0.970033 0
    outer loop
      vertex 49.768 21.97 0
      vertex 49.6119 21.9309 0.45
      vertex 49.768 21.97 0.45
    endloop
  endfacet
  facet normal -0.242974 0.970033 0
    outer loop
      vertex 49.6119 21.9309 0.45
      vertex 49.768 21.97 0
      vertex 49.6119 21.9309 0
    endloop
  endfacet
  facet normal -0.261979 0.965074 0
    outer loop
      vertex 49.6119 21.9309 0
      vertex 49.4756 21.8939 0.45
      vertex 49.6119 21.9309 0.45
    endloop
  endfacet
  facet normal -0.261979 0.965074 0
    outer loop
      vertex 49.4756 21.8939 0.45
      vertex 49.6119 21.9309 0
      vertex 49.4756 21.8939 0
    endloop
  endfacet
  facet normal -0.285765 0.9583 0
    outer loop
      vertex 49.4756 21.8939 0
      vertex 49.3589 21.8591 0.45
      vertex 49.4756 21.8939 0.45
    endloop
  endfacet
  facet normal -0.285765 0.9583 0
    outer loop
      vertex 49.3589 21.8591 0.45
      vertex 49.4756 21.8939 0
      vertex 49.3589 21.8591 0
    endloop
  endfacet
  facet normal -0.319163 0.9477 0
    outer loop
      vertex 49.3589 21.8591 0
      vertex 49.2621 21.8265 0.45
      vertex 49.3589 21.8591 0.45
    endloop
  endfacet
  facet normal -0.319163 0.9477 0
    outer loop
      vertex 49.2621 21.8265 0.45
      vertex 49.3589 21.8591 0
      vertex 49.2621 21.8265 0
    endloop
  endfacet
  facet normal -0.367441 0.930047 0
    outer loop
      vertex 49.2621 21.8265 0
      vertex 49.1849 21.796 0.45
      vertex 49.2621 21.8265 0.45
    endloop
  endfacet
  facet normal -0.367441 0.930047 0
    outer loop
      vertex 49.1849 21.796 0.45
      vertex 49.2621 21.8265 0
      vertex 49.1849 21.796 0
    endloop
  endfacet
  facet normal -0.423038 0.906112 0
    outer loop
      vertex 49.1849 21.796 0
      vertex 49.12 21.7657 0.45
      vertex 49.1849 21.796 0.45
    endloop
  endfacet
  facet normal -0.423038 0.906112 0
    outer loop
      vertex 49.12 21.7657 0.45
      vertex 49.1849 21.796 0
      vertex 49.12 21.7657 0
    endloop
  endfacet
  facet normal -0.471652 0.881785 0
    outer loop
      vertex 49.12 21.7657 0
      vertex 49.0598 21.7335 0.45
      vertex 49.12 21.7657 0.45
    endloop
  endfacet
  facet normal -0.471652 0.881785 0
    outer loop
      vertex 49.0598 21.7335 0.45
      vertex 49.12 21.7657 0
      vertex 49.0598 21.7335 0
    endloop
  endfacet
  facet normal -0.521948 0.852977 0
    outer loop
      vertex 49.0598 21.7335 0
      vertex 49.0044 21.6996 0.45
      vertex 49.0598 21.7335 0.45
    endloop
  endfacet
  facet normal -0.521948 0.852977 0
    outer loop
      vertex 49.0044 21.6996 0.45
      vertex 49.0598 21.7335 0
      vertex 49.0044 21.6996 0
    endloop
  endfacet
  facet normal -0.574975 0.818171 0
    outer loop
      vertex 49.0044 21.6996 0
      vertex 48.9536 21.6639 0.45
      vertex 49.0044 21.6996 0.45
    endloop
  endfacet
  facet normal -0.574975 0.818171 0
    outer loop
      vertex 48.9536 21.6639 0.45
      vertex 49.0044 21.6996 0
      vertex 48.9536 21.6639 0
    endloop
  endfacet
  facet normal -0.632871 0.774257 0
    outer loop
      vertex 48.9536 21.6639 0
      vertex 48.9076 21.6263 0.45
      vertex 48.9536 21.6639 0.45
    endloop
  endfacet
  facet normal -0.632871 0.774257 0
    outer loop
      vertex 48.9076 21.6263 0.45
      vertex 48.9536 21.6639 0
      vertex 48.9076 21.6263 0
    endloop
  endfacet
  facet normal -0.689349 0.72443 0
    outer loop
      vertex 48.9076 21.6263 0
      vertex 48.8663 21.587 0.45
      vertex 48.9076 21.6263 0.45
    endloop
  endfacet
  facet normal -0.689349 0.72443 0
    outer loop
      vertex 48.8663 21.587 0.45
      vertex 48.9076 21.6263 0
      vertex 48.8663 21.587 0
    endloop
  endfacet
  facet normal -0.74761 0.664139 0
    outer loop
      vertex 48.8297 21.5458 0
      vertex 48.8663 21.587 0.45
      vertex 48.8663 21.587 0
    endloop
  endfacet
  facet normal -0.74761 0.664139 0
    outer loop
      vertex 48.8663 21.587 0.45
      vertex 48.8297 21.5458 0
      vertex 48.8297 21.5458 0.45
    endloop
  endfacet
  facet normal -0.808576 0.588392 0
    outer loop
      vertex 48.7979 21.5021 0
      vertex 48.8297 21.5458 0.45
      vertex 48.8297 21.5458 0
    endloop
  endfacet
  facet normal -0.808576 0.588392 0
    outer loop
      vertex 48.8297 21.5458 0.45
      vertex 48.7979 21.5021 0
      vertex 48.7979 21.5021 0.45
    endloop
  endfacet
  facet normal -0.868809 0.495147 0
    outer loop
      vertex 48.771 21.4549 0
      vertex 48.7979 21.5021 0.45
      vertex 48.7979 21.5021 0
    endloop
  endfacet
  facet normal -0.868809 0.495147 0
    outer loop
      vertex 48.7979 21.5021 0.45
      vertex 48.771 21.4549 0
      vertex 48.771 21.4549 0.45
    endloop
  endfacet
  facet normal -0.917357 0.398064 0
    outer loop
      vertex 48.749 21.4042 0
      vertex 48.771 21.4549 0.45
      vertex 48.771 21.4549 0
    endloop
  endfacet
  facet normal -0.917357 0.398064 0
    outer loop
      vertex 48.771 21.4549 0.45
      vertex 48.749 21.4042 0
      vertex 48.749 21.4042 0.45
    endloop
  endfacet
  facet normal -0.953342 0.301892 0
    outer loop
      vertex 48.7319 21.3502 0
      vertex 48.749 21.4042 0.45
      vertex 48.749 21.4042 0
    endloop
  endfacet
  facet normal -0.953342 0.301892 0
    outer loop
      vertex 48.749 21.4042 0.45
      vertex 48.7319 21.3502 0
      vertex 48.7319 21.3502 0.45
    endloop
  endfacet
  facet normal -0.978224 0.207554 0
    outer loop
      vertex 48.7197 21.2927 0
      vertex 48.7319 21.3502 0.45
      vertex 48.7319 21.3502 0
    endloop
  endfacet
  facet normal -0.978224 0.207554 0
    outer loop
      vertex 48.7319 21.3502 0.45
      vertex 48.7197 21.2927 0
      vertex 48.7197 21.2927 0.45
    endloop
  endfacet
  facet normal -0.992698 0.120623 0
    outer loop
      vertex 48.7123 21.2318 0
      vertex 48.7197 21.2927 0.45
      vertex 48.7197 21.2927 0
    endloop
  endfacet
  facet normal -0.992698 0.120623 0
    outer loop
      vertex 48.7197 21.2927 0.45
      vertex 48.7123 21.2318 0
      vertex 48.7123 21.2318 0.45
    endloop
  endfacet
  facet normal -0.999306 0.0372412 0
    outer loop
      vertex 48.7099 21.1674 0
      vertex 48.7123 21.2318 0.45
      vertex 48.7123 21.2318 0
    endloop
  endfacet
  facet normal -0.999306 0.0372412 0
    outer loop
      vertex 48.7123 21.2318 0.45
      vertex 48.7099 21.1674 0
      vertex 48.7099 21.1674 0.45
    endloop
  endfacet
  facet normal -0.992552 -0.121818 0
    outer loop
      vertex 48.7329 20.98 0
      vertex 48.7099 21.1674 0.45
      vertex 48.7099 21.1674 0
    endloop
  endfacet
  facet normal -0.992552 -0.121818 0
    outer loop
      vertex 48.7099 21.1674 0.45
      vertex 48.7329 20.98 0
      vertex 48.7329 20.98 0.45
    endloop
  endfacet
  facet normal -0.917098 -0.398663 0
    outer loop
      vertex 48.8018 20.8215 0
      vertex 48.7329 20.98 0.45
      vertex 48.7329 20.98 0
    endloop
  endfacet
  facet normal -0.917098 -0.398663 0
    outer loop
      vertex 48.7329 20.98 0.45
      vertex 48.8018 20.8215 0
      vertex 48.8018 20.8215 0.45
    endloop
  endfacet
  facet normal -0.74849 -0.663146 0
    outer loop
      vertex 48.9168 20.6917 0
      vertex 48.8018 20.8215 0.45
      vertex 48.8018 20.8215 0
    endloop
  endfacet
  facet normal -0.74849 -0.663146 0
    outer loop
      vertex 48.8018 20.8215 0.45
      vertex 48.9168 20.6917 0
      vertex 48.9168 20.6917 0.45
    endloop
  endfacet
  facet normal -0.531039 -0.847347 0
    outer loop
      vertex 48.9168 20.6917 0
      vertex 49.0778 20.5908 0.45
      vertex 48.9168 20.6917 0.45
    endloop
  endfacet
  facet normal -0.531039 -0.847347 -0
    outer loop
      vertex 49.0778 20.5908 0.45
      vertex 48.9168 20.6917 0
      vertex 49.0778 20.5908 0
    endloop
  endfacet
  facet normal -0.328521 -0.944497 0
    outer loop
      vertex 49.0778 20.5908 0
      vertex 49.2848 20.5188 0.45
      vertex 49.0778 20.5908 0.45
    endloop
  endfacet
  facet normal -0.328521 -0.944497 -0
    outer loop
      vertex 49.2848 20.5188 0.45
      vertex 49.0778 20.5908 0
      vertex 49.2848 20.5188 0
    endloop
  endfacet
  facet normal -0.168758 -0.985657 0
    outer loop
      vertex 49.2848 20.5188 0
      vertex 49.5377 20.4755 0.45
      vertex 49.2848 20.5188 0.45
    endloop
  endfacet
  facet normal -0.168758 -0.985657 -0
    outer loop
      vertex 49.5377 20.4755 0.45
      vertex 49.2848 20.5188 0
      vertex 49.5377 20.4755 0
    endloop
  endfacet
  facet normal -0.0481048 -0.998842 0
    outer loop
      vertex 49.5377 20.4755 0
      vertex 49.8367 20.4611 0.45
      vertex 49.5377 20.4755 0.45
    endloop
  endfacet
  facet normal -0.0481048 -0.998842 -0
    outer loop
      vertex 49.8367 20.4611 0.45
      vertex 49.5377 20.4755 0
      vertex 49.8367 20.4611 0
    endloop
  endfacet
  facet normal 0.0266481 -0.999645 0
    outer loop
      vertex 49.8367 20.4611 0
      vertex 49.983 20.465 0.45
      vertex 49.8367 20.4611 0.45
    endloop
  endfacet
  facet normal 0.0266481 -0.999645 0
    outer loop
      vertex 49.983 20.465 0.45
      vertex 49.8367 20.4611 0
      vertex 49.983 20.465 0
    endloop
  endfacet
  facet normal 0.0869765 -0.99621 0
    outer loop
      vertex 49.983 20.465 0
      vertex 50.1193 20.4769 0.45
      vertex 49.983 20.465 0.45
    endloop
  endfacet
  facet normal 0.0869765 -0.99621 0
    outer loop
      vertex 50.1193 20.4769 0.45
      vertex 49.983 20.465 0
      vertex 50.1193 20.4769 0
    endloop
  endfacet
  facet normal 0.154234 -0.988034 0
    outer loop
      vertex 50.1193 20.4769 0
      vertex 50.2455 20.4966 0.45
      vertex 50.1193 20.4769 0.45
    endloop
  endfacet
  facet normal 0.154234 -0.988034 0
    outer loop
      vertex 50.2455 20.4966 0.45
      vertex 50.1193 20.4769 0
      vertex 50.2455 20.4966 0
    endloop
  endfacet
  facet normal 0.231696 -0.972788 0
    outer loop
      vertex 50.2455 20.4966 0
      vertex 50.3618 20.5243 0.45
      vertex 50.2455 20.4966 0.45
    endloop
  endfacet
  facet normal 0.231696 -0.972788 0
    outer loop
      vertex 50.3618 20.5243 0.45
      vertex 50.2455 20.4966 0
      vertex 50.3618 20.5243 0
    endloop
  endfacet
  facet normal 0.3173 -0.948325 0
    outer loop
      vertex 50.3618 20.5243 0
      vertex 50.4679 20.5598 0.45
      vertex 50.3618 20.5243 0.45
    endloop
  endfacet
  facet normal 0.3173 -0.948325 0
    outer loop
      vertex 50.4679 20.5598 0.45
      vertex 50.3618 20.5243 0
      vertex 50.4679 20.5598 0
    endloop
  endfacet
  facet normal 0.411231 -0.911531 0
    outer loop
      vertex 50.4679 20.5598 0
      vertex 50.5641 20.6032 0.45
      vertex 50.4679 20.5598 0.45
    endloop
  endfacet
  facet normal 0.411231 -0.911531 0
    outer loop
      vertex 50.5641 20.6032 0.45
      vertex 50.4679 20.5598 0
      vertex 50.5641 20.6032 0
    endloop
  endfacet
  facet normal 0.511852 -0.859074 0
    outer loop
      vertex 50.5641 20.6032 0
      vertex 50.6502 20.6545 0.45
      vertex 50.5641 20.6032 0.45
    endloop
  endfacet
  facet normal 0.511852 -0.859074 0
    outer loop
      vertex 50.6502 20.6545 0.45
      vertex 50.5641 20.6032 0
      vertex 50.6502 20.6545 0
    endloop
  endfacet
  facet normal 0.60787 -0.794037 0
    outer loop
      vertex 50.6502 20.6545 0
      vertex 50.7274 20.7136 0.45
      vertex 50.6502 20.6545 0.45
    endloop
  endfacet
  facet normal 0.60787 -0.794037 0
    outer loop
      vertex 50.7274 20.7136 0.45
      vertex 50.6502 20.6545 0
      vertex 50.7274 20.7136 0
    endloop
  endfacet
  facet normal 0.694539 -0.719455 0
    outer loop
      vertex 50.7274 20.7136 0
      vertex 50.7967 20.7805 0.45
      vertex 50.7274 20.7136 0.45
    endloop
  endfacet
  facet normal 0.694539 -0.719455 0
    outer loop
      vertex 50.7967 20.7805 0.45
      vertex 50.7274 20.7136 0
      vertex 50.7967 20.7805 0
    endloop
  endfacet
  facet normal 0.770675 -0.637229 0
    outer loop
      vertex 50.7967 20.7805 0.45
      vertex 50.8583 20.855 0
      vertex 50.8583 20.855 0.45
    endloop
  endfacet
  facet normal 0.770675 -0.637229 0
    outer loop
      vertex 50.8583 20.855 0
      vertex 50.7967 20.7805 0.45
      vertex 50.7967 20.7805 0
    endloop
  endfacet
  facet normal 0.837489 -0.546454 0
    outer loop
      vertex 50.8583 20.855 0.45
      vertex 50.912 20.9373 0
      vertex 50.912 20.9373 0.45
    endloop
  endfacet
  facet normal 0.837489 -0.546454 0
    outer loop
      vertex 50.912 20.9373 0
      vertex 50.8583 20.855 0.45
      vertex 50.8583 20.855 0
    endloop
  endfacet
  facet normal 0.890435 -0.455111 0
    outer loop
      vertex 50.912 20.9373 0.45
      vertex 50.958 21.0273 0
      vertex 50.958 21.0273 0.45
    endloop
  endfacet
  facet normal 0.890435 -0.455111 0
    outer loop
      vertex 50.958 21.0273 0
      vertex 50.912 20.9373 0.45
      vertex 50.912 20.9373 0
    endloop
  endfacet
  facet normal 0.93179 -0.362998 0
    outer loop
      vertex 50.958 21.0273 0.45
      vertex 50.9961 21.1251 0
      vertex 50.9961 21.1251 0.45
    endloop
  endfacet
  facet normal 0.93179 -0.362998 0
    outer loop
      vertex 50.9961 21.1251 0
      vertex 50.958 21.0273 0.45
      vertex 50.958 21.0273 0
    endloop
  endfacet
  facet normal 0.961075 -0.276286 0
    outer loop
      vertex 50.9961 21.1251 0.45
      vertex 51.0264 21.2305 0
      vertex 51.0264 21.2305 0.45
    endloop
  endfacet
  facet normal 0.961075 -0.276286 0
    outer loop
      vertex 51.0264 21.2305 0
      vertex 50.9961 21.1251 0.45
      vertex 50.9961 21.1251 0
    endloop
  endfacet
  facet normal -0.135132 -0.990828 0
    outer loop
      vertex 51.0264 21.2305 0
      vertex 52.2289 21.0665 0.45
      vertex 51.0264 21.2305 0.45
    endloop
  endfacet
  facet normal -0.135132 -0.990828 -0
    outer loop
      vertex 52.2289 21.0665 0.45
      vertex 51.0264 21.2305 0
      vertex 52.2289 21.0665 0
    endloop
  endfacet
  facet normal -0.971028 0.238967 0
    outer loop
      vertex 52.1753 20.8487 0
      vertex 52.2289 21.0665 0.45
      vertex 52.2289 21.0665 0
    endloop
  endfacet
  facet normal -0.971028 0.238967 0
    outer loop
      vertex 52.2289 21.0665 0.45
      vertex 52.1753 20.8487 0
      vertex 52.1753 20.8487 0.45
    endloop
  endfacet
  facet normal -0.943895 0.330245 0
    outer loop
      vertex 52.1055 20.6492 0
      vertex 52.1753 20.8487 0.45
      vertex 52.1753 20.8487 0
    endloop
  endfacet
  facet normal -0.943895 0.330245 0
    outer loop
      vertex 52.1753 20.8487 0.45
      vertex 52.1055 20.6492 0
      vertex 52.1055 20.6492 0.45
    endloop
  endfacet
  facet normal -0.903992 0.42755 0
    outer loop
      vertex 52.0198 20.468 0
      vertex 52.1055 20.6492 0.45
      vertex 52.1055 20.6492 0
    endloop
  endfacet
  facet normal -0.903992 0.42755 0
    outer loop
      vertex 52.1055 20.6492 0.45
      vertex 52.0198 20.468 0
      vertex 52.0198 20.468 0.45
    endloop
  endfacet
  facet normal -0.847735 0.53042 0
    outer loop
      vertex 51.918 20.3053 0
      vertex 52.0198 20.468 0.45
      vertex 52.0198 20.468 0
    endloop
  endfacet
  facet normal -0.847735 0.53042 0
    outer loop
      vertex 52.0198 20.468 0.45
      vertex 51.918 20.3053 0
      vertex 51.918 20.3053 0.45
    endloop
  endfacet
  facet normal -0.774602 0.632449 0
    outer loop
      vertex 51.8001 20.1609 0
      vertex 51.918 20.3053 0.45
      vertex 51.918 20.3053 0
    endloop
  endfacet
  facet normal -0.774602 0.632449 0
    outer loop
      vertex 51.918 20.3053 0.45
      vertex 51.8001 20.1609 0
      vertex 51.8001 20.1609 0.45
    endloop
  endfacet
  facet normal -0.685585 0.727992 0
    outer loop
      vertex 51.8001 20.1609 0
      vertex 51.6662 20.0348 0.45
      vertex 51.8001 20.1609 0.45
    endloop
  endfacet
  facet normal -0.685585 0.727992 0
    outer loop
      vertex 51.6662 20.0348 0.45
      vertex 51.8001 20.1609 0
      vertex 51.6662 20.0348 0
    endloop
  endfacet
  facet normal -0.582877 0.812561 0
    outer loop
      vertex 51.6662 20.0348 0
      vertex 51.5162 19.9272 0.45
      vertex 51.6662 20.0348 0.45
    endloop
  endfacet
  facet normal -0.582877 0.812561 0
    outer loop
      vertex 51.5162 19.9272 0.45
      vertex 51.6662 20.0348 0
      vertex 51.5162 19.9272 0
    endloop
  endfacet
  facet normal -0.475898 0.879501 0
    outer loop
      vertex 51.5162 19.9272 0
      vertex 51.3471 19.8357 0.45
      vertex 51.5162 19.9272 0.45
    endloop
  endfacet
  facet normal -0.475898 0.879501 0
    outer loop
      vertex 51.3471 19.8357 0.45
      vertex 51.5162 19.9272 0
      vertex 51.3471 19.8357 0
    endloop
  endfacet
  facet normal -0.374559 0.927203 0
    outer loop
      vertex 51.3471 19.8357 0
      vertex 51.1555 19.7583 0.45
      vertex 51.3471 19.8357 0.45
    endloop
  endfacet
  facet normal -0.374559 0.927203 0
    outer loop
      vertex 51.1555 19.7583 0.45
      vertex 51.3471 19.8357 0
      vertex 51.1555 19.7583 0
    endloop
  endfacet
  facet normal -0.283768 0.958893 0
    outer loop
      vertex 51.1555 19.7583 0
      vertex 50.9416 19.695 0.45
      vertex 51.1555 19.7583 0.45
    endloop
  endfacet
  facet normal -0.283768 0.958893 0
    outer loop
      vertex 50.9416 19.695 0.45
      vertex 51.1555 19.7583 0
      vertex 50.9416 19.695 0
    endloop
  endfacet
  facet normal -0.204153 0.978939 0
    outer loop
      vertex 50.9416 19.695 0
      vertex 50.7052 19.6457 0.45
      vertex 50.9416 19.695 0.45
    endloop
  endfacet
  facet normal -0.204153 0.978939 0
    outer loop
      vertex 50.7052 19.6457 0.45
      vertex 50.9416 19.695 0
      vertex 50.7052 19.6457 0
    endloop
  endfacet
  facet normal -0.134823 0.99087 0
    outer loop
      vertex 50.7052 19.6457 0
      vertex 50.4465 19.6105 0.45
      vertex 50.7052 19.6457 0.45
    endloop
  endfacet
  facet normal -0.134823 0.99087 0
    outer loop
      vertex 50.4465 19.6105 0.45
      vertex 50.7052 19.6457 0
      vertex 50.4465 19.6105 0
    endloop
  endfacet
  facet normal -0.0748517 0.997195 0
    outer loop
      vertex 50.4465 19.6105 0
      vertex 50.1654 19.5894 0.45
      vertex 50.4465 19.6105 0.45
    endloop
  endfacet
  facet normal -0.0748517 0.997195 0
    outer loop
      vertex 50.1654 19.5894 0.45
      vertex 50.4465 19.6105 0
      vertex 50.1654 19.5894 0
    endloop
  endfacet
  facet normal -0.0230505 0.999734 0
    outer loop
      vertex 50.1654 19.5894 0
      vertex 49.8618 19.5824 0.45
      vertex 50.1654 19.5894 0.45
    endloop
  endfacet
  facet normal -0.0230505 0.999734 0
    outer loop
      vertex 49.8618 19.5824 0.45
      vertex 50.1654 19.5894 0
      vertex 49.8618 19.5824 0
    endloop
  endfacet
  facet normal 0.0273569 0.999626 -0
    outer loop
      vertex 49.8618 19.5824 0
      vertex 49.5439 19.5911 0.45
      vertex 49.8618 19.5824 0.45
    endloop
  endfacet
  facet normal 0.0273569 0.999626 0
    outer loop
      vertex 49.5439 19.5911 0.45
      vertex 49.8618 19.5824 0
      vertex 49.5439 19.5911 0
    endloop
  endfacet
  facet normal 0.0879824 0.996122 -0
    outer loop
      vertex 49.5439 19.5911 0
      vertex 49.2484 19.6172 0.45
      vertex 49.5439 19.5911 0.45
    endloop
  endfacet
  facet normal 0.0879824 0.996122 0
    outer loop
      vertex 49.2484 19.6172 0.45
      vertex 49.5439 19.5911 0
      vertex 49.2484 19.6172 0
    endloop
  endfacet
  facet normal 0.157596 0.987504 -0
    outer loop
      vertex 49.2484 19.6172 0
      vertex 48.9752 19.6608 0.45
      vertex 49.2484 19.6172 0.45
    endloop
  endfacet
  facet normal 0.157596 0.987504 0
    outer loop
      vertex 48.9752 19.6608 0.45
      vertex 49.2484 19.6172 0
      vertex 48.9752 19.6608 0
    endloop
  endfacet
  facet normal 0.236055 0.97174 -0
    outer loop
      vertex 48.9752 19.6608 0
      vertex 48.7245 19.7217 0.45
      vertex 48.9752 19.6608 0.45
    endloop
  endfacet
  facet normal 0.236055 0.97174 0
    outer loop
      vertex 48.7245 19.7217 0.45
      vertex 48.9752 19.6608 0
      vertex 48.7245 19.7217 0
    endloop
  endfacet
  facet normal 0.324663 0.94583 -0
    outer loop
      vertex 48.7245 19.7217 0
      vertex 48.4961 19.8001 0.45
      vertex 48.7245 19.7217 0.45
    endloop
  endfacet
  facet normal 0.324663 0.94583 0
    outer loop
      vertex 48.4961 19.8001 0.45
      vertex 48.7245 19.7217 0
      vertex 48.4961 19.8001 0
    endloop
  endfacet
  facet normal 0.42168 0.906745 -0
    outer loop
      vertex 48.4961 19.8001 0
      vertex 48.2901 19.8959 0.45
      vertex 48.4961 19.8001 0.45
    endloop
  endfacet
  facet normal 0.42168 0.906745 0
    outer loop
      vertex 48.2901 19.8959 0.45
      vertex 48.4961 19.8001 0
      vertex 48.2901 19.8959 0
    endloop
  endfacet
  facet normal 0.525029 0.851085 -0
    outer loop
      vertex 48.2901 19.8959 0
      vertex 48.1066 20.0091 0.45
      vertex 48.2901 19.8959 0.45
    endloop
  endfacet
  facet normal 0.525029 0.851085 0
    outer loop
      vertex 48.1066 20.0091 0.45
      vertex 48.2901 19.8959 0
      vertex 48.1066 20.0091 0
    endloop
  endfacet
  facet normal 0.629184 0.777256 -0
    outer loop
      vertex 48.1066 20.0091 0
      vertex 47.9465 20.1387 0.45
      vertex 48.1066 20.0091 0.45
    endloop
  endfacet
  facet normal 0.629184 0.777256 0
    outer loop
      vertex 47.9465 20.1387 0.45
      vertex 48.1066 20.0091 0
      vertex 47.9465 20.1387 0
    endloop
  endfacet
  facet normal 0.730888 0.682498 0
    outer loop
      vertex 47.9465 20.1387 0.45
      vertex 47.8111 20.2837 0
      vertex 47.8111 20.2837 0.45
    endloop
  endfacet
  facet normal 0.730888 0.682498 0
    outer loop
      vertex 47.8111 20.2837 0
      vertex 47.9465 20.1387 0.45
      vertex 47.9465 20.1387 0
    endloop
  endfacet
  facet normal 0.822377 0.568943 0
    outer loop
      vertex 47.8111 20.2837 0.45
      vertex 47.7002 20.444 0
      vertex 47.7002 20.444 0.45
    endloop
  endfacet
  facet normal 0.822377 0.568943 0
    outer loop
      vertex 47.7002 20.444 0
      vertex 47.8111 20.2837 0.45
      vertex 47.8111 20.2837 0
    endloop
  endfacet
  facet normal 0.897774 0.440456 0
    outer loop
      vertex 47.7002 20.444 0.45
      vertex 47.614 20.6197 0
      vertex 47.614 20.6197 0.45
    endloop
  endfacet
  facet normal 0.897774 0.440456 0
    outer loop
      vertex 47.614 20.6197 0
      vertex 47.7002 20.444 0.45
      vertex 47.7002 20.444 0
    endloop
  endfacet
  facet normal 0.951873 0.306493 0
    outer loop
      vertex 47.614 20.6197 0.45
      vertex 47.5525 20.8107 0
      vertex 47.5525 20.8107 0.45
    endloop
  endfacet
  facet normal 0.951873 0.306493 0
    outer loop
      vertex 47.5525 20.8107 0
      vertex 47.614 20.6197 0.45
      vertex 47.614 20.6197 0
    endloop
  endfacet
  facet normal 0.984309 0.176451 0
    outer loop
      vertex 47.5525 20.8107 0.45
      vertex 47.5155 21.0171 0
      vertex 47.5155 21.0171 0.45
    endloop
  endfacet
  facet normal 0.984309 0.176451 0
    outer loop
      vertex 47.5155 21.0171 0
      vertex 47.5525 20.8107 0.45
      vertex 47.5525 20.8107 0
    endloop
  endfacet
  facet normal 0.998466 0.0553703 0
    outer loop
      vertex 47.5155 21.0171 0.45
      vertex 47.5032 21.2389 0
      vertex 47.5032 21.2389 0.45
    endloop
  endfacet
  facet normal 0.998466 0.0553703 0
    outer loop
      vertex 47.5032 21.2389 0
      vertex 47.5155 21.0171 0.45
      vertex 47.5155 21.0171 0
    endloop
  endfacet
  facet normal 0.999816 -0.0191838 0
    outer loop
      vertex 47.5032 21.2389 0.45
      vertex 47.5049 21.3275 0
      vertex 47.5049 21.3275 0.45
    endloop
  endfacet
  facet normal 0.999816 -0.0191838 0
    outer loop
      vertex 47.5049 21.3275 0
      vertex 47.5032 21.2389 0.45
      vertex 47.5032 21.2389 0
    endloop
  endfacet
  facet normal 0.998302 -0.058244 0
    outer loop
      vertex 47.5049 21.3275 0.45
      vertex 47.5099 21.4132 0
      vertex 47.5099 21.4132 0.45
    endloop
  endfacet
  facet normal 0.998302 -0.058244 0
    outer loop
      vertex 47.5099 21.4132 0
      vertex 47.5049 21.3275 0.45
      vertex 47.5049 21.3275 0
    endloop
  endfacet
  facet normal 0.994893 -0.100931 0
    outer loop
      vertex 47.5099 21.4132 0.45
      vertex 47.5183 21.496 0
      vertex 47.5183 21.496 0.45
    endloop
  endfacet
  facet normal 0.994893 -0.100931 0
    outer loop
      vertex 47.5183 21.496 0
      vertex 47.5099 21.4132 0.45
      vertex 47.5099 21.4132 0
    endloop
  endfacet
  facet normal 0.989448 -0.144888 0
    outer loop
      vertex 47.5183 21.496 0.45
      vertex 47.53 21.5759 0
      vertex 47.53 21.5759 0.45
    endloop
  endfacet
  facet normal 0.989448 -0.144888 0
    outer loop
      vertex 47.53 21.5759 0
      vertex 47.5183 21.496 0.45
      vertex 47.5183 21.496 0
    endloop
  endfacet
  facet normal 0.981549 -0.191211 0
    outer loop
      vertex 47.53 21.5759 0.45
      vertex 47.545 21.6529 0
      vertex 47.545 21.6529 0.45
    endloop
  endfacet
  facet normal 0.981549 -0.191211 0
    outer loop
      vertex 47.545 21.6529 0
      vertex 47.53 21.5759 0.45
      vertex 47.53 21.5759 0
    endloop
  endfacet
  facet normal 0.97045 -0.241301 0
    outer loop
      vertex 47.545 21.6529 0.45
      vertex 47.5634 21.7269 0
      vertex 47.5634 21.7269 0.45
    endloop
  endfacet
  facet normal 0.97045 -0.241301 0
    outer loop
      vertex 47.5634 21.7269 0
      vertex 47.545 21.6529 0.45
      vertex 47.545 21.6529 0
    endloop
  endfacet
  facet normal 0.956185 -0.292764 0
    outer loop
      vertex 47.5634 21.7269 0.45
      vertex 47.5852 21.7981 0
      vertex 47.5852 21.7981 0.45
    endloop
  endfacet
  facet normal 0.956185 -0.292764 0
    outer loop
      vertex 47.5852 21.7981 0
      vertex 47.5634 21.7269 0.45
      vertex 47.5634 21.7269 0
    endloop
  endfacet
  facet normal 0.940395 -0.340084 0
    outer loop
      vertex 47.5852 21.7981 0.45
      vertex 47.6099 21.8664 0
      vertex 47.6099 21.8664 0.45
    endloop
  endfacet
  facet normal 0.940395 -0.340084 0
    outer loop
      vertex 47.6099 21.8664 0
      vertex 47.5852 21.7981 0.45
      vertex 47.5852 21.7981 0
    endloop
  endfacet
  facet normal 0.923367 -0.383919 0
    outer loop
      vertex 47.6099 21.8664 0.45
      vertex 47.6373 21.9323 0
      vertex 47.6373 21.9323 0.45
    endloop
  endfacet
  facet normal 0.923367 -0.383919 0
    outer loop
      vertex 47.6373 21.9323 0
      vertex 47.6099 21.8664 0.45
      vertex 47.6099 21.8664 0
    endloop
  endfacet
  facet normal 0.902834 -0.429989 0
    outer loop
      vertex 47.6373 21.9323 0.45
      vertex 47.6674 21.9955 0
      vertex 47.6674 21.9955 0.45
    endloop
  endfacet
  facet normal 0.902834 -0.429989 0
    outer loop
      vertex 47.6674 21.9955 0
      vertex 47.6373 21.9323 0.45
      vertex 47.6373 21.9323 0
    endloop
  endfacet
  facet normal 0.880378 -0.474273 0
    outer loop
      vertex 47.6674 21.9955 0.45
      vertex 47.7001 22.0562 0
      vertex 47.7001 22.0562 0.45
    endloop
  endfacet
  facet normal 0.880378 -0.474273 0
    outer loop
      vertex 47.7001 22.0562 0
      vertex 47.6674 21.9955 0.45
      vertex 47.6674 21.9955 0
    endloop
  endfacet
  facet normal 0.853573 -0.520974 0
    outer loop
      vertex 47.7001 22.0562 0.45
      vertex 47.7355 22.1142 0
      vertex 47.7355 22.1142 0.45
    endloop
  endfacet
  facet normal 0.853573 -0.520974 0
    outer loop
      vertex 47.7355 22.1142 0
      vertex 47.7001 22.0562 0.45
      vertex 47.7001 22.0562 0
    endloop
  endfacet
  facet normal 0.824907 -0.565269 0
    outer loop
      vertex 47.7355 22.1142 0.45
      vertex 47.7736 22.1698 0
      vertex 47.7736 22.1698 0.45
    endloop
  endfacet
  facet normal 0.824907 -0.565269 0
    outer loop
      vertex 47.7736 22.1698 0
      vertex 47.7355 22.1142 0.45
      vertex 47.7355 22.1142 0
    endloop
  endfacet
  facet normal 0.792568 -0.609783 0
    outer loop
      vertex 47.7736 22.1698 0.45
      vertex 47.8143 22.2227 0
      vertex 47.8143 22.2227 0.45
    endloop
  endfacet
  facet normal 0.792568 -0.609783 0
    outer loop
      vertex 47.8143 22.2227 0
      vertex 47.7736 22.1698 0.45
      vertex 47.7736 22.1698 0
    endloop
  endfacet
  facet normal 0.759786 -0.650173 0
    outer loop
      vertex 47.8143 22.2227 0.45
      vertex 47.8576 22.2733 0
      vertex 47.8576 22.2733 0.45
    endloop
  endfacet
  facet normal 0.759786 -0.650173 0
    outer loop
      vertex 47.8576 22.2733 0
      vertex 47.8143 22.2227 0.45
      vertex 47.8143 22.2227 0
    endloop
  endfacet
  facet normal 0.725598 -0.688119 0
    outer loop
      vertex 47.8576 22.2733 0.45
      vertex 47.9035 22.3217 0
      vertex 47.9035 22.3217 0.45
    endloop
  endfacet
  facet normal 0.725598 -0.688119 0
    outer loop
      vertex 47.9035 22.3217 0
      vertex 47.8576 22.2733 0.45
      vertex 47.8576 22.2733 0
    endloop
  endfacet
  facet normal 0.690511 -0.723322 0
    outer loop
      vertex 47.9035 22.3217 0
      vertex 47.952 22.368 0.45
      vertex 47.9035 22.3217 0.45
    endloop
  endfacet
  facet normal 0.690511 -0.723322 0
    outer loop
      vertex 47.952 22.368 0.45
      vertex 47.9035 22.3217 0
      vertex 47.952 22.368 0
    endloop
  endfacet
  facet normal 0.654198 -0.756324 0
    outer loop
      vertex 47.952 22.368 0
      vertex 48.0031 22.4122 0.45
      vertex 47.952 22.368 0.45
    endloop
  endfacet
  facet normal 0.654198 -0.756324 0
    outer loop
      vertex 48.0031 22.4122 0.45
      vertex 47.952 22.368 0
      vertex 48.0031 22.4122 0
    endloop
  endfacet
  facet normal 0.616783 -0.787133 0
    outer loop
      vertex 48.0031 22.4122 0
      vertex 48.0567 22.4542 0.45
      vertex 48.0031 22.4122 0.45
    endloop
  endfacet
  facet normal 0.616783 -0.787133 0
    outer loop
      vertex 48.0567 22.4542 0.45
      vertex 48.0031 22.4122 0
      vertex 48.0567 22.4542 0
    endloop
  endfacet
  facet normal 0.578903 -0.815397 0
    outer loop
      vertex 48.0567 22.4542 0
      vertex 48.1129 22.4941 0.45
      vertex 48.0567 22.4542 0.45
    endloop
  endfacet
  facet normal 0.578903 -0.815397 0
    outer loop
      vertex 48.1129 22.4941 0.45
      vertex 48.0567 22.4542 0
      vertex 48.1129 22.4941 0
    endloop
  endfacet
  facet normal 0.540395 -0.841411 0
    outer loop
      vertex 48.1129 22.4941 0
      vertex 48.1716 22.5318 0.45
      vertex 48.1129 22.4941 0.45
    endloop
  endfacet
  facet normal 0.540395 -0.841411 0
    outer loop
      vertex 48.1716 22.5318 0.45
      vertex 48.1129 22.4941 0
      vertex 48.1716 22.5318 0
    endloop
  endfacet
  facet normal 0.506588 -0.862188 0
    outer loop
      vertex 48.1716 22.5318 0
      vertex 48.2327 22.5677 0.45
      vertex 48.1716 22.5318 0.45
    endloop
  endfacet
  facet normal 0.506588 -0.862188 0
    outer loop
      vertex 48.2327 22.5677 0.45
      vertex 48.1716 22.5318 0
      vertex 48.2327 22.5677 0
    endloop
  endfacet
  facet normal 0.480213 -0.877152 0
    outer loop
      vertex 48.2327 22.5677 0
      vertex 48.2959 22.6023 0.45
      vertex 48.2327 22.5677 0.45
    endloop
  endfacet
  facet normal 0.480213 -0.877152 0
    outer loop
      vertex 48.2959 22.6023 0.45
      vertex 48.2327 22.5677 0
      vertex 48.2959 22.6023 0
    endloop
  endfacet
  facet normal 0.453762 -0.891123 0
    outer loop
      vertex 48.2959 22.6023 0
      vertex 48.3611 22.6355 0.45
      vertex 48.2959 22.6023 0.45
    endloop
  endfacet
  facet normal 0.453762 -0.891123 0
    outer loop
      vertex 48.3611 22.6355 0.45
      vertex 48.2959 22.6023 0
      vertex 48.3611 22.6355 0
    endloop
  endfacet
  facet normal 0.42722 -0.904148 0
    outer loop
      vertex 48.3611 22.6355 0
      vertex 48.4284 22.6673 0.45
      vertex 48.3611 22.6355 0.45
    endloop
  endfacet
  facet normal 0.42722 -0.904148 0
    outer loop
      vertex 48.4284 22.6673 0.45
      vertex 48.3611 22.6355 0
      vertex 48.4284 22.6673 0
    endloop
  endfacet
  facet normal 0.402827 -0.915276 0
    outer loop
      vertex 48.4284 22.6673 0
      vertex 48.4977 22.6978 0.45
      vertex 48.4284 22.6673 0.45
    endloop
  endfacet
  facet normal 0.402827 -0.915276 0
    outer loop
      vertex 48.4977 22.6978 0.45
      vertex 48.4284 22.6673 0
      vertex 48.4977 22.6978 0
    endloop
  endfacet
  facet normal 0.37742 -0.926042 0
    outer loop
      vertex 48.4977 22.6978 0
      vertex 48.5691 22.7269 0.45
      vertex 48.4977 22.6978 0.45
    endloop
  endfacet
  facet normal 0.37742 -0.926042 0
    outer loop
      vertex 48.5691 22.7269 0.45
      vertex 48.4977 22.6978 0
      vertex 48.5691 22.7269 0
    endloop
  endfacet
  facet normal 0.353078 -0.935594 0
    outer loop
      vertex 48.5691 22.7269 0
      vertex 48.6425 22.7546 0.45
      vertex 48.5691 22.7269 0.45
    endloop
  endfacet
  facet normal 0.353078 -0.935594 0
    outer loop
      vertex 48.6425 22.7546 0.45
      vertex 48.5691 22.7269 0
      vertex 48.6425 22.7546 0
    endloop
  endfacet
  facet normal 0.322395 -0.946605 0
    outer loop
      vertex 48.6425 22.7546 0
      vertex 48.7253 22.7828 0.45
      vertex 48.6425 22.7546 0.45
    endloop
  endfacet
  facet normal 0.322395 -0.946605 0
    outer loop
      vertex 48.7253 22.7828 0.45
      vertex 48.6425 22.7546 0
      vertex 48.7253 22.7828 0
    endloop
  endfacet
  facet normal 0.29652 -0.955027 0
    outer loop
      vertex 48.7253 22.7828 0
      vertex 48.8245 22.8136 0.45
      vertex 48.7253 22.7828 0.45
    endloop
  endfacet
  facet normal 0.29652 -0.955027 0
    outer loop
      vertex 48.8245 22.8136 0.45
      vertex 48.7253 22.7828 0
      vertex 48.8245 22.8136 0
    endloop
  endfacet
  facet normal 0.276039 -0.961147 0
    outer loop
      vertex 48.8245 22.8136 0
      vertex 48.9401 22.8468 0.45
      vertex 48.8245 22.8136 0.45
    endloop
  endfacet
  facet normal 0.276039 -0.961147 0
    outer loop
      vertex 48.9401 22.8468 0.45
      vertex 48.8245 22.8136 0
      vertex 48.9401 22.8468 0
    endloop
  endfacet
  facet normal 0.261387 -0.965234 0
    outer loop
      vertex 48.9401 22.8468 0
      vertex 49.0723 22.8826 0.45
      vertex 48.9401 22.8468 0.45
    endloop
  endfacet
  facet normal 0.261387 -0.965234 0
    outer loop
      vertex 49.0723 22.8826 0.45
      vertex 48.9401 22.8468 0
      vertex 49.0723 22.8826 0
    endloop
  endfacet
  facet normal 0.248971 -0.968511 0
    outer loop
      vertex 49.0723 22.8826 0
      vertex 49.2209 22.9208 0.45
      vertex 49.0723 22.8826 0.45
    endloop
  endfacet
  facet normal 0.248971 -0.968511 0
    outer loop
      vertex 49.2209 22.9208 0.45
      vertex 49.0723 22.8826 0
      vertex 49.2209 22.9208 0
    endloop
  endfacet
  facet normal 0.239352 -0.970933 0
    outer loop
      vertex 49.2209 22.9208 0
      vertex 49.386 22.9615 0.45
      vertex 49.2209 22.9208 0.45
    endloop
  endfacet
  facet normal 0.239352 -0.970933 0
    outer loop
      vertex 49.386 22.9615 0.45
      vertex 49.2209 22.9208 0
      vertex 49.386 22.9615 0
    endloop
  endfacet
  facet normal 0.231427 -0.972852 0
    outer loop
      vertex 49.386 22.9615 0
      vertex 49.5676 23.0047 0.45
      vertex 49.386 22.9615 0.45
    endloop
  endfacet
  facet normal 0.231427 -0.972852 0
    outer loop
      vertex 49.5676 23.0047 0.45
      vertex 49.386 22.9615 0
      vertex 49.5676 23.0047 0
    endloop
  endfacet
  facet normal 0.203208 -0.979136 0
    outer loop
      vertex 49.5676 23.0047 0
      vertex 49.7772 23.0482 0.45
      vertex 49.5676 23.0047 0.45
    endloop
  endfacet
  facet normal 0.203208 -0.979136 0
    outer loop
      vertex 49.7772 23.0482 0.45
      vertex 49.5676 23.0047 0
      vertex 49.7772 23.0482 0
    endloop
  endfacet
  facet normal 0.214527 -0.976718 0
    outer loop
      vertex 49.7772 23.0482 0
      vertex 49.9666 23.0898 0.45
      vertex 49.7772 23.0482 0.45
    endloop
  endfacet
  facet normal 0.214527 -0.976718 0
    outer loop
      vertex 49.9666 23.0898 0.45
      vertex 49.7772 23.0482 0
      vertex 49.9666 23.0898 0
    endloop
  endfacet
  facet normal 0.229361 -0.973342 0
    outer loop
      vertex 49.9666 23.0898 0
      vertex 50.1355 23.1296 0.45
      vertex 49.9666 23.0898 0.45
    endloop
  endfacet
  facet normal 0.229361 -0.973342 0
    outer loop
      vertex 50.1355 23.1296 0.45
      vertex 49.9666 23.0898 0
      vertex 50.1355 23.1296 0
    endloop
  endfacet
  facet normal 0.246368 -0.969176 0
    outer loop
      vertex 50.1355 23.1296 0
      vertex 50.2842 23.1674 0.45
      vertex 50.1355 23.1296 0.45
    endloop
  endfacet
  facet normal 0.246368 -0.969176 0
    outer loop
      vertex 50.2842 23.1674 0.45
      vertex 50.1355 23.1296 0
      vertex 50.2842 23.1674 0
    endloop
  endfacet
  facet normal 0.270159 -0.962816 0
    outer loop
      vertex 50.2842 23.1674 0
      vertex 50.4125 23.2034 0.45
      vertex 50.2842 23.1674 0.45
    endloop
  endfacet
  facet normal 0.270159 -0.962816 0
    outer loop
      vertex 50.4125 23.2034 0.45
      vertex 50.2842 23.1674 0
      vertex 50.4125 23.2034 0
    endloop
  endfacet
  facet normal 0.300286 -0.953849 0
    outer loop
      vertex 50.4125 23.2034 0
      vertex 50.5205 23.2374 0.45
      vertex 50.4125 23.2034 0.45
    endloop
  endfacet
  facet normal 0.300286 -0.953849 0
    outer loop
      vertex 50.5205 23.2374 0.45
      vertex 50.4125 23.2034 0
      vertex 50.5205 23.2374 0
    endloop
  endfacet
  facet normal 0.34501 -0.938599 0
    outer loop
      vertex 50.5205 23.2374 0
      vertex 50.6081 23.2696 0.45
      vertex 50.5205 23.2374 0.45
    endloop
  endfacet
  facet normal 0.34501 -0.938599 0
    outer loop
      vertex 50.6081 23.2696 0.45
      vertex 50.5205 23.2374 0
      vertex 50.6081 23.2696 0
    endloop
  endfacet
  facet normal 0.396577 -0.918002 0
    outer loop
      vertex 50.6081 23.2696 0
      vertex 50.6831 23.302 0.45
      vertex 50.6081 23.2696 0.45
    endloop
  endfacet
  facet normal 0.396577 -0.918002 0
    outer loop
      vertex 50.6831 23.302 0.45
      vertex 50.6081 23.2696 0
      vertex 50.6831 23.302 0
    endloop
  endfacet
  facet normal 0.442081 -0.896975 0
    outer loop
      vertex 50.6831 23.302 0
      vertex 50.7531 23.3365 0.45
      vertex 50.6831 23.302 0.45
    endloop
  endfacet
  facet normal 0.442081 -0.896975 0
    outer loop
      vertex 50.7531 23.3365 0.45
      vertex 50.6831 23.302 0
      vertex 50.7531 23.3365 0
    endloop
  endfacet
  facet normal 0.493114 -0.869965 0
    outer loop
      vertex 50.7531 23.3365 0
      vertex 50.8182 23.3734 0.45
      vertex 50.7531 23.3365 0.45
    endloop
  endfacet
  facet normal 0.493114 -0.869965 0
    outer loop
      vertex 50.8182 23.3734 0.45
      vertex 50.7531 23.3365 0
      vertex 50.8182 23.3734 0
    endloop
  endfacet
  facet normal 0.544988 -0.838444 0
    outer loop
      vertex 50.8182 23.3734 0
      vertex 50.8782 23.4124 0.45
      vertex 50.8182 23.3734 0.45
    endloop
  endfacet
  facet normal 0.544988 -0.838444 0
    outer loop
      vertex 50.8782 23.4124 0.45
      vertex 50.8182 23.3734 0
      vertex 50.8782 23.4124 0
    endloop
  endfacet
  facet normal 0.599768 -0.800174 0
    outer loop
      vertex 50.8782 23.4124 0
      vertex 50.9333 23.4537 0.45
      vertex 50.8782 23.4124 0.45
    endloop
  endfacet
  facet normal 0.599768 -0.800174 0
    outer loop
      vertex 50.9333 23.4537 0.45
      vertex 50.8782 23.4124 0
      vertex 50.9333 23.4537 0
    endloop
  endfacet
  facet normal 0.655619 -0.755092 0
    outer loop
      vertex 50.9333 23.4537 0
      vertex 50.9834 23.4972 0.45
      vertex 50.9333 23.4537 0.45
    endloop
  endfacet
  facet normal 0.655619 -0.755092 0
    outer loop
      vertex 50.9834 23.4972 0.45
      vertex 50.9333 23.4537 0
      vertex 50.9834 23.4972 0
    endloop
  endfacet
  facet normal 0.711764 -0.702419 0
    outer loop
      vertex 50.9834 23.4972 0.45
      vertex 51.0285 23.5429 0
      vertex 51.0285 23.5429 0.45
    endloop
  endfacet
  facet normal 0.711764 -0.702419 0
    outer loop
      vertex 51.0285 23.5429 0
      vertex 50.9834 23.4972 0.45
      vertex 50.9834 23.4972 0
    endloop
  endfacet
  facet normal 0.775091 -0.63185 0
    outer loop
      vertex 51.0285 23.5429 0.45
      vertex 51.0682 23.5916 0
      vertex 51.0682 23.5916 0.45
    endloop
  endfacet
  facet normal 0.775091 -0.63185 0
    outer loop
      vertex 51.0682 23.5916 0
      vertex 51.0285 23.5429 0.45
      vertex 51.0285 23.5429 0
    endloop
  endfacet
  facet normal 0.841597 -0.540106 0
    outer loop
      vertex 51.0682 23.5916 0.45
      vertex 51.1017 23.6438 0
      vertex 51.1017 23.6438 0.45
    endloop
  endfacet
  facet normal 0.841597 -0.540106 0
    outer loop
      vertex 51.1017 23.6438 0
      vertex 51.0682 23.5916 0.45
      vertex 51.0682 23.5916 0
    endloop
  endfacet
  facet normal 0.897621 -0.440767 0
    outer loop
      vertex 51.1017 23.6438 0.45
      vertex 51.1291 23.6996 0
      vertex 51.1291 23.6996 0.45
    endloop
  endfacet
  facet normal 0.897621 -0.440767 0
    outer loop
      vertex 51.1291 23.6996 0
      vertex 51.1017 23.6438 0.45
      vertex 51.1017 23.6438 0
    endloop
  endfacet
  facet normal 0.941491 -0.337038 0
    outer loop
      vertex 51.1291 23.6996 0.45
      vertex 51.1504 23.7591 0
      vertex 51.1504 23.7591 0.45
    endloop
  endfacet
  facet normal 0.941491 -0.337038 0
    outer loop
      vertex 51.1504 23.7591 0
      vertex 51.1291 23.6996 0.45
      vertex 51.1291 23.6996 0
    endloop
  endfacet
  facet normal 0.971839 -0.235644 0
    outer loop
      vertex 51.1504 23.7591 0.45
      vertex 51.1657 23.8222 0
      vertex 51.1657 23.8222 0.45
    endloop
  endfacet
  facet normal 0.971839 -0.235644 0
    outer loop
      vertex 51.1657 23.8222 0
      vertex 51.1504 23.7591 0.45
      vertex 51.1504 23.7591 0
    endloop
  endfacet
  facet normal 0.990794 -0.135379 0
    outer loop
      vertex 51.1657 23.8222 0.45
      vertex 51.1748 23.8888 0
      vertex 51.1748 23.8888 0.45
    endloop
  endfacet
  facet normal 0.990794 -0.135379 0
    outer loop
      vertex 51.1748 23.8888 0
      vertex 51.1657 23.8222 0.45
      vertex 51.1657 23.8222 0
    endloop
  endfacet
  facet normal 0.999091 -0.0426354 0
    outer loop
      vertex 51.1748 23.8888 0.45
      vertex 51.1778 23.9591 0
      vertex 51.1778 23.9591 0.45
    endloop
  endfacet
  facet normal 0.999091 -0.0426354 0
    outer loop
      vertex 51.1778 23.9591 0
      vertex 51.1748 23.8888 0.45
      vertex 51.1748 23.8888 0
    endloop
  endfacet
  facet normal 0.99211 0.125374 0
    outer loop
      vertex 51.1778 23.9591 0.45
      vertex 51.1513 24.1688 0
      vertex 51.1513 24.1688 0.45
    endloop
  endfacet
  facet normal 0.99211 0.125374 0
    outer loop
      vertex 51.1513 24.1688 0
      vertex 51.1778 23.9591 0.45
      vertex 51.1778 23.9591 0
    endloop
  endfacet
  facet normal 0.912642 0.408761 0
    outer loop
      vertex 51.1513 24.1688 0.45
      vertex 51.0718 24.3463 0
      vertex 51.0718 24.3463 0.45
    endloop
  endfacet
  facet normal 0.912642 0.408761 0
    outer loop
      vertex 51.0718 24.3463 0
      vertex 51.1513 24.1688 0.45
      vertex 51.1513 24.1688 0
    endloop
  endfacet
  facet normal 0.738419 0.674342 0
    outer loop
      vertex 51.0718 24.3463 0.45
      vertex 50.9392 24.4915 0
      vertex 50.9392 24.4915 0.45
    endloop
  endfacet
  facet normal 0.738419 0.674342 0
    outer loop
      vertex 50.9392 24.4915 0
      vertex 51.0718 24.3463 0.45
      vertex 51.0718 24.3463 0
    endloop
  endfacet
  facet normal 0.519699 0.85435 -0
    outer loop
      vertex 50.9392 24.4915 0
      vertex 50.7536 24.6044 0.45
      vertex 50.9392 24.4915 0.45
    endloop
  endfacet
  facet normal 0.519699 0.85435 0
    outer loop
      vertex 50.7536 24.6044 0.45
      vertex 50.9392 24.4915 0
      vertex 50.7536 24.6044 0
    endloop
  endfacet
  facet normal 0.320037 0.947405 -0
    outer loop
      vertex 50.7536 24.6044 0
      vertex 50.515 24.685 0.45
      vertex 50.7536 24.6044 0.45
    endloop
  endfacet
  facet normal 0.320037 0.947405 0
    outer loop
      vertex 50.515 24.685 0.45
      vertex 50.7536 24.6044 0
      vertex 50.515 24.685 0
    endloop
  endfacet
  facet normal 0.163741 0.986503 -0
    outer loop
      vertex 50.515 24.685 0
      vertex 50.2234 24.7334 0.45
      vertex 50.515 24.685 0.45
    endloop
  endfacet
  facet normal 0.163741 0.986503 0
    outer loop
      vertex 50.2234 24.7334 0.45
      vertex 50.515 24.685 0
      vertex 50.2234 24.7334 0
    endloop
  endfacet
  facet normal 0.0469456 0.998897 -0
    outer loop
      vertex 50.2234 24.7334 0
      vertex 49.8787 24.7496 0.45
      vertex 50.2234 24.7334 0.45
    endloop
  endfacet
  facet normal 0.0469456 0.998897 0
    outer loop
      vertex 49.8787 24.7496 0.45
      vertex 50.2234 24.7334 0
      vertex 49.8787 24.7496 0
    endloop
  endfacet
  facet normal -0.0253667 0.999678 0
    outer loop
      vertex 49.8787 24.7496 0
      vertex 49.7053 24.7452 0.45
      vertex 49.8787 24.7496 0.45
    endloop
  endfacet
  facet normal -0.0253667 0.999678 0
    outer loop
      vertex 49.7053 24.7452 0.45
      vertex 49.8787 24.7496 0
      vertex 49.7053 24.7452 0
    endloop
  endfacet
  facet normal -0.0798429 0.996807 0
    outer loop
      vertex 49.7053 24.7452 0
      vertex 49.543 24.7322 0.45
      vertex 49.7053 24.7452 0.45
    endloop
  endfacet
  facet normal -0.0798429 0.996807 0
    outer loop
      vertex 49.543 24.7322 0.45
      vertex 49.7053 24.7452 0
      vertex 49.543 24.7322 0
    endloop
  endfacet
  facet normal -0.141513 0.989936 0
    outer loop
      vertex 49.543 24.7322 0
      vertex 49.3919 24.7106 0.45
      vertex 49.543 24.7322 0.45
    endloop
  endfacet
  facet normal -0.141513 0.989936 0
    outer loop
      vertex 49.3919 24.7106 0.45
      vertex 49.543 24.7322 0
      vertex 49.3919 24.7106 0
    endloop
  endfacet
  facet normal -0.212343 0.977195 0
    outer loop
      vertex 49.3919 24.7106 0
      vertex 49.252 24.6802 0.45
      vertex 49.3919 24.7106 0.45
    endloop
  endfacet
  facet normal -0.212343 0.977195 0
    outer loop
      vertex 49.252 24.6802 0.45
      vertex 49.3919 24.7106 0
      vertex 49.252 24.6802 0
    endloop
  endfacet
  facet normal -0.28912 0.957293 0
    outer loop
      vertex 49.252 24.6802 0
      vertex 49.1232 24.6413 0.45
      vertex 49.252 24.6802 0.45
    endloop
  endfacet
  facet normal -0.28912 0.957293 0
    outer loop
      vertex 49.1232 24.6413 0.45
      vertex 49.252 24.6802 0
      vertex 49.1232 24.6413 0
    endloop
  endfacet
  facet normal -0.375595 0.926784 0
    outer loop
      vertex 49.1232 24.6413 0
      vertex 49.0055 24.5936 0.45
      vertex 49.1232 24.6413 0.45
    endloop
  endfacet
  facet normal -0.375595 0.926784 0
    outer loop
      vertex 49.0055 24.5936 0.45
      vertex 49.1232 24.6413 0
      vertex 49.0055 24.5936 0
    endloop
  endfacet
  facet normal -0.467354 0.88407 0
    outer loop
      vertex 49.0055 24.5936 0
      vertex 48.899 24.5373 0.45
      vertex 49.0055 24.5936 0.45
    endloop
  endfacet
  facet normal -0.467354 0.88407 0
    outer loop
      vertex 48.899 24.5373 0.45
      vertex 49.0055 24.5936 0
      vertex 48.899 24.5373 0
    endloop
  endfacet
  facet normal -0.566128 0.824317 0
    outer loop
      vertex 48.899 24.5373 0
      vertex 48.8029 24.4713 0.45
      vertex 48.899 24.5373 0.45
    endloop
  endfacet
  facet normal -0.566128 0.824317 0
    outer loop
      vertex 48.8029 24.4713 0.45
      vertex 48.899 24.5373 0
      vertex 48.8029 24.4713 0
    endloop
  endfacet
  facet normal -0.661193 0.750216 0
    outer loop
      vertex 48.8029 24.4713 0
      vertex 48.7161 24.3948 0.45
      vertex 48.8029 24.4713 0.45
    endloop
  endfacet
  facet normal -0.661193 0.750216 0
    outer loop
      vertex 48.7161 24.3948 0.45
      vertex 48.8029 24.4713 0
      vertex 48.7161 24.3948 0
    endloop
  endfacet
  facet normal -0.747552 0.664204 0
    outer loop
      vertex 48.6388 24.3078 0
      vertex 48.7161 24.3948 0.45
      vertex 48.7161 24.3948 0
    endloop
  endfacet
  facet normal -0.747552 0.664204 0
    outer loop
      vertex 48.7161 24.3948 0.45
      vertex 48.6388 24.3078 0
      vertex 48.6388 24.3078 0.45
    endloop
  endfacet
  facet normal -0.821282 0.570522 0
    outer loop
      vertex 48.571 24.2102 0
      vertex 48.6388 24.3078 0.45
      vertex 48.6388 24.3078 0
    endloop
  endfacet
  facet normal -0.821282 0.570522 0
    outer loop
      vertex 48.6388 24.3078 0.45
      vertex 48.571 24.2102 0
      vertex 48.571 24.2102 0.45
    endloop
  endfacet
  facet normal -0.879661 0.475602 0
    outer loop
      vertex 48.5125 24.102 0
      vertex 48.571 24.2102 0.45
      vertex 48.571 24.2102 0
    endloop
  endfacet
  facet normal -0.879661 0.475602 0
    outer loop
      vertex 48.571 24.2102 0.45
      vertex 48.5125 24.102 0
      vertex 48.5125 24.102 0.45
    endloop
  endfacet
  facet normal -0.924339 0.381572 0
    outer loop
      vertex 48.4635 23.9833 0
      vertex 48.5125 24.102 0.45
      vertex 48.5125 24.102 0
    endloop
  endfacet
  facet normal -0.924339 0.381572 0
    outer loop
      vertex 48.5125 24.102 0.45
      vertex 48.4635 23.9833 0
      vertex 48.4635 23.9833 0.45
    endloop
  endfacet
  facet normal -0.956369 0.292162 0
    outer loop
      vertex 48.424 23.854 0
      vertex 48.4635 23.9833 0.45
      vertex 48.4635 23.9833 0
    endloop
  endfacet
  facet normal -0.956369 0.292162 0
    outer loop
      vertex 48.4635 23.9833 0.45
      vertex 48.424 23.854 0
      vertex 48.424 23.854 0.45
    endloop
  endfacet
  facet normal 0.162703 0.986675 -0
    outer loop
      vertex 48.424 23.854 0
      vertex 47.2257 24.0516 0.45
      vertex 48.424 23.854 0.45
    endloop
  endfacet
  facet normal 0.162703 0.986675 0
    outer loop
      vertex 47.2257 24.0516 0.45
      vertex 48.424 23.854 0
      vertex 47.2257 24.0516 0
    endloop
  endfacet
  facet normal 0.963981 -0.26597 0
    outer loop
      vertex 47.2257 24.0516 0.45
      vertex 47.288 24.2774 0
      vertex 47.288 24.2774 0.45
    endloop
  endfacet
  facet normal 0.963981 -0.26597 0
    outer loop
      vertex 47.288 24.2774 0
      vertex 47.2257 24.0516 0.45
      vertex 47.2257 24.0516 0
    endloop
  endfacet
  facet normal 0.931946 -0.362597 0
    outer loop
      vertex 47.288 24.2774 0.45
      vertex 47.3692 24.4861 0
      vertex 47.3692 24.4861 0.45
    endloop
  endfacet
  facet normal 0.931946 -0.362597 0
    outer loop
      vertex 47.3692 24.4861 0
      vertex 47.288 24.2774 0.45
      vertex 47.288 24.2774 0
    endloop
  endfacet
  facet normal 0.886717 -0.462313 0
    outer loop
      vertex 47.3692 24.4861 0.45
      vertex 47.4692 24.6779 0
      vertex 47.4692 24.6779 0.45
    endloop
  endfacet
  facet normal 0.886717 -0.462313 0
    outer loop
      vertex 47.4692 24.6779 0
      vertex 47.3692 24.4861 0.45
      vertex 47.3692 24.4861 0
    endloop
  endfacet
  facet normal 0.826627 -0.56275 0
    outer loop
      vertex 47.4692 24.6779 0.45
      vertex 47.5882 24.8527 0
      vertex 47.5882 24.8527 0.45
    endloop
  endfacet
  facet normal 0.826627 -0.56275 0
    outer loop
      vertex 47.5882 24.8527 0
      vertex 47.4692 24.6779 0.45
      vertex 47.4692 24.6779 0
    endloop
  endfacet
  facet normal 0.753227 -0.657761 0
    outer loop
      vertex 47.5882 24.8527 0.45
      vertex 47.726 25.0105 0
      vertex 47.726 25.0105 0.45
    endloop
  endfacet
  facet normal 0.753227 -0.657761 0
    outer loop
      vertex 47.726 25.0105 0
      vertex 47.5882 24.8527 0.45
      vertex 47.5882 24.8527 0
    endloop
  endfacet
  facet normal 0.668335 -0.743861 0
    outer loop
      vertex 47.726 25.0105 0
      vertex 47.8826 25.1512 0.45
      vertex 47.726 25.0105 0.45
    endloop
  endfacet
  facet normal 0.668335 -0.743861 0
    outer loop
      vertex 47.8826 25.1512 0.45
      vertex 47.726 25.0105 0
      vertex 47.8826 25.1512 0
    endloop
  endfacet
  facet normal 0.576519 -0.817084 0
    outer loop
      vertex 47.8826 25.1512 0
      vertex 48.0582 25.2751 0.45
      vertex 47.8826 25.1512 0.45
    endloop
  endfacet
  facet normal 0.576519 -0.817084 0
    outer loop
      vertex 48.0582 25.2751 0.45
      vertex 47.8826 25.1512 0
      vertex 48.0582 25.2751 0
    endloop
  endfacet
  facet normal 0.481401 -0.8765 0
    outer loop
      vertex 48.0582 25.2751 0
      vertex 48.2532 25.3822 0.45
      vertex 48.0582 25.2751 0.45
    endloop
  endfacet
  facet normal 0.481401 -0.8765 0
    outer loop
      vertex 48.2532 25.3822 0.45
      vertex 48.0582 25.2751 0
      vertex 48.2532 25.3822 0
    endloop
  endfacet
  facet normal 0.388172 -0.921587 0
    outer loop
      vertex 48.2532 25.3822 0
      vertex 48.4683 25.4728 0.45
      vertex 48.2532 25.3822 0.45
    endloop
  endfacet
  facet normal 0.388172 -0.921587 0
    outer loop
      vertex 48.4683 25.4728 0.45
      vertex 48.2532 25.3822 0
      vertex 48.4683 25.4728 0
    endloop
  endfacet
  facet normal 0.300491 -0.953785 0
    outer loop
      vertex 48.4683 25.4728 0
      vertex 48.7035 25.5469 0.45
      vertex 48.4683 25.4728 0.45
    endloop
  endfacet
  facet normal 0.300491 -0.953785 0
    outer loop
      vertex 48.7035 25.5469 0.45
      vertex 48.4683 25.4728 0
      vertex 48.7035 25.5469 0
    endloop
  endfacet
  facet normal 0.220448 -0.975399 0
    outer loop
      vertex 48.7035 25.5469 0
      vertex 48.9588 25.6046 0.45
      vertex 48.7035 25.5469 0.45
    endloop
  endfacet
  facet normal 0.220448 -0.975399 0
    outer loop
      vertex 48.9588 25.6046 0.45
      vertex 48.7035 25.5469 0
      vertex 48.9588 25.6046 0
    endloop
  endfacet
  facet normal 0.147655 -0.989039 0
    outer loop
      vertex 48.9588 25.6046 0
      vertex 49.2341 25.6457 0.45
      vertex 48.9588 25.6046 0.45
    endloop
  endfacet
  facet normal 0.147655 -0.989039 0
    outer loop
      vertex 49.2341 25.6457 0.45
      vertex 48.9588 25.6046 0
      vertex 49.2341 25.6457 0
    endloop
  endfacet
  facet normal 0.0836597 -0.996494 0
    outer loop
      vertex 49.2341 25.6457 0
      vertex 49.5295 25.6705 0.45
      vertex 49.2341 25.6457 0.45
    endloop
  endfacet
  facet normal 0.0836597 -0.996494 0
    outer loop
      vertex 49.5295 25.6705 0.45
      vertex 49.2341 25.6457 0
      vertex 49.5295 25.6705 0
    endloop
  endfacet
  facet normal 0.0259817 -0.999662 0
    outer loop
      vertex 49.5295 25.6705 0
      vertex 49.845 25.6787 0.45
      vertex 49.5295 25.6705 0.45
    endloop
  endfacet
  facet normal 0.0259817 -0.999662 0
    outer loop
      vertex 49.845 25.6787 0.45
      vertex 49.5295 25.6705 0
      vertex 49.845 25.6787 0
    endloop
  endfacet
  facet normal -0.0272758 -0.999628 0
    outer loop
      vertex 49.845 25.6787 0
      vertex 50.1895 25.6693 0.45
      vertex 49.845 25.6787 0.45
    endloop
  endfacet
  facet normal -0.0272758 -0.999628 -0
    outer loop
      vertex 50.1895 25.6693 0.45
      vertex 49.845 25.6787 0
      vertex 50.1895 25.6693 0
    endloop
  endfacet
  facet normal 0 -1 0
    outer loop
      vertex 16.5905 20.6292 0
      vertex 18.5077 20.6292 0.45
      vertex 16.5905 20.6292 0.45
    endloop
  endfacet
  facet normal 0 -1 -0
    outer loop
      vertex 18.5077 20.6292 0.45
      vertex 16.5905 20.6292 0
      vertex 18.5077 20.6292 0
    endloop
  endfacet
  facet normal -1 0 0
    outer loop
      vertex 18.5077 19.6707 0
      vertex 18.5077 20.6292 0.45
      vertex 18.5077 20.6292 0
    endloop
  endfacet
  facet normal -1 -0 0
    outer loop
      vertex 18.5077 20.6292 0.45
      vertex 18.5077 19.6707 0
      vertex 18.5077 19.6707 0.45
    endloop
  endfacet
  facet normal 0 1 -0
    outer loop
      vertex 18.5077 19.6707 0
      vertex 13.4372 19.6707 0.45
      vertex 18.5077 19.6707 0.45
    endloop
  endfacet
  facet normal 0 1 0
    outer loop
      vertex 13.4372 19.6707 0.45
      vertex 18.5077 19.6707 0
      vertex 13.4372 19.6707 0
    endloop
  endfacet
  facet normal 1 -0 0
    outer loop
      vertex 13.4372 19.6707 0.45
      vertex 13.4372 20.6292 0
      vertex 13.4372 20.6292 0.45
    endloop
  endfacet
  facet normal 1 0 0
    outer loop
      vertex 13.4372 20.6292 0
      vertex 13.4372 19.6707 0.45
      vertex 13.4372 19.6707 0
    endloop
  endfacet
  facet normal 0 -1 0
    outer loop
      vertex 13.4372 20.6292 0
      vertex 15.3502 20.6292 0.45
      vertex 13.4372 20.6292 0.45
    endloop
  endfacet
  facet normal 0 -1 -0
    outer loop
      vertex 15.3502 20.6292 0.45
      vertex 13.4372 20.6292 0
      vertex 15.3502 20.6292 0
    endloop
  endfacet
  facet normal 1 -0 0
    outer loop
      vertex 15.3502 20.6292 0.45
      vertex 15.3502 25.5946 0
      vertex 15.3502 25.5946 0.45
    endloop
  endfacet
  facet normal 1 0 0
    outer loop
      vertex 15.3502 25.5946 0
      vertex 15.3502 20.6292 0.45
      vertex 15.3502 20.6292 0
    endloop
  endfacet
  facet normal 0 -1 0
    outer loop
      vertex 15.3502 25.5946 0
      vertex 16.5905 25.5946 0.45
      vertex 15.3502 25.5946 0.45
    endloop
  endfacet
  facet normal 0 -1 -0
    outer loop
      vertex 16.5905 25.5946 0.45
      vertex 15.3502 25.5946 0
      vertex 16.5905 25.5946 0
    endloop
  endfacet
  facet normal -1 0 0
    outer loop
      vertex 16.5905 20.6292 0
      vertex 16.5905 25.5946 0.45
      vertex 16.5905 25.5946 0
    endloop
  endfacet
  facet normal -1 -0 0
    outer loop
      vertex 16.5905 25.5946 0.45
      vertex 16.5905 20.6292 0
      vertex 16.5905 20.6292 0.45
    endloop
  endfacet
  facet normal 0 1 -0
    outer loop
      vertex 23.8841 24.636 0
      vertex 20.2935 24.636 0.45
      vertex 23.8841 24.636 0.45
    endloop
  endfacet
  facet normal 0 1 0
    outer loop
      vertex 20.2935 24.636 0.45
      vertex 23.8841 24.636 0
      vertex 20.2935 24.636 0
    endloop
  endfacet
  facet normal -1 0 0
    outer loop
      vertex 20.2935 23.0762 0
      vertex 20.2935 24.636 0.45
      vertex 20.2935 24.636 0
    endloop
  endfacet
  facet normal -1 -0 0
    outer loop
      vertex 20.2935 24.636 0.45
      vertex 20.2935 23.0762 0
      vertex 20.2935 23.0762 0.45
    endloop
  endfacet
  facet normal 0 -1 0
    outer loop
      vertex 20.2935 23.0762 0
      vertex 23.4552 23.0762 0.45
      vertex 20.2935 23.0762 0.45
    endloop
  endfacet
  facet normal 0 -1 -0
    outer loop
      vertex 23.4552 23.0762 0.45
      vertex 20.2935 23.0762 0
      vertex 23.4552 23.0762 0
    endloop
  endfacet
  facet normal -1 0 0
    outer loop
      vertex 23.4552 23.0029 0
      vertex 23.4552 23.0762 0.45
      vertex 23.4552 23.0762 0
    endloop
  endfacet
  facet normal -1 -0 0
    outer loop
      vertex 23.4552 23.0762 0.45
      vertex 23.4552 23.0029 0
      vertex 23.4552 23.0029 0.45
    endloop
  endfacet
  facet normal 0 1 -0
    outer loop
      vertex 23.2055 22.1176 0
      vertex 20.2935 22.1176 0.45
      vertex 23.2055 22.1176 0.45
    endloop
  endfacet
  facet normal 0 1 0
    outer loop
      vertex 20.2935 22.1176 0.45
      vertex 23.2055 22.1176 0
      vertex 20.2935 22.1176 0
    endloop
  endfacet
  facet normal -1 0 0
    outer loop
      vertex 20.2935 20.6292 0
      vertex 20.2935 22.1176 0.45
      vertex 20.2935 22.1176 0
    endloop
  endfacet
  facet normal -1 -0 0
    outer loop
      vertex 20.2935 22.1176 0.45
      vertex 20.2935 20.6292 0
      vertex 20.2935 20.6292 0.45
    endloop
  endfacet
  facet normal 0 -1 0
    outer loop
      vertex 20.2935 20.6292 0
      vertex 23.4947 20.6292 0.45
      vertex 20.2935 20.6292 0.45
    endloop
  endfacet
  facet normal 0 -1 -0
    outer loop
      vertex 23.4947 20.6292 0.45
      vertex 20.2935 20.6292 0
      vertex 23.4947 20.6292 0
    endloop
  endfacet
  facet normal 0 1 -0
    outer loop
      vertex 23.228 19.6707 0
      vertex 19.0532 19.6707 0.45
      vertex 23.228 19.6707 0.45
    endloop
  endfacet
  facet normal 0 1 0
    outer loop
      vertex 19.0532 19.6707 0.45
      vertex 23.228 19.6707 0
      vertex 19.0532 19.6707 0
    endloop
  endfacet
  facet normal 1 -0 0
    outer loop
      vertex 19.0532 19.6707 0.45
      vertex 19.0532 25.5946 0
      vertex 19.0532 25.5946 0.45
    endloop
  endfacet
  facet normal 1 0 0
    outer loop
      vertex 19.0532 25.5946 0
      vertex 19.0532 19.6707 0.45
      vertex 19.0532 19.6707 0
    endloop
  endfacet
  facet normal 0 -1 0
    outer loop
      vertex 19.0532 25.5946 0
      vertex 23.8841 25.5946 0.45
      vertex 19.0532 25.5946 0.45
    endloop
  endfacet
  facet normal 0 -1 -0
    outer loop
      vertex 23.8841 25.5946 0.45
      vertex 19.0532 25.5946 0
      vertex 23.8841 25.5946 0
    endloop
  endfacet
  facet normal -1 0 0
    outer loop
      vertex 23.8841 24.636 0
      vertex 23.8841 25.5946 0.45
      vertex 23.8841 25.5946 0
    endloop
  endfacet
  facet normal -1 -0 0
    outer loop
      vertex 23.8841 25.5946 0.45
      vertex 23.8841 24.636 0
      vertex 23.8841 24.636 0.45
    endloop
  endfacet
  facet normal 0 1 -0
    outer loop
      vertex 34.6899 24.636 0
      vertex 31.5114 24.636 0.45
      vertex 34.6899 24.636 0.45
    endloop
  endfacet
  facet normal 0 1 0
    outer loop
      vertex 31.5114 24.636 0.45
      vertex 34.6899 24.636 0
      vertex 31.5114 24.636 0
    endloop
  endfacet
  facet normal -1 0 0
    outer loop
      vertex 31.5114 23.15 0
      vertex 31.5114 24.636 0.45
      vertex 31.5114 24.636 0
    endloop
  endfacet
  facet normal -1 -0 0
    outer loop
      vertex 31.5114 24.636 0.45
      vertex 31.5114 23.15 0
      vertex 31.5114 23.15 0.45
    endloop
  endfacet
  facet normal -1 0 0
    outer loop
      vertex 31.5114 20.75 0
      vertex 31.5114 21.65 0.45
      vertex 31.5114 21.65 0
    endloop
  endfacet
  facet normal -1 -0 0
    outer loop
      vertex 31.5114 21.65 0.45
      vertex 31.5114 20.75 0
      vertex 31.5114 20.75 0.45
    endloop
  endfacet
  facet normal 1 -0 0
    outer loop
      vertex 30.2711 23.15 0.45
      vertex 30.2711 25.5946 0
      vertex 30.2711 25.5946 0.45
    endloop
  endfacet
  facet normal 1 0 0
    outer loop
      vertex 30.2711 25.5946 0
      vertex 30.2711 23.15 0.45
      vertex 30.2711 23.15 0
    endloop
  endfacet
  facet normal 1 -0 0
    outer loop
      vertex 30.2711 20.75 0.45
      vertex 30.2711 21.65 0
      vertex 30.2711 21.65 0.45
    endloop
  endfacet
  facet normal 1 0 0
    outer loop
      vertex 30.2711 21.65 0
      vertex 30.2711 20.75 0.45
      vertex 30.2711 20.75 0
    endloop
  endfacet
  facet normal 0 -1 0
    outer loop
      vertex 30.2711 25.5946 0
      vertex 34.6899 25.5946 0.45
      vertex 30.2711 25.5946 0.45
    endloop
  endfacet
  facet normal 0 -1 -0
    outer loop
      vertex 34.6899 25.5946 0.45
      vertex 30.2711 25.5946 0
      vertex 34.6899 25.5946 0
    endloop
  endfacet
  facet normal -1 0 0
    outer loop
      vertex 34.6899 24.636 0
      vertex 34.6899 25.5946 0.45
      vertex 34.6899 25.5946 0
    endloop
  endfacet
  facet normal -1 -0 0
    outer loop
      vertex 34.6899 25.5946 0.45
      vertex 34.6899 24.636 0
      vertex 34.6899 24.636 0.45
    endloop
  endfacet
  facet normal 0 -1 0
    outer loop
      vertex 36.8121 24.081 0
      vertex 39.0698 24.081 0.45
      vertex 36.8121 24.081 0.45
    endloop
  endfacet
  facet normal 0 -1 -0
    outer loop
      vertex 39.0698 24.081 0.45
      vertex 36.8121 24.081 0
      vertex 39.0698 24.081 0
    endloop
  endfacet
  facet normal 0.944665 -0.328036 0
    outer loop
      vertex 39.0698 24.081 0.45
      vertex 39.5954 25.5946 0
      vertex 39.5954 25.5946 0.45
    endloop
  endfacet
  facet normal 0.944665 -0.328036 0
    outer loop
      vertex 39.5954 25.5946 0
      vertex 39.0698 24.081 0.45
      vertex 39.0698 24.081 0
    endloop
  endfacet
  facet normal 0 -1 0
    outer loop
      vertex 39.5954 25.5946 0
      vertex 40.8231 25.5946 0.45
      vertex 39.5954 25.5946 0.45
    endloop
  endfacet
  facet normal 0 -1 -0
    outer loop
      vertex 40.8231 25.5946 0.45
      vertex 39.5954 25.5946 0
      vertex 40.8231 25.5946 0
    endloop
  endfacet
  facet normal -0.939867 0.341541 0
    outer loop
      vertex 38.6704 19.6707 0
      vertex 40.8231 25.5946 0.45
      vertex 40.8231 25.5946 0
    endloop
  endfacet
  facet normal -0.939867 0.341541 0
    outer loop
      vertex 40.8231 25.5946 0.45
      vertex 38.6704 19.6707 0
      vertex 38.6704 19.6707 0.45
    endloop
  endfacet
  facet normal 0 1 -0
    outer loop
      vertex 38.6704 19.6707 0
      vertex 38.572 19.6707 0.45
      vertex 38.6704 19.6707 0.45
    endloop
  endfacet
  facet normal 0 1 0
    outer loop
      vertex 38.572 19.6707 0.45
      vertex 38.6704 19.6707 0
      vertex 38.572 19.6707 0
    endloop
  endfacet
  facet normal 0.939441 0.342712 0
    outer loop
      vertex 35.938 23.15 0.45
      vertex 35.0462 25.5946 0
      vertex 35.0462 25.5946 0.45
    endloop
  endfacet
  facet normal 0.939441 0.342712 0
    outer loop
      vertex 35.0462 25.5946 0
      vertex 35.938 23.15 0.45
      vertex 35.938 23.15 0
    endloop
  endfacet
  facet normal 0.939415 0.342782 0
    outer loop
      vertex 36.8136 20.75 0.45
      vertex 36.4852 21.65 0
      vertex 36.4852 21.65 0.45
    endloop
  endfacet
  facet normal 0.939415 0.342782 0
    outer loop
      vertex 36.4852 21.65 0
      vertex 36.8136 20.75 0.45
      vertex 36.8136 20.75 0
    endloop
  endfacet
  facet normal 0 -1 0
    outer loop
      vertex 35.0462 25.5946 0
      vertex 36.2865 25.5946 0.45
      vertex 35.0462 25.5946 0.45
    endloop
  endfacet
  facet normal 0 -1 -0
    outer loop
      vertex 36.2865 25.5946 0.45
      vertex 35.0462 25.5946 0
      vertex 36.2865 25.5946 0
    endloop
  endfacet
  facet normal -0.944665 -0.328036 0
    outer loop
      vertex 36.8121 24.081 0
      vertex 36.2865 25.5946 0.45
      vertex 36.2865 25.5946 0
    endloop
  endfacet
  facet normal -0.944665 -0.328036 0
    outer loop
      vertex 36.2865 25.5946 0.45
      vertex 36.8121 24.081 0
      vertex 36.8121 24.081 0.45
    endloop
  endfacet
  facet normal -0.946697 -0.322126 0
    outer loop
      vertex 37.6511 21.5057 0
      vertex 37.602 21.65 0.45
      vertex 37.602 21.65 0
    endloop
  endfacet
  facet normal -0.946697 -0.322126 0
    outer loop
      vertex 37.602 21.65 0.45
      vertex 37.6511 21.5057 0
      vertex 37.6511 21.5057 0.45
    endloop
  endfacet
  facet normal -0.947455 -0.319888 0
    outer loop
      vertex 37.7297 21.2729 0
      vertex 37.6511 21.5057 0.45
      vertex 37.6511 21.5057 0
    endloop
  endfacet
  facet normal -0.947455 -0.319888 0
    outer loop
      vertex 37.6511 21.5057 0.45
      vertex 37.7297 21.2729 0
      vertex 37.7297 21.2729 0.45
    endloop
  endfacet
  facet normal -0.9488 -0.315876 0
    outer loop
      vertex 37.7836 21.111 0
      vertex 37.7297 21.2729 0.45
      vertex 37.7297 21.2729 0
    endloop
  endfacet
  facet normal -0.9488 -0.315876 0
    outer loop
      vertex 37.7297 21.2729 0.45
      vertex 37.7836 21.111 0
      vertex 37.7836 21.111 0.45
    endloop
  endfacet
  facet normal -0.952192 -0.305499 0
    outer loop
      vertex 37.8127 21.0203 0
      vertex 37.7836 21.111 0.45
      vertex 37.7836 21.111 0
    endloop
  endfacet
  facet normal -0.952192 -0.305499 0
    outer loop
      vertex 37.7836 21.111 0.45
      vertex 37.8127 21.0203 0
      vertex 37.8127 21.0203 0.45
    endloop
  endfacet
  facet normal -0.95695 -0.290251 0
    outer loop
      vertex 37.8292 20.9659 0
      vertex 37.8127 21.0203 0.45
      vertex 37.8127 21.0203 0
    endloop
  endfacet
  facet normal -0.95695 -0.290251 0
    outer loop
      vertex 37.8127 21.0203 0.45
      vertex 37.8292 20.9659 0
      vertex 37.8292 20.9659 0.45
    endloop
  endfacet
  facet normal -0.957876 -0.287181 0
    outer loop
      vertex 37.845 20.9132 0
      vertex 37.8292 20.9659 0.45
      vertex 37.8292 20.9659 0
    endloop
  endfacet
  facet normal -0.957876 -0.287181 0
    outer loop
      vertex 37.8292 20.9659 0.45
      vertex 37.845 20.9132 0
      vertex 37.845 20.9132 0.45
    endloop
  endfacet
  facet normal -0.958855 -0.283896 0
    outer loop
      vertex 37.8601 20.8622 0
      vertex 37.845 20.9132 0.45
      vertex 37.845 20.9132 0
    endloop
  endfacet
  facet normal -0.958855 -0.283896 0
    outer loop
      vertex 37.845 20.9132 0.45
      vertex 37.8601 20.8622 0
      vertex 37.8601 20.8622 0.45
    endloop
  endfacet
  facet normal -0.959737 -0.280899 0
    outer loop
      vertex 37.8745 20.813 0
      vertex 37.8601 20.8622 0.45
      vertex 37.8601 20.8622 0
    endloop
  endfacet
  facet normal -0.959737 -0.280899 0
    outer loop
      vertex 37.8601 20.8622 0.45
      vertex 37.8745 20.813 0
      vertex 37.8745 20.813 0.45
    endloop
  endfacet
  facet normal -0.960989 -0.276587 0
    outer loop
      vertex 37.8882 20.7654 0
      vertex 37.8745 20.813 0.45
      vertex 37.8745 20.813 0
    endloop
  endfacet
  facet normal -0.960989 -0.276587 0
    outer loop
      vertex 37.8745 20.813 0.45
      vertex 37.8882 20.7654 0
      vertex 37.8882 20.7654 0.45
    endloop
  endfacet
  facet normal -0.961524 -0.274721 0
    outer loop
      vertex 37.8926 20.75 0
      vertex 37.8882 20.7654 0.45
      vertex 37.8882 20.7654 0
    endloop
  endfacet
  facet normal -0.961524 -0.274721 0
    outer loop
      vertex 37.8882 20.7654 0.45
      vertex 37.8926 20.75 0
      vertex 37.8926 20.75 0.45
    endloop
  endfacet
  facet normal 0.95653 -0.291634 0
    outer loop
      vertex 37.9879 20.7442 0.45
      vertex 38.0272 20.8731 0
      vertex 38.0272 20.8731 0.45
    endloop
  endfacet
  facet normal 0.95653 -0.291634 0
    outer loop
      vertex 38.0272 20.8731 0
      vertex 37.9879 20.7442 0.45
      vertex 37.9879 20.7442 0
    endloop
  endfacet
  facet normal 0.95352 -0.301331 0
    outer loop
      vertex 38.0272 20.8731 0.45
      vertex 38.2079 21.4449 0
      vertex 38.2079 21.4449 0.45
    endloop
  endfacet
  facet normal 0.95352 -0.301331 0
    outer loop
      vertex 38.2079 21.4449 0
      vertex 38.0272 20.8731 0.45
      vertex 38.0272 20.8731 0
    endloop
  endfacet
  facet normal 0.945889 -0.324491 0
    outer loop
      vertex 38.6135 22.6265 0.45
      vertex 38.7923 23.1477 0
      vertex 38.7923 23.1477 0.45
    endloop
  endfacet
  facet normal 0.945889 -0.324491 0
    outer loop
      vertex 38.7923 23.1477 0
      vertex 38.6135 22.6265 0.45
      vertex 38.6135 22.6265 0
    endloop
  endfacet
  facet normal 0.94585 -0.324603 0
    outer loop
      vertex 38.2079 21.4449 0.45
      vertex 38.324 21.7832 0
      vertex 38.324 21.7832 0.45
    endloop
  endfacet
  facet normal 0.94585 -0.324603 0
    outer loop
      vertex 38.324 21.7832 0
      vertex 38.2079 21.4449 0.45
      vertex 38.2079 21.4449 0
    endloop
  endfacet
  facet normal 0 1 -0
    outer loop
      vertex 38.7923 23.1477 0
      vertex 37.9357 23.1477 0.45
      vertex 38.7923 23.1477 0.45
    endloop
  endfacet
  facet normal 0 1 0
    outer loop
      vertex 37.9357 23.1477 0.45
      vertex 38.7923 23.1477 0
      vertex 37.9357 23.1477 0
    endloop
  endfacet
  facet normal -0.11555 -0.993302 0
    outer loop
      vertex 44.2933 25.666 0
      vertex 44.6191 25.6281 0.45
      vertex 44.2933 25.666 0.45
    endloop
  endfacet
  facet normal -0.11555 -0.993302 -0
    outer loop
      vertex 44.6191 25.6281 0.45
      vertex 44.2933 25.666 0
      vertex 44.6191 25.6281 0
    endloop
  endfacet
  facet normal -0.20469 -0.978827 0
    outer loop
      vertex 44.6191 25.6281 0
      vertex 44.9218 25.5648 0.45
      vertex 44.6191 25.6281 0.45
    endloop
  endfacet
  facet normal -0.20469 -0.978827 -0
    outer loop
      vertex 44.9218 25.5648 0.45
      vertex 44.6191 25.6281 0
      vertex 44.9218 25.5648 0
    endloop
  endfacet
  facet normal -0.302176 -0.953252 0
    outer loop
      vertex 44.9218 25.5648 0
      vertex 45.2013 25.4762 0.45
      vertex 44.9218 25.5648 0.45
    endloop
  endfacet
  facet normal -0.302176 -0.953252 -0
    outer loop
      vertex 45.2013 25.4762 0.45
      vertex 44.9218 25.5648 0
      vertex 45.2013 25.4762 0
    endloop
  endfacet
  facet normal -0.405709 -0.914002 0
    outer loop
      vertex 45.2013 25.4762 0
      vertex 45.4579 25.3623 0.45
      vertex 45.2013 25.4762 0.45
    endloop
  endfacet
  facet normal -0.405709 -0.914002 -0
    outer loop
      vertex 45.4579 25.3623 0.45
      vertex 45.2013 25.4762 0
      vertex 45.4579 25.3623 0
    endloop
  endfacet
  facet normal -0.512221 -0.858854 0
    outer loop
      vertex 45.4579 25.3623 0
      vertex 45.6913 25.2231 0.45
      vertex 45.4579 25.3623 0.45
    endloop
  endfacet
  facet normal -0.512221 -0.858854 -0
    outer loop
      vertex 45.6913 25.2231 0.45
      vertex 45.4579 25.3623 0
      vertex 45.6913 25.2231 0
    endloop
  endfacet
  facet normal -0.616116 -0.787655 0
    outer loop
      vertex 45.6913 25.2231 0
      vertex 45.9016 25.0586 0.45
      vertex 45.6913 25.2231 0.45
    endloop
  endfacet
  facet normal -0.616116 -0.787655 -0
    outer loop
      vertex 45.9016 25.0586 0.45
      vertex 45.6913 25.2231 0
      vertex 45.9016 25.0586 0
    endloop
  endfacet
  facet normal -0.712596 -0.701575 0
    outer loop
      vertex 46.0862 24.8711 0
      vertex 45.9016 25.0586 0.45
      vertex 45.9016 25.0586 0
    endloop
  endfacet
  facet normal -0.712596 -0.701575 0
    outer loop
      vertex 45.9016 25.0586 0.45
      vertex 46.0862 24.8711 0
      vertex 46.0862 24.8711 0.45
    endloop
  endfacet
  facet normal -0.800046 -0.599939 0
    outer loop
      vertex 46.2424 24.6628 0
      vertex 46.0862 24.8711 0.45
      vertex 46.0862 24.8711 0
    endloop
  endfacet
  facet normal -0.800046 -0.599939 0
    outer loop
      vertex 46.0862 24.8711 0.45
      vertex 46.2424 24.6628 0
      vertex 46.2424 24.6628 0.45
    endloop
  endfacet
  facet normal -0.872877 -0.487941 0
    outer loop
      vertex 46.3703 24.434 0
      vertex 46.2424 24.6628 0.45
      vertex 46.2424 24.6628 0
    endloop
  endfacet
  facet normal -0.872877 -0.487941 0
    outer loop
      vertex 46.2424 24.6628 0.45
      vertex 46.3703 24.434 0
      vertex 46.3703 24.434 0.45
    endloop
  endfacet
  facet normal -0.92904 -0.369978 0
    outer loop
      vertex 46.4697 24.1844 0
      vertex 46.3703 24.434 0.45
      vertex 46.3703 24.434 0
    endloop
  endfacet
  facet normal -0.92904 -0.369978 0
    outer loop
      vertex 46.3703 24.434 0.45
      vertex 46.4697 24.1844 0
      vertex 46.4697 24.1844 0.45
    endloop
  endfacet
  facet normal -0.967167 -0.254141 0
    outer loop
      vertex 46.5407 23.9142 0
      vertex 46.4697 24.1844 0.45
      vertex 46.4697 24.1844 0
    endloop
  endfacet
  facet normal -0.967167 -0.254141 0
    outer loop
      vertex 46.4697 24.1844 0.45
      vertex 46.5407 23.9142 0
      vertex 46.5407 23.9142 0.45
    endloop
  endfacet
  facet normal -0.989454 -0.144848 0
    outer loop
      vertex 46.5833 23.6232 0
      vertex 46.5407 23.9142 0.45
      vertex 46.5407 23.9142 0
    endloop
  endfacet
  facet normal -0.989454 -0.144848 0
    outer loop
      vertex 46.5407 23.9142 0.45
      vertex 46.5833 23.6232 0
      vertex 46.5833 23.6232 0.45
    endloop
  endfacet
  facet normal -0.998963 -0.045524 0
    outer loop
      vertex 46.5975 23.3116 0
      vertex 46.5833 23.6232 0.45
      vertex 46.5833 23.6232 0
    endloop
  endfacet
  facet normal -0.998963 -0.045524 0
    outer loop
      vertex 46.5833 23.6232 0.45
      vertex 46.5975 23.3116 0
      vertex 46.5975 23.3116 0.45
    endloop
  endfacet
  facet normal -1 0 0
    outer loop
      vertex 46.5975 19.6707 0
      vertex 46.5975 23.3116 0.45
      vertex 46.5975 23.3116 0
    endloop
  endfacet
  facet normal -1 -0 0
    outer loop
      vertex 46.5975 23.3116 0.45
      vertex 46.5975 19.6707 0
      vertex 46.5975 19.6707 0.45
    endloop
  endfacet
  facet normal 0 1 -0
    outer loop
      vertex 46.5975 19.6707 0
      vertex 45.3571 19.6707 0.45
      vertex 46.5975 19.6707 0.45
    endloop
  endfacet
  facet normal 0 1 0
    outer loop
      vertex 45.3571 19.6707 0.45
      vertex 46.5975 19.6707 0
      vertex 45.3571 19.6707 0
    endloop
  endfacet
  facet normal 1 -0 0
    outer loop
      vertex 45.3571 19.6707 0.45
      vertex 45.3571 23.236 0
      vertex 45.3571 23.236 0.45
    endloop
  endfacet
  facet normal 1 0 0
    outer loop
      vertex 45.3571 23.236 0
      vertex 45.3571 19.6707 0.45
      vertex 45.3571 19.6707 0
    endloop
  endfacet
  facet normal 0.999327 0.0366726 0
    outer loop
      vertex 45.3571 23.236 0.45
      vertex 45.3499 23.4322 0
      vertex 45.3499 23.4322 0.45
    endloop
  endfacet
  facet normal 0.999327 0.0366726 0
    outer loop
      vertex 45.3499 23.4322 0
      vertex 45.3571 23.236 0.45
      vertex 45.3571 23.236 0
    endloop
  endfacet
  facet normal 0.9929 0.118952 0
    outer loop
      vertex 45.3499 23.4322 0.45
      vertex 45.328 23.615 0
      vertex 45.328 23.615 0.45
    endloop
  endfacet
  facet normal 0.9929 0.118952 0
    outer loop
      vertex 45.328 23.615 0
      vertex 45.3499 23.4322 0.45
      vertex 45.3499 23.4322 0
    endloop
  endfacet
  facet normal 0.977565 0.210632 0
    outer loop
      vertex 45.328 23.615 0.45
      vertex 45.2915 23.7844 0
      vertex 45.2915 23.7844 0.45
    endloop
  endfacet
  facet normal 0.977565 0.210632 0
    outer loop
      vertex 45.2915 23.7844 0
      vertex 45.328 23.615 0.45
      vertex 45.328 23.615 0
    endloop
  endfacet
  facet normal 0.950377 0.311099 0
    outer loop
      vertex 45.2915 23.7844 0.45
      vertex 45.2405 23.9402 0
      vertex 45.2405 23.9402 0.45
    endloop
  endfacet
  facet normal 0.950377 0.311099 0
    outer loop
      vertex 45.2405 23.9402 0
      vertex 45.2915 23.7844 0.45
      vertex 45.2915 23.7844 0
    endloop
  endfacet
  facet normal 0.908015 0.418937 0
    outer loop
      vertex 45.2405 23.9402 0.45
      vertex 45.1748 24.0826 0
      vertex 45.1748 24.0826 0.45
    endloop
  endfacet
  facet normal 0.908015 0.418937 0
    outer loop
      vertex 45.1748 24.0826 0
      vertex 45.2405 23.9402 0.45
      vertex 45.2405 23.9402 0
    endloop
  endfacet
  facet normal 0.849253 0.527985 0
    outer loop
      vertex 45.1748 24.0826 0.45
      vertex 45.0946 24.2116 0
      vertex 45.0946 24.2116 0.45
    endloop
  endfacet
  facet normal 0.849253 0.527985 0
    outer loop
      vertex 45.0946 24.2116 0
      vertex 45.1748 24.0826 0.45
      vertex 45.1748 24.0826 0
    endloop
  endfacet
  facet normal 0.772703 0.634768 0
    outer loop
      vertex 45.0946 24.2116 0.45
      vertex 44.9998 24.327 0
      vertex 44.9998 24.327 0.45
    endloop
  endfacet
  facet normal 0.772703 0.634768 0
    outer loop
      vertex 44.9998 24.327 0
      vertex 45.0946 24.2116 0.45
      vertex 45.0946 24.2116 0
    endloop
  endfacet
  facet normal 0.681693 0.731639 -0
    outer loop
      vertex 44.9998 24.327 0
      vertex 44.8914 24.428 0.45
      vertex 44.9998 24.327 0.45
    endloop
  endfacet
  facet normal 0.681693 0.731639 0
    outer loop
      vertex 44.8914 24.428 0.45
      vertex 44.9998 24.327 0
      vertex 44.8914 24.428 0
    endloop
  endfacet
  facet normal 0.576948 0.816781 -0
    outer loop
      vertex 44.8914 24.428 0
      vertex 44.7705 24.5134 0.45
      vertex 44.8914 24.428 0.45
    endloop
  endfacet
  facet normal 0.576948 0.816781 0
    outer loop
      vertex 44.7705 24.5134 0.45
      vertex 44.8914 24.428 0
      vertex 44.7705 24.5134 0
    endloop
  endfacet
  facet normal 0.464131 0.885767 -0
    outer loop
      vertex 44.7705 24.5134 0
      vertex 44.6371 24.5833 0.45
      vertex 44.7705 24.5134 0.45
    endloop
  endfacet
  facet normal 0.464131 0.885767 0
    outer loop
      vertex 44.6371 24.5833 0.45
      vertex 44.7705 24.5134 0
      vertex 44.6371 24.5833 0
    endloop
  endfacet
  facet normal 0.348589 0.937276 -0
    outer loop
      vertex 44.6371 24.5833 0
      vertex 44.4911 24.6376 0.45
      vertex 44.6371 24.5833 0.45
    endloop
  endfacet
  facet normal 0.348589 0.937276 0
    outer loop
      vertex 44.4911 24.6376 0.45
      vertex 44.6371 24.5833 0
      vertex 44.4911 24.6376 0
    endloop
  endfacet
  facet normal 0.238494 0.971144 -0
    outer loop
      vertex 44.4911 24.6376 0
      vertex 44.3327 24.6765 0.45
      vertex 44.4911 24.6376 0.45
    endloop
  endfacet
  facet normal 0.238494 0.971144 0
    outer loop
      vertex 44.3327 24.6765 0.45
      vertex 44.4911 24.6376 0
      vertex 44.3327 24.6765 0
    endloop
  endfacet
  facet normal 0.13501 0.990844 -0
    outer loop
      vertex 44.3327 24.6765 0
      vertex 44.1617 24.6998 0.45
      vertex 44.3327 24.6765 0.45
    endloop
  endfacet
  facet normal 0.13501 0.990844 0
    outer loop
      vertex 44.1617 24.6998 0.45
      vertex 44.3327 24.6765 0
      vertex 44.1617 24.6998 0
    endloop
  endfacet
  facet normal 0.0419022 0.999122 -0
    outer loop
      vertex 44.1617 24.6998 0
      vertex 43.9781 24.7075 0.45
      vertex 44.1617 24.6998 0.45
    endloop
  endfacet
  facet normal 0.0419022 0.999122 0
    outer loop
      vertex 43.9781 24.7075 0.45
      vertex 44.1617 24.6998 0
      vertex 43.9781 24.7075 0
    endloop
  endfacet
  facet normal -0.0413979 0.999143 0
    outer loop
      vertex 43.9781 24.7075 0
      vertex 43.7995 24.7001 0.45
      vertex 43.9781 24.7075 0.45
    endloop
  endfacet
  facet normal -0.0413979 0.999143 0
    outer loop
      vertex 43.7995 24.7001 0.45
      vertex 43.9781 24.7075 0
      vertex 43.7995 24.7001 0
    endloop
  endfacet
  facet normal -0.133299 0.991076 0
    outer loop
      vertex 43.7995 24.7001 0
      vertex 43.6337 24.6778 0.45
      vertex 43.7995 24.7001 0.45
    endloop
  endfacet
  facet normal -0.133299 0.991076 0
    outer loop
      vertex 43.6337 24.6778 0.45
      vertex 43.7995 24.7001 0
      vertex 43.6337 24.6778 0
    endloop
  endfacet
  facet normal -0.235655 0.971837 0
    outer loop
      vertex 43.6337 24.6778 0
      vertex 43.4807 24.6407 0.45
      vertex 43.6337 24.6778 0.45
    endloop
  endfacet
  facet normal -0.235655 0.971837 0
    outer loop
      vertex 43.4807 24.6407 0.45
      vertex 43.6337 24.6778 0
      vertex 43.4807 24.6407 0
    endloop
  endfacet
  facet normal -0.347162 0.937805 0
    outer loop
      vertex 43.4807 24.6407 0
      vertex 43.3405 24.5888 0.45
      vertex 43.4807 24.6407 0.45
    endloop
  endfacet
  facet normal -0.347162 0.937805 0
    outer loop
      vertex 43.3405 24.5888 0.45
      vertex 43.4807 24.6407 0
      vertex 43.3405 24.5888 0
    endloop
  endfacet
  facet normal -0.464085 0.885791 0
    outer loop
      vertex 43.3405 24.5888 0
      vertex 43.213 24.522 0.45
      vertex 43.3405 24.5888 0.45
    endloop
  endfacet
  facet normal -0.464085 0.885791 0
    outer loop
      vertex 43.213 24.522 0.45
      vertex 43.3405 24.5888 0
      vertex 43.213 24.522 0
    endloop
  endfacet
  facet normal -0.580163 0.8145 0
    outer loop
      vertex 43.213 24.522 0
      vertex 43.0983 24.4403 0.45
      vertex 43.213 24.522 0.45
    endloop
  endfacet
  facet normal -0.580163 0.8145 0
    outer loop
      vertex 43.0983 24.4403 0.45
      vertex 43.213 24.522 0
      vertex 43.0983 24.4403 0
    endloop
  endfacet
  facet normal -0.687606 0.726084 0
    outer loop
      vertex 43.0983 24.4403 0
      vertex 42.9964 24.3438 0.45
      vertex 43.0983 24.4403 0.45
    endloop
  endfacet
  facet normal -0.687606 0.726084 0
    outer loop
      vertex 42.9964 24.3438 0.45
      vertex 43.0983 24.4403 0
      vertex 42.9964 24.3438 0
    endloop
  endfacet
  facet normal -0.781006 0.624523 0
    outer loop
      vertex 42.9078 24.233 0
      vertex 42.9964 24.3438 0.45
      vertex 42.9964 24.3438 0
    endloop
  endfacet
  facet normal -0.781006 0.624523 0
    outer loop
      vertex 42.9964 24.3438 0.45
      vertex 42.9078 24.233 0
      vertex 42.9078 24.233 0.45
    endloop
  endfacet
  facet normal -0.85646 0.516213 0
    outer loop
      vertex 42.8327 24.1084 0
      vertex 42.9078 24.233 0.45
      vertex 42.9078 24.233 0
    endloop
  endfacet
  facet normal -0.85646 0.516213 0
    outer loop
      vertex 42.9078 24.233 0.45
      vertex 42.8327 24.1084 0
      vertex 42.8327 24.1084 0.45
    endloop
  endfacet
  facet normal -0.914192 0.405281 0
    outer loop
      vertex 42.7713 23.9699 0
      vertex 42.8327 24.1084 0.45
      vertex 42.8327 24.1084 0
    endloop
  endfacet
  facet normal -0.914192 0.405281 0
    outer loop
      vertex 42.8327 24.1084 0.45
      vertex 42.7713 23.9699 0
      vertex 42.7713 23.9699 0.45
    endloop
  endfacet
  facet normal -0.954234 0.29906 0
    outer loop
      vertex 42.7236 23.8177 0
      vertex 42.7713 23.9699 0.45
      vertex 42.7713 23.9699 0
    endloop
  endfacet
  facet normal -0.954234 0.29906 0
    outer loop
      vertex 42.7713 23.9699 0.45
      vertex 42.7236 23.8177 0
      vertex 42.7236 23.8177 0.45
    endloop
  endfacet
  facet normal -0.97957 0.201104 0
    outer loop
      vertex 42.6895 23.6516 0
      vertex 42.7236 23.8177 0.45
      vertex 42.7236 23.8177 0
    endloop
  endfacet
  facet normal -0.97957 0.201104 0
    outer loop
      vertex 42.7236 23.8177 0.45
      vertex 42.6895 23.6516 0
      vertex 42.6895 23.6516 0.45
    endloop
  endfacet
  facet normal -0.99357 0.113219 0
    outer loop
      vertex 42.669 23.4717 0
      vertex 42.6895 23.6516 0.45
      vertex 42.6895 23.6516 0
    endloop
  endfacet
  facet normal -0.99357 0.113219 0
    outer loop
      vertex 42.6895 23.6516 0.45
      vertex 42.669 23.4717 0
      vertex 42.669 23.4717 0.45
    endloop
  endfacet
  facet normal -0.999384 0.0350842 0
    outer loop
      vertex 42.6622 23.278 0
      vertex 42.669 23.4717 0.45
      vertex 42.669 23.4717 0
    endloop
  endfacet
  facet normal -0.999384 0.0350842 0
    outer loop
      vertex 42.669 23.4717 0.45
      vertex 42.6622 23.278 0
      vertex 42.6622 23.278 0.45
    endloop
  endfacet
  facet normal -1 0 0
    outer loop
      vertex 42.6622 19.6707 0
      vertex 42.6622 23.278 0.45
      vertex 42.6622 23.278 0
    endloop
  endfacet
  facet normal -1 -0 0
    outer loop
      vertex 42.6622 23.278 0.45
      vertex 42.6622 19.6707 0
      vertex 42.6622 19.6707 0.45
    endloop
  endfacet
  facet normal 0 1 -0
    outer loop
      vertex 42.6622 19.6707 0
      vertex 41.4219 19.6707 0.45
      vertex 42.6622 19.6707 0.45
    endloop
  endfacet
  facet normal 0 1 0
    outer loop
      vertex 41.4219 19.6707 0.45
      vertex 42.6622 19.6707 0
      vertex 41.4219 19.6707 0
    endloop
  endfacet
  facet normal 1 -0 0
    outer loop
      vertex 41.4219 19.6707 0.45
      vertex 41.4219 23.3747 0
      vertex 41.4219 23.3747 0.45
    endloop
  endfacet
  facet normal 1 0 0
    outer loop
      vertex 41.4219 23.3747 0
      vertex 41.4219 19.6707 0.45
      vertex 41.4219 19.6707 0
    endloop
  endfacet
  facet normal 0.999075 -0.042999 0
    outer loop
      vertex 41.4219 23.3747 0.45
      vertex 41.4351 23.6814 0
      vertex 41.4351 23.6814 0.45
    endloop
  endfacet
  facet normal 0.999075 -0.042999 0
    outer loop
      vertex 41.4351 23.6814 0
      vertex 41.4219 23.3747 0.45
      vertex 41.4219 23.3747 0
    endloop
  endfacet
  facet normal 0.990436 -0.137975 0
    outer loop
      vertex 41.4351 23.6814 0.45
      vertex 41.4749 23.9671 0
      vertex 41.4749 23.9671 0.45
    endloop
  endfacet
  facet normal 0.990436 -0.137975 0
    outer loop
      vertex 41.4749 23.9671 0
      vertex 41.4351 23.6814 0.45
      vertex 41.4351 23.6814 0
    endloop
  endfacet
  facet normal 0.970056 -0.24288 0
    outer loop
      vertex 41.4749 23.9671 0.45
      vertex 41.5412 24.2319 0
      vertex 41.5412 24.2319 0.45
    endloop
  endfacet
  facet normal 0.970056 -0.24288 0
    outer loop
      vertex 41.5412 24.2319 0
      vertex 41.4749 23.9671 0.45
      vertex 41.4749 23.9671 0
    endloop
  endfacet
  facet normal 0.934585 -0.35574 0
    outer loop
      vertex 41.5412 24.2319 0.45
      vertex 41.634 24.4757 0
      vertex 41.634 24.4757 0.45
    endloop
  endfacet
  facet normal 0.934585 -0.35574 0
    outer loop
      vertex 41.634 24.4757 0
      vertex 41.5412 24.2319 0.45
      vertex 41.5412 24.2319 0
    endloop
  endfacet
  facet normal 0.881662 -0.471881 0
    outer loop
      vertex 41.634 24.4757 0.45
      vertex 41.7533 24.6986 0
      vertex 41.7533 24.6986 0.45
    endloop
  endfacet
  facet normal 0.881662 -0.471881 0
    outer loop
      vertex 41.7533 24.6986 0
      vertex 41.634 24.4757 0.45
      vertex 41.634 24.4757 0
    endloop
  endfacet
  facet normal 0.810849 -0.585256 0
    outer loop
      vertex 41.7533 24.6986 0.45
      vertex 41.8991 24.9006 0
      vertex 41.8991 24.9006 0.45
    endloop
  endfacet
  facet normal 0.810849 -0.585256 0
    outer loop
      vertex 41.8991 24.9006 0
      vertex 41.7533 24.6986 0.45
      vertex 41.7533 24.6986 0
    endloop
  endfacet
  facet normal 0.72429 -0.689495 0
    outer loop
      vertex 41.8991 24.9006 0.45
      vertex 42.0715 25.0817 0
      vertex 42.0715 25.0817 0.45
    endloop
  endfacet
  facet normal 0.72429 -0.689495 0
    outer loop
      vertex 42.0715 25.0817 0
      vertex 41.8991 24.9006 0.45
      vertex 41.8991 24.9006 0
    endloop
  endfacet
  facet normal 0.626044 -0.779788 0
    outer loop
      vertex 42.0715 25.0817 0
      vertex 42.2688 25.2401 0.45
      vertex 42.0715 25.0817 0.45
    endloop
  endfacet
  facet normal 0.626044 -0.779788 0
    outer loop
      vertex 42.2688 25.2401 0.45
      vertex 42.0715 25.0817 0
      vertex 42.2688 25.2401 0
    endloop
  endfacet
  facet normal 0.518988 -0.854781 0
    outer loop
      vertex 42.2688 25.2401 0
      vertex 42.4895 25.3741 0.45
      vertex 42.2688 25.2401 0.45
    endloop
  endfacet
  facet normal 0.518988 -0.854781 0
    outer loop
      vertex 42.4895 25.3741 0.45
      vertex 42.2688 25.2401 0
      vertex 42.4895 25.3741 0
    endloop
  endfacet
  facet normal 0.409914 -0.912124 0
    outer loop
      vertex 42.4895 25.3741 0
      vertex 42.7336 25.4838 0.45
      vertex 42.4895 25.3741 0.45
    endloop
  endfacet
  facet normal 0.409914 -0.912124 0
    outer loop
      vertex 42.7336 25.4838 0.45
      vertex 42.4895 25.3741 0
      vertex 42.7336 25.4838 0
    endloop
  endfacet
  facet normal 0.30338 -0.95287 0
    outer loop
      vertex 42.7336 25.4838 0
      vertex 43.0012 25.569 0.45
      vertex 42.7336 25.4838 0.45
    endloop
  endfacet
  facet normal 0.30338 -0.95287 0
    outer loop
      vertex 43.0012 25.569 0.45
      vertex 42.7336 25.4838 0
      vertex 43.0012 25.569 0
    endloop
  endfacet
  facet normal 0.205163 -0.978728 0
    outer loop
      vertex 43.0012 25.569 0
      vertex 43.2922 25.63 0.45
      vertex 43.0012 25.569 0.45
    endloop
  endfacet
  facet normal 0.205163 -0.978728 0
    outer loop
      vertex 43.2922 25.63 0.45
      vertex 43.0012 25.569 0
      vertex 43.2922 25.63 0
    endloop
  endfacet
  facet normal 0.11532 -0.993328 0
    outer loop
      vertex 43.2922 25.63 0
      vertex 43.6066 25.6665 0.45
      vertex 43.2922 25.63 0.45
    endloop
  endfacet
  facet normal 0.11532 -0.993328 0
    outer loop
      vertex 43.6066 25.6665 0.45
      vertex 43.2922 25.63 0
      vertex 43.6066 25.6665 0
    endloop
  endfacet
  facet normal 0.0360818 -0.999349 0
    outer loop
      vertex 43.6066 25.6665 0
      vertex 43.9445 25.6787 0.45
      vertex 43.6066 25.6665 0.45
    endloop
  endfacet
  facet normal 0.0360818 -0.999349 0
    outer loop
      vertex 43.9445 25.6787 0.45
      vertex 43.6066 25.6665 0
      vertex 43.9445 25.6787 0
    endloop
  endfacet
  facet normal -0.0363864 -0.999338 0
    outer loop
      vertex 43.9445 25.6787 0
      vertex 44.2933 25.666 0.45
      vertex 43.9445 25.6787 0.45
    endloop
  endfacet
  facet normal -0.0363864 -0.999338 -0
    outer loop
      vertex 44.2933 25.666 0.45
      vertex 43.9445 25.6787 0
      vertex 44.2933 25.666 0
    endloop
  endfacet
  facet normal -0.0964269 -0.99534 0
    outer loop
      vertex 56.4246 25.5856 0
      vertex 56.7033 25.5586 0.45
      vertex 56.4246 25.5856 0.45
    endloop
  endfacet
  facet normal -0.0964269 -0.99534 -0
    outer loop
      vertex 56.7033 25.5586 0.45
      vertex 56.4246 25.5856 0
      vertex 56.7033 25.5586 0
    endloop
  endfacet
  facet normal -0.171293 -0.98522 0
    outer loop
      vertex 56.7033 25.5586 0
      vertex 56.9627 25.5135 0.45
      vertex 56.7033 25.5586 0.45
    endloop
  endfacet
  facet normal -0.171293 -0.98522 -0
    outer loop
      vertex 56.9627 25.5135 0.45
      vertex 56.7033 25.5586 0
      vertex 56.9627 25.5135 0
    endloop
  endfacet
  facet normal -0.253602 -0.967309 0
    outer loop
      vertex 56.9627 25.5135 0
      vertex 57.203 25.4505 0.45
      vertex 56.9627 25.5135 0.45
    endloop
  endfacet
  facet normal -0.253602 -0.967309 -0
    outer loop
      vertex 57.203 25.4505 0.45
      vertex 56.9627 25.5135 0
      vertex 57.203 25.4505 0
    endloop
  endfacet
  facet normal -0.344504 -0.938785 0
    outer loop
      vertex 57.203 25.4505 0
      vertex 57.424 25.3694 0.45
      vertex 57.203 25.4505 0.45
    endloop
  endfacet
  facet normal -0.344504 -0.938785 -0
    outer loop
      vertex 57.424 25.3694 0.45
      vertex 57.203 25.4505 0
      vertex 57.424 25.3694 0
    endloop
  endfacet
  facet normal -0.440797 -0.897607 0
    outer loop
      vertex 57.424 25.3694 0
      vertex 57.6258 25.2703 0.45
      vertex 57.424 25.3694 0.45
    endloop
  endfacet
  facet normal -0.440797 -0.897607 -0
    outer loop
      vertex 57.6258 25.2703 0.45
      vertex 57.424 25.3694 0
      vertex 57.6258 25.2703 0
    endloop
  endfacet
  facet normal -0.539825 -0.841777 0
    outer loop
      vertex 57.6258 25.2703 0
      vertex 57.8084 25.1532 0.45
      vertex 57.6258 25.2703 0.45
    endloop
  endfacet
  facet normal -0.539825 -0.841777 -0
    outer loop
      vertex 57.8084 25.1532 0.45
      vertex 57.6258 25.2703 0
      vertex 57.8084 25.1532 0
    endloop
  endfacet
  facet normal -0.639525 -0.76877 0
    outer loop
      vertex 57.8084 25.1532 0
      vertex 57.969 25.0196 0.45
      vertex 57.8084 25.1532 0.45
    endloop
  endfacet
  facet normal -0.639525 -0.76877 -0
    outer loop
      vertex 57.969 25.0196 0.45
      vertex 57.8084 25.1532 0
      vertex 57.969 25.0196 0
    endloop
  endfacet
  facet normal -0.73769 -0.67514 0
    outer loop
      vertex 58.105 24.871 0
      vertex 57.969 25.0196 0.45
      vertex 57.969 25.0196 0
    endloop
  endfacet
  facet normal -0.73769 -0.67514 0
    outer loop
      vertex 57.969 25.0196 0.45
      vertex 58.105 24.871 0
      vertex 58.105 24.871 0.45
    endloop
  endfacet
  facet normal -0.826719 -0.562614 0
    outer loop
      vertex 58.2162 24.7076 0
      vertex 58.105 24.871 0.45
      vertex 58.105 24.871 0
    endloop
  endfacet
  facet normal -0.826719 -0.562614 0
    outer loop
      vertex 58.105 24.871 0.45
      vertex 58.2162 24.7076 0
      vertex 58.2162 24.7076 0.45
    endloop
  endfacet
  facet normal -0.899808 -0.436286 0
    outer loop
      vertex 58.3027 24.5292 0
      vertex 58.2162 24.7076 0.45
      vertex 58.2162 24.7076 0
    endloop
  endfacet
  facet normal -0.899808 -0.436286 0
    outer loop
      vertex 58.2162 24.7076 0.45
      vertex 58.3027 24.5292 0
      vertex 58.3027 24.5292 0.45
    endloop
  endfacet
  facet normal -0.952647 -0.304078 0
    outer loop
      vertex 58.3644 24.3359 0
      vertex 58.3027 24.5292 0.45
      vertex 58.3027 24.5292 0
    endloop
  endfacet
  facet normal -0.952647 -0.304078 0
    outer loop
      vertex 58.3027 24.5292 0.45
      vertex 58.3644 24.3359 0
      vertex 58.3644 24.3359 0.45
    endloop
  endfacet
  facet normal -0.984506 -0.175349 0
    outer loop
      vertex 58.4015 24.1276 0
      vertex 58.3644 24.3359 0.45
      vertex 58.3644 24.3359 0
    endloop
  endfacet
  facet normal -0.984506 -0.175349 0
    outer loop
      vertex 58.3644 24.3359 0.45
      vertex 58.4015 24.1276 0
      vertex 58.4015 24.1276 0.45
    endloop
  endfacet
  facet normal -0.998485 -0.055024 0
    outer loop
      vertex 58.4138 23.9044 0
      vertex 58.4015 24.1276 0.45
      vertex 58.4015 24.1276 0
    endloop
  endfacet
  facet normal -0.998485 -0.055024 0
    outer loop
      vertex 58.4015 24.1276 0.45
      vertex 58.4138 23.9044 0
      vertex 58.4138 23.9044 0.45
    endloop
  endfacet
  facet normal -0.99898 0.045165 0
    outer loop
      vertex 58.4062 23.7363 0
      vertex 58.4138 23.9044 0.45
      vertex 58.4138 23.9044 0
    endloop
  endfacet
  facet normal -0.99898 0.045165 0
    outer loop
      vertex 58.4138 23.9044 0.45
      vertex 58.4062 23.7363 0
      vertex 58.4062 23.7363 0.45
    endloop
  endfacet
  facet normal -0.989533 0.144307 0
    outer loop
      vertex 58.3831 23.5779 0
      vertex 58.4062 23.7363 0.45
      vertex 58.4062 23.7363 0
    endloop
  endfacet
  facet normal -0.989533 0.144307 0
    outer loop
      vertex 58.4062 23.7363 0.45
      vertex 58.3831 23.5779 0
      vertex 58.3831 23.5779 0.45
    endloop
  endfacet
  facet normal -0.968277 0.249878 0
    outer loop
      vertex 58.3447 23.4291 0
      vertex 58.3831 23.5779 0.45
      vertex 58.3831 23.5779 0
    endloop
  endfacet
  facet normal -0.968277 0.249878 0
    outer loop
      vertex 58.3831 23.5779 0.45
      vertex 58.3447 23.4291 0
      vertex 58.3447 23.4291 0.45
    endloop
  endfacet
  facet normal -0.932808 0.360373 0
    outer loop
      vertex 58.291 23.2901 0
      vertex 58.3447 23.4291 0.45
      vertex 58.3447 23.4291 0
    endloop
  endfacet
  facet normal -0.932808 0.360373 0
    outer loop
      vertex 58.3447 23.4291 0.45
      vertex 58.291 23.2901 0
      vertex 58.291 23.2901 0.45
    endloop
  endfacet
  facet normal -0.881956 0.471332 0
    outer loop
      vertex 58.2219 23.1608 0
      vertex 58.291 23.2901 0.45
      vertex 58.291 23.2901 0
    endloop
  endfacet
  facet normal -0.881956 0.471332 0
    outer loop
      vertex 58.291 23.2901 0.45
      vertex 58.2219 23.1608 0
      vertex 58.2219 23.1608 0.45
    endloop
  endfacet
  facet normal -0.816949 0.57671 0
    outer loop
      vertex 58.1374 23.0411 0
      vertex 58.2219 23.1608 0.45
      vertex 58.2219 23.1608 0
    endloop
  endfacet
  facet normal -0.816949 0.57671 0
    outer loop
      vertex 58.2219 23.1608 0.45
      vertex 58.1374 23.0411 0
      vertex 58.1374 23.0411 0.45
    endloop
  endfacet
  facet normal -0.740306 0.67227 0
    outer loop
      vertex 58.0376 22.9312 0
      vertex 58.1374 23.0411 0.45
      vertex 58.1374 23.0411 0
    endloop
  endfacet
  facet normal -0.740306 0.67227 0
    outer loop
      vertex 58.1374 23.0411 0.45
      vertex 58.0376 22.9312 0
      vertex 58.0376 22.9312 0.45
    endloop
  endfacet
  facet normal -0.655558 0.755145 0
    outer loop
      vertex 58.0376 22.9312 0
      vertex 57.9231 22.8318 0.45
      vertex 58.0376 22.9312 0.45
    endloop
  endfacet
  facet normal -0.655558 0.755145 0
    outer loop
      vertex 57.9231 22.8318 0.45
      vertex 58.0376 22.9312 0
      vertex 57.9231 22.8318 0
    endloop
  endfacet
  facet normal -0.563716 0.825969 0
    outer loop
      vertex 57.9231 22.8318 0
      vertex 57.7946 22.7441 0.45
      vertex 57.9231 22.8318 0.45
    endloop
  endfacet
  facet normal -0.563716 0.825969 0
    outer loop
      vertex 57.7946 22.7441 0.45
      vertex 57.9231 22.8318 0
      vertex 57.7946 22.7441 0
    endloop
  endfacet
  facet normal -0.47107 0.882096 0
    outer loop
      vertex 57.7946 22.7441 0
      vertex 57.6521 22.668 0.45
      vertex 57.7946 22.7441 0.45
    endloop
  endfacet
  facet normal -0.47107 0.882096 0
    outer loop
      vertex 57.6521 22.668 0.45
      vertex 57.7946 22.7441 0
      vertex 57.6521 22.668 0
    endloop
  endfacet
  facet normal -0.38176 0.924261 0
    outer loop
      vertex 57.6521 22.668 0
      vertex 57.4957 22.6034 0.45
      vertex 57.6521 22.668 0.45
    endloop
  endfacet
  facet normal -0.38176 0.924261 0
    outer loop
      vertex 57.4957 22.6034 0.45
      vertex 57.6521 22.668 0
      vertex 57.4957 22.6034 0
    endloop
  endfacet
  facet normal -0.29684 0.954927 0
    outer loop
      vertex 57.4957 22.6034 0
      vertex 57.3252 22.5504 0.45
      vertex 57.4957 22.6034 0.45
    endloop
  endfacet
  facet normal -0.29684 0.954927 0
    outer loop
      vertex 57.3252 22.5504 0.45
      vertex 57.4957 22.6034 0
      vertex 57.3252 22.5504 0
    endloop
  endfacet
  facet normal -0.219059 0.975712 0
    outer loop
      vertex 57.3252 22.5504 0
      vertex 57.1408 22.509 0.45
      vertex 57.3252 22.5504 0.45
    endloop
  endfacet
  facet normal -0.219059 0.975712 0
    outer loop
      vertex 57.1408 22.509 0.45
      vertex 57.3252 22.5504 0
      vertex 57.1408 22.509 0
    endloop
  endfacet
  facet normal -0.148535 0.988907 0
    outer loop
      vertex 57.1408 22.509 0
      vertex 56.9424 22.4792 0.45
      vertex 57.1408 22.509 0.45
    endloop
  endfacet
  facet normal -0.148535 0.988907 0
    outer loop
      vertex 56.9424 22.4792 0.45
      vertex 57.1408 22.509 0
      vertex 56.9424 22.4792 0
    endloop
  endfacet
  facet normal -0.242971 -0.970034 0
    outer loop
      vertex 56.9424 22.4792 0
      vertex 57.0997 22.4398 0.45
      vertex 56.9424 22.4792 0.45
    endloop
  endfacet
  facet normal -0.242971 -0.970034 -0
    outer loop
      vertex 57.0997 22.4398 0.45
      vertex 56.9424 22.4792 0
      vertex 57.0997 22.4398 0
    endloop
  endfacet
  facet normal -0.317401 -0.948292 0
    outer loop
      vertex 57.0997 22.4398 0
      vertex 57.2452 22.3911 0.45
      vertex 57.0997 22.4398 0.45
    endloop
  endfacet
  facet normal -0.317401 -0.948292 -0
    outer loop
      vertex 57.2452 22.3911 0.45
      vertex 57.0997 22.4398 0
      vertex 57.2452 22.3911 0
    endloop
  endfacet
  facet normal -0.396489 -0.91804 0
    outer loop
      vertex 57.2452 22.3911 0
      vertex 57.3788 22.3334 0.45
      vertex 57.2452 22.3911 0.45
    endloop
  endfacet
  facet normal -0.396489 -0.91804 -0
    outer loop
      vertex 57.3788 22.3334 0.45
      vertex 57.2452 22.3911 0
      vertex 57.3788 22.3334 0
    endloop
  endfacet
  facet normal -0.482582 -0.875851 0
    outer loop
      vertex 57.3788 22.3334 0
      vertex 57.5004 22.2664 0.45
      vertex 57.3788 22.3334 0.45
    endloop
  endfacet
  facet normal -0.482582 -0.875851 -0
    outer loop
      vertex 57.5004 22.2664 0.45
      vertex 57.3788 22.3334 0
      vertex 57.5004 22.2664 0
    endloop
  endfacet
  facet normal -0.569989 -0.821653 0
    outer loop
      vertex 57.5004 22.2664 0
      vertex 57.6101 22.1903 0.45
      vertex 57.5004 22.2664 0.45
    endloop
  endfacet
  facet normal -0.569989 -0.821653 -0
    outer loop
      vertex 57.6101 22.1903 0.45
      vertex 57.5004 22.2664 0
      vertex 57.6101 22.1903 0
    endloop
  endfacet
  facet normal -0.658123 -0.752911 0
    outer loop
      vertex 57.6101 22.1903 0
      vertex 57.7078 22.1049 0.45
      vertex 57.6101 22.1903 0.45
    endloop
  endfacet
  facet normal -0.658123 -0.752911 -0
    outer loop
      vertex 57.7078 22.1049 0.45
      vertex 57.6101 22.1903 0
      vertex 57.7078 22.1049 0
    endloop
  endfacet
  facet normal -0.739976 -0.672634 0
    outer loop
      vertex 57.7937 22.0104 0
      vertex 57.7078 22.1049 0.45
      vertex 57.7078 22.1049 0
    endloop
  endfacet
  facet normal -0.739976 -0.672634 0
    outer loop
      vertex 57.7078 22.1049 0.45
      vertex 57.7937 22.0104 0
      vertex 57.7937 22.0104 0.45
    endloop
  endfacet
  facet normal -0.809488 -0.587136 0
    outer loop
      vertex 57.8679 21.9081 0
      vertex 57.7937 22.0104 0.45
      vertex 57.7937 22.0104 0
    endloop
  endfacet
  facet normal -0.809488 -0.587136 0
    outer loop
      vertex 57.7937 22.0104 0.45
      vertex 57.8679 21.9081 0
      vertex 57.8679 21.9081 0.45
    endloop
  endfacet
  facet normal -0.866424 -0.499309 0
    outer loop
      vertex 57.9306 21.7993 0
      vertex 57.8679 21.9081 0.45
      vertex 57.8679 21.9081 0
    endloop
  endfacet
  facet normal -0.866424 -0.499309 0
    outer loop
      vertex 57.8679 21.9081 0.45
      vertex 57.9306 21.7993 0
      vertex 57.9306 21.7993 0.45
    endloop
  endfacet
  facet normal -0.913222 -0.407462 0
    outer loop
      vertex 57.982 21.6841 0
      vertex 57.9306 21.7993 0.45
      vertex 57.9306 21.7993 0
    endloop
  endfacet
  facet normal -0.913222 -0.407462 0
    outer loop
      vertex 57.9306 21.7993 0.45
      vertex 57.982 21.6841 0
      vertex 57.982 21.6841 0.45
    endloop
  endfacet
  facet normal -0.950157 -0.31177 0
    outer loop
      vertex 58.0219 21.5625 0
      vertex 57.982 21.6841 0.45
      vertex 57.982 21.6841 0
    endloop
  endfacet
  facet normal -0.950157 -0.31177 0
    outer loop
      vertex 57.982 21.6841 0.45
      vertex 58.0219 21.5625 0
      vertex 58.0219 21.5625 0.45
    endloop
  endfacet
  facet normal -0.975935 -0.218061 0
    outer loop
      vertex 58.0505 21.4345 0
      vertex 58.0219 21.5625 0.45
      vertex 58.0219 21.5625 0
    endloop
  endfacet
  facet normal -0.975935 -0.218061 0
    outer loop
      vertex 58.0219 21.5625 0.45
      vertex 58.0505 21.4345 0
      vertex 58.0505 21.4345 0.45
    endloop
  endfacet
  facet normal -0.992015 -0.126122 0
    outer loop
      vertex 58.0676 21.3 0
      vertex 58.0505 21.4345 0.45
      vertex 58.0505 21.4345 0
    endloop
  endfacet
  facet normal -0.992015 -0.126122 0
    outer loop
      vertex 58.0505 21.4345 0.45
      vertex 58.0676 21.3 0
      vertex 58.0676 21.3 0.45
    endloop
  endfacet
  facet normal -0.999184 -0.0403925 0
    outer loop
      vertex 58.0733 21.159 0
      vertex 58.0676 21.3 0.45
      vertex 58.0676 21.3 0
    endloop
  endfacet
  facet normal -0.999184 -0.0403925 0
    outer loop
      vertex 58.0676 21.3 0.45
      vertex 58.0733 21.159 0
      vertex 58.0733 21.159 0.45
    endloop
  endfacet
  facet normal -0.998424 0.0561244 0
    outer loop
      vertex 58.0619 20.9562 0
      vertex 58.0733 21.159 0.45
      vertex 58.0733 21.159 0
    endloop
  endfacet
  facet normal -0.998424 0.0561244 0
    outer loop
      vertex 58.0733 21.159 0.45
      vertex 58.0619 20.9562 0
      vertex 58.0619 20.9562 0.45
    endloop
  endfacet
  facet normal -0.983995 0.178196 0
    outer loop
      vertex 58.0278 20.7679 0
      vertex 58.0619 20.9562 0.45
      vertex 58.0619 20.9562 0
    endloop
  endfacet
  facet normal -0.983995 0.178196 0
    outer loop
      vertex 58.0619 20.9562 0.45
      vertex 58.0278 20.7679 0
      vertex 58.0278 20.7679 0.45
    endloop
  endfacet
  facet normal -0.950368 0.311129 0
    outer loop
      vertex 57.971 20.5944 0
      vertex 58.0278 20.7679 0.45
      vertex 58.0278 20.7679 0
    endloop
  endfacet
  facet normal -0.950368 0.311129 0
    outer loop
      vertex 58.0278 20.7679 0.45
      vertex 57.971 20.5944 0
      vertex 57.971 20.5944 0.45
    endloop
  endfacet
  facet normal -0.893976 0.448114 0
    outer loop
      vertex 57.8914 20.4356 0
      vertex 57.971 20.5944 0.45
      vertex 57.971 20.5944 0
    endloop
  endfacet
  facet normal -0.893976 0.448114 0
    outer loop
      vertex 57.971 20.5944 0.45
      vertex 57.8914 20.4356 0
      vertex 57.8914 20.4356 0.45
    endloop
  endfacet
  facet normal -0.815602 0.578614 0
    outer loop
      vertex 57.7891 20.2914 0
      vertex 57.8914 20.4356 0.45
      vertex 57.8914 20.4356 0
    endloop
  endfacet
  facet normal -0.815602 0.578614 0
    outer loop
      vertex 57.8914 20.4356 0.45
      vertex 57.7891 20.2914 0
      vertex 57.7891 20.2914 0.45
    endloop
  endfacet
  facet normal -0.719488 0.694505 0
    outer loop
      vertex 57.664 20.1618 0
      vertex 57.7891 20.2914 0.45
      vertex 57.7891 20.2914 0
    endloop
  endfacet
  facet normal -0.719488 0.694505 0
    outer loop
      vertex 57.7891 20.2914 0.45
      vertex 57.664 20.1618 0
      vertex 57.664 20.1618 0.45
    endloop
  endfacet
  facet normal -0.613423 0.789755 0
    outer loop
      vertex 57.664 20.1618 0
      vertex 57.5162 20.047 0.45
      vertex 57.664 20.1618 0.45
    endloop
  endfacet
  facet normal -0.613423 0.789755 0
    outer loop
      vertex 57.5162 20.047 0.45
      vertex 57.664 20.1618 0
      vertex 57.5162 20.047 0
    endloop
  endfacet
  facet normal -0.506865 0.862026 0
    outer loop
      vertex 57.5162 20.047 0
      vertex 57.3463 19.9471 0.45
      vertex 57.5162 20.047 0.45
    endloop
  endfacet
  facet normal -0.506865 0.862026 0
    outer loop
      vertex 57.3463 19.9471 0.45
      vertex 57.5162 20.047 0
      vertex 57.3463 19.9471 0
    endloop
  endfacet
  facet normal -0.403299 0.915068 0
    outer loop
      vertex 57.3463 19.9471 0
      vertex 57.1548 19.8627 0.45
      vertex 57.3463 19.9471 0.45
    endloop
  endfacet
  facet normal -0.403299 0.915068 0
    outer loop
      vertex 57.1548 19.8627 0.45
      vertex 57.3463 19.9471 0
      vertex 57.1548 19.8627 0
    endloop
  endfacet
  facet normal -0.308985 0.951067 0
    outer loop
      vertex 57.1548 19.8627 0
      vertex 56.9418 19.7935 0.45
      vertex 57.1548 19.8627 0.45
    endloop
  endfacet
  facet normal -0.308985 0.951067 0
    outer loop
      vertex 56.9418 19.7935 0.45
      vertex 57.1548 19.8627 0
      vertex 56.9418 19.7935 0
    endloop
  endfacet
  facet normal -0.22322 0.974768 0
    outer loop
      vertex 56.9418 19.7935 0
      vertex 56.7073 19.7398 0.45
      vertex 56.9418 19.7935 0.45
    endloop
  endfacet
  facet normal -0.22322 0.974768 0
    outer loop
      vertex 56.7073 19.7398 0.45
      vertex 56.9418 19.7935 0
      vertex 56.7073 19.7398 0
    endloop
  endfacet
  facet normal -0.148284 0.988945 0
    outer loop
      vertex 56.7073 19.7398 0
      vertex 56.4512 19.7014 0.45
      vertex 56.7073 19.7398 0.45
    endloop
  endfacet
  facet normal -0.148284 0.988945 0
    outer loop
      vertex 56.4512 19.7014 0.45
      vertex 56.7073 19.7398 0
      vertex 56.4512 19.7014 0
    endloop
  endfacet
  facet normal -0.0829266 0.996556 0
    outer loop
      vertex 56.4512 19.7014 0
      vertex 56.1736 19.6783 0.45
      vertex 56.4512 19.7014 0.45
    endloop
  endfacet
  facet normal -0.0829266 0.996556 0
    outer loop
      vertex 56.1736 19.6783 0.45
      vertex 56.4512 19.7014 0
      vertex 56.1736 19.6783 0
    endloop
  endfacet
  facet normal -0.0253929 0.999678 0
    outer loop
      vertex 56.1736 19.6783 0
      vertex 55.8744 19.6707 0.45
      vertex 56.1736 19.6783 0.45
    endloop
  endfacet
  facet normal -0.0253929 0.999678 0
    outer loop
      vertex 55.8744 19.6707 0.45
      vertex 56.1736 19.6783 0
      vertex 55.8744 19.6707 0
    endloop
  endfacet
  facet normal 0 1 -0
    outer loop
      vertex 55.8744 19.6707 0
      vertex 53.1626 19.6707 0.45
      vertex 55.8744 19.6707 0.45
    endloop
  endfacet
  facet normal 0 1 0
    outer loop
      vertex 53.1626 19.6707 0.45
      vertex 55.8744 19.6707 0
      vertex 53.1626 19.6707 0
    endloop
  endfacet
  facet normal 1 -0 0
    outer loop
      vertex 53.1626 19.6707 0.45
      vertex 53.1626 25.5946 0
      vertex 53.1626 25.5946 0.45
    endloop
  endfacet
  facet normal 1 0 0
    outer loop
      vertex 53.1626 25.5946 0
      vertex 53.1626 19.6707 0.45
      vertex 53.1626 19.6707 0
    endloop
  endfacet
  facet normal 0 -1 0
    outer loop
      vertex 53.1626 25.5946 0
      vertex 56.1267 25.5946 0.45
      vertex 53.1626 25.5946 0.45
    endloop
  endfacet
  facet normal 0 -1 -0
    outer loop
      vertex 56.1267 25.5946 0.45
      vertex 53.1626 25.5946 0
      vertex 56.1267 25.5946 0
    endloop
  endfacet
  facet normal -0.0301977 -0.999544 0
    outer loop
      vertex 56.1267 25.5946 0
      vertex 56.4246 25.5856 0.45
      vertex 56.1267 25.5946 0.45
    endloop
  endfacet
  facet normal -0.0301977 -0.999544 -0
    outer loop
      vertex 56.4246 25.5856 0.45
      vertex 56.1267 25.5946 0
      vertex 56.4246 25.5856 0
    endloop
  endfacet
  facet normal -1 0 0
    outer loop
      vertex 54.4029 20.5914 0
      vertex 54.4029 22.0588 0.45
      vertex 54.4029 22.0588 0
    endloop
  endfacet
  facet normal -1 -0 0
    outer loop
      vertex 54.4029 22.0588 0.45
      vertex 54.4029 20.5914 0
      vertex 54.4029 20.5914 0.45
    endloop
  endfacet
  facet normal 0 -1 0
    outer loop
      vertex 54.4029 20.5914 0
      vertex 55.8156 20.5914 0.45
      vertex 54.4029 20.5914 0.45
    endloop
  endfacet
  facet normal 0 -1 -0
    outer loop
      vertex 55.8156 20.5914 0.45
      vertex 54.4029 20.5914 0
      vertex 55.8156 20.5914 0
    endloop
  endfacet
  facet normal 0.0253725 -0.999678 0
    outer loop
      vertex 55.8156 20.5914 0
      vertex 55.9535 20.5949 0.45
      vertex 55.8156 20.5914 0.45
    endloop
  endfacet
  facet normal 0.0253725 -0.999678 0
    outer loop
      vertex 55.9535 20.5949 0.45
      vertex 55.8156 20.5914 0
      vertex 55.9535 20.5949 0
    endloop
  endfacet
  facet normal 0.0802718 -0.996773 0
    outer loop
      vertex 55.9535 20.5949 0
      vertex 56.0814 20.6052 0.45
      vertex 55.9535 20.5949 0.45
    endloop
  endfacet
  facet normal 0.0802718 -0.996773 0
    outer loop
      vertex 56.0814 20.6052 0.45
      vertex 55.9535 20.5949 0
      vertex 56.0814 20.6052 0
    endloop
  endfacet
  facet normal 0.143656 -0.989628 0
    outer loop
      vertex 56.0814 20.6052 0
      vertex 56.1992 20.6223 0.45
      vertex 56.0814 20.6052 0.45
    endloop
  endfacet
  facet normal 0.143656 -0.989628 0
    outer loop
      vertex 56.1992 20.6223 0.45
      vertex 56.0814 20.6052 0
      vertex 56.1992 20.6223 0
    endloop
  endfacet
  facet normal 0.218176 -0.975909 0
    outer loop
      vertex 56.1992 20.6223 0
      vertex 56.307 20.6464 0.45
      vertex 56.1992 20.6223 0.45
    endloop
  endfacet
  facet normal 0.218176 -0.975909 0
    outer loop
      vertex 56.307 20.6464 0.45
      vertex 56.1992 20.6223 0
      vertex 56.307 20.6464 0
    endloop
  endfacet
  facet normal 0.300384 -0.953818 0
    outer loop
      vertex 56.307 20.6464 0
      vertex 56.4048 20.6772 0.45
      vertex 56.307 20.6464 0.45
    endloop
  endfacet
  facet normal 0.300384 -0.953818 0
    outer loop
      vertex 56.4048 20.6772 0.45
      vertex 56.307 20.6464 0
      vertex 56.4048 20.6772 0
    endloop
  endfacet
  facet normal 0.395814 -0.918331 0
    outer loop
      vertex 56.4048 20.6772 0
      vertex 56.4925 20.715 0.45
      vertex 56.4048 20.6772 0.45
    endloop
  endfacet
  facet normal 0.395814 -0.918331 0
    outer loop
      vertex 56.4925 20.715 0.45
      vertex 56.4048 20.6772 0
      vertex 56.4925 20.715 0
    endloop
  endfacet
  facet normal 0.497821 -0.86728 0
    outer loop
      vertex 56.4925 20.715 0
      vertex 56.5702 20.7596 0.45
      vertex 56.4925 20.715 0.45
    endloop
  endfacet
  facet normal 0.497821 -0.86728 0
    outer loop
      vertex 56.5702 20.7596 0.45
      vertex 56.4925 20.715 0
      vertex 56.5702 20.7596 0
    endloop
  endfacet
  facet normal 0.616119 -0.787653 0
    outer loop
      vertex 56.5702 20.7596 0
      vertex 56.6377 20.8124 0.45
      vertex 56.5702 20.7596 0.45
    endloop
  endfacet
  facet normal 0.616119 -0.787653 0
    outer loop
      vertex 56.6377 20.8124 0.45
      vertex 56.5702 20.7596 0
      vertex 56.6377 20.8124 0
    endloop
  endfacet
  facet normal 0.736662 -0.676261 0
    outer loop
      vertex 56.6377 20.8124 0.45
      vertex 56.6948 20.8746 0
      vertex 56.6948 20.8746 0.45
    endloop
  endfacet
  facet normal 0.736662 -0.676261 0
    outer loop
      vertex 56.6948 20.8746 0
      vertex 56.6377 20.8124 0.45
      vertex 56.6377 20.8124 0
    endloop
  endfacet
  facet normal 0.837587 -0.546303 0
    outer loop
      vertex 56.6948 20.8746 0.45
      vertex 56.7415 20.9462 0
      vertex 56.7415 20.9462 0.45
    endloop
  endfacet
  facet normal 0.837587 -0.546303 0
    outer loop
      vertex 56.7415 20.9462 0
      vertex 56.6948 20.8746 0.45
      vertex 56.6948 20.8746 0
    endloop
  endfacet
  facet normal 0.912321 -0.409476 0
    outer loop
      vertex 56.7415 20.9462 0.45
      vertex 56.7779 21.0273 0
      vertex 56.7779 21.0273 0.45
    endloop
  endfacet
  facet normal 0.912321 -0.409476 0
    outer loop
      vertex 56.7779 21.0273 0
      vertex 56.7415 20.9462 0.45
      vertex 56.7415 20.9462 0
    endloop
  endfacet
  facet normal 0.961404 -0.275142 0
    outer loop
      vertex 56.7779 21.0273 0.45
      vertex 56.8038 21.1178 0
      vertex 56.8038 21.1178 0.45
    endloop
  endfacet
  facet normal 0.961404 -0.275142 0
    outer loop
      vertex 56.8038 21.1178 0
      vertex 56.7779 21.0273 0.45
      vertex 56.7779 21.0273 0
    endloop
  endfacet
  facet normal 0.98805 -0.154136 0
    outer loop
      vertex 56.8038 21.1178 0.45
      vertex 56.8194 21.2178 0
      vertex 56.8194 21.2178 0.45
    endloop
  endfacet
  facet normal 0.98805 -0.154136 0
    outer loop
      vertex 56.8194 21.2178 0
      vertex 56.8038 21.1178 0.45
      vertex 56.8038 21.1178 0
    endloop
  endfacet
  facet normal 0.998872 -0.0474784 0
    outer loop
      vertex 56.8194 21.2178 0.45
      vertex 56.8246 21.3272 0
      vertex 56.8246 21.3272 0.45
    endloop
  endfacet
  facet normal 0.998872 -0.0474784 0
    outer loop
      vertex 56.8246 21.3272 0
      vertex 56.8194 21.2178 0.45
      vertex 56.8194 21.2178 0
    endloop
  endfacet
  facet normal 0.998868 0.0475651 0
    outer loop
      vertex 56.8246 21.3272 0.45
      vertex 56.8198 21.428 0
      vertex 56.8198 21.428 0.45
    endloop
  endfacet
  facet normal 0.998868 0.0475651 0
    outer loop
      vertex 56.8198 21.428 0
      vertex 56.8246 21.3272 0.45
      vertex 56.8246 21.3272 0
    endloop
  endfacet
  facet normal 0.987977 0.154603 0
    outer loop
      vertex 56.8198 21.428 0.45
      vertex 56.8052 21.5213 0
      vertex 56.8052 21.5213 0.45
    endloop
  endfacet
  facet normal 0.987977 0.154603 0
    outer loop
      vertex 56.8052 21.5213 0
      vertex 56.8198 21.428 0.45
      vertex 56.8198 21.428 0
    endloop
  endfacet
  facet normal 0.96245 0.27146 0
    outer loop
      vertex 56.8052 21.5213 0.45
      vertex 56.781 21.6071 0
      vertex 56.781 21.6071 0.45
    endloop
  endfacet
  facet normal 0.96245 0.27146 0
    outer loop
      vertex 56.781 21.6071 0
      vertex 56.8052 21.5213 0.45
      vertex 56.8052 21.5213 0
    endloop
  endfacet
  facet normal 0.917442 0.39787 0
    outer loop
      vertex 56.781 21.6071 0.45
      vertex 56.747 21.6855 0
      vertex 56.747 21.6855 0.45
    endloop
  endfacet
  facet normal 0.917442 0.39787 0
    outer loop
      vertex 56.747 21.6855 0
      vertex 56.781 21.6071 0.45
      vertex 56.781 21.6071 0
    endloop
  endfacet
  facet normal 0.851823 0.523829 0
    outer loop
      vertex 56.747 21.6855 0.45
      vertex 56.7034 21.7564 0
      vertex 56.7034 21.7564 0.45
    endloop
  endfacet
  facet normal 0.851823 0.523829 0
    outer loop
      vertex 56.7034 21.7564 0
      vertex 56.747 21.6855 0.45
      vertex 56.747 21.6855 0
    endloop
  endfacet
  facet normal 0.765942 0.642909 0
    outer loop
      vertex 56.7034 21.7564 0.45
      vertex 56.6501 21.8199 0
      vertex 56.6501 21.8199 0.45
    endloop
  endfacet
  facet normal 0.765942 0.642909 0
    outer loop
      vertex 56.6501 21.8199 0
      vertex 56.7034 21.7564 0.45
      vertex 56.7034 21.7564 0
    endloop
  endfacet
  facet normal 0.663775 0.747932 -0
    outer loop
      vertex 56.6501 21.8199 0
      vertex 56.587 21.8759 0.45
      vertex 56.6501 21.8199 0.45
    endloop
  endfacet
  facet normal 0.663775 0.747932 0
    outer loop
      vertex 56.587 21.8759 0.45
      vertex 56.6501 21.8199 0
      vertex 56.587 21.8759 0
    endloop
  endfacet
  facet normal 0.549721 0.835349 -0
    outer loop
      vertex 56.587 21.8759 0
      vertex 56.5133 21.9244 0.45
      vertex 56.587 21.8759 0.45
    endloop
  endfacet
  facet normal 0.549721 0.835349 0
    outer loop
      vertex 56.5133 21.9244 0.45
      vertex 56.587 21.8759 0
      vertex 56.5133 21.9244 0
    endloop
  endfacet
  facet normal 0.433245 0.901276 -0
    outer loop
      vertex 56.5133 21.9244 0
      vertex 56.4278 21.9655 0.45
      vertex 56.5133 21.9244 0.45
    endloop
  endfacet
  facet normal 0.433245 0.901276 0
    outer loop
      vertex 56.4278 21.9655 0.45
      vertex 56.5133 21.9244 0
      vertex 56.4278 21.9655 0
    endloop
  endfacet
  facet normal 0.32641 0.945228 -0
    outer loop
      vertex 56.4278 21.9655 0
      vertex 56.3305 21.9991 0.45
      vertex 56.4278 21.9655 0.45
    endloop
  endfacet
  facet normal 0.32641 0.945228 0
    outer loop
      vertex 56.3305 21.9991 0.45
      vertex 56.4278 21.9655 0
      vertex 56.3305 21.9991 0
    endloop
  endfacet
  facet normal 0.232867 0.972509 -0
    outer loop
      vertex 56.3305 21.9991 0
      vertex 56.2215 22.0252 0.45
      vertex 56.3305 21.9991 0.45
    endloop
  endfacet
  facet normal 0.232867 0.972509 0
    outer loop
      vertex 56.2215 22.0252 0.45
      vertex 56.3305 21.9991 0
      vertex 56.2215 22.0252 0
    endloop
  endfacet
  facet normal 0.152303 0.988334 -0
    outer loop
      vertex 56.2215 22.0252 0
      vertex 56.1008 22.0438 0.45
      vertex 56.2215 22.0252 0.45
    endloop
  endfacet
  facet normal 0.152303 0.988334 0
    outer loop
      vertex 56.1008 22.0438 0.45
      vertex 56.2215 22.0252 0
      vertex 56.1008 22.0438 0
    endloop
  endfacet
  facet normal 0.0842279 0.996447 -0
    outer loop
      vertex 56.1008 22.0438 0
      vertex 55.9683 22.055 0.45
      vertex 56.1008 22.0438 0.45
    endloop
  endfacet
  facet normal 0.0842279 0.996447 0
    outer loop
      vertex 55.9683 22.055 0.45
      vertex 56.1008 22.0438 0
      vertex 55.9683 22.055 0
    endloop
  endfacet
  facet normal 0.0263249 0.999653 -0
    outer loop
      vertex 55.9683 22.055 0
      vertex 55.824 22.0588 0.45
      vertex 55.9683 22.055 0.45
    endloop
  endfacet
  facet normal 0.0263249 0.999653 0
    outer loop
      vertex 55.824 22.0588 0.45
      vertex 55.9683 22.055 0
      vertex 55.824 22.0588 0
    endloop
  endfacet
  facet normal 0 1 -0
    outer loop
      vertex 55.824 22.0588 0
      vertex 54.4029 22.0588 0.45
      vertex 55.824 22.0588 0.45
    endloop
  endfacet
  facet normal 0 1 0
    outer loop
      vertex 54.4029 22.0588 0.45
      vertex 55.824 22.0588 0
      vertex 54.4029 22.0588 0
    endloop
  endfacet
  facet normal -1 0 0
    outer loop
      vertex 54.4029 22.9753 0
      vertex 54.4029 24.6739 0.45
      vertex 54.4029 24.6739 0
    endloop
  endfacet
  facet normal -1 -0 0
    outer loop
      vertex 54.4029 24.6739 0.45
      vertex 54.4029 22.9753 0
      vertex 54.4029 22.9753 0.45
    endloop
  endfacet
  facet normal 0 -1 0
    outer loop
      vertex 54.4029 22.9753 0
      vertex 55.9753 22.9753 0.45
      vertex 54.4029 22.9753 0.45
    endloop
  endfacet
  facet normal 0 -1 -0
    outer loop
      vertex 55.9753 22.9753 0.45
      vertex 54.4029 22.9753 0
      vertex 55.9753 22.9753 0
    endloop
  endfacet
  facet normal 0.0535845 -0.998563 0
    outer loop
      vertex 55.9753 22.9753 0
      vertex 56.2921 22.9923 0.45
      vertex 55.9753 22.9753 0.45
    endloop
  endfacet
  facet normal 0.0535845 -0.998563 0
    outer loop
      vertex 56.2921 22.9923 0.45
      vertex 55.9753 22.9753 0
      vertex 56.2921 22.9923 0
    endloop
  endfacet
  facet normal 0.186876 -0.982383 0
    outer loop
      vertex 56.2921 22.9923 0
      vertex 56.5602 23.0433 0.45
      vertex 56.2921 22.9923 0.45
    endloop
  endfacet
  facet normal 0.186876 -0.982383 0
    outer loop
      vertex 56.5602 23.0433 0.45
      vertex 56.2921 22.9923 0
      vertex 56.5602 23.0433 0
    endloop
  endfacet
  facet normal 0.36103 -0.932554 0
    outer loop
      vertex 56.5602 23.0433 0
      vertex 56.7795 23.1282 0.45
      vertex 56.5602 23.0433 0.45
    endloop
  endfacet
  facet normal 0.36103 -0.932554 0
    outer loop
      vertex 56.7795 23.1282 0.45
      vertex 56.5602 23.0433 0
      vertex 56.7795 23.1282 0
    endloop
  endfacet
  facet normal 0.571783 -0.820405 0
    outer loop
      vertex 56.7795 23.1282 0
      vertex 56.9501 23.2471 0.45
      vertex 56.7795 23.1282 0.45
    endloop
  endfacet
  facet normal 0.571783 -0.820405 0
    outer loop
      vertex 56.9501 23.2471 0.45
      vertex 56.7795 23.1282 0
      vertex 56.9501 23.2471 0
    endloop
  endfacet
  facet normal 0.782165 -0.623072 0
    outer loop
      vertex 56.9501 23.2471 0.45
      vertex 57.0719 23.4 0
      vertex 57.0719 23.4 0.45
    endloop
  endfacet
  facet normal 0.782165 -0.623072 0
    outer loop
      vertex 57.0719 23.4 0
      vertex 56.9501 23.2471 0.45
      vertex 56.9501 23.2471 0
    endloop
  endfacet
  facet normal 0.931302 -0.364249 0
    outer loop
      vertex 57.0719 23.4 0.45
      vertex 57.145 23.5869 0
      vertex 57.145 23.5869 0.45
    endloop
  endfacet
  facet normal 0.931302 -0.364249 0
    outer loop
      vertex 57.145 23.5869 0
      vertex 57.0719 23.4 0.45
      vertex 57.0719 23.4 0
    endloop
  endfacet
  facet normal 0.993955 -0.109789 0
    outer loop
      vertex 57.145 23.5869 0.45
      vertex 57.1694 23.8078 0
      vertex 57.1694 23.8078 0.45
    endloop
  endfacet
  facet normal 0.993955 -0.109789 0
    outer loop
      vertex 57.1694 23.8078 0
      vertex 57.145 23.5869 0.45
      vertex 57.145 23.5869 0
    endloop
  endfacet
  facet normal 0.9989 0.0468889 0
    outer loop
      vertex 57.1694 23.8078 0.45
      vertex 57.1638 23.9271 0
      vertex 57.1638 23.9271 0.45
    endloop
  endfacet
  facet normal 0.9989 0.0468889 0
    outer loop
      vertex 57.1638 23.9271 0
      vertex 57.1694 23.8078 0.45
      vertex 57.1694 23.8078 0
    endloop
  endfacet
  facet normal 0.988485 0.151317 0
    outer loop
      vertex 57.1638 23.9271 0.45
      vertex 57.1469 24.0375 0
      vertex 57.1469 24.0375 0.45
    endloop
  endfacet
  facet normal 0.988485 0.151317 0
    outer loop
      vertex 57.1469 24.0375 0
      vertex 57.1638 23.9271 0.45
      vertex 57.1638 23.9271 0
    endloop
  endfacet
  facet normal 0.963884 0.266324 0
    outer loop
      vertex 57.1469 24.0375 0.45
      vertex 57.1188 24.1392 0
      vertex 57.1188 24.1392 0.45
    endloop
  endfacet
  facet normal 0.963884 0.266324 0
    outer loop
      vertex 57.1188 24.1392 0
      vertex 57.1469 24.0375 0.45
      vertex 57.1469 24.0375 0
    endloop
  endfacet
  facet normal 0.92083 0.389964 0
    outer loop
      vertex 57.1188 24.1392 0.45
      vertex 57.0795 24.232 0
      vertex 57.0795 24.232 0.45
    endloop
  endfacet
  facet normal 0.92083 0.389964 0
    outer loop
      vertex 57.0795 24.232 0
      vertex 57.1188 24.1392 0.45
      vertex 57.1188 24.1392 0
    endloop
  endfacet
  facet normal 0.85632 0.516446 0
    outer loop
      vertex 57.0795 24.232 0.45
      vertex 57.0289 24.3159 0
      vertex 57.0289 24.3159 0.45
    endloop
  endfacet
  facet normal 0.85632 0.516446 0
    outer loop
      vertex 57.0289 24.3159 0
      vertex 57.0795 24.232 0.45
      vertex 57.0795 24.232 0
    endloop
  endfacet
  facet normal 0.772582 0.634915 0
    outer loop
      vertex 57.0289 24.3159 0.45
      vertex 56.9671 24.3911 0
      vertex 56.9671 24.3911 0.45
    endloop
  endfacet
  facet normal 0.772582 0.634915 0
    outer loop
      vertex 56.9671 24.3911 0
      vertex 57.0289 24.3159 0.45
      vertex 57.0289 24.3159 0
    endloop
  endfacet
  facet normal 0.671815 0.740719 -0
    outer loop
      vertex 56.9671 24.3911 0
      vertex 56.894 24.4574 0.45
      vertex 56.9671 24.3911 0.45
    endloop
  endfacet
  facet normal 0.671815 0.740719 0
    outer loop
      vertex 56.894 24.4574 0.45
      vertex 56.9671 24.3911 0
      vertex 56.894 24.4574 0
    endloop
  endfacet
  facet normal 0.558286 0.829648 -0
    outer loop
      vertex 56.894 24.4574 0
      vertex 56.8087 24.5148 0.45
      vertex 56.894 24.4574 0.45
    endloop
  endfacet
  facet normal 0.558286 0.829648 0
    outer loop
      vertex 56.8087 24.5148 0.45
      vertex 56.894 24.4574 0
      vertex 56.8087 24.5148 0
    endloop
  endfacet
  facet normal 0.443197 0.896424 -0
    outer loop
      vertex 56.8087 24.5148 0
      vertex 56.7104 24.5634 0.45
      vertex 56.8087 24.5148 0.45
    endloop
  endfacet
  facet normal 0.443197 0.896424 0
    outer loop
      vertex 56.7104 24.5634 0.45
      vertex 56.8087 24.5148 0
      vertex 56.7104 24.5634 0
    endloop
  endfacet
  facet normal 0.336176 0.941799 -0
    outer loop
      vertex 56.7104 24.5634 0
      vertex 56.5989 24.6032 0.45
      vertex 56.7104 24.5634 0.45
    endloop
  endfacet
  facet normal 0.336176 0.941799 0
    outer loop
      vertex 56.5989 24.6032 0.45
      vertex 56.7104 24.5634 0
      vertex 56.5989 24.6032 0
    endloop
  endfacet
  facet normal 0.24052 0.970644 -0
    outer loop
      vertex 56.5989 24.6032 0
      vertex 56.4742 24.6341 0.45
      vertex 56.5989 24.6032 0.45
    endloop
  endfacet
  facet normal 0.24052 0.970644 0
    outer loop
      vertex 56.4742 24.6341 0.45
      vertex 56.5989 24.6032 0
      vertex 56.4742 24.6341 0
    endloop
  endfacet
  facet normal 0.158466 0.987364 -0
    outer loop
      vertex 56.4742 24.6341 0
      vertex 56.3365 24.6562 0.45
      vertex 56.4742 24.6341 0.45
    endloop
  endfacet
  facet normal 0.158466 0.987364 0
    outer loop
      vertex 56.3365 24.6562 0.45
      vertex 56.4742 24.6341 0
      vertex 56.3365 24.6562 0
    endloop
  endfacet
  facet normal 0.0871424 0.996196 -0
    outer loop
      vertex 56.3365 24.6562 0
      vertex 56.1856 24.6694 0.45
      vertex 56.3365 24.6562 0.45
    endloop
  endfacet
  facet normal 0.0871424 0.996196 0
    outer loop
      vertex 56.1856 24.6694 0.45
      vertex 56.3365 24.6562 0
      vertex 56.1856 24.6694 0
    endloop
  endfacet
  facet normal 0.0274287 0.999624 -0
    outer loop
      vertex 56.1856 24.6694 0
      vertex 56.0216 24.6739 0.45
      vertex 56.1856 24.6694 0.45
    endloop
  endfacet
  facet normal 0.0274287 0.999624 0
    outer loop
      vertex 56.0216 24.6739 0.45
      vertex 56.1856 24.6694 0
      vertex 56.0216 24.6739 0
    endloop
  endfacet
  facet normal 0 1 -0
    outer loop
      vertex 56.0216 24.6739 0
      vertex 54.4029 24.6739 0.45
      vertex 56.0216 24.6739 0.45
    endloop
  endfacet
  facet normal 0 1 0
    outer loop
      vertex 54.4029 24.6739 0.45
      vertex 56.0216 24.6739 0
      vertex 54.4029 24.6739 0
    endloop
  endfacet
  facet normal 0 0 -1
    outer loop
      vertex 38.495 13.2566 0.349999
      vertex 38.6117 13.2315 0.349999
      vertex 38.5117 13.2315 0.349999
    endloop
  endfacet
  facet normal 0 0 -1
    outer loop
      vertex 38.4303 13.3303 0.349999
      vertex 38.6117 13.2315 0.349999
      vertex 38.495 13.2566 0.349999
    endloop
  endfacet
  facet normal 0 0 -1
    outer loop
      vertex 38.3566 13.395 0.349999
      vertex 38.6117 13.2315 0.349999
      vertex 38.4303 13.3303 0.349999
    endloop
  endfacet
  facet normal 0 0 -1
    outer loop
      vertex 38.3566 13.395 0.349999
      vertex 38.3544 14.6035 0.349999
      vertex 38.6117 13.2315 0.349999
    endloop
  endfacet
  facet normal 0 0 -1
    outer loop
      vertex 38.275 13.4495 0.349999
      vertex 38.3544 14.6035 0.349999
      vertex 38.3566 13.395 0.349999
    endloop
  endfacet
  facet normal 0 0 -1
    outer loop
      vertex 38.275 13.4495 0.349999
      vertex 38.275 14.5505 0.349999
      vertex 38.3544 14.6035 0.349999
    endloop
  endfacet
  facet normal 0 0 -1
    outer loop
      vertex 38.187 13.4929 0.349999
      vertex 38.275 14.5505 0.349999
      vertex 38.275 13.4495 0.349999
    endloop
  endfacet
  facet normal 0 0 -1
    outer loop
      vertex 38.187 13.4929 0.349999
      vertex 38.187 14.5071 0.349999
      vertex 38.275 14.5505 0.349999
    endloop
  endfacet
  facet normal 0 0 -1
    outer loop
      vertex 38.1736 13.4975 0.349999
      vertex 38.187 14.5071 0.349999
      vertex 38.187 13.4929 0.349999
    endloop
  endfacet
  facet normal 0 0 -1
    outer loop
      vertex 38.1736 13.4975 0.349999
      vertex 38.0941 14.4756 0.349999
      vertex 38.187 14.5071 0.349999
    endloop
  endfacet
  facet normal 0 0 -1
    outer loop
      vertex 38.1736 13.4975 0.349999
      vertex 37.9979 14.4564 0.349999
      vertex 38.0941 14.4756 0.349999
    endloop
  endfacet
  facet normal 0 -0 -1
    outer loop
      vertex 37.9979 14.4564 0.349999
      vertex 38.1736 13.4975 0.349999
      vertex 37.9907 14.4559 0.349999
    endloop
  endfacet
  facet normal 0 0 -1
    outer loop
      vertex 35.3258 14.2906 0.349999
      vertex 35.8238 14.3386 0.349999
      vertex 35.805 14.1971 0.349999
    endloop
  endfacet
  facet normal 0 0 -1
    outer loop
      vertex 35.3079 14.201 0.349999
      vertex 35.805 14.1971 0.349999
      vertex 35.7737 14.065 0.349999
    endloop
  endfacet
  facet normal 0 0 -1
    outer loop
      vertex 35.2828 14.1179 0.349999
      vertex 35.7737 14.065 0.349999
      vertex 35.7299 13.9425 0.349999
    endloop
  endfacet
  facet normal 0 0 -1
    outer loop
      vertex 35.2828 14.1179 0.349999
      vertex 35.7299 13.9425 0.349999
      vertex 35.6735 13.8295 0.349999
    endloop
  endfacet
  facet normal 0 0 -1
    outer loop
      vertex 35.2505 14.0413 0.349999
      vertex 35.6735 13.8295 0.349999
      vertex 35.6046 13.7259 0.349999
    endloop
  endfacet
  facet normal 0 0 -1
    outer loop
      vertex 35.211 13.9713 0.349999
      vertex 35.6046 13.7259 0.349999
      vertex 35.5232 13.6319 0.349999
    endloop
  endfacet
  facet normal 0 0 -1
    outer loop
      vertex 35.1644 13.9078 0.349999
      vertex 35.5232 13.6319 0.349999
      vertex 35.4318 13.55 0.349999
    endloop
  endfacet
  facet normal 0 0 -1
    outer loop
      vertex 35.7737 14.065 0.349999
      vertex 35.2828 14.1179 0.349999
      vertex 35.3079 14.201 0.349999
    endloop
  endfacet
  facet normal -0 0 -1
    outer loop
      vertex 35.8284 14.45 0.349999
      vertex 35.3366 14.3869 0.349999
      vertex 35.3388 14.45 0.349999
    endloop
  endfacet
  facet normal 0 0 -1
    outer loop
      vertex 35.8238 14.3386 0.349999
      vertex 35.3366 14.3869 0.349999
      vertex 35.8284 14.45 0.349999
    endloop
  endfacet
  facet normal -0 0 -1
    outer loop
      vertex 35.8238 14.3386 0.349999
      vertex 35.3258 14.2906 0.349999
      vertex 35.3366 14.3869 0.349999
    endloop
  endfacet
  facet normal 0 0 -1
    outer loop
      vertex 35.805 14.1971 0.349999
      vertex 35.3079 14.201 0.349999
      vertex 35.3258 14.2906 0.349999
    endloop
  endfacet
  facet normal 0 0 -1
    outer loop
      vertex 35.6735 13.8295 0.349999
      vertex 35.2505 14.0413 0.349999
      vertex 35.2828 14.1179 0.349999
    endloop
  endfacet
  facet normal 0 0 -1
    outer loop
      vertex 35.6046 13.7259 0.349999
      vertex 35.211 13.9713 0.349999
      vertex 35.2505 14.0413 0.349999
    endloop
  endfacet
  facet normal 0 0 -1
    outer loop
      vertex 35.5232 13.6319 0.349999
      vertex 35.1644 13.9078 0.349999
      vertex 35.211 13.9713 0.349999
    endloop
  endfacet
  facet normal 0 0 -1
    outer loop
      vertex 35.4318 13.55 0.349999
      vertex 35.1113 13.8519 0.349999
      vertex 35.1644 13.9078 0.349999
    endloop
  endfacet
  facet normal 0 0 -1
    outer loop
      vertex 35.4318 13.55 0.349999
      vertex 35.0524 13.8046 0.349999
      vertex 35.1113 13.8519 0.349999
    endloop
  endfacet
  facet normal 0 0 -1
    outer loop
      vertex 35.4318 13.55 0.349999
      vertex 34.9877 13.7658 0.349999
      vertex 35.0524 13.8046 0.349999
    endloop
  endfacet
  facet normal 0 0 -1
    outer loop
      vertex 35.4318 13.55 0.349999
      vertex 34.9173 13.7357 0.349999
      vertex 34.9877 13.7658 0.349999
    endloop
  endfacet
  facet normal 0 0 -1
    outer loop
      vertex 35.4318 13.55 0.349999
      vertex 34.841 13.7142 0.349999
      vertex 34.9173 13.7357 0.349999
    endloop
  endfacet
  facet normal 0 0 -1
    outer loop
      vertex 35.4318 13.55 0.349999
      vertex 34.759 13.7013 0.349999
      vertex 34.841 13.7142 0.349999
    endloop
  endfacet
  facet normal 0 0 -1
    outer loop
      vertex 35.4318 13.55 0.349999
      vertex 34.6713 13.697 0.349999
      vertex 34.759 13.7013 0.349999
    endloop
  endfacet
  facet normal 0 0 -1
    outer loop
      vertex 33.9086 13.55 0.349999
      vertex 34.6713 13.697 0.349999
      vertex 35.4318 13.55 0.349999
    endloop
  endfacet
  facet normal -0 0 -1
    outer loop
      vertex 34.6713 13.697 0.349999
      vertex 33.9086 13.55 0.349999
      vertex 34.5822 13.7013 0.349999
    endloop
  endfacet
  facet normal -0 0 -1
    outer loop
      vertex 34.5822 13.7013 0.349999
      vertex 33.9086 13.55 0.349999
      vertex 34.4991 13.7141 0.349999
    endloop
  endfacet
  facet normal 0 0 -1
    outer loop
      vertex 33.9086 13.55 0.349999
      vertex 34.422 13.7354 0.349999
      vertex 34.4991 13.7141 0.349999
    endloop
  endfacet
  facet normal 0 0 -1
    outer loop
      vertex 33.9086 13.55 0.349999
      vertex 34.3508 13.7653 0.349999
      vertex 34.422 13.7354 0.349999
    endloop
  endfacet
  facet normal 0 0 -1
    outer loop
      vertex 33.9086 13.55 0.349999
      vertex 34.2856 13.8037 0.349999
      vertex 34.3508 13.7653 0.349999
    endloop
  endfacet
  facet normal 0 0 -1
    outer loop
      vertex 33.9086 13.55 0.349999
      vertex 34.2265 13.8507 0.349999
      vertex 34.2856 13.8037 0.349999
    endloop
  endfacet
  facet normal 0 0 -1
    outer loop
      vertex 33.9086 13.55 0.349999
      vertex 34.1732 13.9062 0.349999
      vertex 34.2265 13.8507 0.349999
    endloop
  endfacet
  facet normal 0 0 -1
    outer loop
      vertex 33.8201 13.6287 0.349999
      vertex 34.1732 13.9062 0.349999
      vertex 33.9086 13.55 0.349999
    endloop
  endfacet
  facet normal -0 0 -1
    outer loop
      vertex 34.1732 13.9062 0.349999
      vertex 33.8201 13.6287 0.349999
      vertex 34.1266 13.9693 0.349999
    endloop
  endfacet
  facet normal 0 0 -1
    outer loop
      vertex 33.7389 13.722 0.349999
      vertex 34.1266 13.9693 0.349999
      vertex 33.8201 13.6287 0.349999
    endloop
  endfacet
  facet normal -0 0 -1
    outer loop
      vertex 34.1266 13.9693 0.349999
      vertex 33.7389 13.722 0.349999
      vertex 34.0872 14.0391 0.349999
    endloop
  endfacet
  facet normal 0 0 -1
    outer loop
      vertex 33.6702 13.8252 0.349999
      vertex 34.0872 14.0391 0.349999
      vertex 33.7389 13.722 0.349999
    endloop
  endfacet
  facet normal -0 0 -1
    outer loop
      vertex 34.0872 14.0391 0.349999
      vertex 33.6702 13.8252 0.349999
      vertex 34.0549 14.1157 0.349999
    endloop
  endfacet
  facet normal 0 0 -1
    outer loop
      vertex 33.614 13.9382 0.349999
      vertex 34.0549 14.1157 0.349999
      vertex 33.6702 13.8252 0.349999
    endloop
  endfacet
  facet normal 0 0 -1
    outer loop
      vertex 33.5703 14.0612 0.349999
      vertex 34.0549 14.1157 0.349999
      vertex 33.614 13.9382 0.349999
    endloop
  endfacet
  facet normal -0 0 -1
    outer loop
      vertex 34.0549 14.1157 0.349999
      vertex 33.5703 14.0612 0.349999
      vertex 34.0298 14.1991 0.349999
    endloop
  endfacet
  facet normal 0 0 -1
    outer loop
      vertex 33.5391 14.1941 0.349999
      vertex 34.0298 14.1991 0.349999
      vertex 33.5703 14.0612 0.349999
    endloop
  endfacet
  facet normal -0 0 -1
    outer loop
      vertex 34.0298 14.1991 0.349999
      vertex 33.5391 14.1941 0.349999
      vertex 34.0118 14.2892 0.349999
    endloop
  endfacet
  facet normal 0 0 -1
    outer loop
      vertex 33.5203 14.3369 0.349999
      vertex 34.0118 14.2892 0.349999
      vertex 33.5391 14.1941 0.349999
    endloop
  endfacet
  facet normal 0 0 -1
    outer loop
      vertex 34.0118 14.2892 0.349999
      vertex 33.5203 14.3369 0.349999
      vertex 34.0011 14.386 0.349999
    endloop
  endfacet
  facet normal 0 0 -1
    outer loop
      vertex 33.5157 14.45 0.349999
      vertex 34.0011 14.386 0.349999
      vertex 33.5203 14.3369 0.349999
    endloop
  endfacet
  facet normal 0 0 -1
    outer loop
      vertex 34.0011 14.386 0.349999
      vertex 33.5157 14.45 0.349999
      vertex 33.9989 14.45 0.349999
    endloop
  endfacet
  facet normal 0 0 -1
    outer loop
      vertex 42.2775 14.0251 0.349999
      vertex 42.6857 13.8708 0.349999
      vertex 42.6471 13.7904 0.349999
    endloop
  endfacet
  facet normal 0 0 -1
    outer loop
      vertex 42.2558 13.9802 0.349999
      vertex 42.6471 13.7904 0.349999
      vertex 42.6024 13.7161 0.349999
    endloop
  endfacet
  facet normal 0 0 -1
    outer loop
      vertex 42.2299 13.9381 0.349999
      vertex 42.6024 13.7161 0.349999
      vertex 42.5514 13.6481 0.349999
    endloop
  endfacet
  facet normal 0 0 -1
    outer loop
      vertex 42.1998 13.8989 0.349999
      vertex 42.5514 13.6481 0.349999
      vertex 42.4943 13.5863 0.349999
    endloop
  endfacet
  facet normal 0 0 -1
    outer loop
      vertex 42.1655 13.8626 0.349999
      vertex 42.4943 13.5863 0.349999
      vertex 42.4311 13.5307 0.349999
    endloop
  endfacet
  facet normal 0 0 -1
    outer loop
      vertex 42.1269 13.8292 0.349999
      vertex 42.4311 13.5307 0.349999
      vertex 42.3616 13.4814 0.349999
    endloop
  endfacet
  facet normal 0 0 -1
    outer loop
      vertex 42.6024 13.7161 0.349999
      vertex 42.2299 13.9381 0.349999
      vertex 42.2558 13.9802 0.349999
    endloop
  endfacet
  facet normal 0 0 -1
    outer loop
      vertex 42.0842 13.7987 0.349999
      vertex 42.3616 13.4814 0.349999
      vertex 42.286 13.4384 0.349999
    endloop
  endfacet
  facet normal 0 0 -1
    outer loop
      vertex 42.6857 13.8708 0.349999
      vertex 42.2949 14.073 0.349999
      vertex 42.7181 13.9574 0.349999
    endloop
  endfacet
  facet normal 0 -0 -1
    outer loop
      vertex 42.2949 14.073 0.349999
      vertex 42.6857 13.8708 0.349999
      vertex 42.2775 14.0251 0.349999
    endloop
  endfacet
  facet normal 0 0 -1
    outer loop
      vertex 42.6471 13.7904 0.349999
      vertex 42.2558 13.9802 0.349999
      vertex 42.2775 14.0251 0.349999
    endloop
  endfacet
  facet normal 0 0 -1
    outer loop
      vertex 42.0381 13.7717 0.349999
      vertex 42.286 13.4384 0.349999
      vertex 42.2043 13.4021 0.349999
    endloop
  endfacet
  facet normal 0 0 -1
    outer loop
      vertex 42.5514 13.6481 0.349999
      vertex 42.1998 13.8989 0.349999
      vertex 42.2299 13.9381 0.349999
    endloop
  endfacet
  facet normal 0 0 -1
    outer loop
      vertex 42.4943 13.5863 0.349999
      vertex 42.1655 13.8626 0.349999
      vertex 42.1998 13.8989 0.349999
    endloop
  endfacet
  facet normal 0 0 -1
    outer loop
      vertex 42.4311 13.5307 0.349999
      vertex 42.1269 13.8292 0.349999
      vertex 42.1655 13.8626 0.349999
    endloop
  endfacet
  facet normal 0 0 -1
    outer loop
      vertex 41.9898 13.7489 0.349999
      vertex 42.2043 13.4021 0.349999
      vertex 42.1165 13.3723 0.349999
    endloop
  endfacet
  facet normal 0 0 -1
    outer loop
      vertex 42.3616 13.4814 0.349999
      vertex 42.0842 13.7987 0.349999
      vertex 42.1269 13.8292 0.349999
    endloop
  endfacet
  facet normal 0 0 -1
    outer loop
      vertex 42.286 13.4384 0.349999
      vertex 42.0381 13.7717 0.349999
      vertex 42.0842 13.7987 0.349999
    endloop
  endfacet
  facet normal 0 0 -1
    outer loop
      vertex 41.9392 13.7302 0.349999
      vertex 42.1165 13.3723 0.349999
      vertex 42.0226 13.3492 0.349999
    endloop
  endfacet
  facet normal 0 0 -1
    outer loop
      vertex 42.2043 13.4021 0.349999
      vertex 41.9898 13.7489 0.349999
      vertex 42.0381 13.7717 0.349999
    endloop
  endfacet
  facet normal 0 0 -1
    outer loop
      vertex 42.1165 13.3723 0.349999
      vertex 41.9392 13.7302 0.349999
      vertex 41.9898 13.7489 0.349999
    endloop
  endfacet
  facet normal 0 0 -1
    outer loop
      vertex 41.8863 13.7157 0.349999
      vertex 42.0226 13.3492 0.349999
      vertex 41.9225 13.3327 0.349999
    endloop
  endfacet
  facet normal 0 0 -1
    outer loop
      vertex 42.0226 13.3492 0.349999
      vertex 41.8863 13.7157 0.349999
      vertex 41.9392 13.7302 0.349999
    endloop
  endfacet
  facet normal 0 0 -1
    outer loop
      vertex 41.9225 13.3327 0.349999
      vertex 41.8311 13.7053 0.349999
      vertex 41.8863 13.7157 0.349999
    endloop
  endfacet
  facet normal 0 0 -1
    outer loop
      vertex 41.8164 13.3227 0.349999
      vertex 41.8311 13.7053 0.349999
      vertex 41.9225 13.3327 0.349999
    endloop
  endfacet
  facet normal 0 0 -1
    outer loop
      vertex 41.8164 13.3227 0.349999
      vertex 41.7737 13.6991 0.349999
      vertex 41.8311 13.7053 0.349999
    endloop
  endfacet
  facet normal 0 0 -1
    outer loop
      vertex 41.7041 13.3194 0.349999
      vertex 41.7737 13.6991 0.349999
      vertex 41.8164 13.3227 0.349999
    endloop
  endfacet
  facet normal 0 0 -1
    outer loop
      vertex 41.7737 13.6991 0.349999
      vertex 41.7041 13.3194 0.349999
      vertex 41.7139 13.697 0.349999
    endloop
  endfacet
  facet normal 0 0 -1
    outer loop
      vertex 41.7041 13.3194 0.349999
      vertex 41.6241 13.7011 0.349999
      vertex 41.7139 13.697 0.349999
    endloop
  endfacet
  facet normal 0 0 -1
    outer loop
      vertex 41.5514 13.3256 0.349999
      vertex 41.6241 13.7011 0.349999
      vertex 41.7041 13.3194 0.349999
    endloop
  endfacet
  facet normal 0 0 -1
    outer loop
      vertex 41.5514 13.3256 0.349999
      vertex 41.5407 13.7135 0.349999
      vertex 41.6241 13.7011 0.349999
    endloop
  endfacet
  facet normal 0 0 -1
    outer loop
      vertex 41.4093 13.3441 0.349999
      vertex 41.5407 13.7135 0.349999
      vertex 41.5514 13.3256 0.349999
    endloop
  endfacet
  facet normal -0 0 -1
    outer loop
      vertex 41.5407 13.7135 0.349999
      vertex 41.4093 13.3441 0.349999
      vertex 41.4637 13.7341 0.349999
    endloop
  endfacet
  facet normal 0 0 -1
    outer loop
      vertex 41.2779 13.375 0.349999
      vertex 41.4637 13.7341 0.349999
      vertex 41.4093 13.3441 0.349999
    endloop
  endfacet
  facet normal -0 0 -1
    outer loop
      vertex 41.4637 13.7341 0.349999
      vertex 41.2779 13.375 0.349999
      vertex 41.3932 13.7629 0.349999
    endloop
  endfacet
  facet normal 0 0 -1
    outer loop
      vertex 41.1573 13.4183 0.349999
      vertex 41.3932 13.7629 0.349999
      vertex 41.2779 13.375 0.349999
    endloop
  endfacet
  facet normal -0 0 -1
    outer loop
      vertex 41.3932 13.7629 0.349999
      vertex 41.1573 13.4183 0.349999
      vertex 41.329 13.8 0.349999
    endloop
  endfacet
  facet normal 0 0 -1
    outer loop
      vertex 41.0473 13.4739 0.349999
      vertex 41.329 13.8 0.349999
      vertex 41.1573 13.4183 0.349999
    endloop
  endfacet
  facet normal -0 0 -1
    outer loop
      vertex 41.329 13.8 0.349999
      vertex 41.0473 13.4739 0.349999
      vertex 41.2713 13.8453 0.349999
    endloop
  endfacet
  facet normal 0 0 -1
    outer loop
      vertex 40.948 13.5418 0.349999
      vertex 41.2713 13.8453 0.349999
      vertex 41.0473 13.4739 0.349999
    endloop
  endfacet
  facet normal -0 0 -1
    outer loop
      vertex 41.2713 13.8453 0.349999
      vertex 40.948 13.5418 0.349999
      vertex 41.2199 13.8988 0.349999
    endloop
  endfacet
  facet normal 0 0 -1
    outer loop
      vertex 40.8594 13.6221 0.349999
      vertex 41.2199 13.8988 0.349999
      vertex 40.948 13.5418 0.349999
    endloop
  endfacet
  facet normal -0 0 -1
    outer loop
      vertex 41.2199 13.8988 0.349999
      vertex 40.8594 13.6221 0.349999
      vertex 41.1752 13.9603 0.349999
    endloop
  endfacet
  facet normal 0 0 -1
    outer loop
      vertex 40.7822 13.714 0.349999
      vertex 41.1752 13.9603 0.349999
      vertex 40.8594 13.6221 0.349999
    endloop
  endfacet
  facet normal 0 0 -1
    outer loop
      vertex 40.6632 13.9297 0.349999
      vertex 41.1374 14.0294 0.349999
      vertex 40.7168 13.8165 0.349999
    endloop
  endfacet
  facet normal 0 0 -1
    outer loop
      vertex 40.7168 13.8165 0.349999
      vertex 41.1374 14.0294 0.349999
      vertex 40.7822 13.714 0.349999
    endloop
  endfacet
  facet normal -0 0 -1
    outer loop
      vertex 41.1752 13.9603 0.349999
      vertex 40.7822 13.714 0.349999
      vertex 41.1374 14.0294 0.349999
    endloop
  endfacet
  facet normal 0 0 -1
    outer loop
      vertex 42.3291 14.8655 0.349999
      vertex 42.7062 15.1148 0.349999
      vertex 42.7473 15.0234 0.349999
    endloop
  endfacet
  facet normal 0 0 -1
    outer loop
      vertex 42.2753 14.9813 0.349999
      vertex 42.7062 15.1148 0.349999
      vertex 42.3291 14.8655 0.349999
    endloop
  endfacet
  facet normal -0 0 -1
    outer loop
      vertex 42.6599 15.1992 0.349999
      vertex 42.2753 14.9813 0.349999
      vertex 42.6084 15.2768 0.349999
    endloop
  endfacet
  facet normal 0 0 -1
    outer loop
      vertex 42.2107 15.0792 0.349999
      vertex 42.6084 15.2768 0.349999
      vertex 42.2753 14.9813 0.349999
    endloop
  endfacet
  facet normal -0 0 -1
    outer loop
      vertex 42.6084 15.2768 0.349999
      vertex 42.2107 15.0792 0.349999
      vertex 42.5518 15.3473 0.349999
    endloop
  endfacet
  facet normal -0 0 -1
    outer loop
      vertex 42.5518 15.3473 0.349999
      vertex 42.2107 15.0792 0.349999
      vertex 42.49 15.4109 0.349999
    endloop
  endfacet
  facet normal -0 0 -1
    outer loop
      vertex 42.7062 15.1148 0.349999
      vertex 42.2753 14.9813 0.349999
      vertex 42.6599 15.1992 0.349999
    endloop
  endfacet
  facet normal 0 0 -1
    outer loop
      vertex 42.1353 15.1593 0.349999
      vertex 42.49 15.4109 0.349999
      vertex 42.2107 15.0792 0.349999
    endloop
  endfacet
  facet normal -0 0 -1
    outer loop
      vertex 42.49 15.4109 0.349999
      vertex 42.1353 15.1593 0.349999
      vertex 42.4231 15.4676 0.349999
    endloop
  endfacet
  facet normal -0 0 -1
    outer loop
      vertex 42.4231 15.4676 0.349999
      vertex 42.1353 15.1593 0.349999
      vertex 42.3511 15.5174 0.349999
    endloop
  endfacet
  facet normal -0 0 -1
    outer loop
      vertex 42.3511 15.5174 0.349999
      vertex 42.1353 15.1593 0.349999
      vertex 42.2743 15.5603 0.349999
    endloop
  endfacet
  facet normal 0 0 -1
    outer loop
      vertex 42.049 15.2216 0.349999
      vertex 42.2743 15.5603 0.349999
      vertex 42.1353 15.1593 0.349999
    endloop
  endfacet
  facet normal -0 0 -1
    outer loop
      vertex 42.2743 15.5603 0.349999
      vertex 42.049 15.2216 0.349999
      vertex 42.1933 15.5967 0.349999
    endloop
  endfacet
  facet normal -0 0 -1
    outer loop
      vertex 42.1933 15.5967 0.349999
      vertex 42.049 15.2216 0.349999
      vertex 42.1082 15.6264 0.349999
    endloop
  endfacet
  facet normal 0 0 -1
    outer loop
      vertex 41.9519 15.2661 0.349999
      vertex 42.1082 15.6264 0.349999
      vertex 42.049 15.2216 0.349999
    endloop
  endfacet
  facet normal -0 0 -1
    outer loop
      vertex 42.1082 15.6264 0.349999
      vertex 41.9519 15.2661 0.349999
      vertex 42.0188 15.6496 0.349999
    endloop
  endfacet
  facet normal 0 0 -1
    outer loop
      vertex 41.844 15.2928 0.349999
      vertex 42.0188 15.6496 0.349999
      vertex 41.9519 15.2661 0.349999
    endloop
  endfacet
  facet normal -0 0 -1
    outer loop
      vertex 42.0188 15.6496 0.349999
      vertex 41.844 15.2928 0.349999
      vertex 41.9252 15.6661 0.349999
    endloop
  endfacet
  facet normal 0 0 -1
    outer loop
      vertex 41.844 15.2928 0.349999
      vertex 41.8273 15.676 0.349999
      vertex 41.9252 15.6661 0.349999
    endloop
  endfacet
  facet normal 0 0 -1
    outer loop
      vertex 41.7253 15.3017 0.349999
      vertex 41.8273 15.676 0.349999
      vertex 41.844 15.2928 0.349999
    endloop
  endfacet
  facet normal 0 0 -1
    outer loop
      vertex 41.7253 15.3017 0.349999
      vertex 41.7253 15.6793 0.349999
      vertex 41.8273 15.676 0.349999
    endloop
  endfacet
  facet normal 0 0 -1
    outer loop
      vertex 41.6349 15.2975 0.349999
      vertex 41.7253 15.6793 0.349999
      vertex 41.7253 15.3017 0.349999
    endloop
  endfacet
  facet normal 0 0 -1
    outer loop
      vertex 41.6349 15.2975 0.349999
      vertex 41.5723 15.6729 0.349999
      vertex 41.7253 15.6793 0.349999
    endloop
  endfacet
  facet normal 0 0 -1
    outer loop
      vertex 41.5509 15.2847 0.349999
      vertex 41.5723 15.6729 0.349999
      vertex 41.6349 15.2975 0.349999
    endloop
  endfacet
  facet normal 0 0 -1
    outer loop
      vertex 41.4296 15.6537 0.349999
      vertex 41.5509 15.2847 0.349999
      vertex 41.4731 15.2635 0.349999
    endloop
  endfacet
  facet normal 0 0 -1
    outer loop
      vertex 41.5509 15.2847 0.349999
      vertex 41.4296 15.6537 0.349999
      vertex 41.5723 15.6729 0.349999
    endloop
  endfacet
  facet normal 0 0 -1
    outer loop
      vertex 41.2972 15.6217 0.349999
      vertex 41.4731 15.2635 0.349999
      vertex 41.4016 15.2337 0.349999
    endloop
  endfacet
  facet normal 0 0 -1
    outer loop
      vertex 41.175 15.577 0.349999
      vertex 41.4016 15.2337 0.349999
      vertex 41.3364 15.1954 0.349999
    endloop
  endfacet
  facet normal 0 0 -1
    outer loop
      vertex 41.4731 15.2635 0.349999
      vertex 41.2972 15.6217 0.349999
      vertex 41.4296 15.6537 0.349999
    endloop
  endfacet
  facet normal 0 0 -1
    outer loop
      vertex 41.0631 15.5194 0.349999
      vertex 41.3364 15.1954 0.349999
      vertex 41.2775 15.1487 0.349999
    endloop
  endfacet
  facet normal 0 0 -1
    outer loop
      vertex 40.9614 15.4491 0.349999
      vertex 41.2775 15.1487 0.349999
      vertex 41.2248 15.0934 0.349999
    endloop
  endfacet
  facet normal 0 0 -1
    outer loop
      vertex 40.87 15.366 0.349999
      vertex 41.2248 15.0934 0.349999
      vertex 41.1788 15.0301 0.349999
    endloop
  endfacet
  facet normal 0 0 -1
    outer loop
      vertex 41.4016 15.2337 0.349999
      vertex 41.175 15.577 0.349999
      vertex 41.2972 15.6217 0.349999
    endloop
  endfacet
  facet normal 0 0 -1
    outer loop
      vertex 40.7899 15.2714 0.349999
      vertex 41.1788 15.0301 0.349999
      vertex 41.1399 14.9591 0.349999
    endloop
  endfacet
  facet normal 0 0 -1
    outer loop
      vertex 40.7222 15.1666 0.349999
      vertex 41.1399 14.9591 0.349999
      vertex 41.1081 14.8805 0.349999
    endloop
  endfacet
  facet normal 0 0 -1
    outer loop
      vertex 40.6236 14.9264 0.349999
      vertex 41.1081 14.8805 0.349999
      vertex 41.0833 14.7942 0.349999
    endloop
  endfacet
  facet normal 0 0 -1
    outer loop
      vertex 40.5928 14.791 0.349999
      vertex 41.0833 14.7942 0.349999
      vertex 41.0657 14.7003 0.349999
    endloop
  endfacet
  facet normal 0 0 -1
    outer loop
      vertex 41.3364 15.1954 0.349999
      vertex 41.0631 15.5194 0.349999
      vertex 41.175 15.577 0.349999
    endloop
  endfacet
  facet normal 0 0 -1
    outer loop
      vertex 40.5743 14.6454 0.349999
      vertex 41.0657 14.7003 0.349999
      vertex 41.055 14.5988 0.349999
    endloop
  endfacet
  facet normal 0 0 -1
    outer loop
      vertex 40.5681 14.4896 0.349999
      vertex 41.055 14.5988 0.349999
      vertex 41.0515 14.4896 0.349999
    endloop
  endfacet
  facet normal 0 0 -1
    outer loop
      vertex 41.2775 15.1487 0.349999
      vertex 40.9614 15.4491 0.349999
      vertex 41.0631 15.5194 0.349999
    endloop
  endfacet
  facet normal -0 0 -1
    outer loop
      vertex 41.1374 14.0294 0.349999
      vertex 40.6632 13.9297 0.349999
      vertex 41.1065 14.1062 0.349999
    endloop
  endfacet
  facet normal 0 0 -1
    outer loop
      vertex 40.6216 14.0537 0.349999
      vertex 41.1065 14.1062 0.349999
      vertex 40.6632 13.9297 0.349999
    endloop
  endfacet
  facet normal -0 0 -1
    outer loop
      vertex 41.055 14.5988 0.349999
      vertex 40.5681 14.4896 0.349999
      vertex 40.5743 14.6454 0.349999
    endloop
  endfacet
  facet normal -0 0 -1
    outer loop
      vertex 41.1065 14.1062 0.349999
      vertex 40.6216 14.0537 0.349999
      vertex 41.0824 14.1906 0.349999
    endloop
  endfacet
  facet normal -0 0 -1
    outer loop
      vertex 41.0657 14.7003 0.349999
      vertex 40.5743 14.6454 0.349999
      vertex 40.5928 14.791 0.349999
    endloop
  endfacet
  facet normal 0 0 -1
    outer loop
      vertex 40.5919 14.1883 0.349999
      vertex 41.0824 14.1906 0.349999
      vertex 40.6216 14.0537 0.349999
    endloop
  endfacet
  facet normal -0 0 -1
    outer loop
      vertex 41.0833 14.7942 0.349999
      vertex 40.5928 14.791 0.349999
      vertex 40.6236 14.9264 0.349999
    endloop
  endfacet
  facet normal -0 0 -1
    outer loop
      vertex 41.0824 14.1906 0.349999
      vertex 40.5919 14.1883 0.349999
      vertex 41.0652 14.2826 0.349999
    endloop
  endfacet
  facet normal 0 0 -1
    outer loop
      vertex 41.1081 14.8805 0.349999
      vertex 40.6236 14.9264 0.349999
      vertex 40.6667 15.0516 0.349999
    endloop
  endfacet
  facet normal 0 0 -1
    outer loop
      vertex 40.5741 14.3336 0.349999
      vertex 41.0652 14.2826 0.349999
      vertex 40.5919 14.1883 0.349999
    endloop
  endfacet
  facet normal 0 0 -1
    outer loop
      vertex 41.1081 14.8805 0.349999
      vertex 40.6667 15.0516 0.349999
      vertex 40.7222 15.1666 0.349999
    endloop
  endfacet
  facet normal 0 0 -1
    outer loop
      vertex 41.0652 14.2826 0.349999
      vertex 40.5741 14.3336 0.349999
      vertex 41.0549 14.3823 0.349999
    endloop
  endfacet
  facet normal 0 0 -1
    outer loop
      vertex 41.1399 14.9591 0.349999
      vertex 40.7222 15.1666 0.349999
      vertex 40.7899 15.2714 0.349999
    endloop
  endfacet
  facet normal 0 0 -1
    outer loop
      vertex 40.5681 14.4896 0.349999
      vertex 41.0549 14.3823 0.349999
      vertex 40.5741 14.3336 0.349999
    endloop
  endfacet
  facet normal 0 0 -1
    outer loop
      vertex 41.1788 15.0301 0.349999
      vertex 40.7899 15.2714 0.349999
      vertex 40.87 15.366 0.349999
    endloop
  endfacet
  facet normal 0 0 -1
    outer loop
      vertex 41.0549 14.3823 0.349999
      vertex 40.5681 14.4896 0.349999
      vertex 41.0515 14.4896 0.349999
    endloop
  endfacet
  facet normal 0 0 -1
    outer loop
      vertex 41.2248 15.0934 0.349999
      vertex 40.87 15.366 0.349999
      vertex 40.9614 15.4491 0.349999
    endloop
  endfacet
  facet normal 0 0 -1
    outer loop
      vertex 28.7402 13.55 0.349999
      vertex 28.2064 13.7296 0.349999
      vertex 28.7402 13.6873 0.349999
    endloop
  endfacet
  facet normal 0 0 -1
    outer loop
      vertex 27.0899 13.55 0.349999
      vertex 28.2064 13.7296 0.349999
      vertex 28.7402 13.55 0.349999
    endloop
  endfacet
  facet normal -0 0 -1
    outer loop
      vertex 28.2064 13.7296 0.349999
      vertex 27.0899 13.55 0.349999
      vertex 27.0899 13.7296 0.349999
    endloop
  endfacet
  facet normal 0 0 -1
    outer loop
      vertex 28.2064 13.7296 0.349999
      vertex 28.1429 14.45 0.349999
      vertex 28.7402 13.6873 0.349999
    endloop
  endfacet
  facet normal -0 -0 -1
    outer loop
      vertex 28.1429 14.45 0.349999
      vertex 28.2064 13.7296 0.349999
      vertex 27.6399 14.45 0.349999
    endloop
  endfacet
  facet normal 0 0 -1
    outer loop
      vertex 30.8816 13.55 0.349999
      vertex 29.5585 13.7247 0.349999
      vertex 30.8816 13.7247 0.349999
    endloop
  endfacet
  facet normal 0 0 -1
    outer loop
      vertex 29.0784 14.45 0.349999
      vertex 29.5585 13.7247 0.349999
      vertex 29.0784 13.55 0.349999
    endloop
  endfacet
  facet normal 0 0 -1
    outer loop
      vertex 29.0784 13.55 0.349999
      vertex 29.5585 13.7247 0.349999
      vertex 30.8816 13.55 0.349999
    endloop
  endfacet
  facet normal 0 0 -1
    outer loop
      vertex 29.5585 14.3008 0.349999
      vertex 30.7823 14.45 0.349999
      vertex 30.7823 14.3008 0.349999
    endloop
  endfacet
  facet normal 0 0 -1
    outer loop
      vertex 29.5585 14.3008 0.349999
      vertex 29.0784 14.45 0.349999
      vertex 30.7823 14.45 0.349999
    endloop
  endfacet
  facet normal 0 0 -1
    outer loop
      vertex 29.5585 13.7247 0.349999
      vertex 29.0784 14.45 0.349999
      vertex 29.5585 14.3008 0.349999
    endloop
  endfacet
  facet normal 0 0 -1
    outer loop
      vertex 33.2468 13.9459 0.349999
      vertex 32.7594 13.969 0.349999
      vertex 32.768 14.0567 0.349999
    endloop
  endfacet
  facet normal 0 0 -1
    outer loop
      vertex 33.0876 13.5838 0.349999
      vertex 32.7335 13.8949 0.349999
      vertex 32.7594 13.969 0.349999
    endloop
  endfacet
  facet normal 0 0 -1
    outer loop
      vertex 33.0503 13.55 0.349999
      vertex 32.6903 13.8342 0.349999
      vertex 32.7335 13.8949 0.349999
    endloop
  endfacet
  facet normal 0 0 -1
    outer loop
      vertex 33.0503 13.55 0.349999
      vertex 32.6298 13.787 0.349999
      vertex 32.6903 13.8342 0.349999
    endloop
  endfacet
  facet normal 0 0 -1
    outer loop
      vertex 33.0503 13.55 0.349999
      vertex 32.5521 13.7533 0.349999
      vertex 32.6298 13.787 0.349999
    endloop
  endfacet
  facet normal 0 0 -1
    outer loop
      vertex 33.0503 13.55 0.349999
      vertex 32.4571 13.733 0.349999
      vertex 32.5521 13.7533 0.349999
    endloop
  endfacet
  facet normal 0 0 -1
    outer loop
      vertex 33.0503 13.55 0.349999
      vertex 32.3449 13.7263 0.349999
      vertex 32.4571 13.733 0.349999
    endloop
  endfacet
  facet normal 0 0 -1
    outer loop
      vertex 31.2496 13.55 0.349999
      vertex 32.3449 13.7263 0.349999
      vertex 33.0503 13.55 0.349999
    endloop
  endfacet
  facet normal 0 0 -1
    outer loop
      vertex 31.2496 14.45 0.349999
      vertex 31.7297 13.7263 0.349999
      vertex 31.2496 13.55 0.349999
    endloop
  endfacet
  facet normal -0 0 -1
    outer loop
      vertex 32.3449 13.7263 0.349999
      vertex 31.2496 13.55 0.349999
      vertex 31.7297 13.7263 0.349999
    endloop
  endfacet
  facet normal 0 0 -1
    outer loop
      vertex 32.768 14.0567 0.349999
      vertex 33.2514 14.0372 0.349999
      vertex 33.2468 13.9459 0.349999
    endloop
  endfacet
  facet normal 0 0 -1
    outer loop
      vertex 33.2514 14.0372 0.349999
      vertex 32.768 14.0567 0.349999
      vertex 33.2486 14.1046 0.349999
    endloop
  endfacet
  facet normal 0 0 -1
    outer loop
      vertex 32.7594 13.969 0.349999
      vertex 33.2468 13.9459 0.349999
      vertex 33.2332 13.8609 0.349999
    endloop
  endfacet
  facet normal 0 0 -1
    outer loop
      vertex 32.7659 14.1022 0.349999
      vertex 33.2486 14.1046 0.349999
      vertex 32.768 14.0567 0.349999
    endloop
  endfacet
  facet normal 0 0 -1
    outer loop
      vertex 32.7594 13.969 0.349999
      vertex 33.2332 13.8609 0.349999
      vertex 33.2104 13.7822 0.349999
    endloop
  endfacet
  facet normal -0 0 -1
    outer loop
      vertex 33.2486 14.1046 0.349999
      vertex 32.7659 14.1022 0.349999
      vertex 33.2402 14.1694 0.349999
    endloop
  endfacet
  facet normal -0 0 -1
    outer loop
      vertex 33.2402 14.1694 0.349999
      vertex 32.7659 14.1022 0.349999
      vertex 33.2263 14.2315 0.349999
    endloop
  endfacet
  facet normal 0 0 -1
    outer loop
      vertex 32.7594 13.969 0.349999
      vertex 33.2104 13.7822 0.349999
      vertex 33.1786 13.7098 0.349999
    endloop
  endfacet
  facet normal 0 0 -1
    outer loop
      vertex 32.7595 14.1446 0.349999
      vertex 33.2263 14.2315 0.349999
      vertex 32.7659 14.1022 0.349999
    endloop
  endfacet
  facet normal 0 0 -1
    outer loop
      vertex 32.7594 13.969 0.349999
      vertex 33.1786 13.7098 0.349999
      vertex 33.1376 13.6436 0.349999
    endloop
  endfacet
  facet normal -0 0 -1
    outer loop
      vertex 33.2263 14.2315 0.349999
      vertex 32.7595 14.1446 0.349999
      vertex 33.2067 14.2909 0.349999
    endloop
  endfacet
  facet normal 0 0 -1
    outer loop
      vertex 32.7594 13.969 0.349999
      vertex 33.1376 13.6436 0.349999
      vertex 33.0876 13.5838 0.349999
    endloop
  endfacet
  facet normal 0 0 -1
    outer loop
      vertex 32.7335 13.8949 0.349999
      vertex 33.0876 13.5838 0.349999
      vertex 33.0503 13.55 0.349999
    endloop
  endfacet
  facet normal -0 0 -1
    outer loop
      vertex 33.2067 14.2909 0.349999
      vertex 32.7595 14.1446 0.349999
      vertex 33.1816 14.3476 0.349999
    endloop
  endfacet
  facet normal 0 0 -1
    outer loop
      vertex 32.7489 14.1841 0.349999
      vertex 33.1816 14.3476 0.349999
      vertex 32.7595 14.1446 0.349999
    endloop
  endfacet
  facet normal -0 0 -1
    outer loop
      vertex 33.1816 14.3476 0.349999
      vertex 32.7489 14.1841 0.349999
      vertex 33.1509 14.4017 0.349999
    endloop
  endfacet
  facet normal 0 0 -1
    outer loop
      vertex 32.734 14.2206 0.349999
      vertex 33.1509 14.4017 0.349999
      vertex 32.7489 14.1841 0.349999
    endloop
  endfacet
  facet normal -0 0 -1
    outer loop
      vertex 33.1509 14.4017 0.349999
      vertex 32.734 14.2206 0.349999
      vertex 33.1168 14.45 0.349999
    endloop
  endfacet
  facet normal 0 0 -1
    outer loop
      vertex 32.7149 14.2542 0.349999
      vertex 33.1168 14.45 0.349999
      vertex 32.734 14.2206 0.349999
    endloop
  endfacet
  facet normal 0 0 -1
    outer loop
      vertex 32.6915 14.2847 0.349999
      vertex 33.1168 14.45 0.349999
      vertex 32.7149 14.2542 0.349999
    endloop
  endfacet
  facet normal 0 0 -1
    outer loop
      vertex 32.6638 14.3122 0.349999
      vertex 33.1168 14.45 0.349999
      vertex 32.6915 14.2847 0.349999
    endloop
  endfacet
  facet normal 0 0 -1
    outer loop
      vertex 32.6321 14.3364 0.349999
      vertex 33.1168 14.45 0.349999
      vertex 32.6638 14.3122 0.349999
    endloop
  endfacet
  facet normal 0 0 -1
    outer loop
      vertex 32.5964 14.3568 0.349999
      vertex 33.1168 14.45 0.349999
      vertex 32.6321 14.3364 0.349999
    endloop
  endfacet
  facet normal 0 0 -1
    outer loop
      vertex 32.5566 14.3736 0.349999
      vertex 33.1168 14.45 0.349999
      vertex 32.5964 14.3568 0.349999
    endloop
  endfacet
  facet normal 0 0 -1
    outer loop
      vertex 32.5129 14.3866 0.349999
      vertex 33.1168 14.45 0.349999
      vertex 32.5566 14.3736 0.349999
    endloop
  endfacet
  facet normal 0 0 -1
    outer loop
      vertex 32.4652 14.3959 0.349999
      vertex 33.1168 14.45 0.349999
      vertex 32.5129 14.3866 0.349999
    endloop
  endfacet
  facet normal 0 0 -1
    outer loop
      vertex 32.4136 14.4015 0.349999
      vertex 33.1168 14.45 0.349999
      vertex 32.4652 14.3959 0.349999
    endloop
  endfacet
  facet normal 0 0 -1
    outer loop
      vertex 32.3579 14.4033 0.349999
      vertex 33.1168 14.45 0.349999
      vertex 32.4136 14.4015 0.349999
    endloop
  endfacet
  facet normal 0 0 -1
    outer loop
      vertex 31.2496 14.45 0.349999
      vertex 32.3579 14.4033 0.349999
      vertex 31.7297 14.4033 0.349999
    endloop
  endfacet
  facet normal 0 0 -1
    outer loop
      vertex 32.3579 14.4033 0.349999
      vertex 31.2496 14.45 0.349999
      vertex 33.1168 14.45 0.349999
    endloop
  endfacet
  facet normal 0 0 -1
    outer loop
      vertex 31.7297 13.7263 0.349999
      vertex 31.2496 14.45 0.349999
      vertex 31.7297 14.4033 0.349999
    endloop
  endfacet
  facet normal 0 0 -1
    outer loop
      vertex 44.5383 14.6865 0.349999
      vertex 44.9647 15.6467 0.349999
      vertex 44.9647 13.3536 0.349999
    endloop
  endfacet
  facet normal 0 0 -1
    outer loop
      vertex 44.9647 15.6467 0.349999
      vertex 44.5598 15.0648 0.349999
      vertex 44.5676 15.1341 0.349999
    endloop
  endfacet
  facet normal 0 0 -1
    outer loop
      vertex 44.9647 15.6467 0.349999
      vertex 44.5532 14.9972 0.349999
      vertex 44.5598 15.0648 0.349999
    endloop
  endfacet
  facet normal 0 0 -1
    outer loop
      vertex 44.9647 15.6467 0.349999
      vertex 44.5479 14.9315 0.349999
      vertex 44.5532 14.9972 0.349999
    endloop
  endfacet
  facet normal 0 0 -1
    outer loop
      vertex 44.9647 15.6467 0.349999
      vertex 44.5437 14.8676 0.349999
      vertex 44.5479 14.9315 0.349999
    endloop
  endfacet
  facet normal 0 0 -1
    outer loop
      vertex 44.9647 15.6467 0.349999
      vertex 44.5407 14.8054 0.349999
      vertex 44.5437 14.8676 0.349999
    endloop
  endfacet
  facet normal 0 0 -1
    outer loop
      vertex 44.9647 15.6467 0.349999
      vertex 44.5389 14.7451 0.349999
      vertex 44.5407 14.8054 0.349999
    endloop
  endfacet
  facet normal 0 0 -1
    outer loop
      vertex 44.5383 14.6865 0.349999
      vertex 44.9647 13.3536 0.349999
      vertex 44.5383 13.3536 0.349999
    endloop
  endfacet
  facet normal 0 0 -1
    outer loop
      vertex 44.9647 15.6467 0.349999
      vertex 44.5383 14.6865 0.349999
      vertex 44.5389 14.7451 0.349999
    endloop
  endfacet
  facet normal 0 0 -1
    outer loop
      vertex 44.5676 15.1341 0.349999
      vertex 44.4016 15.6467 0.349999
      vertex 44.9647 15.6467 0.349999
    endloop
  endfacet
  facet normal 0 0 -1
    outer loop
      vertex 43.4023 13.8809 0.349999
      vertex 44.5676 15.1341 0.349999
      vertex 43.5536 13.3536 0.349999
    endloop
  endfacet
  facet normal -0 0 -1
    outer loop
      vertex 44.5676 15.1341 0.349999
      vertex 43.4023 13.8809 0.349999
      vertex 44.4016 15.6467 0.349999
    endloop
  endfacet
  facet normal 0 -0 -1
    outer loop
      vertex 43.4023 13.8809 0.349999
      vertex 43.5536 13.3536 0.349999
      vertex 43.0052 13.3536 0.349999
    endloop
  endfacet
  facet normal 0 0 -1
    outer loop
      vertex 43.0052 13.3536 0.349999
      vertex 43.4316 14.2943 0.349999
      vertex 43.431 14.2476 0.349999
    endloop
  endfacet
  facet normal 0 0 -1
    outer loop
      vertex 43.0052 13.3536 0.349999
      vertex 43.431 14.2476 0.349999
      vertex 43.4292 14.1968 0.349999
    endloop
  endfacet
  facet normal 0 0 -1
    outer loop
      vertex 43.0052 13.3536 0.349999
      vertex 43.4292 14.1968 0.349999
      vertex 43.4262 14.1418 0.349999
    endloop
  endfacet
  facet normal 0 0 -1
    outer loop
      vertex 43.0052 13.3536 0.349999
      vertex 43.4262 14.1418 0.349999
      vertex 43.422 14.0828 0.349999
    endloop
  endfacet
  facet normal 0 0 -1
    outer loop
      vertex 43.0052 13.3536 0.349999
      vertex 43.422 14.0828 0.349999
      vertex 43.4166 14.0196 0.349999
    endloop
  endfacet
  facet normal 0 0 -1
    outer loop
      vertex 43.0052 13.3536 0.349999
      vertex 43.4166 14.0196 0.349999
      vertex 43.4101 13.9523 0.349999
    endloop
  endfacet
  facet normal 0 0 -1
    outer loop
      vertex 43.0052 13.3536 0.349999
      vertex 43.4101 13.9523 0.349999
      vertex 43.4023 13.8809 0.349999
    endloop
  endfacet
  facet normal -0 0 -1
    outer loop
      vertex 43.4316 14.2943 0.349999
      vertex 43.0052 13.3536 0.349999
      vertex 43.0052 15.6467 0.349999
    endloop
  endfacet
  facet normal 0 0 -1
    outer loop
      vertex 43.4316 14.2943 0.349999
      vertex 43.0052 15.6467 0.349999
      vertex 43.4316 15.6467 0.349999
    endloop
  endfacet
  facet normal 0 1 -0
    outer loop
      vertex 38.6117 13.2315 0
      vertex 38.5117 13.2315 0.349999
      vertex 38.6117 13.2315 0.349999
    endloop
  endfacet
  facet normal 0 1 0
    outer loop
      vertex 38.5117 13.2315 0.349999
      vertex 38.6117 13.2315 0
      vertex 38.5117 13.2315 0
    endloop
  endfacet
  facet normal 0.982273 0.187456 0
    outer loop
      vertex 38.1736 13.4975 0.349999
      vertex 37.9907 14.4559 0
      vertex 37.9907 14.4559 0.349999
    endloop
  endfacet
  facet normal 0.982273 0.187456 0
    outer loop
      vertex 37.9907 14.4559 0
      vertex 38.1736 13.4975 0.349999
      vertex 38.1736 13.4975 0
    endloop
  endfacet
  facet normal -0.982866 -0.184323 0
    outer loop
      vertex 38.6117 13.2315 0
      vertex 38.3544 14.6035 0.349999
      vertex 38.3544 14.6035 0
    endloop
  endfacet
  facet normal -0.982866 -0.184323 0
    outer loop
      vertex 38.3544 14.6035 0.349999
      vertex 38.6117 13.2315 0
      vertex 38.6117 13.2315 0.349999
    endloop
  endfacet
  facet normal -0.999149 0.0412575 0
    outer loop
      vertex 35.8238 14.3386 0
      vertex 35.8284 14.45 0.349999
      vertex 35.8284 14.45 0
    endloop
  endfacet
  facet normal -0.999149 0.0412575 0
    outer loop
      vertex 35.8284 14.45 0.349999
      vertex 35.8238 14.3386 0
      vertex 35.8238 14.3386 0.349999
    endloop
  endfacet
  facet normal -0.991289 0.131705 0
    outer loop
      vertex 35.805 14.1971 0
      vertex 35.8238 14.3386 0.349999
      vertex 35.8238 14.3386 0
    endloop
  endfacet
  facet normal -0.991289 0.131705 0
    outer loop
      vertex 35.8238 14.3386 0.349999
      vertex 35.805 14.1971 0
      vertex 35.805 14.1971 0.349999
    endloop
  endfacet
  facet normal -0.973059 0.230558 0
    outer loop
      vertex 35.7737 14.065 0
      vertex 35.805 14.1971 0.349999
      vertex 35.805 14.1971 0
    endloop
  endfacet
  facet normal -0.973059 0.230558 0
    outer loop
      vertex 35.805 14.1971 0.349999
      vertex 35.7737 14.065 0
      vertex 35.7737 14.065 0.349999
    endloop
  endfacet
  facet normal -0.94162 0.336677 0
    outer loop
      vertex 35.7299 13.9425 0
      vertex 35.7737 14.065 0.349999
      vertex 35.7737 14.065 0
    endloop
  endfacet
  facet normal -0.94162 0.336677 0
    outer loop
      vertex 35.7737 14.065 0.349999
      vertex 35.7299 13.9425 0
      vertex 35.7299 13.9425 0.349999
    endloop
  endfacet
  facet normal -0.894744 0.44658 0
    outer loop
      vertex 35.6735 13.8295 0
      vertex 35.7299 13.9425 0.349999
      vertex 35.7299 13.9425 0
    endloop
  endfacet
  facet normal -0.894744 0.44658 0
    outer loop
      vertex 35.7299 13.9425 0.349999
      vertex 35.6735 13.8295 0
      vertex 35.6735 13.8295 0.349999
    endloop
  endfacet
  facet normal -0.832668 0.553772 0
    outer loop
      vertex 35.6046 13.7259 0
      vertex 35.6735 13.8295 0.349999
      vertex 35.6735 13.8295 0
    endloop
  endfacet
  facet normal -0.832668 0.553772 0
    outer loop
      vertex 35.6735 13.8295 0.349999
      vertex 35.6046 13.7259 0
      vertex 35.6046 13.7259 0.349999
    endloop
  endfacet
  facet normal -0.755954 0.654624 0
    outer loop
      vertex 35.5232 13.6319 0
      vertex 35.6046 13.7259 0.349999
      vertex 35.6046 13.7259 0
    endloop
  endfacet
  facet normal -0.755954 0.654624 0
    outer loop
      vertex 35.6046 13.7259 0.349999
      vertex 35.5232 13.6319 0
      vertex 35.5232 13.6319 0.349999
    endloop
  endfacet
  facet normal -0.667342 0.744751 0
    outer loop
      vertex 35.5232 13.6319 0
      vertex 35.4318 13.55 0.349999
      vertex 35.5232 13.6319 0.349999
    endloop
  endfacet
  facet normal -0.667342 0.744751 0
    outer loop
      vertex 35.4318 13.55 0.349999
      vertex 35.5232 13.6319 0
      vertex 35.4318 13.55 0
    endloop
  endfacet
  facet normal 0.664521 0.74727 -0
    outer loop
      vertex 33.9086 13.55 0
      vertex 33.8201 13.6287 0.349999
      vertex 33.9086 13.55 0.349999
    endloop
  endfacet
  facet normal 0.664521 0.74727 0
    outer loop
      vertex 33.8201 13.6287 0.349999
      vertex 33.9086 13.55 0
      vertex 33.8201 13.6287 0
    endloop
  endfacet
  facet normal 0.754327 0.656499 0
    outer loop
      vertex 33.8201 13.6287 0.349999
      vertex 33.7389 13.722 0
      vertex 33.7389 13.722 0.349999
    endloop
  endfacet
  facet normal 0.754327 0.656499 0
    outer loop
      vertex 33.7389 13.722 0
      vertex 33.8201 13.6287 0.349999
      vertex 33.8201 13.6287 0
    endloop
  endfacet
  facet normal 0.832422 0.554142 0
    outer loop
      vertex 33.7389 13.722 0.349999
      vertex 33.6702 13.8252 0
      vertex 33.6702 13.8252 0.349999
    endloop
  endfacet
  facet normal 0.832422 0.554142 0
    outer loop
      vertex 33.6702 13.8252 0
      vertex 33.7389 13.722 0.349999
      vertex 33.7389 13.722 0
    endloop
  endfacet
  facet normal 0.895376 0.445311 0
    outer loop
      vertex 33.6702 13.8252 0.349999
      vertex 33.614 13.9382 0
      vertex 33.614 13.9382 0.349999
    endloop
  endfacet
  facet normal 0.895376 0.445311 0
    outer loop
      vertex 33.614 13.9382 0
      vertex 33.6702 13.8252 0.349999
      vertex 33.6702 13.8252 0
    endloop
  endfacet
  facet normal 0.942295 0.334783 0
    outer loop
      vertex 33.614 13.9382 0.349999
      vertex 33.5703 14.0612 0
      vertex 33.5703 14.0612 0.349999
    endloop
  endfacet
  facet normal 0.942295 0.334783 0
    outer loop
      vertex 33.5703 14.0612 0
      vertex 33.614 13.9382 0.349999
      vertex 33.614 13.9382 0
    endloop
  endfacet
  facet normal 0.973532 0.228549 0
    outer loop
      vertex 33.5703 14.0612 0.349999
      vertex 33.5391 14.1941 0
      vertex 33.5391 14.1941 0.349999
    endloop
  endfacet
  facet normal 0.973532 0.228549 0
    outer loop
      vertex 33.5391 14.1941 0
      vertex 33.5703 14.0612 0.349999
      vertex 33.5703 14.0612 0
    endloop
  endfacet
  facet normal 0.991445 0.130526 0
    outer loop
      vertex 33.5391 14.1941 0.349999
      vertex 33.5203 14.3369 0
      vertex 33.5203 14.3369 0.349999
    endloop
  endfacet
  facet normal 0.991445 0.130526 0
    outer loop
      vertex 33.5203 14.3369 0
      vertex 33.5391 14.1941 0.349999
      vertex 33.5391 14.1941 0
    endloop
  endfacet
  facet normal 0.999174 0.0406384 0
    outer loop
      vertex 33.5203 14.3369 0.349999
      vertex 33.5157 14.45 0
      vertex 33.5157 14.45 0.349999
    endloop
  endfacet
  facet normal 0.999174 0.0406384 0
    outer loop
      vertex 33.5157 14.45 0
      vertex 33.5203 14.3369 0.349999
      vertex 33.5203 14.3369 0
    endloop
  endfacet
  facet normal -0.99941 -0.0343547 0
    outer loop
      vertex 34.0011 14.386 0
      vertex 33.9989 14.45 0.349999
      vertex 33.9989 14.45 0
    endloop
  endfacet
  facet normal -0.99941 -0.0343547 0
    outer loop
      vertex 33.9989 14.45 0.349999
      vertex 34.0011 14.386 0
      vertex 34.0011 14.386 0.349999
    endloop
  endfacet
  facet normal -0.993946 -0.109868 0
    outer loop
      vertex 34.0118 14.2892 0
      vertex 34.0011 14.386 0.349999
      vertex 34.0011 14.386 0
    endloop
  endfacet
  facet normal -0.993946 -0.109868 0
    outer loop
      vertex 34.0011 14.386 0.349999
      vertex 34.0118 14.2892 0
      vertex 34.0118 14.2892 0.349999
    endloop
  endfacet
  facet normal -0.980623 -0.195907 0
    outer loop
      vertex 34.0298 14.1991 0
      vertex 34.0118 14.2892 0.349999
      vertex 34.0118 14.2892 0
    endloop
  endfacet
  facet normal -0.980623 -0.195907 0
    outer loop
      vertex 34.0118 14.2892 0.349999
      vertex 34.0298 14.1991 0
      vertex 34.0298 14.1991 0.349999
    endloop
  endfacet
  facet normal -0.957573 -0.28819 0
    outer loop
      vertex 34.0549 14.1157 0
      vertex 34.0298 14.1991 0.349999
      vertex 34.0298 14.1991 0
    endloop
  endfacet
  facet normal -0.957573 -0.28819 0
    outer loop
      vertex 34.0298 14.1991 0.349999
      vertex 34.0549 14.1157 0
      vertex 34.0549 14.1157 0.349999
    endloop
  endfacet
  facet normal -0.921431 -0.388541 0
    outer loop
      vertex 34.0872 14.0391 0
      vertex 34.0549 14.1157 0.349999
      vertex 34.0549 14.1157 0
    endloop
  endfacet
  facet normal -0.921431 -0.388541 0
    outer loop
      vertex 34.0549 14.1157 0.349999
      vertex 34.0872 14.0391 0
      vertex 34.0872 14.0391 0.349999
    endloop
  endfacet
  facet normal -0.870842 -0.491564 0
    outer loop
      vertex 34.1266 13.9693 0
      vertex 34.0872 14.0391 0.349999
      vertex 34.0872 14.0391 0
    endloop
  endfacet
  facet normal -0.870842 -0.491564 0
    outer loop
      vertex 34.0872 14.0391 0.349999
      vertex 34.1266 13.9693 0
      vertex 34.1266 13.9693 0.349999
    endloop
  endfacet
  facet normal -0.804415 -0.594068 0
    outer loop
      vertex 34.1732 13.9062 0
      vertex 34.1266 13.9693 0.349999
      vertex 34.1266 13.9693 0
    endloop
  endfacet
  facet normal -0.804415 -0.594068 0
    outer loop
      vertex 34.1266 13.9693 0.349999
      vertex 34.1732 13.9062 0
      vertex 34.1732 13.9062 0.349999
    endloop
  endfacet
  facet normal -0.721257 -0.692667 0
    outer loop
      vertex 34.2265 13.8507 0
      vertex 34.1732 13.9062 0.349999
      vertex 34.1732 13.9062 0
    endloop
  endfacet
  facet normal -0.721257 -0.692667 0
    outer loop
      vertex 34.1732 13.9062 0.349999
      vertex 34.2265 13.8507 0
      vertex 34.2265 13.8507 0.349999
    endloop
  endfacet
  facet normal -0.622431 -0.782674 0
    outer loop
      vertex 34.2265 13.8507 0
      vertex 34.2856 13.8037 0.349999
      vertex 34.2265 13.8507 0.349999
    endloop
  endfacet
  facet normal -0.622431 -0.782674 -0
    outer loop
      vertex 34.2856 13.8037 0.349999
      vertex 34.2265 13.8507 0
      vertex 34.2856 13.8037 0
    endloop
  endfacet
  facet normal -0.507482 -0.861662 0
    outer loop
      vertex 34.2856 13.8037 0
      vertex 34.3508 13.7653 0.349999
      vertex 34.2856 13.8037 0.349999
    endloop
  endfacet
  facet normal -0.507482 -0.861662 -0
    outer loop
      vertex 34.3508 13.7653 0.349999
      vertex 34.2856 13.8037 0
      vertex 34.3508 13.7653 0
    endloop
  endfacet
  facet normal -0.387188 -0.922001 0
    outer loop
      vertex 34.3508 13.7653 0
      vertex 34.422 13.7354 0.349999
      vertex 34.3508 13.7653 0.349999
    endloop
  endfacet
  facet normal -0.387188 -0.922001 -0
    outer loop
      vertex 34.422 13.7354 0.349999
      vertex 34.3508 13.7653 0
      vertex 34.422 13.7354 0
    endloop
  endfacet
  facet normal -0.26629 -0.963893 0
    outer loop
      vertex 34.422 13.7354 0
      vertex 34.4991 13.7141 0.349999
      vertex 34.422 13.7354 0.349999
    endloop
  endfacet
  facet normal -0.26629 -0.963893 -0
    outer loop
      vertex 34.4991 13.7141 0.349999
      vertex 34.422 13.7354 0
      vertex 34.4991 13.7141 0
    endloop
  endfacet
  facet normal -0.152236 -0.988344 0
    outer loop
      vertex 34.4991 13.7141 0
      vertex 34.5822 13.7013 0.349999
      vertex 34.4991 13.7141 0.349999
    endloop
  endfacet
  facet normal -0.152236 -0.988344 -0
    outer loop
      vertex 34.5822 13.7013 0.349999
      vertex 34.4991 13.7141 0
      vertex 34.5822 13.7013 0
    endloop
  endfacet
  facet normal -0.0482043 -0.998837 0
    outer loop
      vertex 34.5822 13.7013 0
      vertex 34.6713 13.697 0.349999
      vertex 34.5822 13.7013 0.349999
    endloop
  endfacet
  facet normal -0.0482043 -0.998837 -0
    outer loop
      vertex 34.6713 13.697 0.349999
      vertex 34.5822 13.7013 0
      vertex 34.6713 13.697 0
    endloop
  endfacet
  facet normal 0.048972 -0.9988 0
    outer loop
      vertex 34.6713 13.697 0
      vertex 34.759 13.7013 0.349999
      vertex 34.6713 13.697 0.349999
    endloop
  endfacet
  facet normal 0.048972 -0.9988 0
    outer loop
      vertex 34.759 13.7013 0.349999
      vertex 34.6713 13.697 0
      vertex 34.759 13.7013 0
    endloop
  endfacet
  facet normal 0.155406 -0.987851 0
    outer loop
      vertex 34.759 13.7013 0
      vertex 34.841 13.7142 0.349999
      vertex 34.759 13.7013 0.349999
    endloop
  endfacet
  facet normal 0.155406 -0.987851 0
    outer loop
      vertex 34.841 13.7142 0.349999
      vertex 34.759 13.7013 0
      vertex 34.841 13.7142 0
    endloop
  endfacet
  facet normal 0.27122 -0.962517 0
    outer loop
      vertex 34.841 13.7142 0
      vertex 34.9173 13.7357 0.349999
      vertex 34.841 13.7142 0.349999
    endloop
  endfacet
  facet normal 0.27122 -0.962517 0
    outer loop
      vertex 34.9173 13.7357 0.349999
      vertex 34.841 13.7142 0
      vertex 34.9173 13.7357 0
    endloop
  endfacet
  facet normal 0.393131 -0.919482 0
    outer loop
      vertex 34.9173 13.7357 0
      vertex 34.9877 13.7658 0.349999
      vertex 34.9173 13.7357 0.349999
    endloop
  endfacet
  facet normal 0.393131 -0.919482 0
    outer loop
      vertex 34.9877 13.7658 0.349999
      vertex 34.9173 13.7357 0
      vertex 34.9877 13.7658 0
    endloop
  endfacet
  facet normal 0.514301 -0.85761 0
    outer loop
      vertex 34.9877 13.7658 0
      vertex 35.0524 13.8046 0.349999
      vertex 34.9877 13.7658 0.349999
    endloop
  endfacet
  facet normal 0.514301 -0.85761 0
    outer loop
      vertex 35.0524 13.8046 0.349999
      vertex 34.9877 13.7658 0
      vertex 35.0524 13.8046 0
    endloop
  endfacet
  facet normal 0.626147 -0.779705 0
    outer loop
      vertex 35.0524 13.8046 0
      vertex 35.1113 13.8519 0.349999
      vertex 35.0524 13.8046 0.349999
    endloop
  endfacet
  facet normal 0.626147 -0.779705 0
    outer loop
      vertex 35.1113 13.8519 0.349999
      vertex 35.0524 13.8046 0
      vertex 35.1113 13.8519 0
    endloop
  endfacet
  facet normal 0.725032 -0.688715 0
    outer loop
      vertex 35.1113 13.8519 0.349999
      vertex 35.1644 13.9078 0
      vertex 35.1644 13.9078 0.349999
    endloop
  endfacet
  facet normal 0.725032 -0.688715 0
    outer loop
      vertex 35.1644 13.9078 0
      vertex 35.1113 13.8519 0.349999
      vertex 35.1113 13.8519 0
    endloop
  endfacet
  facet normal 0.806203 -0.591639 0
    outer loop
      vertex 35.1644 13.9078 0.349999
      vertex 35.211 13.9713 0
      vertex 35.211 13.9713 0.349999
    endloop
  endfacet
  facet normal 0.806203 -0.591639 0
    outer loop
      vertex 35.211 13.9713 0
      vertex 35.1644 13.9078 0.349999
      vertex 35.1644 13.9078 0
    endloop
  endfacet
  facet normal 0.87091 -0.491442 0
    outer loop
      vertex 35.211 13.9713 0.349999
      vertex 35.2505 14.0413 0
      vertex 35.2505 14.0413 0.349999
    endloop
  endfacet
  facet normal 0.87091 -0.491442 0
    outer loop
      vertex 35.2505 14.0413 0
      vertex 35.211 13.9713 0.349999
      vertex 35.211 13.9713 0
    endloop
  endfacet
  facet normal 0.921431 -0.388541 0
    outer loop
      vertex 35.2505 14.0413 0.349999
      vertex 35.2828 14.1179 0
      vertex 35.2828 14.1179 0.349999
    endloop
  endfacet
  facet normal 0.921431 -0.388541 0
    outer loop
      vertex 35.2828 14.1179 0
      vertex 35.2505 14.0413 0.349999
      vertex 35.2505 14.0413 0
    endloop
  endfacet
  facet normal 0.957286 -0.289144 0
    outer loop
      vertex 35.2828 14.1179 0.349999
      vertex 35.3079 14.201 0
      vertex 35.3079 14.201 0.349999
    endloop
  endfacet
  facet normal 0.957286 -0.289144 0
    outer loop
      vertex 35.3079 14.201 0
      vertex 35.2828 14.1179 0.349999
      vertex 35.2828 14.1179 0
    endloop
  endfacet
  facet normal 0.980623 -0.195906 0
    outer loop
      vertex 35.3079 14.201 0.349999
      vertex 35.3258 14.2906 0
      vertex 35.3258 14.2906 0.349999
    endloop
  endfacet
  facet normal 0.980623 -0.195906 0
    outer loop
      vertex 35.3258 14.2906 0
      vertex 35.3079 14.201 0.349999
      vertex 35.3079 14.201 0
    endloop
  endfacet
  facet normal 0.99377 -0.111451 0
    outer loop
      vertex 35.3258 14.2906 0.349999
      vertex 35.3366 14.3869 0
      vertex 35.3366 14.3869 0.349999
    endloop
  endfacet
  facet normal 0.99377 -0.111451 0
    outer loop
      vertex 35.3366 14.3869 0
      vertex 35.3258 14.2906 0.349999
      vertex 35.3258 14.2906 0
    endloop
  endfacet
  facet normal 0.999393 -0.0348441 0
    outer loop
      vertex 35.3366 14.3869 0.349999
      vertex 35.3388 14.45 0
      vertex 35.3388 14.45 0.349999
    endloop
  endfacet
  facet normal 0.999393 -0.0348441 0
    outer loop
      vertex 35.3388 14.45 0
      vertex 35.3366 14.3869 0.349999
      vertex 35.3366 14.3869 0
    endloop
  endfacet
  facet normal -0.10061 -0.994926 0
    outer loop
      vertex 41.8273 15.676 0
      vertex 41.9252 15.6661 0.349999
      vertex 41.8273 15.676 0.349999
    endloop
  endfacet
  facet normal -0.10061 -0.994926 -0
    outer loop
      vertex 41.9252 15.6661 0.349999
      vertex 41.8273 15.676 0
      vertex 41.9252 15.6661 0
    endloop
  endfacet
  facet normal -0.173605 -0.984815 0
    outer loop
      vertex 41.9252 15.6661 0
      vertex 42.0188 15.6496 0.349999
      vertex 41.9252 15.6661 0.349999
    endloop
  endfacet
  facet normal -0.173605 -0.984815 -0
    outer loop
      vertex 42.0188 15.6496 0.349999
      vertex 41.9252 15.6661 0
      vertex 42.0188 15.6496 0
    endloop
  endfacet
  facet normal -0.251188 -0.967938 0
    outer loop
      vertex 42.0188 15.6496 0
      vertex 42.1082 15.6264 0.349999
      vertex 42.0188 15.6496 0.349999
    endloop
  endfacet
  facet normal -0.251188 -0.967938 -0
    outer loop
      vertex 42.1082 15.6264 0.349999
      vertex 42.0188 15.6496 0
      vertex 42.1082 15.6264 0
    endloop
  endfacet
  facet normal -0.32951 -0.944152 0
    outer loop
      vertex 42.1082 15.6264 0
      vertex 42.1933 15.5967 0.349999
      vertex 42.1082 15.6264 0.349999
    endloop
  endfacet
  facet normal -0.32951 -0.944152 -0
    outer loop
      vertex 42.1933 15.5967 0.349999
      vertex 42.1082 15.6264 0
      vertex 42.1933 15.5967 0
    endloop
  endfacet
  facet normal -0.409896 -0.912132 0
    outer loop
      vertex 42.1933 15.5967 0
      vertex 42.2743 15.5603 0.349999
      vertex 42.1933 15.5967 0.349999
    endloop
  endfacet
  facet normal -0.409896 -0.912132 -0
    outer loop
      vertex 42.2743 15.5603 0.349999
      vertex 42.1933 15.5967 0
      vertex 42.2743 15.5603 0
    endloop
  endfacet
  facet normal -0.487668 -0.873029 0
    outer loop
      vertex 42.2743 15.5603 0
      vertex 42.3511 15.5174 0.349999
      vertex 42.2743 15.5603 0.349999
    endloop
  endfacet
  facet normal -0.487668 -0.873029 -0
    outer loop
      vertex 42.3511 15.5174 0.349999
      vertex 42.2743 15.5603 0
      vertex 42.3511 15.5174 0
    endloop
  endfacet
  facet normal -0.568854 -0.822439 0
    outer loop
      vertex 42.3511 15.5174 0
      vertex 42.4231 15.4676 0.349999
      vertex 42.3511 15.5174 0.349999
    endloop
  endfacet
  facet normal -0.568854 -0.822439 -0
    outer loop
      vertex 42.4231 15.4676 0.349999
      vertex 42.3511 15.5174 0
      vertex 42.4231 15.4676 0
    endloop
  endfacet
  facet normal -0.646555 -0.762867 0
    outer loop
      vertex 42.4231 15.4676 0
      vertex 42.49 15.4109 0.349999
      vertex 42.4231 15.4676 0.349999
    endloop
  endfacet
  facet normal -0.646555 -0.762867 -0
    outer loop
      vertex 42.49 15.4109 0.349999
      vertex 42.4231 15.4676 0
      vertex 42.49 15.4109 0
    endloop
  endfacet
  facet normal -0.717183 -0.696885 0
    outer loop
      vertex 42.5518 15.3473 0
      vertex 42.49 15.4109 0.349999
      vertex 42.49 15.4109 0
    endloop
  endfacet
  facet normal -0.717183 -0.696885 0
    outer loop
      vertex 42.49 15.4109 0.349999
      vertex 42.5518 15.3473 0
      vertex 42.5518 15.3473 0.349999
    endloop
  endfacet
  facet normal -0.779789 -0.626043 0
    outer loop
      vertex 42.6084 15.2768 0
      vertex 42.5518 15.3473 0.349999
      vertex 42.5518 15.3473 0
    endloop
  endfacet
  facet normal -0.779789 -0.626043 0
    outer loop
      vertex 42.5518 15.3473 0.349999
      vertex 42.6084 15.2768 0
      vertex 42.6084 15.2768 0.349999
    endloop
  endfacet
  facet normal -0.833205 -0.552965 0
    outer loop
      vertex 42.6599 15.1992 0
      vertex 42.6084 15.2768 0.349999
      vertex 42.6084 15.2768 0
    endloop
  endfacet
  facet normal -0.833205 -0.552965 0
    outer loop
      vertex 42.6084 15.2768 0.349999
      vertex 42.6599 15.1992 0
      vertex 42.6599 15.1992 0.349999
    endloop
  endfacet
  facet normal -0.876742 -0.480961 0
    outer loop
      vertex 42.7062 15.1148 0
      vertex 42.6599 15.1992 0.349999
      vertex 42.6599 15.1992 0
    endloop
  endfacet
  facet normal -0.876742 -0.480961 0
    outer loop
      vertex 42.6599 15.1992 0.349999
      vertex 42.7062 15.1148 0
      vertex 42.7062 15.1148 0.349999
    endloop
  endfacet
  facet normal -0.912033 -0.410116 0
    outer loop
      vertex 42.7473 15.0234 0
      vertex 42.7062 15.1148 0.349999
      vertex 42.7062 15.1148 0
    endloop
  endfacet
  facet normal -0.912033 -0.410116 0
    outer loop
      vertex 42.7062 15.1148 0.349999
      vertex 42.7473 15.0234 0
      vertex 42.7473 15.0234 0.349999
    endloop
  endfacet
  facet normal -0.353231 0.935536 0
    outer loop
      vertex 42.7473 15.0234 0
      vertex 42.3291 14.8655 0.349999
      vertex 42.7473 15.0234 0.349999
    endloop
  endfacet
  facet normal -0.353231 0.935536 0
    outer loop
      vertex 42.3291 14.8655 0.349999
      vertex 42.7473 15.0234 0
      vertex 42.3291 14.8655 0
    endloop
  endfacet
  facet normal 0.906902 0.421341 0
    outer loop
      vertex 42.3291 14.8655 0.349999
      vertex 42.2753 14.9813 0
      vertex 42.2753 14.9813 0.349999
    endloop
  endfacet
  facet normal 0.906902 0.421341 0
    outer loop
      vertex 42.2753 14.9813 0
      vertex 42.3291 14.8655 0.349999
      vertex 42.3291 14.8655 0
    endloop
  endfacet
  facet normal 0.834664 0.550759 0
    outer loop
      vertex 42.2753 14.9813 0.349999
      vertex 42.2107 15.0792 0
      vertex 42.2107 15.0792 0.349999
    endloop
  endfacet
  facet normal 0.834664 0.550759 0
    outer loop
      vertex 42.2107 15.0792 0
      vertex 42.2753 14.9813 0.349999
      vertex 42.2753 14.9813 0
    endloop
  endfacet
  facet normal 0.728147 0.685421 0
    outer loop
      vertex 42.2107 15.0792 0.349999
      vertex 42.1353 15.1593 0
      vertex 42.1353 15.1593 0.349999
    endloop
  endfacet
  facet normal 0.728147 0.685421 0
    outer loop
      vertex 42.1353 15.1593 0
      vertex 42.2107 15.0792 0.349999
      vertex 42.2107 15.0792 0
    endloop
  endfacet
  facet normal 0.585319 0.810803 -0
    outer loop
      vertex 42.1353 15.1593 0
      vertex 42.049 15.2216 0.349999
      vertex 42.1353 15.1593 0.349999
    endloop
  endfacet
  facet normal 0.585319 0.810803 0
    outer loop
      vertex 42.049 15.2216 0.349999
      vertex 42.1353 15.1593 0
      vertex 42.049 15.2216 0
    endloop
  endfacet
  facet normal 0.416622 0.90908 -0
    outer loop
      vertex 42.049 15.2216 0
      vertex 41.9519 15.2661 0.349999
      vertex 42.049 15.2216 0.349999
    endloop
  endfacet
  facet normal 0.416622 0.90908 0
    outer loop
      vertex 41.9519 15.2661 0.349999
      vertex 42.049 15.2216 0
      vertex 41.9519 15.2661 0
    endloop
  endfacet
  facet normal 0.240206 0.970722 -0
    outer loop
      vertex 41.9519 15.2661 0
      vertex 41.844 15.2928 0.349999
      vertex 41.9519 15.2661 0.349999
    endloop
  endfacet
  facet normal 0.240206 0.970722 0
    outer loop
      vertex 41.844 15.2928 0.349999
      vertex 41.9519 15.2661 0
      vertex 41.844 15.2928 0
    endloop
  endfacet
  facet normal 0.0747691 0.997201 -0
    outer loop
      vertex 41.844 15.2928 0
      vertex 41.7253 15.3017 0.349999
      vertex 41.844 15.2928 0.349999
    endloop
  endfacet
  facet normal 0.0747691 0.997201 0
    outer loop
      vertex 41.7253 15.3017 0.349999
      vertex 41.844 15.2928 0
      vertex 41.7253 15.3017 0
    endloop
  endfacet
  facet normal -0.0464101 0.998922 0
    outer loop
      vertex 41.7253 15.3017 0
      vertex 41.6349 15.2975 0.349999
      vertex 41.7253 15.3017 0.349999
    endloop
  endfacet
  facet normal -0.0464101 0.998922 0
    outer loop
      vertex 41.6349 15.2975 0.349999
      vertex 41.7253 15.3017 0
      vertex 41.6349 15.2975 0
    endloop
  endfacet
  facet normal -0.150642 0.988588 0
    outer loop
      vertex 41.6349 15.2975 0
      vertex 41.5509 15.2847 0.349999
      vertex 41.6349 15.2975 0.349999
    endloop
  endfacet
  facet normal -0.150642 0.988588 0
    outer loop
      vertex 41.5509 15.2847 0.349999
      vertex 41.6349 15.2975 0
      vertex 41.5509 15.2847 0
    endloop
  endfacet
  facet normal -0.262908 0.964821 0
    outer loop
      vertex 41.5509 15.2847 0
      vertex 41.4731 15.2635 0.349999
      vertex 41.5509 15.2847 0.349999
    endloop
  endfacet
  facet normal -0.262908 0.964821 0
    outer loop
      vertex 41.4731 15.2635 0.349999
      vertex 41.5509 15.2847 0
      vertex 41.4731 15.2635 0
    endloop
  endfacet
  facet normal -0.384707 0.923039 0
    outer loop
      vertex 41.4731 15.2635 0
      vertex 41.4016 15.2337 0.349999
      vertex 41.4731 15.2635 0.349999
    endloop
  endfacet
  facet normal -0.384707 0.923039 0
    outer loop
      vertex 41.4016 15.2337 0.349999
      vertex 41.4731 15.2635 0
      vertex 41.4016 15.2337 0
    endloop
  endfacet
  facet normal -0.5065 0.86224 0
    outer loop
      vertex 41.4016 15.2337 0
      vertex 41.3364 15.1954 0.349999
      vertex 41.4016 15.2337 0.349999
    endloop
  endfacet
  facet normal -0.5065 0.86224 0
    outer loop
      vertex 41.3364 15.1954 0.349999
      vertex 41.4016 15.2337 0
      vertex 41.3364 15.1954 0
    endloop
  endfacet
  facet normal -0.621282 0.783587 0
    outer loop
      vertex 41.3364 15.1954 0
      vertex 41.2775 15.1487 0.349999
      vertex 41.3364 15.1954 0.349999
    endloop
  endfacet
  facet normal -0.621282 0.783587 0
    outer loop
      vertex 41.2775 15.1487 0.349999
      vertex 41.3364 15.1954 0
      vertex 41.2775 15.1487 0
    endloop
  endfacet
  facet normal -0.72392 0.689884 0
    outer loop
      vertex 41.2248 15.0934 0
      vertex 41.2775 15.1487 0.349999
      vertex 41.2775 15.1487 0
    endloop
  endfacet
  facet normal -0.72392 0.689884 0
    outer loop
      vertex 41.2775 15.1487 0.349999
      vertex 41.2248 15.0934 0
      vertex 41.2248 15.0934 0.349999
    endloop
  endfacet
  facet normal -0.808957 0.587868 0
    outer loop
      vertex 41.1788 15.0301 0
      vertex 41.2248 15.0934 0.349999
      vertex 41.2248 15.0934 0
    endloop
  endfacet
  facet normal -0.808957 0.587868 0
    outer loop
      vertex 41.2248 15.0934 0.349999
      vertex 41.1788 15.0301 0
      vertex 41.1788 15.0301 0.349999
    endloop
  endfacet
  facet normal -0.876997 0.480496 0
    outer loop
      vertex 41.1399 14.9591 0
      vertex 41.1788 15.0301 0.349999
      vertex 41.1788 15.0301 0
    endloop
  endfacet
  facet normal -0.876997 0.480496 0
    outer loop
      vertex 41.1788 15.0301 0.349999
      vertex 41.1399 14.9591 0
      vertex 41.1399 14.9591 0.349999
    endloop
  endfacet
  facet normal -0.927005 0.375048 0
    outer loop
      vertex 41.1081 14.8805 0
      vertex 41.1399 14.9591 0.349999
      vertex 41.1399 14.9591 0
    endloop
  endfacet
  facet normal -0.927005 0.375048 0
    outer loop
      vertex 41.1399 14.9591 0.349999
      vertex 41.1081 14.8805 0
      vertex 41.1081 14.8805 0.349999
    endloop
  endfacet
  facet normal -0.961103 0.276192 0
    outer loop
      vertex 41.0833 14.7942 0
      vertex 41.1081 14.8805 0.349999
      vertex 41.1081 14.8805 0
    endloop
  endfacet
  facet normal -0.961103 0.276192 0
    outer loop
      vertex 41.1081 14.8805 0.349999
      vertex 41.0833 14.7942 0
      vertex 41.0833 14.7942 0.349999
    endloop
  endfacet
  facet normal -0.982884 0.184225 0
    outer loop
      vertex 41.0657 14.7003 0
      vertex 41.0833 14.7942 0.349999
      vertex 41.0833 14.7942 0
    endloop
  endfacet
  facet normal -0.982884 0.184225 0
    outer loop
      vertex 41.0833 14.7942 0.349999
      vertex 41.0657 14.7003 0
      vertex 41.0657 14.7003 0.349999
    endloop
  endfacet
  facet normal -0.994489 0.104838 0
    outer loop
      vertex 41.055 14.5988 0
      vertex 41.0657 14.7003 0.349999
      vertex 41.0657 14.7003 0
    endloop
  endfacet
  facet normal -0.994489 0.104838 0
    outer loop
      vertex 41.0657 14.7003 0.349999
      vertex 41.055 14.5988 0
      vertex 41.055 14.5988 0.349999
    endloop
  endfacet
  facet normal -0.999487 0.0320348 0
    outer loop
      vertex 41.0515 14.4896 0
      vertex 41.055 14.5988 0.349999
      vertex 41.055 14.5988 0
    endloop
  endfacet
  facet normal -0.999487 0.0320348 0
    outer loop
      vertex 41.055 14.5988 0.349999
      vertex 41.0515 14.4896 0
      vertex 41.0515 14.4896 0.349999
    endloop
  endfacet
  facet normal -0.999498 -0.031671 0
    outer loop
      vertex 41.0549 14.3823 0
      vertex 41.0515 14.4896 0.349999
      vertex 41.0515 14.4896 0
    endloop
  endfacet
  facet normal -0.999498 -0.031671 0
    outer loop
      vertex 41.0515 14.4896 0.349999
      vertex 41.0549 14.3823 0
      vertex 41.0549 14.3823 0.349999
    endloop
  endfacet
  facet normal -0.994706 -0.102763 0
    outer loop
      vertex 41.0652 14.2826 0
      vertex 41.0549 14.3823 0.349999
      vertex 41.0549 14.3823 0
    endloop
  endfacet
  facet normal -0.994706 -0.102763 0
    outer loop
      vertex 41.0549 14.3823 0.349999
      vertex 41.0652 14.2826 0
      vertex 41.0652 14.2826 0.349999
    endloop
  endfacet
  facet normal -0.982969 -0.183772 0
    outer loop
      vertex 41.0824 14.1906 0
      vertex 41.0652 14.2826 0.349999
      vertex 41.0652 14.2826 0
    endloop
  endfacet
  facet normal -0.982969 -0.183772 0
    outer loop
      vertex 41.0652 14.2826 0.349999
      vertex 41.0824 14.1906 0
      vertex 41.0824 14.1906 0.349999
    endloop
  endfacet
  facet normal -0.961567 -0.274571 0
    outer loop
      vertex 41.1065 14.1062 0
      vertex 41.0824 14.1906 0.349999
      vertex 41.0824 14.1906 0
    endloop
  endfacet
  facet normal -0.961567 -0.274571 0
    outer loop
      vertex 41.0824 14.1906 0.349999
      vertex 41.1065 14.1062 0
      vertex 41.1065 14.1062 0.349999
    endloop
  endfacet
  facet normal -0.927725 -0.373264 0
    outer loop
      vertex 41.1374 14.0294 0
      vertex 41.1065 14.1062 0.349999
      vertex 41.1065 14.1062 0
    endloop
  endfacet
  facet normal -0.927725 -0.373264 0
    outer loop
      vertex 41.1065 14.1062 0.349999
      vertex 41.1374 14.0294 0
      vertex 41.1374 14.0294 0.349999
    endloop
  endfacet
  facet normal -0.877313 -0.479919 0
    outer loop
      vertex 41.1752 13.9603 0
      vertex 41.1374 14.0294 0.349999
      vertex 41.1374 14.0294 0
    endloop
  endfacet
  facet normal -0.877313 -0.479919 0
    outer loop
      vertex 41.1374 14.0294 0.349999
      vertex 41.1752 13.9603 0
      vertex 41.1752 13.9603 0.349999
    endloop
  endfacet
  facet normal -0.808907 -0.587937 0
    outer loop
      vertex 41.2199 13.8988 0
      vertex 41.1752 13.9603 0.349999
      vertex 41.1752 13.9603 0
    endloop
  endfacet
  facet normal -0.808907 -0.587937 0
    outer loop
      vertex 41.1752 13.9603 0.349999
      vertex 41.2199 13.8988 0
      vertex 41.2199 13.8988 0.349999
    endloop
  endfacet
  facet normal -0.721118 -0.692812 0
    outer loop
      vertex 41.2713 13.8453 0
      vertex 41.2199 13.8988 0.349999
      vertex 41.2199 13.8988 0
    endloop
  endfacet
  facet normal -0.721118 -0.692812 0
    outer loop
      vertex 41.2199 13.8988 0.349999
      vertex 41.2713 13.8453 0
      vertex 41.2713 13.8453 0.349999
    endloop
  endfacet
  facet normal -0.61752 -0.786555 0
    outer loop
      vertex 41.2713 13.8453 0
      vertex 41.329 13.8 0.349999
      vertex 41.2713 13.8453 0.349999
    endloop
  endfacet
  facet normal -0.61752 -0.786555 -0
    outer loop
      vertex 41.329 13.8 0.349999
      vertex 41.2713 13.8453 0
      vertex 41.329 13.8 0
    endloop
  endfacet
  facet normal -0.500345 -0.865826 0
    outer loop
      vertex 41.329 13.8 0
      vertex 41.3932 13.7629 0.349999
      vertex 41.329 13.8 0.349999
    endloop
  endfacet
  facet normal -0.500345 -0.865826 -0
    outer loop
      vertex 41.3932 13.7629 0.349999
      vertex 41.329 13.8 0
      vertex 41.3932 13.7629 0
    endloop
  endfacet
  facet normal -0.378173 -0.925735 0
    outer loop
      vertex 41.3932 13.7629 0
      vertex 41.4637 13.7341 0.349999
      vertex 41.3932 13.7629 0.349999
    endloop
  endfacet
  facet normal -0.378173 -0.925735 -0
    outer loop
      vertex 41.4637 13.7341 0.349999
      vertex 41.3932 13.7629 0
      vertex 41.4637 13.7341 0
    endloop
  endfacet
  facet normal -0.258443 -0.966026 0
    outer loop
      vertex 41.4637 13.7341 0
      vertex 41.5407 13.7135 0.349999
      vertex 41.4637 13.7341 0.349999
    endloop
  endfacet
  facet normal -0.258443 -0.966026 -0
    outer loop
      vertex 41.5407 13.7135 0.349999
      vertex 41.4637 13.7341 0
      vertex 41.5407 13.7135 0
    endloop
  endfacet
  facet normal -0.147064 -0.989127 0
    outer loop
      vertex 41.5407 13.7135 0
      vertex 41.6241 13.7011 0.349999
      vertex 41.5407 13.7135 0.349999
    endloop
  endfacet
  facet normal -0.147064 -0.989127 -0
    outer loop
      vertex 41.6241 13.7011 0.349999
      vertex 41.5407 13.7135 0
      vertex 41.6241 13.7011 0
    endloop
  endfacet
  facet normal -0.0456095 -0.998959 0
    outer loop
      vertex 41.6241 13.7011 0
      vertex 41.7139 13.697 0.349999
      vertex 41.6241 13.7011 0.349999
    endloop
  endfacet
  facet normal -0.0456095 -0.998959 -0
    outer loop
      vertex 41.7139 13.697 0.349999
      vertex 41.6241 13.7011 0
      vertex 41.7139 13.697 0
    endloop
  endfacet
  facet normal 0.0350954 -0.999384 0
    outer loop
      vertex 41.7139 13.697 0
      vertex 41.7737 13.6991 0.349999
      vertex 41.7139 13.697 0.349999
    endloop
  endfacet
  facet normal 0.0350954 -0.999384 0
    outer loop
      vertex 41.7737 13.6991 0.349999
      vertex 41.7139 13.697 0
      vertex 41.7737 13.6991 0
    endloop
  endfacet
  facet normal 0.107389 -0.994217 0
    outer loop
      vertex 41.7737 13.6991 0
      vertex 41.8311 13.7053 0.349999
      vertex 41.7737 13.6991 0.349999
    endloop
  endfacet
  facet normal 0.107389 -0.994217 0
    outer loop
      vertex 41.8311 13.7053 0.349999
      vertex 41.7737 13.6991 0
      vertex 41.8311 13.7053 0
    endloop
  endfacet
  facet normal 0.185148 -0.982711 0
    outer loop
      vertex 41.8311 13.7053 0
      vertex 41.8863 13.7157 0.349999
      vertex 41.8311 13.7053 0.349999
    endloop
  endfacet
  facet normal 0.185148 -0.982711 0
    outer loop
      vertex 41.8863 13.7157 0.349999
      vertex 41.8311 13.7053 0
      vertex 41.8863 13.7157 0
    endloop
  endfacet
  facet normal 0.264351 -0.964426 0
    outer loop
      vertex 41.8863 13.7157 0
      vertex 41.9392 13.7302 0.349999
      vertex 41.8863 13.7157 0.349999
    endloop
  endfacet
  facet normal 0.264351 -0.964426 0
    outer loop
      vertex 41.9392 13.7302 0.349999
      vertex 41.8863 13.7157 0
      vertex 41.9392 13.7302 0
    endloop
  endfacet
  facet normal 0.34665 -0.937994 0
    outer loop
      vertex 41.9392 13.7302 0
      vertex 41.9898 13.7489 0.349999
      vertex 41.9392 13.7302 0.349999
    endloop
  endfacet
  facet normal 0.34665 -0.937994 0
    outer loop
      vertex 41.9898 13.7489 0.349999
      vertex 41.9392 13.7302 0
      vertex 41.9898 13.7489 0
    endloop
  endfacet
  facet normal 0.426879 -0.904309 0
    outer loop
      vertex 41.9898 13.7489 0
      vertex 42.0381 13.7717 0.349999
      vertex 41.9898 13.7489 0.349999
    endloop
  endfacet
  facet normal 0.426879 -0.904309 0
    outer loop
      vertex 42.0381 13.7717 0.349999
      vertex 41.9898 13.7489 0
      vertex 42.0381 13.7717 0
    endloop
  endfacet
  facet normal 0.505383 -0.862895 0
    outer loop
      vertex 42.0381 13.7717 0
      vertex 42.0842 13.7987 0.349999
      vertex 42.0381 13.7717 0.349999
    endloop
  endfacet
  facet normal 0.505383 -0.862895 0
    outer loop
      vertex 42.0842 13.7987 0.349999
      vertex 42.0381 13.7717 0
      vertex 42.0842 13.7987 0
    endloop
  endfacet
  facet normal 0.581238 -0.813733 0
    outer loop
      vertex 42.0842 13.7987 0
      vertex 42.1269 13.8292 0.349999
      vertex 42.0842 13.7987 0.349999
    endloop
  endfacet
  facet normal 0.581238 -0.813733 0
    outer loop
      vertex 42.1269 13.8292 0.349999
      vertex 42.0842 13.7987 0
      vertex 42.1269 13.8292 0
    endloop
  endfacet
  facet normal 0.654334 -0.756206 0
    outer loop
      vertex 42.1269 13.8292 0
      vertex 42.1655 13.8626 0.349999
      vertex 42.1269 13.8292 0.349999
    endloop
  endfacet
  facet normal 0.654334 -0.756206 0
    outer loop
      vertex 42.1655 13.8626 0.349999
      vertex 42.1269 13.8292 0
      vertex 42.1655 13.8626 0
    endloop
  endfacet
  facet normal 0.726847 -0.6868 0
    outer loop
      vertex 42.1655 13.8626 0.349999
      vertex 42.1998 13.8989 0
      vertex 42.1998 13.8989 0.349999
    endloop
  endfacet
  facet normal 0.726847 -0.6868 0
    outer loop
      vertex 42.1998 13.8989 0
      vertex 42.1655 13.8626 0.349999
      vertex 42.1655 13.8626 0
    endloop
  endfacet
  facet normal 0.79315 -0.609026 0
    outer loop
      vertex 42.1998 13.8989 0.349999
      vertex 42.2299 13.9381 0
      vertex 42.2299 13.9381 0.349999
    endloop
  endfacet
  facet normal 0.79315 -0.609026 0
    outer loop
      vertex 42.2299 13.9381 0
      vertex 42.1998 13.8989 0.349999
      vertex 42.1998 13.8989 0
    endloop
  endfacet
  facet normal 0.851728 -0.523985 0
    outer loop
      vertex 42.2299 13.9381 0.349999
      vertex 42.2558 13.9802 0
      vertex 42.2558 13.9802 0.349999
    endloop
  endfacet
  facet normal 0.851728 -0.523985 0
    outer loop
      vertex 42.2558 13.9802 0
      vertex 42.2299 13.9381 0.349999
      vertex 42.2299 13.9381 0
    endloop
  endfacet
  facet normal 0.900362 -0.435142 0
    outer loop
      vertex 42.2558 13.9802 0.349999
      vertex 42.2775 14.0251 0
      vertex 42.2775 14.0251 0.349999
    endloop
  endfacet
  facet normal 0.900362 -0.435142 0
    outer loop
      vertex 42.2775 14.0251 0
      vertex 42.2558 13.9802 0.349999
      vertex 42.2558 13.9802 0
    endloop
  endfacet
  facet normal 0.939908 -0.341428 0
    outer loop
      vertex 42.2775 14.0251 0.349999
      vertex 42.2949 14.073 0
      vertex 42.2949 14.073 0.349999
    endloop
  endfacet
  facet normal 0.939908 -0.341428 0
    outer loop
      vertex 42.2949 14.073 0
      vertex 42.2775 14.0251 0.349999
      vertex 42.2775 14.0251 0
    endloop
  endfacet
  facet normal -0.263503 -0.964659 0
    outer loop
      vertex 42.2949 14.073 0
      vertex 42.7181 13.9574 0.349999
      vertex 42.2949 14.073 0.349999
    endloop
  endfacet
  facet normal -0.263503 -0.964659 -0
    outer loop
      vertex 42.7181 13.9574 0.349999
      vertex 42.2949 14.073 0
      vertex 42.7181 13.9574 0
    endloop
  endfacet
  facet normal -0.936596 0.350412 0
    outer loop
      vertex 42.6857 13.8708 0
      vertex 42.7181 13.9574 0.349999
      vertex 42.7181 13.9574 0
    endloop
  endfacet
  facet normal -0.936596 0.350412 0
    outer loop
      vertex 42.7181 13.9574 0.349999
      vertex 42.6857 13.8708 0
      vertex 42.6857 13.8708 0.349999
    endloop
  endfacet
  facet normal -0.901488 0.432804 0
    outer loop
      vertex 42.6471 13.7904 0
      vertex 42.6857 13.8708 0.349999
      vertex 42.6857 13.8708 0
    endloop
  endfacet
  facet normal -0.901488 0.432804 0
    outer loop
      vertex 42.6857 13.8708 0.349999
      vertex 42.6471 13.7904 0
      vertex 42.6471 13.7904 0.349999
    endloop
  endfacet
  facet normal -0.856882 0.515513 0
    outer loop
      vertex 42.6024 13.7161 0
      vertex 42.6471 13.7904 0.349999
      vertex 42.6471 13.7904 0
    endloop
  endfacet
  facet normal -0.856882 0.515513 0
    outer loop
      vertex 42.6471 13.7904 0.349999
      vertex 42.6024 13.7161 0
      vertex 42.6024 13.7161 0.349999
    endloop
  endfacet
  facet normal -0.8 0.6 0
    outer loop
      vertex 42.5514 13.6481 0
      vertex 42.6024 13.7161 0.349999
      vertex 42.6024 13.7161 0
    endloop
  endfacet
  facet normal -0.8 0.6 0
    outer loop
      vertex 42.6024 13.7161 0.349999
      vertex 42.5514 13.6481 0
      vertex 42.5514 13.6481 0.349999
    endloop
  endfacet
  facet normal -0.734484 0.678626 0
    outer loop
      vertex 42.4943 13.5863 0
      vertex 42.5514 13.6481 0.349999
      vertex 42.5514 13.6481 0
    endloop
  endfacet
  facet normal -0.734484 0.678626 0
    outer loop
      vertex 42.5514 13.6481 0.349999
      vertex 42.4943 13.5863 0
      vertex 42.4943 13.5863 0.349999
    endloop
  endfacet
  facet normal -0.660521 0.750808 0
    outer loop
      vertex 42.4943 13.5863 0
      vertex 42.4311 13.5307 0.349999
      vertex 42.4943 13.5863 0.349999
    endloop
  endfacet
  facet normal -0.660521 0.750808 0
    outer loop
      vertex 42.4311 13.5307 0.349999
      vertex 42.4943 13.5863 0
      vertex 42.4311 13.5307 0
    endloop
  endfacet
  facet normal -0.578571 0.815632 0
    outer loop
      vertex 42.4311 13.5307 0
      vertex 42.3616 13.4814 0.349999
      vertex 42.4311 13.5307 0.349999
    endloop
  endfacet
  facet normal -0.578571 0.815632 0
    outer loop
      vertex 42.3616 13.4814 0.349999
      vertex 42.4311 13.5307 0
      vertex 42.3616 13.4814 0
    endloop
  endfacet
  facet normal -0.494404 0.869232 0
    outer loop
      vertex 42.3616 13.4814 0
      vertex 42.286 13.4384 0.349999
      vertex 42.3616 13.4814 0.349999
    endloop
  endfacet
  facet normal -0.494404 0.869232 0
    outer loop
      vertex 42.286 13.4384 0.349999
      vertex 42.3616 13.4814 0
      vertex 42.286 13.4384 0
    endloop
  endfacet
  facet normal -0.406035 0.913858 0
    outer loop
      vertex 42.286 13.4384 0
      vertex 42.2043 13.4021 0.349999
      vertex 42.286 13.4384 0.349999
    endloop
  endfacet
  facet normal -0.406035 0.913858 0
    outer loop
      vertex 42.2043 13.4021 0.349999
      vertex 42.286 13.4384 0
      vertex 42.2043 13.4021 0
    endloop
  endfacet
  facet normal -0.3214 0.946944 0
    outer loop
      vertex 42.2043 13.4021 0
      vertex 42.1165 13.3723 0.349999
      vertex 42.2043 13.4021 0.349999
    endloop
  endfacet
  facet normal -0.3214 0.946944 0
    outer loop
      vertex 42.1165 13.3723 0.349999
      vertex 42.2043 13.4021 0
      vertex 42.1165 13.3723 0
    endloop
  endfacet
  facet normal -0.238884 0.971048 0
    outer loop
      vertex 42.1165 13.3723 0
      vertex 42.0226 13.3492 0.349999
      vertex 42.1165 13.3723 0.349999
    endloop
  endfacet
  facet normal -0.238884 0.971048 0
    outer loop
      vertex 42.0226 13.3492 0.349999
      vertex 42.1165 13.3723 0
      vertex 42.0226 13.3492 0
    endloop
  endfacet
  facet normal -0.16264 0.986685 0
    outer loop
      vertex 42.0226 13.3492 0
      vertex 41.9225 13.3327 0.349999
      vertex 42.0226 13.3492 0.349999
    endloop
  endfacet
  facet normal -0.16264 0.986685 0
    outer loop
      vertex 41.9225 13.3327 0.349999
      vertex 42.0226 13.3492 0
      vertex 41.9225 13.3327 0
    endloop
  endfacet
  facet normal -0.0938349 0.995588 0
    outer loop
      vertex 41.9225 13.3327 0
      vertex 41.8164 13.3227 0.349999
      vertex 41.9225 13.3327 0.349999
    endloop
  endfacet
  facet normal -0.0938349 0.995588 0
    outer loop
      vertex 41.8164 13.3227 0.349999
      vertex 41.9225 13.3327 0
      vertex 41.8164 13.3227 0
    endloop
  endfacet
  facet normal -0.0293729 0.999569 0
    outer loop
      vertex 41.8164 13.3227 0
      vertex 41.7041 13.3194 0.349999
      vertex 41.8164 13.3227 0.349999
    endloop
  endfacet
  facet normal -0.0293729 0.999569 0
    outer loop
      vertex 41.7041 13.3194 0.349999
      vertex 41.8164 13.3227 0
      vertex 41.7041 13.3194 0
    endloop
  endfacet
  facet normal 0.0405691 0.999177 -0
    outer loop
      vertex 41.7041 13.3194 0
      vertex 41.5514 13.3256 0.349999
      vertex 41.7041 13.3194 0.349999
    endloop
  endfacet
  facet normal 0.0405691 0.999177 0
    outer loop
      vertex 41.5514 13.3256 0.349999
      vertex 41.7041 13.3194 0
      vertex 41.5514 13.3256 0
    endloop
  endfacet
  facet normal 0.129101 0.991632 -0
    outer loop
      vertex 41.5514 13.3256 0
      vertex 41.4093 13.3441 0.349999
      vertex 41.5514 13.3256 0.349999
    endloop
  endfacet
  facet normal 0.129101 0.991632 0
    outer loop
      vertex 41.4093 13.3441 0.349999
      vertex 41.5514 13.3256 0
      vertex 41.4093 13.3441 0
    endloop
  endfacet
  facet normal 0.228915 0.973446 -0
    outer loop
      vertex 41.4093 13.3441 0
      vertex 41.2779 13.375 0.349999
      vertex 41.4093 13.3441 0.349999
    endloop
  endfacet
  facet normal 0.228915 0.973446 0
    outer loop
      vertex 41.2779 13.375 0.349999
      vertex 41.4093 13.3441 0
      vertex 41.2779 13.375 0
    endloop
  endfacet
  facet normal 0.337918 0.941176 -0
    outer loop
      vertex 41.2779 13.375 0
      vertex 41.1573 13.4183 0.349999
      vertex 41.2779 13.375 0.349999
    endloop
  endfacet
  facet normal 0.337918 0.941176 0
    outer loop
      vertex 41.1573 13.4183 0.349999
      vertex 41.2779 13.375 0
      vertex 41.1573 13.4183 0
    endloop
  endfacet
  facet normal 0.451104 0.892472 -0
    outer loop
      vertex 41.1573 13.4183 0
      vertex 41.0473 13.4739 0.349999
      vertex 41.1573 13.4183 0.349999
    endloop
  endfacet
  facet normal 0.451104 0.892472 0
    outer loop
      vertex 41.0473 13.4739 0.349999
      vertex 41.1573 13.4183 0
      vertex 41.0473 13.4739 0
    endloop
  endfacet
  facet normal 0.564445 0.82547 -0
    outer loop
      vertex 41.0473 13.4739 0
      vertex 40.948 13.5418 0.349999
      vertex 41.0473 13.4739 0.349999
    endloop
  endfacet
  facet normal 0.564445 0.82547 0
    outer loop
      vertex 40.948 13.5418 0.349999
      vertex 41.0473 13.4739 0
      vertex 40.948 13.5418 0
    endloop
  endfacet
  facet normal 0.671548 0.740961 -0
    outer loop
      vertex 40.948 13.5418 0
      vertex 40.8594 13.6221 0.349999
      vertex 40.948 13.5418 0.349999
    endloop
  endfacet
  facet normal 0.671548 0.740961 0
    outer loop
      vertex 40.8594 13.6221 0.349999
      vertex 40.948 13.5418 0
      vertex 40.8594 13.6221 0
    endloop
  endfacet
  facet normal 0.765688 0.643212 0
    outer loop
      vertex 40.8594 13.6221 0.349999
      vertex 40.7822 13.714 0
      vertex 40.7822 13.714 0.349999
    endloop
  endfacet
  facet normal 0.765688 0.643212 0
    outer loop
      vertex 40.7822 13.714 0
      vertex 40.8594 13.6221 0.349999
      vertex 40.8594 13.6221 0
    endloop
  endfacet
  facet normal 0.843017 0.537886 0
    outer loop
      vertex 40.7822 13.714 0.349999
      vertex 40.7168 13.8165 0
      vertex 40.7168 13.8165 0.349999
    endloop
  endfacet
  facet normal 0.843017 0.537886 0
    outer loop
      vertex 40.7168 13.8165 0
      vertex 40.7822 13.714 0.349999
      vertex 40.7822 13.714 0
    endloop
  endfacet
  facet normal 0.903803 0.427949 0
    outer loop
      vertex 40.7168 13.8165 0.349999
      vertex 40.6632 13.9297 0
      vertex 40.6632 13.9297 0.349999
    endloop
  endfacet
  facet normal 0.903803 0.427949 0
    outer loop
      vertex 40.6632 13.9297 0
      vertex 40.7168 13.8165 0.349999
      vertex 40.7168 13.8165 0
    endloop
  endfacet
  facet normal 0.94807 0.318062 0
    outer loop
      vertex 40.6632 13.9297 0.349999
      vertex 40.6216 14.0537 0
      vertex 40.6216 14.0537 0.349999
    endloop
  endfacet
  facet normal 0.94807 0.318062 0
    outer loop
      vertex 40.6216 14.0537 0
      vertex 40.6632 13.9297 0.349999
      vertex 40.6632 13.9297 0
    endloop
  endfacet
  facet normal 0.97651 0.215471 0
    outer loop
      vertex 40.6216 14.0537 0.349999
      vertex 40.5919 14.1883 0
      vertex 40.5919 14.1883 0.349999
    endloop
  endfacet
  facet normal 0.97651 0.215471 0
    outer loop
      vertex 40.5919 14.1883 0
      vertex 40.6216 14.0537 0.349999
      vertex 40.6216 14.0537 0
    endloop
  endfacet
  facet normal 0.99258 0.121596 0
    outer loop
      vertex 40.5919 14.1883 0.349999
      vertex 40.5741 14.3336 0
      vertex 40.5741 14.3336 0.349999
    endloop
  endfacet
  facet normal 0.99258 0.121596 0
    outer loop
      vertex 40.5741 14.3336 0
      vertex 40.5919 14.1883 0.349999
      vertex 40.5919 14.1883 0
    endloop
  endfacet
  facet normal 0.999261 0.0384331 0
    outer loop
      vertex 40.5741 14.3336 0.349999
      vertex 40.5681 14.4896 0
      vertex 40.5681 14.4896 0.349999
    endloop
  endfacet
  facet normal 0.999261 0.0384331 0
    outer loop
      vertex 40.5681 14.4896 0
      vertex 40.5741 14.3336 0.349999
      vertex 40.5741 14.3336 0
    endloop
  endfacet
  facet normal 0.999209 -0.0397631 0
    outer loop
      vertex 40.5681 14.4896 0.349999
      vertex 40.5743 14.6454 0
      vertex 40.5743 14.6454 0.349999
    endloop
  endfacet
  facet normal 0.999209 -0.0397631 0
    outer loop
      vertex 40.5743 14.6454 0
      vertex 40.5681 14.4896 0.349999
      vertex 40.5681 14.4896 0
    endloop
  endfacet
  facet normal 0.992024 -0.126047 0
    outer loop
      vertex 40.5743 14.6454 0.349999
      vertex 40.5928 14.791 0
      vertex 40.5928 14.791 0.349999
    endloop
  endfacet
  facet normal 0.992024 -0.126047 0
    outer loop
      vertex 40.5928 14.791 0
      vertex 40.5743 14.6454 0.349999
      vertex 40.5743 14.6454 0
    endloop
  endfacet
  facet normal 0.97509 -0.221808 0
    outer loop
      vertex 40.5928 14.791 0.349999
      vertex 40.6236 14.9264 0
      vertex 40.6236 14.9264 0.349999
    endloop
  endfacet
  facet normal 0.97509 -0.221808 0
    outer loop
      vertex 40.6236 14.9264 0
      vertex 40.5928 14.791 0.349999
      vertex 40.5928 14.791 0
    endloop
  endfacet
  facet normal 0.945541 -0.325502 0
    outer loop
      vertex 40.6236 14.9264 0.349999
      vertex 40.6667 15.0516 0
      vertex 40.6667 15.0516 0.349999
    endloop
  endfacet
  facet normal 0.945541 -0.325502 0
    outer loop
      vertex 40.6667 15.0516 0
      vertex 40.6236 14.9264 0.349999
      vertex 40.6236 14.9264 0
    endloop
  endfacet
  facet normal 0.900604 -0.43464 0
    outer loop
      vertex 40.6667 15.0516 0.349999
      vertex 40.7222 15.1666 0
      vertex 40.7222 15.1666 0.349999
    endloop
  endfacet
  facet normal 0.900604 -0.43464 0
    outer loop
      vertex 40.7222 15.1666 0
      vertex 40.6667 15.0516 0.349999
      vertex 40.6667 15.0516 0
    endloop
  endfacet
  facet normal 0.839978 -0.54262 0
    outer loop
      vertex 40.7222 15.1666 0.349999
      vertex 40.7899 15.2714 0
      vertex 40.7899 15.2714 0.349999
    endloop
  endfacet
  facet normal 0.839978 -0.54262 0
    outer loop
      vertex 40.7899 15.2714 0
      vertex 40.7222 15.1666 0.349999
      vertex 40.7222 15.1666 0
    endloop
  endfacet
  facet normal 0.763172 -0.646195 0
    outer loop
      vertex 40.7899 15.2714 0.349999
      vertex 40.87 15.366 0
      vertex 40.87 15.366 0.349999
    endloop
  endfacet
  facet normal 0.763172 -0.646195 0
    outer loop
      vertex 40.87 15.366 0
      vertex 40.7899 15.2714 0.349999
      vertex 40.7899 15.2714 0
    endloop
  endfacet
  facet normal 0.672713 -0.739903 0
    outer loop
      vertex 40.87 15.366 0
      vertex 40.9614 15.4491 0.349999
      vertex 40.87 15.366 0.349999
    endloop
  endfacet
  facet normal 0.672713 -0.739903 0
    outer loop
      vertex 40.9614 15.4491 0.349999
      vertex 40.87 15.366 0
      vertex 40.9614 15.4491 0
    endloop
  endfacet
  facet normal 0.568621 -0.8226 0
    outer loop
      vertex 40.9614 15.4491 0
      vertex 41.0631 15.5194 0.349999
      vertex 40.9614 15.4491 0.349999
    endloop
  endfacet
  facet normal 0.568621 -0.8226 0
    outer loop
      vertex 41.0631 15.5194 0.349999
      vertex 40.9614 15.4491 0
      vertex 41.0631 15.5194 0
    endloop
  endfacet
  facet normal 0.457671 -0.889122 0
    outer loop
      vertex 41.0631 15.5194 0
      vertex 41.175 15.577 0.349999
      vertex 41.0631 15.5194 0.349999
    endloop
  endfacet
  facet normal 0.457671 -0.889122 0
    outer loop
      vertex 41.175 15.577 0.349999
      vertex 41.0631 15.5194 0
      vertex 41.175 15.577 0
    endloop
  endfacet
  facet normal 0.343532 -0.939141 0
    outer loop
      vertex 41.175 15.577 0
      vertex 41.2972 15.6217 0.349999
      vertex 41.175 15.577 0.349999
    endloop
  endfacet
  facet normal 0.343532 -0.939141 0
    outer loop
      vertex 41.2972 15.6217 0.349999
      vertex 41.175 15.577 0
      vertex 41.2972 15.6217 0
    endloop
  endfacet
  facet normal 0.234928 -0.972013 0
    outer loop
      vertex 41.2972 15.6217 0
      vertex 41.4296 15.6537 0.349999
      vertex 41.2972 15.6217 0.349999
    endloop
  endfacet
  facet normal 0.234928 -0.972013 0
    outer loop
      vertex 41.4296 15.6537 0.349999
      vertex 41.2972 15.6217 0
      vertex 41.4296 15.6537 0
    endloop
  endfacet
  facet normal 0.133346 -0.991069 0
    outer loop
      vertex 41.4296 15.6537 0
      vertex 41.5723 15.6729 0.349999
      vertex 41.4296 15.6537 0.349999
    endloop
  endfacet
  facet normal 0.133346 -0.991069 0
    outer loop
      vertex 41.5723 15.6729 0.349999
      vertex 41.4296 15.6537 0
      vertex 41.5723 15.6729 0
    endloop
  endfacet
  facet normal 0.0417935 -0.999126 0
    outer loop
      vertex 41.5723 15.6729 0
      vertex 41.7253 15.6793 0.349999
      vertex 41.5723 15.6729 0.349999
    endloop
  endfacet
  facet normal 0.0417935 -0.999126 0
    outer loop
      vertex 41.7253 15.6793 0.349999
      vertex 41.5723 15.6729 0
      vertex 41.7253 15.6793 0
    endloop
  endfacet
  facet normal -0.032336 -0.999477 0
    outer loop
      vertex 41.7253 15.6793 0
      vertex 41.8273 15.676 0.349999
      vertex 41.7253 15.6793 0.349999
    endloop
  endfacet
  facet normal -0.032336 -0.999477 -0
    outer loop
      vertex 41.8273 15.676 0.349999
      vertex 41.7253 15.6793 0
      vertex 41.8273 15.676 0
    endloop
  endfacet
  facet normal -0.787302 -0.616567 0
    outer loop
      vertex 28.7402 13.6873 0
      vertex 28.1429 14.45 0.349999
      vertex 28.1429 14.45 0
    endloop
  endfacet
  facet normal -0.787302 -0.616567 0
    outer loop
      vertex 28.1429 14.45 0.349999
      vertex 28.7402 13.6873 0
      vertex 28.7402 13.6873 0.349999
    endloop
  endfacet
  facet normal -1 0 0
    outer loop
      vertex 28.7402 13.55 0
      vertex 28.7402 13.6873 0.349999
      vertex 28.7402 13.6873 0
    endloop
  endfacet
  facet normal -1 -0 0
    outer loop
      vertex 28.7402 13.6873 0.349999
      vertex 28.7402 13.55 0
      vertex 28.7402 13.55 0.349999
    endloop
  endfacet
  facet normal 1 -0 0
    outer loop
      vertex 27.0899 13.55 0.349999
      vertex 27.0899 13.7296 0
      vertex 27.0899 13.7296 0.349999
    endloop
  endfacet
  facet normal 1 0 0
    outer loop
      vertex 27.0899 13.7296 0
      vertex 27.0899 13.55 0.349999
      vertex 27.0899 13.55 0
    endloop
  endfacet
  facet normal 0 -1 0
    outer loop
      vertex 27.0899 13.7296 0
      vertex 28.2064 13.7296 0.349999
      vertex 27.0899 13.7296 0.349999
    endloop
  endfacet
  facet normal 0 -1 -0
    outer loop
      vertex 28.2064 13.7296 0.349999
      vertex 27.0899 13.7296 0
      vertex 28.2064 13.7296 0
    endloop
  endfacet
  facet normal 0.786068 0.61814 0
    outer loop
      vertex 28.2064 13.7296 0.349999
      vertex 27.6399 14.45 0
      vertex 27.6399 14.45 0.349999
    endloop
  endfacet
  facet normal 0.786068 0.61814 0
    outer loop
      vertex 27.6399 14.45 0
      vertex 28.2064 13.7296 0.349999
      vertex 28.2064 13.7296 0
    endloop
  endfacet
  facet normal -1 0 0
    outer loop
      vertex 30.7823 14.3008 0
      vertex 30.7823 14.45 0.349999
      vertex 30.7823 14.45 0
    endloop
  endfacet
  facet normal -1 -0 0
    outer loop
      vertex 30.7823 14.45 0.349999
      vertex 30.7823 14.3008 0
      vertex 30.7823 14.3008 0.349999
    endloop
  endfacet
  facet normal 0 1 -0
    outer loop
      vertex 30.7823 14.3008 0
      vertex 29.5585 14.3008 0.349999
      vertex 30.7823 14.3008 0.349999
    endloop
  endfacet
  facet normal 0 1 0
    outer loop
      vertex 29.5585 14.3008 0.349999
      vertex 30.7823 14.3008 0
      vertex 29.5585 14.3008 0
    endloop
  endfacet
  facet normal -1 0 0
    outer loop
      vertex 29.5585 13.7247 0
      vertex 29.5585 14.3008 0.349999
      vertex 29.5585 14.3008 0
    endloop
  endfacet
  facet normal -1 -0 0
    outer loop
      vertex 29.5585 14.3008 0.349999
      vertex 29.5585 13.7247 0
      vertex 29.5585 13.7247 0.349999
    endloop
  endfacet
  facet normal 0 -1 0
    outer loop
      vertex 29.5585 13.7247 0
      vertex 30.8816 13.7247 0.349999
      vertex 29.5585 13.7247 0.349999
    endloop
  endfacet
  facet normal 0 -1 -0
    outer loop
      vertex 30.8816 13.7247 0.349999
      vertex 29.5585 13.7247 0
      vertex 30.8816 13.7247 0
    endloop
  endfacet
  facet normal -1 0 0
    outer loop
      vertex 30.8816 13.55 0
      vertex 30.8816 13.7247 0.349999
      vertex 30.8816 13.7247 0
    endloop
  endfacet
  facet normal -1 -0 0
    outer loop
      vertex 30.8816 13.7247 0.349999
      vertex 30.8816 13.55 0
      vertex 30.8816 13.55 0.349999
    endloop
  endfacet
  facet normal 1 -0 0
    outer loop
      vertex 29.0784 13.55 0.349999
      vertex 29.0784 14.45 0
      vertex 29.0784 14.45 0.349999
    endloop
  endfacet
  facet normal 1 0 0
    outer loop
      vertex 29.0784 14.45 0
      vertex 29.0784 13.55 0.349999
      vertex 29.0784 13.55 0
    endloop
  endfacet
  facet normal -0.816921 -0.57675 0
    outer loop
      vertex 33.1509 14.4017 0
      vertex 33.1168 14.45 0.349999
      vertex 33.1168 14.45 0
    endloop
  endfacet
  facet normal -0.816921 -0.57675 0
    outer loop
      vertex 33.1168 14.45 0.349999
      vertex 33.1509 14.4017 0
      vertex 33.1509 14.4017 0.349999
    endloop
  endfacet
  facet normal -0.869723 -0.49354 0
    outer loop
      vertex 33.1816 14.3476 0
      vertex 33.1509 14.4017 0.349999
      vertex 33.1509 14.4017 0
    endloop
  endfacet
  facet normal -0.869723 -0.49354 0
    outer loop
      vertex 33.1509 14.4017 0.349999
      vertex 33.1816 14.3476 0
      vertex 33.1816 14.3476 0.349999
    endloop
  endfacet
  facet normal -0.914409 -0.404791 0
    outer loop
      vertex 33.2067 14.2909 0
      vertex 33.1816 14.3476 0.349999
      vertex 33.1816 14.3476 0
    endloop
  endfacet
  facet normal -0.914409 -0.404791 0
    outer loop
      vertex 33.1816 14.3476 0.349999
      vertex 33.2067 14.2909 0
      vertex 33.2067 14.2909 0.349999
    endloop
  endfacet
  facet normal -0.949638 -0.313349 0
    outer loop
      vertex 33.2263 14.2315 0
      vertex 33.2067 14.2909 0.349999
      vertex 33.2067 14.2909 0
    endloop
  endfacet
  facet normal -0.949638 -0.313349 0
    outer loop
      vertex 33.2067 14.2909 0.349999
      vertex 33.2263 14.2315 0
      vertex 33.2263 14.2315 0.349999
    endloop
  endfacet
  facet normal -0.975853 -0.218428 0
    outer loop
      vertex 33.2402 14.1694 0
      vertex 33.2263 14.2315 0.349999
      vertex 33.2263 14.2315 0
    endloop
  endfacet
  facet normal -0.975853 -0.218428 0
    outer loop
      vertex 33.2263 14.2315 0.349999
      vertex 33.2402 14.1694 0
      vertex 33.2402 14.1694 0.349999
    endloop
  endfacet
  facet normal -0.991703 -0.128554 0
    outer loop
      vertex 33.2486 14.1046 0
      vertex 33.2402 14.1694 0.349999
      vertex 33.2402 14.1694 0
    endloop
  endfacet
  facet normal -0.991703 -0.128554 0
    outer loop
      vertex 33.2402 14.1694 0.349999
      vertex 33.2486 14.1046 0
      vertex 33.2486 14.1046 0.349999
    endloop
  endfacet
  facet normal -0.999138 -0.0415072 0
    outer loop
      vertex 33.2514 14.0372 0
      vertex 33.2486 14.1046 0.349999
      vertex 33.2486 14.1046 0
    endloop
  endfacet
  facet normal -0.999138 -0.0415072 0
    outer loop
      vertex 33.2486 14.1046 0.349999
      vertex 33.2514 14.0372 0
      vertex 33.2514 14.0372 0.349999
    endloop
  endfacet
  facet normal -0.998733 0.0503195 0
    outer loop
      vertex 33.2468 13.9459 0
      vertex 33.2514 14.0372 0.349999
      vertex 33.2514 14.0372 0
    endloop
  endfacet
  facet normal -0.998733 0.0503195 0
    outer loop
      vertex 33.2514 14.0372 0.349999
      vertex 33.2468 13.9459 0
      vertex 33.2468 13.9459 0.349999
    endloop
  endfacet
  facet normal -0.987441 0.157991 0
    outer loop
      vertex 33.2332 13.8609 0
      vertex 33.2468 13.9459 0.349999
      vertex 33.2468 13.9459 0
    endloop
  endfacet
  facet normal -0.987441 0.157991 0
    outer loop
      vertex 33.2468 13.9459 0.349999
      vertex 33.2332 13.8609 0
      vertex 33.2332 13.8609 0.349999
    endloop
  endfacet
  facet normal -0.960504 0.278266 0
    outer loop
      vertex 33.2104 13.7822 0
      vertex 33.2332 13.8609 0.349999
      vertex 33.2332 13.8609 0
    endloop
  endfacet
  facet normal -0.960504 0.278266 0
    outer loop
      vertex 33.2332 13.8609 0.349999
      vertex 33.2104 13.7822 0
      vertex 33.2104 13.7822 0.349999
    endloop
  endfacet
  facet normal -0.915576 0.402145 0
    outer loop
      vertex 33.1786 13.7098 0
      vertex 33.2104 13.7822 0.349999
      vertex 33.2104 13.7822 0
    endloop
  endfacet
  facet normal -0.915576 0.402145 0
    outer loop
      vertex 33.2104 13.7822 0.349999
      vertex 33.1786 13.7098 0
      vertex 33.1786 13.7098 0.349999
    endloop
  endfacet
  facet normal -0.850156 0.526531 0
    outer loop
      vertex 33.1376 13.6436 0
      vertex 33.1786 13.7098 0.349999
      vertex 33.1786 13.7098 0
    endloop
  endfacet
  facet normal -0.850156 0.526531 0
    outer loop
      vertex 33.1786 13.7098 0.349999
      vertex 33.1376 13.6436 0
      vertex 33.1376 13.6436 0.349999
    endloop
  endfacet
  facet normal -0.767169 0.641445 0
    outer loop
      vertex 33.0876 13.5838 0
      vertex 33.1376 13.6436 0.349999
      vertex 33.1376 13.6436 0
    endloop
  endfacet
  facet normal -0.767169 0.641445 0
    outer loop
      vertex 33.1376 13.6436 0.349999
      vertex 33.0876 13.5838 0
      vertex 33.0876 13.5838 0.349999
    endloop
  endfacet
  facet normal -0.671485 0.741018 0
    outer loop
      vertex 33.0876 13.5838 0
      vertex 33.0503 13.55 0.349999
      vertex 33.0876 13.5838 0.349999
    endloop
  endfacet
  facet normal -0.671485 0.741018 0
    outer loop
      vertex 33.0503 13.55 0.349999
      vertex 33.0876 13.5838 0
      vertex 33.0503 13.55 0
    endloop
  endfacet
  facet normal 1 -0 0
    outer loop
      vertex 31.2496 13.55 0.349999
      vertex 31.2496 14.45 0
      vertex 31.2496 14.45 0.349999
    endloop
  endfacet
  facet normal 1 0 0
    outer loop
      vertex 31.2496 14.45 0
      vertex 31.2496 13.55 0.349999
      vertex 31.2496 13.55 0
    endloop
  endfacet
  facet normal -1 0 0
    outer loop
      vertex 31.7297 13.7263 0
      vertex 31.7297 14.4033 0.349999
      vertex 31.7297 14.4033 0
    endloop
  endfacet
  facet normal -1 -0 0
    outer loop
      vertex 31.7297 14.4033 0.349999
      vertex 31.7297 13.7263 0
      vertex 31.7297 13.7263 0.349999
    endloop
  endfacet
  facet normal 0 -1 0
    outer loop
      vertex 31.7297 13.7263 0
      vertex 32.3449 13.7263 0.349999
      vertex 31.7297 13.7263 0.349999
    endloop
  endfacet
  facet normal 0 -1 -0
    outer loop
      vertex 32.3449 13.7263 0.349999
      vertex 31.7297 13.7263 0
      vertex 32.3449 13.7263 0
    endloop
  endfacet
  facet normal 0.0596086 -0.998222 0
    outer loop
      vertex 32.3449 13.7263 0
      vertex 32.4571 13.733 0.349999
      vertex 32.3449 13.7263 0.349999
    endloop
  endfacet
  facet normal 0.0596086 -0.998222 0
    outer loop
      vertex 32.4571 13.733 0.349999
      vertex 32.3449 13.7263 0
      vertex 32.4571 13.733 0
    endloop
  endfacet
  facet normal 0.208967 -0.977923 0
    outer loop
      vertex 32.4571 13.733 0
      vertex 32.5521 13.7533 0.349999
      vertex 32.4571 13.733 0.349999
    endloop
  endfacet
  facet normal 0.208967 -0.977923 0
    outer loop
      vertex 32.5521 13.7533 0.349999
      vertex 32.4571 13.733 0
      vertex 32.5521 13.7533 0
    endloop
  endfacet
  facet normal 0.397906 -0.917426 0
    outer loop
      vertex 32.5521 13.7533 0
      vertex 32.6298 13.787 0.349999
      vertex 32.5521 13.7533 0.349999
    endloop
  endfacet
  facet normal 0.397906 -0.917426 0
    outer loop
      vertex 32.6298 13.787 0.349999
      vertex 32.5521 13.7533 0
      vertex 32.6298 13.787 0
    endloop
  endfacet
  facet normal 0.615113 -0.788439 0
    outer loop
      vertex 32.6298 13.787 0
      vertex 32.6903 13.8342 0.349999
      vertex 32.6298 13.787 0.349999
    endloop
  endfacet
  facet normal 0.615113 -0.788439 0
    outer loop
      vertex 32.6903 13.8342 0.349999
      vertex 32.6298 13.787 0
      vertex 32.6903 13.8342 0
    endloop
  endfacet
  facet normal 0.81473 -0.579841 0
    outer loop
      vertex 32.6903 13.8342 0.349999
      vertex 32.7335 13.8949 0
      vertex 32.7335 13.8949 0.349999
    endloop
  endfacet
  facet normal 0.81473 -0.579841 0
    outer loop
      vertex 32.7335 13.8949 0
      vertex 32.6903 13.8342 0.349999
      vertex 32.6903 13.8342 0
    endloop
  endfacet
  facet normal 0.943997 -0.329953 0
    outer loop
      vertex 32.7335 13.8949 0.349999
      vertex 32.7594 13.969 0
      vertex 32.7594 13.969 0.349999
    endloop
  endfacet
  facet normal 0.943997 -0.329953 0
    outer loop
      vertex 32.7594 13.969 0
      vertex 32.7335 13.8949 0.349999
      vertex 32.7335 13.8949 0
    endloop
  endfacet
  facet normal 0.995226 -0.0975935 0
    outer loop
      vertex 32.7594 13.969 0.349999
      vertex 32.768 14.0567 0
      vertex 32.768 14.0567 0.349999
    endloop
  endfacet
  facet normal 0.995226 -0.0975935 0
    outer loop
      vertex 32.768 14.0567 0
      vertex 32.7594 13.969 0.349999
      vertex 32.7594 13.969 0
    endloop
  endfacet
  facet normal 0.998937 0.0461048 0
    outer loop
      vertex 32.768 14.0567 0.349999
      vertex 32.7659 14.1022 0
      vertex 32.7659 14.1022 0.349999
    endloop
  endfacet
  facet normal 0.998937 0.0461048 0
    outer loop
      vertex 32.7659 14.1022 0
      vertex 32.768 14.0567 0.349999
      vertex 32.768 14.0567 0
    endloop
  endfacet
  facet normal 0.988799 0.149253 0
    outer loop
      vertex 32.7659 14.1022 0.349999
      vertex 32.7595 14.1446 0
      vertex 32.7595 14.1446 0.349999
    endloop
  endfacet
  facet normal 0.988799 0.149253 0
    outer loop
      vertex 32.7595 14.1446 0
      vertex 32.7659 14.1022 0.349999
      vertex 32.7659 14.1022 0
    endloop
  endfacet
  facet normal 0.965828 0.259184 0
    outer loop
      vertex 32.7595 14.1446 0.349999
      vertex 32.7489 14.1841 0
      vertex 32.7489 14.1841 0.349999
    endloop
  endfacet
  facet normal 0.965828 0.259184 0
    outer loop
      vertex 32.7489 14.1841 0
      vertex 32.7595 14.1446 0.349999
      vertex 32.7595 14.1446 0
    endloop
  endfacet
  facet normal 0.92583 0.377941 0
    outer loop
      vertex 32.7489 14.1841 0.349999
      vertex 32.734 14.2206 0
      vertex 32.734 14.2206 0.349999
    endloop
  endfacet
  facet normal 0.92583 0.377941 0
    outer loop
      vertex 32.734 14.2206 0
      vertex 32.7489 14.1841 0.349999
      vertex 32.7489 14.1841 0
    endloop
  endfacet
  facet normal 0.869356 0.494187 0
    outer loop
      vertex 32.734 14.2206 0.349999
      vertex 32.7149 14.2542 0
      vertex 32.7149 14.2542 0.349999
    endloop
  endfacet
  facet normal 0.869356 0.494187 0
    outer loop
      vertex 32.7149 14.2542 0
      vertex 32.734 14.2206 0.349999
      vertex 32.734 14.2206 0
    endloop
  endfacet
  facet normal 0.793397 0.608705 0
    outer loop
      vertex 32.7149 14.2542 0.349999
      vertex 32.6915 14.2847 0
      vertex 32.6915 14.2847 0.349999
    endloop
  endfacet
  facet normal 0.793397 0.608705 0
    outer loop
      vertex 32.6915 14.2847 0
      vertex 32.7149 14.2542 0.349999
      vertex 32.7149 14.2542 0
    endloop
  endfacet
  facet normal 0.70454 0.709664 -0
    outer loop
      vertex 32.6915 14.2847 0
      vertex 32.6638 14.3122 0.349999
      vertex 32.6915 14.2847 0.349999
    endloop
  endfacet
  facet normal 0.70454 0.709664 0
    outer loop
      vertex 32.6638 14.3122 0.349999
      vertex 32.6915 14.2847 0
      vertex 32.6638 14.3122 0
    endloop
  endfacet
  facet normal 0.606798 0.794856 -0
    outer loop
      vertex 32.6638 14.3122 0
      vertex 32.6321 14.3364 0.349999
      vertex 32.6638 14.3122 0.349999
    endloop
  endfacet
  facet normal 0.606798 0.794856 0
    outer loop
      vertex 32.6321 14.3364 0.349999
      vertex 32.6638 14.3122 0
      vertex 32.6321 14.3364 0
    endloop
  endfacet
  facet normal 0.496139 0.868243 -0
    outer loop
      vertex 32.6321 14.3364 0
      vertex 32.5964 14.3568 0.349999
      vertex 32.6321 14.3364 0.349999
    endloop
  endfacet
  facet normal 0.496139 0.868243 0
    outer loop
      vertex 32.5964 14.3568 0.349999
      vertex 32.6321 14.3364 0
      vertex 32.5964 14.3568 0
    endloop
  endfacet
  facet normal 0.388885 0.921286 -0
    outer loop
      vertex 32.5964 14.3568 0
      vertex 32.5566 14.3736 0.349999
      vertex 32.5964 14.3568 0.349999
    endloop
  endfacet
  facet normal 0.388885 0.921286 0
    outer loop
      vertex 32.5566 14.3736 0.349999
      vertex 32.5964 14.3568 0
      vertex 32.5566 14.3736 0
    endloop
  endfacet
  facet normal 0.285134 0.958488 -0
    outer loop
      vertex 32.5566 14.3736 0
      vertex 32.5129 14.3866 0.349999
      vertex 32.5566 14.3736 0.349999
    endloop
  endfacet
  facet normal 0.285134 0.958488 0
    outer loop
      vertex 32.5129 14.3866 0.349999
      vertex 32.5566 14.3736 0
      vertex 32.5129 14.3866 0
    endloop
  endfacet
  facet normal 0.191365 0.981519 -0
    outer loop
      vertex 32.5129 14.3866 0
      vertex 32.4652 14.3959 0.349999
      vertex 32.5129 14.3866 0.349999
    endloop
  endfacet
  facet normal 0.191365 0.981519 0
    outer loop
      vertex 32.4652 14.3959 0.349999
      vertex 32.5129 14.3866 0
      vertex 32.4652 14.3959 0
    endloop
  endfacet
  facet normal 0.107894 0.994162 -0
    outer loop
      vertex 32.4652 14.3959 0
      vertex 32.4136 14.4015 0.349999
      vertex 32.4652 14.3959 0.349999
    endloop
  endfacet
  facet normal 0.107894 0.994162 0
    outer loop
      vertex 32.4136 14.4015 0.349999
      vertex 32.4652 14.3959 0
      vertex 32.4136 14.4015 0
    endloop
  endfacet
  facet normal 0.0322991 0.999478 -0
    outer loop
      vertex 32.4136 14.4015 0
      vertex 32.3579 14.4033 0.349999
      vertex 32.4136 14.4015 0.349999
    endloop
  endfacet
  facet normal 0.0322991 0.999478 0
    outer loop
      vertex 32.3579 14.4033 0.349999
      vertex 32.4136 14.4015 0
      vertex 32.3579 14.4033 0
    endloop
  endfacet
  facet normal 0 1 -0
    outer loop
      vertex 32.3579 14.4033 0
      vertex 31.7297 14.4033 0.349999
      vertex 32.3579 14.4033 0.349999
    endloop
  endfacet
  facet normal 0 1 0
    outer loop
      vertex 31.7297 14.4033 0.349999
      vertex 32.3579 14.4033 0
      vertex 31.7297 14.4033 0
    endloop
  endfacet
  facet normal -0.999917 0.0128469 0
    outer loop
      vertex 43.431 14.2476 0
      vertex 43.4316 14.2943 0.349999
      vertex 43.4316 14.2943 0
    endloop
  endfacet
  facet normal -0.999917 0.0128469 0
    outer loop
      vertex 43.4316 14.2943 0.349999
      vertex 43.431 14.2476 0
      vertex 43.431 14.2476 0.349999
    endloop
  endfacet
  facet normal -0.999373 0.0354108 0
    outer loop
      vertex 43.4292 14.1968 0
      vertex 43.431 14.2476 0.349999
      vertex 43.431 14.2476 0
    endloop
  endfacet
  facet normal -0.999373 0.0354108 0
    outer loop
      vertex 43.431 14.2476 0.349999
      vertex 43.4292 14.1968 0
      vertex 43.4292 14.1968 0.349999
    endloop
  endfacet
  facet normal -0.998516 0.0544645 0
    outer loop
      vertex 43.4262 14.1418 0
      vertex 43.4292 14.1968 0.349999
      vertex 43.4292 14.1968 0
    endloop
  endfacet
  facet normal -0.998516 0.0544645 0
    outer loop
      vertex 43.4292 14.1968 0.349999
      vertex 43.4262 14.1418 0
      vertex 43.4262 14.1418 0.349999
    endloop
  endfacet
  facet normal -0.997476 0.0710068 0
    outer loop
      vertex 43.422 14.0828 0
      vertex 43.4262 14.1418 0.349999
      vertex 43.4262 14.1418 0
    endloop
  endfacet
  facet normal -0.997476 0.0710068 0
    outer loop
      vertex 43.4262 14.1418 0.349999
      vertex 43.422 14.0828 0
      vertex 43.422 14.0828 0.349999
    endloop
  endfacet
  facet normal -0.99637 0.0851328 0
    outer loop
      vertex 43.4166 14.0196 0
      vertex 43.422 14.0828 0.349999
      vertex 43.422 14.0828 0
    endloop
  endfacet
  facet normal -0.99637 0.0851328 0
    outer loop
      vertex 43.422 14.0828 0.349999
      vertex 43.4166 14.0196 0
      vertex 43.4166 14.0196 0.349999
    endloop
  endfacet
  facet normal -0.995368 0.0961351 0
    outer loop
      vertex 43.4101 13.9523 0
      vertex 43.4166 14.0196 0.349999
      vertex 43.4166 14.0196 0
    endloop
  endfacet
  facet normal -0.995368 0.0961351 0
    outer loop
      vertex 43.4166 14.0196 0.349999
      vertex 43.4101 13.9523 0
      vertex 43.4101 13.9523 0.349999
    endloop
  endfacet
  facet normal -0.994086 0.108598 0
    outer loop
      vertex 43.4023 13.8809 0
      vertex 43.4101 13.9523 0.349999
      vertex 43.4101 13.9523 0
    endloop
  endfacet
  facet normal -0.994086 0.108598 0
    outer loop
      vertex 43.4101 13.9523 0.349999
      vertex 43.4023 13.8809 0
      vertex 43.4023 13.8809 0.349999
    endloop
  endfacet
  facet normal 0.870301 -0.49252 0
    outer loop
      vertex 43.4023 13.8809 0.349999
      vertex 44.4016 15.6467 0
      vertex 44.4016 15.6467 0.349999
    endloop
  endfacet
  facet normal 0.870301 -0.49252 0
    outer loop
      vertex 44.4016 15.6467 0
      vertex 43.4023 13.8809 0.349999
      vertex 43.4023 13.8809 0
    endloop
  endfacet
  facet normal 0 -1 0
    outer loop
      vertex 44.4016 15.6467 0
      vertex 44.9647 15.6467 0.349999
      vertex 44.4016 15.6467 0.349999
    endloop
  endfacet
  facet normal 0 -1 -0
    outer loop
      vertex 44.9647 15.6467 0.349999
      vertex 44.4016 15.6467 0
      vertex 44.9647 15.6467 0
    endloop
  endfacet
  facet normal -1 0 0
    outer loop
      vertex 44.9647 13.3536 0
      vertex 44.9647 15.6467 0.349999
      vertex 44.9647 15.6467 0
    endloop
  endfacet
  facet normal -1 -0 0
    outer loop
      vertex 44.9647 15.6467 0.349999
      vertex 44.9647 13.3536 0
      vertex 44.9647 13.3536 0.349999
    endloop
  endfacet
  facet normal 0 1 -0
    outer loop
      vertex 44.9647 13.3536 0
      vertex 44.5383 13.3536 0.349999
      vertex 44.9647 13.3536 0.349999
    endloop
  endfacet
  facet normal 0 1 0
    outer loop
      vertex 44.5383 13.3536 0.349999
      vertex 44.9647 13.3536 0
      vertex 44.5383 13.3536 0
    endloop
  endfacet
  facet normal 1 -0 0
    outer loop
      vertex 44.5383 13.3536 0.349999
      vertex 44.5383 14.6865 0
      vertex 44.5383 14.6865 0.349999
    endloop
  endfacet
  facet normal 1 0 0
    outer loop
      vertex 44.5383 14.6865 0
      vertex 44.5383 13.3536 0.349999
      vertex 44.5383 13.3536 0
    endloop
  endfacet
  facet normal 0.999948 -0.0102384 0
    outer loop
      vertex 44.5383 14.6865 0.349999
      vertex 44.5389 14.7451 0
      vertex 44.5389 14.7451 0.349999
    endloop
  endfacet
  facet normal 0.999948 -0.0102384 0
    outer loop
      vertex 44.5389 14.7451 0
      vertex 44.5383 14.6865 0.349999
      vertex 44.5383 14.6865 0
    endloop
  endfacet
  facet normal 0.999555 -0.0298375 0
    outer loop
      vertex 44.5389 14.7451 0.349999
      vertex 44.5407 14.8054 0
      vertex 44.5407 14.8054 0.349999
    endloop
  endfacet
  facet normal 0.999555 -0.0298375 0
    outer loop
      vertex 44.5407 14.8054 0
      vertex 44.5389 14.7451 0.349999
      vertex 44.5389 14.7451 0
    endloop
  endfacet
  facet normal 0.998839 -0.0481755 0
    outer loop
      vertex 44.5407 14.8054 0.349999
      vertex 44.5437 14.8676 0
      vertex 44.5437 14.8676 0.349999
    endloop
  endfacet
  facet normal 0.998839 -0.0481755 0
    outer loop
      vertex 44.5437 14.8676 0
      vertex 44.5407 14.8054 0.349999
      vertex 44.5407 14.8054 0
    endloop
  endfacet
  facet normal 0.997847 -0.0655862 0
    outer loop
      vertex 44.5437 14.8676 0.349999
      vertex 44.5479 14.9315 0
      vertex 44.5479 14.9315 0.349999
    endloop
  endfacet
  facet normal 0.997847 -0.0655862 0
    outer loop
      vertex 44.5479 14.9315 0
      vertex 44.5437 14.8676 0.349999
      vertex 44.5437 14.8676 0
    endloop
  endfacet
  facet normal 0.996762 -0.0804085 0
    outer loop
      vertex 44.5479 14.9315 0.349999
      vertex 44.5532 14.9972 0
      vertex 44.5532 14.9972 0.349999
    endloop
  endfacet
  facet normal 0.996762 -0.0804085 0
    outer loop
      vertex 44.5532 14.9972 0
      vertex 44.5479 14.9315 0.349999
      vertex 44.5479 14.9315 0
    endloop
  endfacet
  facet normal 0.995268 -0.0971711 0
    outer loop
      vertex 44.5532 14.9972 0.349999
      vertex 44.5598 15.0648 0
      vertex 44.5598 15.0648 0.349999
    endloop
  endfacet
  facet normal 0.995268 -0.0971711 0
    outer loop
      vertex 44.5598 15.0648 0
      vertex 44.5532 14.9972 0.349999
      vertex 44.5532 14.9972 0
    endloop
  endfacet
  facet normal 0.993725 -0.111848 0
    outer loop
      vertex 44.5598 15.0648 0.349999
      vertex 44.5676 15.1341 0
      vertex 44.5676 15.1341 0.349999
    endloop
  endfacet
  facet normal 0.993725 -0.111848 0
    outer loop
      vertex 44.5676 15.1341 0
      vertex 44.5598 15.0648 0.349999
      vertex 44.5598 15.0648 0
    endloop
  endfacet
  facet normal -0.868963 0.494877 0
    outer loop
      vertex 43.5536 13.3536 0
      vertex 44.5676 15.1341 0.349999
      vertex 44.5676 15.1341 0
    endloop
  endfacet
  facet normal -0.868963 0.494877 0
    outer loop
      vertex 44.5676 15.1341 0.349999
      vertex 43.5536 13.3536 0
      vertex 43.5536 13.3536 0.349999
    endloop
  endfacet
  facet normal 0 1 -0
    outer loop
      vertex 43.5536 13.3536 0
      vertex 43.0052 13.3536 0.349999
      vertex 43.5536 13.3536 0.349999
    endloop
  endfacet
  facet normal 0 1 0
    outer loop
      vertex 43.0052 13.3536 0.349999
      vertex 43.5536 13.3536 0
      vertex 43.0052 13.3536 0
    endloop
  endfacet
  facet normal 1 -0 0
    outer loop
      vertex 43.0052 13.3536 0.349999
      vertex 43.0052 15.6467 0
      vertex 43.0052 15.6467 0.349999
    endloop
  endfacet
  facet normal 1 0 0
    outer loop
      vertex 43.0052 15.6467 0
      vertex 43.0052 13.3536 0.349999
      vertex 43.0052 13.3536 0
    endloop
  endfacet
  facet normal 0 -1 0
    outer loop
      vertex 43.0052 15.6467 0
      vertex 43.4316 15.6467 0.349999
      vertex 43.0052 15.6467 0.349999
    endloop
  endfacet
  facet normal 0 -1 -0
    outer loop
      vertex 43.4316 15.6467 0.349999
      vertex 43.0052 15.6467 0
      vertex 43.4316 15.6467 0
    endloop
  endfacet
  facet normal -1 0 0
    outer loop
      vertex 43.4316 14.2943 0
      vertex 43.4316 15.6467 0.349999
      vertex 43.4316 15.6467 0
    endloop
  endfacet
  facet normal -1 -0 0
    outer loop
      vertex 43.4316 15.6467 0.349999
      vertex 43.4316 14.2943 0
      vertex 43.4316 14.2943 0.349999
    endloop
  endfacet
endsolid OpenSCAD_Model
