solid OpenSCAD_Model
  facet normal -0.946944 -0.321397 0
    outer loop
      vertex 13.3806 -5.91342 0
      vertex 13.1704 -5.2941 2
      vertex 13.1704 -5.2941 0
    endloop
  endfacet
  facet normal -0.946944 -0.321397 0
    outer loop
      vertex 13.1704 -5.2941 2
      vertex 13.3806 -5.91342 0
      vertex 13.3806 -5.91342 2
    endloop
  endfacet
  facet normal -1 0 0
    outer loop
      vertex 13 -4 0
      vertex 13 0 2
      vertex 13 0 0
    endloop
  endfacet
  facet normal -1 -0 0
    outer loop
      vertex 13 0 2
      vertex 13 -4 0
      vertex 13 -4 2
    endloop
  endfacet
  facet normal -0.997856 -0.0654402 0
    outer loop
      vertex 13.0428 -4.65263 0
      vertex 13 -4 2
      vertex 13 -4 0
    endloop
  endfacet
  facet normal -0.997856 -0.0654402 0
    outer loop
      vertex 13 -4 2
      vertex 13.0428 -4.65263 0
      vertex 13.0428 -4.65263 2
    endloop
  endfacet
  facet normal 0.946944 -0.321397 0
    outer loop
      vertex 22.6194 -5.91342 2
      vertex 22.8296 -5.2941 0
      vertex 22.8296 -5.2941 2
    endloop
  endfacet
  facet normal 0.946944 -0.321397 0
    outer loop
      vertex 22.8296 -5.2941 0
      vertex 22.6194 -5.91342 2
      vertex 22.6194 -5.91342 0
    endloop
  endfacet
  facet normal 1 -0 0
    outer loop
      vertex 23 -4 2
      vertex 23 0 0
      vertex 23 0 2
    endloop
  endfacet
  facet normal 1 0 0
    outer loop
      vertex 23 0 0
      vertex 23 -4 2
      vertex 23 -4 0
    endloop
  endfacet
  facet normal -0 0 1
    outer loop
      vertex 19.6454 -3.05 2
      vertex 23 -4 2
      vertex 23 0 2
    endloop
  endfacet
  facet normal -0 -0 1
    outer loop
      vertex 19.8353 -3.50824 2
      vertex 23 -4 2
      vertex 19.7554 -3.2729 2
    endloop
  endfacet
  facet normal 0 -0 1
    outer loop
      vertex 19.9 -4 2
      vertex 23 -4 2
      vertex 19.8837 -3.752 2
    endloop
  endfacet
  facet normal 0 0 1
    outer loop
      vertex 23 -4 2
      vertex 19.9 -4 2
      vertex 22.9572 -4.65263 2
    endloop
  endfacet
  facet normal 0 0 1
    outer loop
      vertex 22.9572 -4.65263 2
      vertex 19.8837 -4.248 2
      vertex 22.8296 -5.2941 2
    endloop
  endfacet
  facet normal 0 0 1
    outer loop
      vertex 22.8296 -5.2941 2
      vertex 19.8353 -4.49176 2
      vertex 22.6194 -5.91342 2
    endloop
  endfacet
  facet normal -0 0 1
    outer loop
      vertex 19.7554 -4.7271 2
      vertex 22.6194 -5.91342 2
      vertex 19.8353 -4.49176 2
    endloop
  endfacet
  facet normal -0 0 1
    outer loop
      vertex 19.6454 -4.95 2
      vertex 22.3301 -6.5 2
      vertex 19.7554 -4.7271 2
    endloop
  endfacet
  facet normal 0 0 1
    outer loop
      vertex 22.3301 -6.5 2
      vertex 19.6454 -4.95 2
      vertex 21.9668 -7.04381 2
    endloop
  endfacet
  facet normal 0 0 1
    outer loop
      vertex 22.6194 -5.91342 2
      vertex 19.7554 -4.7271 2
      vertex 22.3301 -6.5 2
    endloop
  endfacet
  facet normal -0 0 1
    outer loop
      vertex 19.8353 -4.49176 2
      vertex 22.8296 -5.2941 2
      vertex 19.8837 -4.248 2
    endloop
  endfacet
  facet normal -0 0 1
    outer loop
      vertex 19.8837 -4.248 2
      vertex 22.9572 -4.65263 2
      vertex 19.9 -4 2
    endloop
  endfacet
  facet normal -0 -0 1
    outer loop
      vertex 19.8837 -3.752 2
      vertex 23 -4 2
      vertex 19.8353 -3.50824 2
    endloop
  endfacet
  facet normal 0 0 1
    outer loop
      vertex 23 -4 2
      vertex 19.6454 -3.05 2
      vertex 19.7554 -3.2729 2
    endloop
  endfacet
  facet normal 0 0 1
    outer loop
      vertex 23 0 2
      vertex 19.5074 -2.84335 2
      vertex 19.6454 -3.05 2
    endloop
  endfacet
  facet normal 0 0 1
    outer loop
      vertex 23 0 2
      vertex 19.3435 -2.6565 2
      vertex 19.5074 -2.84335 2
    endloop
  endfacet
  facet normal 0 0 1
    outer loop
      vertex 23 0 2
      vertex 19.1566 -2.49263 2
      vertex 19.3435 -2.6565 2
    endloop
  endfacet
  facet normal 0 0 1
    outer loop
      vertex 23 0 2
      vertex 18.95 -2.35455 2
      vertex 19.1566 -2.49263 2
    endloop
  endfacet
  facet normal 0 0 1
    outer loop
      vertex 23 0 2
      vertex 18.7271 -2.24463 2
      vertex 18.95 -2.35455 2
    endloop
  endfacet
  facet normal 0 0 1
    outer loop
      vertex 23 0 2
      vertex 18.4918 -2.16474 2
      vertex 18.7271 -2.24463 2
    endloop
  endfacet
  facet normal 0 0 1
    outer loop
      vertex 23 0 2
      vertex 18.248 -2.11625 2
      vertex 18.4918 -2.16474 2
    endloop
  endfacet
  facet normal 0 0 1
    outer loop
      vertex 23 0 2
      vertex 18 -2.1 2
      vertex 18.248 -2.11625 2
    endloop
  endfacet
  facet normal -0 0 1
    outer loop
      vertex 13 0 2
      vertex 18 -2.1 2
      vertex 23 0 2
    endloop
  endfacet
  facet normal 0 0 1
    outer loop
      vertex 18 -2.1 2
      vertex 13 0 2
      vertex 17.752 -2.11625 2
    endloop
  endfacet
  facet normal 0 0 1
    outer loop
      vertex 17.752 -2.11625 2
      vertex 13 0 2
      vertex 17.5082 -2.16474 2
    endloop
  endfacet
  facet normal 0 0 1
    outer loop
      vertex 17.05 -5.64545 2
      vertex 15.5 -8.33013 2
      vertex 16.0866 -8.6194 2
    endloop
  endfacet
  facet normal 0 0 1
    outer loop
      vertex 13 -4 2
      vertex 16.1 -4 2
      vertex 16.1163 -3.752 2
    endloop
  endfacet
  facet normal 0 0 1
    outer loop
      vertex 16.1163 -4.248 2
      vertex 14.9562 -7.96677 2
      vertex 15.5 -8.33013 2
    endloop
  endfacet
  facet normal 0 0 1
    outer loop
      vertex 13 -4 2
      vertex 16.1163 -3.752 2
      vertex 16.1647 -3.50824 2
    endloop
  endfacet
  facet normal 0 0 1
    outer loop
      vertex 16.1163 -4.248 2
      vertex 14.4645 -7.53553 2
      vertex 14.9562 -7.96677 2
    endloop
  endfacet
  facet normal 0 0 1
    outer loop
      vertex 13 -4 2
      vertex 16.1647 -3.50824 2
      vertex 16.2446 -3.2729 2
    endloop
  endfacet
  facet normal 0 0 1
    outer loop
      vertex 16.1163 -4.248 2
      vertex 14.0332 -7.04381 2
      vertex 14.4645 -7.53553 2
    endloop
  endfacet
  facet normal 0 0 1
    outer loop
      vertex 13 -4 2
      vertex 16.2446 -3.2729 2
      vertex 16.3546 -3.05 2
    endloop
  endfacet
  facet normal 0 0 1
    outer loop
      vertex 16.1163 -4.248 2
      vertex 13.6699 -6.5 2
      vertex 14.0332 -7.04381 2
    endloop
  endfacet
  facet normal 0 0 1
    outer loop
      vertex 13 0 2
      vertex 16.3546 -3.05 2
      vertex 16.4926 -2.84335 2
    endloop
  endfacet
  facet normal 0 0 1
    outer loop
      vertex 16.1163 -4.248 2
      vertex 13.3806 -5.91342 2
      vertex 13.6699 -6.5 2
    endloop
  endfacet
  facet normal 0 0 1
    outer loop
      vertex 13 0 2
      vertex 16.4926 -2.84335 2
      vertex 16.6565 -2.6565 2
    endloop
  endfacet
  facet normal 0 0 1
    outer loop
      vertex 16.1163 -4.248 2
      vertex 13.1704 -5.2941 2
      vertex 13.3806 -5.91342 2
    endloop
  endfacet
  facet normal 0 0 1
    outer loop
      vertex 13 0 2
      vertex 16.6565 -2.6565 2
      vertex 16.8434 -2.49263 2
    endloop
  endfacet
  facet normal 0 0 1
    outer loop
      vertex 16.1163 -4.248 2
      vertex 13.0428 -4.65263 2
      vertex 13.1704 -5.2941 2
    endloop
  endfacet
  facet normal 0 0 1
    outer loop
      vertex 13 0 2
      vertex 16.8434 -2.49263 2
      vertex 17.05 -2.35455 2
    endloop
  endfacet
  facet normal 0 0 1
    outer loop
      vertex 17.5082 -2.16474 2
      vertex 13 0 2
      vertex 17.2729 -2.24463 2
    endloop
  endfacet
  facet normal 0 0 1
    outer loop
      vertex 13 0 2
      vertex 17.05 -2.35455 2
      vertex 17.2729 -2.24463 2
    endloop
  endfacet
  facet normal 0 0 1
    outer loop
      vertex 16.3546 -3.05 2
      vertex 13 0 2
      vertex 13 -4 2
    endloop
  endfacet
  facet normal 0 0 1
    outer loop
      vertex 16.1 -4 2
      vertex 13 -4 2
      vertex 13.0428 -4.65263 2
    endloop
  endfacet
  facet normal -0 0 1
    outer loop
      vertex 19.5074 -5.15665 2
      vertex 21.9668 -7.04381 2
      vertex 19.6454 -4.95 2
    endloop
  endfacet
  facet normal 0 0 1
    outer loop
      vertex 21.9668 -7.04381 2
      vertex 19.5074 -5.15665 2
      vertex 21.5355 -7.53553 2
    endloop
  endfacet
  facet normal -0 0 1
    outer loop
      vertex 19.3435 -5.3435 2
      vertex 21.5355 -7.53553 2
      vertex 19.5074 -5.15665 2
    endloop
  endfacet
  facet normal 0 0 1
    outer loop
      vertex 21.5355 -7.53553 2
      vertex 19.3435 -5.3435 2
      vertex 21.0438 -7.96677 2
    endloop
  endfacet
  facet normal -0 0 1
    outer loop
      vertex 19.1566 -5.50737 2
      vertex 21.0438 -7.96677 2
      vertex 19.3435 -5.3435 2
    endloop
  endfacet
  facet normal 0 0 1
    outer loop
      vertex 21.0438 -7.96677 2
      vertex 19.1566 -5.50737 2
      vertex 20.5 -8.33013 2
    endloop
  endfacet
  facet normal -0 0 1
    outer loop
      vertex 18.95 -5.64545 2
      vertex 20.5 -8.33013 2
      vertex 19.1566 -5.50737 2
    endloop
  endfacet
  facet normal 0 0 1
    outer loop
      vertex 20.5 -8.33013 2
      vertex 18.95 -5.64545 2
      vertex 19.9134 -8.6194 2
    endloop
  endfacet
  facet normal -0 0 1
    outer loop
      vertex 18.7271 -5.75537 2
      vertex 19.9134 -8.6194 2
      vertex 18.95 -5.64545 2
    endloop
  endfacet
  facet normal 0 0 1
    outer loop
      vertex 19.9134 -8.6194 2
      vertex 18.7271 -5.75537 2
      vertex 19.2941 -8.82963 2
    endloop
  endfacet
  facet normal -0 0 1
    outer loop
      vertex 18.4918 -5.83526 2
      vertex 19.2941 -8.82963 2
      vertex 18.7271 -5.75537 2
    endloop
  endfacet
  facet normal 0 0 1
    outer loop
      vertex 19.2941 -8.82963 2
      vertex 18.4918 -5.83526 2
      vertex 18.6526 -8.95722 2
    endloop
  endfacet
  facet normal -0 0 1
    outer loop
      vertex 18.248 -5.88375 2
      vertex 18.6526 -8.95722 2
      vertex 18.4918 -5.83526 2
    endloop
  endfacet
  facet normal -0 0 1
    outer loop
      vertex 18 -5.9 2
      vertex 18.6526 -8.95722 2
      vertex 18.248 -5.88375 2
    endloop
  endfacet
  facet normal 0 0 1
    outer loop
      vertex 18 -5.9 2
      vertex 18 -9 2
      vertex 18.6526 -8.95722 2
    endloop
  endfacet
  facet normal 0 0 1
    outer loop
      vertex 17.752 -5.88375 2
      vertex 18 -9 2
      vertex 18 -5.9 2
    endloop
  endfacet
  facet normal 0 0 1
    outer loop
      vertex 17.3474 -8.95722 2
      vertex 17.752 -5.88375 2
      vertex 17.5082 -5.83526 2
    endloop
  endfacet
  facet normal 0 0 1
    outer loop
      vertex 17.752 -5.88375 2
      vertex 17.3474 -8.95722 2
      vertex 18 -9 2
    endloop
  endfacet
  facet normal 0 0 1
    outer loop
      vertex 16.7059 -8.82963 2
      vertex 17.5082 -5.83526 2
      vertex 17.2729 -5.75537 2
    endloop
  endfacet
  facet normal 0 0 1
    outer loop
      vertex 16.0866 -8.6194 2
      vertex 17.2729 -5.75537 2
      vertex 17.05 -5.64545 2
    endloop
  endfacet
  facet normal 0 0 1
    outer loop
      vertex 15.5 -8.33013 2
      vertex 17.05 -5.64545 2
      vertex 16.8434 -5.50737 2
    endloop
  endfacet
  facet normal 0 0 1
    outer loop
      vertex 17.5082 -5.83526 2
      vertex 16.7059 -8.82963 2
      vertex 17.3474 -8.95722 2
    endloop
  endfacet
  facet normal 0 0 1
    outer loop
      vertex 15.5 -8.33013 2
      vertex 16.8434 -5.50737 2
      vertex 16.6565 -5.3435 2
    endloop
  endfacet
  facet normal 0 0 1
    outer loop
      vertex 15.5 -8.33013 2
      vertex 16.6565 -5.3435 2
      vertex 16.4926 -5.15665 2
    endloop
  endfacet
  facet normal 0 0 1
    outer loop
      vertex 15.5 -8.33013 2
      vertex 16.4926 -5.15665 2
      vertex 16.3546 -4.95 2
    endloop
  endfacet
  facet normal 0 0 1
    outer loop
      vertex 15.5 -8.33013 2
      vertex 16.3546 -4.95 2
      vertex 16.2446 -4.7271 2
    endloop
  endfacet
  facet normal 0 0 1
    outer loop
      vertex 15.5 -8.33013 2
      vertex 16.2446 -4.7271 2
      vertex 16.1647 -4.49176 2
    endloop
  endfacet
  facet normal 0 0 1
    outer loop
      vertex 15.5 -8.33013 2
      vertex 16.1647 -4.49176 2
      vertex 16.1163 -4.248 2
    endloop
  endfacet
  facet normal 0 0 1
    outer loop
      vertex 17.2729 -5.75537 2
      vertex 16.0866 -8.6194 2
      vertex 16.7059 -8.82963 2
    endloop
  endfacet
  facet normal 0 0 1
    outer loop
      vertex 13.0428 -4.65263 2
      vertex 16.1163 -4.248 2
      vertex 16.1 -4 2
    endloop
  endfacet
  facet normal -0.0654128 -0.997858 0
    outer loop
      vertex 17.3474 -8.95722 0
      vertex 18 -9 2
      vertex 17.3474 -8.95722 2
    endloop
  endfacet
  facet normal -0.0654128 -0.997858 -0
    outer loop
      vertex 18 -9 2
      vertex 17.3474 -8.95722 0
      vertex 18 -9 0
    endloop
  endfacet
  facet normal 0.0654128 -0.997858 0
    outer loop
      vertex 18 -9 0
      vertex 18.6526 -8.95722 2
      vertex 18 -9 2
    endloop
  endfacet
  facet normal 0.0654128 -0.997858 0
    outer loop
      vertex 18.6526 -8.95722 2
      vertex 18 -9 0
      vertex 18.6526 -8.95722 0
    endloop
  endfacet
  facet normal -0.980784 -0.195096 0
    outer loop
      vertex 13.1704 -5.2941 0
      vertex 13.0428 -4.65263 2
      vertex 13.0428 -4.65263 0
    endloop
  endfacet
  facet normal -0.980784 -0.195096 0
    outer loop
      vertex 13.0428 -4.65263 2
      vertex 13.1704 -5.2941 0
      vertex 13.1704 -5.2941 2
    endloop
  endfacet
  facet normal 0.321448 -0.946927 0
    outer loop
      vertex 19.2941 -8.82963 0
      vertex 19.9134 -8.6194 2
      vertex 19.2941 -8.82963 2
    endloop
  endfacet
  facet normal 0.321448 -0.946927 0
    outer loop
      vertex 19.9134 -8.6194 2
      vertex 19.2941 -8.82963 0
      vertex 19.9134 -8.6194 0
    endloop
  endfacet
  facet normal 0.659372 -0.751817 0
    outer loop
      vertex 21.0438 -7.96677 0
      vertex 21.5355 -7.53553 2
      vertex 21.0438 -7.96677 2
    endloop
  endfacet
  facet normal 0.659372 -0.751817 0
    outer loop
      vertex 21.5355 -7.53553 2
      vertex 21.0438 -7.96677 0
      vertex 21.5355 -7.53553 0
    endloop
  endfacet
  facet normal -0.751784 -0.659409 0
    outer loop
      vertex 14.4645 -7.53553 0
      vertex 14.0332 -7.04381 2
      vertex 14.0332 -7.04381 0
    endloop
  endfacet
  facet normal -0.751784 -0.659409 0
    outer loop
      vertex 14.0332 -7.04381 2
      vertex 14.4645 -7.53553 0
      vertex 14.4645 -7.53553 2
    endloop
  endfacet
  facet normal 0.195072 -0.980789 0
    outer loop
      vertex 18.6526 -8.95722 0
      vertex 19.2941 -8.82963 2
      vertex 18.6526 -8.95722 2
    endloop
  endfacet
  facet normal 0.195072 -0.980789 0
    outer loop
      vertex 19.2941 -8.82963 2
      vertex 18.6526 -8.95722 0
      vertex 19.2941 -8.82963 0
    endloop
  endfacet
  facet normal 0.555575 -0.831466 0
    outer loop
      vertex 20.5 -8.33013 0
      vertex 21.0438 -7.96677 2
      vertex 20.5 -8.33013 2
    endloop
  endfacet
  facet normal 0.555575 -0.831466 0
    outer loop
      vertex 21.0438 -7.96677 2
      vertex 20.5 -8.33013 0
      vertex 21.0438 -7.96677 0
    endloop
  endfacet
  facet normal 0.997856 -0.0654402 0
    outer loop
      vertex 22.9572 -4.65263 2
      vertex 23 -4 0
      vertex 23 -4 2
    endloop
  endfacet
  facet normal 0.997856 -0.0654402 0
    outer loop
      vertex 23 -4 0
      vertex 22.9572 -4.65263 2
      vertex 22.9572 -4.65263 0
    endloop
  endfacet
  facet normal 0.831514 -0.555504 0
    outer loop
      vertex 21.9668 -7.04381 2
      vertex 22.3301 -6.5 0
      vertex 22.3301 -6.5 2
    endloop
  endfacet
  facet normal 0.831514 -0.555504 0
    outer loop
      vertex 22.3301 -6.5 0
      vertex 21.9668 -7.04381 2
      vertex 21.9668 -7.04381 0
    endloop
  endfacet
  facet normal 0.980784 -0.195096 0
    outer loop
      vertex 22.8296 -5.2941 2
      vertex 22.9572 -4.65263 0
      vertex 22.9572 -4.65263 2
    endloop
  endfacet
  facet normal 0.980784 -0.195096 0
    outer loop
      vertex 22.9572 -4.65263 0
      vertex 22.8296 -5.2941 2
      vertex 22.8296 -5.2941 0
    endloop
  endfacet
  facet normal 0.896854 -0.442327 0
    outer loop
      vertex 22.3301 -6.5 2
      vertex 22.6194 -5.91342 0
      vertex 22.6194 -5.91342 2
    endloop
  endfacet
  facet normal 0.896854 -0.442327 0
    outer loop
      vertex 22.6194 -5.91342 0
      vertex 22.3301 -6.5 2
      vertex 22.3301 -6.5 0
    endloop
  endfacet
  facet normal 0 0 -1
    outer loop
      vertex 0 4 0
      vertex 13 0 0
      vertex 4 0 0
    endloop
  endfacet
  facet normal 0 0 -1
    outer loop
      vertex 13 0 0
      vertex 0 4 0
      vertex 13 37 0
    endloop
  endfacet
  facet normal 0 0 -1
    outer loop
      vertex 0 4 0
      vertex 4 0 0
      vertex 3.47789 0.0342102 0
    endloop
  endfacet
  facet normal 0 0 -1
    outer loop
      vertex 0 33 0
      vertex 13 37 0
      vertex 0 4 0
    endloop
  endfacet
  facet normal 0 0 -1
    outer loop
      vertex 0 4 0
      vertex 3.47789 0.0342102 0
      vertex 2.96472 0.136292 0
    endloop
  endfacet
  facet normal -0 0 -1
    outer loop
      vertex 13 37 0
      vertex 0 33 0
      vertex 4 37 0
    endloop
  endfacet
  facet normal 0 0 -1
    outer loop
      vertex 0 4 0
      vertex 2.96472 0.136292 0
      vertex 2.46925 0.304474 0
    endloop
  endfacet
  facet normal 0 0 -1
    outer loop
      vertex 4 37 0
      vertex 0 33 0
      vertex 3.47789 36.9658 0
    endloop
  endfacet
  facet normal 0 0 -1
    outer loop
      vertex 0 4 0
      vertex 2.46925 0.304474 0
      vertex 2 0.535889 0
    endloop
  endfacet
  facet normal 0 0 -1
    outer loop
      vertex 3.47789 36.9658 0
      vertex 0 33 0
      vertex 2.96472 36.8637 0
    endloop
  endfacet
  facet normal 0 0 -1
    outer loop
      vertex 0 4 0
      vertex 2 0.535889 0
      vertex 1.56494 0.826584 0
    endloop
  endfacet
  facet normal 0 0 -1
    outer loop
      vertex 2.96472 36.8637 0
      vertex 0 33 0
      vertex 2.46925 36.6955 0
    endloop
  endfacet
  facet normal 0 0 -1
    outer loop
      vertex 0 4 0
      vertex 1.56494 0.826584 0
      vertex 1.17157 1.17157 0
    endloop
  endfacet
  facet normal 0 0 -1
    outer loop
      vertex 2.46925 36.6955 0
      vertex 0 33 0
      vertex 2 36.4641 0
    endloop
  endfacet
  facet normal 0 0 -1
    outer loop
      vertex 0 4 0
      vertex 1.17157 1.17157 0
      vertex 0.826584 1.56494 0
    endloop
  endfacet
  facet normal 0 0 -1
    outer loop
      vertex 2 36.4641 0
      vertex 0 33 0
      vertex 1.56494 36.1734 0
    endloop
  endfacet
  facet normal 0 0 -1
    outer loop
      vertex 0 4 0
      vertex 0.826584 1.56494 0
      vertex 0.535889 2 0
    endloop
  endfacet
  facet normal 0 0 -1
    outer loop
      vertex 1.56494 36.1734 0
      vertex 0 33 0
      vertex 1.17157 35.8284 0
    endloop
  endfacet
  facet normal 0 0 -1
    outer loop
      vertex 0 4 0
      vertex 0.535889 2 0
      vertex 0.304474 2.46925 0
    endloop
  endfacet
  facet normal 0 0 -1
    outer loop
      vertex 1.17157 35.8284 0
      vertex 0 33 0
      vertex 0.826584 35.435 0
    endloop
  endfacet
  facet normal 0 0 -1
    outer loop
      vertex 0 4 0
      vertex 0.304474 2.46925 0
      vertex 0.136292 2.96472 0
    endloop
  endfacet
  facet normal 0 0 -1
    outer loop
      vertex 0.826584 35.435 0
      vertex 0 33 0
      vertex 0.535889 35 0
    endloop
  endfacet
  facet normal 0 0 -1
    outer loop
      vertex 0 4 0
      vertex 0.136292 2.96472 0
      vertex 0.0342102 3.47789 0
    endloop
  endfacet
  facet normal 0 0 -1
    outer loop
      vertex 0.535889 35 0
      vertex 0 33 0
      vertex 0.304474 34.5307 0
    endloop
  endfacet
  facet normal 0 0 -1
    outer loop
      vertex 0.304474 34.5307 0
      vertex 0 33 0
      vertex 0.136292 34.0353 0
    endloop
  endfacet
  facet normal 0 0 -1
    outer loop
      vertex 0.136292 34.0353 0
      vertex 0 33 0
      vertex 0.0342102 33.5221 0
    endloop
  endfacet
  facet normal 0 0 -1
    outer loop
      vertex 19.6454 -3.05 0
      vertex 23 -4 0
      vertex 19.7554 -3.2729 0
    endloop
  endfacet
  facet normal 0 0 -1
    outer loop
      vertex 23 37 0
      vertex 19.8837 40.752 0
      vertex 19.9 41 0
    endloop
  endfacet
  facet normal 0 0 -1
    outer loop
      vertex 23 -4 0
      vertex 19.6454 -3.05 0
      vertex 23 0 0
    endloop
  endfacet
  facet normal 0 0 -1
    outer loop
      vertex 23 37 0
      vertex 19.8353 40.5082 0
      vertex 19.8837 40.752 0
    endloop
  endfacet
  facet normal 0 0 -1
    outer loop
      vertex 19.5074 -2.84335 0
      vertex 23 0 0
      vertex 19.6454 -3.05 0
    endloop
  endfacet
  facet normal 0 0 -1
    outer loop
      vertex 23 37 0
      vertex 19.7554 40.2729 0
      vertex 19.8353 40.5082 0
    endloop
  endfacet
  facet normal 0 0 -1
    outer loop
      vertex 19.3435 -2.6565 0
      vertex 23 0 0
      vertex 19.5074 -2.84335 0
    endloop
  endfacet
  facet normal 0 0 -1
    outer loop
      vertex 23 37 0
      vertex 19.6454 40.05 0
      vertex 19.7554 40.2729 0
    endloop
  endfacet
  facet normal 0 0 -1
    outer loop
      vertex 19.1566 -2.49263 0
      vertex 23 0 0
      vertex 19.3435 -2.6565 0
    endloop
  endfacet
  facet normal 0 0 -1
    outer loop
      vertex 23 37 0
      vertex 19.5074 39.8434 0
      vertex 19.6454 40.05 0
    endloop
  endfacet
  facet normal 0 0 -1
    outer loop
      vertex 18.95 -2.35455 0
      vertex 23 0 0
      vertex 19.1566 -2.49263 0
    endloop
  endfacet
  facet normal 0 0 -1
    outer loop
      vertex 23 37 0
      vertex 19.3435 39.6565 0
      vertex 19.5074 39.8434 0
    endloop
  endfacet
  facet normal 0 0 -1
    outer loop
      vertex 18.7271 -2.24463 0
      vertex 23 0 0
      vertex 18.95 -2.35455 0
    endloop
  endfacet
  facet normal 0 0 -1
    outer loop
      vertex 23 37 0
      vertex 19.1566 39.4926 0
      vertex 19.3435 39.6565 0
    endloop
  endfacet
  facet normal 0 0 -1
    outer loop
      vertex 18.4918 -2.16474 0
      vertex 23 0 0
      vertex 18.7271 -2.24463 0
    endloop
  endfacet
  facet normal 0 0 -1
    outer loop
      vertex 23 37 0
      vertex 18.95 39.3546 0
      vertex 19.1566 39.4926 0
    endloop
  endfacet
  facet normal 0 0 -1
    outer loop
      vertex 18.248 -2.11625 0
      vertex 23 0 0
      vertex 18.4918 -2.16474 0
    endloop
  endfacet
  facet normal 0 0 -1
    outer loop
      vertex 23 37 0
      vertex 18.7271 39.2446 0
      vertex 18.95 39.3546 0
    endloop
  endfacet
  facet normal 0 0 -1
    outer loop
      vertex 23 0 0
      vertex 13 0 0
      vertex 23 37 0
    endloop
  endfacet
  facet normal 0 0 -1
    outer loop
      vertex 23 37 0
      vertex 18.4918 39.1647 0
      vertex 18.7271 39.2446 0
    endloop
  endfacet
  facet normal 0 0 -1
    outer loop
      vertex 18 -2.1 0
      vertex 23 0 0
      vertex 18.248 -2.11625 0
    endloop
  endfacet
  facet normal 0 0 -1
    outer loop
      vertex 13 37 0
      vertex 23 37 0
      vertex 13 0 0
    endloop
  endfacet
  facet normal -0 0 -1
    outer loop
      vertex 23 0 0
      vertex 18 -2.1 0
      vertex 13 0 0
    endloop
  endfacet
  facet normal 0 -0 -1
    outer loop
      vertex 18 39.1 0
      vertex 23 37 0
      vertex 13 37 0
    endloop
  endfacet
  facet normal 0 0 -1
    outer loop
      vertex 13 0 0
      vertex 18 -2.1 0
      vertex 17.752 -2.11625 0
    endloop
  endfacet
  facet normal 0 0 -1
    outer loop
      vertex 23 37 0
      vertex 18.248 39.1163 0
      vertex 18.4918 39.1647 0
    endloop
  endfacet
  facet normal 0 0 -1
    outer loop
      vertex 13 0 0
      vertex 17.752 -2.11625 0
      vertex 17.5082 -2.16474 0
    endloop
  endfacet
  facet normal 0 0 -1
    outer loop
      vertex 23 37 0
      vertex 18 39.1 0
      vertex 18.248 39.1163 0
    endloop
  endfacet
  facet normal 0 0 -1
    outer loop
      vertex 13 0 0
      vertex 17.5082 -2.16474 0
      vertex 17.2729 -2.24463 0
    endloop
  endfacet
  facet normal -0 0 -1
    outer loop
      vertex 18 39.1 0
      vertex 13 37 0
      vertex 17.752 39.1163 0
    endloop
  endfacet
  facet normal 0 0 -1
    outer loop
      vertex 13 0 0
      vertex 17.2729 -2.24463 0
      vertex 17.05 -2.35455 0
    endloop
  endfacet
  facet normal -0 0 -1
    outer loop
      vertex 17.752 39.1163 0
      vertex 13 37 0
      vertex 17.5082 39.1647 0
    endloop
  endfacet
  facet normal 0 0 -1
    outer loop
      vertex 13 0 0
      vertex 17.05 -2.35455 0
      vertex 16.8434 -2.49263 0
    endloop
  endfacet
  facet normal -0 0 -1
    outer loop
      vertex 17.5082 39.1647 0
      vertex 13 37 0
      vertex 17.2729 39.2446 0
    endloop
  endfacet
  facet normal 0 0 -1
    outer loop
      vertex 13 0 0
      vertex 16.8434 -2.49263 0
      vertex 16.6565 -2.6565 0
    endloop
  endfacet
  facet normal -0 0 -1
    outer loop
      vertex 17.2729 39.2446 0
      vertex 13 37 0
      vertex 17.05 39.3546 0
    endloop
  endfacet
  facet normal 0 0 -1
    outer loop
      vertex 13 0 0
      vertex 16.6565 -2.6565 0
      vertex 16.4926 -2.84335 0
    endloop
  endfacet
  facet normal -0 0 -1
    outer loop
      vertex 17.05 39.3546 0
      vertex 13 37 0
      vertex 16.8434 39.4926 0
    endloop
  endfacet
  facet normal 0 0 -1
    outer loop
      vertex 13 0 0
      vertex 16.4926 -2.84335 0
      vertex 16.3546 -3.05 0
    endloop
  endfacet
  facet normal -0 0 -1
    outer loop
      vertex 16.8434 39.4926 0
      vertex 13 37 0
      vertex 16.6565 39.6565 0
    endloop
  endfacet
  facet normal 0 0 -1
    outer loop
      vertex 13 -4 0
      vertex 16.3546 -3.05 0
      vertex 16.2446 -3.2729 0
    endloop
  endfacet
  facet normal -0 0 -1
    outer loop
      vertex 16.6565 39.6565 0
      vertex 13 37 0
      vertex 16.4926 39.8434 0
    endloop
  endfacet
  facet normal 0 0 -1
    outer loop
      vertex 13 -4 0
      vertex 16.2446 -3.2729 0
      vertex 16.1647 -3.50824 0
    endloop
  endfacet
  facet normal -0 0 -1
    outer loop
      vertex 16.4926 39.8434 0
      vertex 13 37 0
      vertex 16.3546 40.05 0
    endloop
  endfacet
  facet normal 0 0 -1
    outer loop
      vertex 13 -4 0
      vertex 16.1647 -3.50824 0
      vertex 16.1163 -3.752 0
    endloop
  endfacet
  facet normal 0 0 -1
    outer loop
      vertex 13 41 0
      vertex 16.3546 40.05 0
      vertex 13 37 0
    endloop
  endfacet
  facet normal 0 0 -1
    outer loop
      vertex 13 -4 0
      vertex 16.1163 -3.752 0
      vertex 16.1 -4 0
    endloop
  endfacet
  facet normal 0 0 -1
    outer loop
      vertex 16.3546 40.05 0
      vertex 13 41 0
      vertex 16.2446 40.2729 0
    endloop
  endfacet
  facet normal 0 0 -1
    outer loop
      vertex 19.8837 -3.752 0
      vertex 23 -4 0
      vertex 19.9 -4 0
    endloop
  endfacet
  facet normal 0 0 -1
    outer loop
      vertex 19.8353 -3.50824 0
      vertex 23 -4 0
      vertex 19.8837 -3.752 0
    endloop
  endfacet
  facet normal 0 0 -1
    outer loop
      vertex 19.9 -4 0
      vertex 23 -4 0
      vertex 22.9572 -4.65263 0
    endloop
  endfacet
  facet normal 0 0 -1
    outer loop
      vertex 19.7554 -3.2729 0
      vertex 23 -4 0
      vertex 19.8353 -3.50824 0
    endloop
  endfacet
  facet normal 0 0 -1
    outer loop
      vertex 19.8837 -4.248 0
      vertex 22.9572 -4.65263 0
      vertex 22.8296 -5.2941 0
    endloop
  endfacet
  facet normal 0 0 -1
    outer loop
      vertex 23 37 0
      vertex 19.9 41 0
      vertex 23 41 0
    endloop
  endfacet
  facet normal 0 0 -1
    outer loop
      vertex 19.8353 -4.49176 0
      vertex 22.8296 -5.2941 0
      vertex 22.6194 -5.91342 0
    endloop
  endfacet
  facet normal 0 0 -1
    outer loop
      vertex 23 41 0
      vertex 19.9 41 0
      vertex 22.9572 41.6526 0
    endloop
  endfacet
  facet normal 0 0 -1
    outer loop
      vertex 19.7554 -4.7271 0
      vertex 22.6194 -5.91342 0
      vertex 22.3301 -6.5 0
    endloop
  endfacet
  facet normal 0 0 -1
    outer loop
      vertex 19.8837 41.248 0
      vertex 22.9572 41.6526 0
      vertex 19.9 41 0
    endloop
  endfacet
  facet normal 0 0 -1
    outer loop
      vertex 19.6454 -4.95 0
      vertex 22.3301 -6.5 0
      vertex 21.9668 -7.04381 0
    endloop
  endfacet
  facet normal -0 0 -1
    outer loop
      vertex 22.9572 41.6526 0
      vertex 19.8837 41.248 0
      vertex 22.8296 42.2941 0
    endloop
  endfacet
  facet normal 0 0 -1
    outer loop
      vertex 19.5074 -5.15665 0
      vertex 21.9668 -7.04381 0
      vertex 21.5355 -7.53553 0
    endloop
  endfacet
  facet normal 0 0 -1
    outer loop
      vertex 19.8353 41.4918 0
      vertex 22.8296 42.2941 0
      vertex 19.8837 41.248 0
    endloop
  endfacet
  facet normal 0 0 -1
    outer loop
      vertex 19.3435 -5.3435 0
      vertex 21.5355 -7.53553 0
      vertex 21.0438 -7.96677 0
    endloop
  endfacet
  facet normal -0 0 -1
    outer loop
      vertex 22.8296 42.2941 0
      vertex 19.8353 41.4918 0
      vertex 22.6194 42.9134 0
    endloop
  endfacet
  facet normal 0 0 -1
    outer loop
      vertex 19.1566 -5.50737 0
      vertex 21.0438 -7.96677 0
      vertex 20.5 -8.33013 0
    endloop
  endfacet
  facet normal 0 0 -1
    outer loop
      vertex 19.7554 41.7271 0
      vertex 22.6194 42.9134 0
      vertex 19.8353 41.4918 0
    endloop
  endfacet
  facet normal 0 0 -1
    outer loop
      vertex 18.95 -5.64545 0
      vertex 20.5 -8.33013 0
      vertex 19.9134 -8.6194 0
    endloop
  endfacet
  facet normal -0 0 -1
    outer loop
      vertex 22.6194 42.9134 0
      vertex 19.7554 41.7271 0
      vertex 22.3301 43.5 0
    endloop
  endfacet
  facet normal 0 0 -1
    outer loop
      vertex 19.6454 41.95 0
      vertex 22.3301 43.5 0
      vertex 19.7554 41.7271 0
    endloop
  endfacet
  facet normal 0 0 -1
    outer loop
      vertex 22.9572 -4.65263 0
      vertex 19.8837 -4.248 0
      vertex 19.9 -4 0
    endloop
  endfacet
  facet normal 0 0 -1
    outer loop
      vertex 22.8296 -5.2941 0
      vertex 19.8353 -4.49176 0
      vertex 19.8837 -4.248 0
    endloop
  endfacet
  facet normal 0 0 -1
    outer loop
      vertex 22.6194 -5.91342 0
      vertex 19.7554 -4.7271 0
      vertex 19.8353 -4.49176 0
    endloop
  endfacet
  facet normal 0 0 -1
    outer loop
      vertex 22.3301 -6.5 0
      vertex 19.6454 -4.95 0
      vertex 19.7554 -4.7271 0
    endloop
  endfacet
  facet normal 0 0 -1
    outer loop
      vertex 21.9668 -7.04381 0
      vertex 19.5074 -5.15665 0
      vertex 19.6454 -4.95 0
    endloop
  endfacet
  facet normal 0 0 -1
    outer loop
      vertex 21.5355 -7.53553 0
      vertex 19.3435 -5.3435 0
      vertex 19.5074 -5.15665 0
    endloop
  endfacet
  facet normal 0 0 -1
    outer loop
      vertex 18.7271 -5.75537 0
      vertex 19.9134 -8.6194 0
      vertex 19.2941 -8.82963 0
    endloop
  endfacet
  facet normal 0 0 -1
    outer loop
      vertex 21.0438 -7.96677 0
      vertex 19.1566 -5.50737 0
      vertex 19.3435 -5.3435 0
    endloop
  endfacet
  facet normal 0 0 -1
    outer loop
      vertex 20.5 -8.33013 0
      vertex 18.95 -5.64545 0
      vertex 19.1566 -5.50737 0
    endloop
  endfacet
  facet normal 0 0 -1
    outer loop
      vertex 19.9134 -8.6194 0
      vertex 18.7271 -5.75537 0
      vertex 18.95 -5.64545 0
    endloop
  endfacet
  facet normal 0 0 -1
    outer loop
      vertex 18.4918 -5.83526 0
      vertex 19.2941 -8.82963 0
      vertex 18.6526 -8.95722 0
    endloop
  endfacet
  facet normal 0 0 -1
    outer loop
      vertex 19.2941 -8.82963 0
      vertex 18.4918 -5.83526 0
      vertex 18.7271 -5.75537 0
    endloop
  endfacet
  facet normal 0 0 -1
    outer loop
      vertex 18.6526 -8.95722 0
      vertex 18.248 -5.88375 0
      vertex 18.4918 -5.83526 0
    endloop
  endfacet
  facet normal 0 0 -1
    outer loop
      vertex 18 -9 0
      vertex 18.248 -5.88375 0
      vertex 18.6526 -8.95722 0
    endloop
  endfacet
  facet normal 0 0 -1
    outer loop
      vertex 18 -9 0
      vertex 18 -5.9 0
      vertex 18.248 -5.88375 0
    endloop
  endfacet
  facet normal 0 0 -1
    outer loop
      vertex 18 -9 0
      vertex 17.752 -5.88375 0
      vertex 18 -5.9 0
    endloop
  endfacet
  facet normal 0 0 -1
    outer loop
      vertex 17.3474 -8.95722 0
      vertex 17.752 -5.88375 0
      vertex 18 -9 0
    endloop
  endfacet
  facet normal -0 0 -1
    outer loop
      vertex 17.752 -5.88375 0
      vertex 17.3474 -8.95722 0
      vertex 17.5082 -5.83526 0
    endloop
  endfacet
  facet normal 0 0 -1
    outer loop
      vertex 16.7059 -8.82963 0
      vertex 17.5082 -5.83526 0
      vertex 17.3474 -8.95722 0
    endloop
  endfacet
  facet normal -0 0 -1
    outer loop
      vertex 17.5082 -5.83526 0
      vertex 16.7059 -8.82963 0
      vertex 17.2729 -5.75537 0
    endloop
  endfacet
  facet normal 0 0 -1
    outer loop
      vertex 16.0866 -8.6194 0
      vertex 17.2729 -5.75537 0
      vertex 16.7059 -8.82963 0
    endloop
  endfacet
  facet normal -0 0 -1
    outer loop
      vertex 17.2729 -5.75537 0
      vertex 16.0866 -8.6194 0
      vertex 17.05 -5.64545 0
    endloop
  endfacet
  facet normal 0 0 -1
    outer loop
      vertex 15.5 -8.33013 0
      vertex 17.05 -5.64545 0
      vertex 16.0866 -8.6194 0
    endloop
  endfacet
  facet normal -0 0 -1
    outer loop
      vertex 17.05 -5.64545 0
      vertex 15.5 -8.33013 0
      vertex 16.8434 -5.50737 0
    endloop
  endfacet
  facet normal 0 0 -1
    outer loop
      vertex 14.9562 -7.96677 0
      vertex 16.8434 -5.50737 0
      vertex 15.5 -8.33013 0
    endloop
  endfacet
  facet normal -0 0 -1
    outer loop
      vertex 16.8434 -5.50737 0
      vertex 14.9562 -7.96677 0
      vertex 16.6565 -5.3435 0
    endloop
  endfacet
  facet normal 0 0 -1
    outer loop
      vertex 14.4645 -7.53553 0
      vertex 16.6565 -5.3435 0
      vertex 14.9562 -7.96677 0
    endloop
  endfacet
  facet normal -0 0 -1
    outer loop
      vertex 16.6565 -5.3435 0
      vertex 14.4645 -7.53553 0
      vertex 16.4926 -5.15665 0
    endloop
  endfacet
  facet normal 0 0 -1
    outer loop
      vertex 13.6699 -6.5 0
      vertex 16.3546 -4.95 0
      vertex 14.0332 -7.04381 0
    endloop
  endfacet
  facet normal -0 0 -1
    outer loop
      vertex 16.4926 -5.15665 0
      vertex 14.0332 -7.04381 0
      vertex 16.3546 -4.95 0
    endloop
  endfacet
  facet normal 0 0 -1
    outer loop
      vertex 14.0332 -7.04381 0
      vertex 16.4926 -5.15665 0
      vertex 14.4645 -7.53553 0
    endloop
  endfacet
  facet normal 0 0 -1
    outer loop
      vertex 23 0 0
      vertex 49 37 0
      vertex 49 0 0
    endloop
  endfacet
  facet normal -0 0 -1
    outer loop
      vertex 49 37 0
      vertex 23 0 0
      vertex 23 37 0
    endloop
  endfacet
  facet normal -0 0 -1
    outer loop
      vertex 22.3301 43.5 0
      vertex 19.6454 41.95 0
      vertex 21.9668 44.0438 0
    endloop
  endfacet
  facet normal 0 0 -1
    outer loop
      vertex 19.5074 42.1566 0
      vertex 21.9668 44.0438 0
      vertex 19.6454 41.95 0
    endloop
  endfacet
  facet normal -0 0 -1
    outer loop
      vertex 21.9668 44.0438 0
      vertex 19.5074 42.1566 0
      vertex 21.5355 44.5355 0
    endloop
  endfacet
  facet normal 0 0 -1
    outer loop
      vertex 19.3435 42.3435 0
      vertex 21.5355 44.5355 0
      vertex 19.5074 42.1566 0
    endloop
  endfacet
  facet normal -0 0 -1
    outer loop
      vertex 21.5355 44.5355 0
      vertex 19.3435 42.3435 0
      vertex 21.0438 44.9668 0
    endloop
  endfacet
  facet normal 0 0 -1
    outer loop
      vertex 19.1566 42.5074 0
      vertex 21.0438 44.9668 0
      vertex 19.3435 42.3435 0
    endloop
  endfacet
  facet normal -0 0 -1
    outer loop
      vertex 21.0438 44.9668 0
      vertex 19.1566 42.5074 0
      vertex 20.5 45.3301 0
    endloop
  endfacet
  facet normal 0 0 -1
    outer loop
      vertex 18.95 42.6454 0
      vertex 20.5 45.3301 0
      vertex 19.1566 42.5074 0
    endloop
  endfacet
  facet normal -0 0 -1
    outer loop
      vertex 20.5 45.3301 0
      vertex 18.95 42.6454 0
      vertex 19.9134 45.6194 0
    endloop
  endfacet
  facet normal 0 0 -1
    outer loop
      vertex 18.7271 42.7554 0
      vertex 19.9134 45.6194 0
      vertex 18.95 42.6454 0
    endloop
  endfacet
  facet normal -0 0 -1
    outer loop
      vertex 19.9134 45.6194 0
      vertex 18.7271 42.7554 0
      vertex 19.2941 45.8296 0
    endloop
  endfacet
  facet normal 0 0 -1
    outer loop
      vertex 18.4918 42.8353 0
      vertex 19.2941 45.8296 0
      vertex 18.7271 42.7554 0
    endloop
  endfacet
  facet normal -0 0 -1
    outer loop
      vertex 19.2941 45.8296 0
      vertex 18.4918 42.8353 0
      vertex 18.6526 45.9572 0
    endloop
  endfacet
  facet normal 0 0 -1
    outer loop
      vertex 18.248 42.8837 0
      vertex 18.6526 45.9572 0
      vertex 18.4918 42.8353 0
    endloop
  endfacet
  facet normal 0 0 -1
    outer loop
      vertex 18 42.9 0
      vertex 18.6526 45.9572 0
      vertex 18.248 42.8837 0
    endloop
  endfacet
  facet normal 0 0 -1
    outer loop
      vertex 18 42.9 0
      vertex 18 46 0
      vertex 18.6526 45.9572 0
    endloop
  endfacet
  facet normal 0 0 -1
    outer loop
      vertex 17.752 42.8837 0
      vertex 18 46 0
      vertex 18 42.9 0
    endloop
  endfacet
  facet normal 0 0 -1
    outer loop
      vertex 17.3474 45.9572 0
      vertex 17.752 42.8837 0
      vertex 17.5082 42.8353 0
    endloop
  endfacet
  facet normal 0 0 -1
    outer loop
      vertex 17.752 42.8837 0
      vertex 17.3474 45.9572 0
      vertex 18 46 0
    endloop
  endfacet
  facet normal 0 0 -1
    outer loop
      vertex 16.7059 45.8296 0
      vertex 17.5082 42.8353 0
      vertex 17.2729 42.7554 0
    endloop
  endfacet
  facet normal 0 0 -1
    outer loop
      vertex 16.0866 45.6194 0
      vertex 17.2729 42.7554 0
      vertex 17.05 42.6454 0
    endloop
  endfacet
  facet normal 0 0 -1
    outer loop
      vertex 15.5 45.3301 0
      vertex 17.05 42.6454 0
      vertex 16.8434 42.5074 0
    endloop
  endfacet
  facet normal 0 0 -1
    outer loop
      vertex 17.5082 42.8353 0
      vertex 16.7059 45.8296 0
      vertex 17.3474 45.9572 0
    endloop
  endfacet
  facet normal 0 0 -1
    outer loop
      vertex 14.9562 44.9668 0
      vertex 16.8434 42.5074 0
      vertex 16.6565 42.3435 0
    endloop
  endfacet
  facet normal 0 0 -1
    outer loop
      vertex 14.4645 44.5355 0
      vertex 16.6565 42.3435 0
      vertex 16.4926 42.1566 0
    endloop
  endfacet
  facet normal 0 0 -1
    outer loop
      vertex 14.0332 44.0438 0
      vertex 16.4926 42.1566 0
      vertex 16.3546 41.95 0
    endloop
  endfacet
  facet normal 0 0 -1
    outer loop
      vertex 13.6699 43.5 0
      vertex 16.3546 41.95 0
      vertex 16.2446 41.7271 0
    endloop
  endfacet
  facet normal 0 0 -1
    outer loop
      vertex 13.3806 42.9134 0
      vertex 16.2446 41.7271 0
      vertex 16.1647 41.4918 0
    endloop
  endfacet
  facet normal 0 0 -1
    outer loop
      vertex 13.1704 42.2941 0
      vertex 16.1647 41.4918 0
      vertex 16.1163 41.248 0
    endloop
  endfacet
  facet normal 0 0 -1
    outer loop
      vertex 17.2729 42.7554 0
      vertex 16.0866 45.6194 0
      vertex 16.7059 45.8296 0
    endloop
  endfacet
  facet normal 0 0 -1
    outer loop
      vertex 13.0428 41.6526 0
      vertex 16.1163 41.248 0
      vertex 16.1 41 0
    endloop
  endfacet
  facet normal 0 0 -1
    outer loop
      vertex 16.2446 40.2729 0
      vertex 13 41 0
      vertex 16.1647 40.5082 0
    endloop
  endfacet
  facet normal -0 0 -1
    outer loop
      vertex 16.3546 -4.95 0
      vertex 13.6699 -6.5 0
      vertex 16.2446 -4.7271 0
    endloop
  endfacet
  facet normal 0 0 -1
    outer loop
      vertex 16.1647 40.5082 0
      vertex 13 41 0
      vertex 16.1163 40.752 0
    endloop
  endfacet
  facet normal 0 0 -1
    outer loop
      vertex 13.3806 -5.91342 0
      vertex 16.2446 -4.7271 0
      vertex 13.6699 -6.5 0
    endloop
  endfacet
  facet normal 0 0 -1
    outer loop
      vertex 16.1163 40.752 0
      vertex 13 41 0
      vertex 16.1 41 0
    endloop
  endfacet
  facet normal -0 0 -1
    outer loop
      vertex 16.2446 -4.7271 0
      vertex 13.3806 -5.91342 0
      vertex 16.1647 -4.49176 0
    endloop
  endfacet
  facet normal 0 -0 -1
    outer loop
      vertex 13.0428 41.6526 0
      vertex 16.1 41 0
      vertex 13 41 0
    endloop
  endfacet
  facet normal 0 0 -1
    outer loop
      vertex 13.1704 -5.2941 0
      vertex 16.1647 -4.49176 0
      vertex 13.3806 -5.91342 0
    endloop
  endfacet
  facet normal 0 0 -1
    outer loop
      vertex 17.05 42.6454 0
      vertex 15.5 45.3301 0
      vertex 16.0866 45.6194 0
    endloop
  endfacet
  facet normal -0 0 -1
    outer loop
      vertex 16.1647 -4.49176 0
      vertex 13.1704 -5.2941 0
      vertex 16.1163 -4.248 0
    endloop
  endfacet
  facet normal 0 0 -1
    outer loop
      vertex 16.8434 42.5074 0
      vertex 14.9562 44.9668 0
      vertex 15.5 45.3301 0
    endloop
  endfacet
  facet normal 0 0 -1
    outer loop
      vertex 13.0428 -4.65263 0
      vertex 16.1163 -4.248 0
      vertex 13.1704 -5.2941 0
    endloop
  endfacet
  facet normal 0 0 -1
    outer loop
      vertex 16.6565 42.3435 0
      vertex 14.4645 44.5355 0
      vertex 14.9562 44.9668 0
    endloop
  endfacet
  facet normal -0 0 -1
    outer loop
      vertex 16.1163 -4.248 0
      vertex 13.0428 -4.65263 0
      vertex 16.1 -4 0
    endloop
  endfacet
  facet normal 0 0 -1
    outer loop
      vertex 16.4926 42.1566 0
      vertex 14.0332 44.0438 0
      vertex 14.4645 44.5355 0
    endloop
  endfacet
  facet normal -0 0 -1
    outer loop
      vertex 16.1 -4 0
      vertex 13.0428 -4.65263 0
      vertex 13 -4 0
    endloop
  endfacet
  facet normal 0 0 -1
    outer loop
      vertex 16.3546 41.95 0
      vertex 13.6699 43.5 0
      vertex 14.0332 44.0438 0
    endloop
  endfacet
  facet normal -0 0 -1
    outer loop
      vertex 16.3546 -3.05 0
      vertex 13 -4 0
      vertex 13 0 0
    endloop
  endfacet
  facet normal 0 0 -1
    outer loop
      vertex 16.2446 41.7271 0
      vertex 13.3806 42.9134 0
      vertex 13.6699 43.5 0
    endloop
  endfacet
  facet normal 0 0 -1
    outer loop
      vertex 16.1647 41.4918 0
      vertex 13.1704 42.2941 0
      vertex 13.3806 42.9134 0
    endloop
  endfacet
  facet normal 0 0 -1
    outer loop
      vertex 16.1163 41.248 0
      vertex 13.0428 41.6526 0
      vertex 13.1704 42.2941 0
    endloop
  endfacet
  facet normal 0 0 -1
    outer loop
      vertex 55.6454 -3.05 0
      vertex 59 -4 0
      vertex 55.7554 -3.2729 0
    endloop
  endfacet
  facet normal 0 0 -1
    outer loop
      vertex 59 37 0
      vertex 55.8837 40.752 0
      vertex 55.9 41 0
    endloop
  endfacet
  facet normal 0 0 -1
    outer loop
      vertex 59 -4 0
      vertex 55.6454 -3.05 0
      vertex 59 0 0
    endloop
  endfacet
  facet normal 0 0 -1
    outer loop
      vertex 59 37 0
      vertex 55.8353 40.5082 0
      vertex 55.8837 40.752 0
    endloop
  endfacet
  facet normal 0 0 -1
    outer loop
      vertex 55.5074 -2.84335 0
      vertex 59 0 0
      vertex 55.6454 -3.05 0
    endloop
  endfacet
  facet normal 0 0 -1
    outer loop
      vertex 59 37 0
      vertex 55.7554 40.2729 0
      vertex 55.8353 40.5082 0
    endloop
  endfacet
  facet normal 0 0 -1
    outer loop
      vertex 55.3435 -2.6565 0
      vertex 59 0 0
      vertex 55.5074 -2.84335 0
    endloop
  endfacet
  facet normal 0 0 -1
    outer loop
      vertex 59 37 0
      vertex 55.6454 40.05 0
      vertex 55.7554 40.2729 0
    endloop
  endfacet
  facet normal 0 0 -1
    outer loop
      vertex 55.1566 -2.49263 0
      vertex 59 0 0
      vertex 55.3435 -2.6565 0
    endloop
  endfacet
  facet normal 0 0 -1
    outer loop
      vertex 59 37 0
      vertex 55.5074 39.8434 0
      vertex 55.6454 40.05 0
    endloop
  endfacet
  facet normal 0 0 -1
    outer loop
      vertex 54.95 -2.35455 0
      vertex 59 0 0
      vertex 55.1566 -2.49263 0
    endloop
  endfacet
  facet normal 0 0 -1
    outer loop
      vertex 59 37 0
      vertex 55.3435 39.6565 0
      vertex 55.5074 39.8434 0
    endloop
  endfacet
  facet normal 0 0 -1
    outer loop
      vertex 54.7271 -2.24463 0
      vertex 59 0 0
      vertex 54.95 -2.35455 0
    endloop
  endfacet
  facet normal 0 0 -1
    outer loop
      vertex 59 37 0
      vertex 55.1566 39.4926 0
      vertex 55.3435 39.6565 0
    endloop
  endfacet
  facet normal 0 0 -1
    outer loop
      vertex 54.4918 -2.16474 0
      vertex 59 0 0
      vertex 54.7271 -2.24463 0
    endloop
  endfacet
  facet normal 0 0 -1
    outer loop
      vertex 59 37 0
      vertex 54.95 39.3546 0
      vertex 55.1566 39.4926 0
    endloop
  endfacet
  facet normal 0 0 -1
    outer loop
      vertex 54.248 -2.11625 0
      vertex 59 0 0
      vertex 54.4918 -2.16474 0
    endloop
  endfacet
  facet normal 0 0 -1
    outer loop
      vertex 59 37 0
      vertex 54.7271 39.2446 0
      vertex 54.95 39.3546 0
    endloop
  endfacet
  facet normal 0 0 -1
    outer loop
      vertex 59 0 0
      vertex 49 0 0
      vertex 59 37 0
    endloop
  endfacet
  facet normal 0 0 -1
    outer loop
      vertex 59 37 0
      vertex 54.4918 39.1647 0
      vertex 54.7271 39.2446 0
    endloop
  endfacet
  facet normal 0 0 -1
    outer loop
      vertex 54 -2.1 0
      vertex 59 0 0
      vertex 54.248 -2.11625 0
    endloop
  endfacet
  facet normal 0 0 -1
    outer loop
      vertex 49 37 0
      vertex 59 37 0
      vertex 49 0 0
    endloop
  endfacet
  facet normal -0 0 -1
    outer loop
      vertex 59 0 0
      vertex 54 -2.1 0
      vertex 49 0 0
    endloop
  endfacet
  facet normal 0 -0 -1
    outer loop
      vertex 54 39.1 0
      vertex 59 37 0
      vertex 49 37 0
    endloop
  endfacet
  facet normal 0 0 -1
    outer loop
      vertex 49 0 0
      vertex 54 -2.1 0
      vertex 53.752 -2.11625 0
    endloop
  endfacet
  facet normal 0 0 -1
    outer loop
      vertex 59 37 0
      vertex 54.248 39.1163 0
      vertex 54.4918 39.1647 0
    endloop
  endfacet
  facet normal 0 0 -1
    outer loop
      vertex 49 0 0
      vertex 53.752 -2.11625 0
      vertex 53.5082 -2.16474 0
    endloop
  endfacet
  facet normal 0 0 -1
    outer loop
      vertex 59 37 0
      vertex 54 39.1 0
      vertex 54.248 39.1163 0
    endloop
  endfacet
  facet normal 0 0 -1
    outer loop
      vertex 49 0 0
      vertex 53.5082 -2.16474 0
      vertex 53.2729 -2.24463 0
    endloop
  endfacet
  facet normal -0 0 -1
    outer loop
      vertex 54 39.1 0
      vertex 49 37 0
      vertex 53.752 39.1163 0
    endloop
  endfacet
  facet normal 0 0 -1
    outer loop
      vertex 49 0 0
      vertex 53.2729 -2.24463 0
      vertex 53.05 -2.35455 0
    endloop
  endfacet
  facet normal -0 0 -1
    outer loop
      vertex 53.752 39.1163 0
      vertex 49 37 0
      vertex 53.5082 39.1647 0
    endloop
  endfacet
  facet normal 0 0 -1
    outer loop
      vertex 49 0 0
      vertex 53.05 -2.35455 0
      vertex 52.8434 -2.49263 0
    endloop
  endfacet
  facet normal -0 0 -1
    outer loop
      vertex 53.5082 39.1647 0
      vertex 49 37 0
      vertex 53.2729 39.2446 0
    endloop
  endfacet
  facet normal 0 0 -1
    outer loop
      vertex 49 0 0
      vertex 52.8434 -2.49263 0
      vertex 52.6565 -2.6565 0
    endloop
  endfacet
  facet normal -0 0 -1
    outer loop
      vertex 53.2729 39.2446 0
      vertex 49 37 0
      vertex 53.05 39.3546 0
    endloop
  endfacet
  facet normal 0 0 -1
    outer loop
      vertex 49 0 0
      vertex 52.6565 -2.6565 0
      vertex 52.4926 -2.84335 0
    endloop
  endfacet
  facet normal -0 0 -1
    outer loop
      vertex 53.05 39.3546 0
      vertex 49 37 0
      vertex 52.8434 39.4926 0
    endloop
  endfacet
  facet normal 0 0 -1
    outer loop
      vertex 49 0 0
      vertex 52.4926 -2.84335 0
      vertex 52.3546 -3.05 0
    endloop
  endfacet
  facet normal -0 0 -1
    outer loop
      vertex 52.8434 39.4926 0
      vertex 49 37 0
      vertex 52.6565 39.6565 0
    endloop
  endfacet
  facet normal 0 0 -1
    outer loop
      vertex 49 -4 0
      vertex 52.3546 -3.05 0
      vertex 52.2446 -3.2729 0
    endloop
  endfacet
  facet normal -0 0 -1
    outer loop
      vertex 52.6565 39.6565 0
      vertex 49 37 0
      vertex 52.4926 39.8434 0
    endloop
  endfacet
  facet normal 0 0 -1
    outer loop
      vertex 49 -4 0
      vertex 52.2446 -3.2729 0
      vertex 52.1647 -3.50824 0
    endloop
  endfacet
  facet normal -0 0 -1
    outer loop
      vertex 52.4926 39.8434 0
      vertex 49 37 0
      vertex 52.3546 40.05 0
    endloop
  endfacet
  facet normal 0 0 -1
    outer loop
      vertex 49 -4 0
      vertex 52.1647 -3.50824 0
      vertex 52.1163 -3.752 0
    endloop
  endfacet
  facet normal 0 0 -1
    outer loop
      vertex 49 41 0
      vertex 52.3546 40.05 0
      vertex 49 37 0
    endloop
  endfacet
  facet normal 0 0 -1
    outer loop
      vertex 49 -4 0
      vertex 52.1163 -3.752 0
      vertex 52.1 -4 0
    endloop
  endfacet
  facet normal 0 0 -1
    outer loop
      vertex 52.3546 40.05 0
      vertex 49 41 0
      vertex 52.2446 40.2729 0
    endloop
  endfacet
  facet normal 0 0 -1
    outer loop
      vertex 55.8837 -3.752 0
      vertex 59 -4 0
      vertex 55.9 -4 0
    endloop
  endfacet
  facet normal 0 0 -1
    outer loop
      vertex 55.8353 -3.50824 0
      vertex 59 -4 0
      vertex 55.8837 -3.752 0
    endloop
  endfacet
  facet normal 0 0 -1
    outer loop
      vertex 55.9 -4 0
      vertex 59 -4 0
      vertex 58.9572 -4.65263 0
    endloop
  endfacet
  facet normal 0 0 -1
    outer loop
      vertex 55.7554 -3.2729 0
      vertex 59 -4 0
      vertex 55.8353 -3.50824 0
    endloop
  endfacet
  facet normal 0 0 -1
    outer loop
      vertex 55.8837 -4.248 0
      vertex 58.9572 -4.65263 0
      vertex 58.8296 -5.2941 0
    endloop
  endfacet
  facet normal 0 0 -1
    outer loop
      vertex 59 37 0
      vertex 55.9 41 0
      vertex 59 41 0
    endloop
  endfacet
  facet normal 0 0 -1
    outer loop
      vertex 55.8353 -4.49176 0
      vertex 58.8296 -5.2941 0
      vertex 58.6194 -5.91342 0
    endloop
  endfacet
  facet normal 0 0 -1
    outer loop
      vertex 59 41 0
      vertex 55.9 41 0
      vertex 58.9572 41.6526 0
    endloop
  endfacet
  facet normal 0 0 -1
    outer loop
      vertex 55.7554 -4.7271 0
      vertex 58.6194 -5.91342 0
      vertex 58.3301 -6.5 0
    endloop
  endfacet
  facet normal 0 0 -1
    outer loop
      vertex 55.8837 41.248 0
      vertex 58.9572 41.6526 0
      vertex 55.9 41 0
    endloop
  endfacet
  facet normal 0 0 -1
    outer loop
      vertex 55.6454 -4.95 0
      vertex 58.3301 -6.5 0
      vertex 57.9668 -7.04381 0
    endloop
  endfacet
  facet normal -0 0 -1
    outer loop
      vertex 58.9572 41.6526 0
      vertex 55.8837 41.248 0
      vertex 58.8296 42.2941 0
    endloop
  endfacet
  facet normal 0 0 -1
    outer loop
      vertex 55.5074 -5.15665 0
      vertex 57.9668 -7.04381 0
      vertex 57.5355 -7.53553 0
    endloop
  endfacet
  facet normal 0 0 -1
    outer loop
      vertex 55.8353 41.4918 0
      vertex 58.8296 42.2941 0
      vertex 55.8837 41.248 0
    endloop
  endfacet
  facet normal 0 0 -1
    outer loop
      vertex 55.3435 -5.3435 0
      vertex 57.5355 -7.53553 0
      vertex 57.0438 -7.96677 0
    endloop
  endfacet
  facet normal -0 0 -1
    outer loop
      vertex 58.8296 42.2941 0
      vertex 55.8353 41.4918 0
      vertex 58.6194 42.9134 0
    endloop
  endfacet
  facet normal 0 0 -1
    outer loop
      vertex 55.1566 -5.50737 0
      vertex 57.0438 -7.96677 0
      vertex 56.5 -8.33013 0
    endloop
  endfacet
  facet normal 0 0 -1
    outer loop
      vertex 55.7554 41.7271 0
      vertex 58.6194 42.9134 0
      vertex 55.8353 41.4918 0
    endloop
  endfacet
  facet normal 0 0 -1
    outer loop
      vertex 54.95 -5.64545 0
      vertex 56.5 -8.33013 0
      vertex 55.9134 -8.6194 0
    endloop
  endfacet
  facet normal -0 0 -1
    outer loop
      vertex 58.6194 42.9134 0
      vertex 55.7554 41.7271 0
      vertex 58.3301 43.5 0
    endloop
  endfacet
  facet normal 0 0 -1
    outer loop
      vertex 55.6454 41.95 0
      vertex 58.3301 43.5 0
      vertex 55.7554 41.7271 0
    endloop
  endfacet
  facet normal 0 0 -1
    outer loop
      vertex 58.9572 -4.65263 0
      vertex 55.8837 -4.248 0
      vertex 55.9 -4 0
    endloop
  endfacet
  facet normal 0 0 -1
    outer loop
      vertex 58.8296 -5.2941 0
      vertex 55.8353 -4.49176 0
      vertex 55.8837 -4.248 0
    endloop
  endfacet
  facet normal 0 0 -1
    outer loop
      vertex 58.6194 -5.91342 0
      vertex 55.7554 -4.7271 0
      vertex 55.8353 -4.49176 0
    endloop
  endfacet
  facet normal 0 0 -1
    outer loop
      vertex 58.3301 -6.5 0
      vertex 55.6454 -4.95 0
      vertex 55.7554 -4.7271 0
    endloop
  endfacet
  facet normal 0 0 -1
    outer loop
      vertex 57.9668 -7.04381 0
      vertex 55.5074 -5.15665 0
      vertex 55.6454 -4.95 0
    endloop
  endfacet
  facet normal 0 0 -1
    outer loop
      vertex 57.5355 -7.53553 0
      vertex 55.3435 -5.3435 0
      vertex 55.5074 -5.15665 0
    endloop
  endfacet
  facet normal 0 0 -1
    outer loop
      vertex 54.7271 -5.75537 0
      vertex 55.9134 -8.6194 0
      vertex 55.2941 -8.82963 0
    endloop
  endfacet
  facet normal 0 0 -1
    outer loop
      vertex 57.0438 -7.96677 0
      vertex 55.1566 -5.50737 0
      vertex 55.3435 -5.3435 0
    endloop
  endfacet
  facet normal 0 0 -1
    outer loop
      vertex 56.5 -8.33013 0
      vertex 54.95 -5.64545 0
      vertex 55.1566 -5.50737 0
    endloop
  endfacet
  facet normal 0 0 -1
    outer loop
      vertex 55.9134 -8.6194 0
      vertex 54.7271 -5.75537 0
      vertex 54.95 -5.64545 0
    endloop
  endfacet
  facet normal 0 0 -1
    outer loop
      vertex 54.4918 -5.83526 0
      vertex 55.2941 -8.82963 0
      vertex 54.6526 -8.95722 0
    endloop
  endfacet
  facet normal 0 0 -1
    outer loop
      vertex 55.2941 -8.82963 0
      vertex 54.4918 -5.83526 0
      vertex 54.7271 -5.75537 0
    endloop
  endfacet
  facet normal 0 0 -1
    outer loop
      vertex 54.6526 -8.95722 0
      vertex 54.248 -5.88375 0
      vertex 54.4918 -5.83526 0
    endloop
  endfacet
  facet normal 0 0 -1
    outer loop
      vertex 54 -9 0
      vertex 54.248 -5.88375 0
      vertex 54.6526 -8.95722 0
    endloop
  endfacet
  facet normal 0 0 -1
    outer loop
      vertex 54 -9 0
      vertex 54 -5.9 0
      vertex 54.248 -5.88375 0
    endloop
  endfacet
  facet normal 0 0 -1
    outer loop
      vertex 54 -9 0
      vertex 53.752 -5.88375 0
      vertex 54 -5.9 0
    endloop
  endfacet
  facet normal 0 0 -1
    outer loop
      vertex 53.3474 -8.95722 0
      vertex 53.752 -5.88375 0
      vertex 54 -9 0
    endloop
  endfacet
  facet normal -0 0 -1
    outer loop
      vertex 53.752 -5.88375 0
      vertex 53.3474 -8.95722 0
      vertex 53.5082 -5.83526 0
    endloop
  endfacet
  facet normal 0 0 -1
    outer loop
      vertex 52.7059 -8.82963 0
      vertex 53.5082 -5.83526 0
      vertex 53.3474 -8.95722 0
    endloop
  endfacet
  facet normal -0 0 -1
    outer loop
      vertex 53.5082 -5.83526 0
      vertex 52.7059 -8.82963 0
      vertex 53.2729 -5.75537 0
    endloop
  endfacet
  facet normal 0 0 -1
    outer loop
      vertex 52.0866 -8.6194 0
      vertex 53.2729 -5.75537 0
      vertex 52.7059 -8.82963 0
    endloop
  endfacet
  facet normal -0 0 -1
    outer loop
      vertex 53.2729 -5.75537 0
      vertex 52.0866 -8.6194 0
      vertex 53.05 -5.64545 0
    endloop
  endfacet
  facet normal 0 0 -1
    outer loop
      vertex 51.5 -8.33013 0
      vertex 53.05 -5.64545 0
      vertex 52.0866 -8.6194 0
    endloop
  endfacet
  facet normal -0 0 -1
    outer loop
      vertex 53.05 -5.64545 0
      vertex 51.5 -8.33013 0
      vertex 52.8434 -5.50737 0
    endloop
  endfacet
  facet normal 0 0 -1
    outer loop
      vertex 50.9562 -7.96677 0
      vertex 52.8434 -5.50737 0
      vertex 51.5 -8.33013 0
    endloop
  endfacet
  facet normal -0 0 -1
    outer loop
      vertex 52.8434 -5.50737 0
      vertex 50.9562 -7.96677 0
      vertex 52.6565 -5.3435 0
    endloop
  endfacet
  facet normal 0 0 -1
    outer loop
      vertex 50.4645 -7.53553 0
      vertex 52.6565 -5.3435 0
      vertex 50.9562 -7.96677 0
    endloop
  endfacet
  facet normal -0 0 -1
    outer loop
      vertex 52.6565 -5.3435 0
      vertex 50.4645 -7.53553 0
      vertex 52.4926 -5.15665 0
    endloop
  endfacet
  facet normal 0 0 -1
    outer loop
      vertex 49.6699 -6.5 0
      vertex 52.3546 -4.95 0
      vertex 50.0332 -7.04381 0
    endloop
  endfacet
  facet normal -0 0 -1
    outer loop
      vertex 52.4926 -5.15665 0
      vertex 50.0332 -7.04381 0
      vertex 52.3546 -4.95 0
    endloop
  endfacet
  facet normal 0 0 -1
    outer loop
      vertex 50.0332 -7.04381 0
      vertex 52.4926 -5.15665 0
      vertex 50.4645 -7.53553 0
    endloop
  endfacet
  facet normal 0 0 -1
    outer loop
      vertex 68 0 0
      vertex 72 4 0
      vertex 71.9658 3.47789 0
    endloop
  endfacet
  facet normal -0 0 -1
    outer loop
      vertex 72 4 0
      vertex 59 0 0
      vertex 72 33 0
    endloop
  endfacet
  facet normal 0 0 -1
    outer loop
      vertex 68 0 0
      vertex 71.9658 3.47789 0
      vertex 71.8637 2.96472 0
    endloop
  endfacet
  facet normal 0 0 -1
    outer loop
      vertex 59 37 0
      vertex 72 33 0
      vertex 59 0 0
    endloop
  endfacet
  facet normal 0 0 -1
    outer loop
      vertex 68 0 0
      vertex 71.8637 2.96472 0
      vertex 71.6955 2.46925 0
    endloop
  endfacet
  facet normal -0 -0 -1
    outer loop
      vertex 68 37 0
      vertex 72 33 0
      vertex 59 37 0
    endloop
  endfacet
  facet normal 0 0 -1
    outer loop
      vertex 68 0 0
      vertex 71.6955 2.46925 0
      vertex 71.4641 2 0
    endloop
  endfacet
  facet normal 0 0 -1
    outer loop
      vertex 72 33 0
      vertex 68 37 0
      vertex 71.9658 33.5221 0
    endloop
  endfacet
  facet normal 0 0 -1
    outer loop
      vertex 68 0 0
      vertex 71.4641 2 0
      vertex 71.1734 1.56494 0
    endloop
  endfacet
  facet normal 0 0 -1
    outer loop
      vertex 71.9658 33.5221 0
      vertex 68 37 0
      vertex 71.8637 34.0353 0
    endloop
  endfacet
  facet normal 0 0 -1
    outer loop
      vertex 68 0 0
      vertex 71.1734 1.56494 0
      vertex 70.8284 1.17157 0
    endloop
  endfacet
  facet normal 0 0 -1
    outer loop
      vertex 71.8637 34.0353 0
      vertex 68 37 0
      vertex 71.6955 34.5307 0
    endloop
  endfacet
  facet normal 0 0 -1
    outer loop
      vertex 68 0 0
      vertex 70.8284 1.17157 0
      vertex 70.435 0.826584 0
    endloop
  endfacet
  facet normal 0 0 -1
    outer loop
      vertex 71.6955 34.5307 0
      vertex 68 37 0
      vertex 71.4641 35 0
    endloop
  endfacet
  facet normal 0 0 -1
    outer loop
      vertex 68 0 0
      vertex 70.435 0.826584 0
      vertex 70 0.535889 0
    endloop
  endfacet
  facet normal 0 0 -1
    outer loop
      vertex 72 4 0
      vertex 68 0 0
      vertex 59 0 0
    endloop
  endfacet
  facet normal 0 0 -1
    outer loop
      vertex 68 0 0
      vertex 70 0.535889 0
      vertex 69.5307 0.304474 0
    endloop
  endfacet
  facet normal 0 0 -1
    outer loop
      vertex 71.4641 35 0
      vertex 68 37 0
      vertex 71.1734 35.435 0
    endloop
  endfacet
  facet normal 0 0 -1
    outer loop
      vertex 68 0 0
      vertex 69.5307 0.304474 0
      vertex 69.0353 0.136292 0
    endloop
  endfacet
  facet normal 0 0 -1
    outer loop
      vertex 70.435 36.1734 0
      vertex 68 37 0
      vertex 70 36.4641 0
    endloop
  endfacet
  facet normal 0 0 -1
    outer loop
      vertex 68 0 0
      vertex 69.0353 0.136292 0
      vertex 68.5221 0.0342102 0
    endloop
  endfacet
  facet normal 0 0 -1
    outer loop
      vertex 70 36.4641 0
      vertex 68 37 0
      vertex 69.5307 36.6955 0
    endloop
  endfacet
  facet normal 0 0 -1
    outer loop
      vertex 69.5307 36.6955 0
      vertex 68 37 0
      vertex 69.0353 36.8637 0
    endloop
  endfacet
  facet normal 0 0 -1
    outer loop
      vertex 69.0353 36.8637 0
      vertex 68 37 0
      vertex 68.5221 36.9658 0
    endloop
  endfacet
  facet normal 0 0 -1
    outer loop
      vertex 71.1734 35.435 0
      vertex 68 37 0
      vertex 70.8284 35.8284 0
    endloop
  endfacet
  facet normal 0 0 -1
    outer loop
      vertex 70.8284 35.8284 0
      vertex 68 37 0
      vertex 70.435 36.1734 0
    endloop
  endfacet
  facet normal -0 0 -1
    outer loop
      vertex 58.3301 43.5 0
      vertex 55.6454 41.95 0
      vertex 57.9668 44.0438 0
    endloop
  endfacet
  facet normal 0 0 -1
    outer loop
      vertex 55.5074 42.1566 0
      vertex 57.9668 44.0438 0
      vertex 55.6454 41.95 0
    endloop
  endfacet
  facet normal -0 0 -1
    outer loop
      vertex 57.9668 44.0438 0
      vertex 55.5074 42.1566 0
      vertex 57.5355 44.5355 0
    endloop
  endfacet
  facet normal 0 0 -1
    outer loop
      vertex 55.3435 42.3435 0
      vertex 57.5355 44.5355 0
      vertex 55.5074 42.1566 0
    endloop
  endfacet
  facet normal -0 0 -1
    outer loop
      vertex 57.5355 44.5355 0
      vertex 55.3435 42.3435 0
      vertex 57.0438 44.9668 0
    endloop
  endfacet
  facet normal 0 0 -1
    outer loop
      vertex 55.1566 42.5074 0
      vertex 57.0438 44.9668 0
      vertex 55.3435 42.3435 0
    endloop
  endfacet
  facet normal -0 0 -1
    outer loop
      vertex 57.0438 44.9668 0
      vertex 55.1566 42.5074 0
      vertex 56.5 45.3301 0
    endloop
  endfacet
  facet normal 0 0 -1
    outer loop
      vertex 54.95 42.6454 0
      vertex 56.5 45.3301 0
      vertex 55.1566 42.5074 0
    endloop
  endfacet
  facet normal -0 0 -1
    outer loop
      vertex 56.5 45.3301 0
      vertex 54.95 42.6454 0
      vertex 55.9134 45.6194 0
    endloop
  endfacet
  facet normal 0 0 -1
    outer loop
      vertex 54.7271 42.7554 0
      vertex 55.9134 45.6194 0
      vertex 54.95 42.6454 0
    endloop
  endfacet
  facet normal -0 0 -1
    outer loop
      vertex 55.9134 45.6194 0
      vertex 54.7271 42.7554 0
      vertex 55.2941 45.8296 0
    endloop
  endfacet
  facet normal 0 0 -1
    outer loop
      vertex 54.4918 42.8353 0
      vertex 55.2941 45.8296 0
      vertex 54.7271 42.7554 0
    endloop
  endfacet
  facet normal -0 0 -1
    outer loop
      vertex 55.2941 45.8296 0
      vertex 54.4918 42.8353 0
      vertex 54.6526 45.9572 0
    endloop
  endfacet
  facet normal 0 0 -1
    outer loop
      vertex 54.248 42.8837 0
      vertex 54.6526 45.9572 0
      vertex 54.4918 42.8353 0
    endloop
  endfacet
  facet normal 0 0 -1
    outer loop
      vertex 54 42.9 0
      vertex 54.6526 45.9572 0
      vertex 54.248 42.8837 0
    endloop
  endfacet
  facet normal 0 0 -1
    outer loop
      vertex 54 42.9 0
      vertex 54 46 0
      vertex 54.6526 45.9572 0
    endloop
  endfacet
  facet normal 0 0 -1
    outer loop
      vertex 53.752 42.8837 0
      vertex 54 46 0
      vertex 54 42.9 0
    endloop
  endfacet
  facet normal 0 0 -1
    outer loop
      vertex 53.3474 45.9572 0
      vertex 53.752 42.8837 0
      vertex 53.5082 42.8353 0
    endloop
  endfacet
  facet normal 0 0 -1
    outer loop
      vertex 53.752 42.8837 0
      vertex 53.3474 45.9572 0
      vertex 54 46 0
    endloop
  endfacet
  facet normal 0 0 -1
    outer loop
      vertex 52.7059 45.8296 0
      vertex 53.5082 42.8353 0
      vertex 53.2729 42.7554 0
    endloop
  endfacet
  facet normal 0 0 -1
    outer loop
      vertex 52.0866 45.6194 0
      vertex 53.2729 42.7554 0
      vertex 53.05 42.6454 0
    endloop
  endfacet
  facet normal 0 0 -1
    outer loop
      vertex 51.5 45.3301 0
      vertex 53.05 42.6454 0
      vertex 52.8434 42.5074 0
    endloop
  endfacet
  facet normal 0 0 -1
    outer loop
      vertex 53.5082 42.8353 0
      vertex 52.7059 45.8296 0
      vertex 53.3474 45.9572 0
    endloop
  endfacet
  facet normal 0 0 -1
    outer loop
      vertex 50.9562 44.9668 0
      vertex 52.8434 42.5074 0
      vertex 52.6565 42.3435 0
    endloop
  endfacet
  facet normal 0 0 -1
    outer loop
      vertex 50.4645 44.5355 0
      vertex 52.6565 42.3435 0
      vertex 52.4926 42.1566 0
    endloop
  endfacet
  facet normal 0 0 -1
    outer loop
      vertex 50.0332 44.0438 0
      vertex 52.4926 42.1566 0
      vertex 52.3546 41.95 0
    endloop
  endfacet
  facet normal 0 0 -1
    outer loop
      vertex 49.6699 43.5 0
      vertex 52.3546 41.95 0
      vertex 52.2446 41.7271 0
    endloop
  endfacet
  facet normal 0 0 -1
    outer loop
      vertex 49.3806 42.9134 0
      vertex 52.2446 41.7271 0
      vertex 52.1647 41.4918 0
    endloop
  endfacet
  facet normal 0 0 -1
    outer loop
      vertex 49.1704 42.2941 0
      vertex 52.1647 41.4918 0
      vertex 52.1163 41.248 0
    endloop
  endfacet
  facet normal 0 0 -1
    outer loop
      vertex 53.2729 42.7554 0
      vertex 52.0866 45.6194 0
      vertex 52.7059 45.8296 0
    endloop
  endfacet
  facet normal 0 0 -1
    outer loop
      vertex 49.0428 41.6526 0
      vertex 52.1163 41.248 0
      vertex 52.1 41 0
    endloop
  endfacet
  facet normal 0 0 -1
    outer loop
      vertex 52.2446 40.2729 0
      vertex 49 41 0
      vertex 52.1647 40.5082 0
    endloop
  endfacet
  facet normal -0 0 -1
    outer loop
      vertex 52.3546 -4.95 0
      vertex 49.6699 -6.5 0
      vertex 52.2446 -4.7271 0
    endloop
  endfacet
  facet normal 0 0 -1
    outer loop
      vertex 52.1647 40.5082 0
      vertex 49 41 0
      vertex 52.1163 40.752 0
    endloop
  endfacet
  facet normal 0 0 -1
    outer loop
      vertex 49.3806 -5.91342 0
      vertex 52.2446 -4.7271 0
      vertex 49.6699 -6.5 0
    endloop
  endfacet
  facet normal 0 0 -1
    outer loop
      vertex 52.1163 40.752 0
      vertex 49 41 0
      vertex 52.1 41 0
    endloop
  endfacet
  facet normal -0 0 -1
    outer loop
      vertex 52.2446 -4.7271 0
      vertex 49.3806 -5.91342 0
      vertex 52.1647 -4.49176 0
    endloop
  endfacet
  facet normal 0 -0 -1
    outer loop
      vertex 49.0428 41.6526 0
      vertex 52.1 41 0
      vertex 49 41 0
    endloop
  endfacet
  facet normal 0 0 -1
    outer loop
      vertex 49.1704 -5.2941 0
      vertex 52.1647 -4.49176 0
      vertex 49.3806 -5.91342 0
    endloop
  endfacet
  facet normal 0 0 -1
    outer loop
      vertex 53.05 42.6454 0
      vertex 51.5 45.3301 0
      vertex 52.0866 45.6194 0
    endloop
  endfacet
  facet normal -0 0 -1
    outer loop
      vertex 52.1647 -4.49176 0
      vertex 49.1704 -5.2941 0
      vertex 52.1163 -4.248 0
    endloop
  endfacet
  facet normal 0 0 -1
    outer loop
      vertex 52.8434 42.5074 0
      vertex 50.9562 44.9668 0
      vertex 51.5 45.3301 0
    endloop
  endfacet
  facet normal 0 0 -1
    outer loop
      vertex 49.0428 -4.65263 0
      vertex 52.1163 -4.248 0
      vertex 49.1704 -5.2941 0
    endloop
  endfacet
  facet normal 0 0 -1
    outer loop
      vertex 52.6565 42.3435 0
      vertex 50.4645 44.5355 0
      vertex 50.9562 44.9668 0
    endloop
  endfacet
  facet normal -0 0 -1
    outer loop
      vertex 52.1163 -4.248 0
      vertex 49.0428 -4.65263 0
      vertex 52.1 -4 0
    endloop
  endfacet
  facet normal 0 0 -1
    outer loop
      vertex 52.4926 42.1566 0
      vertex 50.0332 44.0438 0
      vertex 50.4645 44.5355 0
    endloop
  endfacet
  facet normal -0 0 -1
    outer loop
      vertex 52.1 -4 0
      vertex 49.0428 -4.65263 0
      vertex 49 -4 0
    endloop
  endfacet
  facet normal 0 0 -1
    outer loop
      vertex 52.3546 41.95 0
      vertex 49.6699 43.5 0
      vertex 50.0332 44.0438 0
    endloop
  endfacet
  facet normal -0 0 -1
    outer loop
      vertex 52.3546 -3.05 0
      vertex 49 -4 0
      vertex 49 0 0
    endloop
  endfacet
  facet normal 0 0 -1
    outer loop
      vertex 52.2446 41.7271 0
      vertex 49.3806 42.9134 0
      vertex 49.6699 43.5 0
    endloop
  endfacet
  facet normal 0 0 -1
    outer loop
      vertex 52.1647 41.4918 0
      vertex 49.1704 42.2941 0
      vertex 49.3806 42.9134 0
    endloop
  endfacet
  facet normal 0 0 -1
    outer loop
      vertex 52.1163 41.248 0
      vertex 49.0428 41.6526 0
      vertex 49.1704 42.2941 0
    endloop
  endfacet
  facet normal 0.442277 -0.896878 0
    outer loop
      vertex 19.9134 -8.6194 0
      vertex 20.5 -8.33013 2
      vertex 19.9134 -8.6194 2
    endloop
  endfacet
  facet normal 0.442277 -0.896878 0
    outer loop
      vertex 20.5 -8.33013 2
      vertex 19.9134 -8.6194 0
      vertex 20.5 -8.33013 0
    endloop
  endfacet
  facet normal -0.321448 -0.946927 0
    outer loop
      vertex 16.0866 -8.6194 0
      vertex 16.7059 -8.82963 2
      vertex 16.0866 -8.6194 2
    endloop
  endfacet
  facet normal -0.321448 -0.946927 -0
    outer loop
      vertex 16.7059 -8.82963 2
      vertex 16.0866 -8.6194 0
      vertex 16.7059 -8.82963 0
    endloop
  endfacet
  facet normal 0.751784 -0.659409 0
    outer loop
      vertex 21.5355 -7.53553 2
      vertex 21.9668 -7.04381 0
      vertex 21.9668 -7.04381 2
    endloop
  endfacet
  facet normal 0.751784 -0.659409 0
    outer loop
      vertex 21.9668 -7.04381 0
      vertex 21.5355 -7.53553 2
      vertex 21.5355 -7.53553 0
    endloop
  endfacet
  facet normal -0.195072 -0.980789 0
    outer loop
      vertex 16.7059 -8.82963 0
      vertex 17.3474 -8.95722 2
      vertex 16.7059 -8.82963 2
    endloop
  endfacet
  facet normal -0.195072 -0.980789 -0
    outer loop
      vertex 17.3474 -8.95722 2
      vertex 16.7059 -8.82963 0
      vertex 17.3474 -8.95722 0
    endloop
  endfacet
  facet normal -0.659372 -0.751817 0
    outer loop
      vertex 14.4645 -7.53553 0
      vertex 14.9562 -7.96677 2
      vertex 14.4645 -7.53553 2
    endloop
  endfacet
  facet normal -0.659372 -0.751817 -0
    outer loop
      vertex 14.9562 -7.96677 2
      vertex 14.4645 -7.53553 0
      vertex 14.9562 -7.96677 0
    endloop
  endfacet
  facet normal -0.555575 -0.831466 0
    outer loop
      vertex 14.9562 -7.96677 0
      vertex 15.5 -8.33013 2
      vertex 14.9562 -7.96677 2
    endloop
  endfacet
  facet normal -0.555575 -0.831466 -0
    outer loop
      vertex 15.5 -8.33013 2
      vertex 14.9562 -7.96677 0
      vertex 15.5 -8.33013 0
    endloop
  endfacet
  facet normal -0.896854 -0.442327 0
    outer loop
      vertex 13.6699 -6.5 0
      vertex 13.3806 -5.91342 2
      vertex 13.3806 -5.91342 0
    endloop
  endfacet
  facet normal -0.896854 -0.442327 0
    outer loop
      vertex 13.3806 -5.91342 2
      vertex 13.6699 -6.5 0
      vertex 13.6699 -6.5 2
    endloop
  endfacet
  facet normal -0.442277 -0.896878 0
    outer loop
      vertex 15.5 -8.33013 0
      vertex 16.0866 -8.6194 2
      vertex 15.5 -8.33013 2
    endloop
  endfacet
  facet normal -0.442277 -0.896878 -0
    outer loop
      vertex 16.0866 -8.6194 2
      vertex 15.5 -8.33013 0
      vertex 16.0866 -8.6194 0
    endloop
  endfacet
  facet normal -0.831514 -0.555504 0
    outer loop
      vertex 14.0332 -7.04381 0
      vertex 13.6699 -6.5 2
      vertex 13.6699 -6.5 0
    endloop
  endfacet
  facet normal -0.831514 -0.555504 0
    outer loop
      vertex 13.6699 -6.5 2
      vertex 14.0332 -7.04381 0
      vertex 14.0332 -7.04381 2
    endloop
  endfacet
  facet normal -0.946944 -0.321397 0
    outer loop
      vertex 49.3806 -5.91342 0
      vertex 49.1704 -5.2941 2
      vertex 49.1704 -5.2941 0
    endloop
  endfacet
  facet normal -0.946944 -0.321397 0
    outer loop
      vertex 49.1704 -5.2941 2
      vertex 49.3806 -5.91342 0
      vertex 49.3806 -5.91342 2
    endloop
  endfacet
  facet normal 0.555575 -0.831466 0
    outer loop
      vertex 56.5 -8.33013 0
      vertex 57.0438 -7.96677 2
      vertex 56.5 -8.33013 2
    endloop
  endfacet
  facet normal 0.555575 -0.831466 0
    outer loop
      vertex 57.0438 -7.96677 2
      vertex 56.5 -8.33013 0
      vertex 57.0438 -7.96677 0
    endloop
  endfacet
  facet normal -0.997856 -0.0654402 0
    outer loop
      vertex 49.0428 -4.65263 0
      vertex 49 -4 2
      vertex 49 -4 0
    endloop
  endfacet
  facet normal -0.997856 -0.0654402 0
    outer loop
      vertex 49 -4 2
      vertex 49.0428 -4.65263 0
      vertex 49.0428 -4.65263 2
    endloop
  endfacet
  facet normal -0.751784 -0.659409 0
    outer loop
      vertex 50.4645 -7.53553 0
      vertex 50.0332 -7.04381 2
      vertex 50.0332 -7.04381 0
    endloop
  endfacet
  facet normal -0.751784 -0.659409 0
    outer loop
      vertex 50.0332 -7.04381 2
      vertex 50.4645 -7.53553 0
      vertex 50.4645 -7.53553 2
    endloop
  endfacet
  facet normal -0.980784 -0.195096 0
    outer loop
      vertex 49.1704 -5.2941 0
      vertex 49.0428 -4.65263 2
      vertex 49.0428 -4.65263 0
    endloop
  endfacet
  facet normal -0.980784 -0.195096 0
    outer loop
      vertex 49.0428 -4.65263 2
      vertex 49.1704 -5.2941 0
      vertex 49.1704 -5.2941 2
    endloop
  endfacet
  facet normal -0.195072 -0.980789 0
    outer loop
      vertex 52.7059 -8.82963 0
      vertex 53.3474 -8.95722 2
      vertex 52.7059 -8.82963 2
    endloop
  endfacet
  facet normal -0.195072 -0.980789 -0
    outer loop
      vertex 53.3474 -8.95722 2
      vertex 52.7059 -8.82963 0
      vertex 53.3474 -8.95722 0
    endloop
  endfacet
  facet normal -1 0 0
    outer loop
      vertex 49 -4 0
      vertex 49 0 2
      vertex 49 0 0
    endloop
  endfacet
  facet normal -1 -0 0
    outer loop
      vertex 49 0 2
      vertex 49 -4 0
      vertex 49 -4 2
    endloop
  endfacet
  facet normal 0.831514 -0.555504 0
    outer loop
      vertex 57.9668 -7.04381 2
      vertex 58.3301 -6.5 0
      vertex 58.3301 -6.5 2
    endloop
  endfacet
  facet normal 0.831514 -0.555504 0
    outer loop
      vertex 58.3301 -6.5 0
      vertex 57.9668 -7.04381 2
      vertex 57.9668 -7.04381 0
    endloop
  endfacet
  facet normal 0.321448 -0.946927 0
    outer loop
      vertex 55.2941 -8.82963 0
      vertex 55.9134 -8.6194 2
      vertex 55.2941 -8.82963 2
    endloop
  endfacet
  facet normal 0.321448 -0.946927 0
    outer loop
      vertex 55.9134 -8.6194 2
      vertex 55.2941 -8.82963 0
      vertex 55.9134 -8.6194 0
    endloop
  endfacet
  facet normal -0.0654128 -0.997858 0
    outer loop
      vertex 53.3474 -8.95722 0
      vertex 54 -9 2
      vertex 53.3474 -8.95722 2
    endloop
  endfacet
  facet normal -0.0654128 -0.997858 -0
    outer loop
      vertex 54 -9 2
      vertex 53.3474 -8.95722 0
      vertex 54 -9 0
    endloop
  endfacet
  facet normal -0 0 1
    outer loop
      vertex 55.6454 -3.05 2
      vertex 59 -4 2
      vertex 59 0 2
    endloop
  endfacet
  facet normal -0 -0 1
    outer loop
      vertex 55.8353 -3.50824 2
      vertex 59 -4 2
      vertex 55.7554 -3.2729 2
    endloop
  endfacet
  facet normal 0 -0 1
    outer loop
      vertex 55.9 -4 2
      vertex 59 -4 2
      vertex 55.8837 -3.752 2
    endloop
  endfacet
  facet normal 0 0 1
    outer loop
      vertex 59 -4 2
      vertex 55.9 -4 2
      vertex 58.9572 -4.65263 2
    endloop
  endfacet
  facet normal 0 0 1
    outer loop
      vertex 58.9572 -4.65263 2
      vertex 55.8837 -4.248 2
      vertex 58.8296 -5.2941 2
    endloop
  endfacet
  facet normal 0 0 1
    outer loop
      vertex 58.8296 -5.2941 2
      vertex 55.8353 -4.49176 2
      vertex 58.6194 -5.91342 2
    endloop
  endfacet
  facet normal -0 0 1
    outer loop
      vertex 55.7554 -4.7271 2
      vertex 58.6194 -5.91342 2
      vertex 55.8353 -4.49176 2
    endloop
  endfacet
  facet normal -0 0 1
    outer loop
      vertex 55.6454 -4.95 2
      vertex 58.3301 -6.5 2
      vertex 55.7554 -4.7271 2
    endloop
  endfacet
  facet normal 0 0 1
    outer loop
      vertex 58.3301 -6.5 2
      vertex 55.6454 -4.95 2
      vertex 57.9668 -7.04381 2
    endloop
  endfacet
  facet normal 0 0 1
    outer loop
      vertex 58.6194 -5.91342 2
      vertex 55.7554 -4.7271 2
      vertex 58.3301 -6.5 2
    endloop
  endfacet
  facet normal -0 0 1
    outer loop
      vertex 55.8353 -4.49176 2
      vertex 58.8296 -5.2941 2
      vertex 55.8837 -4.248 2
    endloop
  endfacet
  facet normal -0 0 1
    outer loop
      vertex 55.8837 -4.248 2
      vertex 58.9572 -4.65263 2
      vertex 55.9 -4 2
    endloop
  endfacet
  facet normal -0 -0 1
    outer loop
      vertex 55.8837 -3.752 2
      vertex 59 -4 2
      vertex 55.8353 -3.50824 2
    endloop
  endfacet
  facet normal 0 0 1
    outer loop
      vertex 59 -4 2
      vertex 55.6454 -3.05 2
      vertex 55.7554 -3.2729 2
    endloop
  endfacet
  facet normal 0 0 1
    outer loop
      vertex 59 0 2
      vertex 55.5074 -2.84335 2
      vertex 55.6454 -3.05 2
    endloop
  endfacet
  facet normal 0 0 1
    outer loop
      vertex 59 0 2
      vertex 55.3435 -2.6565 2
      vertex 55.5074 -2.84335 2
    endloop
  endfacet
  facet normal 0 0 1
    outer loop
      vertex 59 0 2
      vertex 55.1566 -2.49263 2
      vertex 55.3435 -2.6565 2
    endloop
  endfacet
  facet normal 0 0 1
    outer loop
      vertex 59 0 2
      vertex 54.95 -2.35455 2
      vertex 55.1566 -2.49263 2
    endloop
  endfacet
  facet normal 0 0 1
    outer loop
      vertex 59 0 2
      vertex 54.7271 -2.24463 2
      vertex 54.95 -2.35455 2
    endloop
  endfacet
  facet normal 0 0 1
    outer loop
      vertex 59 0 2
      vertex 54.4918 -2.16474 2
      vertex 54.7271 -2.24463 2
    endloop
  endfacet
  facet normal 0 0 1
    outer loop
      vertex 59 0 2
      vertex 54.248 -2.11625 2
      vertex 54.4918 -2.16474 2
    endloop
  endfacet
  facet normal 0 0 1
    outer loop
      vertex 59 0 2
      vertex 54 -2.1 2
      vertex 54.248 -2.11625 2
    endloop
  endfacet
  facet normal -0 0 1
    outer loop
      vertex 49 0 2
      vertex 54 -2.1 2
      vertex 59 0 2
    endloop
  endfacet
  facet normal 0 0 1
    outer loop
      vertex 54 -2.1 2
      vertex 49 0 2
      vertex 53.752 -2.11625 2
    endloop
  endfacet
  facet normal 0 0 1
    outer loop
      vertex 53.752 -2.11625 2
      vertex 49 0 2
      vertex 53.5082 -2.16474 2
    endloop
  endfacet
  facet normal 0 0 1
    outer loop
      vertex 53.05 -5.64545 2
      vertex 51.5 -8.33013 2
      vertex 52.0866 -8.6194 2
    endloop
  endfacet
  facet normal 0 0 1
    outer loop
      vertex 49 -4 2
      vertex 52.1 -4 2
      vertex 52.1163 -3.752 2
    endloop
  endfacet
  facet normal 0 0 1
    outer loop
      vertex 52.1163 -4.248 2
      vertex 50.9562 -7.96677 2
      vertex 51.5 -8.33013 2
    endloop
  endfacet
  facet normal 0 0 1
    outer loop
      vertex 49 -4 2
      vertex 52.1163 -3.752 2
      vertex 52.1647 -3.50824 2
    endloop
  endfacet
  facet normal 0 0 1
    outer loop
      vertex 52.1163 -4.248 2
      vertex 50.4645 -7.53553 2
      vertex 50.9562 -7.96677 2
    endloop
  endfacet
  facet normal 0 0 1
    outer loop
      vertex 49 -4 2
      vertex 52.1647 -3.50824 2
      vertex 52.2446 -3.2729 2
    endloop
  endfacet
  facet normal 0 0 1
    outer loop
      vertex 52.1163 -4.248 2
      vertex 50.0332 -7.04381 2
      vertex 50.4645 -7.53553 2
    endloop
  endfacet
  facet normal 0 0 1
    outer loop
      vertex 49 -4 2
      vertex 52.2446 -3.2729 2
      vertex 52.3546 -3.05 2
    endloop
  endfacet
  facet normal 0 0 1
    outer loop
      vertex 52.1163 -4.248 2
      vertex 49.6699 -6.5 2
      vertex 50.0332 -7.04381 2
    endloop
  endfacet
  facet normal 0 0 1
    outer loop
      vertex 49 0 2
      vertex 52.3546 -3.05 2
      vertex 52.4926 -2.84335 2
    endloop
  endfacet
  facet normal 0 0 1
    outer loop
      vertex 52.1163 -4.248 2
      vertex 49.3806 -5.91342 2
      vertex 49.6699 -6.5 2
    endloop
  endfacet
  facet normal 0 0 1
    outer loop
      vertex 49 0 2
      vertex 52.4926 -2.84335 2
      vertex 52.6565 -2.6565 2
    endloop
  endfacet
  facet normal 0 0 1
    outer loop
      vertex 52.1163 -4.248 2
      vertex 49.1704 -5.2941 2
      vertex 49.3806 -5.91342 2
    endloop
  endfacet
  facet normal 0 0 1
    outer loop
      vertex 49 0 2
      vertex 52.6565 -2.6565 2
      vertex 52.8434 -2.49263 2
    endloop
  endfacet
  facet normal 0 0 1
    outer loop
      vertex 52.1163 -4.248 2
      vertex 49.0428 -4.65263 2
      vertex 49.1704 -5.2941 2
    endloop
  endfacet
  facet normal 0 0 1
    outer loop
      vertex 49 0 2
      vertex 52.8434 -2.49263 2
      vertex 53.05 -2.35455 2
    endloop
  endfacet
  facet normal 0 0 1
    outer loop
      vertex 53.5082 -2.16474 2
      vertex 49 0 2
      vertex 53.2729 -2.24463 2
    endloop
  endfacet
  facet normal 0 0 1
    outer loop
      vertex 49 0 2
      vertex 53.05 -2.35455 2
      vertex 53.2729 -2.24463 2
    endloop
  endfacet
  facet normal 0 0 1
    outer loop
      vertex 52.3546 -3.05 2
      vertex 49 0 2
      vertex 49 -4 2
    endloop
  endfacet
  facet normal 0 0 1
    outer loop
      vertex 52.1 -4 2
      vertex 49 -4 2
      vertex 49.0428 -4.65263 2
    endloop
  endfacet
  facet normal -0 0 1
    outer loop
      vertex 55.5074 -5.15665 2
      vertex 57.9668 -7.04381 2
      vertex 55.6454 -4.95 2
    endloop
  endfacet
  facet normal 0 0 1
    outer loop
      vertex 57.9668 -7.04381 2
      vertex 55.5074 -5.15665 2
      vertex 57.5355 -7.53553 2
    endloop
  endfacet
  facet normal -0 0 1
    outer loop
      vertex 55.3435 -5.3435 2
      vertex 57.5355 -7.53553 2
      vertex 55.5074 -5.15665 2
    endloop
  endfacet
  facet normal 0 0 1
    outer loop
      vertex 57.5355 -7.53553 2
      vertex 55.3435 -5.3435 2
      vertex 57.0438 -7.96677 2
    endloop
  endfacet
  facet normal -0 0 1
    outer loop
      vertex 55.1566 -5.50737 2
      vertex 57.0438 -7.96677 2
      vertex 55.3435 -5.3435 2
    endloop
  endfacet
  facet normal 0 0 1
    outer loop
      vertex 57.0438 -7.96677 2
      vertex 55.1566 -5.50737 2
      vertex 56.5 -8.33013 2
    endloop
  endfacet
  facet normal -0 0 1
    outer loop
      vertex 54.95 -5.64545 2
      vertex 56.5 -8.33013 2
      vertex 55.1566 -5.50737 2
    endloop
  endfacet
  facet normal 0 0 1
    outer loop
      vertex 56.5 -8.33013 2
      vertex 54.95 -5.64545 2
      vertex 55.9134 -8.6194 2
    endloop
  endfacet
  facet normal -0 0 1
    outer loop
      vertex 54.7271 -5.75537 2
      vertex 55.9134 -8.6194 2
      vertex 54.95 -5.64545 2
    endloop
  endfacet
  facet normal 0 0 1
    outer loop
      vertex 55.9134 -8.6194 2
      vertex 54.7271 -5.75537 2
      vertex 55.2941 -8.82963 2
    endloop
  endfacet
  facet normal -0 0 1
    outer loop
      vertex 54.4918 -5.83526 2
      vertex 55.2941 -8.82963 2
      vertex 54.7271 -5.75537 2
    endloop
  endfacet
  facet normal 0 0 1
    outer loop
      vertex 55.2941 -8.82963 2
      vertex 54.4918 -5.83526 2
      vertex 54.6526 -8.95722 2
    endloop
  endfacet
  facet normal -0 0 1
    outer loop
      vertex 54.248 -5.88375 2
      vertex 54.6526 -8.95722 2
      vertex 54.4918 -5.83526 2
    endloop
  endfacet
  facet normal -0 0 1
    outer loop
      vertex 54 -5.9 2
      vertex 54.6526 -8.95722 2
      vertex 54.248 -5.88375 2
    endloop
  endfacet
  facet normal 0 0 1
    outer loop
      vertex 54 -5.9 2
      vertex 54 -9 2
      vertex 54.6526 -8.95722 2
    endloop
  endfacet
  facet normal 0 0 1
    outer loop
      vertex 53.752 -5.88375 2
      vertex 54 -9 2
      vertex 54 -5.9 2
    endloop
  endfacet
  facet normal 0 0 1
    outer loop
      vertex 53.3474 -8.95722 2
      vertex 53.752 -5.88375 2
      vertex 53.5082 -5.83526 2
    endloop
  endfacet
  facet normal 0 0 1
    outer loop
      vertex 53.752 -5.88375 2
      vertex 53.3474 -8.95722 2
      vertex 54 -9 2
    endloop
  endfacet
  facet normal 0 0 1
    outer loop
      vertex 52.7059 -8.82963 2
      vertex 53.5082 -5.83526 2
      vertex 53.2729 -5.75537 2
    endloop
  endfacet
  facet normal 0 0 1
    outer loop
      vertex 52.0866 -8.6194 2
      vertex 53.2729 -5.75537 2
      vertex 53.05 -5.64545 2
    endloop
  endfacet
  facet normal 0 0 1
    outer loop
      vertex 51.5 -8.33013 2
      vertex 53.05 -5.64545 2
      vertex 52.8434 -5.50737 2
    endloop
  endfacet
  facet normal 0 0 1
    outer loop
      vertex 53.5082 -5.83526 2
      vertex 52.7059 -8.82963 2
      vertex 53.3474 -8.95722 2
    endloop
  endfacet
  facet normal 0 0 1
    outer loop
      vertex 51.5 -8.33013 2
      vertex 52.8434 -5.50737 2
      vertex 52.6565 -5.3435 2
    endloop
  endfacet
  facet normal 0 0 1
    outer loop
      vertex 51.5 -8.33013 2
      vertex 52.6565 -5.3435 2
      vertex 52.4926 -5.15665 2
    endloop
  endfacet
  facet normal 0 0 1
    outer loop
      vertex 51.5 -8.33013 2
      vertex 52.4926 -5.15665 2
      vertex 52.3546 -4.95 2
    endloop
  endfacet
  facet normal 0 0 1
    outer loop
      vertex 51.5 -8.33013 2
      vertex 52.3546 -4.95 2
      vertex 52.2446 -4.7271 2
    endloop
  endfacet
  facet normal 0 0 1
    outer loop
      vertex 51.5 -8.33013 2
      vertex 52.2446 -4.7271 2
      vertex 52.1647 -4.49176 2
    endloop
  endfacet
  facet normal 0 0 1
    outer loop
      vertex 51.5 -8.33013 2
      vertex 52.1647 -4.49176 2
      vertex 52.1163 -4.248 2
    endloop
  endfacet
  facet normal 0 0 1
    outer loop
      vertex 53.2729 -5.75537 2
      vertex 52.0866 -8.6194 2
      vertex 52.7059 -8.82963 2
    endloop
  endfacet
  facet normal 0 0 1
    outer loop
      vertex 49.0428 -4.65263 2
      vertex 52.1163 -4.248 2
      vertex 52.1 -4 2
    endloop
  endfacet
  facet normal 0.659372 -0.751817 0
    outer loop
      vertex 57.0438 -7.96677 0
      vertex 57.5355 -7.53553 2
      vertex 57.0438 -7.96677 2
    endloop
  endfacet
  facet normal 0.659372 -0.751817 0
    outer loop
      vertex 57.5355 -7.53553 2
      vertex 57.0438 -7.96677 0
      vertex 57.5355 -7.53553 0
    endloop
  endfacet
  facet normal 0.751784 -0.659409 0
    outer loop
      vertex 57.5355 -7.53553 2
      vertex 57.9668 -7.04381 0
      vertex 57.9668 -7.04381 2
    endloop
  endfacet
  facet normal 0.751784 -0.659409 0
    outer loop
      vertex 57.9668 -7.04381 0
      vertex 57.5355 -7.53553 2
      vertex 57.5355 -7.53553 0
    endloop
  endfacet
  facet normal 0.946944 -0.321397 0
    outer loop
      vertex 58.6194 -5.91342 2
      vertex 58.8296 -5.2941 0
      vertex 58.8296 -5.2941 2
    endloop
  endfacet
  facet normal 0.946944 -0.321397 0
    outer loop
      vertex 58.8296 -5.2941 0
      vertex 58.6194 -5.91342 2
      vertex 58.6194 -5.91342 0
    endloop
  endfacet
  facet normal -0.659372 -0.751817 0
    outer loop
      vertex 50.4645 -7.53553 0
      vertex 50.9562 -7.96677 2
      vertex 50.4645 -7.53553 2
    endloop
  endfacet
  facet normal -0.659372 -0.751817 -0
    outer loop
      vertex 50.9562 -7.96677 2
      vertex 50.4645 -7.53553 0
      vertex 50.9562 -7.96677 0
    endloop
  endfacet
  facet normal -0.831514 -0.555504 0
    outer loop
      vertex 50.0332 -7.04381 0
      vertex 49.6699 -6.5 2
      vertex 49.6699 -6.5 0
    endloop
  endfacet
  facet normal -0.831514 -0.555504 0
    outer loop
      vertex 49.6699 -6.5 2
      vertex 50.0332 -7.04381 0
      vertex 50.0332 -7.04381 2
    endloop
  endfacet
  facet normal -0.896854 -0.442327 0
    outer loop
      vertex 49.6699 -6.5 0
      vertex 49.3806 -5.91342 2
      vertex 49.3806 -5.91342 0
    endloop
  endfacet
  facet normal -0.896854 -0.442327 0
    outer loop
      vertex 49.3806 -5.91342 2
      vertex 49.6699 -6.5 0
      vertex 49.6699 -6.5 2
    endloop
  endfacet
  facet normal 0.980784 -0.195096 0
    outer loop
      vertex 58.8296 -5.2941 2
      vertex 58.9572 -4.65263 0
      vertex 58.9572 -4.65263 2
    endloop
  endfacet
  facet normal 0.980784 -0.195096 0
    outer loop
      vertex 58.9572 -4.65263 0
      vertex 58.8296 -5.2941 2
      vertex 58.8296 -5.2941 0
    endloop
  endfacet
  facet normal 0.997856 -0.0654402 0
    outer loop
      vertex 58.9572 -4.65263 2
      vertex 59 -4 0
      vertex 59 -4 2
    endloop
  endfacet
  facet normal 0.997856 -0.0654402 0
    outer loop
      vertex 59 -4 0
      vertex 58.9572 -4.65263 2
      vertex 58.9572 -4.65263 0
    endloop
  endfacet
  facet normal 0.896854 -0.442327 0
    outer loop
      vertex 58.3301 -6.5 2
      vertex 58.6194 -5.91342 0
      vertex 58.6194 -5.91342 2
    endloop
  endfacet
  facet normal 0.896854 -0.442327 0
    outer loop
      vertex 58.6194 -5.91342 0
      vertex 58.3301 -6.5 2
      vertex 58.3301 -6.5 0
    endloop
  endfacet
  facet normal 1 -0 0
    outer loop
      vertex 59 -4 2
      vertex 59 0 0
      vertex 59 0 2
    endloop
  endfacet
  facet normal 1 0 0
    outer loop
      vertex 59 0 0
      vertex 59 -4 2
      vertex 59 -4 0
    endloop
  endfacet
  facet normal -0.555575 -0.831466 0
    outer loop
      vertex 50.9562 -7.96677 0
      vertex 51.5 -8.33013 2
      vertex 50.9562 -7.96677 2
    endloop
  endfacet
  facet normal -0.555575 -0.831466 -0
    outer loop
      vertex 51.5 -8.33013 2
      vertex 50.9562 -7.96677 0
      vertex 51.5 -8.33013 0
    endloop
  endfacet
  facet normal 0.442277 -0.896878 0
    outer loop
      vertex 55.9134 -8.6194 0
      vertex 56.5 -8.33013 2
      vertex 55.9134 -8.6194 2
    endloop
  endfacet
  facet normal 0.442277 -0.896878 0
    outer loop
      vertex 56.5 -8.33013 2
      vertex 55.9134 -8.6194 0
      vertex 56.5 -8.33013 0
    endloop
  endfacet
  facet normal 0.195072 -0.980789 0
    outer loop
      vertex 54.6526 -8.95722 0
      vertex 55.2941 -8.82963 2
      vertex 54.6526 -8.95722 2
    endloop
  endfacet
  facet normal 0.195072 -0.980789 0
    outer loop
      vertex 55.2941 -8.82963 2
      vertex 54.6526 -8.95722 0
      vertex 55.2941 -8.82963 0
    endloop
  endfacet
  facet normal 0.0654128 -0.997858 0
    outer loop
      vertex 54 -9 0
      vertex 54.6526 -8.95722 2
      vertex 54 -9 2
    endloop
  endfacet
  facet normal 0.0654128 -0.997858 0
    outer loop
      vertex 54.6526 -8.95722 2
      vertex 54 -9 0
      vertex 54.6526 -8.95722 0
    endloop
  endfacet
  facet normal -0.442277 -0.896878 0
    outer loop
      vertex 51.5 -8.33013 0
      vertex 52.0866 -8.6194 2
      vertex 51.5 -8.33013 2
    endloop
  endfacet
  facet normal -0.442277 -0.896878 -0
    outer loop
      vertex 52.0866 -8.6194 2
      vertex 51.5 -8.33013 0
      vertex 52.0866 -8.6194 0
    endloop
  endfacet
  facet normal -0.321448 -0.946927 0
    outer loop
      vertex 52.0866 -8.6194 0
      vertex 52.7059 -8.82963 2
      vertex 52.0866 -8.6194 2
    endloop
  endfacet
  facet normal -0.321448 -0.946927 -0
    outer loop
      vertex 52.7059 -8.82963 2
      vertex 52.0866 -8.6194 0
      vertex 52.7059 -8.82963 0
    endloop
  endfacet
  facet normal 0.442314 0.89686 -0
    outer loop
      vertex 20.5 45.3301 0
      vertex 19.9134 45.6194 2
      vertex 20.5 45.3301 2
    endloop
  endfacet
  facet normal 0.442314 0.89686 0
    outer loop
      vertex 19.9134 45.6194 2
      vertex 20.5 45.3301 0
      vertex 19.9134 45.6194 0
    endloop
  endfacet
  facet normal 0.195087 0.980786 -0
    outer loop
      vertex 19.2941 45.8296 0
      vertex 18.6526 45.9572 2
      vertex 19.2941 45.8296 2
    endloop
  endfacet
  facet normal 0.195087 0.980786 0
    outer loop
      vertex 18.6526 45.9572 2
      vertex 19.2941 45.8296 0
      vertex 18.6526 45.9572 0
    endloop
  endfacet
  facet normal -0.659424 0.751771 0
    outer loop
      vertex 14.9562 44.9668 0
      vertex 14.4645 44.5355 2
      vertex 14.9562 44.9668 2
    endloop
  endfacet
  facet normal -0.659424 0.751771 0
    outer loop
      vertex 14.4645 44.5355 2
      vertex 14.9562 44.9668 0
      vertex 14.4645 44.5355 0
    endloop
  endfacet
  facet normal -1 0 0
    outer loop
      vertex 13 37 0
      vertex 13 41 2
      vertex 13 41 0
    endloop
  endfacet
  facet normal -1 -0 0
    outer loop
      vertex 13 41 2
      vertex 13 37 0
      vertex 13 37 2
    endloop
  endfacet
  facet normal -0.751771 0.659424 0
    outer loop
      vertex 14.0332 44.0438 0
      vertex 14.4645 44.5355 2
      vertex 14.4645 44.5355 0
    endloop
  endfacet
  facet normal -0.751771 0.659424 0
    outer loop
      vertex 14.4645 44.5355 2
      vertex 14.0332 44.0438 0
      vertex 14.0332 44.0438 2
    endloop
  endfacet
  facet normal 0.751771 0.659424 0
    outer loop
      vertex 21.9668 44.0438 2
      vertex 21.5355 44.5355 0
      vertex 21.5355 44.5355 2
    endloop
  endfacet
  facet normal 0.751771 0.659424 0
    outer loop
      vertex 21.5355 44.5355 0
      vertex 21.9668 44.0438 2
      vertex 21.9668 44.0438 0
    endloop
  endfacet
  facet normal -0.980786 0.195087 0
    outer loop
      vertex 13.0428 41.6526 0
      vertex 13.1704 42.2941 2
      vertex 13.1704 42.2941 0
    endloop
  endfacet
  facet normal -0.980786 0.195087 0
    outer loop
      vertex 13.1704 42.2941 2
      vertex 13.0428 41.6526 0
      vertex 13.0428 41.6526 2
    endloop
  endfacet
  facet normal 0.555512 0.831509 -0
    outer loop
      vertex 21.0438 44.9668 0
      vertex 20.5 45.3301 2
      vertex 21.0438 44.9668 2
    endloop
  endfacet
  facet normal 0.555512 0.831509 0
    outer loop
      vertex 20.5 45.3301 2
      vertex 21.0438 44.9668 0
      vertex 20.5 45.3301 0
    endloop
  endfacet
  facet normal -0.555512 0.831509 0
    outer loop
      vertex 15.5 45.3301 0
      vertex 14.9562 44.9668 2
      vertex 15.5 45.3301 2
    endloop
  endfacet
  facet normal -0.555512 0.831509 0
    outer loop
      vertex 14.9562 44.9668 2
      vertex 15.5 45.3301 0
      vertex 14.9562 44.9668 0
    endloop
  endfacet
  facet normal -0.321407 0.946941 0
    outer loop
      vertex 16.7059 45.8296 0
      vertex 16.0866 45.6194 2
      vertex 16.7059 45.8296 2
    endloop
  endfacet
  facet normal -0.321407 0.946941 0
    outer loop
      vertex 16.0866 45.6194 2
      vertex 16.7059 45.8296 0
      vertex 16.0866 45.6194 0
    endloop
  endfacet
  facet normal 0.89686 0.442314 0
    outer loop
      vertex 22.6194 42.9134 2
      vertex 22.3301 43.5 0
      vertex 22.3301 43.5 2
    endloop
  endfacet
  facet normal 0.89686 0.442314 0
    outer loop
      vertex 22.3301 43.5 0
      vertex 22.6194 42.9134 2
      vertex 22.6194 42.9134 0
    endloop
  endfacet
  facet normal -0.831509 0.555512 0
    outer loop
      vertex 13.6699 43.5 0
      vertex 14.0332 44.0438 2
      vertex 14.0332 44.0438 0
    endloop
  endfacet
  facet normal -0.831509 0.555512 0
    outer loop
      vertex 14.0332 44.0438 2
      vertex 13.6699 43.5 0
      vertex 13.6699 43.5 2
    endloop
  endfacet
  facet normal -0.195087 0.980786 0
    outer loop
      vertex 17.3474 45.9572 0
      vertex 16.7059 45.8296 2
      vertex 17.3474 45.9572 2
    endloop
  endfacet
  facet normal -0.195087 0.980786 0
    outer loop
      vertex 16.7059 45.8296 2
      vertex 17.3474 45.9572 0
      vertex 16.7059 45.8296 0
    endloop
  endfacet
  facet normal -0.997856 0.0654432 0
    outer loop
      vertex 13 41 0
      vertex 13.0428 41.6526 2
      vertex 13.0428 41.6526 0
    endloop
  endfacet
  facet normal -0.997856 0.0654432 0
    outer loop
      vertex 13.0428 41.6526 2
      vertex 13 41 0
      vertex 13 41 2
    endloop
  endfacet
  facet normal 0.946941 0.321407 0
    outer loop
      vertex 22.8296 42.2941 2
      vertex 22.6194 42.9134 0
      vertex 22.6194 42.9134 2
    endloop
  endfacet
  facet normal 0.946941 0.321407 0
    outer loop
      vertex 22.6194 42.9134 0
      vertex 22.8296 42.2941 2
      vertex 22.8296 42.2941 0
    endloop
  endfacet
  facet normal 0.997856 0.0654432 0
    outer loop
      vertex 23 41 2
      vertex 22.9572 41.6526 0
      vertex 22.9572 41.6526 2
    endloop
  endfacet
  facet normal 0.997856 0.0654432 0
    outer loop
      vertex 22.9572 41.6526 0
      vertex 23 41 2
      vertex 23 41 0
    endloop
  endfacet
  facet normal 1 -0 0
    outer loop
      vertex 23 37 2
      vertex 23 41 0
      vertex 23 41 2
    endloop
  endfacet
  facet normal 1 0 0
    outer loop
      vertex 23 41 0
      vertex 23 37 2
      vertex 23 37 0
    endloop
  endfacet
  facet normal 0.980786 0.195087 0
    outer loop
      vertex 22.9572 41.6526 2
      vertex 22.8296 42.2941 0
      vertex 22.8296 42.2941 2
    endloop
  endfacet
  facet normal 0.980786 0.195087 0
    outer loop
      vertex 22.8296 42.2941 0
      vertex 22.9572 41.6526 2
      vertex 22.9572 41.6526 0
    endloop
  endfacet
  facet normal -0.442314 0.89686 0
    outer loop
      vertex 16.0866 45.6194 0
      vertex 15.5 45.3301 2
      vertex 16.0866 45.6194 2
    endloop
  endfacet
  facet normal -0.442314 0.89686 0
    outer loop
      vertex 15.5 45.3301 2
      vertex 16.0866 45.6194 0
      vertex 15.5 45.3301 0
    endloop
  endfacet
  facet normal 0.659424 0.751771 -0
    outer loop
      vertex 21.5355 44.5355 0
      vertex 21.0438 44.9668 2
      vertex 21.5355 44.5355 2
    endloop
  endfacet
  facet normal 0.659424 0.751771 0
    outer loop
      vertex 21.0438 44.9668 2
      vertex 21.5355 44.5355 0
      vertex 21.0438 44.9668 0
    endloop
  endfacet
  facet normal 0 0 1
    outer loop
      vertex 22.9572 41.6526 2
      vertex 19.8837 41.248 2
      vertex 19.9 41 2
    endloop
  endfacet
  facet normal 0 0 1
    outer loop
      vertex 20.5 45.3301 2
      vertex 19.8353 41.4918 2
      vertex 19.8837 41.248 2
    endloop
  endfacet
  facet normal 0 0 1
    outer loop
      vertex 20.5 45.3301 2
      vertex 19.7554 41.7271 2
      vertex 19.8353 41.4918 2
    endloop
  endfacet
  facet normal 0 0 1
    outer loop
      vertex 20.5 45.3301 2
      vertex 19.6454 41.95 2
      vertex 19.7554 41.7271 2
    endloop
  endfacet
  facet normal 0 0 1
    outer loop
      vertex 20.5 45.3301 2
      vertex 19.5074 42.1566 2
      vertex 19.6454 41.95 2
    endloop
  endfacet
  facet normal 0 0 1
    outer loop
      vertex 20.5 45.3301 2
      vertex 19.3435 42.3435 2
      vertex 19.5074 42.1566 2
    endloop
  endfacet
  facet normal 0 0 1
    outer loop
      vertex 18.7271 42.7554 2
      vertex 19.9134 45.6194 2
      vertex 19.2941 45.8296 2
    endloop
  endfacet
  facet normal 0 0 1
    outer loop
      vertex 20.5 45.3301 2
      vertex 19.1566 42.5074 2
      vertex 19.3435 42.3435 2
    endloop
  endfacet
  facet normal 0 0 1
    outer loop
      vertex 20.5 45.3301 2
      vertex 18.95 42.6454 2
      vertex 19.1566 42.5074 2
    endloop
  endfacet
  facet normal 0 0 1
    outer loop
      vertex 19.9134 45.6194 2
      vertex 18.7271 42.7554 2
      vertex 18.95 42.6454 2
    endloop
  endfacet
  facet normal 0 0 1
    outer loop
      vertex 18.4918 42.8353 2
      vertex 19.2941 45.8296 2
      vertex 18.6526 45.9572 2
    endloop
  endfacet
  facet normal 0 0 1
    outer loop
      vertex 19.2941 45.8296 2
      vertex 18.4918 42.8353 2
      vertex 18.7271 42.7554 2
    endloop
  endfacet
  facet normal 0 0 1
    outer loop
      vertex 18.6526 45.9572 2
      vertex 18.248 42.8837 2
      vertex 18.4918 42.8353 2
    endloop
  endfacet
  facet normal 0 0 1
    outer loop
      vertex 18 46 2
      vertex 18.248 42.8837 2
      vertex 18.6526 45.9572 2
    endloop
  endfacet
  facet normal 0 0 1
    outer loop
      vertex 18 46 2
      vertex 18 42.9 2
      vertex 18.248 42.8837 2
    endloop
  endfacet
  facet normal 0 0 1
    outer loop
      vertex 18 46 2
      vertex 17.752 42.8837 2
      vertex 18 42.9 2
    endloop
  endfacet
  facet normal -0 0 1
    outer loop
      vertex 17.3474 45.9572 2
      vertex 17.752 42.8837 2
      vertex 18 46 2
    endloop
  endfacet
  facet normal 0 0 1
    outer loop
      vertex 17.752 42.8837 2
      vertex 17.3474 45.9572 2
      vertex 17.5082 42.8353 2
    endloop
  endfacet
  facet normal -0 0 1
    outer loop
      vertex 16.7059 45.8296 2
      vertex 17.5082 42.8353 2
      vertex 17.3474 45.9572 2
    endloop
  endfacet
  facet normal 0 0 1
    outer loop
      vertex 17.5082 42.8353 2
      vertex 16.7059 45.8296 2
      vertex 17.2729 42.7554 2
    endloop
  endfacet
  facet normal -0 0 1
    outer loop
      vertex 16.0866 45.6194 2
      vertex 17.2729 42.7554 2
      vertex 16.7059 45.8296 2
    endloop
  endfacet
  facet normal 0 0 1
    outer loop
      vertex 17.2729 42.7554 2
      vertex 16.0866 45.6194 2
      vertex 17.05 42.6454 2
    endloop
  endfacet
  facet normal -0 0 1
    outer loop
      vertex 15.5 45.3301 2
      vertex 17.05 42.6454 2
      vertex 16.0866 45.6194 2
    endloop
  endfacet
  facet normal 0 0 1
    outer loop
      vertex 17.05 42.6454 2
      vertex 15.5 45.3301 2
      vertex 16.8434 42.5074 2
    endloop
  endfacet
  facet normal -0 0 1
    outer loop
      vertex 14.9562 44.9668 2
      vertex 16.8434 42.5074 2
      vertex 15.5 45.3301 2
    endloop
  endfacet
  facet normal 0 0 1
    outer loop
      vertex 16.8434 42.5074 2
      vertex 14.9562 44.9668 2
      vertex 16.6565 42.3435 2
    endloop
  endfacet
  facet normal -0 0 1
    outer loop
      vertex 14.4645 44.5355 2
      vertex 16.6565 42.3435 2
      vertex 14.9562 44.9668 2
    endloop
  endfacet
  facet normal 0 0 1
    outer loop
      vertex 16.6565 42.3435 2
      vertex 14.4645 44.5355 2
      vertex 16.4926 42.1566 2
    endloop
  endfacet
  facet normal 0 0 1
    outer loop
      vertex 16.4926 42.1566 2
      vertex 14.0332 44.0438 2
      vertex 16.3546 41.95 2
    endloop
  endfacet
  facet normal -0 0 1
    outer loop
      vertex 14.0332 44.0438 2
      vertex 16.4926 42.1566 2
      vertex 14.4645 44.5355 2
    endloop
  endfacet
  facet normal 0 0 1
    outer loop
      vertex 19.9 41 2
      vertex 23 41 2
      vertex 22.9572 41.6526 2
    endloop
  endfacet
  facet normal 0 0 1
    outer loop
      vertex 19.8837 41.248 2
      vertex 22.9572 41.6526 2
      vertex 22.8296 42.2941 2
    endloop
  endfacet
  facet normal 0 0 1
    outer loop
      vertex 19.8837 41.248 2
      vertex 22.8296 42.2941 2
      vertex 22.6194 42.9134 2
    endloop
  endfacet
  facet normal 0 0 1
    outer loop
      vertex 19.8837 41.248 2
      vertex 22.6194 42.9134 2
      vertex 22.3301 43.5 2
    endloop
  endfacet
  facet normal 0 0 1
    outer loop
      vertex 19.8837 41.248 2
      vertex 22.3301 43.5 2
      vertex 21.9668 44.0438 2
    endloop
  endfacet
  facet normal 0 0 1
    outer loop
      vertex 19.8837 41.248 2
      vertex 21.9668 44.0438 2
      vertex 21.5355 44.5355 2
    endloop
  endfacet
  facet normal 0 0 1
    outer loop
      vertex 19.8837 41.248 2
      vertex 21.5355 44.5355 2
      vertex 21.0438 44.9668 2
    endloop
  endfacet
  facet normal 0 0 1
    outer loop
      vertex 19.8837 41.248 2
      vertex 21.0438 44.9668 2
      vertex 20.5 45.3301 2
    endloop
  endfacet
  facet normal 0 0 1
    outer loop
      vertex 18.95 42.6454 2
      vertex 20.5 45.3301 2
      vertex 19.9134 45.6194 2
    endloop
  endfacet
  facet normal 0 0 1
    outer loop
      vertex 23 41 2
      vertex 19.9 41 2
      vertex 19.8837 40.752 2
    endloop
  endfacet
  facet normal 0 0 1
    outer loop
      vertex 23 41 2
      vertex 19.8837 40.752 2
      vertex 19.8353 40.5082 2
    endloop
  endfacet
  facet normal 0 0 1
    outer loop
      vertex 23 41 2
      vertex 19.8353 40.5082 2
      vertex 19.7554 40.2729 2
    endloop
  endfacet
  facet normal 0 0 1
    outer loop
      vertex 19.6454 40.05 2
      vertex 23 41 2
      vertex 19.7554 40.2729 2
    endloop
  endfacet
  facet normal 0 0 1
    outer loop
      vertex 23 41 2
      vertex 19.6454 40.05 2
      vertex 23 37 2
    endloop
  endfacet
  facet normal -0 0 1
    outer loop
      vertex 19.5074 39.8434 2
      vertex 23 37 2
      vertex 19.6454 40.05 2
    endloop
  endfacet
  facet normal -0 0 1
    outer loop
      vertex 19.3435 39.6565 2
      vertex 23 37 2
      vertex 19.5074 39.8434 2
    endloop
  endfacet
  facet normal -0 0 1
    outer loop
      vertex 19.1566 39.4926 2
      vertex 23 37 2
      vertex 19.3435 39.6565 2
    endloop
  endfacet
  facet normal -0 0 1
    outer loop
      vertex 18.95 39.3546 2
      vertex 23 37 2
      vertex 19.1566 39.4926 2
    endloop
  endfacet
  facet normal -0 0 1
    outer loop
      vertex 18.7271 39.2446 2
      vertex 23 37 2
      vertex 18.95 39.3546 2
    endloop
  endfacet
  facet normal -0 0 1
    outer loop
      vertex 18.4918 39.1647 2
      vertex 23 37 2
      vertex 18.7271 39.2446 2
    endloop
  endfacet
  facet normal -0 0 1
    outer loop
      vertex 18.248 39.1163 2
      vertex 23 37 2
      vertex 18.4918 39.1647 2
    endloop
  endfacet
  facet normal -0 0 1
    outer loop
      vertex 18 39.1 2
      vertex 23 37 2
      vertex 18.248 39.1163 2
    endloop
  endfacet
  facet normal 0 0 1
    outer loop
      vertex 13 37 2
      vertex 18 39.1 2
      vertex 17.752 39.1163 2
    endloop
  endfacet
  facet normal 0 0 1
    outer loop
      vertex 13 37 2
      vertex 17.752 39.1163 2
      vertex 17.5082 39.1647 2
    endloop
  endfacet
  facet normal 0 0 1
    outer loop
      vertex 13 37 2
      vertex 17.5082 39.1647 2
      vertex 17.2729 39.2446 2
    endloop
  endfacet
  facet normal -0 0 1
    outer loop
      vertex 13.6699 43.5 2
      vertex 16.3546 41.95 2
      vertex 14.0332 44.0438 2
    endloop
  endfacet
  facet normal 0 0 1
    outer loop
      vertex 16.3546 41.95 2
      vertex 13.6699 43.5 2
      vertex 16.2446 41.7271 2
    endloop
  endfacet
  facet normal -0 0 1
    outer loop
      vertex 13.3806 42.9134 2
      vertex 16.2446 41.7271 2
      vertex 13.6699 43.5 2
    endloop
  endfacet
  facet normal 0 0 1
    outer loop
      vertex 16.2446 41.7271 2
      vertex 13.3806 42.9134 2
      vertex 16.1647 41.4918 2
    endloop
  endfacet
  facet normal -0 0 1
    outer loop
      vertex 13.1704 42.2941 2
      vertex 16.1647 41.4918 2
      vertex 13.3806 42.9134 2
    endloop
  endfacet
  facet normal 0 0 1
    outer loop
      vertex 16.1647 41.4918 2
      vertex 13.1704 42.2941 2
      vertex 16.1163 41.248 2
    endloop
  endfacet
  facet normal -0 0 1
    outer loop
      vertex 13.0428 41.6526 2
      vertex 16.1163 41.248 2
      vertex 13.1704 42.2941 2
    endloop
  endfacet
  facet normal 0 0 1
    outer loop
      vertex 16.1163 41.248 2
      vertex 13.0428 41.6526 2
      vertex 16.1 41 2
    endloop
  endfacet
  facet normal 0 0 1
    outer loop
      vertex 13 41 2
      vertex 16.1 41 2
      vertex 13.0428 41.6526 2
    endloop
  endfacet
  facet normal 0 0 1
    outer loop
      vertex 16.1 41 2
      vertex 13 41 2
      vertex 16.1163 40.752 2
    endloop
  endfacet
  facet normal 0 0 1
    outer loop
      vertex 16.1163 40.752 2
      vertex 13 41 2
      vertex 16.1647 40.5082 2
    endloop
  endfacet
  facet normal 0 0 1
    outer loop
      vertex 16.1647 40.5082 2
      vertex 13 41 2
      vertex 16.2446 40.2729 2
    endloop
  endfacet
  facet normal 0 0 1
    outer loop
      vertex 16.2446 40.2729 2
      vertex 13 41 2
      vertex 16.3546 40.05 2
    endloop
  endfacet
  facet normal 0 0 1
    outer loop
      vertex 13 37 2
      vertex 16.3546 40.05 2
      vertex 13 41 2
    endloop
  endfacet
  facet normal 0 0 1
    outer loop
      vertex 16.3546 40.05 2
      vertex 13 37 2
      vertex 16.4926 39.8434 2
    endloop
  endfacet
  facet normal 0 0 1
    outer loop
      vertex 16.4926 39.8434 2
      vertex 13 37 2
      vertex 16.6565 39.6565 2
    endloop
  endfacet
  facet normal 0 0 1
    outer loop
      vertex 16.6565 39.6565 2
      vertex 13 37 2
      vertex 16.8434 39.4926 2
    endloop
  endfacet
  facet normal 0 0 1
    outer loop
      vertex 16.8434 39.4926 2
      vertex 13 37 2
      vertex 17.05 39.3546 2
    endloop
  endfacet
  facet normal 0 0 1
    outer loop
      vertex 18 39.1 2
      vertex 13 37 2
      vertex 23 37 2
    endloop
  endfacet
  facet normal 0 0 1
    outer loop
      vertex 17.05 39.3546 2
      vertex 13 37 2
      vertex 17.2729 39.2446 2
    endloop
  endfacet
  facet normal 0.321407 0.946941 -0
    outer loop
      vertex 19.9134 45.6194 0
      vertex 19.2941 45.8296 2
      vertex 19.9134 45.6194 2
    endloop
  endfacet
  facet normal 0.321407 0.946941 0
    outer loop
      vertex 19.2941 45.8296 2
      vertex 19.9134 45.6194 0
      vertex 19.2941 45.8296 0
    endloop
  endfacet
  facet normal -0.946941 0.321407 0
    outer loop
      vertex 13.1704 42.2941 0
      vertex 13.3806 42.9134 2
      vertex 13.3806 42.9134 0
    endloop
  endfacet
  facet normal -0.946941 0.321407 0
    outer loop
      vertex 13.3806 42.9134 2
      vertex 13.1704 42.2941 0
      vertex 13.1704 42.2941 2
    endloop
  endfacet
  facet normal 0.0654432 0.997856 -0
    outer loop
      vertex 18.6526 45.9572 0
      vertex 18 46 2
      vertex 18.6526 45.9572 2
    endloop
  endfacet
  facet normal 0.0654432 0.997856 0
    outer loop
      vertex 18 46 2
      vertex 18.6526 45.9572 0
      vertex 18 46 0
    endloop
  endfacet
  facet normal -0.89686 0.442314 0
    outer loop
      vertex 13.3806 42.9134 0
      vertex 13.6699 43.5 2
      vertex 13.6699 43.5 0
    endloop
  endfacet
  facet normal -0.89686 0.442314 0
    outer loop
      vertex 13.6699 43.5 2
      vertex 13.3806 42.9134 0
      vertex 13.3806 42.9134 2
    endloop
  endfacet
  facet normal 0.831509 0.555512 0
    outer loop
      vertex 22.3301 43.5 2
      vertex 21.9668 44.0438 0
      vertex 21.9668 44.0438 2
    endloop
  endfacet
  facet normal 0.831509 0.555512 0
    outer loop
      vertex 21.9668 44.0438 0
      vertex 22.3301 43.5 2
      vertex 22.3301 43.5 0
    endloop
  endfacet
  facet normal -0.0654432 0.997856 0
    outer loop
      vertex 18 46 0
      vertex 17.3474 45.9572 2
      vertex 18 46 2
    endloop
  endfacet
  facet normal -0.0654432 0.997856 0
    outer loop
      vertex 17.3474 45.9572 2
      vertex 18 46 0
      vertex 17.3474 45.9572 0
    endloop
  endfacet
  facet normal -0.831509 0.555512 0
    outer loop
      vertex 49.6699 43.5 0
      vertex 50.0332 44.0438 2
      vertex 50.0332 44.0438 0
    endloop
  endfacet
  facet normal -0.831509 0.555512 0
    outer loop
      vertex 50.0332 44.0438 2
      vertex 49.6699 43.5 0
      vertex 49.6699 43.5 2
    endloop
  endfacet
  facet normal -0.980786 0.195087 0
    outer loop
      vertex 49.0428 41.6526 0
      vertex 49.1704 42.2941 2
      vertex 49.1704 42.2941 0
    endloop
  endfacet
  facet normal -0.980786 0.195087 0
    outer loop
      vertex 49.1704 42.2941 2
      vertex 49.0428 41.6526 0
      vertex 49.0428 41.6526 2
    endloop
  endfacet
  facet normal 1 -0 0
    outer loop
      vertex 59 37 2
      vertex 59 41 0
      vertex 59 41 2
    endloop
  endfacet
  facet normal 1 0 0
    outer loop
      vertex 59 41 0
      vertex 59 37 2
      vertex 59 37 0
    endloop
  endfacet
  facet normal -0.442314 0.89686 0
    outer loop
      vertex 52.0866 45.6194 0
      vertex 51.5 45.3301 2
      vertex 52.0866 45.6194 2
    endloop
  endfacet
  facet normal -0.442314 0.89686 0
    outer loop
      vertex 51.5 45.3301 2
      vertex 52.0866 45.6194 0
      vertex 51.5 45.3301 0
    endloop
  endfacet
  facet normal 0.321407 0.946941 -0
    outer loop
      vertex 55.9134 45.6194 0
      vertex 55.2941 45.8296 2
      vertex 55.9134 45.6194 2
    endloop
  endfacet
  facet normal 0.321407 0.946941 0
    outer loop
      vertex 55.2941 45.8296 2
      vertex 55.9134 45.6194 0
      vertex 55.2941 45.8296 0
    endloop
  endfacet
  facet normal -0.997856 0.0654432 0
    outer loop
      vertex 49 41 0
      vertex 49.0428 41.6526 2
      vertex 49.0428 41.6526 0
    endloop
  endfacet
  facet normal -0.997856 0.0654432 0
    outer loop
      vertex 49.0428 41.6526 2
      vertex 49 41 0
      vertex 49 41 2
    endloop
  endfacet
  facet normal -0.321407 0.946941 0
    outer loop
      vertex 52.7059 45.8296 0
      vertex 52.0866 45.6194 2
      vertex 52.7059 45.8296 2
    endloop
  endfacet
  facet normal -0.321407 0.946941 0
    outer loop
      vertex 52.0866 45.6194 2
      vertex 52.7059 45.8296 0
      vertex 52.0866 45.6194 0
    endloop
  endfacet
  facet normal -0.659424 0.751771 0
    outer loop
      vertex 50.9562 44.9668 0
      vertex 50.4645 44.5355 2
      vertex 50.9562 44.9668 2
    endloop
  endfacet
  facet normal -0.659424 0.751771 0
    outer loop
      vertex 50.4645 44.5355 2
      vertex 50.9562 44.9668 0
      vertex 50.4645 44.5355 0
    endloop
  endfacet
  facet normal -1 0 0
    outer loop
      vertex 49 37 0
      vertex 49 41 2
      vertex 49 41 0
    endloop
  endfacet
  facet normal -1 -0 0
    outer loop
      vertex 49 41 2
      vertex 49 37 0
      vertex 49 37 2
    endloop
  endfacet
  facet normal 0.89686 0.442314 0
    outer loop
      vertex 58.6194 42.9134 2
      vertex 58.3301 43.5 0
      vertex 58.3301 43.5 2
    endloop
  endfacet
  facet normal 0.89686 0.442314 0
    outer loop
      vertex 58.3301 43.5 0
      vertex 58.6194 42.9134 2
      vertex 58.6194 42.9134 0
    endloop
  endfacet
  facet normal 0.946941 0.321407 0
    outer loop
      vertex 58.8296 42.2941 2
      vertex 58.6194 42.9134 0
      vertex 58.6194 42.9134 2
    endloop
  endfacet
  facet normal 0.946941 0.321407 0
    outer loop
      vertex 58.6194 42.9134 0
      vertex 58.8296 42.2941 2
      vertex 58.8296 42.2941 0
    endloop
  endfacet
  facet normal -0.555512 0.831509 0
    outer loop
      vertex 51.5 45.3301 0
      vertex 50.9562 44.9668 2
      vertex 51.5 45.3301 2
    endloop
  endfacet
  facet normal -0.555512 0.831509 0
    outer loop
      vertex 50.9562 44.9668 2
      vertex 51.5 45.3301 0
      vertex 50.9562 44.9668 0
    endloop
  endfacet
  facet normal 0.751771 0.659424 0
    outer loop
      vertex 57.9668 44.0438 2
      vertex 57.5355 44.5355 0
      vertex 57.5355 44.5355 2
    endloop
  endfacet
  facet normal 0.751771 0.659424 0
    outer loop
      vertex 57.5355 44.5355 0
      vertex 57.9668 44.0438 2
      vertex 57.9668 44.0438 0
    endloop
  endfacet
  facet normal 0.555512 0.831509 -0
    outer loop
      vertex 57.0438 44.9668 0
      vertex 56.5 45.3301 2
      vertex 57.0438 44.9668 2
    endloop
  endfacet
  facet normal 0.555512 0.831509 0
    outer loop
      vertex 56.5 45.3301 2
      vertex 57.0438 44.9668 0
      vertex 56.5 45.3301 0
    endloop
  endfacet
  facet normal -0.89686 0.442314 0
    outer loop
      vertex 49.3806 42.9134 0
      vertex 49.6699 43.5 2
      vertex 49.6699 43.5 0
    endloop
  endfacet
  facet normal -0.89686 0.442314 0
    outer loop
      vertex 49.6699 43.5 2
      vertex 49.3806 42.9134 0
      vertex 49.3806 42.9134 2
    endloop
  endfacet
  facet normal 0 0 1
    outer loop
      vertex 58.9572 41.6526 2
      vertex 55.8837 41.248 2
      vertex 55.9 41 2
    endloop
  endfacet
  facet normal 0 0 1
    outer loop
      vertex 56.5 45.3301 2
      vertex 55.8353 41.4918 2
      vertex 55.8837 41.248 2
    endloop
  endfacet
  facet normal 0 0 1
    outer loop
      vertex 56.5 45.3301 2
      vertex 55.7554 41.7271 2
      vertex 55.8353 41.4918 2
    endloop
  endfacet
  facet normal 0 0 1
    outer loop
      vertex 56.5 45.3301 2
      vertex 55.6454 41.95 2
      vertex 55.7554 41.7271 2
    endloop
  endfacet
  facet normal 0 0 1
    outer loop
      vertex 56.5 45.3301 2
      vertex 55.5074 42.1566 2
      vertex 55.6454 41.95 2
    endloop
  endfacet
  facet normal 0 0 1
    outer loop
      vertex 56.5 45.3301 2
      vertex 55.3435 42.3435 2
      vertex 55.5074 42.1566 2
    endloop
  endfacet
  facet normal 0 0 1
    outer loop
      vertex 54.7271 42.7554 2
      vertex 55.9134 45.6194 2
      vertex 55.2941 45.8296 2
    endloop
  endfacet
  facet normal 0 0 1
    outer loop
      vertex 56.5 45.3301 2
      vertex 55.1566 42.5074 2
      vertex 55.3435 42.3435 2
    endloop
  endfacet
  facet normal 0 0 1
    outer loop
      vertex 56.5 45.3301 2
      vertex 54.95 42.6454 2
      vertex 55.1566 42.5074 2
    endloop
  endfacet
  facet normal 0 0 1
    outer loop
      vertex 55.9134 45.6194 2
      vertex 54.7271 42.7554 2
      vertex 54.95 42.6454 2
    endloop
  endfacet
  facet normal 0 0 1
    outer loop
      vertex 54.4918 42.8353 2
      vertex 55.2941 45.8296 2
      vertex 54.6526 45.9572 2
    endloop
  endfacet
  facet normal 0 0 1
    outer loop
      vertex 55.2941 45.8296 2
      vertex 54.4918 42.8353 2
      vertex 54.7271 42.7554 2
    endloop
  endfacet
  facet normal 0 0 1
    outer loop
      vertex 54.6526 45.9572 2
      vertex 54.248 42.8837 2
      vertex 54.4918 42.8353 2
    endloop
  endfacet
  facet normal 0 0 1
    outer loop
      vertex 54 46 2
      vertex 54.248 42.8837 2
      vertex 54.6526 45.9572 2
    endloop
  endfacet
  facet normal 0 0 1
    outer loop
      vertex 54 46 2
      vertex 54 42.9 2
      vertex 54.248 42.8837 2
    endloop
  endfacet
  facet normal 0 0 1
    outer loop
      vertex 54 46 2
      vertex 53.752 42.8837 2
      vertex 54 42.9 2
    endloop
  endfacet
  facet normal -0 0 1
    outer loop
      vertex 53.3474 45.9572 2
      vertex 53.752 42.8837 2
      vertex 54 46 2
    endloop
  endfacet
  facet normal 0 0 1
    outer loop
      vertex 53.752 42.8837 2
      vertex 53.3474 45.9572 2
      vertex 53.5082 42.8353 2
    endloop
  endfacet
  facet normal -0 0 1
    outer loop
      vertex 52.7059 45.8296 2
      vertex 53.5082 42.8353 2
      vertex 53.3474 45.9572 2
    endloop
  endfacet
  facet normal 0 0 1
    outer loop
      vertex 53.5082 42.8353 2
      vertex 52.7059 45.8296 2
      vertex 53.2729 42.7554 2
    endloop
  endfacet
  facet normal -0 0 1
    outer loop
      vertex 52.0866 45.6194 2
      vertex 53.2729 42.7554 2
      vertex 52.7059 45.8296 2
    endloop
  endfacet
  facet normal 0 0 1
    outer loop
      vertex 53.2729 42.7554 2
      vertex 52.0866 45.6194 2
      vertex 53.05 42.6454 2
    endloop
  endfacet
  facet normal -0 0 1
    outer loop
      vertex 51.5 45.3301 2
      vertex 53.05 42.6454 2
      vertex 52.0866 45.6194 2
    endloop
  endfacet
  facet normal 0 0 1
    outer loop
      vertex 53.05 42.6454 2
      vertex 51.5 45.3301 2
      vertex 52.8434 42.5074 2
    endloop
  endfacet
  facet normal -0 0 1
    outer loop
      vertex 50.9562 44.9668 2
      vertex 52.8434 42.5074 2
      vertex 51.5 45.3301 2
    endloop
  endfacet
  facet normal 0 0 1
    outer loop
      vertex 52.8434 42.5074 2
      vertex 50.9562 44.9668 2
      vertex 52.6565 42.3435 2
    endloop
  endfacet
  facet normal -0 0 1
    outer loop
      vertex 50.4645 44.5355 2
      vertex 52.6565 42.3435 2
      vertex 50.9562 44.9668 2
    endloop
  endfacet
  facet normal 0 0 1
    outer loop
      vertex 52.6565 42.3435 2
      vertex 50.4645 44.5355 2
      vertex 52.4926 42.1566 2
    endloop
  endfacet
  facet normal 0 0 1
    outer loop
      vertex 52.4926 42.1566 2
      vertex 50.0332 44.0438 2
      vertex 52.3546 41.95 2
    endloop
  endfacet
  facet normal -0 0 1
    outer loop
      vertex 50.0332 44.0438 2
      vertex 52.4926 42.1566 2
      vertex 50.4645 44.5355 2
    endloop
  endfacet
  facet normal 0 0 1
    outer loop
      vertex 55.9 41 2
      vertex 59 41 2
      vertex 58.9572 41.6526 2
    endloop
  endfacet
  facet normal 0 0 1
    outer loop
      vertex 55.8837 41.248 2
      vertex 58.9572 41.6526 2
      vertex 58.8296 42.2941 2
    endloop
  endfacet
  facet normal 0 0 1
    outer loop
      vertex 55.8837 41.248 2
      vertex 58.8296 42.2941 2
      vertex 58.6194 42.9134 2
    endloop
  endfacet
  facet normal 0 0 1
    outer loop
      vertex 55.8837 41.248 2
      vertex 58.6194 42.9134 2
      vertex 58.3301 43.5 2
    endloop
  endfacet
  facet normal 0 0 1
    outer loop
      vertex 55.8837 41.248 2
      vertex 58.3301 43.5 2
      vertex 57.9668 44.0438 2
    endloop
  endfacet
  facet normal 0 0 1
    outer loop
      vertex 55.8837 41.248 2
      vertex 57.9668 44.0438 2
      vertex 57.5355 44.5355 2
    endloop
  endfacet
  facet normal 0 0 1
    outer loop
      vertex 55.8837 41.248 2
      vertex 57.5355 44.5355 2
      vertex 57.0438 44.9668 2
    endloop
  endfacet
  facet normal 0 0 1
    outer loop
      vertex 55.8837 41.248 2
      vertex 57.0438 44.9668 2
      vertex 56.5 45.3301 2
    endloop
  endfacet
  facet normal 0 0 1
    outer loop
      vertex 54.95 42.6454 2
      vertex 56.5 45.3301 2
      vertex 55.9134 45.6194 2
    endloop
  endfacet
  facet normal 0 0 1
    outer loop
      vertex 59 41 2
      vertex 55.9 41 2
      vertex 55.8837 40.752 2
    endloop
  endfacet
  facet normal 0 0 1
    outer loop
      vertex 59 41 2
      vertex 55.8837 40.752 2
      vertex 55.8353 40.5082 2
    endloop
  endfacet
  facet normal 0 0 1
    outer loop
      vertex 59 41 2
      vertex 55.8353 40.5082 2
      vertex 55.7554 40.2729 2
    endloop
  endfacet
  facet normal 0 0 1
    outer loop
      vertex 55.6454 40.05 2
      vertex 59 41 2
      vertex 55.7554 40.2729 2
    endloop
  endfacet
  facet normal 0 0 1
    outer loop
      vertex 59 41 2
      vertex 55.6454 40.05 2
      vertex 59 37 2
    endloop
  endfacet
  facet normal -0 0 1
    outer loop
      vertex 55.5074 39.8434 2
      vertex 59 37 2
      vertex 55.6454 40.05 2
    endloop
  endfacet
  facet normal -0 0 1
    outer loop
      vertex 55.3435 39.6565 2
      vertex 59 37 2
      vertex 55.5074 39.8434 2
    endloop
  endfacet
  facet normal -0 0 1
    outer loop
      vertex 55.1566 39.4926 2
      vertex 59 37 2
      vertex 55.3435 39.6565 2
    endloop
  endfacet
  facet normal -0 0 1
    outer loop
      vertex 54.95 39.3546 2
      vertex 59 37 2
      vertex 55.1566 39.4926 2
    endloop
  endfacet
  facet normal -0 0 1
    outer loop
      vertex 54.7271 39.2446 2
      vertex 59 37 2
      vertex 54.95 39.3546 2
    endloop
  endfacet
  facet normal -0 0 1
    outer loop
      vertex 54.4918 39.1647 2
      vertex 59 37 2
      vertex 54.7271 39.2446 2
    endloop
  endfacet
  facet normal -0 0 1
    outer loop
      vertex 54.248 39.1163 2
      vertex 59 37 2
      vertex 54.4918 39.1647 2
    endloop
  endfacet
  facet normal -0 0 1
    outer loop
      vertex 54 39.1 2
      vertex 59 37 2
      vertex 54.248 39.1163 2
    endloop
  endfacet
  facet normal 0 0 1
    outer loop
      vertex 49 37 2
      vertex 54 39.1 2
      vertex 53.752 39.1163 2
    endloop
  endfacet
  facet normal 0 0 1
    outer loop
      vertex 49 37 2
      vertex 53.752 39.1163 2
      vertex 53.5082 39.1647 2
    endloop
  endfacet
  facet normal 0 0 1
    outer loop
      vertex 49 37 2
      vertex 53.5082 39.1647 2
      vertex 53.2729 39.2446 2
    endloop
  endfacet
  facet normal -0 0 1
    outer loop
      vertex 49.6699 43.5 2
      vertex 52.3546 41.95 2
      vertex 50.0332 44.0438 2
    endloop
  endfacet
  facet normal 0 0 1
    outer loop
      vertex 52.3546 41.95 2
      vertex 49.6699 43.5 2
      vertex 52.2446 41.7271 2
    endloop
  endfacet
  facet normal -0 0 1
    outer loop
      vertex 49.3806 42.9134 2
      vertex 52.2446 41.7271 2
      vertex 49.6699 43.5 2
    endloop
  endfacet
  facet normal 0 0 1
    outer loop
      vertex 52.2446 41.7271 2
      vertex 49.3806 42.9134 2
      vertex 52.1647 41.4918 2
    endloop
  endfacet
  facet normal -0 0 1
    outer loop
      vertex 49.1704 42.2941 2
      vertex 52.1647 41.4918 2
      vertex 49.3806 42.9134 2
    endloop
  endfacet
  facet normal 0 0 1
    outer loop
      vertex 52.1647 41.4918 2
      vertex 49.1704 42.2941 2
      vertex 52.1163 41.248 2
    endloop
  endfacet
  facet normal -0 0 1
    outer loop
      vertex 49.0428 41.6526 2
      vertex 52.1163 41.248 2
      vertex 49.1704 42.2941 2
    endloop
  endfacet
  facet normal 0 0 1
    outer loop
      vertex 52.1163 41.248 2
      vertex 49.0428 41.6526 2
      vertex 52.1 41 2
    endloop
  endfacet
  facet normal 0 0 1
    outer loop
      vertex 49 41 2
      vertex 52.1 41 2
      vertex 49.0428 41.6526 2
    endloop
  endfacet
  facet normal 0 0 1
    outer loop
      vertex 52.1 41 2
      vertex 49 41 2
      vertex 52.1163 40.752 2
    endloop
  endfacet
  facet normal 0 0 1
    outer loop
      vertex 52.1163 40.752 2
      vertex 49 41 2
      vertex 52.1647 40.5082 2
    endloop
  endfacet
  facet normal 0 0 1
    outer loop
      vertex 52.1647 40.5082 2
      vertex 49 41 2
      vertex 52.2446 40.2729 2
    endloop
  endfacet
  facet normal 0 0 1
    outer loop
      vertex 52.2446 40.2729 2
      vertex 49 41 2
      vertex 52.3546 40.05 2
    endloop
  endfacet
  facet normal 0 0 1
    outer loop
      vertex 49 37 2
      vertex 52.3546 40.05 2
      vertex 49 41 2
    endloop
  endfacet
  facet normal 0 0 1
    outer loop
      vertex 52.3546 40.05 2
      vertex 49 37 2
      vertex 52.4926 39.8434 2
    endloop
  endfacet
  facet normal 0 0 1
    outer loop
      vertex 52.4926 39.8434 2
      vertex 49 37 2
      vertex 52.6565 39.6565 2
    endloop
  endfacet
  facet normal 0 0 1
    outer loop
      vertex 52.6565 39.6565 2
      vertex 49 37 2
      vertex 52.8434 39.4926 2
    endloop
  endfacet
  facet normal 0 0 1
    outer loop
      vertex 52.8434 39.4926 2
      vertex 49 37 2
      vertex 53.05 39.3546 2
    endloop
  endfacet
  facet normal 0 0 1
    outer loop
      vertex 54 39.1 2
      vertex 49 37 2
      vertex 59 37 2
    endloop
  endfacet
  facet normal 0 0 1
    outer loop
      vertex 53.05 39.3546 2
      vertex 49 37 2
      vertex 53.2729 39.2446 2
    endloop
  endfacet
  facet normal 0.997856 0.0654432 0
    outer loop
      vertex 59 41 2
      vertex 58.9572 41.6526 0
      vertex 58.9572 41.6526 2
    endloop
  endfacet
  facet normal 0.997856 0.0654432 0
    outer loop
      vertex 58.9572 41.6526 0
      vertex 59 41 2
      vertex 59 41 0
    endloop
  endfacet
  facet normal 0.980786 0.195087 0
    outer loop
      vertex 58.9572 41.6526 2
      vertex 58.8296 42.2941 0
      vertex 58.8296 42.2941 2
    endloop
  endfacet
  facet normal 0.980786 0.195087 0
    outer loop
      vertex 58.8296 42.2941 0
      vertex 58.9572 41.6526 2
      vertex 58.9572 41.6526 0
    endloop
  endfacet
  facet normal 0.195087 0.980786 -0
    outer loop
      vertex 55.2941 45.8296 0
      vertex 54.6526 45.9572 2
      vertex 55.2941 45.8296 2
    endloop
  endfacet
  facet normal 0.195087 0.980786 0
    outer loop
      vertex 54.6526 45.9572 2
      vertex 55.2941 45.8296 0
      vertex 54.6526 45.9572 0
    endloop
  endfacet
  facet normal -0.195087 0.980786 0
    outer loop
      vertex 53.3474 45.9572 0
      vertex 52.7059 45.8296 2
      vertex 53.3474 45.9572 2
    endloop
  endfacet
  facet normal -0.195087 0.980786 0
    outer loop
      vertex 52.7059 45.8296 2
      vertex 53.3474 45.9572 0
      vertex 52.7059 45.8296 0
    endloop
  endfacet
  facet normal 0.659424 0.751771 -0
    outer loop
      vertex 57.5355 44.5355 0
      vertex 57.0438 44.9668 2
      vertex 57.5355 44.5355 2
    endloop
  endfacet
  facet normal 0.659424 0.751771 0
    outer loop
      vertex 57.0438 44.9668 2
      vertex 57.5355 44.5355 0
      vertex 57.0438 44.9668 0
    endloop
  endfacet
  facet normal 0.831509 0.555512 0
    outer loop
      vertex 58.3301 43.5 2
      vertex 57.9668 44.0438 0
      vertex 57.9668 44.0438 2
    endloop
  endfacet
  facet normal 0.831509 0.555512 0
    outer loop
      vertex 57.9668 44.0438 0
      vertex 58.3301 43.5 2
      vertex 58.3301 43.5 0
    endloop
  endfacet
  facet normal 0.442314 0.89686 -0
    outer loop
      vertex 56.5 45.3301 0
      vertex 55.9134 45.6194 2
      vertex 56.5 45.3301 2
    endloop
  endfacet
  facet normal 0.442314 0.89686 0
    outer loop
      vertex 55.9134 45.6194 2
      vertex 56.5 45.3301 0
      vertex 55.9134 45.6194 0
    endloop
  endfacet
  facet normal -0.751771 0.659424 0
    outer loop
      vertex 50.0332 44.0438 0
      vertex 50.4645 44.5355 2
      vertex 50.4645 44.5355 0
    endloop
  endfacet
  facet normal -0.751771 0.659424 0
    outer loop
      vertex 50.4645 44.5355 2
      vertex 50.0332 44.0438 0
      vertex 50.0332 44.0438 2
    endloop
  endfacet
  facet normal 0.0654432 0.997856 -0
    outer loop
      vertex 54.6526 45.9572 0
      vertex 54 46 2
      vertex 54.6526 45.9572 2
    endloop
  endfacet
  facet normal 0.0654432 0.997856 0
    outer loop
      vertex 54 46 2
      vertex 54.6526 45.9572 0
      vertex 54 46 0
    endloop
  endfacet
  facet normal -0.946941 0.321407 0
    outer loop
      vertex 49.1704 42.2941 0
      vertex 49.3806 42.9134 2
      vertex 49.3806 42.9134 0
    endloop
  endfacet
  facet normal -0.946941 0.321407 0
    outer loop
      vertex 49.3806 42.9134 2
      vertex 49.1704 42.2941 0
      vertex 49.1704 42.2941 2
    endloop
  endfacet
  facet normal -0.0654432 0.997856 0
    outer loop
      vertex 54 46 0
      vertex 53.3474 45.9572 2
      vertex 54 46 2
    endloop
  endfacet
  facet normal -0.0654432 0.997856 0
    outer loop
      vertex 53.3474 45.9572 2
      vertex 54 46 0
      vertex 53.3474 45.9572 0
    endloop
  endfacet
  facet normal -0.980783 -0.195101 0
    outer loop
      vertex 0.136292 2.96472 0
      vertex 0.0342102 3.47789 12
      vertex 0.0342102 3.47789 0
    endloop
  endfacet
  facet normal -0.980783 -0.195101 0
    outer loop
      vertex 0.0342102 3.47789 12
      vertex 0.136292 2.96472 0
      vertex 0.136292 2.96472 12
    endloop
  endfacet
  facet normal -0.99786 -0.0653828 0
    outer loop
      vertex 0.0342102 3.47789 0
      vertex 0 4 12
      vertex 0 4 0
    endloop
  endfacet
  facet normal -0.99786 -0.0653828 0
    outer loop
      vertex 0 4 12
      vertex 0.0342102 3.47789 0
      vertex 0.0342102 3.47789 12
    endloop
  endfacet
  facet normal 0.831468 -0.555573 0
    outer loop
      vertex 71.1734 1.56494 12
      vertex 71.4641 2 0
      vertex 71.4641 2 12
    endloop
  endfacet
  facet normal 0.831468 -0.555573 0
    outer loop
      vertex 71.4641 2 0
      vertex 71.1734 1.56494 12
      vertex 71.1734 1.56494 0
    endloop
  endfacet
  facet normal 0.980779 0.195124 0
    outer loop
      vertex 71.9658 33.5221 12
      vertex 71.8637 34.0353 0
      vertex 71.8637 34.0353 12
    endloop
  endfacet
  facet normal 0.980779 0.195124 0
    outer loop
      vertex 71.8637 34.0353 0
      vertex 71.9658 33.5221 12
      vertex 71.9658 33.5221 0
    endloop
  endfacet
  facet normal -0.555573 0.831468 0
    outer loop
      vertex 2 36.4641 0
      vertex 1.56494 36.1734 12
      vertex 2 36.4641 12
    endloop
  endfacet
  facet normal -0.555573 0.831468 0
    outer loop
      vertex 1.56494 36.1734 12
      vertex 2 36.4641 0
      vertex 1.56494 36.1734 0
    endloop
  endfacet
  facet normal -0.831472 -0.555567 0
    outer loop
      vertex 0.826584 1.56494 0
      vertex 0.535889 2 12
      vertex 0.535889 2 0
    endloop
  endfacet
  facet normal -0.831472 -0.555567 0
    outer loop
      vertex 0.535889 2 12
      vertex 0.826584 1.56494 0
      vertex 0.826584 1.56494 12
    endloop
  endfacet
  facet normal 0.751817 -0.659371 0
    outer loop
      vertex 70.8284 1.17157 12
      vertex 71.1734 1.56494 0
      vertex 71.1734 1.56494 12
    endloop
  endfacet
  facet normal 0.751817 -0.659371 0
    outer loop
      vertex 71.1734 1.56494 0
      vertex 70.8284 1.17157 12
      vertex 70.8284 1.17157 0
    endloop
  endfacet
  facet normal -0.946934 -0.321427 0
    outer loop
      vertex 0.304474 2.46925 0
      vertex 0.136292 2.96472 12
      vertex 0.136292 2.96472 0
    endloop
  endfacet
  facet normal -0.946934 -0.321427 0
    outer loop
      vertex 0.136292 2.96472 12
      vertex 0.304474 2.46925 0
      vertex 0.304474 2.46925 12
    endloop
  endfacet
  facet normal 0 -1 0
    outer loop
      vertex 49 0 0
      vertex 38.9 0 4.5
      vertex 23 0 0
    endloop
  endfacet
  facet normal 0 -1 0
    outer loop
      vertex 38.9 0 4.5
      vertex 49 0 0
      vertex 49 0 2
    endloop
  endfacet
  facet normal 0 -1 0
    outer loop
      vertex 49.4 0 4.5
      vertex 51.5 0 11.7
      vertex 49.4 0 11.7
    endloop
  endfacet
  facet normal 0 -1 -0
    outer loop
      vertex 51.5 0 11.7
      vertex 49.4 0 4.5
      vertex 51.5 0 4.5
    endloop
  endfacet
  facet normal 0 -1 0
    outer loop
      vertex 23.5 0 4.5
      vertex 38.9 0 11.7
      vertex 23.5 0 11.7
    endloop
  endfacet
  facet normal 0 -1 -0
    outer loop
      vertex 38.9 0 11.7
      vertex 23.5 0 4.5
      vertex 38.9 0 4.5
    endloop
  endfacet
  facet normal 0 -1 0
    outer loop
      vertex 23.5 0 11.7
      vertex 4 0 12
      vertex 8.3 0 11.7
    endloop
  endfacet
  facet normal 0 -1 0
    outer loop
      vertex 4 0 12
      vertex 8.3 0 4.5
      vertex 8.3 0 11.7
    endloop
  endfacet
  facet normal 0 -1 0
    outer loop
      vertex 13 0 2
      vertex 23.5 0 4.5
      vertex 8.3 0 4.5
    endloop
  endfacet
  facet normal 0 -1 -0
    outer loop
      vertex 23.5 0 4.5
      vertex 23 0 2
      vertex 38.9 0 4.5
    endloop
  endfacet
  facet normal 0 -1 0
    outer loop
      vertex 23 0 0
      vertex 38.9 0 4.5
      vertex 23 0 2
    endloop
  endfacet
  facet normal 0 -1 0
    outer loop
      vertex 38.9 0 4.5
      vertex 49 0 2
      vertex 49.4 0 4.5
    endloop
  endfacet
  facet normal 0 -1 0
    outer loop
      vertex 23.5 0 4.5
      vertex 13 0 2
      vertex 23 0 2
    endloop
  endfacet
  facet normal 0 -1 0
    outer loop
      vertex 4 0 0
      vertex 8.3 0 4.5
      vertex 4 0 12
    endloop
  endfacet
  facet normal 0 -1 0
    outer loop
      vertex 13 0 0
      vertex 8.3 0 4.5
      vertex 4 0 0
    endloop
  endfacet
  facet normal 0 -1 0
    outer loop
      vertex 8.3 0 4.5
      vertex 13 0 0
      vertex 13 0 2
    endloop
  endfacet
  facet normal 0 -1 0
    outer loop
      vertex 4 0 12
      vertex 23.5 0 11.7
      vertex 68 0 12
    endloop
  endfacet
  facet normal 0 -1 0
    outer loop
      vertex 38.9 0 11.7
      vertex 68 0 12
      vertex 23.5 0 11.7
    endloop
  endfacet
  facet normal 0 -1 0
    outer loop
      vertex 49.4 0 11.7
      vertex 68 0 12
      vertex 38.9 0 11.7
    endloop
  endfacet
  facet normal 0 -1 0
    outer loop
      vertex 51.5 0 11.7
      vertex 68 0 12
      vertex 49.4 0 11.7
    endloop
  endfacet
  facet normal 0 -1 0
    outer loop
      vertex 62.5 0 11.7
      vertex 68 0 12
      vertex 51.5 0 11.7
    endloop
  endfacet
  facet normal 0 -1 0
    outer loop
      vertex 62.5 0 4.5
      vertex 68 0 12
      vertex 62.5 0 11.7
    endloop
  endfacet
  facet normal 0 -1 -0
    outer loop
      vertex 49.4 0 4.5
      vertex 49 0 2
      vertex 51.5 0 4.5
    endloop
  endfacet
  facet normal 0 -1 0
    outer loop
      vertex 59 0 2
      vertex 51.5 0 4.5
      vertex 49 0 2
    endloop
  endfacet
  facet normal 0 -1 0
    outer loop
      vertex 51.5 0 4.5
      vertex 59 0 2
      vertex 62.5 0 4.5
    endloop
  endfacet
  facet normal 0 -1 0
    outer loop
      vertex 59 0 0
      vertex 62.5 0 4.5
      vertex 59 0 2
    endloop
  endfacet
  facet normal 0 -1 0
    outer loop
      vertex 62.5 0 4.5
      vertex 68 0 0
      vertex 68 0 12
    endloop
  endfacet
  facet normal 0 -1 0
    outer loop
      vertex 68 0 0
      vertex 62.5 0 4.5
      vertex 59 0 0
    endloop
  endfacet
  facet normal 0.980776 -0.195135 0
    outer loop
      vertex 71.8637 2.96472 12
      vertex 71.9658 3.47789 0
      vertex 71.9658 3.47789 12
    endloop
  endfacet
  facet normal 0.980776 -0.195135 0
    outer loop
      vertex 71.9658 3.47789 0
      vertex 71.8637 2.96472 12
      vertex 71.8637 2.96472 0
    endloop
  endfacet
  facet normal 0 1 -0
    outer loop
      vertex 49 37 0
      vertex 23 37 2
      vertex 49 37 2
    endloop
  endfacet
  facet normal 0 1 0
    outer loop
      vertex 23 37 2
      vertex 49 37 0
      vertex 23 37 0
    endloop
  endfacet
  facet normal 0 1 0
    outer loop
      vertex 49 37 2
      vertex 68 37 12
      vertex 59 37 2
    endloop
  endfacet
  facet normal 0 1 -0
    outer loop
      vertex 68 37 0
      vertex 59 37 2
      vertex 68 37 12
    endloop
  endfacet
  facet normal 0 1 0
    outer loop
      vertex 59 37 2
      vertex 68 37 0
      vertex 59 37 0
    endloop
  endfacet
  facet normal 0 1 0
    outer loop
      vertex 68 37 12
      vertex 49 37 2
      vertex 4 37 12
    endloop
  endfacet
  facet normal 0 1 -0
    outer loop
      vertex 23 37 2
      vertex 4 37 12
      vertex 49 37 2
    endloop
  endfacet
  facet normal 0 1 -0
    outer loop
      vertex 13 37 2
      vertex 4 37 12
      vertex 23 37 2
    endloop
  endfacet
  facet normal 0 1 0
    outer loop
      vertex 4 37 0
      vertex 13 37 2
      vertex 13 37 0
    endloop
  endfacet
  facet normal 0 1 0
    outer loop
      vertex 13 37 2
      vertex 4 37 0
      vertex 4 37 12
    endloop
  endfacet
  facet normal 0.065384 -0.99786 0
    outer loop
      vertex 68 0 0
      vertex 68.5221 0.0342102 12
      vertex 68 0 12
    endloop
  endfacet
  facet normal 0.065384 -0.99786 0
    outer loop
      vertex 68.5221 0.0342102 12
      vertex 68 0 0
      vertex 68.5221 0.0342102 0
    endloop
  endfacet
  facet normal -0.195101 -0.980783 0
    outer loop
      vertex 2.96472 0.136292 0
      vertex 3.47789 0.0342102 12
      vertex 2.96472 0.136292 12
    endloop
  endfacet
  facet normal -0.195101 -0.980783 -0
    outer loop
      vertex 3.47789 0.0342102 12
      vertex 2.96472 0.136292 0
      vertex 3.47789 0.0342102 0
    endloop
  endfacet
  facet normal 0.659328 -0.751855 0
    outer loop
      vertex 70.435 0.826584 0
      vertex 70.8284 1.17157 12
      vertex 70.435 0.826584 12
    endloop
  endfacet
  facet normal 0.659328 -0.751855 0
    outer loop
      vertex 70.8284 1.17157 12
      vertex 70.435 0.826584 0
      vertex 70.8284 1.17157 0
    endloop
  endfacet
  facet normal -0.99786 0.065384 0
    outer loop
      vertex 0 33 0
      vertex 0.0342102 33.5221 12
      vertex 0.0342102 33.5221 0
    endloop
  endfacet
  facet normal -0.99786 0.065384 0
    outer loop
      vertex 0.0342102 33.5221 12
      vertex 0 33 0
      vertex 0 33 12
    endloop
  endfacet
  facet normal -1 0 0
    outer loop
      vertex 0 33 0
      vertex 0 27.5 4
      vertex 0 33 12
    endloop
  endfacet
  facet normal -1 0 0
    outer loop
      vertex 0 4 0
      vertex 0 27.5 4
      vertex 0 33 0
    endloop
  endfacet
  facet normal -1 0 0
    outer loop
      vertex 0 4 12
      vertex 0 7.5 4
      vertex 0 4 0
    endloop
  endfacet
  facet normal -1 -0 0
    outer loop
      vertex 0 27.5 4
      vertex 0 4 0
      vertex 0 7.5 4
    endloop
  endfacet
  facet normal -1 0 0
    outer loop
      vertex 0 27.5 10.2
      vertex 0 33 12
      vertex 0 27.5 4
    endloop
  endfacet
  facet normal -1 0 0
    outer loop
      vertex 0 4 12
      vertex 0 27.5 10.2
      vertex 0 7.5 10.2
    endloop
  endfacet
  facet normal -1 0 0
    outer loop
      vertex 0 27.5 10.2
      vertex 0 4 12
      vertex 0 33 12
    endloop
  endfacet
  facet normal -1 0 0
    outer loop
      vertex 0 7.5 4
      vertex 0 4 12
      vertex 0 7.5 10.2
    endloop
  endfacet
  facet normal -0.659371 0.751817 0
    outer loop
      vertex 1.56494 36.1734 0
      vertex 1.17157 35.8284 12
      vertex 1.56494 36.1734 12
    endloop
  endfacet
  facet normal -0.659371 0.751817 0
    outer loop
      vertex 1.17157 35.8284 12
      vertex 1.56494 36.1734 0
      vertex 1.17157 35.8284 0
    endloop
  endfacet
  facet normal -0.831437 0.55562 0
    outer loop
      vertex 0.535889 35 0
      vertex 0.826584 35.435 12
      vertex 0.826584 35.435 0
    endloop
  endfacet
  facet normal -0.831437 0.55562 0
    outer loop
      vertex 0.826584 35.435 12
      vertex 0.535889 35 0
      vertex 0.535889 35 12
    endloop
  endfacet
  facet normal -0.751855 0.659328 0
    outer loop
      vertex 0.826584 35.435 0
      vertex 1.17157 35.8284 12
      vertex 1.17157 35.8284 0
    endloop
  endfacet
  facet normal -0.751855 0.659328 0
    outer loop
      vertex 1.17157 35.8284 12
      vertex 0.826584 35.435 0
      vertex 0.826584 35.435 12
    endloop
  endfacet
  facet normal -0.321427 -0.946934 0
    outer loop
      vertex 2.46925 0.304474 0
      vertex 2.96472 0.136292 12
      vertex 2.46925 0.304474 12
    endloop
  endfacet
  facet normal -0.321427 -0.946934 -0
    outer loop
      vertex 2.96472 0.136292 12
      vertex 2.46925 0.304474 0
      vertex 2.96472 0.136292 0
    endloop
  endfacet
  facet normal 0.997862 -0.0653634 0
    outer loop
      vertex 71.9658 3.47789 12
      vertex 72 4 0
      vertex 72 4 12
    endloop
  endfacet
  facet normal 0.997862 -0.0653634 0
    outer loop
      vertex 72 4 0
      vertex 71.9658 3.47789 12
      vertex 71.9658 3.47789 0
    endloop
  endfacet
  facet normal -0.946921 0.321468 0
    outer loop
      vertex 0.136292 34.0353 0
      vertex 0.304474 34.5307 12
      vertex 0.304474 34.5307 0
    endloop
  endfacet
  facet normal -0.946921 0.321468 0
    outer loop
      vertex 0.304474 34.5307 12
      vertex 0.136292 34.0353 0
      vertex 0.136292 34.0353 12
    endloop
  endfacet
  facet normal -0.195135 0.980776 0
    outer loop
      vertex 3.47789 36.9658 0
      vertex 2.96472 36.8637 12
      vertex 3.47789 36.9658 12
    endloop
  endfacet
  facet normal -0.195135 0.980776 0
    outer loop
      vertex 2.96472 36.8637 12
      vertex 3.47789 36.9658 0
      vertex 2.96472 36.8637 0
    endloop
  endfacet
  facet normal 0.831432 0.555626 0
    outer loop
      vertex 71.4641 35 12
      vertex 71.1734 35.435 0
      vertex 71.1734 35.435 12
    endloop
  endfacet
  facet normal 0.831432 0.555626 0
    outer loop
      vertex 71.1734 35.435 0
      vertex 71.4641 35 12
      vertex 71.4641 35 0
    endloop
  endfacet
  facet normal 0.19509 -0.980785 0
    outer loop
      vertex 68.5221 0.0342102 0
      vertex 69.0353 0.136292 12
      vertex 68.5221 0.0342102 12
    endloop
  endfacet
  facet normal 0.19509 -0.980785 0
    outer loop
      vertex 69.0353 0.136292 12
      vertex 68.5221 0.0342102 0
      vertex 69.0353 0.136292 0
    endloop
  endfacet
  facet normal 0.896898 0.442238 0
    outer loop
      vertex 71.6955 34.5307 12
      vertex 71.4641 35 0
      vertex 71.4641 35 12
    endloop
  endfacet
  facet normal 0.896898 0.442238 0
    outer loop
      vertex 71.4641 35 0
      vertex 71.6955 34.5307 12
      vertex 71.6955 34.5307 0
    endloop
  endfacet
  facet normal -0.896868 -0.442299 0
    outer loop
      vertex 0.535889 2 0
      vertex 0.304474 2.46925 12
      vertex 0.304474 2.46925 0
    endloop
  endfacet
  facet normal -0.896868 -0.442299 0
    outer loop
      vertex 0.304474 2.46925 12
      vertex 0.535889 2 0
      vertex 0.535889 2 12
    endloop
  endfacet
  facet normal -0.442276 0.896879 0
    outer loop
      vertex 2.46925 36.6955 0
      vertex 2 36.4641 12
      vertex 2.46925 36.6955 12
    endloop
  endfacet
  facet normal -0.442276 0.896879 0
    outer loop
      vertex 2 36.4641 12
      vertex 2.46925 36.6955 0
      vertex 2 36.4641 0
    endloop
  endfacet
  facet normal 0.997861 0.0653646 0
    outer loop
      vertex 72 33 12
      vertex 71.9658 33.5221 0
      vertex 71.9658 33.5221 12
    endloop
  endfacet
  facet normal 0.997861 0.0653646 0
    outer loop
      vertex 71.9658 33.5221 0
      vertex 72 33 12
      vertex 72 33 0
    endloop
  endfacet
  facet normal 0.55562 -0.831437 0
    outer loop
      vertex 70 0.535889 0
      vertex 70.435 0.826584 12
      vertex 70 0.535889 12
    endloop
  endfacet
  facet normal 0.55562 -0.831437 0
    outer loop
      vertex 70.435 0.826584 12
      vertex 70 0.535889 0
      vertex 70.435 0.826584 0
    endloop
  endfacet
  facet normal -0.0653634 0.997862 0
    outer loop
      vertex 4 37 0
      vertex 3.47789 36.9658 12
      vertex 4 37 12
    endloop
  endfacet
  facet normal -0.0653634 0.997862 0
    outer loop
      vertex 3.47789 36.9658 12
      vertex 4 37 0
      vertex 3.47789 36.9658 0
    endloop
  endfacet
  facet normal -0.0653828 -0.99786 0
    outer loop
      vertex 3.47789 0.0342102 0
      vertex 4 0 12
      vertex 3.47789 0.0342102 12
    endloop
  endfacet
  facet normal -0.0653828 -0.99786 -0
    outer loop
      vertex 4 0 12
      vertex 3.47789 0.0342102 0
      vertex 4 0 0
    endloop
  endfacet
  facet normal 0.0653646 0.997861 -0
    outer loop
      vertex 68.5221 36.9658 0
      vertex 68 37 12
      vertex 68.5221 36.9658 12
    endloop
  endfacet
  facet normal 0.0653646 0.997861 0
    outer loop
      vertex 68 37 12
      vertex 68.5221 36.9658 0
      vertex 68 37 0
    endloop
  endfacet
  facet normal -0.896886 0.442261 0
    outer loop
      vertex 0.304474 34.5307 0
      vertex 0.535889 35 12
      vertex 0.535889 35 0
    endloop
  endfacet
  facet normal -0.896886 0.442261 0
    outer loop
      vertex 0.535889 35 12
      vertex 0.304474 34.5307 0
      vertex 0.304474 34.5307 12
    endloop
  endfacet
  facet normal 0.751842 0.659343 0
    outer loop
      vertex 71.1734 35.435 12
      vertex 70.8284 35.8284 0
      vertex 70.8284 35.8284 12
    endloop
  endfacet
  facet normal 0.751842 0.659343 0
    outer loop
      vertex 70.8284 35.8284 0
      vertex 71.1734 35.435 12
      vertex 71.1734 35.435 0
    endloop
  endfacet
  facet normal 0.555626 0.831432 -0
    outer loop
      vertex 70.435 36.1734 0
      vertex 70 36.4641 12
      vertex 70.435 36.1734 12
    endloop
  endfacet
  facet normal 0.555626 0.831432 0
    outer loop
      vertex 70 36.4641 12
      vertex 70.435 36.1734 0
      vertex 70 36.4641 0
    endloop
  endfacet
  facet normal 0.195124 0.980779 -0
    outer loop
      vertex 69.0353 36.8637 0
      vertex 68.5221 36.9658 12
      vertex 69.0353 36.8637 12
    endloop
  endfacet
  facet normal 0.195124 0.980779 0
    outer loop
      vertex 68.5221 36.9658 12
      vertex 69.0353 36.8637 0
      vertex 68.5221 36.9658 0
    endloop
  endfacet
  facet normal 1 0 0
    outer loop
      vertex 72 27.5 4.5
      vertex 72 33 12
      vertex 72 27.5 10.5
    endloop
  endfacet
  facet normal 1 -0 0
    outer loop
      vertex 72 4 12
      vertex 72 27.5 10.5
      vertex 72 33 12
    endloop
  endfacet
  facet normal 1 0 0
    outer loop
      vertex 72 7.5 10.5
      vertex 72 4 12
      vertex 72 7.5 4.5
    endloop
  endfacet
  facet normal 1 0 0
    outer loop
      vertex 72 27.5 10.5
      vertex 72 4 12
      vertex 72 7.5 10.5
    endloop
  endfacet
  facet normal 1 0 0
    outer loop
      vertex 72 33 12
      vertex 72 27.5 4.5
      vertex 72 33 0
    endloop
  endfacet
  facet normal 1 0 0
    outer loop
      vertex 72 4 0
      vertex 72 27.5 4.5
      vertex 72 7.5 4.5
    endloop
  endfacet
  facet normal 1 0 0
    outer loop
      vertex 72 27.5 4.5
      vertex 72 4 0
      vertex 72 33 0
    endloop
  endfacet
  facet normal 1 0 0
    outer loop
      vertex 72 4 0
      vertex 72 7.5 4.5
      vertex 72 4 12
    endloop
  endfacet
  facet normal 0.94691 0.321498 0
    outer loop
      vertex 71.8637 34.0353 12
      vertex 71.6955 34.5307 0
      vertex 71.6955 34.5307 12
    endloop
  endfacet
  facet normal 0.94691 0.321498 0
    outer loop
      vertex 71.6955 34.5307 0
      vertex 71.8637 34.0353 12
      vertex 71.8637 34.0353 0
    endloop
  endfacet
  facet normal 0.442238 0.896898 -0
    outer loop
      vertex 70 36.4641 0
      vertex 69.5307 36.6955 12
      vertex 70 36.4641 12
    endloop
  endfacet
  facet normal 0.442238 0.896898 0
    outer loop
      vertex 69.5307 36.6955 12
      vertex 70 36.4641 0
      vertex 69.5307 36.6955 0
    endloop
  endfacet
  facet normal 0.321498 0.94691 -0
    outer loop
      vertex 69.5307 36.6955 0
      vertex 69.0353 36.8637 12
      vertex 69.5307 36.6955 12
    endloop
  endfacet
  facet normal 0.321498 0.94691 0
    outer loop
      vertex 69.0353 36.8637 12
      vertex 69.5307 36.6955 0
      vertex 69.0353 36.8637 0
    endloop
  endfacet
  facet normal -0.751831 -0.659356 0
    outer loop
      vertex 1.17157 1.17157 0
      vertex 0.826584 1.56494 12
      vertex 0.826584 1.56494 0
    endloop
  endfacet
  facet normal -0.751831 -0.659356 0
    outer loop
      vertex 0.826584 1.56494 12
      vertex 1.17157 1.17157 0
      vertex 1.17157 1.17157 12
    endloop
  endfacet
  facet normal 0.321468 -0.946921 0
    outer loop
      vertex 69.0353 0.136292 0
      vertex 69.5307 0.304474 12
      vertex 69.0353 0.136292 12
    endloop
  endfacet
  facet normal 0.321468 -0.946921 0
    outer loop
      vertex 69.5307 0.304474 12
      vertex 69.0353 0.136292 0
      vertex 69.5307 0.304474 0
    endloop
  endfacet
  facet normal -0.980785 0.19509 0
    outer loop
      vertex 0.0342102 33.5221 0
      vertex 0.136292 34.0353 12
      vertex 0.136292 34.0353 0
    endloop
  endfacet
  facet normal -0.980785 0.19509 0
    outer loop
      vertex 0.136292 34.0353 12
      vertex 0.0342102 33.5221 0
      vertex 0.0342102 33.5221 12
    endloop
  endfacet
  facet normal 0.442261 -0.896886 0
    outer loop
      vertex 69.5307 0.304474 0
      vertex 70 0.535889 12
      vertex 69.5307 0.304474 12
    endloop
  endfacet
  facet normal 0.442261 -0.896886 0
    outer loop
      vertex 70 0.535889 12
      vertex 69.5307 0.304474 0
      vertex 70 0.535889 0
    endloop
  endfacet
  facet normal -0.321458 0.946924 0
    outer loop
      vertex 2.96472 36.8637 0
      vertex 2.46925 36.6955 12
      vertex 2.96472 36.8637 12
    endloop
  endfacet
  facet normal -0.321458 0.946924 0
    outer loop
      vertex 2.46925 36.6955 12
      vertex 2.96472 36.8637 0
      vertex 2.46925 36.6955 0
    endloop
  endfacet
  facet normal -0.659356 -0.751831 0
    outer loop
      vertex 1.17157 1.17157 0
      vertex 1.56494 0.826584 12
      vertex 1.17157 1.17157 12
    endloop
  endfacet
  facet normal -0.659356 -0.751831 -0
    outer loop
      vertex 1.56494 0.826584 12
      vertex 1.17157 1.17157 0
      vertex 1.56494 0.826584 0
    endloop
  endfacet
  facet normal 0.946924 -0.321458 0
    outer loop
      vertex 71.6955 2.46925 12
      vertex 71.8637 2.96472 0
      vertex 71.8637 2.96472 12
    endloop
  endfacet
  facet normal 0.946924 -0.321458 0
    outer loop
      vertex 71.8637 2.96472 0
      vertex 71.6955 2.46925 12
      vertex 71.6955 2.46925 0
    endloop
  endfacet
  facet normal 0.659343 0.751842 -0
    outer loop
      vertex 70.8284 35.8284 0
      vertex 70.435 36.1734 12
      vertex 70.8284 35.8284 12
    endloop
  endfacet
  facet normal 0.659343 0.751842 0
    outer loop
      vertex 70.435 36.1734 12
      vertex 70.8284 35.8284 0
      vertex 70.435 36.1734 0
    endloop
  endfacet
  facet normal -0.555567 -0.831472 0
    outer loop
      vertex 1.56494 0.826584 0
      vertex 2 0.535889 12
      vertex 1.56494 0.826584 12
    endloop
  endfacet
  facet normal -0.555567 -0.831472 -0
    outer loop
      vertex 2 0.535889 12
      vertex 1.56494 0.826584 0
      vertex 2 0.535889 0
    endloop
  endfacet
  facet normal 0 0 1
    outer loop
      vertex 71.9658 33.5221 12
      vertex 69.9829 33.261 12
      vertex 70 33 12
    endloop
  endfacet
  facet normal 0 0 1
    outer loop
      vertex 70.435 36.1734 12
      vertex 69.9318 33.5176 12
      vertex 69.9829 33.261 12
    endloop
  endfacet
  facet normal 0 0 1
    outer loop
      vertex 70.435 36.1734 12
      vertex 69.8477 33.7654 12
      vertex 69.9318 33.5176 12
    endloop
  endfacet
  facet normal 0 0 1
    outer loop
      vertex 70.435 36.1734 12
      vertex 69.732 34 12
      vertex 69.8477 33.7654 12
    endloop
  endfacet
  facet normal 0 0 1
    outer loop
      vertex 70.435 36.1734 12
      vertex 69.5867 34.2175 12
      vertex 69.732 34 12
    endloop
  endfacet
  facet normal 0 0 1
    outer loop
      vertex 69 34.732 12
      vertex 70 36.4641 12
      vertex 69.5307 36.6955 12
    endloop
  endfacet
  facet normal 0 0 1
    outer loop
      vertex 70.435 36.1734 12
      vertex 69.4142 34.4142 12
      vertex 69.5867 34.2175 12
    endloop
  endfacet
  facet normal 0 0 1
    outer loop
      vertex 70.435 36.1734 12
      vertex 69.2175 34.5867 12
      vertex 69.4142 34.4142 12
    endloop
  endfacet
  facet normal 0 0 1
    outer loop
      vertex 68.7654 34.8477 12
      vertex 69.5307 36.6955 12
      vertex 69.0353 36.8637 12
    endloop
  endfacet
  facet normal 0 0 1
    outer loop
      vertex 70 36.4641 12
      vertex 69 34.732 12
      vertex 69.2175 34.5867 12
    endloop
  endfacet
  facet normal 0 0 1
    outer loop
      vertex 69.5307 36.6955 12
      vertex 68.7654 34.8477 12
      vertex 69 34.732 12
    endloop
  endfacet
  facet normal 0 0 1
    outer loop
      vertex 68.5176 34.9318 12
      vertex 69.0353 36.8637 12
      vertex 68.5221 36.9658 12
    endloop
  endfacet
  facet normal 0 0 1
    outer loop
      vertex 69.0353 36.8637 12
      vertex 68.5176 34.9318 12
      vertex 68.7654 34.8477 12
    endloop
  endfacet
  facet normal 0 0 1
    outer loop
      vertex 68.5221 36.9658 12
      vertex 68.261 34.9829 12
      vertex 68.5176 34.9318 12
    endloop
  endfacet
  facet normal 0 0 1
    outer loop
      vertex 68 37 12
      vertex 68.261 34.9829 12
      vertex 68.5221 36.9658 12
    endloop
  endfacet
  facet normal 0 0 1
    outer loop
      vertex 68 37 12
      vertex 68 35 12
      vertex 68.261 34.9829 12
    endloop
  endfacet
  facet normal -0 0 1
    outer loop
      vertex 4 37 12
      vertex 68 35 12
      vertex 68 37 12
    endloop
  endfacet
  facet normal 0 0 1
    outer loop
      vertex 4 37 12
      vertex 4 35 12
      vertex 68 35 12
    endloop
  endfacet
  facet normal 0 0 1
    outer loop
      vertex 4 37 12
      vertex 3.73894 34.9829 12
      vertex 4 35 12
    endloop
  endfacet
  facet normal -0 0 1
    outer loop
      vertex 3.47789 36.9658 12
      vertex 3.73894 34.9829 12
      vertex 4 37 12
    endloop
  endfacet
  facet normal 0 0 1
    outer loop
      vertex 3.73894 34.9829 12
      vertex 3.47789 36.9658 12
      vertex 3.48236 34.9318 12
    endloop
  endfacet
  facet normal -0 0 1
    outer loop
      vertex 2.96472 36.8637 12
      vertex 3.48236 34.9318 12
      vertex 3.47789 36.9658 12
    endloop
  endfacet
  facet normal 0 0 1
    outer loop
      vertex 3.48236 34.9318 12
      vertex 2.96472 36.8637 12
      vertex 3.23462 34.8477 12
    endloop
  endfacet
  facet normal -0 0 1
    outer loop
      vertex 2.46925 36.6955 12
      vertex 3.23462 34.8477 12
      vertex 2.96472 36.8637 12
    endloop
  endfacet
  facet normal 0 0 1
    outer loop
      vertex 3.23462 34.8477 12
      vertex 2.46925 36.6955 12
      vertex 3 34.732 12
    endloop
  endfacet
  facet normal -0 0 1
    outer loop
      vertex 2 36.4641 12
      vertex 3 34.732 12
      vertex 2.46925 36.6955 12
    endloop
  endfacet
  facet normal 0 0 1
    outer loop
      vertex 3 34.732 12
      vertex 2 36.4641 12
      vertex 2.78247 34.5867 12
    endloop
  endfacet
  facet normal -0 0 1
    outer loop
      vertex 1.56494 36.1734 12
      vertex 2.78247 34.5867 12
      vertex 2 36.4641 12
    endloop
  endfacet
  facet normal 0 0 1
    outer loop
      vertex 2.78247 34.5867 12
      vertex 1.56494 36.1734 12
      vertex 2.58578 34.4142 12
    endloop
  endfacet
  facet normal -0 0 1
    outer loop
      vertex 1.17157 35.8284 12
      vertex 2.58578 34.4142 12
      vertex 1.56494 36.1734 12
    endloop
  endfacet
  facet normal 0 0 1
    outer loop
      vertex 2.58578 34.4142 12
      vertex 1.17157 35.8284 12
      vertex 2.41328 34.2175 12
    endloop
  endfacet
  facet normal -0 0 1
    outer loop
      vertex 0.826584 35.435 12
      vertex 2.41328 34.2175 12
      vertex 1.17157 35.8284 12
    endloop
  endfacet
  facet normal 0 0 1
    outer loop
      vertex 2.41328 34.2175 12
      vertex 0.826584 35.435 12
      vertex 2.26794 34 12
    endloop
  endfacet
  facet normal -0 0 1
    outer loop
      vertex 0.535889 35 12
      vertex 2.26794 34 12
      vertex 0.826584 35.435 12
    endloop
  endfacet
  facet normal 0 0 1
    outer loop
      vertex 2.26794 34 12
      vertex 0.535889 35 12
      vertex 2.15224 33.7654 12
    endloop
  endfacet
  facet normal 0 0 1
    outer loop
      vertex 2 33 12
      vertex 0 33 12
      vertex 2 4 12
    endloop
  endfacet
  facet normal -0 0 1
    outer loop
      vertex 0.304474 34.5307 12
      vertex 2.15224 33.7654 12
      vertex 0.535889 35 12
    endloop
  endfacet
  facet normal 0 0 1
    outer loop
      vertex 0 4 12
      vertex 2 4 12
      vertex 0 33 12
    endloop
  endfacet
  facet normal 0 0 1
    outer loop
      vertex 2.15224 33.7654 12
      vertex 0.304474 34.5307 12
      vertex 2.06815 33.5176 12
    endloop
  endfacet
  facet normal 0 -0 1
    outer loop
      vertex 0.0342102 3.47789 12
      vertex 2 4 12
      vertex 0 4 12
    endloop
  endfacet
  facet normal -0 0 1
    outer loop
      vertex 0.136292 34.0353 12
      vertex 2.06815 33.5176 12
      vertex 0.304474 34.5307 12
    endloop
  endfacet
  facet normal 0 0 1
    outer loop
      vertex 2 4 12
      vertex 1.56494 0.826584 12
      vertex 2 0.535889 12
    endloop
  endfacet
  facet normal 0 0 1
    outer loop
      vertex 2.06815 33.5176 12
      vertex 0.136292 34.0353 12
      vertex 2.01711 33.261 12
    endloop
  endfacet
  facet normal 0 0 1
    outer loop
      vertex 2 4 12
      vertex 1.17157 1.17157 12
      vertex 1.56494 0.826584 12
    endloop
  endfacet
  facet normal -0 0 1
    outer loop
      vertex 0.0342102 33.5221 12
      vertex 2.01711 33.261 12
      vertex 0.136292 34.0353 12
    endloop
  endfacet
  facet normal 0 0 1
    outer loop
      vertex 2 4 12
      vertex 0.826584 1.56494 12
      vertex 1.17157 1.17157 12
    endloop
  endfacet
  facet normal 0 0 1
    outer loop
      vertex 2.01711 33.261 12
      vertex 0.0342102 33.5221 12
      vertex 2 33 12
    endloop
  endfacet
  facet normal 0 0 1
    outer loop
      vertex 2 4 12
      vertex 0.535889 2 12
      vertex 0.826584 1.56494 12
    endloop
  endfacet
  facet normal 0 0 1
    outer loop
      vertex 2 33 12
      vertex 0.0342102 33.5221 12
      vertex 0 33 12
    endloop
  endfacet
  facet normal 0 0 1
    outer loop
      vertex 2 4 12
      vertex 0.304474 2.46925 12
      vertex 0.535889 2 12
    endloop
  endfacet
  facet normal 0 0 1
    outer loop
      vertex 2 4 12
      vertex 0.136292 2.96472 12
      vertex 0.304474 2.46925 12
    endloop
  endfacet
  facet normal 0 0 1
    outer loop
      vertex 2 4 12
      vertex 0.0342102 3.47789 12
      vertex 0.136292 2.96472 12
    endloop
  endfacet
  facet normal 0 0 1
    outer loop
      vertex 70 33 12
      vertex 72 33 12
      vertex 71.9658 33.5221 12
    endloop
  endfacet
  facet normal 0 0 1
    outer loop
      vertex 72 33 12
      vertex 70 33 12
      vertex 72 4 12
    endloop
  endfacet
  facet normal 0 0 1
    outer loop
      vertex 69.9829 33.261 12
      vertex 71.9658 33.5221 12
      vertex 71.8637 34.0353 12
    endloop
  endfacet
  facet normal 0 0 1
    outer loop
      vertex 70 4 12
      vertex 72 4 12
      vertex 70 33 12
    endloop
  endfacet
  facet normal 0 0 1
    outer loop
      vertex 69.9829 33.261 12
      vertex 71.8637 34.0353 12
      vertex 71.6955 34.5307 12
    endloop
  endfacet
  facet normal 0 0 1
    outer loop
      vertex 72 4 12
      vertex 70 4 12
      vertex 71.9658 3.47789 12
    endloop
  endfacet
  facet normal 0 0 1
    outer loop
      vertex 69.9829 33.261 12
      vertex 71.6955 34.5307 12
      vertex 71.4641 35 12
    endloop
  endfacet
  facet normal -0 0 1
    outer loop
      vertex 69.9829 3.73894 12
      vertex 71.9658 3.47789 12
      vertex 70 4 12
    endloop
  endfacet
  facet normal 0 0 1
    outer loop
      vertex 69.9829 33.261 12
      vertex 71.4641 35 12
      vertex 71.1734 35.435 12
    endloop
  endfacet
  facet normal 0 0 1
    outer loop
      vertex 71.9658 3.47789 12
      vertex 69.9829 3.73894 12
      vertex 71.8637 2.96472 12
    endloop
  endfacet
  facet normal 0 0 1
    outer loop
      vertex 69.9829 33.261 12
      vertex 71.1734 35.435 12
      vertex 70.8284 35.8284 12
    endloop
  endfacet
  facet normal -0 0 1
    outer loop
      vertex 69.9318 3.48236 12
      vertex 71.8637 2.96472 12
      vertex 69.9829 3.73894 12
    endloop
  endfacet
  facet normal 0 0 1
    outer loop
      vertex 69.9829 33.261 12
      vertex 70.8284 35.8284 12
      vertex 70.435 36.1734 12
    endloop
  endfacet
  facet normal 0 0 1
    outer loop
      vertex 71.8637 2.96472 12
      vertex 69.9318 3.48236 12
      vertex 71.6955 2.46925 12
    endloop
  endfacet
  facet normal 0 0 1
    outer loop
      vertex 69.2175 34.5867 12
      vertex 70.435 36.1734 12
      vertex 70 36.4641 12
    endloop
  endfacet
  facet normal -0 0 1
    outer loop
      vertex 69.8477 3.23462 12
      vertex 71.6955 2.46925 12
      vertex 69.9318 3.48236 12
    endloop
  endfacet
  facet normal 0 0 1
    outer loop
      vertex 71.6955 2.46925 12
      vertex 69.8477 3.23462 12
      vertex 71.4641 2 12
    endloop
  endfacet
  facet normal -0 0 1
    outer loop
      vertex 69.732 3 12
      vertex 71.4641 2 12
      vertex 69.8477 3.23462 12
    endloop
  endfacet
  facet normal 0 0 1
    outer loop
      vertex 71.4641 2 12
      vertex 69.732 3 12
      vertex 71.1734 1.56494 12
    endloop
  endfacet
  facet normal -0 0 1
    outer loop
      vertex 69.5867 2.78247 12
      vertex 71.1734 1.56494 12
      vertex 69.732 3 12
    endloop
  endfacet
  facet normal 0 0 1
    outer loop
      vertex 71.1734 1.56494 12
      vertex 69.5867 2.78247 12
      vertex 70.8284 1.17157 12
    endloop
  endfacet
  facet normal -0 0 1
    outer loop
      vertex 69.4142 2.58578 12
      vertex 70.8284 1.17157 12
      vertex 69.5867 2.78247 12
    endloop
  endfacet
  facet normal 0 0 1
    outer loop
      vertex 70.8284 1.17157 12
      vertex 69.4142 2.58578 12
      vertex 70.435 0.826584 12
    endloop
  endfacet
  facet normal -0 0 1
    outer loop
      vertex 69.2175 2.41328 12
      vertex 70.435 0.826584 12
      vertex 69.4142 2.58578 12
    endloop
  endfacet
  facet normal 0 0 1
    outer loop
      vertex 70.435 0.826584 12
      vertex 69.2175 2.41328 12
      vertex 70 0.535889 12
    endloop
  endfacet
  facet normal -0 0 1
    outer loop
      vertex 69 2.26794 12
      vertex 70 0.535889 12
      vertex 69.2175 2.41328 12
    endloop
  endfacet
  facet normal 0 0 1
    outer loop
      vertex 70 0.535889 12
      vertex 69 2.26794 12
      vertex 69.5307 0.304474 12
    endloop
  endfacet
  facet normal -0 0 1
    outer loop
      vertex 68.7654 2.15224 12
      vertex 69.5307 0.304474 12
      vertex 69 2.26794 12
    endloop
  endfacet
  facet normal 0 0 1
    outer loop
      vertex 69.5307 0.304474 12
      vertex 68.7654 2.15224 12
      vertex 69.0353 0.136292 12
    endloop
  endfacet
  facet normal -0 0 1
    outer loop
      vertex 68.5176 2.06815 12
      vertex 69.0353 0.136292 12
      vertex 68.7654 2.15224 12
    endloop
  endfacet
  facet normal 0 0 1
    outer loop
      vertex 69.0353 0.136292 12
      vertex 68.5176 2.06815 12
      vertex 68.5221 0.0342102 12
    endloop
  endfacet
  facet normal -0 0 1
    outer loop
      vertex 68.261 2.01711 12
      vertex 68.5221 0.0342102 12
      vertex 68.5176 2.06815 12
    endloop
  endfacet
  facet normal -0 0 1
    outer loop
      vertex 68 2 12
      vertex 68.5221 0.0342102 12
      vertex 68.261 2.01711 12
    endloop
  endfacet
  facet normal 0 0 1
    outer loop
      vertex 68 2 12
      vertex 68 0 12
      vertex 68.5221 0.0342102 12
    endloop
  endfacet
  facet normal -0 0 1
    outer loop
      vertex 4 2 12
      vertex 68 0 12
      vertex 68 2 12
    endloop
  endfacet
  facet normal 0 0 1
    outer loop
      vertex 4 2 12
      vertex 4 0 12
      vertex 68 0 12
    endloop
  endfacet
  facet normal 0 0 1
    outer loop
      vertex 3.73894 2.01711 12
      vertex 4 0 12
      vertex 4 2 12
    endloop
  endfacet
  facet normal 0 0 1
    outer loop
      vertex 3.47789 0.0342102 12
      vertex 3.73894 2.01711 12
      vertex 3.48236 2.06815 12
    endloop
  endfacet
  facet normal 0 0 1
    outer loop
      vertex 3.73894 2.01711 12
      vertex 3.47789 0.0342102 12
      vertex 4 0 12
    endloop
  endfacet
  facet normal 0 0 1
    outer loop
      vertex 2.96472 0.136292 12
      vertex 3.48236 2.06815 12
      vertex 3.23462 2.15224 12
    endloop
  endfacet
  facet normal 0 0 1
    outer loop
      vertex 2.46925 0.304474 12
      vertex 3.23462 2.15224 12
      vertex 3 2.26794 12
    endloop
  endfacet
  facet normal 0 0 1
    outer loop
      vertex 3.48236 2.06815 12
      vertex 2.96472 0.136292 12
      vertex 3.47789 0.0342102 12
    endloop
  endfacet
  facet normal 0 0 1
    outer loop
      vertex 2 0.535889 12
      vertex 3 2.26794 12
      vertex 2.78247 2.41328 12
    endloop
  endfacet
  facet normal 0 0 1
    outer loop
      vertex 2 0.535889 12
      vertex 2.78247 2.41328 12
      vertex 2.58578 2.58578 12
    endloop
  endfacet
  facet normal 0 0 1
    outer loop
      vertex 3.23462 2.15224 12
      vertex 2.46925 0.304474 12
      vertex 2.96472 0.136292 12
    endloop
  endfacet
  facet normal 0 0 1
    outer loop
      vertex 2 0.535889 12
      vertex 2.58578 2.58578 12
      vertex 2.41328 2.78247 12
    endloop
  endfacet
  facet normal 0 0 1
    outer loop
      vertex 2 0.535889 12
      vertex 2.41328 2.78247 12
      vertex 2.26794 3 12
    endloop
  endfacet
  facet normal 0 0 1
    outer loop
      vertex 2 0.535889 12
      vertex 2.26794 3 12
      vertex 2.15224 3.23462 12
    endloop
  endfacet
  facet normal 0 0 1
    outer loop
      vertex 2 0.535889 12
      vertex 2.15224 3.23462 12
      vertex 2.06815 3.48236 12
    endloop
  endfacet
  facet normal 0 0 1
    outer loop
      vertex 2 0.535889 12
      vertex 2.06815 3.48236 12
      vertex 2.01711 3.73894 12
    endloop
  endfacet
  facet normal 0 0 1
    outer loop
      vertex 3 2.26794 12
      vertex 2 0.535889 12
      vertex 2.46925 0.304474 12
    endloop
  endfacet
  facet normal 0 0 1
    outer loop
      vertex 2 0.535889 12
      vertex 2.01711 3.73894 12
      vertex 2 4 12
    endloop
  endfacet
  facet normal 0.896879 -0.442276 0
    outer loop
      vertex 71.4641 2 12
      vertex 71.6955 2.46925 0
      vertex 71.6955 2.46925 12
    endloop
  endfacet
  facet normal 0.896879 -0.442276 0
    outer loop
      vertex 71.6955 2.46925 0
      vertex 71.4641 2 12
      vertex 71.4641 2 0
    endloop
  endfacet
  facet normal -0.442299 -0.896868 0
    outer loop
      vertex 2 0.535889 0
      vertex 2.46925 0.304474 12
      vertex 2 0.535889 12
    endloop
  endfacet
  facet normal -0.442299 -0.896868 -0
    outer loop
      vertex 2.46925 0.304474 12
      vertex 2 0.535889 0
      vertex 2.46925 0.304474 0
    endloop
  endfacet
  facet normal -0.195072 -0.980789 0
    outer loop
      vertex 18.248 -2.11625 0
      vertex 18.4918 -2.16474 2
      vertex 18.248 -2.11625 2
    endloop
  endfacet
  facet normal -0.195072 -0.980789 -0
    outer loop
      vertex 18.4918 -2.16474 2
      vertex 18.248 -2.11625 0
      vertex 18.4918 -2.16474 0
    endloop
  endfacet
  facet normal -0.980852 -0.194754 0
    outer loop
      vertex 19.8837 -3.752 0
      vertex 19.8353 -3.50824 2
      vertex 19.8353 -3.50824 0
    endloop
  endfacet
  facet normal -0.980852 -0.194754 0
    outer loop
      vertex 19.8353 -3.50824 2
      vertex 19.8837 -3.752 0
      vertex 19.8837 -3.752 2
    endloop
  endfacet
  facet normal -0.997847 -0.0655843 0
    outer loop
      vertex 19.9 -4 0
      vertex 19.8837 -3.752 2
      vertex 19.8837 -3.752 0
    endloop
  endfacet
  facet normal -0.997847 -0.0655843 0
    outer loop
      vertex 19.8837 -3.752 2
      vertex 19.9 -4 0
      vertex 19.9 -4 2
    endloop
  endfacet
  facet normal -0.946914 -0.321486 0
    outer loop
      vertex 19.8353 -3.50824 0
      vertex 19.7554 -3.2729 2
      vertex 19.7554 -3.2729 0
    endloop
  endfacet
  facet normal -0.946914 -0.321486 0
    outer loop
      vertex 19.7554 -3.2729 2
      vertex 19.8353 -3.50824 0
      vertex 19.8353 -3.50824 2
    endloop
  endfacet
  facet normal -0.831617 -0.55535 0
    outer loop
      vertex 19.6454 -3.05 0
      vertex 19.5074 -2.84335 2
      vertex 19.5074 -2.84335 0
    endloop
  endfacet
  facet normal -0.831617 -0.55535 0
    outer loop
      vertex 19.5074 -2.84335 2
      vertex 19.6454 -3.05 0
      vertex 19.6454 -3.05 2
    endloop
  endfacet
  facet normal -0.321499 -0.94691 0
    outer loop
      vertex 18.4918 -2.16474 0
      vertex 18.7271 -2.24463 2
      vertex 18.4918 -2.16474 2
    endloop
  endfacet
  facet normal -0.321499 -0.94691 -0
    outer loop
      vertex 18.7271 -2.24463 2
      vertex 18.4918 -2.16474 0
      vertex 18.7271 -2.24463 0
    endloop
  endfacet
  facet normal 0.980852 0.194754 0
    outer loop
      vertex 16.1647 -4.49176 2
      vertex 16.1163 -4.248 0
      vertex 16.1163 -4.248 2
    endloop
  endfacet
  facet normal 0.980852 0.194754 0
    outer loop
      vertex 16.1163 -4.248 0
      vertex 16.1647 -4.49176 2
      vertex 16.1647 -4.49176 0
    endloop
  endfacet
  facet normal -0.997847 0.0655843 0
    outer loop
      vertex 19.8837 -4.248 0
      vertex 19.9 -4 2
      vertex 19.9 -4 0
    endloop
  endfacet
  facet normal -0.997847 0.0655843 0
    outer loop
      vertex 19.9 -4 2
      vertex 19.8837 -4.248 0
      vertex 19.8837 -4.248 2
    endloop
  endfacet
  facet normal 0.555666 0.831406 -0
    outer loop
      vertex 17.05 -5.64545 0
      vertex 16.8434 -5.50737 2
      vertex 17.05 -5.64545 2
    endloop
  endfacet
  facet normal 0.555666 0.831406 0
    outer loop
      vertex 16.8434 -5.50737 2
      vertex 17.05 -5.64545 0
      vertex 16.8434 -5.50737 0
    endloop
  endfacet
  facet normal 0.997847 0.0655843 0
    outer loop
      vertex 16.1163 -4.248 2
      vertex 16.1 -4 0
      vertex 16.1 -4 2
    endloop
  endfacet
  facet normal 0.997847 0.0655843 0
    outer loop
      vertex 16.1 -4 0
      vertex 16.1163 -4.248 2
      vertex 16.1163 -4.248 0
    endloop
  endfacet
  facet normal 0.321499 0.94691 -0
    outer loop
      vertex 17.5082 -5.83526 0
      vertex 17.2729 -5.75537 2
      vertex 17.5082 -5.83526 2
    endloop
  endfacet
  facet normal 0.321499 0.94691 0
    outer loop
      vertex 17.2729 -5.75537 2
      vertex 17.5082 -5.83526 0
      vertex 17.2729 -5.75537 0
    endloop
  endfacet
  facet normal -0.896748 -0.442541 0
    outer loop
      vertex 19.7554 -3.2729 0
      vertex 19.6454 -3.05 2
      vertex 19.6454 -3.05 0
    endloop
  endfacet
  facet normal -0.896748 -0.442541 0
    outer loop
      vertex 19.6454 -3.05 2
      vertex 19.7554 -3.2729 0
      vertex 19.7554 -3.2729 2
    endloop
  endfacet
  facet normal -0.751766 -0.65943 0
    outer loop
      vertex 19.5074 -2.84335 0
      vertex 19.3435 -2.6565 2
      vertex 19.3435 -2.6565 0
    endloop
  endfacet
  facet normal -0.751766 -0.65943 0
    outer loop
      vertex 19.3435 -2.6565 2
      vertex 19.5074 -2.84335 0
      vertex 19.5074 -2.84335 2
    endloop
  endfacet
  facet normal -0.946914 0.321486 0
    outer loop
      vertex 19.7554 -4.7271 0
      vertex 19.8353 -4.49176 2
      vertex 19.8353 -4.49176 0
    endloop
  endfacet
  facet normal -0.946914 0.321486 0
    outer loop
      vertex 19.8353 -4.49176 2
      vertex 19.7554 -4.7271 0
      vertex 19.7554 -4.7271 2
    endloop
  endfacet
  facet normal 0.751766 0.65943 0
    outer loop
      vertex 16.6565 -5.3435 2
      vertex 16.4926 -5.15665 0
      vertex 16.4926 -5.15665 2
    endloop
  endfacet
  facet normal 0.751766 0.65943 0
    outer loop
      vertex 16.4926 -5.15665 0
      vertex 16.6565 -5.3435 2
      vertex 16.6565 -5.3435 0
    endloop
  endfacet
  facet normal -0.980852 0.194754 0
    outer loop
      vertex 19.8353 -4.49176 0
      vertex 19.8837 -4.248 2
      vertex 19.8837 -4.248 0
    endloop
  endfacet
  facet normal -0.980852 0.194754 0
    outer loop
      vertex 19.8837 -4.248 2
      vertex 19.8353 -4.49176 0
      vertex 19.8353 -4.49176 2
    endloop
  endfacet
  facet normal -0.065384 0.99786 0
    outer loop
      vertex 18.248 -5.88375 0
      vertex 18 -5.9 2
      vertex 18.248 -5.88375 2
    endloop
  endfacet
  facet normal -0.065384 0.99786 0
    outer loop
      vertex 18 -5.9 2
      vertex 18.248 -5.88375 0
      vertex 18 -5.9 0
    endloop
  endfacet
  facet normal 0.946914 0.321486 0
    outer loop
      vertex 16.2446 -4.7271 2
      vertex 16.1647 -4.49176 0
      vertex 16.1647 -4.49176 2
    endloop
  endfacet
  facet normal 0.946914 0.321486 0
    outer loop
      vertex 16.1647 -4.49176 0
      vertex 16.2446 -4.7271 2
      vertex 16.2446 -4.7271 0
    endloop
  endfacet
  facet normal -0.831617 0.55535 0
    outer loop
      vertex 19.5074 -5.15665 0
      vertex 19.6454 -4.95 2
      vertex 19.6454 -4.95 0
    endloop
  endfacet
  facet normal -0.831617 0.55535 0
    outer loop
      vertex 19.6454 -4.95 2
      vertex 19.5074 -5.15665 0
      vertex 19.5074 -5.15665 2
    endloop
  endfacet
  facet normal -0.442282 -0.896876 0
    outer loop
      vertex 18.7271 -2.24463 0
      vertex 18.95 -2.35455 2
      vertex 18.7271 -2.24463 2
    endloop
  endfacet
  facet normal -0.442282 -0.896876 -0
    outer loop
      vertex 18.95 -2.35455 2
      vertex 18.7271 -2.24463 0
      vertex 18.95 -2.35455 0
    endloop
  endfacet
  facet normal 0.442282 -0.896876 0
    outer loop
      vertex 17.05 -2.35455 0
      vertex 17.2729 -2.24463 2
      vertex 17.05 -2.35455 2
    endloop
  endfacet
  facet normal 0.442282 -0.896876 0
    outer loop
      vertex 17.2729 -2.24463 2
      vertex 17.05 -2.35455 0
      vertex 17.2729 -2.24463 0
    endloop
  endfacet
  facet normal -0.442282 0.896876 0
    outer loop
      vertex 18.95 -5.64545 0
      vertex 18.7271 -5.75537 2
      vertex 18.95 -5.64545 2
    endloop
  endfacet
  facet normal -0.442282 0.896876 0
    outer loop
      vertex 18.7271 -5.75537 2
      vertex 18.95 -5.64545 0
      vertex 18.7271 -5.75537 0
    endloop
  endfacet
  facet normal -0.321499 0.94691 0
    outer loop
      vertex 18.7271 -5.75537 0
      vertex 18.4918 -5.83526 2
      vertex 18.7271 -5.75537 2
    endloop
  endfacet
  facet normal -0.321499 0.94691 0
    outer loop
      vertex 18.4918 -5.83526 2
      vertex 18.7271 -5.75537 0
      vertex 18.4918 -5.83526 0
    endloop
  endfacet
  facet normal 0.195072 0.980789 -0
    outer loop
      vertex 17.752 -5.88375 0
      vertex 17.5082 -5.83526 2
      vertex 17.752 -5.88375 2
    endloop
  endfacet
  facet normal 0.195072 0.980789 0
    outer loop
      vertex 17.5082 -5.83526 2
      vertex 17.752 -5.88375 0
      vertex 17.5082 -5.83526 0
    endloop
  endfacet
  facet normal 0.946914 -0.321486 0
    outer loop
      vertex 16.1647 -3.50824 2
      vertex 16.2446 -3.2729 0
      vertex 16.2446 -3.2729 2
    endloop
  endfacet
  facet normal 0.946914 -0.321486 0
    outer loop
      vertex 16.2446 -3.2729 0
      vertex 16.1647 -3.50824 2
      vertex 16.1647 -3.50824 0
    endloop
  endfacet
  facet normal 0.195072 -0.980789 0
    outer loop
      vertex 17.5082 -2.16474 0
      vertex 17.752 -2.11625 2
      vertex 17.5082 -2.16474 2
    endloop
  endfacet
  facet normal 0.195072 -0.980789 0
    outer loop
      vertex 17.752 -2.11625 2
      vertex 17.5082 -2.16474 0
      vertex 17.752 -2.11625 0
    endloop
  endfacet
  facet normal 0.555666 -0.831406 0
    outer loop
      vertex 16.8434 -2.49263 0
      vertex 17.05 -2.35455 2
      vertex 16.8434 -2.49263 2
    endloop
  endfacet
  facet normal 0.555666 -0.831406 0
    outer loop
      vertex 17.05 -2.35455 2
      vertex 16.8434 -2.49263 0
      vertex 17.05 -2.35455 0
    endloop
  endfacet
  facet normal -0.555666 0.831406 0
    outer loop
      vertex 19.1566 -5.50737 0
      vertex 18.95 -5.64545 2
      vertex 19.1566 -5.50737 2
    endloop
  endfacet
  facet normal -0.555666 0.831406 0
    outer loop
      vertex 18.95 -5.64545 2
      vertex 19.1566 -5.50737 0
      vertex 18.95 -5.64545 0
    endloop
  endfacet
  facet normal -0.195072 0.980789 0
    outer loop
      vertex 18.4918 -5.83526 0
      vertex 18.248 -5.88375 2
      vertex 18.4918 -5.83526 2
    endloop
  endfacet
  facet normal -0.195072 0.980789 0
    outer loop
      vertex 18.248 -5.88375 2
      vertex 18.4918 -5.83526 0
      vertex 18.248 -5.88375 0
    endloop
  endfacet
  facet normal 0.896748 -0.442541 0
    outer loop
      vertex 16.2446 -3.2729 2
      vertex 16.3546 -3.05 0
      vertex 16.3546 -3.05 2
    endloop
  endfacet
  facet normal 0.896748 -0.442541 0
    outer loop
      vertex 16.3546 -3.05 0
      vertex 16.2446 -3.2729 2
      vertex 16.2446 -3.2729 0
    endloop
  endfacet
  facet normal -0.659262 -0.751913 0
    outer loop
      vertex 19.1566 -2.49263 0
      vertex 19.3435 -2.6565 2
      vertex 19.1566 -2.49263 2
    endloop
  endfacet
  facet normal -0.659262 -0.751913 -0
    outer loop
      vertex 19.3435 -2.6565 2
      vertex 19.1566 -2.49263 0
      vertex 19.3435 -2.6565 0
    endloop
  endfacet
  facet normal 0.831617 -0.55535 0
    outer loop
      vertex 16.3546 -3.05 2
      vertex 16.4926 -2.84335 0
      vertex 16.4926 -2.84335 2
    endloop
  endfacet
  facet normal 0.831617 -0.55535 0
    outer loop
      vertex 16.4926 -2.84335 0
      vertex 16.3546 -3.05 2
      vertex 16.3546 -3.05 0
    endloop
  endfacet
  facet normal 0.065384 0.99786 -0
    outer loop
      vertex 18 -5.9 0
      vertex 17.752 -5.88375 2
      vertex 18 -5.9 2
    endloop
  endfacet
  facet normal 0.065384 0.99786 0
    outer loop
      vertex 17.752 -5.88375 2
      vertex 18 -5.9 0
      vertex 17.752 -5.88375 0
    endloop
  endfacet
  facet normal 0.659262 -0.751913 0
    outer loop
      vertex 16.6565 -2.6565 0
      vertex 16.8434 -2.49263 2
      vertex 16.6565 -2.6565 2
    endloop
  endfacet
  facet normal 0.659262 -0.751913 0
    outer loop
      vertex 16.8434 -2.49263 2
      vertex 16.6565 -2.6565 0
      vertex 16.8434 -2.49263 0
    endloop
  endfacet
  facet normal 0.659262 0.751913 -0
    outer loop
      vertex 16.8434 -5.50737 0
      vertex 16.6565 -5.3435 2
      vertex 16.8434 -5.50737 2
    endloop
  endfacet
  facet normal 0.659262 0.751913 0
    outer loop
      vertex 16.6565 -5.3435 2
      vertex 16.8434 -5.50737 0
      vertex 16.6565 -5.3435 0
    endloop
  endfacet
  facet normal 0.751766 -0.65943 0
    outer loop
      vertex 16.4926 -2.84335 2
      vertex 16.6565 -2.6565 0
      vertex 16.6565 -2.6565 2
    endloop
  endfacet
  facet normal 0.751766 -0.65943 0
    outer loop
      vertex 16.6565 -2.6565 0
      vertex 16.4926 -2.84335 2
      vertex 16.4926 -2.84335 0
    endloop
  endfacet
  facet normal -0.751766 0.65943 0
    outer loop
      vertex 19.3435 -5.3435 0
      vertex 19.5074 -5.15665 2
      vertex 19.5074 -5.15665 0
    endloop
  endfacet
  facet normal -0.751766 0.65943 0
    outer loop
      vertex 19.5074 -5.15665 2
      vertex 19.3435 -5.3435 0
      vertex 19.3435 -5.3435 2
    endloop
  endfacet
  facet normal -0.896748 0.442541 0
    outer loop
      vertex 19.6454 -4.95 0
      vertex 19.7554 -4.7271 2
      vertex 19.7554 -4.7271 0
    endloop
  endfacet
  facet normal -0.896748 0.442541 0
    outer loop
      vertex 19.7554 -4.7271 2
      vertex 19.6454 -4.95 0
      vertex 19.6454 -4.95 2
    endloop
  endfacet
  facet normal 0.980852 -0.194754 0
    outer loop
      vertex 16.1163 -3.752 2
      vertex 16.1647 -3.50824 0
      vertex 16.1647 -3.50824 2
    endloop
  endfacet
  facet normal 0.980852 -0.194754 0
    outer loop
      vertex 16.1647 -3.50824 0
      vertex 16.1163 -3.752 2
      vertex 16.1163 -3.752 0
    endloop
  endfacet
  facet normal -0.065384 -0.99786 0
    outer loop
      vertex 18 -2.1 0
      vertex 18.248 -2.11625 2
      vertex 18 -2.1 2
    endloop
  endfacet
  facet normal -0.065384 -0.99786 -0
    outer loop
      vertex 18.248 -2.11625 2
      vertex 18 -2.1 0
      vertex 18.248 -2.11625 0
    endloop
  endfacet
  facet normal -0.555666 -0.831406 0
    outer loop
      vertex 18.95 -2.35455 0
      vertex 19.1566 -2.49263 2
      vertex 18.95 -2.35455 2
    endloop
  endfacet
  facet normal -0.555666 -0.831406 -0
    outer loop
      vertex 19.1566 -2.49263 2
      vertex 18.95 -2.35455 0
      vertex 19.1566 -2.49263 0
    endloop
  endfacet
  facet normal 0.321499 -0.94691 0
    outer loop
      vertex 17.2729 -2.24463 0
      vertex 17.5082 -2.16474 2
      vertex 17.2729 -2.24463 2
    endloop
  endfacet
  facet normal 0.321499 -0.94691 0
    outer loop
      vertex 17.5082 -2.16474 2
      vertex 17.2729 -2.24463 0
      vertex 17.5082 -2.16474 0
    endloop
  endfacet
  facet normal 0.065384 -0.99786 0
    outer loop
      vertex 17.752 -2.11625 0
      vertex 18 -2.1 2
      vertex 17.752 -2.11625 2
    endloop
  endfacet
  facet normal 0.065384 -0.99786 0
    outer loop
      vertex 18 -2.1 2
      vertex 17.752 -2.11625 0
      vertex 18 -2.1 0
    endloop
  endfacet
  facet normal 0.997847 -0.0655843 0
    outer loop
      vertex 16.1 -4 2
      vertex 16.1163 -3.752 0
      vertex 16.1163 -3.752 2
    endloop
  endfacet
  facet normal 0.997847 -0.0655843 0
    outer loop
      vertex 16.1163 -3.752 0
      vertex 16.1 -4 2
      vertex 16.1 -4 0
    endloop
  endfacet
  facet normal 0.896748 0.442541 0
    outer loop
      vertex 16.3546 -4.95 2
      vertex 16.2446 -4.7271 0
      vertex 16.2446 -4.7271 2
    endloop
  endfacet
  facet normal 0.896748 0.442541 0
    outer loop
      vertex 16.2446 -4.7271 0
      vertex 16.3546 -4.95 2
      vertex 16.3546 -4.95 0
    endloop
  endfacet
  facet normal 0.442282 0.896876 -0
    outer loop
      vertex 17.2729 -5.75537 0
      vertex 17.05 -5.64545 2
      vertex 17.2729 -5.75537 2
    endloop
  endfacet
  facet normal 0.442282 0.896876 0
    outer loop
      vertex 17.05 -5.64545 2
      vertex 17.2729 -5.75537 0
      vertex 17.05 -5.64545 0
    endloop
  endfacet
  facet normal -0.659262 0.751913 0
    outer loop
      vertex 19.3435 -5.3435 0
      vertex 19.1566 -5.50737 2
      vertex 19.3435 -5.3435 2
    endloop
  endfacet
  facet normal -0.659262 0.751913 0
    outer loop
      vertex 19.1566 -5.50737 2
      vertex 19.3435 -5.3435 0
      vertex 19.1566 -5.50737 0
    endloop
  endfacet
  facet normal 0.831617 0.55535 0
    outer loop
      vertex 16.4926 -5.15665 2
      vertex 16.3546 -4.95 0
      vertex 16.3546 -4.95 2
    endloop
  endfacet
  facet normal 0.831617 0.55535 0
    outer loop
      vertex 16.3546 -4.95 0
      vertex 16.4926 -5.15665 2
      vertex 16.4926 -5.15665 0
    endloop
  endfacet
  facet normal 0.65933 -0.751854 0
    outer loop
      vertex 16.6565 42.3435 0
      vertex 16.8434 42.5074 2
      vertex 16.6565 42.3435 2
    endloop
  endfacet
  facet normal 0.65933 -0.751854 0
    outer loop
      vertex 16.8434 42.5074 2
      vertex 16.6565 42.3435 0
      vertex 16.8434 42.5074 0
    endloop
  endfacet
  facet normal -0.555443 0.831555 0
    outer loop
      vertex 19.1566 39.4926 0
      vertex 18.95 39.3546 2
      vertex 19.1566 39.4926 2
    endloop
  endfacet
  facet normal -0.555443 0.831555 0
    outer loop
      vertex 18.95 39.3546 2
      vertex 19.1566 39.4926 0
      vertex 18.95 39.3546 0
    endloop
  endfacet
  facet normal 0.896748 0.442541 0
    outer loop
      vertex 16.3546 40.05 2
      vertex 16.2446 40.2729 0
      vertex 16.2446 40.2729 2
    endloop
  endfacet
  facet normal 0.896748 0.442541 0
    outer loop
      vertex 16.2446 40.2729 0
      vertex 16.3546 40.05 2
      vertex 16.3546 40.05 0
    endloop
  endfacet
  facet normal 0.321535 0.946898 -0
    outer loop
      vertex 17.5082 39.1647 0
      vertex 17.2729 39.2446 2
      vertex 17.5082 39.1647 2
    endloop
  endfacet
  facet normal 0.321535 0.946898 0
    outer loop
      vertex 17.2729 39.2446 2
      vertex 17.5082 39.1647 0
      vertex 17.2729 39.2446 0
    endloop
  endfacet
  facet normal 0.442541 0.896748 -0
    outer loop
      vertex 17.2729 39.2446 0
      vertex 17.05 39.3546 2
      vertex 17.2729 39.2446 2
    endloop
  endfacet
  facet normal 0.442541 0.896748 0
    outer loop
      vertex 17.05 39.3546 2
      vertex 17.2729 39.2446 0
      vertex 17.05 39.3546 0
    endloop
  endfacet
  facet normal 0.194723 0.980858 -0
    outer loop
      vertex 17.752 39.1163 0
      vertex 17.5082 39.1647 2
      vertex 17.752 39.1163 2
    endloop
  endfacet
  facet normal 0.194723 0.980858 0
    outer loop
      vertex 17.5082 39.1647 2
      vertex 17.752 39.1163 0
      vertex 17.5082 39.1647 0
    endloop
  endfacet
  facet normal -0.946898 -0.321535 0
    outer loop
      vertex 19.8353 41.4918 0
      vertex 19.7554 41.7271 2
      vertex 19.7554 41.7271 0
    endloop
  endfacet
  facet normal -0.946898 -0.321535 0
    outer loop
      vertex 19.7554 41.7271 2
      vertex 19.8353 41.4918 0
      vertex 19.8353 41.4918 2
    endloop
  endfacet
  facet normal -0.896748 -0.442541 0
    outer loop
      vertex 19.7554 41.7271 0
      vertex 19.6454 41.95 2
      vertex 19.6454 41.95 0
    endloop
  endfacet
  facet normal -0.896748 -0.442541 0
    outer loop
      vertex 19.6454 41.95 2
      vertex 19.7554 41.7271 0
      vertex 19.7554 41.7271 2
    endloop
  endfacet
  facet normal 0.831555 -0.555443 0
    outer loop
      vertex 16.3546 41.95 2
      vertex 16.4926 42.1566 0
      vertex 16.4926 42.1566 2
    endloop
  endfacet
  facet normal 0.831555 -0.555443 0
    outer loop
      vertex 16.4926 42.1566 0
      vertex 16.3546 41.95 2
      vertex 16.3546 41.95 0
    endloop
  endfacet
  facet normal -0.0655843 -0.997847 0
    outer loop
      vertex 18 42.9 0
      vertex 18.248 42.8837 2
      vertex 18 42.9 2
    endloop
  endfacet
  facet normal -0.0655843 -0.997847 -0
    outer loop
      vertex 18.248 42.8837 2
      vertex 18 42.9 0
      vertex 18.248 42.8837 0
    endloop
  endfacet
  facet normal -0.997847 -0.0655843 0
    outer loop
      vertex 19.9 41 0
      vertex 19.8837 41.248 2
      vertex 19.8837 41.248 0
    endloop
  endfacet
  facet normal -0.997847 -0.0655843 0
    outer loop
      vertex 19.8837 41.248 2
      vertex 19.9 41 0
      vertex 19.9 41 2
    endloop
  endfacet
  facet normal -0.997847 0.0655843 0
    outer loop
      vertex 19.8837 40.752 0
      vertex 19.9 41 2
      vertex 19.9 41 0
    endloop
  endfacet
  facet normal -0.997847 0.0655843 0
    outer loop
      vertex 19.9 41 2
      vertex 19.8837 40.752 0
      vertex 19.8837 40.752 2
    endloop
  endfacet
  facet normal -0.831555 -0.555443 0
    outer loop
      vertex 19.6454 41.95 0
      vertex 19.5074 42.1566 2
      vertex 19.5074 42.1566 0
    endloop
  endfacet
  facet normal -0.831555 -0.555443 0
    outer loop
      vertex 19.5074 42.1566 2
      vertex 19.6454 41.95 0
      vertex 19.6454 41.95 2
    endloop
  endfacet
  facet normal -0.896748 0.442541 0
    outer loop
      vertex 19.6454 40.05 0
      vertex 19.7554 40.2729 2
      vertex 19.7554 40.2729 0
    endloop
  endfacet
  facet normal -0.896748 0.442541 0
    outer loop
      vertex 19.7554 40.2729 2
      vertex 19.6454 40.05 0
      vertex 19.6454 40.05 2
    endloop
  endfacet
  facet normal 0.997847 0.0655843 0
    outer loop
      vertex 16.1163 40.752 2
      vertex 16.1 41 0
      vertex 16.1 41 2
    endloop
  endfacet
  facet normal 0.997847 0.0655843 0
    outer loop
      vertex 16.1 41 0
      vertex 16.1163 40.752 2
      vertex 16.1163 40.752 0
    endloop
  endfacet
  facet normal -0.980858 -0.194723 0
    outer loop
      vertex 19.8837 41.248 0
      vertex 19.8353 41.4918 2
      vertex 19.8353 41.4918 0
    endloop
  endfacet
  facet normal -0.980858 -0.194723 0
    outer loop
      vertex 19.8353 41.4918 2
      vertex 19.8837 41.248 0
      vertex 19.8837 41.248 2
    endloop
  endfacet
  facet normal 0.65933 0.751854 -0
    outer loop
      vertex 16.8434 39.4926 0
      vertex 16.6565 39.6565 2
      vertex 16.8434 39.4926 2
    endloop
  endfacet
  facet normal 0.65933 0.751854 0
    outer loop
      vertex 16.6565 39.6565 2
      vertex 16.8434 39.4926 0
      vertex 16.6565 39.6565 0
    endloop
  endfacet
  facet normal -0.751854 -0.65933 0
    outer loop
      vertex 19.5074 42.1566 0
      vertex 19.3435 42.3435 2
      vertex 19.3435 42.3435 0
    endloop
  endfacet
  facet normal -0.751854 -0.65933 0
    outer loop
      vertex 19.3435 42.3435 2
      vertex 19.5074 42.1566 0
      vertex 19.5074 42.1566 2
    endloop
  endfacet
  facet normal -0.831555 0.555443 0
    outer loop
      vertex 19.5074 39.8434 0
      vertex 19.6454 40.05 2
      vertex 19.6454 40.05 0
    endloop
  endfacet
  facet normal -0.831555 0.555443 0
    outer loop
      vertex 19.6454 40.05 2
      vertex 19.5074 39.8434 0
      vertex 19.5074 39.8434 2
    endloop
  endfacet
  facet normal -0.321535 -0.946898 0
    outer loop
      vertex 18.4918 42.8353 0
      vertex 18.7271 42.7554 2
      vertex 18.4918 42.8353 2
    endloop
  endfacet
  facet normal -0.321535 -0.946898 -0
    outer loop
      vertex 18.7271 42.7554 2
      vertex 18.4918 42.8353 0
      vertex 18.7271 42.7554 0
    endloop
  endfacet
  facet normal -0.442541 0.896748 0
    outer loop
      vertex 18.95 39.3546 0
      vertex 18.7271 39.2446 2
      vertex 18.95 39.3546 2
    endloop
  endfacet
  facet normal -0.442541 0.896748 0
    outer loop
      vertex 18.7271 39.2446 2
      vertex 18.95 39.3546 0
      vertex 18.7271 39.2446 0
    endloop
  endfacet
  facet normal 0.946898 0.321535 0
    outer loop
      vertex 16.2446 40.2729 2
      vertex 16.1647 40.5082 0
      vertex 16.1647 40.5082 2
    endloop
  endfacet
  facet normal 0.946898 0.321535 0
    outer loop
      vertex 16.1647 40.5082 0
      vertex 16.2446 40.2729 2
      vertex 16.2446 40.2729 0
    endloop
  endfacet
  facet normal 0.555443 0.831555 -0
    outer loop
      vertex 17.05 39.3546 0
      vertex 16.8434 39.4926 2
      vertex 17.05 39.3546 2
    endloop
  endfacet
  facet normal 0.555443 0.831555 0
    outer loop
      vertex 16.8434 39.4926 2
      vertex 17.05 39.3546 0
      vertex 16.8434 39.4926 0
    endloop
  endfacet
  facet normal -0.946898 0.321535 0
    outer loop
      vertex 19.7554 40.2729 0
      vertex 19.8353 40.5082 2
      vertex 19.8353 40.5082 0
    endloop
  endfacet
  facet normal -0.946898 0.321535 0
    outer loop
      vertex 19.8353 40.5082 2
      vertex 19.7554 40.2729 0
      vertex 19.7554 40.2729 2
    endloop
  endfacet
  facet normal 0.194723 -0.980858 0
    outer loop
      vertex 17.5082 42.8353 0
      vertex 17.752 42.8837 2
      vertex 17.5082 42.8353 2
    endloop
  endfacet
  facet normal 0.194723 -0.980858 0
    outer loop
      vertex 17.752 42.8837 2
      vertex 17.5082 42.8353 0
      vertex 17.752 42.8837 0
    endloop
  endfacet
  facet normal 0.997847 -0.0655843 0
    outer loop
      vertex 16.1 41 2
      vertex 16.1163 41.248 0
      vertex 16.1163 41.248 2
    endloop
  endfacet
  facet normal 0.997847 -0.0655843 0
    outer loop
      vertex 16.1163 41.248 0
      vertex 16.1 41 2
      vertex 16.1 41 0
    endloop
  endfacet
  facet normal -0.65933 -0.751854 0
    outer loop
      vertex 19.1566 42.5074 0
      vertex 19.3435 42.3435 2
      vertex 19.1566 42.5074 2
    endloop
  endfacet
  facet normal -0.65933 -0.751854 -0
    outer loop
      vertex 19.3435 42.3435 2
      vertex 19.1566 42.5074 0
      vertex 19.3435 42.3435 0
    endloop
  endfacet
  facet normal 0.980858 -0.194723 0
    outer loop
      vertex 16.1163 41.248 2
      vertex 16.1647 41.4918 0
      vertex 16.1647 41.4918 2
    endloop
  endfacet
  facet normal 0.980858 -0.194723 0
    outer loop
      vertex 16.1647 41.4918 0
      vertex 16.1163 41.248 2
      vertex 16.1163 41.248 0
    endloop
  endfacet
  facet normal -0.194723 0.980858 0
    outer loop
      vertex 18.4918 39.1647 0
      vertex 18.248 39.1163 2
      vertex 18.4918 39.1647 2
    endloop
  endfacet
  facet normal -0.194723 0.980858 0
    outer loop
      vertex 18.248 39.1163 2
      vertex 18.4918 39.1647 0
      vertex 18.248 39.1163 0
    endloop
  endfacet
  facet normal -0.194723 -0.980858 0
    outer loop
      vertex 18.248 42.8837 0
      vertex 18.4918 42.8353 2
      vertex 18.248 42.8837 2
    endloop
  endfacet
  facet normal -0.194723 -0.980858 -0
    outer loop
      vertex 18.4918 42.8353 2
      vertex 18.248 42.8837 0
      vertex 18.4918 42.8353 0
    endloop
  endfacet
  facet normal 0.555443 -0.831555 0
    outer loop
      vertex 16.8434 42.5074 0
      vertex 17.05 42.6454 2
      vertex 16.8434 42.5074 2
    endloop
  endfacet
  facet normal 0.555443 -0.831555 0
    outer loop
      vertex 17.05 42.6454 2
      vertex 16.8434 42.5074 0
      vertex 17.05 42.6454 0
    endloop
  endfacet
  facet normal -0.751854 0.65933 0
    outer loop
      vertex 19.3435 39.6565 0
      vertex 19.5074 39.8434 2
      vertex 19.5074 39.8434 0
    endloop
  endfacet
  facet normal -0.751854 0.65933 0
    outer loop
      vertex 19.5074 39.8434 2
      vertex 19.3435 39.6565 0
      vertex 19.3435 39.6565 2
    endloop
  endfacet
  facet normal -0.321535 0.946898 0
    outer loop
      vertex 18.7271 39.2446 0
      vertex 18.4918 39.1647 2
      vertex 18.7271 39.2446 2
    endloop
  endfacet
  facet normal -0.321535 0.946898 0
    outer loop
      vertex 18.4918 39.1647 2
      vertex 18.7271 39.2446 0
      vertex 18.4918 39.1647 0
    endloop
  endfacet
  facet normal 0.442541 -0.896748 0
    outer loop
      vertex 17.05 42.6454 0
      vertex 17.2729 42.7554 2
      vertex 17.05 42.6454 2
    endloop
  endfacet
  facet normal 0.442541 -0.896748 0
    outer loop
      vertex 17.2729 42.7554 2
      vertex 17.05 42.6454 0
      vertex 17.2729 42.7554 0
    endloop
  endfacet
  facet normal 0.831555 0.555443 0
    outer loop
      vertex 16.4926 39.8434 2
      vertex 16.3546 40.05 0
      vertex 16.3546 40.05 2
    endloop
  endfacet
  facet normal 0.831555 0.555443 0
    outer loop
      vertex 16.3546 40.05 0
      vertex 16.4926 39.8434 2
      vertex 16.4926 39.8434 0
    endloop
  endfacet
  facet normal -0.555443 -0.831555 0
    outer loop
      vertex 18.95 42.6454 0
      vertex 19.1566 42.5074 2
      vertex 18.95 42.6454 2
    endloop
  endfacet
  facet normal -0.555443 -0.831555 -0
    outer loop
      vertex 19.1566 42.5074 2
      vertex 18.95 42.6454 0
      vertex 19.1566 42.5074 0
    endloop
  endfacet
  facet normal -0.0655843 0.997847 0
    outer loop
      vertex 18.248 39.1163 0
      vertex 18 39.1 2
      vertex 18.248 39.1163 2
    endloop
  endfacet
  facet normal -0.0655843 0.997847 0
    outer loop
      vertex 18 39.1 2
      vertex 18.248 39.1163 0
      vertex 18 39.1 0
    endloop
  endfacet
  facet normal -0.980858 0.194723 0
    outer loop
      vertex 19.8353 40.5082 0
      vertex 19.8837 40.752 2
      vertex 19.8837 40.752 0
    endloop
  endfacet
  facet normal -0.980858 0.194723 0
    outer loop
      vertex 19.8837 40.752 2
      vertex 19.8353 40.5082 0
      vertex 19.8353 40.5082 2
    endloop
  endfacet
  facet normal 0.751854 -0.65933 0
    outer loop
      vertex 16.4926 42.1566 2
      vertex 16.6565 42.3435 0
      vertex 16.6565 42.3435 2
    endloop
  endfacet
  facet normal 0.751854 -0.65933 0
    outer loop
      vertex 16.6565 42.3435 0
      vertex 16.4926 42.1566 2
      vertex 16.4926 42.1566 0
    endloop
  endfacet
  facet normal 0.0655843 -0.997847 0
    outer loop
      vertex 17.752 42.8837 0
      vertex 18 42.9 2
      vertex 17.752 42.8837 2
    endloop
  endfacet
  facet normal 0.0655843 -0.997847 0
    outer loop
      vertex 18 42.9 2
      vertex 17.752 42.8837 0
      vertex 18 42.9 0
    endloop
  endfacet
  facet normal -0.442541 -0.896748 0
    outer loop
      vertex 18.7271 42.7554 0
      vertex 18.95 42.6454 2
      vertex 18.7271 42.7554 2
    endloop
  endfacet
  facet normal -0.442541 -0.896748 -0
    outer loop
      vertex 18.95 42.6454 2
      vertex 18.7271 42.7554 0
      vertex 18.95 42.6454 0
    endloop
  endfacet
  facet normal 0.321535 -0.946898 0
    outer loop
      vertex 17.2729 42.7554 0
      vertex 17.5082 42.8353 2
      vertex 17.2729 42.7554 2
    endloop
  endfacet
  facet normal 0.321535 -0.946898 0
    outer loop
      vertex 17.5082 42.8353 2
      vertex 17.2729 42.7554 0
      vertex 17.5082 42.8353 0
    endloop
  endfacet
  facet normal 0.896748 -0.442541 0
    outer loop
      vertex 16.2446 41.7271 2
      vertex 16.3546 41.95 0
      vertex 16.3546 41.95 2
    endloop
  endfacet
  facet normal 0.896748 -0.442541 0
    outer loop
      vertex 16.3546 41.95 0
      vertex 16.2446 41.7271 2
      vertex 16.2446 41.7271 0
    endloop
  endfacet
  facet normal 0.751854 0.65933 0
    outer loop
      vertex 16.6565 39.6565 2
      vertex 16.4926 39.8434 0
      vertex 16.4926 39.8434 2
    endloop
  endfacet
  facet normal 0.751854 0.65933 0
    outer loop
      vertex 16.4926 39.8434 0
      vertex 16.6565 39.6565 2
      vertex 16.6565 39.6565 0
    endloop
  endfacet
  facet normal 0.980858 0.194723 0
    outer loop
      vertex 16.1647 40.5082 2
      vertex 16.1163 40.752 0
      vertex 16.1163 40.752 2
    endloop
  endfacet
  facet normal 0.980858 0.194723 0
    outer loop
      vertex 16.1163 40.752 0
      vertex 16.1647 40.5082 2
      vertex 16.1647 40.5082 0
    endloop
  endfacet
  facet normal 0.946898 -0.321535 0
    outer loop
      vertex 16.1647 41.4918 2
      vertex 16.2446 41.7271 0
      vertex 16.2446 41.7271 2
    endloop
  endfacet
  facet normal 0.946898 -0.321535 0
    outer loop
      vertex 16.2446 41.7271 0
      vertex 16.1647 41.4918 2
      vertex 16.1647 41.4918 0
    endloop
  endfacet
  facet normal -0.65933 0.751854 0
    outer loop
      vertex 19.3435 39.6565 0
      vertex 19.1566 39.4926 2
      vertex 19.3435 39.6565 2
    endloop
  endfacet
  facet normal -0.65933 0.751854 0
    outer loop
      vertex 19.1566 39.4926 2
      vertex 19.3435 39.6565 0
      vertex 19.1566 39.4926 0
    endloop
  endfacet
  facet normal 0.0655843 0.997847 -0
    outer loop
      vertex 18 39.1 0
      vertex 17.752 39.1163 2
      vertex 18 39.1 2
    endloop
  endfacet
  facet normal 0.0655843 0.997847 0
    outer loop
      vertex 17.752 39.1163 2
      vertex 18 39.1 0
      vertex 17.752 39.1163 0
    endloop
  endfacet
  facet normal -0.195072 -0.980789 0
    outer loop
      vertex 54.248 -2.11625 0
      vertex 54.4918 -2.16474 2
      vertex 54.248 -2.11625 2
    endloop
  endfacet
  facet normal -0.195072 -0.980789 -0
    outer loop
      vertex 54.4918 -2.16474 2
      vertex 54.248 -2.11625 0
      vertex 54.4918 -2.16474 0
    endloop
  endfacet
  facet normal -0.980852 -0.194754 0
    outer loop
      vertex 55.8837 -3.752 0
      vertex 55.8353 -3.50824 2
      vertex 55.8353 -3.50824 0
    endloop
  endfacet
  facet normal -0.980852 -0.194754 0
    outer loop
      vertex 55.8353 -3.50824 2
      vertex 55.8837 -3.752 0
      vertex 55.8837 -3.752 2
    endloop
  endfacet
  facet normal -0.997847 -0.0655843 0
    outer loop
      vertex 55.9 -4 0
      vertex 55.8837 -3.752 2
      vertex 55.8837 -3.752 0
    endloop
  endfacet
  facet normal -0.997847 -0.0655843 0
    outer loop
      vertex 55.8837 -3.752 2
      vertex 55.9 -4 0
      vertex 55.9 -4 2
    endloop
  endfacet
  facet normal -0.946914 -0.321486 0
    outer loop
      vertex 55.8353 -3.50824 0
      vertex 55.7554 -3.2729 2
      vertex 55.7554 -3.2729 0
    endloop
  endfacet
  facet normal -0.946914 -0.321486 0
    outer loop
      vertex 55.7554 -3.2729 2
      vertex 55.8353 -3.50824 0
      vertex 55.8353 -3.50824 2
    endloop
  endfacet
  facet normal -0.831617 -0.55535 0
    outer loop
      vertex 55.6454 -3.05 0
      vertex 55.5074 -2.84335 2
      vertex 55.5074 -2.84335 0
    endloop
  endfacet
  facet normal -0.831617 -0.55535 0
    outer loop
      vertex 55.5074 -2.84335 2
      vertex 55.6454 -3.05 0
      vertex 55.6454 -3.05 2
    endloop
  endfacet
  facet normal -0.321499 -0.94691 0
    outer loop
      vertex 54.4918 -2.16474 0
      vertex 54.7271 -2.24463 2
      vertex 54.4918 -2.16474 2
    endloop
  endfacet
  facet normal -0.321499 -0.94691 -0
    outer loop
      vertex 54.7271 -2.24463 2
      vertex 54.4918 -2.16474 0
      vertex 54.7271 -2.24463 0
    endloop
  endfacet
  facet normal 0.980852 0.194754 0
    outer loop
      vertex 52.1647 -4.49176 2
      vertex 52.1163 -4.248 0
      vertex 52.1163 -4.248 2
    endloop
  endfacet
  facet normal 0.980852 0.194754 0
    outer loop
      vertex 52.1163 -4.248 0
      vertex 52.1647 -4.49176 2
      vertex 52.1647 -4.49176 0
    endloop
  endfacet
  facet normal -0.997847 0.0655843 0
    outer loop
      vertex 55.8837 -4.248 0
      vertex 55.9 -4 2
      vertex 55.9 -4 0
    endloop
  endfacet
  facet normal -0.997847 0.0655843 0
    outer loop
      vertex 55.9 -4 2
      vertex 55.8837 -4.248 0
      vertex 55.8837 -4.248 2
    endloop
  endfacet
  facet normal 0.555666 0.831406 -0
    outer loop
      vertex 53.05 -5.64545 0
      vertex 52.8434 -5.50737 2
      vertex 53.05 -5.64545 2
    endloop
  endfacet
  facet normal 0.555666 0.831406 0
    outer loop
      vertex 52.8434 -5.50737 2
      vertex 53.05 -5.64545 0
      vertex 52.8434 -5.50737 0
    endloop
  endfacet
  facet normal 0.997847 0.0655843 0
    outer loop
      vertex 52.1163 -4.248 2
      vertex 52.1 -4 0
      vertex 52.1 -4 2
    endloop
  endfacet
  facet normal 0.997847 0.0655843 0
    outer loop
      vertex 52.1 -4 0
      vertex 52.1163 -4.248 2
      vertex 52.1163 -4.248 0
    endloop
  endfacet
  facet normal 0.321499 0.94691 -0
    outer loop
      vertex 53.5082 -5.83526 0
      vertex 53.2729 -5.75537 2
      vertex 53.5082 -5.83526 2
    endloop
  endfacet
  facet normal 0.321499 0.94691 0
    outer loop
      vertex 53.2729 -5.75537 2
      vertex 53.5082 -5.83526 0
      vertex 53.2729 -5.75537 0
    endloop
  endfacet
  facet normal -0.896748 -0.442541 0
    outer loop
      vertex 55.7554 -3.2729 0
      vertex 55.6454 -3.05 2
      vertex 55.6454 -3.05 0
    endloop
  endfacet
  facet normal -0.896748 -0.442541 0
    outer loop
      vertex 55.6454 -3.05 2
      vertex 55.7554 -3.2729 0
      vertex 55.7554 -3.2729 2
    endloop
  endfacet
  facet normal -0.751766 -0.65943 0
    outer loop
      vertex 55.5074 -2.84335 0
      vertex 55.3435 -2.6565 2
      vertex 55.3435 -2.6565 0
    endloop
  endfacet
  facet normal -0.751766 -0.65943 0
    outer loop
      vertex 55.3435 -2.6565 2
      vertex 55.5074 -2.84335 0
      vertex 55.5074 -2.84335 2
    endloop
  endfacet
  facet normal -0.946914 0.321486 0
    outer loop
      vertex 55.7554 -4.7271 0
      vertex 55.8353 -4.49176 2
      vertex 55.8353 -4.49176 0
    endloop
  endfacet
  facet normal -0.946914 0.321486 0
    outer loop
      vertex 55.8353 -4.49176 2
      vertex 55.7554 -4.7271 0
      vertex 55.7554 -4.7271 2
    endloop
  endfacet
  facet normal 0.751766 0.65943 0
    outer loop
      vertex 52.6565 -5.3435 2
      vertex 52.4926 -5.15665 0
      vertex 52.4926 -5.15665 2
    endloop
  endfacet
  facet normal 0.751766 0.65943 0
    outer loop
      vertex 52.4926 -5.15665 0
      vertex 52.6565 -5.3435 2
      vertex 52.6565 -5.3435 0
    endloop
  endfacet
  facet normal -0.980852 0.194754 0
    outer loop
      vertex 55.8353 -4.49176 0
      vertex 55.8837 -4.248 2
      vertex 55.8837 -4.248 0
    endloop
  endfacet
  facet normal -0.980852 0.194754 0
    outer loop
      vertex 55.8837 -4.248 2
      vertex 55.8353 -4.49176 0
      vertex 55.8353 -4.49176 2
    endloop
  endfacet
  facet normal -0.065384 0.99786 0
    outer loop
      vertex 54.248 -5.88375 0
      vertex 54 -5.9 2
      vertex 54.248 -5.88375 2
    endloop
  endfacet
  facet normal -0.065384 0.99786 0
    outer loop
      vertex 54 -5.9 2
      vertex 54.248 -5.88375 0
      vertex 54 -5.9 0
    endloop
  endfacet
  facet normal 0.946914 0.321486 0
    outer loop
      vertex 52.2446 -4.7271 2
      vertex 52.1647 -4.49176 0
      vertex 52.1647 -4.49176 2
    endloop
  endfacet
  facet normal 0.946914 0.321486 0
    outer loop
      vertex 52.1647 -4.49176 0
      vertex 52.2446 -4.7271 2
      vertex 52.2446 -4.7271 0
    endloop
  endfacet
  facet normal -0.831617 0.55535 0
    outer loop
      vertex 55.5074 -5.15665 0
      vertex 55.6454 -4.95 2
      vertex 55.6454 -4.95 0
    endloop
  endfacet
  facet normal -0.831617 0.55535 0
    outer loop
      vertex 55.6454 -4.95 2
      vertex 55.5074 -5.15665 0
      vertex 55.5074 -5.15665 2
    endloop
  endfacet
  facet normal -0.442282 -0.896876 0
    outer loop
      vertex 54.7271 -2.24463 0
      vertex 54.95 -2.35455 2
      vertex 54.7271 -2.24463 2
    endloop
  endfacet
  facet normal -0.442282 -0.896876 -0
    outer loop
      vertex 54.95 -2.35455 2
      vertex 54.7271 -2.24463 0
      vertex 54.95 -2.35455 0
    endloop
  endfacet
  facet normal 0.442282 -0.896876 0
    outer loop
      vertex 53.05 -2.35455 0
      vertex 53.2729 -2.24463 2
      vertex 53.05 -2.35455 2
    endloop
  endfacet
  facet normal 0.442282 -0.896876 0
    outer loop
      vertex 53.2729 -2.24463 2
      vertex 53.05 -2.35455 0
      vertex 53.2729 -2.24463 0
    endloop
  endfacet
  facet normal -0.442282 0.896876 0
    outer loop
      vertex 54.95 -5.64545 0
      vertex 54.7271 -5.75537 2
      vertex 54.95 -5.64545 2
    endloop
  endfacet
  facet normal -0.442282 0.896876 0
    outer loop
      vertex 54.7271 -5.75537 2
      vertex 54.95 -5.64545 0
      vertex 54.7271 -5.75537 0
    endloop
  endfacet
  facet normal -0.321499 0.94691 0
    outer loop
      vertex 54.7271 -5.75537 0
      vertex 54.4918 -5.83526 2
      vertex 54.7271 -5.75537 2
    endloop
  endfacet
  facet normal -0.321499 0.94691 0
    outer loop
      vertex 54.4918 -5.83526 2
      vertex 54.7271 -5.75537 0
      vertex 54.4918 -5.83526 0
    endloop
  endfacet
  facet normal 0.195072 0.980789 -0
    outer loop
      vertex 53.752 -5.88375 0
      vertex 53.5082 -5.83526 2
      vertex 53.752 -5.88375 2
    endloop
  endfacet
  facet normal 0.195072 0.980789 0
    outer loop
      vertex 53.5082 -5.83526 2
      vertex 53.752 -5.88375 0
      vertex 53.5082 -5.83526 0
    endloop
  endfacet
  facet normal 0.946914 -0.321486 0
    outer loop
      vertex 52.1647 -3.50824 2
      vertex 52.2446 -3.2729 0
      vertex 52.2446 -3.2729 2
    endloop
  endfacet
  facet normal 0.946914 -0.321486 0
    outer loop
      vertex 52.2446 -3.2729 0
      vertex 52.1647 -3.50824 2
      vertex 52.1647 -3.50824 0
    endloop
  endfacet
  facet normal 0.195072 -0.980789 0
    outer loop
      vertex 53.5082 -2.16474 0
      vertex 53.752 -2.11625 2
      vertex 53.5082 -2.16474 2
    endloop
  endfacet
  facet normal 0.195072 -0.980789 0
    outer loop
      vertex 53.752 -2.11625 2
      vertex 53.5082 -2.16474 0
      vertex 53.752 -2.11625 0
    endloop
  endfacet
  facet normal 0.555666 -0.831406 0
    outer loop
      vertex 52.8434 -2.49263 0
      vertex 53.05 -2.35455 2
      vertex 52.8434 -2.49263 2
    endloop
  endfacet
  facet normal 0.555666 -0.831406 0
    outer loop
      vertex 53.05 -2.35455 2
      vertex 52.8434 -2.49263 0
      vertex 53.05 -2.35455 0
    endloop
  endfacet
  facet normal -0.555666 0.831406 0
    outer loop
      vertex 55.1566 -5.50737 0
      vertex 54.95 -5.64545 2
      vertex 55.1566 -5.50737 2
    endloop
  endfacet
  facet normal -0.555666 0.831406 0
    outer loop
      vertex 54.95 -5.64545 2
      vertex 55.1566 -5.50737 0
      vertex 54.95 -5.64545 0
    endloop
  endfacet
  facet normal -0.195072 0.980789 0
    outer loop
      vertex 54.4918 -5.83526 0
      vertex 54.248 -5.88375 2
      vertex 54.4918 -5.83526 2
    endloop
  endfacet
  facet normal -0.195072 0.980789 0
    outer loop
      vertex 54.248 -5.88375 2
      vertex 54.4918 -5.83526 0
      vertex 54.248 -5.88375 0
    endloop
  endfacet
  facet normal 0.896748 -0.442541 0
    outer loop
      vertex 52.2446 -3.2729 2
      vertex 52.3546 -3.05 0
      vertex 52.3546 -3.05 2
    endloop
  endfacet
  facet normal 0.896748 -0.442541 0
    outer loop
      vertex 52.3546 -3.05 0
      vertex 52.2446 -3.2729 2
      vertex 52.2446 -3.2729 0
    endloop
  endfacet
  facet normal -0.659262 -0.751913 0
    outer loop
      vertex 55.1566 -2.49263 0
      vertex 55.3435 -2.6565 2
      vertex 55.1566 -2.49263 2
    endloop
  endfacet
  facet normal -0.659262 -0.751913 -0
    outer loop
      vertex 55.3435 -2.6565 2
      vertex 55.1566 -2.49263 0
      vertex 55.3435 -2.6565 0
    endloop
  endfacet
  facet normal 0.831617 -0.55535 0
    outer loop
      vertex 52.3546 -3.05 2
      vertex 52.4926 -2.84335 0
      vertex 52.4926 -2.84335 2
    endloop
  endfacet
  facet normal 0.831617 -0.55535 0
    outer loop
      vertex 52.4926 -2.84335 0
      vertex 52.3546 -3.05 2
      vertex 52.3546 -3.05 0
    endloop
  endfacet
  facet normal 0.065384 0.99786 -0
    outer loop
      vertex 54 -5.9 0
      vertex 53.752 -5.88375 2
      vertex 54 -5.9 2
    endloop
  endfacet
  facet normal 0.065384 0.99786 0
    outer loop
      vertex 53.752 -5.88375 2
      vertex 54 -5.9 0
      vertex 53.752 -5.88375 0
    endloop
  endfacet
  facet normal 0.659262 -0.751913 0
    outer loop
      vertex 52.6565 -2.6565 0
      vertex 52.8434 -2.49263 2
      vertex 52.6565 -2.6565 2
    endloop
  endfacet
  facet normal 0.659262 -0.751913 0
    outer loop
      vertex 52.8434 -2.49263 2
      vertex 52.6565 -2.6565 0
      vertex 52.8434 -2.49263 0
    endloop
  endfacet
  facet normal 0.659262 0.751913 -0
    outer loop
      vertex 52.8434 -5.50737 0
      vertex 52.6565 -5.3435 2
      vertex 52.8434 -5.50737 2
    endloop
  endfacet
  facet normal 0.659262 0.751913 0
    outer loop
      vertex 52.6565 -5.3435 2
      vertex 52.8434 -5.50737 0
      vertex 52.6565 -5.3435 0
    endloop
  endfacet
  facet normal 0.751766 -0.65943 0
    outer loop
      vertex 52.4926 -2.84335 2
      vertex 52.6565 -2.6565 0
      vertex 52.6565 -2.6565 2
    endloop
  endfacet
  facet normal 0.751766 -0.65943 0
    outer loop
      vertex 52.6565 -2.6565 0
      vertex 52.4926 -2.84335 2
      vertex 52.4926 -2.84335 0
    endloop
  endfacet
  facet normal -0.751766 0.65943 0
    outer loop
      vertex 55.3435 -5.3435 0
      vertex 55.5074 -5.15665 2
      vertex 55.5074 -5.15665 0
    endloop
  endfacet
  facet normal -0.751766 0.65943 0
    outer loop
      vertex 55.5074 -5.15665 2
      vertex 55.3435 -5.3435 0
      vertex 55.3435 -5.3435 2
    endloop
  endfacet
  facet normal -0.896748 0.442541 0
    outer loop
      vertex 55.6454 -4.95 0
      vertex 55.7554 -4.7271 2
      vertex 55.7554 -4.7271 0
    endloop
  endfacet
  facet normal -0.896748 0.442541 0
    outer loop
      vertex 55.7554 -4.7271 2
      vertex 55.6454 -4.95 0
      vertex 55.6454 -4.95 2
    endloop
  endfacet
  facet normal 0.980852 -0.194754 0
    outer loop
      vertex 52.1163 -3.752 2
      vertex 52.1647 -3.50824 0
      vertex 52.1647 -3.50824 2
    endloop
  endfacet
  facet normal 0.980852 -0.194754 0
    outer loop
      vertex 52.1647 -3.50824 0
      vertex 52.1163 -3.752 2
      vertex 52.1163 -3.752 0
    endloop
  endfacet
  facet normal -0.065384 -0.99786 0
    outer loop
      vertex 54 -2.1 0
      vertex 54.248 -2.11625 2
      vertex 54 -2.1 2
    endloop
  endfacet
  facet normal -0.065384 -0.99786 -0
    outer loop
      vertex 54.248 -2.11625 2
      vertex 54 -2.1 0
      vertex 54.248 -2.11625 0
    endloop
  endfacet
  facet normal -0.555666 -0.831406 0
    outer loop
      vertex 54.95 -2.35455 0
      vertex 55.1566 -2.49263 2
      vertex 54.95 -2.35455 2
    endloop
  endfacet
  facet normal -0.555666 -0.831406 -0
    outer loop
      vertex 55.1566 -2.49263 2
      vertex 54.95 -2.35455 0
      vertex 55.1566 -2.49263 0
    endloop
  endfacet
  facet normal 0.321499 -0.94691 0
    outer loop
      vertex 53.2729 -2.24463 0
      vertex 53.5082 -2.16474 2
      vertex 53.2729 -2.24463 2
    endloop
  endfacet
  facet normal 0.321499 -0.94691 0
    outer loop
      vertex 53.5082 -2.16474 2
      vertex 53.2729 -2.24463 0
      vertex 53.5082 -2.16474 0
    endloop
  endfacet
  facet normal 0.065384 -0.99786 0
    outer loop
      vertex 53.752 -2.11625 0
      vertex 54 -2.1 2
      vertex 53.752 -2.11625 2
    endloop
  endfacet
  facet normal 0.065384 -0.99786 0
    outer loop
      vertex 54 -2.1 2
      vertex 53.752 -2.11625 0
      vertex 54 -2.1 0
    endloop
  endfacet
  facet normal 0.997847 -0.0655843 0
    outer loop
      vertex 52.1 -4 2
      vertex 52.1163 -3.752 0
      vertex 52.1163 -3.752 2
    endloop
  endfacet
  facet normal 0.997847 -0.0655843 0
    outer loop
      vertex 52.1163 -3.752 0
      vertex 52.1 -4 2
      vertex 52.1 -4 0
    endloop
  endfacet
  facet normal 0.442282 0.896876 -0
    outer loop
      vertex 53.2729 -5.75537 0
      vertex 53.05 -5.64545 2
      vertex 53.2729 -5.75537 2
    endloop
  endfacet
  facet normal 0.442282 0.896876 0
    outer loop
      vertex 53.05 -5.64545 2
      vertex 53.2729 -5.75537 0
      vertex 53.05 -5.64545 0
    endloop
  endfacet
  facet normal -0.659262 0.751913 0
    outer loop
      vertex 55.3435 -5.3435 0
      vertex 55.1566 -5.50737 2
      vertex 55.3435 -5.3435 2
    endloop
  endfacet
  facet normal -0.659262 0.751913 0
    outer loop
      vertex 55.1566 -5.50737 2
      vertex 55.3435 -5.3435 0
      vertex 55.1566 -5.50737 0
    endloop
  endfacet
  facet normal 0.831617 0.55535 0
    outer loop
      vertex 52.4926 -5.15665 2
      vertex 52.3546 -4.95 0
      vertex 52.3546 -4.95 2
    endloop
  endfacet
  facet normal 0.831617 0.55535 0
    outer loop
      vertex 52.3546 -4.95 0
      vertex 52.4926 -5.15665 2
      vertex 52.4926 -5.15665 0
    endloop
  endfacet
  facet normal 0.896748 0.442541 0
    outer loop
      vertex 52.3546 -4.95 2
      vertex 52.2446 -4.7271 0
      vertex 52.2446 -4.7271 2
    endloop
  endfacet
  facet normal 0.896748 0.442541 0
    outer loop
      vertex 52.2446 -4.7271 0
      vertex 52.3546 -4.95 2
      vertex 52.3546 -4.95 0
    endloop
  endfacet
  facet normal -0.980858 -0.194723 0
    outer loop
      vertex 55.8837 41.248 0
      vertex 55.8353 41.4918 2
      vertex 55.8353 41.4918 0
    endloop
  endfacet
  facet normal -0.980858 -0.194723 0
    outer loop
      vertex 55.8353 41.4918 2
      vertex 55.8837 41.248 0
      vertex 55.8837 41.248 2
    endloop
  endfacet
  facet normal -0.997847 -0.0655843 0
    outer loop
      vertex 55.9 41 0
      vertex 55.8837 41.248 2
      vertex 55.8837 41.248 0
    endloop
  endfacet
  facet normal -0.997847 -0.0655843 0
    outer loop
      vertex 55.8837 41.248 2
      vertex 55.9 41 0
      vertex 55.9 41 2
    endloop
  endfacet
  facet normal -0.946898 -0.321535 0
    outer loop
      vertex 55.8353 41.4918 0
      vertex 55.7554 41.7271 2
      vertex 55.7554 41.7271 0
    endloop
  endfacet
  facet normal -0.946898 -0.321535 0
    outer loop
      vertex 55.7554 41.7271 2
      vertex 55.8353 41.4918 0
      vertex 55.8353 41.4918 2
    endloop
  endfacet
  facet normal -0.831555 -0.555443 0
    outer loop
      vertex 55.6454 41.95 0
      vertex 55.5074 42.1566 2
      vertex 55.5074 42.1566 0
    endloop
  endfacet
  facet normal -0.831555 -0.555443 0
    outer loop
      vertex 55.5074 42.1566 2
      vertex 55.6454 41.95 0
      vertex 55.6454 41.95 2
    endloop
  endfacet
  facet normal 0.946898 0.321535 0
    outer loop
      vertex 52.2446 40.2729 2
      vertex 52.1647 40.5082 0
      vertex 52.1647 40.5082 2
    endloop
  endfacet
  facet normal 0.946898 0.321535 0
    outer loop
      vertex 52.1647 40.5082 0
      vertex 52.2446 40.2729 2
      vertex 52.2446 40.2729 0
    endloop
  endfacet
  facet normal -0.321535 0.946898 0
    outer loop
      vertex 54.7271 39.2446 0
      vertex 54.4918 39.1647 2
      vertex 54.7271 39.2446 2
    endloop
  endfacet
  facet normal -0.321535 0.946898 0
    outer loop
      vertex 54.4918 39.1647 2
      vertex 54.7271 39.2446 0
      vertex 54.4918 39.1647 0
    endloop
  endfacet
  facet normal -0.896748 -0.442541 0
    outer loop
      vertex 55.7554 41.7271 0
      vertex 55.6454 41.95 2
      vertex 55.6454 41.95 0
    endloop
  endfacet
  facet normal -0.896748 -0.442541 0
    outer loop
      vertex 55.6454 41.95 2
      vertex 55.7554 41.7271 0
      vertex 55.7554 41.7271 2
    endloop
  endfacet
  facet normal 0.555443 -0.831555 0
    outer loop
      vertex 52.8434 42.5074 0
      vertex 53.05 42.6454 2
      vertex 52.8434 42.5074 2
    endloop
  endfacet
  facet normal 0.555443 -0.831555 0
    outer loop
      vertex 53.05 42.6454 2
      vertex 52.8434 42.5074 0
      vertex 53.05 42.6454 0
    endloop
  endfacet
  facet normal -0.980858 0.194723 0
    outer loop
      vertex 55.8353 40.5082 0
      vertex 55.8837 40.752 2
      vertex 55.8837 40.752 0
    endloop
  endfacet
  facet normal -0.980858 0.194723 0
    outer loop
      vertex 55.8837 40.752 2
      vertex 55.8353 40.5082 0
      vertex 55.8353 40.5082 2
    endloop
  endfacet
  facet normal 0.896748 -0.442541 0
    outer loop
      vertex 52.2446 41.7271 2
      vertex 52.3546 41.95 0
      vertex 52.3546 41.95 2
    endloop
  endfacet
  facet normal 0.896748 -0.442541 0
    outer loop
      vertex 52.3546 41.95 0
      vertex 52.2446 41.7271 2
      vertex 52.2446 41.7271 0
    endloop
  endfacet
  facet normal -0.321535 -0.946898 0
    outer loop
      vertex 54.4918 42.8353 0
      vertex 54.7271 42.7554 2
      vertex 54.4918 42.8353 2
    endloop
  endfacet
  facet normal -0.321535 -0.946898 -0
    outer loop
      vertex 54.7271 42.7554 2
      vertex 54.4918 42.8353 0
      vertex 54.7271 42.7554 0
    endloop
  endfacet
  facet normal 0.65933 -0.751854 0
    outer loop
      vertex 52.6565 42.3435 0
      vertex 52.8434 42.5074 2
      vertex 52.6565 42.3435 2
    endloop
  endfacet
  facet normal 0.65933 -0.751854 0
    outer loop
      vertex 52.8434 42.5074 2
      vertex 52.6565 42.3435 0
      vertex 52.8434 42.5074 0
    endloop
  endfacet
  facet normal -0.555443 0.831555 0
    outer loop
      vertex 55.1566 39.4926 0
      vertex 54.95 39.3546 2
      vertex 55.1566 39.4926 2
    endloop
  endfacet
  facet normal -0.555443 0.831555 0
    outer loop
      vertex 54.95 39.3546 2
      vertex 55.1566 39.4926 0
      vertex 54.95 39.3546 0
    endloop
  endfacet
  facet normal 0.194723 -0.980858 0
    outer loop
      vertex 53.5082 42.8353 0
      vertex 53.752 42.8837 2
      vertex 53.5082 42.8353 2
    endloop
  endfacet
  facet normal 0.194723 -0.980858 0
    outer loop
      vertex 53.752 42.8837 2
      vertex 53.5082 42.8353 0
      vertex 53.752 42.8837 0
    endloop
  endfacet
  facet normal 0.997847 0.0655843 0
    outer loop
      vertex 52.1163 40.752 2
      vertex 52.1 41 0
      vertex 52.1 41 2
    endloop
  endfacet
  facet normal 0.997847 0.0655843 0
    outer loop
      vertex 52.1 41 0
      vertex 52.1163 40.752 2
      vertex 52.1163 40.752 0
    endloop
  endfacet
  facet normal 0.896748 0.442541 0
    outer loop
      vertex 52.3546 40.05 2
      vertex 52.2446 40.2729 0
      vertex 52.2446 40.2729 2
    endloop
  endfacet
  facet normal 0.896748 0.442541 0
    outer loop
      vertex 52.2446 40.2729 0
      vertex 52.3546 40.05 2
      vertex 52.3546 40.05 0
    endloop
  endfacet
  facet normal -0.0655843 -0.997847 0
    outer loop
      vertex 54 42.9 0
      vertex 54.248 42.8837 2
      vertex 54 42.9 2
    endloop
  endfacet
  facet normal -0.0655843 -0.997847 -0
    outer loop
      vertex 54.248 42.8837 2
      vertex 54 42.9 0
      vertex 54.248 42.8837 0
    endloop
  endfacet
  facet normal -0.194723 0.980858 0
    outer loop
      vertex 54.4918 39.1647 0
      vertex 54.248 39.1163 2
      vertex 54.4918 39.1647 2
    endloop
  endfacet
  facet normal -0.194723 0.980858 0
    outer loop
      vertex 54.248 39.1163 2
      vertex 54.4918 39.1647 0
      vertex 54.248 39.1163 0
    endloop
  endfacet
  facet normal 0.442541 -0.896748 0
    outer loop
      vertex 53.05 42.6454 0
      vertex 53.2729 42.7554 2
      vertex 53.05 42.6454 2
    endloop
  endfacet
  facet normal 0.442541 -0.896748 0
    outer loop
      vertex 53.2729 42.7554 2
      vertex 53.05 42.6454 0
      vertex 53.2729 42.7554 0
    endloop
  endfacet
  facet normal 0.0655843 -0.997847 0
    outer loop
      vertex 53.752 42.8837 0
      vertex 54 42.9 2
      vertex 53.752 42.8837 2
    endloop
  endfacet
  facet normal 0.0655843 -0.997847 0
    outer loop
      vertex 54 42.9 2
      vertex 53.752 42.8837 0
      vertex 54 42.9 0
    endloop
  endfacet
  facet normal -0.442541 -0.896748 0
    outer loop
      vertex 54.7271 42.7554 0
      vertex 54.95 42.6454 2
      vertex 54.7271 42.7554 2
    endloop
  endfacet
  facet normal -0.442541 -0.896748 -0
    outer loop
      vertex 54.95 42.6454 2
      vertex 54.7271 42.7554 0
      vertex 54.95 42.6454 0
    endloop
  endfacet
  facet normal -0.442541 0.896748 0
    outer loop
      vertex 54.95 39.3546 0
      vertex 54.7271 39.2446 2
      vertex 54.95 39.3546 2
    endloop
  endfacet
  facet normal -0.442541 0.896748 0
    outer loop
      vertex 54.7271 39.2446 2
      vertex 54.95 39.3546 0
      vertex 54.7271 39.2446 0
    endloop
  endfacet
  facet normal 0.980858 0.194723 0
    outer loop
      vertex 52.1647 40.5082 2
      vertex 52.1163 40.752 0
      vertex 52.1163 40.752 2
    endloop
  endfacet
  facet normal 0.980858 0.194723 0
    outer loop
      vertex 52.1163 40.752 0
      vertex 52.1647 40.5082 2
      vertex 52.1647 40.5082 0
    endloop
  endfacet
  facet normal -0.997847 0.0655843 0
    outer loop
      vertex 55.8837 40.752 0
      vertex 55.9 41 2
      vertex 55.9 41 0
    endloop
  endfacet
  facet normal -0.997847 0.0655843 0
    outer loop
      vertex 55.9 41 2
      vertex 55.8837 40.752 0
      vertex 55.8837 40.752 2
    endloop
  endfacet
  facet normal -0.831555 0.555443 0
    outer loop
      vertex 55.5074 39.8434 0
      vertex 55.6454 40.05 2
      vertex 55.6454 40.05 0
    endloop
  endfacet
  facet normal -0.831555 0.555443 0
    outer loop
      vertex 55.6454 40.05 2
      vertex 55.5074 39.8434 0
      vertex 55.5074 39.8434 2
    endloop
  endfacet
  facet normal 0.831555 -0.555443 0
    outer loop
      vertex 52.3546 41.95 2
      vertex 52.4926 42.1566 0
      vertex 52.4926 42.1566 2
    endloop
  endfacet
  facet normal 0.831555 -0.555443 0
    outer loop
      vertex 52.4926 42.1566 0
      vertex 52.3546 41.95 2
      vertex 52.3546 41.95 0
    endloop
  endfacet
  facet normal 0.751854 0.65933 0
    outer loop
      vertex 52.6565 39.6565 2
      vertex 52.4926 39.8434 0
      vertex 52.4926 39.8434 2
    endloop
  endfacet
  facet normal 0.751854 0.65933 0
    outer loop
      vertex 52.4926 39.8434 0
      vertex 52.6565 39.6565 2
      vertex 52.6565 39.6565 0
    endloop
  endfacet
  facet normal 0.751854 -0.65933 0
    outer loop
      vertex 52.4926 42.1566 2
      vertex 52.6565 42.3435 0
      vertex 52.6565 42.3435 2
    endloop
  endfacet
  facet normal 0.751854 -0.65933 0
    outer loop
      vertex 52.6565 42.3435 0
      vertex 52.4926 42.1566 2
      vertex 52.4926 42.1566 0
    endloop
  endfacet
  facet normal 0.321535 0.946898 -0
    outer loop
      vertex 53.5082 39.1647 0
      vertex 53.2729 39.2446 2
      vertex 53.5082 39.1647 2
    endloop
  endfacet
  facet normal 0.321535 0.946898 0
    outer loop
      vertex 53.2729 39.2446 2
      vertex 53.5082 39.1647 0
      vertex 53.2729 39.2446 0
    endloop
  endfacet
  facet normal 0.65933 0.751854 -0
    outer loop
      vertex 52.8434 39.4926 0
      vertex 52.6565 39.6565 2
      vertex 52.8434 39.4926 2
    endloop
  endfacet
  facet normal 0.65933 0.751854 0
    outer loop
      vertex 52.6565 39.6565 2
      vertex 52.8434 39.4926 0
      vertex 52.6565 39.6565 0
    endloop
  endfacet
  facet normal -0.751854 0.65933 0
    outer loop
      vertex 55.3435 39.6565 0
      vertex 55.5074 39.8434 2
      vertex 55.5074 39.8434 0
    endloop
  endfacet
  facet normal -0.751854 0.65933 0
    outer loop
      vertex 55.5074 39.8434 2
      vertex 55.3435 39.6565 0
      vertex 55.3435 39.6565 2
    endloop
  endfacet
  facet normal 0.831555 0.555443 0
    outer loop
      vertex 52.4926 39.8434 2
      vertex 52.3546 40.05 0
      vertex 52.3546 40.05 2
    endloop
  endfacet
  facet normal 0.831555 0.555443 0
    outer loop
      vertex 52.3546 40.05 0
      vertex 52.4926 39.8434 2
      vertex 52.4926 39.8434 0
    endloop
  endfacet
  facet normal -0.896748 0.442541 0
    outer loop
      vertex 55.6454 40.05 0
      vertex 55.7554 40.2729 2
      vertex 55.7554 40.2729 0
    endloop
  endfacet
  facet normal -0.896748 0.442541 0
    outer loop
      vertex 55.7554 40.2729 2
      vertex 55.6454 40.05 0
      vertex 55.6454 40.05 2
    endloop
  endfacet
  facet normal -0.0655843 0.997847 0
    outer loop
      vertex 54.248 39.1163 0
      vertex 54 39.1 2
      vertex 54.248 39.1163 2
    endloop
  endfacet
  facet normal -0.0655843 0.997847 0
    outer loop
      vertex 54 39.1 2
      vertex 54.248 39.1163 0
      vertex 54 39.1 0
    endloop
  endfacet
  facet normal 0.194723 0.980858 -0
    outer loop
      vertex 53.752 39.1163 0
      vertex 53.5082 39.1647 2
      vertex 53.752 39.1163 2
    endloop
  endfacet
  facet normal 0.194723 0.980858 0
    outer loop
      vertex 53.5082 39.1647 2
      vertex 53.752 39.1163 0
      vertex 53.5082 39.1647 0
    endloop
  endfacet
  facet normal -0.194723 -0.980858 0
    outer loop
      vertex 54.248 42.8837 0
      vertex 54.4918 42.8353 2
      vertex 54.248 42.8837 2
    endloop
  endfacet
  facet normal -0.194723 -0.980858 -0
    outer loop
      vertex 54.4918 42.8353 2
      vertex 54.248 42.8837 0
      vertex 54.4918 42.8353 0
    endloop
  endfacet
  facet normal 0.0655843 0.997847 -0
    outer loop
      vertex 54 39.1 0
      vertex 53.752 39.1163 2
      vertex 54 39.1 2
    endloop
  endfacet
  facet normal 0.0655843 0.997847 0
    outer loop
      vertex 53.752 39.1163 2
      vertex 54 39.1 0
      vertex 53.752 39.1163 0
    endloop
  endfacet
  facet normal -0.555443 -0.831555 0
    outer loop
      vertex 54.95 42.6454 0
      vertex 55.1566 42.5074 2
      vertex 54.95 42.6454 2
    endloop
  endfacet
  facet normal -0.555443 -0.831555 -0
    outer loop
      vertex 55.1566 42.5074 2
      vertex 54.95 42.6454 0
      vertex 55.1566 42.5074 0
    endloop
  endfacet
  facet normal 0.321535 -0.946898 0
    outer loop
      vertex 53.2729 42.7554 0
      vertex 53.5082 42.8353 2
      vertex 53.2729 42.7554 2
    endloop
  endfacet
  facet normal 0.321535 -0.946898 0
    outer loop
      vertex 53.5082 42.8353 2
      vertex 53.2729 42.7554 0
      vertex 53.5082 42.8353 0
    endloop
  endfacet
  facet normal -0.946898 0.321535 0
    outer loop
      vertex 55.7554 40.2729 0
      vertex 55.8353 40.5082 2
      vertex 55.8353 40.5082 0
    endloop
  endfacet
  facet normal -0.946898 0.321535 0
    outer loop
      vertex 55.8353 40.5082 2
      vertex 55.7554 40.2729 0
      vertex 55.7554 40.2729 2
    endloop
  endfacet
  facet normal 0.980858 -0.194723 0
    outer loop
      vertex 52.1163 41.248 2
      vertex 52.1647 41.4918 0
      vertex 52.1647 41.4918 2
    endloop
  endfacet
  facet normal 0.980858 -0.194723 0
    outer loop
      vertex 52.1647 41.4918 0
      vertex 52.1163 41.248 2
      vertex 52.1163 41.248 0
    endloop
  endfacet
  facet normal -0.751854 -0.65933 0
    outer loop
      vertex 55.5074 42.1566 0
      vertex 55.3435 42.3435 2
      vertex 55.3435 42.3435 0
    endloop
  endfacet
  facet normal -0.751854 -0.65933 0
    outer loop
      vertex 55.3435 42.3435 2
      vertex 55.5074 42.1566 0
      vertex 55.5074 42.1566 2
    endloop
  endfacet
  facet normal -0.65933 -0.751854 0
    outer loop
      vertex 55.1566 42.5074 0
      vertex 55.3435 42.3435 2
      vertex 55.1566 42.5074 2
    endloop
  endfacet
  facet normal -0.65933 -0.751854 -0
    outer loop
      vertex 55.3435 42.3435 2
      vertex 55.1566 42.5074 0
      vertex 55.3435 42.3435 0
    endloop
  endfacet
  facet normal 0.946898 -0.321535 0
    outer loop
      vertex 52.1647 41.4918 2
      vertex 52.2446 41.7271 0
      vertex 52.2446 41.7271 2
    endloop
  endfacet
  facet normal 0.946898 -0.321535 0
    outer loop
      vertex 52.2446 41.7271 0
      vertex 52.1647 41.4918 2
      vertex 52.1647 41.4918 0
    endloop
  endfacet
  facet normal 0.997847 -0.0655843 0
    outer loop
      vertex 52.1 41 2
      vertex 52.1163 41.248 0
      vertex 52.1163 41.248 2
    endloop
  endfacet
  facet normal 0.997847 -0.0655843 0
    outer loop
      vertex 52.1163 41.248 0
      vertex 52.1 41 2
      vertex 52.1 41 0
    endloop
  endfacet
  facet normal 0.555443 0.831555 -0
    outer loop
      vertex 53.05 39.3546 0
      vertex 52.8434 39.4926 2
      vertex 53.05 39.3546 2
    endloop
  endfacet
  facet normal 0.555443 0.831555 0
    outer loop
      vertex 52.8434 39.4926 2
      vertex 53.05 39.3546 0
      vertex 52.8434 39.4926 0
    endloop
  endfacet
  facet normal -0.65933 0.751854 0
    outer loop
      vertex 55.3435 39.6565 0
      vertex 55.1566 39.4926 2
      vertex 55.3435 39.6565 2
    endloop
  endfacet
  facet normal -0.65933 0.751854 0
    outer loop
      vertex 55.1566 39.4926 2
      vertex 55.3435 39.6565 0
      vertex 55.1566 39.4926 0
    endloop
  endfacet
  facet normal 0.442541 0.896748 -0
    outer loop
      vertex 53.2729 39.2446 0
      vertex 53.05 39.3546 2
      vertex 53.2729 39.2446 2
    endloop
  endfacet
  facet normal 0.442541 0.896748 0
    outer loop
      vertex 53.05 39.3546 2
      vertex 53.2729 39.2446 0
      vertex 53.05 39.3546 0
    endloop
  endfacet
  facet normal 0.0653621 -0.997862 0
    outer loop
      vertex 3.73894 34.9829 2
      vertex 4 35 12
      vertex 3.73894 34.9829 12
    endloop
  endfacet
  facet normal 0.0653621 -0.997862 0
    outer loop
      vertex 4 35 12
      vertex 3.73894 34.9829 2
      vertex 4 35 2
    endloop
  endfacet
  facet normal 0.980783 0.195102 0
    outer loop
      vertex 2.06815 3.48236 12
      vertex 2.01711 3.73894 2
      vertex 2.01711 3.73894 12
    endloop
  endfacet
  facet normal 0.980783 0.195102 0
    outer loop
      vertex 2.01711 3.73894 2
      vertex 2.06815 3.48236 12
      vertex 2.06815 3.48236 2
    endloop
  endfacet
  facet normal 1 0 0
    outer loop
      vertex 2 27.5 4
      vertex 2 33 12
      vertex 2 27.5 10.2
    endloop
  endfacet
  facet normal 1 -0 0
    outer loop
      vertex 2 4 12
      vertex 2 27.5 10.2
      vertex 2 33 12
    endloop
  endfacet
  facet normal 1 0 0
    outer loop
      vertex 2 7.5 10.2
      vertex 2 4 12
      vertex 2 7.5 4
    endloop
  endfacet
  facet normal 1 0 0
    outer loop
      vertex 2 27.5 10.2
      vertex 2 4 12
      vertex 2 7.5 10.2
    endloop
  endfacet
  facet normal 1 0 0
    outer loop
      vertex 2 33 12
      vertex 2 27.5 4
      vertex 2 33 2
    endloop
  endfacet
  facet normal 1 0 0
    outer loop
      vertex 2 4 2
      vertex 2 27.5 4
      vertex 2 7.5 4
    endloop
  endfacet
  facet normal 1 0 0
    outer loop
      vertex 2 27.5 4
      vertex 2 4 2
      vertex 2 33 2
    endloop
  endfacet
  facet normal 1 0 0
    outer loop
      vertex 2 4 2
      vertex 2 7.5 4
      vertex 2 4 12
    endloop
  endfacet
  facet normal 0.997859 0.0654002 0
    outer loop
      vertex 2.01711 3.73894 12
      vertex 2 4 2
      vertex 2 4 12
    endloop
  endfacet
  facet normal 0.997859 0.0654002 0
    outer loop
      vertex 2 4 2
      vertex 2.01711 3.73894 12
      vertex 2.01711 3.73894 2
    endloop
  endfacet
  facet normal 0.89686 -0.442314 0
    outer loop
      vertex 2.15224 33.7654 12
      vertex 2.26794 34 2
      vertex 2.26794 34 12
    endloop
  endfacet
  facet normal 0.89686 -0.442314 0
    outer loop
      vertex 2.26794 34 2
      vertex 2.15224 33.7654 12
      vertex 2.15224 33.7654 2
    endloop
  endfacet
  facet normal 0.751842 -0.659343 0
    outer loop
      vertex 2.41328 34.2175 12
      vertex 2.58578 34.4142 2
      vertex 2.58578 34.4142 12
    endloop
  endfacet
  facet normal 0.751842 -0.659343 0
    outer loop
      vertex 2.58578 34.4142 2
      vertex 2.41328 34.2175 12
      vertex 2.41328 34.2175 2
    endloop
  endfacet
  facet normal 0 -1 0
    outer loop
      vertex 4 35 2
      vertex 68 35 12
      vertex 4 35 12
    endloop
  endfacet
  facet normal 0 -1 -0
    outer loop
      vertex 68 35 12
      vertex 4 35 2
      vertex 68 35 2
    endloop
  endfacet
  facet normal -0.0653771 -0.997861 0
    outer loop
      vertex 68 35 2
      vertex 68.261 34.9829 12
      vertex 68 35 12
    endloop
  endfacet
  facet normal -0.0653771 -0.997861 -0
    outer loop
      vertex 68.261 34.9829 12
      vertex 68 35 2
      vertex 68.261 34.9829 2
    endloop
  endfacet
  facet normal 0.321418 0.946938 -0
    outer loop
      vertex 3.48236 2.06815 2
      vertex 3.23462 2.15224 12
      vertex 3.48236 2.06815 12
    endloop
  endfacet
  facet normal 0.321418 0.946938 0
    outer loop
      vertex 3.23462 2.15224 12
      vertex 3.48236 2.06815 2
      vertex 3.23462 2.15224 2
    endloop
  endfacet
  facet normal -0.0654151 0.997858 0
    outer loop
      vertex 68.261 2.01711 2
      vertex 68 2 12
      vertex 68.261 2.01711 12
    endloop
  endfacet
  facet normal -0.0654151 0.997858 0
    outer loop
      vertex 68 2 12
      vertex 68.261 2.01711 2
      vertex 68 2 2
    endloop
  endfacet
  facet normal 0.555441 -0.831556 0
    outer loop
      vertex 2.78247 34.5867 2
      vertex 3 34.732 12
      vertex 2.78247 34.5867 12
    endloop
  endfacet
  facet normal 0.555441 -0.831556 0
    outer loop
      vertex 3 34.732 12
      vertex 2.78247 34.5867 2
      vertex 3 34.732 2
    endloop
  endfacet
  facet normal -0.896875 0.442283 0
    outer loop
      vertex 69.732 3 2
      vertex 69.8477 3.23462 12
      vertex 69.8477 3.23462 2
    endloop
  endfacet
  facet normal -0.896875 0.442283 0
    outer loop
      vertex 69.8477 3.23462 12
      vertex 69.732 3 2
      vertex 69.732 3 12
    endloop
  endfacet
  facet normal -0.980742 -0.195308 0
    outer loop
      vertex 69.9829 33.261 2
      vertex 69.9318 33.5176 12
      vertex 69.9318 33.5176 2
    endloop
  endfacet
  facet normal -0.980742 -0.195308 0
    outer loop
      vertex 69.9318 33.5176 12
      vertex 69.9829 33.261 2
      vertex 69.9829 33.261 12
    endloop
  endfacet
  facet normal -0.997862 0.0653621 0
    outer loop
      vertex 69.9829 3.73894 2
      vertex 70 4 12
      vertex 70 4 2
    endloop
  endfacet
  facet normal -0.997862 0.0653621 0
    outer loop
      vertex 70 4 12
      vertex 69.9829 3.73894 2
      vertex 69.9829 3.73894 12
    endloop
  endfacet
  facet normal -0.555494 -0.831521 0
    outer loop
      vertex 69 34.732 2
      vertex 69.2175 34.5867 12
      vertex 69 34.732 12
    endloop
  endfacet
  facet normal -0.555494 -0.831521 -0
    outer loop
      vertex 69.2175 34.5867 12
      vertex 69 34.732 2
      vertex 69.2175 34.5867 2
    endloop
  endfacet
  facet normal -0.442314 -0.89686 0
    outer loop
      vertex 68.7654 34.8477 2
      vertex 69 34.732 12
      vertex 68.7654 34.8477 12
    endloop
  endfacet
  facet normal -0.442314 -0.89686 -0
    outer loop
      vertex 69 34.732 12
      vertex 68.7654 34.8477 2
      vertex 69 34.732 2
    endloop
  endfacet
  facet normal -1 0 0
    outer loop
      vertex 70 33 2
      vertex 70 27.5 4.5
      vertex 70 33 12
    endloop
  endfacet
  facet normal -1 0 0
    outer loop
      vertex 70 4 2
      vertex 70 27.5 4.5
      vertex 70 33 2
    endloop
  endfacet
  facet normal -1 0 0
    outer loop
      vertex 70 4 12
      vertex 70 7.5 4.5
      vertex 70 4 2
    endloop
  endfacet
  facet normal -1 -0 0
    outer loop
      vertex 70 27.5 4.5
      vertex 70 4 2
      vertex 70 7.5 4.5
    endloop
  endfacet
  facet normal -1 0 0
    outer loop
      vertex 70 27.5 10.5
      vertex 70 33 12
      vertex 70 27.5 4.5
    endloop
  endfacet
  facet normal -1 0 0
    outer loop
      vertex 70 4 12
      vertex 70 27.5 10.5
      vertex 70 7.5 10.5
    endloop
  endfacet
  facet normal -1 0 0
    outer loop
      vertex 70 27.5 10.5
      vertex 70 4 12
      vertex 70 33 12
    endloop
  endfacet
  facet normal -1 0 0
    outer loop
      vertex 70 7.5 4.5
      vertex 70 4 12
      vertex 70 7.5 10.5
    endloop
  endfacet
  facet normal 0 1 -0
    outer loop
      vertex 38.9 2 4.5
      vertex 23.5 2 11.7
      vertex 38.9 2 11.7
    endloop
  endfacet
  facet normal 0 1 0
    outer loop
      vertex 23.5 2 11.7
      vertex 38.9 2 4.5
      vertex 23.5 2 4.5
    endloop
  endfacet
  facet normal 0 1 -0
    outer loop
      vertex 51.5 2 4.5
      vertex 49.4 2 11.7
      vertex 51.5 2 11.7
    endloop
  endfacet
  facet normal 0 1 0
    outer loop
      vertex 49.4 2 11.7
      vertex 51.5 2 4.5
      vertex 49.4 2 4.5
    endloop
  endfacet
  facet normal 0 1 0
    outer loop
      vertex 51.5 2 11.7
      vertex 68 2 12
      vertex 62.5 2 11.7
    endloop
  endfacet
  facet normal 0 1 0
    outer loop
      vertex 68 2 12
      vertex 62.5 2 4.5
      vertex 62.5 2 11.7
    endloop
  endfacet
  facet normal 0 1 0
    outer loop
      vertex 68 2 2
      vertex 51.5 2 4.5
      vertex 62.5 2 4.5
    endloop
  endfacet
  facet normal 0 1 0
    outer loop
      vertex 51.5 2 4.5
      vertex 68 2 2
      vertex 49.4 2 4.5
    endloop
  endfacet
  facet normal 0 1 0
    outer loop
      vertex 49.4 2 4.5
      vertex 68 2 2
      vertex 38.9 2 4.5
    endloop
  endfacet
  facet normal 0 1 0
    outer loop
      vertex 4 2 2
      vertex 38.9 2 4.5
      vertex 68 2 2
    endloop
  endfacet
  facet normal 0 1 0
    outer loop
      vertex 38.9 2 4.5
      vertex 4 2 2
      vertex 23.5 2 4.5
    endloop
  endfacet
  facet normal 0 1 -0
    outer loop
      vertex 68 2 2
      vertex 62.5 2 4.5
      vertex 68 2 12
    endloop
  endfacet
  facet normal 0 1 0
    outer loop
      vertex 49.4 2 11.7
      vertex 68 2 12
      vertex 51.5 2 11.7
    endloop
  endfacet
  facet normal 0 1 0
    outer loop
      vertex 68 2 12
      vertex 49.4 2 11.7
      vertex 4 2 12
    endloop
  endfacet
  facet normal 0 1 -0
    outer loop
      vertex 38.9 2 11.7
      vertex 4 2 12
      vertex 49.4 2 11.7
    endloop
  endfacet
  facet normal 0 1 -0
    outer loop
      vertex 23.5 2 11.7
      vertex 4 2 12
      vertex 38.9 2 11.7
    endloop
  endfacet
  facet normal 0 1 -0
    outer loop
      vertex 8.3 2 11.7
      vertex 4 2 12
      vertex 23.5 2 11.7
    endloop
  endfacet
  facet normal 0 1 -0
    outer loop
      vertex 8.3 2 4.5
      vertex 4 2 12
      vertex 8.3 2 11.7
    endloop
  endfacet
  facet normal 0 1 0
    outer loop
      vertex 8.3 2 4.5
      vertex 4 2 2
      vertex 4 2 12
    endloop
  endfacet
  facet normal 0 1 0
    outer loop
      vertex 23.5 2 4.5
      vertex 4 2 2
      vertex 8.3 2 4.5
    endloop
  endfacet
  facet normal -0.997861 -0.0653771 0
    outer loop
      vertex 70 33 2
      vertex 69.9829 33.261 12
      vertex 69.9829 33.261 2
    endloop
  endfacet
  facet normal -0.997861 -0.0653771 0
    outer loop
      vertex 69.9829 33.261 12
      vertex 70 33 2
      vertex 70 33 12
    endloop
  endfacet
  facet normal 0.442283 -0.896875 0
    outer loop
      vertex 3 34.732 2
      vertex 3.23462 34.8477 12
      vertex 3 34.732 12
    endloop
  endfacet
  facet normal 0.442283 -0.896875 0
    outer loop
      vertex 3.23462 34.8477 12
      vertex 3 34.732 2
      vertex 3.23462 34.8477 2
    endloop
  endfacet
  facet normal -0.831521 -0.555494 0
    outer loop
      vertex 69.732 34 2
      vertex 69.5867 34.2175 12
      vertex 69.5867 34.2175 2
    endloop
  endfacet
  facet normal -0.831521 -0.555494 0
    outer loop
      vertex 69.5867 34.2175 12
      vertex 69.732 34 2
      vertex 69.732 34 12
    endloop
  endfacet
  facet normal -0.195308 -0.980742 0
    outer loop
      vertex 68.261 34.9829 2
      vertex 68.5176 34.9318 12
      vertex 68.261 34.9829 12
    endloop
  endfacet
  facet normal -0.195308 -0.980742 -0
    outer loop
      vertex 68.5176 34.9318 12
      vertex 68.261 34.9829 2
      vertex 68.5176 34.9318 2
    endloop
  endfacet
  facet normal -0.89686 -0.442314 0
    outer loop
      vertex 69.8477 33.7654 2
      vertex 69.732 34 12
      vertex 69.732 34 2
    endloop
  endfacet
  facet normal -0.89686 -0.442314 0
    outer loop
      vertex 69.732 34 12
      vertex 69.8477 33.7654 2
      vertex 69.8477 33.7654 12
    endloop
  endfacet
  facet normal -0.751842 -0.659343 0
    outer loop
      vertex 69.5867 34.2175 2
      vertex 69.4142 34.4142 12
      vertex 69.4142 34.4142 2
    endloop
  endfacet
  facet normal -0.751842 -0.659343 0
    outer loop
      vertex 69.4142 34.4142 12
      vertex 69.5867 34.2175 2
      vertex 69.5867 34.2175 12
    endloop
  endfacet
  facet normal 0.946961 -0.321348 0
    outer loop
      vertex 2.06815 33.5176 12
      vertex 2.15224 33.7654 2
      vertex 2.15224 33.7654 12
    endloop
  endfacet
  facet normal 0.946961 -0.321348 0
    outer loop
      vertex 2.15224 33.7654 2
      vertex 2.06815 33.5176 12
      vertex 2.06815 33.5176 2
    endloop
  endfacet
  facet normal -0.442314 0.89686 0
    outer loop
      vertex 69 2.26794 2
      vertex 68.7654 2.15224 12
      vertex 69 2.26794 12
    endloop
  endfacet
  facet normal -0.442314 0.89686 0
    outer loop
      vertex 68.7654 2.15224 12
      vertex 69 2.26794 2
      vertex 68.7654 2.15224 2
    endloop
  endfacet
  facet normal -0.946926 0.321452 0
    outer loop
      vertex 69.8477 3.23462 2
      vertex 69.9318 3.48236 12
      vertex 69.9318 3.48236 2
    endloop
  endfacet
  facet normal -0.946926 0.321452 0
    outer loop
      vertex 69.9318 3.48236 12
      vertex 69.8477 3.23462 2
      vertex 69.8477 3.23462 12
    endloop
  endfacet
  facet normal 0.321452 -0.946926 0
    outer loop
      vertex 3.23462 34.8477 2
      vertex 3.48236 34.9318 12
      vertex 3.23462 34.8477 12
    endloop
  endfacet
  facet normal 0.321452 -0.946926 0
    outer loop
      vertex 3.48236 34.9318 12
      vertex 3.23462 34.8477 2
      vertex 3.48236 34.9318 2
    endloop
  endfacet
  facet normal 0.442283 0.896875 -0
    outer loop
      vertex 3.23462 2.15224 2
      vertex 3 2.26794 12
      vertex 3.23462 2.15224 12
    endloop
  endfacet
  facet normal 0.442283 0.896875 0
    outer loop
      vertex 3 2.26794 12
      vertex 3.23462 2.15224 2
      vertex 3 2.26794 2
    endloop
  endfacet
  facet normal 0.83145 -0.5556 0
    outer loop
      vertex 2.26794 34 12
      vertex 2.41328 34.2175 2
      vertex 2.41328 34.2175 12
    endloop
  endfacet
  facet normal 0.83145 -0.5556 0
    outer loop
      vertex 2.41328 34.2175 2
      vertex 2.26794 34 12
      vertex 2.26794 34 2
    endloop
  endfacet
  facet normal -0.94695 -0.321382 0
    outer loop
      vertex 69.9318 33.5176 2
      vertex 69.8477 33.7654 12
      vertex 69.8477 33.7654 2
    endloop
  endfacet
  facet normal -0.94695 -0.321382 0
    outer loop
      vertex 69.8477 33.7654 12
      vertex 69.9318 33.5176 2
      vertex 69.9318 33.5176 12
    endloop
  endfacet
  facet normal -0.195087 0.980786 0
    outer loop
      vertex 68.5176 2.06815 2
      vertex 68.261 2.01711 12
      vertex 68.5176 2.06815 12
    endloop
  endfacet
  facet normal -0.195087 0.980786 0
    outer loop
      vertex 68.261 2.01711 12
      vertex 68.5176 2.06815 2
      vertex 68.261 2.01711 2
    endloop
  endfacet
  facet normal 0.195322 -0.980739 0
    outer loop
      vertex 3.48236 34.9318 2
      vertex 3.73894 34.9829 12
      vertex 3.48236 34.9318 12
    endloop
  endfacet
  facet normal 0.195322 -0.980739 0
    outer loop
      vertex 3.73894 34.9829 12
      vertex 3.48236 34.9318 2
      vertex 3.73894 34.9829 2
    endloop
  endfacet
  facet normal 0.0654002 0.997859 -0
    outer loop
      vertex 4 2 2
      vertex 3.73894 2.01711 12
      vertex 4 2 12
    endloop
  endfacet
  facet normal 0.0654002 0.997859 0
    outer loop
      vertex 3.73894 2.01711 12
      vertex 4 2 2
      vertex 3.73894 2.01711 2
    endloop
  endfacet
  facet normal 0.896875 0.442283 0
    outer loop
      vertex 2.26794 3 12
      vertex 2.15224 3.23462 2
      vertex 2.15224 3.23462 12
    endloop
  endfacet
  facet normal 0.896875 0.442283 0
    outer loop
      vertex 2.15224 3.23462 2
      vertex 2.26794 3 12
      vertex 2.26794 3 2
    endloop
  endfacet
  facet normal 0.997858 -0.0654151 0
    outer loop
      vertex 2 33 12
      vertex 2.01711 33.261 2
      vertex 2.01711 33.261 12
    endloop
  endfacet
  facet normal 0.997858 -0.0654151 0
    outer loop
      vertex 2.01711 33.261 2
      vertex 2 33 12
      vertex 2 33 2
    endloop
  endfacet
  facet normal 0.195102 0.980783 -0
    outer loop
      vertex 3.73894 2.01711 2
      vertex 3.48236 2.06815 12
      vertex 3.73894 2.01711 12
    endloop
  endfacet
  facet normal 0.195102 0.980783 0
    outer loop
      vertex 3.48236 2.06815 12
      vertex 3.73894 2.01711 2
      vertex 3.48236 2.06815 2
    endloop
  endfacet
  facet normal -0.831556 0.555441 0
    outer loop
      vertex 69.5867 2.78247 2
      vertex 69.732 3 12
      vertex 69.732 3 2
    endloop
  endfacet
  facet normal -0.831556 0.555441 0
    outer loop
      vertex 69.732 3 12
      vertex 69.5867 2.78247 2
      vertex 69.5867 2.78247 12
    endloop
  endfacet
  facet normal -0.5556 0.83145 0
    outer loop
      vertex 69.2175 2.41328 2
      vertex 69 2.26794 12
      vertex 69.2175 2.41328 12
    endloop
  endfacet
  facet normal -0.5556 0.83145 0
    outer loop
      vertex 69 2.26794 12
      vertex 69.2175 2.41328 2
      vertex 69 2.26794 2
    endloop
  endfacet
  facet normal -0.321382 -0.94695 0
    outer loop
      vertex 68.5176 34.9318 2
      vertex 68.7654 34.8477 12
      vertex 68.5176 34.9318 12
    endloop
  endfacet
  facet normal -0.321382 -0.94695 -0
    outer loop
      vertex 68.7654 34.8477 12
      vertex 68.5176 34.9318 2
      vertex 68.7654 34.8477 2
    endloop
  endfacet
  facet normal 0.659362 -0.751826 0
    outer loop
      vertex 2.58578 34.4142 2
      vertex 2.78247 34.5867 12
      vertex 2.58578 34.4142 12
    endloop
  endfacet
  facet normal 0.659362 -0.751826 0
    outer loop
      vertex 2.78247 34.5867 12
      vertex 2.58578 34.4142 2
      vertex 2.78247 34.5867 2
    endloop
  endfacet
  facet normal -0.321348 0.946961 0
    outer loop
      vertex 68.7654 2.15224 2
      vertex 68.5176 2.06815 12
      vertex 68.7654 2.15224 12
    endloop
  endfacet
  facet normal -0.321348 0.946961 0
    outer loop
      vertex 68.5176 2.06815 12
      vertex 68.7654 2.15224 2
      vertex 68.5176 2.06815 2
    endloop
  endfacet
  facet normal 0.751826 0.659362 0
    outer loop
      vertex 2.58578 2.58578 12
      vertex 2.41328 2.78247 2
      vertex 2.41328 2.78247 12
    endloop
  endfacet
  facet normal 0.751826 0.659362 0
    outer loop
      vertex 2.41328 2.78247 2
      vertex 2.58578 2.58578 12
      vertex 2.58578 2.58578 2
    endloop
  endfacet
  facet normal 0.659362 0.751826 -0
    outer loop
      vertex 2.78247 2.41328 2
      vertex 2.58578 2.58578 12
      vertex 2.78247 2.41328 12
    endloop
  endfacet
  facet normal 0.659362 0.751826 0
    outer loop
      vertex 2.58578 2.58578 12
      vertex 2.78247 2.41328 2
      vertex 2.58578 2.58578 2
    endloop
  endfacet
  facet normal 0.555547 0.831485 -0
    outer loop
      vertex 3 2.26794 2
      vertex 2.78247 2.41328 12
      vertex 3 2.26794 12
    endloop
  endfacet
  facet normal 0.555547 0.831485 0
    outer loop
      vertex 2.78247 2.41328 12
      vertex 3 2.26794 2
      vertex 2.78247 2.41328 2
    endloop
  endfacet
  facet normal 0.980786 -0.195087 0
    outer loop
      vertex 2.01711 33.261 12
      vertex 2.06815 33.5176 2
      vertex 2.06815 33.5176 12
    endloop
  endfacet
  facet normal 0.980786 -0.195087 0
    outer loop
      vertex 2.06815 33.5176 2
      vertex 2.01711 33.261 12
      vertex 2.01711 33.261 2
    endloop
  endfacet
  facet normal -0.659343 -0.751842 0
    outer loop
      vertex 69.2175 34.5867 2
      vertex 69.4142 34.4142 12
      vertex 69.2175 34.5867 12
    endloop
  endfacet
  facet normal -0.659343 -0.751842 -0
    outer loop
      vertex 69.4142 34.4142 12
      vertex 69.2175 34.5867 2
      vertex 69.4142 34.4142 2
    endloop
  endfacet
  facet normal -0.659343 0.751842 0
    outer loop
      vertex 69.4142 2.58578 2
      vertex 69.2175 2.41328 12
      vertex 69.4142 2.58578 12
    endloop
  endfacet
  facet normal -0.659343 0.751842 0
    outer loop
      vertex 69.2175 2.41328 12
      vertex 69.4142 2.58578 2
      vertex 69.2175 2.41328 2
    endloop
  endfacet
  facet normal -0.751826 0.659362 0
    outer loop
      vertex 69.4142 2.58578 2
      vertex 69.5867 2.78247 12
      vertex 69.5867 2.78247 2
    endloop
  endfacet
  facet normal -0.751826 0.659362 0
    outer loop
      vertex 69.5867 2.78247 12
      vertex 69.4142 2.58578 2
      vertex 69.4142 2.58578 12
    endloop
  endfacet
  facet normal -0.980739 0.195322 0
    outer loop
      vertex 69.9318 3.48236 2
      vertex 69.9829 3.73894 12
      vertex 69.9829 3.73894 2
    endloop
  endfacet
  facet normal -0.980739 0.195322 0
    outer loop
      vertex 69.9829 3.73894 12
      vertex 69.9318 3.48236 2
      vertex 69.9318 3.48236 12
    endloop
  endfacet
  facet normal 0.946938 0.321418 0
    outer loop
      vertex 2.15224 3.23462 12
      vertex 2.06815 3.48236 2
      vertex 2.06815 3.48236 12
    endloop
  endfacet
  facet normal 0.946938 0.321418 0
    outer loop
      vertex 2.06815 3.48236 2
      vertex 2.15224 3.23462 12
      vertex 2.15224 3.23462 2
    endloop
  endfacet
  facet normal 0.831485 0.555547 0
    outer loop
      vertex 2.41328 2.78247 12
      vertex 2.26794 3 2
      vertex 2.26794 3 12
    endloop
  endfacet
  facet normal 0.831485 0.555547 0
    outer loop
      vertex 2.26794 3 2
      vertex 2.41328 2.78247 12
      vertex 2.41328 2.78247 2
    endloop
  endfacet
  facet normal 0 0 1
    outer loop
      vertex 9.77164 28.8519 2
      vertex 62.2284 28.8519 2
      vertex 9.89778 29.2235 2
    endloop
  endfacet
  facet normal 0 0 1
    outer loop
      vertex 62.2284 8.14805 2
      vertex 9.97433 7.39158 2
      vertex 10 7 2
    endloop
  endfacet
  facet normal 0 0 1
    outer loop
      vertex 62.2284 28.8519 2
      vertex 9.77164 28.8519 2
      vertex 62.2284 8.14805 2
    endloop
  endfacet
  facet normal 0 0 1
    outer loop
      vertex 62.2284 8.14805 2
      vertex 9.89778 7.77646 2
      vertex 9.97433 7.39158 2
    endloop
  endfacet
  facet normal 0 0 1
    outer loop
      vertex 9.77164 8.14805 2
      vertex 62.2284 8.14805 2
      vertex 9.77164 28.8519 2
    endloop
  endfacet
  facet normal 0 0 1
    outer loop
      vertex 62.2284 8.14805 2
      vertex 9.77164 8.14805 2
      vertex 9.89778 7.77646 2
    endloop
  endfacet
  facet normal -0 0 1
    outer loop
      vertex 9.59808 28.5 2
      vertex 9.77164 8.14805 2
      vertex 9.77164 28.8519 2
    endloop
  endfacet
  facet normal 0 0 1
    outer loop
      vertex 9.59808 28.5 2
      vertex 9.59808 8.5 2
      vertex 9.77164 8.14805 2
    endloop
  endfacet
  facet normal -0 0 1
    outer loop
      vertex 9.38006 28.1737 2
      vertex 9.59808 8.5 2
      vertex 9.59808 28.5 2
    endloop
  endfacet
  facet normal 0 0 1
    outer loop
      vertex 9.38006 28.1737 2
      vertex 9.38006 8.82628 2
      vertex 9.59808 8.5 2
    endloop
  endfacet
  facet normal -0 0 1
    outer loop
      vertex 9.12132 27.8787 2
      vertex 9.38006 8.82628 2
      vertex 9.38006 28.1737 2
    endloop
  endfacet
  facet normal 0 0 1
    outer loop
      vertex 9.12132 27.8787 2
      vertex 9.12132 9.12132 2
      vertex 9.38006 8.82628 2
    endloop
  endfacet
  facet normal -0 0 1
    outer loop
      vertex 8.82628 27.6199 2
      vertex 9.12132 9.12132 2
      vertex 9.12132 27.8787 2
    endloop
  endfacet
  facet normal 0 0 1
    outer loop
      vertex 8.82628 27.6199 2
      vertex 8.82628 9.38006 2
      vertex 9.12132 9.12132 2
    endloop
  endfacet
  facet normal -0 0 1
    outer loop
      vertex 8.5 27.4019 2
      vertex 8.82628 9.38006 2
      vertex 8.82628 27.6199 2
    endloop
  endfacet
  facet normal 0 0 1
    outer loop
      vertex 8.5 27.4019 2
      vertex 8.5 9.59808 2
      vertex 8.82628 9.38006 2
    endloop
  endfacet
  facet normal -0 0 1
    outer loop
      vertex 8.14805 27.2284 2
      vertex 8.5 9.59808 2
      vertex 8.5 27.4019 2
    endloop
  endfacet
  facet normal 0 0 1
    outer loop
      vertex 8.14805 27.2284 2
      vertex 8.14805 9.77164 2
      vertex 8.5 9.59808 2
    endloop
  endfacet
  facet normal -0 0 1
    outer loop
      vertex 7.77646 27.1022 2
      vertex 8.14805 9.77164 2
      vertex 8.14805 27.2284 2
    endloop
  endfacet
  facet normal 0 0 1
    outer loop
      vertex 7.77646 27.1022 2
      vertex 7.77646 9.89778 2
      vertex 8.14805 9.77164 2
    endloop
  endfacet
  facet normal -0 0 1
    outer loop
      vertex 7.39158 27.0257 2
      vertex 7.77646 9.89778 2
      vertex 7.77646 27.1022 2
    endloop
  endfacet
  facet normal 0 0 1
    outer loop
      vertex 7.39158 27.0257 2
      vertex 7.39158 9.97433 2
      vertex 7.77646 9.89778 2
    endloop
  endfacet
  facet normal -0 0 1
    outer loop
      vertex 7 27 2
      vertex 7.39158 9.97433 2
      vertex 7.39158 27.0257 2
    endloop
  endfacet
  facet normal 0 0 1
    outer loop
      vertex 7 27 2
      vertex 7 10 2
      vertex 7.39158 9.97433 2
    endloop
  endfacet
  facet normal 0 0 1
    outer loop
      vertex 6.60842 27.0257 2
      vertex 7 10 2
      vertex 7 27 2
    endloop
  endfacet
  facet normal 0 0 1
    outer loop
      vertex 6.60842 27.0257 2
      vertex 6.60842 9.97433 2
      vertex 7 10 2
    endloop
  endfacet
  facet normal 0 0 1
    outer loop
      vertex 6.22354 27.1022 2
      vertex 6.60842 9.97433 2
      vertex 6.60842 27.0257 2
    endloop
  endfacet
  facet normal 0 0 1
    outer loop
      vertex 6.22354 27.1022 2
      vertex 6.22354 9.89778 2
      vertex 6.60842 9.97433 2
    endloop
  endfacet
  facet normal 0 0 1
    outer loop
      vertex 5.85195 27.2284 2
      vertex 6.22354 9.89778 2
      vertex 6.22354 27.1022 2
    endloop
  endfacet
  facet normal 0 0 1
    outer loop
      vertex 5.85195 27.2284 2
      vertex 5.85195 9.77164 2
      vertex 6.22354 9.89778 2
    endloop
  endfacet
  facet normal 0 0 1
    outer loop
      vertex 5.5 27.4019 2
      vertex 5.85195 9.77164 2
      vertex 5.85195 27.2284 2
    endloop
  endfacet
  facet normal 0 0 1
    outer loop
      vertex 5.5 27.4019 2
      vertex 5.5 9.59808 2
      vertex 5.85195 9.77164 2
    endloop
  endfacet
  facet normal 0 0 1
    outer loop
      vertex 5.17372 27.6199 2
      vertex 5.5 9.59808 2
      vertex 5.5 27.4019 2
    endloop
  endfacet
  facet normal 0 0 1
    outer loop
      vertex 5.17372 27.6199 2
      vertex 5.17372 9.38006 2
      vertex 5.5 9.59808 2
    endloop
  endfacet
  facet normal 0 0 1
    outer loop
      vertex 4.87868 27.8787 2
      vertex 5.17372 9.38006 2
      vertex 5.17372 27.6199 2
    endloop
  endfacet
  facet normal 0 0 1
    outer loop
      vertex 4.87868 27.8787 2
      vertex 4.87868 9.12132 2
      vertex 5.17372 9.38006 2
    endloop
  endfacet
  facet normal 0 0 1
    outer loop
      vertex 4.61994 28.1737 2
      vertex 4.87868 9.12132 2
      vertex 4.87868 27.8787 2
    endloop
  endfacet
  facet normal 0 0 1
    outer loop
      vertex 4.61994 28.1737 2
      vertex 4.61994 8.82628 2
      vertex 4.87868 9.12132 2
    endloop
  endfacet
  facet normal 0 0 1
    outer loop
      vertex 4.40192 28.5 2
      vertex 4.61994 8.82628 2
      vertex 4.61994 28.1737 2
    endloop
  endfacet
  facet normal 0 0 1
    outer loop
      vertex 4.40192 28.5 2
      vertex 4.40192 8.5 2
      vertex 4.61994 8.82628 2
    endloop
  endfacet
  facet normal 0 0 1
    outer loop
      vertex 4.22836 28.8519 2
      vertex 4.40192 8.5 2
      vertex 4.40192 28.5 2
    endloop
  endfacet
  facet normal 0 0 1
    outer loop
      vertex 4.22836 28.8519 2
      vertex 4.22836 8.14805 2
      vertex 4.40192 8.5 2
    endloop
  endfacet
  facet normal 0 0 1
    outer loop
      vertex 2 33 2
      vertex 4.22836 28.8519 2
      vertex 4.10222 29.2235 2
    endloop
  endfacet
  facet normal 0 0 1
    outer loop
      vertex 4.22836 28.8519 2
      vertex 2 33 2
      vertex 4.22836 8.14805 2
    endloop
  endfacet
  facet normal 0 0 1
    outer loop
      vertex 2 33 2
      vertex 4.10222 29.2235 2
      vertex 4.02567 29.6084 2
    endloop
  endfacet
  facet normal 0 0 1
    outer loop
      vertex 2 4 2
      vertex 4.22836 8.14805 2
      vertex 2 33 2
    endloop
  endfacet
  facet normal 0 0 1
    outer loop
      vertex 2 33 2
      vertex 4.02567 29.6084 2
      vertex 4 30 2
    endloop
  endfacet
  facet normal 0 0 1
    outer loop
      vertex 4.22836 8.14805 2
      vertex 2 4 2
      vertex 4.10222 7.77646 2
    endloop
  endfacet
  facet normal 0 0 1
    outer loop
      vertex 67.7716 28.8519 2
      vertex 70 33 2
      vertex 67.8978 29.2235 2
    endloop
  endfacet
  facet normal 0 0 1
    outer loop
      vertex 70 4 2
      vertex 67.9743 7.39158 2
      vertex 68 7 2
    endloop
  endfacet
  facet normal 0 0 1
    outer loop
      vertex 70 33 2
      vertex 67.7716 28.8519 2
      vertex 70 4 2
    endloop
  endfacet
  facet normal 0 0 1
    outer loop
      vertex 70 4 2
      vertex 67.8978 7.77646 2
      vertex 67.9743 7.39158 2
    endloop
  endfacet
  facet normal -0 0 1
    outer loop
      vertex 67.7716 8.14805 2
      vertex 70 4 2
      vertex 67.7716 28.8519 2
    endloop
  endfacet
  facet normal 0 0 1
    outer loop
      vertex 70 4 2
      vertex 67.7716 8.14805 2
      vertex 67.8978 7.77646 2
    endloop
  endfacet
  facet normal -0 0 1
    outer loop
      vertex 67.5981 28.5 2
      vertex 67.7716 8.14805 2
      vertex 67.7716 28.8519 2
    endloop
  endfacet
  facet normal 0 0 1
    outer loop
      vertex 67.5981 28.5 2
      vertex 67.5981 8.5 2
      vertex 67.7716 8.14805 2
    endloop
  endfacet
  facet normal -0 0 1
    outer loop
      vertex 67.3801 28.1737 2
      vertex 67.5981 8.5 2
      vertex 67.5981 28.5 2
    endloop
  endfacet
  facet normal 0 0 1
    outer loop
      vertex 67.3801 28.1737 2
      vertex 67.3801 8.82628 2
      vertex 67.5981 8.5 2
    endloop
  endfacet
  facet normal -0 0 1
    outer loop
      vertex 67.1213 27.8787 2
      vertex 67.3801 8.82628 2
      vertex 67.3801 28.1737 2
    endloop
  endfacet
  facet normal 0 0 1
    outer loop
      vertex 67.1213 27.8787 2
      vertex 67.1213 9.12132 2
      vertex 67.3801 8.82628 2
    endloop
  endfacet
  facet normal -0 0 1
    outer loop
      vertex 66.8263 27.6199 2
      vertex 67.1213 9.12132 2
      vertex 67.1213 27.8787 2
    endloop
  endfacet
  facet normal 0 0 1
    outer loop
      vertex 66.8263 27.6199 2
      vertex 66.8263 9.38006 2
      vertex 67.1213 9.12132 2
    endloop
  endfacet
  facet normal -0 0 1
    outer loop
      vertex 66.5 27.4019 2
      vertex 66.8263 9.38006 2
      vertex 66.8263 27.6199 2
    endloop
  endfacet
  facet normal 0 0 1
    outer loop
      vertex 66.5 27.4019 2
      vertex 66.5 9.59808 2
      vertex 66.8263 9.38006 2
    endloop
  endfacet
  facet normal -0 0 1
    outer loop
      vertex 66.148 27.2284 2
      vertex 66.5 9.59808 2
      vertex 66.5 27.4019 2
    endloop
  endfacet
  facet normal 0 0 1
    outer loop
      vertex 66.148 27.2284 2
      vertex 66.148 9.77164 2
      vertex 66.5 9.59808 2
    endloop
  endfacet
  facet normal -0 0 1
    outer loop
      vertex 65.7765 27.1022 2
      vertex 66.148 9.77164 2
      vertex 66.148 27.2284 2
    endloop
  endfacet
  facet normal 0 0 1
    outer loop
      vertex 65.7765 27.1022 2
      vertex 65.7765 9.89778 2
      vertex 66.148 9.77164 2
    endloop
  endfacet
  facet normal -0 0 1
    outer loop
      vertex 65.3916 27.0257 2
      vertex 65.7765 9.89778 2
      vertex 65.7765 27.1022 2
    endloop
  endfacet
  facet normal 0 0 1
    outer loop
      vertex 65.3916 27.0257 2
      vertex 65.3916 9.97433 2
      vertex 65.7765 9.89778 2
    endloop
  endfacet
  facet normal -0 0 1
    outer loop
      vertex 65 27 2
      vertex 65.3916 9.97433 2
      vertex 65.3916 27.0257 2
    endloop
  endfacet
  facet normal 0 0 1
    outer loop
      vertex 65 27 2
      vertex 65 10 2
      vertex 65.3916 9.97433 2
    endloop
  endfacet
  facet normal 0 0 1
    outer loop
      vertex 64.6084 27.0257 2
      vertex 65 10 2
      vertex 65 27 2
    endloop
  endfacet
  facet normal 0 0 1
    outer loop
      vertex 64.6084 27.0257 2
      vertex 64.6084 9.97433 2
      vertex 65 10 2
    endloop
  endfacet
  facet normal 0 0 1
    outer loop
      vertex 64.2235 27.1022 2
      vertex 64.6084 9.97433 2
      vertex 64.6084 27.0257 2
    endloop
  endfacet
  facet normal 0 0 1
    outer loop
      vertex 64.2235 27.1022 2
      vertex 64.2235 9.89778 2
      vertex 64.6084 9.97433 2
    endloop
  endfacet
  facet normal 0 0 1
    outer loop
      vertex 63.852 27.2284 2
      vertex 64.2235 9.89778 2
      vertex 64.2235 27.1022 2
    endloop
  endfacet
  facet normal 0 0 1
    outer loop
      vertex 63.852 27.2284 2
      vertex 63.852 9.77164 2
      vertex 64.2235 9.89778 2
    endloop
  endfacet
  facet normal 0 0 1
    outer loop
      vertex 63.5 27.4019 2
      vertex 63.852 9.77164 2
      vertex 63.852 27.2284 2
    endloop
  endfacet
  facet normal 0 0 1
    outer loop
      vertex 63.5 27.4019 2
      vertex 63.5 9.59808 2
      vertex 63.852 9.77164 2
    endloop
  endfacet
  facet normal 0 0 1
    outer loop
      vertex 63.1737 27.6199 2
      vertex 63.5 9.59808 2
      vertex 63.5 27.4019 2
    endloop
  endfacet
  facet normal 0 0 1
    outer loop
      vertex 63.1737 27.6199 2
      vertex 63.1737 9.38006 2
      vertex 63.5 9.59808 2
    endloop
  endfacet
  facet normal 0 0 1
    outer loop
      vertex 62.8787 27.8787 2
      vertex 63.1737 9.38006 2
      vertex 63.1737 27.6199 2
    endloop
  endfacet
  facet normal 0 0 1
    outer loop
      vertex 62.8787 27.8787 2
      vertex 62.8787 9.12132 2
      vertex 63.1737 9.38006 2
    endloop
  endfacet
  facet normal 0 0 1
    outer loop
      vertex 62.6199 28.1737 2
      vertex 62.8787 9.12132 2
      vertex 62.8787 27.8787 2
    endloop
  endfacet
  facet normal 0 0 1
    outer loop
      vertex 62.6199 28.1737 2
      vertex 62.6199 8.82628 2
      vertex 62.8787 9.12132 2
    endloop
  endfacet
  facet normal 0 0 1
    outer loop
      vertex 62.4019 28.5 2
      vertex 62.6199 8.82628 2
      vertex 62.6199 28.1737 2
    endloop
  endfacet
  facet normal 0 0 1
    outer loop
      vertex 62.4019 28.5 2
      vertex 62.4019 8.5 2
      vertex 62.6199 8.82628 2
    endloop
  endfacet
  facet normal 0 0 1
    outer loop
      vertex 62.2284 28.8519 2
      vertex 62.4019 8.5 2
      vertex 62.4019 28.5 2
    endloop
  endfacet
  facet normal 0 0 1
    outer loop
      vertex 62.2284 28.8519 2
      vertex 62.2284 8.14805 2
      vertex 62.4019 8.5 2
    endloop
  endfacet
  facet normal 0 0 1
    outer loop
      vertex 62.0257 29.6084 2
      vertex 9.97433 29.6084 2
      vertex 62.1022 29.2235 2
    endloop
  endfacet
  facet normal 0 0 1
    outer loop
      vertex 9.89778 29.2235 2
      vertex 62.1022 29.2235 2
      vertex 9.97433 29.6084 2
    endloop
  endfacet
  facet normal 0 0 1
    outer loop
      vertex 9.97433 29.6084 2
      vertex 62.0257 29.6084 2
      vertex 10 30 2
    endloop
  endfacet
  facet normal 0 0 1
    outer loop
      vertex 62.1022 29.2235 2
      vertex 9.89778 29.2235 2
      vertex 62.2284 28.8519 2
    endloop
  endfacet
  facet normal -0 0 1
    outer loop
      vertex 10 30 2
      vertex 62.0257 29.6084 2
      vertex 62 30 2
    endloop
  endfacet
  facet normal 0 0 1
    outer loop
      vertex 62.2284 8.14805 2
      vertex 10 7 2
      vertex 62.1022 7.77646 2
    endloop
  endfacet
  facet normal 0 0 1
    outer loop
      vertex 70 33 2
      vertex 67.9743 30.3916 2
      vertex 68 30 2
    endloop
  endfacet
  facet normal 0 0 1
    outer loop
      vertex 70 33 2
      vertex 67.8978 30.7765 2
      vertex 67.9743 30.3916 2
    endloop
  endfacet
  facet normal 0 0 1
    outer loop
      vertex 70 33 2
      vertex 67.7716 31.148 2
      vertex 67.8978 30.7765 2
    endloop
  endfacet
  facet normal 0 0 1
    outer loop
      vertex 70 33 2
      vertex 67.5981 31.5 2
      vertex 67.7716 31.148 2
    endloop
  endfacet
  facet normal 0 0 1
    outer loop
      vertex 70 33 2
      vertex 67.3801 31.8263 2
      vertex 67.5981 31.5 2
    endloop
  endfacet
  facet normal 0 0 1
    outer loop
      vertex 70 33 2
      vertex 67.1213 32.1213 2
      vertex 67.3801 31.8263 2
    endloop
  endfacet
  facet normal 0 0 1
    outer loop
      vertex 68 35 2
      vertex 66.8263 32.3801 2
      vertex 67.1213 32.1213 2
    endloop
  endfacet
  facet normal 0 0 1
    outer loop
      vertex 68 35 2
      vertex 66.5 32.5981 2
      vertex 66.8263 32.3801 2
    endloop
  endfacet
  facet normal 0 0 1
    outer loop
      vertex 68 35 2
      vertex 66.148 32.7716 2
      vertex 66.5 32.5981 2
    endloop
  endfacet
  facet normal 0 0 1
    outer loop
      vertex 68 35 2
      vertex 65.7765 32.8978 2
      vertex 66.148 32.7716 2
    endloop
  endfacet
  facet normal 0 0 1
    outer loop
      vertex 68 35 2
      vertex 65.3916 32.9743 2
      vertex 65.7765 32.8978 2
    endloop
  endfacet
  facet normal 0 0 1
    outer loop
      vertex 68 35 2
      vertex 65 33 2
      vertex 65.3916 32.9743 2
    endloop
  endfacet
  facet normal 0 0 1
    outer loop
      vertex 68 35 2
      vertex 64.6084 32.9743 2
      vertex 65 33 2
    endloop
  endfacet
  facet normal 0 0 1
    outer loop
      vertex 68 35 2
      vertex 64.2235 32.8978 2
      vertex 64.6084 32.9743 2
    endloop
  endfacet
  facet normal 0 0 1
    outer loop
      vertex 68 35 2
      vertex 63.852 32.7716 2
      vertex 64.2235 32.8978 2
    endloop
  endfacet
  facet normal 0 0 1
    outer loop
      vertex 68 35 2
      vertex 63.5 32.5981 2
      vertex 63.852 32.7716 2
    endloop
  endfacet
  facet normal 0 0 1
    outer loop
      vertex 62.1022 7.77646 2
      vertex 10 7 2
      vertex 62.0257 7.39158 2
    endloop
  endfacet
  facet normal 0 0 1
    outer loop
      vertex 62.0257 30.3916 2
      vertex 10 30 2
      vertex 62 30 2
    endloop
  endfacet
  facet normal 0 0 1
    outer loop
      vertex 9.97433 30.3916 2
      vertex 62.0257 30.3916 2
      vertex 62.1022 30.7765 2
    endloop
  endfacet
  facet normal 0 0 1
    outer loop
      vertex 9.89778 30.7765 2
      vertex 62.1022 30.7765 2
      vertex 62.2284 31.148 2
    endloop
  endfacet
  facet normal 0 0 1
    outer loop
      vertex 9.77164 31.148 2
      vertex 62.2284 31.148 2
      vertex 62.4019 31.5 2
    endloop
  endfacet
  facet normal 0 0 1
    outer loop
      vertex 9.59808 31.5 2
      vertex 62.4019 31.5 2
      vertex 62.6199 31.8263 2
    endloop
  endfacet
  facet normal 0 0 1
    outer loop
      vertex 9.38006 31.8263 2
      vertex 62.6199 31.8263 2
      vertex 62.8787 32.1213 2
    endloop
  endfacet
  facet normal 0 0 1
    outer loop
      vertex 9.12132 32.1213 2
      vertex 62.8787 32.1213 2
      vertex 63.1737 32.3801 2
    endloop
  endfacet
  facet normal 0 0 1
    outer loop
      vertex 8.82628 32.3801 2
      vertex 63.1737 32.3801 2
      vertex 63.5 32.5981 2
    endloop
  endfacet
  facet normal 0 0 1
    outer loop
      vertex 8.5 32.5981 2
      vertex 63.5 32.5981 2
      vertex 68 35 2
    endloop
  endfacet
  facet normal 0 0 1
    outer loop
      vertex 62.0257 30.3916 2
      vertex 9.97433 30.3916 2
      vertex 10 30 2
    endloop
  endfacet
  facet normal 0 0 1
    outer loop
      vertex 62.1022 30.7765 2
      vertex 9.89778 30.7765 2
      vertex 9.97433 30.3916 2
    endloop
  endfacet
  facet normal 0 0 1
    outer loop
      vertex 62.2284 31.148 2
      vertex 9.77164 31.148 2
      vertex 9.89778 30.7765 2
    endloop
  endfacet
  facet normal 0 0 1
    outer loop
      vertex 62.4019 31.5 2
      vertex 9.59808 31.5 2
      vertex 9.77164 31.148 2
    endloop
  endfacet
  facet normal 0 0 1
    outer loop
      vertex 62.6199 31.8263 2
      vertex 9.38006 31.8263 2
      vertex 9.59808 31.5 2
    endloop
  endfacet
  facet normal 0 0 1
    outer loop
      vertex 62.8787 32.1213 2
      vertex 9.12132 32.1213 2
      vertex 9.38006 31.8263 2
    endloop
  endfacet
  facet normal 0 0 1
    outer loop
      vertex 63.1737 32.3801 2
      vertex 8.82628 32.3801 2
      vertex 9.12132 32.1213 2
    endloop
  endfacet
  facet normal 0 0 1
    outer loop
      vertex 63.5 32.5981 2
      vertex 8.5 32.5981 2
      vertex 8.82628 32.3801 2
    endloop
  endfacet
  facet normal 0 0 1
    outer loop
      vertex 68 35 2
      vertex 8.14805 32.7716 2
      vertex 8.5 32.5981 2
    endloop
  endfacet
  facet normal -0 0 1
    outer loop
      vertex 4 35 2
      vertex 8.14805 32.7716 2
      vertex 68 35 2
    endloop
  endfacet
  facet normal 0 0 1
    outer loop
      vertex 8.14805 32.7716 2
      vertex 4 35 2
      vertex 7.77646 32.8978 2
    endloop
  endfacet
  facet normal 0 0 1
    outer loop
      vertex 7.77646 32.8978 2
      vertex 4 35 2
      vertex 7.39158 32.9743 2
    endloop
  endfacet
  facet normal 0 0 1
    outer loop
      vertex 7.39158 32.9743 2
      vertex 4 35 2
      vertex 7 33 2
    endloop
  endfacet
  facet normal 0 0 1
    outer loop
      vertex 4 35 2
      vertex 6.60842 32.9743 2
      vertex 7 33 2
    endloop
  endfacet
  facet normal 0 0 1
    outer loop
      vertex 4 35 2
      vertex 6.22354 32.8978 2
      vertex 6.60842 32.9743 2
    endloop
  endfacet
  facet normal 0 0 1
    outer loop
      vertex 4 35 2
      vertex 5.85195 32.7716 2
      vertex 6.22354 32.8978 2
    endloop
  endfacet
  facet normal 0 0 1
    outer loop
      vertex 4 35 2
      vertex 5.5 32.5981 2
      vertex 5.85195 32.7716 2
    endloop
  endfacet
  facet normal 0 0 1
    outer loop
      vertex 4 35 2
      vertex 5.17372 32.3801 2
      vertex 5.5 32.5981 2
    endloop
  endfacet
  facet normal 0 0 1
    outer loop
      vertex 4 35 2
      vertex 4.87868 32.1213 2
      vertex 5.17372 32.3801 2
    endloop
  endfacet
  facet normal -0 0 1
    outer loop
      vertex 3.73894 34.9829 2
      vertex 4.87868 32.1213 2
      vertex 4 35 2
    endloop
  endfacet
  facet normal -0 0 1
    outer loop
      vertex 3.48236 34.9318 2
      vertex 4.87868 32.1213 2
      vertex 3.73894 34.9829 2
    endloop
  endfacet
  facet normal -0 0 1
    outer loop
      vertex 3.23462 34.8477 2
      vertex 4.87868 32.1213 2
      vertex 3.48236 34.9318 2
    endloop
  endfacet
  facet normal -0 0 1
    outer loop
      vertex 3 34.732 2
      vertex 4.87868 32.1213 2
      vertex 3.23462 34.8477 2
    endloop
  endfacet
  facet normal 0 0 1
    outer loop
      vertex 4.22836 31.148 2
      vertex 2 33 2
      vertex 4.10222 30.7765 2
    endloop
  endfacet
  facet normal 0 0 1
    outer loop
      vertex 4.10222 30.7765 2
      vertex 2 33 2
      vertex 4.02567 30.3916 2
    endloop
  endfacet
  facet normal 0 0 1
    outer loop
      vertex 4.02567 30.3916 2
      vertex 2 33 2
      vertex 4 30 2
    endloop
  endfacet
  facet normal 0 0 1
    outer loop
      vertex 4.10222 7.77646 2
      vertex 2 4 2
      vertex 4.02567 7.39158 2
    endloop
  endfacet
  facet normal -0 0 1
    outer loop
      vertex 2.78247 34.5867 2
      vertex 4.87868 32.1213 2
      vertex 3 34.732 2
    endloop
  endfacet
  facet normal 0 0 1
    outer loop
      vertex 4.02567 7.39158 2
      vertex 2 4 2
      vertex 4 7 2
    endloop
  endfacet
  facet normal -0 0 1
    outer loop
      vertex 2.58578 34.4142 2
      vertex 4.87868 32.1213 2
      vertex 2.78247 34.5867 2
    endloop
  endfacet
  facet normal 0 0 1
    outer loop
      vertex 4 7 2
      vertex 2 4 2
      vertex 4 2 2
    endloop
  endfacet
  facet normal -0 0 1
    outer loop
      vertex 2.41328 34.2175 2
      vertex 4.87868 32.1213 2
      vertex 2.58578 34.4142 2
    endloop
  endfacet
  facet normal 0 0 1
    outer loop
      vertex 4 2 2
      vertex 2 4 2
      vertex 3.73894 2.01711 2
    endloop
  endfacet
  facet normal -0 0 1
    outer loop
      vertex 2.26794 34 2
      vertex 4.87868 32.1213 2
      vertex 2.41328 34.2175 2
    endloop
  endfacet
  facet normal 0 0 1
    outer loop
      vertex 3.73894 2.01711 2
      vertex 2 4 2
      vertex 3.48236 2.06815 2
    endloop
  endfacet
  facet normal -0 0 1
    outer loop
      vertex 2.15224 33.7654 2
      vertex 4.87868 32.1213 2
      vertex 2.26794 34 2
    endloop
  endfacet
  facet normal 0 0 1
    outer loop
      vertex 3.48236 2.06815 2
      vertex 2 4 2
      vertex 3.23462 2.15224 2
    endloop
  endfacet
  facet normal -0 0 1
    outer loop
      vertex 2.06815 33.5176 2
      vertex 4.87868 32.1213 2
      vertex 2.15224 33.7654 2
    endloop
  endfacet
  facet normal 0 0 1
    outer loop
      vertex 3.23462 2.15224 2
      vertex 2 4 2
      vertex 3 2.26794 2
    endloop
  endfacet
  facet normal -0 0 1
    outer loop
      vertex 2.01711 33.261 2
      vertex 4.87868 32.1213 2
      vertex 2.06815 33.5176 2
    endloop
  endfacet
  facet normal 0 0 1
    outer loop
      vertex 3 2.26794 2
      vertex 2 4 2
      vertex 2.78247 2.41328 2
    endloop
  endfacet
  facet normal -0 0 1
    outer loop
      vertex 2 33 2
      vertex 4.87868 32.1213 2
      vertex 2.01711 33.261 2
    endloop
  endfacet
  facet normal 0 0 1
    outer loop
      vertex 2.78247 2.41328 2
      vertex 2 4 2
      vertex 2.58578 2.58578 2
    endloop
  endfacet
  facet normal 0 0 1
    outer loop
      vertex 4.87868 32.1213 2
      vertex 2 33 2
      vertex 4.61994 31.8263 2
    endloop
  endfacet
  facet normal 0 0 1
    outer loop
      vertex 2.58578 2.58578 2
      vertex 2 4 2
      vertex 2.41328 2.78247 2
    endloop
  endfacet
  facet normal 0 0 1
    outer loop
      vertex 4.40192 31.5 2
      vertex 2 33 2
      vertex 4.22836 31.148 2
    endloop
  endfacet
  facet normal 0 0 1
    outer loop
      vertex 2.41328 2.78247 2
      vertex 2 4 2
      vertex 2.26794 3 2
    endloop
  endfacet
  facet normal 0 0 1
    outer loop
      vertex 4.61994 31.8263 2
      vertex 2 33 2
      vertex 4.40192 31.5 2
    endloop
  endfacet
  facet normal 0 0 1
    outer loop
      vertex 2.26794 3 2
      vertex 2 4 2
      vertex 2.15224 3.23462 2
    endloop
  endfacet
  facet normal 0 0 1
    outer loop
      vertex 2.15224 3.23462 2
      vertex 2 4 2
      vertex 2.06815 3.48236 2
    endloop
  endfacet
  facet normal 0 0 1
    outer loop
      vertex 2.06815 3.48236 2
      vertex 2 4 2
      vertex 2.01711 3.73894 2
    endloop
  endfacet
  facet normal 0 0 1
    outer loop
      vertex 69.9318 33.5176 2
      vertex 67.1213 32.1213 2
      vertex 69.9829 33.261 2
    endloop
  endfacet
  facet normal 0 0 1
    outer loop
      vertex 67.9743 29.6084 2
      vertex 70 33 2
      vertex 68 30 2
    endloop
  endfacet
  facet normal 0 0 1
    outer loop
      vertex 69.8477 33.7654 2
      vertex 67.1213 32.1213 2
      vertex 69.9318 33.5176 2
    endloop
  endfacet
  facet normal 0 0 1
    outer loop
      vertex 67.8978 29.2235 2
      vertex 70 33 2
      vertex 67.9743 29.6084 2
    endloop
  endfacet
  facet normal 0 0 1
    outer loop
      vertex 69.732 34 2
      vertex 67.1213 32.1213 2
      vertex 69.8477 33.7654 2
    endloop
  endfacet
  facet normal -0 0 1
    outer loop
      vertex 67.9743 6.60842 2
      vertex 70 4 2
      vertex 68 7 2
    endloop
  endfacet
  facet normal 0 0 1
    outer loop
      vertex 69.5867 34.2175 2
      vertex 67.1213 32.1213 2
      vertex 69.732 34 2
    endloop
  endfacet
  facet normal -0 0 1
    outer loop
      vertex 67.8978 6.22354 2
      vertex 70 4 2
      vertex 67.9743 6.60842 2
    endloop
  endfacet
  facet normal 0 0 1
    outer loop
      vertex 69.4142 34.4142 2
      vertex 67.1213 32.1213 2
      vertex 69.5867 34.2175 2
    endloop
  endfacet
  facet normal -0 0 1
    outer loop
      vertex 67.7716 5.85195 2
      vertex 70 4 2
      vertex 67.8978 6.22354 2
    endloop
  endfacet
  facet normal 0 0 1
    outer loop
      vertex 69.2175 34.5867 2
      vertex 67.1213 32.1213 2
      vertex 69.4142 34.4142 2
    endloop
  endfacet
  facet normal -0 0 1
    outer loop
      vertex 67.5981 5.5 2
      vertex 70 4 2
      vertex 67.7716 5.85195 2
    endloop
  endfacet
  facet normal 0 0 1
    outer loop
      vertex 69 34.732 2
      vertex 67.1213 32.1213 2
      vertex 69.2175 34.5867 2
    endloop
  endfacet
  facet normal -0 0 1
    outer loop
      vertex 67.3801 5.17372 2
      vertex 70 4 2
      vertex 67.5981 5.5 2
    endloop
  endfacet
  facet normal 0 0 1
    outer loop
      vertex 68.7654 34.8477 2
      vertex 67.1213 32.1213 2
      vertex 69 34.732 2
    endloop
  endfacet
  facet normal -0 0 1
    outer loop
      vertex 67.1213 4.87868 2
      vertex 70 4 2
      vertex 67.3801 5.17372 2
    endloop
  endfacet
  facet normal 0 0 1
    outer loop
      vertex 68.5176 34.9318 2
      vertex 67.1213 32.1213 2
      vertex 68.7654 34.8477 2
    endloop
  endfacet
  facet normal 0 0 1
    outer loop
      vertex 70 4 2
      vertex 67.1213 4.87868 2
      vertex 69.9829 3.73894 2
    endloop
  endfacet
  facet normal 0 0 1
    outer loop
      vertex 68.261 34.9829 2
      vertex 67.1213 32.1213 2
      vertex 68.5176 34.9318 2
    endloop
  endfacet
  facet normal 0 0 1
    outer loop
      vertex 69.9829 3.73894 2
      vertex 67.1213 4.87868 2
      vertex 69.9318 3.48236 2
    endloop
  endfacet
  facet normal 0 0 1
    outer loop
      vertex 67.1213 32.1213 2
      vertex 68.261 34.9829 2
      vertex 68 35 2
    endloop
  endfacet
  facet normal 0 0 1
    outer loop
      vertex 69.9318 3.48236 2
      vertex 67.1213 4.87868 2
      vertex 69.8477 3.23462 2
    endloop
  endfacet
  facet normal 0 0 1
    outer loop
      vertex 69.9829 33.261 2
      vertex 67.1213 32.1213 2
      vertex 70 33 2
    endloop
  endfacet
  facet normal 0 0 1
    outer loop
      vertex 69.8477 3.23462 2
      vertex 67.1213 4.87868 2
      vertex 69.732 3 2
    endloop
  endfacet
  facet normal 0 0 1
    outer loop
      vertex 69.732 3 2
      vertex 67.1213 4.87868 2
      vertex 69.5867 2.78247 2
    endloop
  endfacet
  facet normal 0 0 1
    outer loop
      vertex 69.5867 2.78247 2
      vertex 67.1213 4.87868 2
      vertex 69.4142 2.58578 2
    endloop
  endfacet
  facet normal 0 0 1
    outer loop
      vertex 69.4142 2.58578 2
      vertex 67.1213 4.87868 2
      vertex 69.2175 2.41328 2
    endloop
  endfacet
  facet normal 0 0 1
    outer loop
      vertex 69.2175 2.41328 2
      vertex 67.1213 4.87868 2
      vertex 69 2.26794 2
    endloop
  endfacet
  facet normal 0 0 1
    outer loop
      vertex 69 2.26794 2
      vertex 67.1213 4.87868 2
      vertex 68.7654 2.15224 2
    endloop
  endfacet
  facet normal 0 0 1
    outer loop
      vertex 68.7654 2.15224 2
      vertex 67.1213 4.87868 2
      vertex 68.5176 2.06815 2
    endloop
  endfacet
  facet normal 0 0 1
    outer loop
      vertex 68.5176 2.06815 2
      vertex 67.1213 4.87868 2
      vertex 68.261 2.01711 2
    endloop
  endfacet
  facet normal 0 0 1
    outer loop
      vertex 68.261 2.01711 2
      vertex 67.1213 4.87868 2
      vertex 68 2 2
    endloop
  endfacet
  facet normal -0 0 1
    outer loop
      vertex 66.8263 4.61994 2
      vertex 68 2 2
      vertex 67.1213 4.87868 2
    endloop
  endfacet
  facet normal -0 0 1
    outer loop
      vertex 66.5 4.40192 2
      vertex 68 2 2
      vertex 66.8263 4.61994 2
    endloop
  endfacet
  facet normal -0 0 1
    outer loop
      vertex 66.148 4.22836 2
      vertex 68 2 2
      vertex 66.5 4.40192 2
    endloop
  endfacet
  facet normal -0 0 1
    outer loop
      vertex 65.7765 4.10222 2
      vertex 68 2 2
      vertex 66.148 4.22836 2
    endloop
  endfacet
  facet normal -0 0 1
    outer loop
      vertex 65.3916 4.02567 2
      vertex 68 2 2
      vertex 65.7765 4.10222 2
    endloop
  endfacet
  facet normal -0 0 1
    outer loop
      vertex 65 4 2
      vertex 68 2 2
      vertex 65.3916 4.02567 2
    endloop
  endfacet
  facet normal 0 0 1
    outer loop
      vertex 64.6084 4.02567 2
      vertex 68 2 2
      vertex 65 4 2
    endloop
  endfacet
  facet normal 0 0 1
    outer loop
      vertex 64.2235 4.10222 2
      vertex 68 2 2
      vertex 64.6084 4.02567 2
    endloop
  endfacet
  facet normal 0 0 1
    outer loop
      vertex 63.852 4.22836 2
      vertex 68 2 2
      vertex 64.2235 4.10222 2
    endloop
  endfacet
  facet normal 0 0 1
    outer loop
      vertex 63.5 4.40192 2
      vertex 68 2 2
      vertex 63.852 4.22836 2
    endloop
  endfacet
  facet normal 0 0 1
    outer loop
      vertex 62.0257 7.39158 2
      vertex 10 7 2
      vertex 62 7 2
    endloop
  endfacet
  facet normal 0 0 1
    outer loop
      vertex 62 7 2
      vertex 10 7 2
      vertex 62.0257 6.60842 2
    endloop
  endfacet
  facet normal 0 0 1
    outer loop
      vertex 9.97433 6.60842 2
      vertex 62.0257 6.60842 2
      vertex 10 7 2
    endloop
  endfacet
  facet normal 0 0 1
    outer loop
      vertex 62.0257 6.60842 2
      vertex 9.97433 6.60842 2
      vertex 62.1022 6.22354 2
    endloop
  endfacet
  facet normal 0 0 1
    outer loop
      vertex 9.89778 6.22354 2
      vertex 62.1022 6.22354 2
      vertex 9.97433 6.60842 2
    endloop
  endfacet
  facet normal 0 0 1
    outer loop
      vertex 62.1022 6.22354 2
      vertex 9.89778 6.22354 2
      vertex 62.2284 5.85195 2
    endloop
  endfacet
  facet normal 0 0 1
    outer loop
      vertex 9.77164 5.85195 2
      vertex 62.2284 5.85195 2
      vertex 9.89778 6.22354 2
    endloop
  endfacet
  facet normal 0 0 1
    outer loop
      vertex 62.2284 5.85195 2
      vertex 9.77164 5.85195 2
      vertex 62.4019 5.5 2
    endloop
  endfacet
  facet normal 0 0 1
    outer loop
      vertex 9.59808 5.5 2
      vertex 62.4019 5.5 2
      vertex 9.77164 5.85195 2
    endloop
  endfacet
  facet normal 0 0 1
    outer loop
      vertex 62.4019 5.5 2
      vertex 9.59808 5.5 2
      vertex 62.6199 5.17372 2
    endloop
  endfacet
  facet normal 0 0 1
    outer loop
      vertex 9.38006 5.17372 2
      vertex 62.6199 5.17372 2
      vertex 9.59808 5.5 2
    endloop
  endfacet
  facet normal 0 0 1
    outer loop
      vertex 62.6199 5.17372 2
      vertex 9.38006 5.17372 2
      vertex 62.8787 4.87868 2
    endloop
  endfacet
  facet normal 0 0 1
    outer loop
      vertex 9.12132 4.87868 2
      vertex 62.8787 4.87868 2
      vertex 9.38006 5.17372 2
    endloop
  endfacet
  facet normal 0 0 1
    outer loop
      vertex 62.8787 4.87868 2
      vertex 9.12132 4.87868 2
      vertex 63.1737 4.61994 2
    endloop
  endfacet
  facet normal 0 0 1
    outer loop
      vertex 8.82628 4.61994 2
      vertex 63.1737 4.61994 2
      vertex 9.12132 4.87868 2
    endloop
  endfacet
  facet normal 0 0 1
    outer loop
      vertex 63.1737 4.61994 2
      vertex 8.82628 4.61994 2
      vertex 63.5 4.40192 2
    endloop
  endfacet
  facet normal 0 0 1
    outer loop
      vertex 8.5 4.40192 2
      vertex 63.5 4.40192 2
      vertex 8.82628 4.61994 2
    endloop
  endfacet
  facet normal 0 0 1
    outer loop
      vertex 63.5 4.40192 2
      vertex 8.5 4.40192 2
      vertex 68 2 2
    endloop
  endfacet
  facet normal -0 0 1
    outer loop
      vertex 8.14805 4.22836 2
      vertex 68 2 2
      vertex 8.5 4.40192 2
    endloop
  endfacet
  facet normal 0 0 1
    outer loop
      vertex 4 2 2
      vertex 8.14805 4.22836 2
      vertex 7.77646 4.10222 2
    endloop
  endfacet
  facet normal 0 0 1
    outer loop
      vertex 4 2 2
      vertex 7.77646 4.10222 2
      vertex 7.39158 4.02567 2
    endloop
  endfacet
  facet normal 0 0 1
    outer loop
      vertex 4 2 2
      vertex 7.39158 4.02567 2
      vertex 7 4 2
    endloop
  endfacet
  facet normal 0 0 1
    outer loop
      vertex 8.14805 4.22836 2
      vertex 4 2 2
      vertex 68 2 2
    endloop
  endfacet
  facet normal 0 0 1
    outer loop
      vertex 6.60842 4.02567 2
      vertex 4 2 2
      vertex 7 4 2
    endloop
  endfacet
  facet normal 0 0 1
    outer loop
      vertex 6.22354 4.10222 2
      vertex 4 2 2
      vertex 6.60842 4.02567 2
    endloop
  endfacet
  facet normal 0 0 1
    outer loop
      vertex 5.85195 4.22836 2
      vertex 4 2 2
      vertex 6.22354 4.10222 2
    endloop
  endfacet
  facet normal 0 0 1
    outer loop
      vertex 5.5 4.40192 2
      vertex 4 2 2
      vertex 5.85195 4.22836 2
    endloop
  endfacet
  facet normal 0 0 1
    outer loop
      vertex 5.17372 4.61994 2
      vertex 4 2 2
      vertex 5.5 4.40192 2
    endloop
  endfacet
  facet normal 0 0 1
    outer loop
      vertex 4.87868 4.87868 2
      vertex 4 2 2
      vertex 5.17372 4.61994 2
    endloop
  endfacet
  facet normal 0 0 1
    outer loop
      vertex 4.61994 5.17372 2
      vertex 4 2 2
      vertex 4.87868 4.87868 2
    endloop
  endfacet
  facet normal 0 0 1
    outer loop
      vertex 4.40192 5.5 2
      vertex 4 2 2
      vertex 4.61994 5.17372 2
    endloop
  endfacet
  facet normal 0 0 1
    outer loop
      vertex 4.22836 5.85195 2
      vertex 4 2 2
      vertex 4.40192 5.5 2
    endloop
  endfacet
  facet normal 0 0 1
    outer loop
      vertex 4.10222 6.22354 2
      vertex 4 2 2
      vertex 4.22836 5.85195 2
    endloop
  endfacet
  facet normal 0 0 1
    outer loop
      vertex 4.02567 6.60842 2
      vertex 4 2 2
      vertex 4.10222 6.22354 2
    endloop
  endfacet
  facet normal 0 0 1
    outer loop
      vertex 4 2 2
      vertex 4.02567 6.60842 2
      vertex 4 7 2
    endloop
  endfacet
  facet normal -1 0 0
    outer loop
      vertex 23.5 0 4.5
      vertex 23.5 2 11.7
      vertex 23.5 2 4.5
    endloop
  endfacet
  facet normal -1 -0 0
    outer loop
      vertex 23.5 2 11.7
      vertex 23.5 0 4.5
      vertex 23.5 0 11.7
    endloop
  endfacet
  facet normal 0 0 -1
    outer loop
      vertex 8.3 0 11.7
      vertex 23.5 2 11.7
      vertex 23.5 0 11.7
    endloop
  endfacet
  facet normal -0 0 -1
    outer loop
      vertex 23.5 2 11.7
      vertex 8.3 0 11.7
      vertex 8.3 2 11.7
    endloop
  endfacet
  facet normal -0 0 1
    outer loop
      vertex 8.3 2 4.5
      vertex 23.5 0 4.5
      vertex 23.5 2 4.5
    endloop
  endfacet
  facet normal 0 0 1
    outer loop
      vertex 23.5 0 4.5
      vertex 8.3 2 4.5
      vertex 8.3 0 4.5
    endloop
  endfacet
  facet normal 1 -0 0
    outer loop
      vertex 8.3 0 11.7
      vertex 8.3 2 4.5
      vertex 8.3 2 11.7
    endloop
  endfacet
  facet normal 1 0 0
    outer loop
      vertex 8.3 2 4.5
      vertex 8.3 0 11.7
      vertex 8.3 0 4.5
    endloop
  endfacet
  facet normal -1 0 0
    outer loop
      vertex 49.4 0 4.5
      vertex 49.4 2 11.7
      vertex 49.4 2 4.5
    endloop
  endfacet
  facet normal -1 -0 0
    outer loop
      vertex 49.4 2 11.7
      vertex 49.4 0 4.5
      vertex 49.4 0 11.7
    endloop
  endfacet
  facet normal 0 0 -1
    outer loop
      vertex 38.9 0 11.7
      vertex 49.4 2 11.7
      vertex 49.4 0 11.7
    endloop
  endfacet
  facet normal -0 0 -1
    outer loop
      vertex 49.4 2 11.7
      vertex 38.9 0 11.7
      vertex 38.9 2 11.7
    endloop
  endfacet
  facet normal -0 0 1
    outer loop
      vertex 38.9 2 4.5
      vertex 49.4 0 4.5
      vertex 49.4 2 4.5
    endloop
  endfacet
  facet normal 0 0 1
    outer loop
      vertex 49.4 0 4.5
      vertex 38.9 2 4.5
      vertex 38.9 0 4.5
    endloop
  endfacet
  facet normal 1 -0 0
    outer loop
      vertex 38.9 0 11.7
      vertex 38.9 2 4.5
      vertex 38.9 2 11.7
    endloop
  endfacet
  facet normal 1 0 0
    outer loop
      vertex 38.9 2 4.5
      vertex 38.9 0 11.7
      vertex 38.9 0 4.5
    endloop
  endfacet
  facet normal -1 0 0
    outer loop
      vertex 62.5 0 4.5
      vertex 62.5 2 11.7
      vertex 62.5 2 4.5
    endloop
  endfacet
  facet normal -1 -0 0
    outer loop
      vertex 62.5 2 11.7
      vertex 62.5 0 4.5
      vertex 62.5 0 11.7
    endloop
  endfacet
  facet normal 0 0 -1
    outer loop
      vertex 51.5 0 11.7
      vertex 62.5 2 11.7
      vertex 62.5 0 11.7
    endloop
  endfacet
  facet normal -0 0 -1
    outer loop
      vertex 62.5 2 11.7
      vertex 51.5 0 11.7
      vertex 51.5 2 11.7
    endloop
  endfacet
  facet normal -0 0 1
    outer loop
      vertex 51.5 2 4.5
      vertex 62.5 0 4.5
      vertex 62.5 2 4.5
    endloop
  endfacet
  facet normal 0 0 1
    outer loop
      vertex 62.5 0 4.5
      vertex 51.5 2 4.5
      vertex 51.5 0 4.5
    endloop
  endfacet
  facet normal 1 -0 0
    outer loop
      vertex 51.5 0 11.7
      vertex 51.5 2 4.5
      vertex 51.5 2 11.7
    endloop
  endfacet
  facet normal 1 0 0
    outer loop
      vertex 51.5 2 4.5
      vertex 51.5 0 11.7
      vertex 51.5 0 4.5
    endloop
  endfacet
  facet normal 0 0 -1
    outer loop
      vertex 0 7.5 10.2
      vertex 2 27.5 10.2
      vertex 2 7.5 10.2
    endloop
  endfacet
  facet normal -0 0 -1
    outer loop
      vertex 2 27.5 10.2
      vertex 0 7.5 10.2
      vertex 0 27.5 10.2
    endloop
  endfacet
  facet normal -0 0 1
    outer loop
      vertex 0 27.5 4
      vertex 2 7.5 4
      vertex 2 27.5 4
    endloop
  endfacet
  facet normal 0 0 1
    outer loop
      vertex 2 7.5 4
      vertex 0 27.5 4
      vertex 0 7.5 4
    endloop
  endfacet
  facet normal 0 -1 0
    outer loop
      vertex 0 27.5 4
      vertex 2 27.5 10.2
      vertex 0 27.5 10.2
    endloop
  endfacet
  facet normal 0 -1 -0
    outer loop
      vertex 2 27.5 10.2
      vertex 0 27.5 4
      vertex 2 27.5 4
    endloop
  endfacet
  facet normal 0 1 -0
    outer loop
      vertex 2 7.5 4
      vertex 0 7.5 10.2
      vertex 2 7.5 10.2
    endloop
  endfacet
  facet normal 0 1 0
    outer loop
      vertex 0 7.5 10.2
      vertex 2 7.5 4
      vertex 0 7.5 4
    endloop
  endfacet
  facet normal 0 0 -1
    outer loop
      vertex 70 7.5 10.5
      vertex 72 27.5 10.5
      vertex 72 7.5 10.5
    endloop
  endfacet
  facet normal -0 0 -1
    outer loop
      vertex 72 27.5 10.5
      vertex 70 7.5 10.5
      vertex 70 27.5 10.5
    endloop
  endfacet
  facet normal -0 0 1
    outer loop
      vertex 70 27.5 4.5
      vertex 72 7.5 4.5
      vertex 72 27.5 4.5
    endloop
  endfacet
  facet normal 0 0 1
    outer loop
      vertex 72 7.5 4.5
      vertex 70 27.5 4.5
      vertex 70 7.5 4.5
    endloop
  endfacet
  facet normal 0 -1 0
    outer loop
      vertex 70 27.5 4.5
      vertex 72 27.5 10.5
      vertex 70 27.5 10.5
    endloop
  endfacet
  facet normal 0 -1 -0
    outer loop
      vertex 72 27.5 10.5
      vertex 70 27.5 4.5
      vertex 72 27.5 4.5
    endloop
  endfacet
  facet normal 0 1 -0
    outer loop
      vertex 72 7.5 4.5
      vertex 70 7.5 10.5
      vertex 72 7.5 10.5
    endloop
  endfacet
  facet normal 0 1 0
    outer loop
      vertex 70 7.5 10.5
      vertex 72 7.5 4.5
      vertex 70 7.5 4.5
    endloop
  endfacet
  facet normal -0.946928 -0.321444 0
    outer loop
      vertex 4.22836 5.85195 2
      vertex 4.10222 6.22354 5.5
      vertex 4.10222 6.22354 2
    endloop
  endfacet
  facet normal -0.946928 -0.321444 0
    outer loop
      vertex 4.10222 6.22354 5.5
      vertex 4.22836 5.85195 2
      vertex 4.22836 5.85195 5.5
    endloop
  endfacet
  facet normal 0.195072 -0.980789 0
    outer loop
      vertex 7.39158 4.02567 2
      vertex 7.77646 4.10222 5.5
      vertex 7.39158 4.02567 5.5
    endloop
  endfacet
  facet normal 0.195072 -0.980789 0
    outer loop
      vertex 7.77646 4.10222 5.5
      vertex 7.39158 4.02567 2
      vertex 7.77646 4.10222 2
    endloop
  endfacet
  facet normal 0.980789 0.195072 0
    outer loop
      vertex 9.97433 7.39158 5.5
      vertex 9.89778 7.77646 2
      vertex 9.89778 7.77646 5.5
    endloop
  endfacet
  facet normal 0.980789 0.195072 0
    outer loop
      vertex 9.89778 7.77646 2
      vertex 9.97433 7.39158 5.5
      vertex 9.97433 7.39158 2
    endloop
  endfacet
  facet normal 0.997858 0.0654145 0
    outer loop
      vertex 10 7 5.5
      vertex 9.97433 7.39158 2
      vertex 9.97433 7.39158 5.5
    endloop
  endfacet
  facet normal 0.997858 0.0654145 0
    outer loop
      vertex 9.97433 7.39158 2
      vertex 10 7 5.5
      vertex 10 7 2
    endloop
  endfacet
  facet normal -0.442283 0.896875 0
    outer loop
      vertex 5.85195 9.77164 2
      vertex 5.5 9.59808 5.5
      vertex 5.85195 9.77164 5.5
    endloop
  endfacet
  facet normal -0.442283 0.896875 0
    outer loop
      vertex 5.5 9.59808 5.5
      vertex 5.85195 9.77164 2
      vertex 5.5 9.59808 2
    endloop
  endfacet
  facet normal 0.946928 0.321444 0
    outer loop
      vertex 9.89778 7.77646 5.5
      vertex 9.77164 8.14805 2
      vertex 9.77164 8.14805 5.5
    endloop
  endfacet
  facet normal 0.946928 0.321444 0
    outer loop
      vertex 9.77164 8.14805 2
      vertex 9.89778 7.77646 5.5
      vertex 9.89778 7.77646 2
    endloop
  endfacet
  facet normal 0.896875 -0.442283 0
    outer loop
      vertex 9.59808 5.5 5.5
      vertex 9.77164 5.85195 2
      vertex 9.77164 5.85195 5.5
    endloop
  endfacet
  facet normal 0.896875 -0.442283 0
    outer loop
      vertex 9.77164 5.85195 2
      vertex 9.59808 5.5 5.5
      vertex 9.59808 5.5 2
    endloop
  endfacet
  facet normal 0.997858 -0.0654145 0
    outer loop
      vertex 9.97433 6.60842 5.5
      vertex 10 7 2
      vertex 10 7 5.5
    endloop
  endfacet
  facet normal 0.997858 -0.0654145 0
    outer loop
      vertex 10 7 2
      vertex 9.97433 6.60842 5.5
      vertex 9.97433 6.60842 2
    endloop
  endfacet
  facet normal 0.659341 0.751844 -0
    outer loop
      vertex 9.12132 9.12132 2
      vertex 8.82628 9.38006 5.5
      vertex 9.12132 9.12132 5.5
    endloop
  endfacet
  facet normal 0.659341 0.751844 0
    outer loop
      vertex 8.82628 9.38006 5.5
      vertex 9.12132 9.12132 2
      vertex 8.82628 9.38006 2
    endloop
  endfacet
  facet normal -0.659341 0.751844 0
    outer loop
      vertex 5.17372 9.38006 2
      vertex 4.87868 9.12132 5.5
      vertex 5.17372 9.38006 5.5
    endloop
  endfacet
  facet normal -0.659341 0.751844 0
    outer loop
      vertex 4.87868 9.12132 5.5
      vertex 5.17372 9.38006 2
      vertex 4.87868 9.12132 2
    endloop
  endfacet
  facet normal 0.0654145 0.997858 -0
    outer loop
      vertex 7.39158 9.97433 2
      vertex 7 10 5.5
      vertex 7.39158 9.97433 5.5
    endloop
  endfacet
  facet normal 0.0654145 0.997858 0
    outer loop
      vertex 7 10 5.5
      vertex 7.39158 9.97433 2
      vertex 7 10 2
    endloop
  endfacet
  facet normal -0.997858 0.0654145 0
    outer loop
      vertex 4 7 2
      vertex 4.02567 7.39158 5.5
      vertex 4.02567 7.39158 2
    endloop
  endfacet
  facet normal -0.997858 0.0654145 0
    outer loop
      vertex 4.02567 7.39158 5.5
      vertex 4 7 2
      vertex 4 7 5.5
    endloop
  endfacet
  facet normal -0.751844 -0.659341 0
    outer loop
      vertex 4.87868 4.87868 2
      vertex 4.61994 5.17372 5.5
      vertex 4.61994 5.17372 2
    endloop
  endfacet
  facet normal -0.751844 -0.659341 0
    outer loop
      vertex 4.61994 5.17372 5.5
      vertex 4.87868 4.87868 2
      vertex 4.87868 4.87868 5.5
    endloop
  endfacet
  facet normal -0.980789 -0.195072 0
    outer loop
      vertex 4.10222 6.22354 2
      vertex 4.02567 6.60842 5.5
      vertex 4.02567 6.60842 2
    endloop
  endfacet
  facet normal -0.980789 -0.195072 0
    outer loop
      vertex 4.02567 6.60842 5.5
      vertex 4.10222 6.22354 2
      vertex 4.10222 6.22354 5.5
    endloop
  endfacet
  facet normal 0.831462 -0.555582 0
    outer loop
      vertex 9.38006 5.17372 5.5
      vertex 9.59808 5.5 2
      vertex 9.59808 5.5 5.5
    endloop
  endfacet
  facet normal 0.831462 -0.555582 0
    outer loop
      vertex 9.59808 5.5 2
      vertex 9.38006 5.17372 5.5
      vertex 9.38006 5.17372 2
    endloop
  endfacet
  facet normal -0.896875 0.442283 0
    outer loop
      vertex 4.22836 8.14805 2
      vertex 4.40192 8.5 5.5
      vertex 4.40192 8.5 2
    endloop
  endfacet
  facet normal -0.896875 0.442283 0
    outer loop
      vertex 4.40192 8.5 5.5
      vertex 4.22836 8.14805 2
      vertex 4.22836 8.14805 5.5
    endloop
  endfacet
  facet normal -0.831462 0.555582 0
    outer loop
      vertex 4.40192 8.5 2
      vertex 4.61994 8.82628 5.5
      vertex 4.61994 8.82628 2
    endloop
  endfacet
  facet normal -0.831462 0.555582 0
    outer loop
      vertex 4.61994 8.82628 5.5
      vertex 4.40192 8.5 2
      vertex 4.40192 8.5 5.5
    endloop
  endfacet
  facet normal -0.0654145 0.997858 0
    outer loop
      vertex 7 10 2
      vertex 6.60842 9.97433 5.5
      vertex 7 10 5.5
    endloop
  endfacet
  facet normal -0.0654145 0.997858 0
    outer loop
      vertex 6.60842 9.97433 5.5
      vertex 7 10 2
      vertex 6.60842 9.97433 2
    endloop
  endfacet
  facet normal -0.321444 0.946928 0
    outer loop
      vertex 6.22354 9.89778 2
      vertex 5.85195 9.77164 5.5
      vertex 6.22354 9.89778 5.5
    endloop
  endfacet
  facet normal -0.321444 0.946928 0
    outer loop
      vertex 5.85195 9.77164 5.5
      vertex 6.22354 9.89778 2
      vertex 5.85195 9.77164 2
    endloop
  endfacet
  facet normal -0.321444 -0.946928 0
    outer loop
      vertex 5.85195 4.22836 2
      vertex 6.22354 4.10222 5.5
      vertex 5.85195 4.22836 5.5
    endloop
  endfacet
  facet normal -0.321444 -0.946928 -0
    outer loop
      vertex 6.22354 4.10222 5.5
      vertex 5.85195 4.22836 2
      vertex 6.22354 4.10222 2
    endloop
  endfacet
  facet normal 0.442283 0.896875 -0
    outer loop
      vertex 8.5 9.59808 2
      vertex 8.14805 9.77164 5.5
      vertex 8.5 9.59808 5.5
    endloop
  endfacet
  facet normal 0.442283 0.896875 0
    outer loop
      vertex 8.14805 9.77164 5.5
      vertex 8.5 9.59808 2
      vertex 8.14805 9.77164 2
    endloop
  endfacet
  facet normal 0.0654145 -0.997858 0
    outer loop
      vertex 7 4 2
      vertex 7.39158 4.02567 5.5
      vertex 7 4 5.5
    endloop
  endfacet
  facet normal 0.0654145 -0.997858 0
    outer loop
      vertex 7.39158 4.02567 5.5
      vertex 7 4 2
      vertex 7.39158 4.02567 2
    endloop
  endfacet
  facet normal 0.555582 -0.831462 0
    outer loop
      vertex 8.5 4.40192 2
      vertex 8.82628 4.61994 5.5
      vertex 8.5 4.40192 5.5
    endloop
  endfacet
  facet normal 0.555582 -0.831462 0
    outer loop
      vertex 8.82628 4.61994 5.5
      vertex 8.5 4.40192 2
      vertex 8.82628 4.61994 2
    endloop
  endfacet
  facet normal 0.980789 -0.195072 0
    outer loop
      vertex 9.89778 6.22354 5.5
      vertex 9.97433 6.60842 2
      vertex 9.97433 6.60842 5.5
    endloop
  endfacet
  facet normal 0.980789 -0.195072 0
    outer loop
      vertex 9.97433 6.60842 2
      vertex 9.89778 6.22354 5.5
      vertex 9.89778 6.22354 2
    endloop
  endfacet
  facet normal -0.751844 0.659341 0
    outer loop
      vertex 4.61994 8.82628 2
      vertex 4.87868 9.12132 5.5
      vertex 4.87868 9.12132 2
    endloop
  endfacet
  facet normal -0.751844 0.659341 0
    outer loop
      vertex 4.87868 9.12132 5.5
      vertex 4.61994 8.82628 2
      vertex 4.61994 8.82628 5.5
    endloop
  endfacet
  facet normal -0.980789 0.195072 0
    outer loop
      vertex 4.02567 7.39158 2
      vertex 4.10222 7.77646 5.5
      vertex 4.10222 7.77646 2
    endloop
  endfacet
  facet normal -0.980789 0.195072 0
    outer loop
      vertex 4.10222 7.77646 5.5
      vertex 4.02567 7.39158 2
      vertex 4.02567 7.39158 5.5
    endloop
  endfacet
  facet normal 0.831462 0.555582 0
    outer loop
      vertex 9.59808 8.5 5.5
      vertex 9.38006 8.82628 2
      vertex 9.38006 8.82628 5.5
    endloop
  endfacet
  facet normal 0.831462 0.555582 0
    outer loop
      vertex 9.38006 8.82628 2
      vertex 9.59808 8.5 5.5
      vertex 9.59808 8.5 2
    endloop
  endfacet
  facet normal 0.555582 0.831462 -0
    outer loop
      vertex 8.82628 9.38006 2
      vertex 8.5 9.59808 5.5
      vertex 8.82628 9.38006 5.5
    endloop
  endfacet
  facet normal 0.555582 0.831462 0
    outer loop
      vertex 8.5 9.59808 5.5
      vertex 8.82628 9.38006 2
      vertex 8.5 9.59808 2
    endloop
  endfacet
  facet normal -0.997858 -0.0654145 0
    outer loop
      vertex 4.02567 6.60842 2
      vertex 4 7 5.5
      vertex 4 7 2
    endloop
  endfacet
  facet normal -0.997858 -0.0654145 0
    outer loop
      vertex 4 7 5.5
      vertex 4.02567 6.60842 2
      vertex 4.02567 6.60842 5.5
    endloop
  endfacet
  facet normal 0.321444 0.946928 -0
    outer loop
      vertex 8.14805 9.77164 2
      vertex 7.77646 9.89778 5.5
      vertex 8.14805 9.77164 5.5
    endloop
  endfacet
  facet normal 0.321444 0.946928 0
    outer loop
      vertex 7.77646 9.89778 5.5
      vertex 8.14805 9.77164 2
      vertex 7.77646 9.89778 2
    endloop
  endfacet
  facet normal 0.659341 -0.751844 0
    outer loop
      vertex 8.82628 4.61994 2
      vertex 9.12132 4.87868 5.5
      vertex 8.82628 4.61994 5.5
    endloop
  endfacet
  facet normal 0.659341 -0.751844 0
    outer loop
      vertex 9.12132 4.87868 5.5
      vertex 8.82628 4.61994 2
      vertex 9.12132 4.87868 2
    endloop
  endfacet
  facet normal -0.195072 0.980789 0
    outer loop
      vertex 6.60842 9.97433 2
      vertex 6.22354 9.89778 5.5
      vertex 6.60842 9.97433 5.5
    endloop
  endfacet
  facet normal -0.195072 0.980789 0
    outer loop
      vertex 6.22354 9.89778 5.5
      vertex 6.60842 9.97433 2
      vertex 6.22354 9.89778 2
    endloop
  endfacet
  facet normal 0.896875 0.442283 0
    outer loop
      vertex 9.77164 8.14805 5.5
      vertex 9.59808 8.5 2
      vertex 9.59808 8.5 5.5
    endloop
  endfacet
  facet normal 0.896875 0.442283 0
    outer loop
      vertex 9.59808 8.5 2
      vertex 9.77164 8.14805 5.5
      vertex 9.77164 8.14805 2
    endloop
  endfacet
  facet normal -0.555582 -0.831462 0
    outer loop
      vertex 5.17372 4.61994 2
      vertex 5.5 4.40192 5.5
      vertex 5.17372 4.61994 5.5
    endloop
  endfacet
  facet normal -0.555582 -0.831462 -0
    outer loop
      vertex 5.5 4.40192 5.5
      vertex 5.17372 4.61994 2
      vertex 5.5 4.40192 2
    endloop
  endfacet
  facet normal -0.659341 -0.751844 0
    outer loop
      vertex 4.87868 4.87868 2
      vertex 5.17372 4.61994 5.5
      vertex 4.87868 4.87868 5.5
    endloop
  endfacet
  facet normal -0.659341 -0.751844 -0
    outer loop
      vertex 5.17372 4.61994 5.5
      vertex 4.87868 4.87868 2
      vertex 5.17372 4.61994 2
    endloop
  endfacet
  facet normal 0.751844 -0.659341 0
    outer loop
      vertex 9.12132 4.87868 5.5
      vertex 9.38006 5.17372 2
      vertex 9.38006 5.17372 5.5
    endloop
  endfacet
  facet normal 0.751844 -0.659341 0
    outer loop
      vertex 9.38006 5.17372 2
      vertex 9.12132 4.87868 5.5
      vertex 9.12132 4.87868 2
    endloop
  endfacet
  facet normal -0.896875 -0.442283 0
    outer loop
      vertex 4.40192 5.5 2
      vertex 4.22836 5.85195 5.5
      vertex 4.22836 5.85195 2
    endloop
  endfacet
  facet normal -0.896875 -0.442283 0
    outer loop
      vertex 4.22836 5.85195 5.5
      vertex 4.40192 5.5 2
      vertex 4.40192 5.5 5.5
    endloop
  endfacet
  facet normal -0.0654145 -0.997858 0
    outer loop
      vertex 6.60842 4.02567 2
      vertex 7 4 5.5
      vertex 6.60842 4.02567 5.5
    endloop
  endfacet
  facet normal -0.0654145 -0.997858 -0
    outer loop
      vertex 7 4 5.5
      vertex 6.60842 4.02567 2
      vertex 7 4 2
    endloop
  endfacet
  facet normal 0.751844 0.659341 0
    outer loop
      vertex 9.38006 8.82628 5.5
      vertex 9.12132 9.12132 2
      vertex 9.12132 9.12132 5.5
    endloop
  endfacet
  facet normal 0.751844 0.659341 0
    outer loop
      vertex 9.12132 9.12132 2
      vertex 9.38006 8.82628 5.5
      vertex 9.38006 8.82628 2
    endloop
  endfacet
  facet normal -0.555582 0.831462 0
    outer loop
      vertex 5.5 9.59808 2
      vertex 5.17372 9.38006 5.5
      vertex 5.5 9.59808 5.5
    endloop
  endfacet
  facet normal -0.555582 0.831462 0
    outer loop
      vertex 5.17372 9.38006 5.5
      vertex 5.5 9.59808 2
      vertex 5.17372 9.38006 2
    endloop
  endfacet
  facet normal 0.321444 -0.946928 0
    outer loop
      vertex 7.77646 4.10222 2
      vertex 8.14805 4.22836 5.5
      vertex 7.77646 4.10222 5.5
    endloop
  endfacet
  facet normal 0.321444 -0.946928 0
    outer loop
      vertex 8.14805 4.22836 5.5
      vertex 7.77646 4.10222 2
      vertex 8.14805 4.22836 2
    endloop
  endfacet
  facet normal 0.442283 -0.896875 0
    outer loop
      vertex 8.14805 4.22836 2
      vertex 8.5 4.40192 5.5
      vertex 8.14805 4.22836 5.5
    endloop
  endfacet
  facet normal 0.442283 -0.896875 0
    outer loop
      vertex 8.5 4.40192 5.5
      vertex 8.14805 4.22836 2
      vertex 8.5 4.40192 2
    endloop
  endfacet
  facet normal 0.946928 -0.321444 0
    outer loop
      vertex 9.77164 5.85195 5.5
      vertex 9.89778 6.22354 2
      vertex 9.89778 6.22354 5.5
    endloop
  endfacet
  facet normal 0.946928 -0.321444 0
    outer loop
      vertex 9.89778 6.22354 2
      vertex 9.77164 5.85195 5.5
      vertex 9.77164 5.85195 2
    endloop
  endfacet
  facet normal 0 0 1
    outer loop
      vertex 8 7 5.5
      vertex 10 7 5.5
      vertex 9.97433 7.39158 5.5
    endloop
  endfacet
  facet normal 0 0 1
    outer loop
      vertex 7.99144 7.13053 5.5
      vertex 9.97433 7.39158 5.5
      vertex 9.89778 7.77646 5.5
    endloop
  endfacet
  facet normal 0 0 1
    outer loop
      vertex 10 7 5.5
      vertex 8 7 5.5
      vertex 9.97433 6.60842 5.5
    endloop
  endfacet
  facet normal 0 0 1
    outer loop
      vertex 7.96593 7.25882 5.5
      vertex 9.89778 7.77646 5.5
      vertex 9.77164 8.14805 5.5
    endloop
  endfacet
  facet normal -0 0 1
    outer loop
      vertex 7.99144 6.86947 5.5
      vertex 9.97433 6.60842 5.5
      vertex 8 7 5.5
    endloop
  endfacet
  facet normal 0 0 1
    outer loop
      vertex 7.92388 7.38268 5.5
      vertex 9.77164 8.14805 5.5
      vertex 9.59808 8.5 5.5
    endloop
  endfacet
  facet normal 0 0 1
    outer loop
      vertex 9.97433 6.60842 5.5
      vertex 7.99144 6.86947 5.5
      vertex 9.89778 6.22354 5.5
    endloop
  endfacet
  facet normal 0 0 1
    outer loop
      vertex 7.86602 7.5 5.5
      vertex 9.59808 8.5 5.5
      vertex 9.38006 8.82628 5.5
    endloop
  endfacet
  facet normal -0 0 1
    outer loop
      vertex 7.96593 6.74118 5.5
      vertex 9.89778 6.22354 5.5
      vertex 7.99144 6.86947 5.5
    endloop
  endfacet
  facet normal 0 0 1
    outer loop
      vertex 7.79335 7.60876 5.5
      vertex 9.38006 8.82628 5.5
      vertex 9.12132 9.12132 5.5
    endloop
  endfacet
  facet normal 0 0 1
    outer loop
      vertex 9.89778 6.22354 5.5
      vertex 7.96593 6.74118 5.5
      vertex 9.77164 5.85195 5.5
    endloop
  endfacet
  facet normal 0 0 1
    outer loop
      vertex 7.70711 7.70711 5.5
      vertex 9.12132 9.12132 5.5
      vertex 8.82628 9.38006 5.5
    endloop
  endfacet
  facet normal -0 0 1
    outer loop
      vertex 7.92388 6.61732 5.5
      vertex 9.77164 5.85195 5.5
      vertex 7.96593 6.74118 5.5
    endloop
  endfacet
  facet normal 0 0 1
    outer loop
      vertex 7.60876 7.79335 5.5
      vertex 8.82628 9.38006 5.5
      vertex 8.5 9.59808 5.5
    endloop
  endfacet
  facet normal 0 0 1
    outer loop
      vertex 9.77164 5.85195 5.5
      vertex 7.92388 6.61732 5.5
      vertex 9.59808 5.5 5.5
    endloop
  endfacet
  facet normal 0 0 1
    outer loop
      vertex 7.5 7.86602 5.5
      vertex 8.5 9.59808 5.5
      vertex 8.14805 9.77164 5.5
    endloop
  endfacet
  facet normal -0 0 1
    outer loop
      vertex 7.86602 6.5 5.5
      vertex 9.59808 5.5 5.5
      vertex 7.92388 6.61732 5.5
    endloop
  endfacet
  facet normal 0 0 1
    outer loop
      vertex 9.59808 5.5 5.5
      vertex 7.86602 6.5 5.5
      vertex 9.38006 5.17372 5.5
    endloop
  endfacet
  facet normal 0 0 1
    outer loop
      vertex 9.97433 7.39158 5.5
      vertex 7.99144 7.13053 5.5
      vertex 8 7 5.5
    endloop
  endfacet
  facet normal 0 0 1
    outer loop
      vertex 9.89778 7.77646 5.5
      vertex 7.96593 7.25882 5.5
      vertex 7.99144 7.13053 5.5
    endloop
  endfacet
  facet normal 0 0 1
    outer loop
      vertex 9.77164 8.14805 5.5
      vertex 7.92388 7.38268 5.5
      vertex 7.96593 7.25882 5.5
    endloop
  endfacet
  facet normal 0 0 1
    outer loop
      vertex 9.59808 8.5 5.5
      vertex 7.86602 7.5 5.5
      vertex 7.92388 7.38268 5.5
    endloop
  endfacet
  facet normal 0 0 1
    outer loop
      vertex 9.38006 8.82628 5.5
      vertex 7.79335 7.60876 5.5
      vertex 7.86602 7.5 5.5
    endloop
  endfacet
  facet normal 0 0 1
    outer loop
      vertex 7.38268 7.92388 5.5
      vertex 8.14805 9.77164 5.5
      vertex 7.77646 9.89778 5.5
    endloop
  endfacet
  facet normal 0 0 1
    outer loop
      vertex 9.12132 9.12132 5.5
      vertex 7.70711 7.70711 5.5
      vertex 7.79335 7.60876 5.5
    endloop
  endfacet
  facet normal 0 0 1
    outer loop
      vertex 8.82628 9.38006 5.5
      vertex 7.60876 7.79335 5.5
      vertex 7.70711 7.70711 5.5
    endloop
  endfacet
  facet normal 0 0 1
    outer loop
      vertex 8.5 9.59808 5.5
      vertex 7.5 7.86602 5.5
      vertex 7.60876 7.79335 5.5
    endloop
  endfacet
  facet normal 0 0 1
    outer loop
      vertex 7.25882 7.96593 5.5
      vertex 7.77646 9.89778 5.5
      vertex 7.39158 9.97433 5.5
    endloop
  endfacet
  facet normal 0 0 1
    outer loop
      vertex 8.14805 9.77164 5.5
      vertex 7.38268 7.92388 5.5
      vertex 7.5 7.86602 5.5
    endloop
  endfacet
  facet normal 0 0 1
    outer loop
      vertex 7.77646 9.89778 5.5
      vertex 7.25882 7.96593 5.5
      vertex 7.38268 7.92388 5.5
    endloop
  endfacet
  facet normal 0 0 1
    outer loop
      vertex 7.39158 9.97433 5.5
      vertex 7.13053 7.99144 5.5
      vertex 7.25882 7.96593 5.5
    endloop
  endfacet
  facet normal 0 0 1
    outer loop
      vertex 7 10 5.5
      vertex 7.13053 7.99144 5.5
      vertex 7.39158 9.97433 5.5
    endloop
  endfacet
  facet normal 0 0 1
    outer loop
      vertex 7 10 5.5
      vertex 7 8 5.5
      vertex 7.13053 7.99144 5.5
    endloop
  endfacet
  facet normal 0 0 1
    outer loop
      vertex 7 10 5.5
      vertex 6.86947 7.99144 5.5
      vertex 7 8 5.5
    endloop
  endfacet
  facet normal -0 0 1
    outer loop
      vertex 6.60842 9.97433 5.5
      vertex 6.86947 7.99144 5.5
      vertex 7 10 5.5
    endloop
  endfacet
  facet normal 0 0 1
    outer loop
      vertex 6.86947 7.99144 5.5
      vertex 6.60842 9.97433 5.5
      vertex 6.74118 7.96593 5.5
    endloop
  endfacet
  facet normal -0 0 1
    outer loop
      vertex 6.22354 9.89778 5.5
      vertex 6.74118 7.96593 5.5
      vertex 6.60842 9.97433 5.5
    endloop
  endfacet
  facet normal 0 0 1
    outer loop
      vertex 6.74118 7.96593 5.5
      vertex 6.22354 9.89778 5.5
      vertex 6.61732 7.92388 5.5
    endloop
  endfacet
  facet normal -0 0 1
    outer loop
      vertex 5.85195 9.77164 5.5
      vertex 6.61732 7.92388 5.5
      vertex 6.22354 9.89778 5.5
    endloop
  endfacet
  facet normal 0 0 1
    outer loop
      vertex 6.61732 7.92388 5.5
      vertex 5.85195 9.77164 5.5
      vertex 6.5 7.86602 5.5
    endloop
  endfacet
  facet normal -0 0 1
    outer loop
      vertex 5.5 9.59808 5.5
      vertex 6.5 7.86602 5.5
      vertex 5.85195 9.77164 5.5
    endloop
  endfacet
  facet normal 0 0 1
    outer loop
      vertex 6.5 7.86602 5.5
      vertex 5.5 9.59808 5.5
      vertex 6.39124 7.79335 5.5
    endloop
  endfacet
  facet normal -0 0 1
    outer loop
      vertex 5.17372 9.38006 5.5
      vertex 6.39124 7.79335 5.5
      vertex 5.5 9.59808 5.5
    endloop
  endfacet
  facet normal 0 0 1
    outer loop
      vertex 6.39124 7.79335 5.5
      vertex 5.17372 9.38006 5.5
      vertex 6.29289 7.70711 5.5
    endloop
  endfacet
  facet normal -0 0 1
    outer loop
      vertex 4.87868 9.12132 5.5
      vertex 6.29289 7.70711 5.5
      vertex 5.17372 9.38006 5.5
    endloop
  endfacet
  facet normal 0 0 1
    outer loop
      vertex 6.29289 7.70711 5.5
      vertex 4.87868 9.12132 5.5
      vertex 6.20665 7.60876 5.5
    endloop
  endfacet
  facet normal 0 0 1
    outer loop
      vertex 6.20665 7.60876 5.5
      vertex 4.61994 8.82628 5.5
      vertex 6.13397 7.5 5.5
    endloop
  endfacet
  facet normal -0 0 1
    outer loop
      vertex 4.61994 8.82628 5.5
      vertex 6.20665 7.60876 5.5
      vertex 4.87868 9.12132 5.5
    endloop
  endfacet
  facet normal -0 0 1
    outer loop
      vertex 7.79335 6.39124 5.5
      vertex 9.38006 5.17372 5.5
      vertex 7.86602 6.5 5.5
    endloop
  endfacet
  facet normal 0 0 1
    outer loop
      vertex 9.38006 5.17372 5.5
      vertex 7.79335 6.39124 5.5
      vertex 9.12132 4.87868 5.5
    endloop
  endfacet
  facet normal -0 0 1
    outer loop
      vertex 7.70711 6.29289 5.5
      vertex 9.12132 4.87868 5.5
      vertex 7.79335 6.39124 5.5
    endloop
  endfacet
  facet normal 0 0 1
    outer loop
      vertex 9.12132 4.87868 5.5
      vertex 7.70711 6.29289 5.5
      vertex 8.82628 4.61994 5.5
    endloop
  endfacet
  facet normal -0 0 1
    outer loop
      vertex 7.60876 6.20665 5.5
      vertex 8.82628 4.61994 5.5
      vertex 7.70711 6.29289 5.5
    endloop
  endfacet
  facet normal 0 0 1
    outer loop
      vertex 8.82628 4.61994 5.5
      vertex 7.60876 6.20665 5.5
      vertex 8.5 4.40192 5.5
    endloop
  endfacet
  facet normal -0 0 1
    outer loop
      vertex 7.5 6.13397 5.5
      vertex 8.5 4.40192 5.5
      vertex 7.60876 6.20665 5.5
    endloop
  endfacet
  facet normal 0 0 1
    outer loop
      vertex 8.5 4.40192 5.5
      vertex 7.5 6.13397 5.5
      vertex 8.14805 4.22836 5.5
    endloop
  endfacet
  facet normal -0 0 1
    outer loop
      vertex 7.38268 6.07612 5.5
      vertex 8.14805 4.22836 5.5
      vertex 7.5 6.13397 5.5
    endloop
  endfacet
  facet normal 0 0 1
    outer loop
      vertex 8.14805 4.22836 5.5
      vertex 7.38268 6.07612 5.5
      vertex 7.77646 4.10222 5.5
    endloop
  endfacet
  facet normal -0 0 1
    outer loop
      vertex 7.25882 6.03407 5.5
      vertex 7.77646 4.10222 5.5
      vertex 7.38268 6.07612 5.5
    endloop
  endfacet
  facet normal 0 0 1
    outer loop
      vertex 7.77646 4.10222 5.5
      vertex 7.25882 6.03407 5.5
      vertex 7.39158 4.02567 5.5
    endloop
  endfacet
  facet normal -0 0 1
    outer loop
      vertex 7.13053 6.00855 5.5
      vertex 7.39158 4.02567 5.5
      vertex 7.25882 6.03407 5.5
    endloop
  endfacet
  facet normal -0 0 1
    outer loop
      vertex 7 6 5.5
      vertex 7.39158 4.02567 5.5
      vertex 7.13053 6.00855 5.5
    endloop
  endfacet
  facet normal 0 0 1
    outer loop
      vertex 7 6 5.5
      vertex 7 4 5.5
      vertex 7.39158 4.02567 5.5
    endloop
  endfacet
  facet normal 0 0 1
    outer loop
      vertex 6.86947 6.00855 5.5
      vertex 7 4 5.5
      vertex 7 6 5.5
    endloop
  endfacet
  facet normal 0 0 1
    outer loop
      vertex 6.60842 4.02567 5.5
      vertex 6.86947 6.00855 5.5
      vertex 6.74118 6.03407 5.5
    endloop
  endfacet
  facet normal 0 0 1
    outer loop
      vertex 6.22354 4.10222 5.5
      vertex 6.74118 6.03407 5.5
      vertex 6.61732 6.07612 5.5
    endloop
  endfacet
  facet normal 0 0 1
    outer loop
      vertex 6.86947 6.00855 5.5
      vertex 6.60842 4.02567 5.5
      vertex 7 4 5.5
    endloop
  endfacet
  facet normal 0 0 1
    outer loop
      vertex 5.85195 4.22836 5.5
      vertex 6.61732 6.07612 5.5
      vertex 6.5 6.13397 5.5
    endloop
  endfacet
  facet normal 0 0 1
    outer loop
      vertex 5.5 4.40192 5.5
      vertex 6.5 6.13397 5.5
      vertex 6.39124 6.20665 5.5
    endloop
  endfacet
  facet normal 0 0 1
    outer loop
      vertex 5.17372 4.61994 5.5
      vertex 6.39124 6.20665 5.5
      vertex 6.29289 6.29289 5.5
    endloop
  endfacet
  facet normal 0 0 1
    outer loop
      vertex 6.74118 6.03407 5.5
      vertex 6.22354 4.10222 5.5
      vertex 6.60842 4.02567 5.5
    endloop
  endfacet
  facet normal 0 0 1
    outer loop
      vertex 4.87868 4.87868 5.5
      vertex 6.29289 6.29289 5.5
      vertex 6.20665 6.39124 5.5
    endloop
  endfacet
  facet normal 0 0 1
    outer loop
      vertex 4.61994 5.17372 5.5
      vertex 6.20665 6.39124 5.5
      vertex 6.13397 6.5 5.5
    endloop
  endfacet
  facet normal 0 0 1
    outer loop
      vertex 4.40192 5.5 5.5
      vertex 6.13397 6.5 5.5
      vertex 6.07612 6.61732 5.5
    endloop
  endfacet
  facet normal 0 0 1
    outer loop
      vertex 4.22836 5.85195 5.5
      vertex 6.07612 6.61732 5.5
      vertex 6.03407 6.74118 5.5
    endloop
  endfacet
  facet normal 0 0 1
    outer loop
      vertex 4.10222 6.22354 5.5
      vertex 6.03407 6.74118 5.5
      vertex 6.00855 6.86947 5.5
    endloop
  endfacet
  facet normal 0 0 1
    outer loop
      vertex 6.61732 6.07612 5.5
      vertex 5.85195 4.22836 5.5
      vertex 6.22354 4.10222 5.5
    endloop
  endfacet
  facet normal 0 0 1
    outer loop
      vertex 4.02567 6.60842 5.5
      vertex 6.00855 6.86947 5.5
      vertex 6 7 5.5
    endloop
  endfacet
  facet normal -0 0 1
    outer loop
      vertex 4.40192 8.5 5.5
      vertex 6.13397 7.5 5.5
      vertex 4.61994 8.82628 5.5
    endloop
  endfacet
  facet normal 0 0 1
    outer loop
      vertex 6.13397 7.5 5.5
      vertex 4.40192 8.5 5.5
      vertex 6.07612 7.38268 5.5
    endloop
  endfacet
  facet normal 0 0 1
    outer loop
      vertex 6.5 6.13397 5.5
      vertex 5.5 4.40192 5.5
      vertex 5.85195 4.22836 5.5
    endloop
  endfacet
  facet normal -0 0 1
    outer loop
      vertex 4.22836 8.14805 5.5
      vertex 6.07612 7.38268 5.5
      vertex 4.40192 8.5 5.5
    endloop
  endfacet
  facet normal 0 0 1
    outer loop
      vertex 6.39124 6.20665 5.5
      vertex 5.17372 4.61994 5.5
      vertex 5.5 4.40192 5.5
    endloop
  endfacet
  facet normal 0 0 1
    outer loop
      vertex 6.07612 7.38268 5.5
      vertex 4.22836 8.14805 5.5
      vertex 6.03407 7.25882 5.5
    endloop
  endfacet
  facet normal 0 0 1
    outer loop
      vertex 6.29289 6.29289 5.5
      vertex 4.87868 4.87868 5.5
      vertex 5.17372 4.61994 5.5
    endloop
  endfacet
  facet normal -0 0 1
    outer loop
      vertex 4.10222 7.77646 5.5
      vertex 6.03407 7.25882 5.5
      vertex 4.22836 8.14805 5.5
    endloop
  endfacet
  facet normal 0 0 1
    outer loop
      vertex 6.20665 6.39124 5.5
      vertex 4.61994 5.17372 5.5
      vertex 4.87868 4.87868 5.5
    endloop
  endfacet
  facet normal 0 0 1
    outer loop
      vertex 6.03407 7.25882 5.5
      vertex 4.10222 7.77646 5.5
      vertex 6.00855 7.13053 5.5
    endloop
  endfacet
  facet normal 0 0 1
    outer loop
      vertex 6.13397 6.5 5.5
      vertex 4.40192 5.5 5.5
      vertex 4.61994 5.17372 5.5
    endloop
  endfacet
  facet normal -0 0 1
    outer loop
      vertex 4.02567 7.39158 5.5
      vertex 6.00855 7.13053 5.5
      vertex 4.10222 7.77646 5.5
    endloop
  endfacet
  facet normal 0 0 1
    outer loop
      vertex 6.07612 6.61732 5.5
      vertex 4.22836 5.85195 5.5
      vertex 4.40192 5.5 5.5
    endloop
  endfacet
  facet normal 0 0 1
    outer loop
      vertex 6.00855 7.13053 5.5
      vertex 4.02567 7.39158 5.5
      vertex 6 7 5.5
    endloop
  endfacet
  facet normal 0 0 1
    outer loop
      vertex 6.03407 6.74118 5.5
      vertex 4.10222 6.22354 5.5
      vertex 4.22836 5.85195 5.5
    endloop
  endfacet
  facet normal 0 0 1
    outer loop
      vertex 4 7 5.5
      vertex 6 7 5.5
      vertex 4.02567 7.39158 5.5
    endloop
  endfacet
  facet normal 0 0 1
    outer loop
      vertex 6.00855 6.86947 5.5
      vertex 4.02567 6.60842 5.5
      vertex 4.10222 6.22354 5.5
    endloop
  endfacet
  facet normal 0 0 1
    outer loop
      vertex 6 7 5.5
      vertex 4 7 5.5
      vertex 4.02567 6.60842 5.5
    endloop
  endfacet
  facet normal -0.195072 -0.980789 0
    outer loop
      vertex 6.22354 4.10222 2
      vertex 6.60842 4.02567 5.5
      vertex 6.22354 4.10222 5.5
    endloop
  endfacet
  facet normal -0.195072 -0.980789 -0
    outer loop
      vertex 6.60842 4.02567 5.5
      vertex 6.22354 4.10222 2
      vertex 6.60842 4.02567 2
    endloop
  endfacet
  facet normal 0.195072 0.980789 -0
    outer loop
      vertex 7.77646 9.89778 2
      vertex 7.39158 9.97433 5.5
      vertex 7.77646 9.89778 5.5
    endloop
  endfacet
  facet normal 0.195072 0.980789 0
    outer loop
      vertex 7.39158 9.97433 5.5
      vertex 7.77646 9.89778 2
      vertex 7.39158 9.97433 2
    endloop
  endfacet
  facet normal -0.442283 -0.896875 0
    outer loop
      vertex 5.5 4.40192 2
      vertex 5.85195 4.22836 5.5
      vertex 5.5 4.40192 5.5
    endloop
  endfacet
  facet normal -0.442283 -0.896875 -0
    outer loop
      vertex 5.85195 4.22836 5.5
      vertex 5.5 4.40192 2
      vertex 5.85195 4.22836 2
    endloop
  endfacet
  facet normal -0.831462 -0.555582 0
    outer loop
      vertex 4.61994 5.17372 2
      vertex 4.40192 5.5 5.5
      vertex 4.40192 5.5 2
    endloop
  endfacet
  facet normal -0.831462 -0.555582 0
    outer loop
      vertex 4.40192 5.5 5.5
      vertex 4.61994 5.17372 2
      vertex 4.61994 5.17372 5.5
    endloop
  endfacet
  facet normal -0.946928 0.321444 0
    outer loop
      vertex 4.10222 7.77646 2
      vertex 4.22836 8.14805 5.5
      vertex 4.22836 8.14805 2
    endloop
  endfacet
  facet normal -0.946928 0.321444 0
    outer loop
      vertex 4.22836 8.14805 5.5
      vertex 4.10222 7.77646 2
      vertex 4.10222 7.77646 5.5
    endloop
  endfacet
  facet normal -0.946882 -0.321582 0
    outer loop
      vertex 62.2284 5.85195 2
      vertex 62.1022 6.22354 5.5
      vertex 62.1022 6.22354 2
    endloop
  endfacet
  facet normal -0.946882 -0.321582 0
    outer loop
      vertex 62.1022 6.22354 5.5
      vertex 62.2284 5.85195 2
      vertex 62.2284 5.85195 5.5
    endloop
  endfacet
  facet normal 0.195062 -0.980791 0
    outer loop
      vertex 65.3916 4.02567 2
      vertex 65.7765 4.10222 5.5
      vertex 65.3916 4.02567 5.5
    endloop
  endfacet
  facet normal 0.195062 -0.980791 0
    outer loop
      vertex 65.7765 4.10222 5.5
      vertex 65.3916 4.02567 2
      vertex 65.7765 4.10222 2
    endloop
  endfacet
  facet normal 0.980813 0.19495 0
    outer loop
      vertex 67.9743 7.39158 5.5
      vertex 67.8978 7.77646 2
      vertex 67.8978 7.77646 5.5
    endloop
  endfacet
  facet normal 0.980813 0.19495 0
    outer loop
      vertex 67.8978 7.77646 2
      vertex 67.9743 7.39158 5.5
      vertex 67.9743 7.39158 2
    endloop
  endfacet
  facet normal 0.997853 0.0654906 0
    outer loop
      vertex 68 7 5.5
      vertex 67.9743 7.39158 2
      vertex 67.9743 7.39158 5.5
    endloop
  endfacet
  facet normal 0.997853 0.0654906 0
    outer loop
      vertex 67.9743 7.39158 2
      vertex 68 7 5.5
      vertex 68 7 2
    endloop
  endfacet
  facet normal -0.442233 0.8969 0
    outer loop
      vertex 63.852 9.77164 2
      vertex 63.5 9.59808 5.5
      vertex 63.852 9.77164 5.5
    endloop
  endfacet
  facet normal -0.442233 0.8969 0
    outer loop
      vertex 63.5 9.59808 5.5
      vertex 63.852 9.77164 2
      vertex 63.5 9.59808 2
    endloop
  endfacet
  facet normal 0.896936 -0.44216 0
    outer loop
      vertex 67.5981 5.5 5.5
      vertex 67.7716 5.85195 2
      vertex 67.7716 5.85195 5.5
    endloop
  endfacet
  facet normal 0.896936 -0.44216 0
    outer loop
      vertex 67.7716 5.85195 2
      vertex 67.5981 5.5 5.5
      vertex 67.5981 5.5 2
    endloop
  endfacet
  facet normal 0.997853 -0.0654906 0
    outer loop
      vertex 67.9743 6.60842 5.5
      vertex 68 7 2
      vertex 68 7 5.5
    endloop
  endfacet
  facet normal 0.997853 -0.0654906 0
    outer loop
      vertex 68 7 2
      vertex 67.9743 6.60842 5.5
      vertex 67.9743 6.60842 2
    endloop
  endfacet
  facet normal 0.659392 0.751799 -0
    outer loop
      vertex 67.1213 9.12132 2
      vertex 66.8263 9.38006 5.5
      vertex 67.1213 9.12132 5.5
    endloop
  endfacet
  facet normal 0.659392 0.751799 0
    outer loop
      vertex 66.8263 9.38006 5.5
      vertex 67.1213 9.12132 2
      vertex 66.8263 9.38006 2
    endloop
  endfacet
  facet normal -0.659392 0.751799 0
    outer loop
      vertex 63.1737 9.38006 2
      vertex 62.8787 9.12132 5.5
      vertex 63.1737 9.38006 5.5
    endloop
  endfacet
  facet normal -0.659392 0.751799 0
    outer loop
      vertex 62.8787 9.12132 5.5
      vertex 63.1737 9.38006 2
      vertex 62.8787 9.12132 2
    endloop
  endfacet
  facet normal 0.0654112 0.997858 -0
    outer loop
      vertex 65.3916 9.97433 2
      vertex 65 10 5.5
      vertex 65.3916 9.97433 5.5
    endloop
  endfacet
  facet normal 0.0654112 0.997858 0
    outer loop
      vertex 65 10 5.5
      vertex 65.3916 9.97433 2
      vertex 65 10 2
    endloop
  endfacet
  facet normal -0.195062 -0.980791 0
    outer loop
      vertex 64.2235 4.10222 2
      vertex 64.6084 4.02567 5.5
      vertex 64.2235 4.10222 5.5
    endloop
  endfacet
  facet normal -0.195062 -0.980791 -0
    outer loop
      vertex 64.6084 4.02567 5.5
      vertex 64.2235 4.10222 2
      vertex 64.6084 4.02567 2
    endloop
  endfacet
  facet normal -0.997853 0.0654906 0
    outer loop
      vertex 62 7 2
      vertex 62.0257 7.39158 5.5
      vertex 62.0257 7.39158 2
    endloop
  endfacet
  facet normal -0.997853 0.0654906 0
    outer loop
      vertex 62.0257 7.39158 5.5
      vertex 62 7 2
      vertex 62 7 5.5
    endloop
  endfacet
  facet normal -0.751768 -0.659428 0
    outer loop
      vertex 62.8787 4.87868 2
      vertex 62.6199 5.17372 5.5
      vertex 62.6199 5.17372 2
    endloop
  endfacet
  facet normal -0.751768 -0.659428 0
    outer loop
      vertex 62.6199 5.17372 5.5
      vertex 62.8787 4.87868 2
      vertex 62.8787 4.87868 5.5
    endloop
  endfacet
  facet normal -0.980813 -0.19495 0
    outer loop
      vertex 62.1022 6.22354 2
      vertex 62.0257 6.60842 5.5
      vertex 62.0257 6.60842 2
    endloop
  endfacet
  facet normal -0.980813 -0.19495 0
    outer loop
      vertex 62.0257 6.60842 5.5
      vertex 62.1022 6.22354 2
      vertex 62.1022 6.22354 5.5
    endloop
  endfacet
  facet normal 0.831485 -0.555547 0
    outer loop
      vertex 67.3801 5.17372 5.5
      vertex 67.5981 5.5 2
      vertex 67.5981 5.5 5.5
    endloop
  endfacet
  facet normal 0.831485 -0.555547 0
    outer loop
      vertex 67.5981 5.5 2
      vertex 67.3801 5.17372 5.5
      vertex 67.3801 5.17372 2
    endloop
  endfacet
  facet normal -0.896936 0.44216 0
    outer loop
      vertex 62.2284 8.14805 2
      vertex 62.4019 8.5 5.5
      vertex 62.4019 8.5 2
    endloop
  endfacet
  facet normal -0.896936 0.44216 0
    outer loop
      vertex 62.4019 8.5 5.5
      vertex 62.2284 8.14805 2
      vertex 62.2284 8.14805 5.5
    endloop
  endfacet
  facet normal -0.831485 0.555547 0
    outer loop
      vertex 62.4019 8.5 2
      vertex 62.6199 8.82628 5.5
      vertex 62.6199 8.82628 2
    endloop
  endfacet
  facet normal -0.831485 0.555547 0
    outer loop
      vertex 62.6199 8.82628 5.5
      vertex 62.4019 8.5 2
      vertex 62.4019 8.5 5.5
    endloop
  endfacet
  facet normal -0.0654112 0.997858 0
    outer loop
      vertex 65 10 2
      vertex 64.6084 9.97433 5.5
      vertex 65 10 5.5
    endloop
  endfacet
  facet normal -0.0654112 0.997858 0
    outer loop
      vertex 64.6084 9.97433 5.5
      vertex 65 10 2
      vertex 64.6084 9.97433 2
    endloop
  endfacet
  facet normal -0.321514 -0.946905 0
    outer loop
      vertex 63.852 4.22836 2
      vertex 64.2235 4.10222 5.5
      vertex 63.852 4.22836 5.5
    endloop
  endfacet
  facet normal -0.321514 -0.946905 -0
    outer loop
      vertex 64.2235 4.10222 5.5
      vertex 63.852 4.22836 2
      vertex 64.2235 4.10222 2
    endloop
  endfacet
  facet normal 0.442233 0.8969 -0
    outer loop
      vertex 66.5 9.59808 2
      vertex 66.148 9.77164 5.5
      vertex 66.5 9.59808 5.5
    endloop
  endfacet
  facet normal 0.442233 0.8969 0
    outer loop
      vertex 66.148 9.77164 5.5
      vertex 66.5 9.59808 2
      vertex 66.148 9.77164 2
    endloop
  endfacet
  facet normal 0.0654112 -0.997858 0
    outer loop
      vertex 65 4 2
      vertex 65.3916 4.02567 5.5
      vertex 65 4 5.5
    endloop
  endfacet
  facet normal 0.0654112 -0.997858 0
    outer loop
      vertex 65.3916 4.02567 5.5
      vertex 65 4 2
      vertex 65.3916 4.02567 2
    endloop
  endfacet
  facet normal 0.555558 -0.831477 0
    outer loop
      vertex 66.5 4.40192 2
      vertex 66.8263 4.61994 5.5
      vertex 66.5 4.40192 5.5
    endloop
  endfacet
  facet normal 0.555558 -0.831477 0
    outer loop
      vertex 66.8263 4.61994 5.5
      vertex 66.5 4.40192 2
      vertex 66.8263 4.61994 2
    endloop
  endfacet
  facet normal 0.980813 -0.19495 0
    outer loop
      vertex 67.8978 6.22354 5.5
      vertex 67.9743 6.60842 2
      vertex 67.9743 6.60842 5.5
    endloop
  endfacet
  facet normal 0.980813 -0.19495 0
    outer loop
      vertex 67.9743 6.60842 2
      vertex 67.8978 6.22354 5.5
      vertex 67.8978 6.22354 2
    endloop
  endfacet
  facet normal -0.751768 0.659428 0
    outer loop
      vertex 62.6199 8.82628 2
      vertex 62.8787 9.12132 5.5
      vertex 62.8787 9.12132 2
    endloop
  endfacet
  facet normal -0.751768 0.659428 0
    outer loop
      vertex 62.8787 9.12132 5.5
      vertex 62.6199 8.82628 2
      vertex 62.6199 8.82628 5.5
    endloop
  endfacet
  facet normal -0.980813 0.19495 0
    outer loop
      vertex 62.0257 7.39158 2
      vertex 62.1022 7.77646 5.5
      vertex 62.1022 7.77646 2
    endloop
  endfacet
  facet normal -0.980813 0.19495 0
    outer loop
      vertex 62.1022 7.77646 5.5
      vertex 62.0257 7.39158 2
      vertex 62.0257 7.39158 5.5
    endloop
  endfacet
  facet normal 0.831485 0.555547 0
    outer loop
      vertex 67.5981 8.5 5.5
      vertex 67.3801 8.82628 2
      vertex 67.3801 8.82628 5.5
    endloop
  endfacet
  facet normal 0.831485 0.555547 0
    outer loop
      vertex 67.3801 8.82628 2
      vertex 67.5981 8.5 5.5
      vertex 67.5981 8.5 2
    endloop
  endfacet
  facet normal 0.555558 0.831477 -0
    outer loop
      vertex 66.8263 9.38006 2
      vertex 66.5 9.59808 5.5
      vertex 66.8263 9.38006 5.5
    endloop
  endfacet
  facet normal 0.555558 0.831477 0
    outer loop
      vertex 66.5 9.59808 5.5
      vertex 66.8263 9.38006 2
      vertex 66.5 9.59808 2
    endloop
  endfacet
  facet normal -0.997853 -0.0654906 0
    outer loop
      vertex 62.0257 6.60842 2
      vertex 62 7 5.5
      vertex 62 7 2
    endloop
  endfacet
  facet normal -0.997853 -0.0654906 0
    outer loop
      vertex 62 7 5.5
      vertex 62.0257 6.60842 2
      vertex 62.0257 6.60842 5.5
    endloop
  endfacet
  facet normal 0.321514 0.946905 -0
    outer loop
      vertex 66.148 9.77164 2
      vertex 65.7765 9.89778 5.5
      vertex 66.148 9.77164 5.5
    endloop
  endfacet
  facet normal 0.321514 0.946905 0
    outer loop
      vertex 65.7765 9.89778 5.5
      vertex 66.148 9.77164 2
      vertex 65.7765 9.89778 2
    endloop
  endfacet
  facet normal 0.659392 -0.751799 0
    outer loop
      vertex 66.8263 4.61994 2
      vertex 67.1213 4.87868 5.5
      vertex 66.8263 4.61994 5.5
    endloop
  endfacet
  facet normal 0.659392 -0.751799 0
    outer loop
      vertex 67.1213 4.87868 5.5
      vertex 66.8263 4.61994 2
      vertex 67.1213 4.87868 2
    endloop
  endfacet
  facet normal -0.195062 0.980791 0
    outer loop
      vertex 64.6084 9.97433 2
      vertex 64.2235 9.89778 5.5
      vertex 64.6084 9.97433 5.5
    endloop
  endfacet
  facet normal -0.195062 0.980791 0
    outer loop
      vertex 64.2235 9.89778 5.5
      vertex 64.6084 9.97433 2
      vertex 64.2235 9.89778 2
    endloop
  endfacet
  facet normal 0.896936 0.44216 0
    outer loop
      vertex 67.7716 8.14805 5.5
      vertex 67.5981 8.5 2
      vertex 67.5981 8.5 5.5
    endloop
  endfacet
  facet normal 0.896936 0.44216 0
    outer loop
      vertex 67.5981 8.5 2
      vertex 67.7716 8.14805 5.5
      vertex 67.7716 8.14805 2
    endloop
  endfacet
  facet normal 0.946882 -0.321582 0
    outer loop
      vertex 67.7716 5.85195 5.5
      vertex 67.8978 6.22354 2
      vertex 67.8978 6.22354 5.5
    endloop
  endfacet
  facet normal 0.946882 -0.321582 0
    outer loop
      vertex 67.8978 6.22354 2
      vertex 67.7716 5.85195 5.5
      vertex 67.7716 5.85195 2
    endloop
  endfacet
  facet normal -0.555558 -0.831477 0
    outer loop
      vertex 63.1737 4.61994 2
      vertex 63.5 4.40192 5.5
      vertex 63.1737 4.61994 5.5
    endloop
  endfacet
  facet normal -0.555558 -0.831477 -0
    outer loop
      vertex 63.5 4.40192 5.5
      vertex 63.1737 4.61994 2
      vertex 63.5 4.40192 2
    endloop
  endfacet
  facet normal -0.659392 -0.751799 0
    outer loop
      vertex 62.8787 4.87868 2
      vertex 63.1737 4.61994 5.5
      vertex 62.8787 4.87868 5.5
    endloop
  endfacet
  facet normal -0.659392 -0.751799 -0
    outer loop
      vertex 63.1737 4.61994 5.5
      vertex 62.8787 4.87868 2
      vertex 63.1737 4.61994 2
    endloop
  endfacet
  facet normal 0.751768 -0.659428 0
    outer loop
      vertex 67.1213 4.87868 5.5
      vertex 67.3801 5.17372 2
      vertex 67.3801 5.17372 5.5
    endloop
  endfacet
  facet normal 0.751768 -0.659428 0
    outer loop
      vertex 67.3801 5.17372 2
      vertex 67.1213 4.87868 5.5
      vertex 67.1213 4.87868 2
    endloop
  endfacet
  facet normal -0.896936 -0.44216 0
    outer loop
      vertex 62.4019 5.5 2
      vertex 62.2284 5.85195 5.5
      vertex 62.2284 5.85195 2
    endloop
  endfacet
  facet normal -0.896936 -0.44216 0
    outer loop
      vertex 62.2284 5.85195 5.5
      vertex 62.4019 5.5 2
      vertex 62.4019 5.5 5.5
    endloop
  endfacet
  facet normal -0.0654112 -0.997858 0
    outer loop
      vertex 64.6084 4.02567 2
      vertex 65 4 5.5
      vertex 64.6084 4.02567 5.5
    endloop
  endfacet
  facet normal -0.0654112 -0.997858 -0
    outer loop
      vertex 65 4 5.5
      vertex 64.6084 4.02567 2
      vertex 65 4 2
    endloop
  endfacet
  facet normal 0.751768 0.659428 0
    outer loop
      vertex 67.3801 8.82628 5.5
      vertex 67.1213 9.12132 2
      vertex 67.1213 9.12132 5.5
    endloop
  endfacet
  facet normal 0.751768 0.659428 0
    outer loop
      vertex 67.1213 9.12132 2
      vertex 67.3801 8.82628 5.5
      vertex 67.3801 8.82628 2
    endloop
  endfacet
  facet normal -0.555558 0.831477 0
    outer loop
      vertex 63.5 9.59808 2
      vertex 63.1737 9.38006 5.5
      vertex 63.5 9.59808 5.5
    endloop
  endfacet
  facet normal -0.555558 0.831477 0
    outer loop
      vertex 63.1737 9.38006 5.5
      vertex 63.5 9.59808 2
      vertex 63.1737 9.38006 2
    endloop
  endfacet
  facet normal 0.946882 0.321582 0
    outer loop
      vertex 67.8978 7.77646 5.5
      vertex 67.7716 8.14805 2
      vertex 67.7716 8.14805 5.5
    endloop
  endfacet
  facet normal 0.946882 0.321582 0
    outer loop
      vertex 67.7716 8.14805 2
      vertex 67.8978 7.77646 5.5
      vertex 67.8978 7.77646 2
    endloop
  endfacet
  facet normal 0.321514 -0.946905 0
    outer loop
      vertex 65.7765 4.10222 2
      vertex 66.148 4.22836 5.5
      vertex 65.7765 4.10222 5.5
    endloop
  endfacet
  facet normal 0.321514 -0.946905 0
    outer loop
      vertex 66.148 4.22836 5.5
      vertex 65.7765 4.10222 2
      vertex 66.148 4.22836 2
    endloop
  endfacet
  facet normal 0.442233 -0.8969 0
    outer loop
      vertex 66.148 4.22836 2
      vertex 66.5 4.40192 5.5
      vertex 66.148 4.22836 5.5
    endloop
  endfacet
  facet normal 0.442233 -0.8969 0
    outer loop
      vertex 66.5 4.40192 5.5
      vertex 66.148 4.22836 2
      vertex 66.5 4.40192 2
    endloop
  endfacet
  facet normal -0.321514 0.946905 0
    outer loop
      vertex 64.2235 9.89778 2
      vertex 63.852 9.77164 5.5
      vertex 64.2235 9.89778 5.5
    endloop
  endfacet
  facet normal -0.321514 0.946905 0
    outer loop
      vertex 63.852 9.77164 5.5
      vertex 64.2235 9.89778 2
      vertex 63.852 9.77164 2
    endloop
  endfacet
  facet normal 0 0 1
    outer loop
      vertex 66 7 5.5
      vertex 68 7 5.5
      vertex 67.9743 7.39158 5.5
    endloop
  endfacet
  facet normal 0 0 1
    outer loop
      vertex 65.9914 7.13053 5.5
      vertex 67.9743 7.39158 5.5
      vertex 67.8978 7.77646 5.5
    endloop
  endfacet
  facet normal 0 0 1
    outer loop
      vertex 68 7 5.5
      vertex 66 7 5.5
      vertex 67.9743 6.60842 5.5
    endloop
  endfacet
  facet normal 0 0 1
    outer loop
      vertex 65.9659 7.25882 5.5
      vertex 67.8978 7.77646 5.5
      vertex 67.7716 8.14805 5.5
    endloop
  endfacet
  facet normal -0 0 1
    outer loop
      vertex 65.9914 6.86947 5.5
      vertex 67.9743 6.60842 5.5
      vertex 66 7 5.5
    endloop
  endfacet
  facet normal 0 0 1
    outer loop
      vertex 65.9239 7.38268 5.5
      vertex 67.7716 8.14805 5.5
      vertex 67.5981 8.5 5.5
    endloop
  endfacet
  facet normal 0 0 1
    outer loop
      vertex 67.9743 6.60842 5.5
      vertex 65.9914 6.86947 5.5
      vertex 67.8978 6.22354 5.5
    endloop
  endfacet
  facet normal 0 0 1
    outer loop
      vertex 65.866 7.5 5.5
      vertex 67.5981 8.5 5.5
      vertex 67.3801 8.82628 5.5
    endloop
  endfacet
  facet normal -0 0 1
    outer loop
      vertex 65.9659 6.74118 5.5
      vertex 67.8978 6.22354 5.5
      vertex 65.9914 6.86947 5.5
    endloop
  endfacet
  facet normal 0 0 1
    outer loop
      vertex 65.7934 7.60876 5.5
      vertex 67.3801 8.82628 5.5
      vertex 67.1213 9.12132 5.5
    endloop
  endfacet
  facet normal 0 0 1
    outer loop
      vertex 67.8978 6.22354 5.5
      vertex 65.9659 6.74118 5.5
      vertex 67.7716 5.85195 5.5
    endloop
  endfacet
  facet normal 0 0 1
    outer loop
      vertex 65.7071 7.70711 5.5
      vertex 67.1213 9.12132 5.5
      vertex 66.8263 9.38006 5.5
    endloop
  endfacet
  facet normal -0 0 1
    outer loop
      vertex 65.9239 6.61732 5.5
      vertex 67.7716 5.85195 5.5
      vertex 65.9659 6.74118 5.5
    endloop
  endfacet
  facet normal 0 0 1
    outer loop
      vertex 65.6088 7.79335 5.5
      vertex 66.8263 9.38006 5.5
      vertex 66.5 9.59808 5.5
    endloop
  endfacet
  facet normal 0 0 1
    outer loop
      vertex 67.7716 5.85195 5.5
      vertex 65.9239 6.61732 5.5
      vertex 67.5981 5.5 5.5
    endloop
  endfacet
  facet normal 0 0 1
    outer loop
      vertex 65.5 7.86602 5.5
      vertex 66.5 9.59808 5.5
      vertex 66.148 9.77164 5.5
    endloop
  endfacet
  facet normal -0 0 1
    outer loop
      vertex 65.866 6.5 5.5
      vertex 67.5981 5.5 5.5
      vertex 65.9239 6.61732 5.5
    endloop
  endfacet
  facet normal 0 0 1
    outer loop
      vertex 67.5981 5.5 5.5
      vertex 65.866 6.5 5.5
      vertex 67.3801 5.17372 5.5
    endloop
  endfacet
  facet normal 0 0 1
    outer loop
      vertex 67.9743 7.39158 5.5
      vertex 65.9914 7.13053 5.5
      vertex 66 7 5.5
    endloop
  endfacet
  facet normal 0 0 1
    outer loop
      vertex 67.8978 7.77646 5.5
      vertex 65.9659 7.25882 5.5
      vertex 65.9914 7.13053 5.5
    endloop
  endfacet
  facet normal 0 0 1
    outer loop
      vertex 67.7716 8.14805 5.5
      vertex 65.9239 7.38268 5.5
      vertex 65.9659 7.25882 5.5
    endloop
  endfacet
  facet normal 0 0 1
    outer loop
      vertex 67.5981 8.5 5.5
      vertex 65.866 7.5 5.5
      vertex 65.9239 7.38268 5.5
    endloop
  endfacet
  facet normal 0 0 1
    outer loop
      vertex 67.3801 8.82628 5.5
      vertex 65.7934 7.60876 5.5
      vertex 65.866 7.5 5.5
    endloop
  endfacet
  facet normal 0 0 1
    outer loop
      vertex 65.3827 7.92388 5.5
      vertex 66.148 9.77164 5.5
      vertex 65.7765 9.89778 5.5
    endloop
  endfacet
  facet normal 0 0 1
    outer loop
      vertex 67.1213 9.12132 5.5
      vertex 65.7071 7.70711 5.5
      vertex 65.7934 7.60876 5.5
    endloop
  endfacet
  facet normal 0 0 1
    outer loop
      vertex 66.8263 9.38006 5.5
      vertex 65.6088 7.79335 5.5
      vertex 65.7071 7.70711 5.5
    endloop
  endfacet
  facet normal 0 0 1
    outer loop
      vertex 66.5 9.59808 5.5
      vertex 65.5 7.86602 5.5
      vertex 65.6088 7.79335 5.5
    endloop
  endfacet
  facet normal 0 0 1
    outer loop
      vertex 65.2588 7.96593 5.5
      vertex 65.7765 9.89778 5.5
      vertex 65.3916 9.97433 5.5
    endloop
  endfacet
  facet normal 0 0 1
    outer loop
      vertex 66.148 9.77164 5.5
      vertex 65.3827 7.92388 5.5
      vertex 65.5 7.86602 5.5
    endloop
  endfacet
  facet normal 0 0 1
    outer loop
      vertex 65.7765 9.89778 5.5
      vertex 65.2588 7.96593 5.5
      vertex 65.3827 7.92388 5.5
    endloop
  endfacet
  facet normal 0 0 1
    outer loop
      vertex 65.3916 9.97433 5.5
      vertex 65.1305 7.99144 5.5
      vertex 65.2588 7.96593 5.5
    endloop
  endfacet
  facet normal 0 0 1
    outer loop
      vertex 65 10 5.5
      vertex 65.1305 7.99144 5.5
      vertex 65.3916 9.97433 5.5
    endloop
  endfacet
  facet normal 0 0 1
    outer loop
      vertex 65 10 5.5
      vertex 65 8 5.5
      vertex 65.1305 7.99144 5.5
    endloop
  endfacet
  facet normal 0 0 1
    outer loop
      vertex 65 10 5.5
      vertex 64.8695 7.99144 5.5
      vertex 65 8 5.5
    endloop
  endfacet
  facet normal -0 0 1
    outer loop
      vertex 64.6084 9.97433 5.5
      vertex 64.8695 7.99144 5.5
      vertex 65 10 5.5
    endloop
  endfacet
  facet normal 0 0 1
    outer loop
      vertex 64.8695 7.99144 5.5
      vertex 64.6084 9.97433 5.5
      vertex 64.7412 7.96593 5.5
    endloop
  endfacet
  facet normal -0 0 1
    outer loop
      vertex 64.2235 9.89778 5.5
      vertex 64.7412 7.96593 5.5
      vertex 64.6084 9.97433 5.5
    endloop
  endfacet
  facet normal 0 0 1
    outer loop
      vertex 64.7412 7.96593 5.5
      vertex 64.2235 9.89778 5.5
      vertex 64.6173 7.92388 5.5
    endloop
  endfacet
  facet normal -0 0 1
    outer loop
      vertex 63.852 9.77164 5.5
      vertex 64.6173 7.92388 5.5
      vertex 64.2235 9.89778 5.5
    endloop
  endfacet
  facet normal 0 0 1
    outer loop
      vertex 64.6173 7.92388 5.5
      vertex 63.852 9.77164 5.5
      vertex 64.5 7.86602 5.5
    endloop
  endfacet
  facet normal -0 0 1
    outer loop
      vertex 63.5 9.59808 5.5
      vertex 64.5 7.86602 5.5
      vertex 63.852 9.77164 5.5
    endloop
  endfacet
  facet normal 0 0 1
    outer loop
      vertex 64.5 7.86602 5.5
      vertex 63.5 9.59808 5.5
      vertex 64.3912 7.79335 5.5
    endloop
  endfacet
  facet normal -0 0 1
    outer loop
      vertex 63.1737 9.38006 5.5
      vertex 64.3912 7.79335 5.5
      vertex 63.5 9.59808 5.5
    endloop
  endfacet
  facet normal 0 0 1
    outer loop
      vertex 64.3912 7.79335 5.5
      vertex 63.1737 9.38006 5.5
      vertex 64.2929 7.70711 5.5
    endloop
  endfacet
  facet normal -0 0 1
    outer loop
      vertex 62.8787 9.12132 5.5
      vertex 64.2929 7.70711 5.5
      vertex 63.1737 9.38006 5.5
    endloop
  endfacet
  facet normal 0 0 1
    outer loop
      vertex 64.2929 7.70711 5.5
      vertex 62.8787 9.12132 5.5
      vertex 64.2066 7.60876 5.5
    endloop
  endfacet
  facet normal 0 0 1
    outer loop
      vertex 64.2066 7.60876 5.5
      vertex 62.6199 8.82628 5.5
      vertex 64.134 7.5 5.5
    endloop
  endfacet
  facet normal -0 0 1
    outer loop
      vertex 62.6199 8.82628 5.5
      vertex 64.2066 7.60876 5.5
      vertex 62.8787 9.12132 5.5
    endloop
  endfacet
  facet normal -0 0 1
    outer loop
      vertex 65.7934 6.39124 5.5
      vertex 67.3801 5.17372 5.5
      vertex 65.866 6.5 5.5
    endloop
  endfacet
  facet normal 0 0 1
    outer loop
      vertex 67.3801 5.17372 5.5
      vertex 65.7934 6.39124 5.5
      vertex 67.1213 4.87868 5.5
    endloop
  endfacet
  facet normal -0 0 1
    outer loop
      vertex 65.7071 6.29289 5.5
      vertex 67.1213 4.87868 5.5
      vertex 65.7934 6.39124 5.5
    endloop
  endfacet
  facet normal 0 0 1
    outer loop
      vertex 67.1213 4.87868 5.5
      vertex 65.7071 6.29289 5.5
      vertex 66.8263 4.61994 5.5
    endloop
  endfacet
  facet normal -0 0 1
    outer loop
      vertex 65.6088 6.20665 5.5
      vertex 66.8263 4.61994 5.5
      vertex 65.7071 6.29289 5.5
    endloop
  endfacet
  facet normal 0 0 1
    outer loop
      vertex 66.8263 4.61994 5.5
      vertex 65.6088 6.20665 5.5
      vertex 66.5 4.40192 5.5
    endloop
  endfacet
  facet normal -0 0 1
    outer loop
      vertex 65.5 6.13397 5.5
      vertex 66.5 4.40192 5.5
      vertex 65.6088 6.20665 5.5
    endloop
  endfacet
  facet normal 0 0 1
    outer loop
      vertex 66.5 4.40192 5.5
      vertex 65.5 6.13397 5.5
      vertex 66.148 4.22836 5.5
    endloop
  endfacet
  facet normal -0 0 1
    outer loop
      vertex 65.3827 6.07612 5.5
      vertex 66.148 4.22836 5.5
      vertex 65.5 6.13397 5.5
    endloop
  endfacet
  facet normal 0 0 1
    outer loop
      vertex 66.148 4.22836 5.5
      vertex 65.3827 6.07612 5.5
      vertex 65.7765 4.10222 5.5
    endloop
  endfacet
  facet normal -0 0 1
    outer loop
      vertex 65.2588 6.03407 5.5
      vertex 65.7765 4.10222 5.5
      vertex 65.3827 6.07612 5.5
    endloop
  endfacet
  facet normal 0 0 1
    outer loop
      vertex 65.7765 4.10222 5.5
      vertex 65.2588 6.03407 5.5
      vertex 65.3916 4.02567 5.5
    endloop
  endfacet
  facet normal -0 0 1
    outer loop
      vertex 65.1305 6.00855 5.5
      vertex 65.3916 4.02567 5.5
      vertex 65.2588 6.03407 5.5
    endloop
  endfacet
  facet normal -0 0 1
    outer loop
      vertex 65 6 5.5
      vertex 65.3916 4.02567 5.5
      vertex 65.1305 6.00855 5.5
    endloop
  endfacet
  facet normal 0 0 1
    outer loop
      vertex 65 6 5.5
      vertex 65 4 5.5
      vertex 65.3916 4.02567 5.5
    endloop
  endfacet
  facet normal 0 0 1
    outer loop
      vertex 64.8695 6.00855 5.5
      vertex 65 4 5.5
      vertex 65 6 5.5
    endloop
  endfacet
  facet normal 0 0 1
    outer loop
      vertex 64.6084 4.02567 5.5
      vertex 64.8695 6.00855 5.5
      vertex 64.7412 6.03407 5.5
    endloop
  endfacet
  facet normal 0 0 1
    outer loop
      vertex 64.2235 4.10222 5.5
      vertex 64.7412 6.03407 5.5
      vertex 64.6173 6.07612 5.5
    endloop
  endfacet
  facet normal 0 0 1
    outer loop
      vertex 64.8695 6.00855 5.5
      vertex 64.6084 4.02567 5.5
      vertex 65 4 5.5
    endloop
  endfacet
  facet normal 0 0 1
    outer loop
      vertex 63.852 4.22836 5.5
      vertex 64.6173 6.07612 5.5
      vertex 64.5 6.13397 5.5
    endloop
  endfacet
  facet normal 0 0 1
    outer loop
      vertex 63.5 4.40192 5.5
      vertex 64.5 6.13397 5.5
      vertex 64.3912 6.20665 5.5
    endloop
  endfacet
  facet normal 0 0 1
    outer loop
      vertex 63.1737 4.61994 5.5
      vertex 64.3912 6.20665 5.5
      vertex 64.2929 6.29289 5.5
    endloop
  endfacet
  facet normal 0 0 1
    outer loop
      vertex 64.7412 6.03407 5.5
      vertex 64.2235 4.10222 5.5
      vertex 64.6084 4.02567 5.5
    endloop
  endfacet
  facet normal 0 0 1
    outer loop
      vertex 62.8787 4.87868 5.5
      vertex 64.2929 6.29289 5.5
      vertex 64.2066 6.39124 5.5
    endloop
  endfacet
  facet normal 0 0 1
    outer loop
      vertex 62.6199 5.17372 5.5
      vertex 64.2066 6.39124 5.5
      vertex 64.134 6.5 5.5
    endloop
  endfacet
  facet normal 0 0 1
    outer loop
      vertex 62.4019 5.5 5.5
      vertex 64.134 6.5 5.5
      vertex 64.0761 6.61732 5.5
    endloop
  endfacet
  facet normal 0 0 1
    outer loop
      vertex 62.2284 5.85195 5.5
      vertex 64.0761 6.61732 5.5
      vertex 64.0341 6.74118 5.5
    endloop
  endfacet
  facet normal 0 0 1
    outer loop
      vertex 62.1022 6.22354 5.5
      vertex 64.0341 6.74118 5.5
      vertex 64.0086 6.86947 5.5
    endloop
  endfacet
  facet normal 0 0 1
    outer loop
      vertex 64.6173 6.07612 5.5
      vertex 63.852 4.22836 5.5
      vertex 64.2235 4.10222 5.5
    endloop
  endfacet
  facet normal 0 0 1
    outer loop
      vertex 62.0257 6.60842 5.5
      vertex 64.0086 6.86947 5.5
      vertex 64 7 5.5
    endloop
  endfacet
  facet normal -0 0 1
    outer loop
      vertex 62.4019 8.5 5.5
      vertex 64.134 7.5 5.5
      vertex 62.6199 8.82628 5.5
    endloop
  endfacet
  facet normal 0 0 1
    outer loop
      vertex 64.134 7.5 5.5
      vertex 62.4019 8.5 5.5
      vertex 64.0761 7.38268 5.5
    endloop
  endfacet
  facet normal 0 0 1
    outer loop
      vertex 64.5 6.13397 5.5
      vertex 63.5 4.40192 5.5
      vertex 63.852 4.22836 5.5
    endloop
  endfacet
  facet normal -0 0 1
    outer loop
      vertex 62.2284 8.14805 5.5
      vertex 64.0761 7.38268 5.5
      vertex 62.4019 8.5 5.5
    endloop
  endfacet
  facet normal 0 0 1
    outer loop
      vertex 64.3912 6.20665 5.5
      vertex 63.1737 4.61994 5.5
      vertex 63.5 4.40192 5.5
    endloop
  endfacet
  facet normal 0 0 1
    outer loop
      vertex 64.0761 7.38268 5.5
      vertex 62.2284 8.14805 5.5
      vertex 64.0341 7.25882 5.5
    endloop
  endfacet
  facet normal 0 0 1
    outer loop
      vertex 64.2929 6.29289 5.5
      vertex 62.8787 4.87868 5.5
      vertex 63.1737 4.61994 5.5
    endloop
  endfacet
  facet normal -0 0 1
    outer loop
      vertex 62.1022 7.77646 5.5
      vertex 64.0341 7.25882 5.5
      vertex 62.2284 8.14805 5.5
    endloop
  endfacet
  facet normal 0 0 1
    outer loop
      vertex 64.2066 6.39124 5.5
      vertex 62.6199 5.17372 5.5
      vertex 62.8787 4.87868 5.5
    endloop
  endfacet
  facet normal 0 0 1
    outer loop
      vertex 64.0341 7.25882 5.5
      vertex 62.1022 7.77646 5.5
      vertex 64.0086 7.13053 5.5
    endloop
  endfacet
  facet normal 0 0 1
    outer loop
      vertex 64.134 6.5 5.5
      vertex 62.4019 5.5 5.5
      vertex 62.6199 5.17372 5.5
    endloop
  endfacet
  facet normal -0 0 1
    outer loop
      vertex 62.0257 7.39158 5.5
      vertex 64.0086 7.13053 5.5
      vertex 62.1022 7.77646 5.5
    endloop
  endfacet
  facet normal 0 0 1
    outer loop
      vertex 64.0761 6.61732 5.5
      vertex 62.2284 5.85195 5.5
      vertex 62.4019 5.5 5.5
    endloop
  endfacet
  facet normal 0 0 1
    outer loop
      vertex 64.0086 7.13053 5.5
      vertex 62.0257 7.39158 5.5
      vertex 64 7 5.5
    endloop
  endfacet
  facet normal 0 0 1
    outer loop
      vertex 64.0341 6.74118 5.5
      vertex 62.1022 6.22354 5.5
      vertex 62.2284 5.85195 5.5
    endloop
  endfacet
  facet normal 0 0 1
    outer loop
      vertex 62 7 5.5
      vertex 64 7 5.5
      vertex 62.0257 7.39158 5.5
    endloop
  endfacet
  facet normal 0 0 1
    outer loop
      vertex 64.0086 6.86947 5.5
      vertex 62.0257 6.60842 5.5
      vertex 62.1022 6.22354 5.5
    endloop
  endfacet
  facet normal 0 0 1
    outer loop
      vertex 64 7 5.5
      vertex 62 7 5.5
      vertex 62.0257 6.60842 5.5
    endloop
  endfacet
  facet normal 0.195062 0.980791 -0
    outer loop
      vertex 65.7765 9.89778 2
      vertex 65.3916 9.97433 5.5
      vertex 65.7765 9.89778 5.5
    endloop
  endfacet
  facet normal 0.195062 0.980791 0
    outer loop
      vertex 65.3916 9.97433 5.5
      vertex 65.7765 9.89778 2
      vertex 65.3916 9.97433 2
    endloop
  endfacet
  facet normal -0.442233 -0.8969 0
    outer loop
      vertex 63.5 4.40192 2
      vertex 63.852 4.22836 5.5
      vertex 63.5 4.40192 5.5
    endloop
  endfacet
  facet normal -0.442233 -0.8969 -0
    outer loop
      vertex 63.852 4.22836 5.5
      vertex 63.5 4.40192 2
      vertex 63.852 4.22836 2
    endloop
  endfacet
  facet normal -0.831485 -0.555547 0
    outer loop
      vertex 62.6199 5.17372 2
      vertex 62.4019 5.5 5.5
      vertex 62.4019 5.5 2
    endloop
  endfacet
  facet normal -0.831485 -0.555547 0
    outer loop
      vertex 62.4019 5.5 5.5
      vertex 62.6199 5.17372 2
      vertex 62.6199 5.17372 5.5
    endloop
  endfacet
  facet normal -0.946882 0.321582 0
    outer loop
      vertex 62.1022 7.77646 2
      vertex 62.2284 8.14805 5.5
      vertex 62.2284 8.14805 2
    endloop
  endfacet
  facet normal -0.946882 0.321582 0
    outer loop
      vertex 62.2284 8.14805 5.5
      vertex 62.1022 7.77646 2
      vertex 62.1022 7.77646 5.5
    endloop
  endfacet
  facet normal 0.980791 0.195062 0
    outer loop
      vertex 9.97433 30.3916 5.5
      vertex 9.89778 30.7765 2
      vertex 9.89778 30.7765 5.5
    endloop
  endfacet
  facet normal 0.980791 0.195062 0
    outer loop
      vertex 9.89778 30.7765 2
      vertex 9.97433 30.3916 5.5
      vertex 9.97433 30.3916 2
    endloop
  endfacet
  facet normal -0.980791 0.195062 0
    outer loop
      vertex 4.02567 30.3916 2
      vertex 4.10222 30.7765 5.5
      vertex 4.10222 30.7765 2
    endloop
  endfacet
  facet normal -0.980791 0.195062 0
    outer loop
      vertex 4.10222 30.7765 5.5
      vertex 4.02567 30.3916 2
      vertex 4.02567 30.3916 5.5
    endloop
  endfacet
  facet normal -0.19495 -0.980813 0
    outer loop
      vertex 6.22354 27.1022 2
      vertex 6.60842 27.0257 5.5
      vertex 6.22354 27.1022 5.5
    endloop
  endfacet
  facet normal -0.19495 -0.980813 -0
    outer loop
      vertex 6.60842 27.0257 5.5
      vertex 6.22354 27.1022 2
      vertex 6.60842 27.0257 2
    endloop
  endfacet
  facet normal -0.751799 0.659392 0
    outer loop
      vertex 4.61994 31.8263 2
      vertex 4.87868 32.1213 5.5
      vertex 4.87868 32.1213 2
    endloop
  endfacet
  facet normal -0.751799 0.659392 0
    outer loop
      vertex 4.87868 32.1213 5.5
      vertex 4.61994 31.8263 2
      vertex 4.61994 31.8263 5.5
    endloop
  endfacet
  facet normal 0.831477 0.555558 0
    outer loop
      vertex 9.59808 31.5 5.5
      vertex 9.38006 31.8263 2
      vertex 9.38006 31.8263 5.5
    endloop
  endfacet
  facet normal 0.831477 0.555558 0
    outer loop
      vertex 9.38006 31.8263 2
      vertex 9.59808 31.5 5.5
      vertex 9.59808 31.5 2
    endloop
  endfacet
  facet normal -0.44216 -0.896936 0
    outer loop
      vertex 5.5 27.4019 2
      vertex 5.85195 27.2284 5.5
      vertex 5.5 27.4019 5.5
    endloop
  endfacet
  facet normal -0.44216 -0.896936 -0
    outer loop
      vertex 5.85195 27.2284 5.5
      vertex 5.5 27.4019 2
      vertex 5.85195 27.2284 2
    endloop
  endfacet
  facet normal 0.19495 -0.980813 0
    outer loop
      vertex 7.39158 27.0257 2
      vertex 7.77646 27.1022 5.5
      vertex 7.39158 27.0257 5.5
    endloop
  endfacet
  facet normal 0.19495 -0.980813 0
    outer loop
      vertex 7.77646 27.1022 5.5
      vertex 7.39158 27.0257 2
      vertex 7.77646 27.1022 2
    endloop
  endfacet
  facet normal 0.946905 0.321514 0
    outer loop
      vertex 9.89778 30.7765 5.5
      vertex 9.77164 31.148 2
      vertex 9.77164 31.148 5.5
    endloop
  endfacet
  facet normal 0.946905 0.321514 0
    outer loop
      vertex 9.77164 31.148 2
      vertex 9.89778 30.7765 5.5
      vertex 9.89778 30.7765 2
    endloop
  endfacet
  facet normal -0.321582 0.946882 0
    outer loop
      vertex 6.22354 32.8978 2
      vertex 5.85195 32.7716 5.5
      vertex 6.22354 32.8978 5.5
    endloop
  endfacet
  facet normal -0.321582 0.946882 0
    outer loop
      vertex 5.85195 32.7716 5.5
      vertex 6.22354 32.8978 2
      vertex 5.85195 32.7716 2
    endloop
  endfacet
  facet normal 0.997858 0.0654112 0
    outer loop
      vertex 10 30 5.5
      vertex 9.97433 30.3916 2
      vertex 9.97433 30.3916 5.5
    endloop
  endfacet
  facet normal 0.997858 0.0654112 0
    outer loop
      vertex 9.97433 30.3916 2
      vertex 10 30 5.5
      vertex 10 30 2
    endloop
  endfacet
  facet normal 0.44216 0.896936 -0
    outer loop
      vertex 8.5 32.5981 2
      vertex 8.14805 32.7716 5.5
      vertex 8.5 32.5981 5.5
    endloop
  endfacet
  facet normal 0.44216 0.896936 0
    outer loop
      vertex 8.14805 32.7716 5.5
      vertex 8.5 32.5981 2
      vertex 8.14805 32.7716 2
    endloop
  endfacet
  facet normal 0.831477 -0.555558 0
    outer loop
      vertex 9.38006 28.1737 5.5
      vertex 9.59808 28.5 2
      vertex 9.59808 28.5 5.5
    endloop
  endfacet
  facet normal 0.831477 -0.555558 0
    outer loop
      vertex 9.59808 28.5 2
      vertex 9.38006 28.1737 5.5
      vertex 9.38006 28.1737 2
    endloop
  endfacet
  facet normal -0.0654906 -0.997853 0
    outer loop
      vertex 6.60842 27.0257 2
      vertex 7 27 5.5
      vertex 6.60842 27.0257 5.5
    endloop
  endfacet
  facet normal -0.0654906 -0.997853 -0
    outer loop
      vertex 7 27 5.5
      vertex 6.60842 27.0257 2
      vertex 7 27 2
    endloop
  endfacet
  facet normal -0.997858 0.0654112 0
    outer loop
      vertex 4 30 2
      vertex 4.02567 30.3916 5.5
      vertex 4.02567 30.3916 2
    endloop
  endfacet
  facet normal -0.997858 0.0654112 0
    outer loop
      vertex 4.02567 30.3916 5.5
      vertex 4 30 2
      vertex 4 30 5.5
    endloop
  endfacet
  facet normal -0.19495 0.980813 0
    outer loop
      vertex 6.60842 32.9743 2
      vertex 6.22354 32.8978 5.5
      vertex 6.60842 32.9743 5.5
    endloop
  endfacet
  facet normal -0.19495 0.980813 0
    outer loop
      vertex 6.22354 32.8978 5.5
      vertex 6.60842 32.9743 2
      vertex 6.22354 32.8978 2
    endloop
  endfacet
  facet normal 0.19495 0.980813 -0
    outer loop
      vertex 7.77646 32.8978 2
      vertex 7.39158 32.9743 5.5
      vertex 7.77646 32.8978 5.5
    endloop
  endfacet
  facet normal 0.19495 0.980813 0
    outer loop
      vertex 7.39158 32.9743 5.5
      vertex 7.77646 32.8978 2
      vertex 7.39158 32.9743 2
    endloop
  endfacet
  facet normal 0.997858 -0.0654112 0
    outer loop
      vertex 9.97433 29.6084 5.5
      vertex 10 30 2
      vertex 10 30 5.5
    endloop
  endfacet
  facet normal 0.997858 -0.0654112 0
    outer loop
      vertex 10 30 2
      vertex 9.97433 29.6084 5.5
      vertex 9.97433 29.6084 2
    endloop
  endfacet
  facet normal 0.44216 -0.896936 0
    outer loop
      vertex 8.14805 27.2284 2
      vertex 8.5 27.4019 5.5
      vertex 8.14805 27.2284 5.5
    endloop
  endfacet
  facet normal 0.44216 -0.896936 0
    outer loop
      vertex 8.5 27.4019 5.5
      vertex 8.14805 27.2284 2
      vertex 8.5 27.4019 2
    endloop
  endfacet
  facet normal 0.659428 0.751768 -0
    outer loop
      vertex 9.12132 32.1213 2
      vertex 8.82628 32.3801 5.5
      vertex 9.12132 32.1213 5.5
    endloop
  endfacet
  facet normal 0.659428 0.751768 0
    outer loop
      vertex 8.82628 32.3801 5.5
      vertex 9.12132 32.1213 2
      vertex 8.82628 32.3801 2
    endloop
  endfacet
  facet normal 0.0654906 -0.997853 0
    outer loop
      vertex 7 27 2
      vertex 7.39158 27.0257 5.5
      vertex 7 27 5.5
    endloop
  endfacet
  facet normal 0.0654906 -0.997853 0
    outer loop
      vertex 7.39158 27.0257 5.5
      vertex 7 27 2
      vertex 7.39158 27.0257 2
    endloop
  endfacet
  facet normal -0.997858 -0.0654112 0
    outer loop
      vertex 4.02567 29.6084 2
      vertex 4 30 5.5
      vertex 4 30 2
    endloop
  endfacet
  facet normal -0.997858 -0.0654112 0
    outer loop
      vertex 4 30 5.5
      vertex 4.02567 29.6084 2
      vertex 4.02567 29.6084 5.5
    endloop
  endfacet
  facet normal 0.555547 -0.831485 0
    outer loop
      vertex 8.5 27.4019 2
      vertex 8.82628 27.6199 5.5
      vertex 8.5 27.4019 5.5
    endloop
  endfacet
  facet normal 0.555547 -0.831485 0
    outer loop
      vertex 8.82628 27.6199 5.5
      vertex 8.5 27.4019 2
      vertex 8.82628 27.6199 2
    endloop
  endfacet
  facet normal 0.321582 -0.946882 0
    outer loop
      vertex 7.77646 27.1022 2
      vertex 8.14805 27.2284 5.5
      vertex 7.77646 27.1022 5.5
    endloop
  endfacet
  facet normal 0.321582 -0.946882 0
    outer loop
      vertex 8.14805 27.2284 5.5
      vertex 7.77646 27.1022 2
      vertex 8.14805 27.2284 2
    endloop
  endfacet
  facet normal -0.980791 -0.195062 0
    outer loop
      vertex 4.10222 29.2235 2
      vertex 4.02567 29.6084 5.5
      vertex 4.02567 29.6084 2
    endloop
  endfacet
  facet normal -0.980791 -0.195062 0
    outer loop
      vertex 4.02567 29.6084 5.5
      vertex 4.10222 29.2235 2
      vertex 4.10222 29.2235 5.5
    endloop
  endfacet
  facet normal -0.659428 -0.751768 0
    outer loop
      vertex 4.87868 27.8787 2
      vertex 5.17372 27.6199 5.5
      vertex 4.87868 27.8787 5.5
    endloop
  endfacet
  facet normal -0.659428 -0.751768 -0
    outer loop
      vertex 5.17372 27.6199 5.5
      vertex 4.87868 27.8787 2
      vertex 5.17372 27.6199 2
    endloop
  endfacet
  facet normal -0.8969 0.442233 0
    outer loop
      vertex 4.22836 31.148 2
      vertex 4.40192 31.5 5.5
      vertex 4.40192 31.5 2
    endloop
  endfacet
  facet normal -0.8969 0.442233 0
    outer loop
      vertex 4.40192 31.5 5.5
      vertex 4.22836 31.148 2
      vertex 4.22836 31.148 5.5
    endloop
  endfacet
  facet normal -0.321582 -0.946882 0
    outer loop
      vertex 5.85195 27.2284 2
      vertex 6.22354 27.1022 5.5
      vertex 5.85195 27.2284 5.5
    endloop
  endfacet
  facet normal -0.321582 -0.946882 -0
    outer loop
      vertex 6.22354 27.1022 5.5
      vertex 5.85195 27.2284 2
      vertex 6.22354 27.1022 2
    endloop
  endfacet
  facet normal -0.0654906 0.997853 0
    outer loop
      vertex 7 33 2
      vertex 6.60842 32.9743 5.5
      vertex 7 33 5.5
    endloop
  endfacet
  facet normal -0.0654906 0.997853 0
    outer loop
      vertex 6.60842 32.9743 5.5
      vertex 7 33 2
      vertex 6.60842 32.9743 2
    endloop
  endfacet
  facet normal 0.946931 -0.321437 0
    outer loop
      vertex 9.77164 28.8519 5.5
      vertex 9.89778 29.2235 2
      vertex 9.89778 29.2235 5.5
    endloop
  endfacet
  facet normal 0.946931 -0.321437 0
    outer loop
      vertex 9.89778 29.2235 2
      vertex 9.77164 28.8519 5.5
      vertex 9.77164 28.8519 2
    endloop
  endfacet
  facet normal 0.980791 -0.195062 0
    outer loop
      vertex 9.89778 29.2235 5.5
      vertex 9.97433 29.6084 2
      vertex 9.97433 29.6084 5.5
    endloop
  endfacet
  facet normal 0.980791 -0.195062 0
    outer loop
      vertex 9.97433 29.6084 2
      vertex 9.89778 29.2235 5.5
      vertex 9.89778 29.2235 2
    endloop
  endfacet
  facet normal 0.555547 0.831485 -0
    outer loop
      vertex 8.82628 32.3801 2
      vertex 8.5 32.5981 5.5
      vertex 8.82628 32.3801 5.5
    endloop
  endfacet
  facet normal 0.555547 0.831485 0
    outer loop
      vertex 8.5 32.5981 5.5
      vertex 8.82628 32.3801 2
      vertex 8.5 32.5981 2
    endloop
  endfacet
  facet normal -0.751799 -0.659392 0
    outer loop
      vertex 4.87868 27.8787 2
      vertex 4.61994 28.1737 5.5
      vertex 4.61994 28.1737 2
    endloop
  endfacet
  facet normal -0.751799 -0.659392 0
    outer loop
      vertex 4.61994 28.1737 5.5
      vertex 4.87868 27.8787 2
      vertex 4.87868 27.8787 5.5
    endloop
  endfacet
  facet normal 0.321582 0.946882 -0
    outer loop
      vertex 8.14805 32.7716 2
      vertex 7.77646 32.8978 5.5
      vertex 8.14805 32.7716 5.5
    endloop
  endfacet
  facet normal 0.321582 0.946882 0
    outer loop
      vertex 7.77646 32.8978 5.5
      vertex 8.14805 32.7716 2
      vertex 7.77646 32.8978 2
    endloop
  endfacet
  facet normal -0.946905 0.321514 0
    outer loop
      vertex 4.10222 30.7765 2
      vertex 4.22836 31.148 5.5
      vertex 4.22836 31.148 2
    endloop
  endfacet
  facet normal -0.946905 0.321514 0
    outer loop
      vertex 4.22836 31.148 5.5
      vertex 4.10222 30.7765 2
      vertex 4.10222 30.7765 5.5
    endloop
  endfacet
  facet normal -0.44216 0.896936 0
    outer loop
      vertex 5.85195 32.7716 2
      vertex 5.5 32.5981 5.5
      vertex 5.85195 32.7716 5.5
    endloop
  endfacet
  facet normal -0.44216 0.896936 0
    outer loop
      vertex 5.5 32.5981 5.5
      vertex 5.85195 32.7716 2
      vertex 5.5 32.5981 2
    endloop
  endfacet
  facet normal -0.89685 -0.442334 0
    outer loop
      vertex 4.40192 28.5 2
      vertex 4.22836 28.8519 5.5
      vertex 4.22836 28.8519 2
    endloop
  endfacet
  facet normal -0.89685 -0.442334 0
    outer loop
      vertex 4.22836 28.8519 5.5
      vertex 4.40192 28.5 2
      vertex 4.40192 28.5 5.5
    endloop
  endfacet
  facet normal -0.831477 0.555558 0
    outer loop
      vertex 4.40192 31.5 2
      vertex 4.61994 31.8263 5.5
      vertex 4.61994 31.8263 2
    endloop
  endfacet
  facet normal -0.831477 0.555558 0
    outer loop
      vertex 4.61994 31.8263 5.5
      vertex 4.40192 31.5 2
      vertex 4.40192 31.5 5.5
    endloop
  endfacet
  facet normal -0.659428 0.751768 0
    outer loop
      vertex 5.17372 32.3801 2
      vertex 4.87868 32.1213 5.5
      vertex 5.17372 32.3801 5.5
    endloop
  endfacet
  facet normal -0.659428 0.751768 0
    outer loop
      vertex 4.87868 32.1213 5.5
      vertex 5.17372 32.3801 2
      vertex 4.87868 32.1213 2
    endloop
  endfacet
  facet normal 0.751799 -0.659392 0
    outer loop
      vertex 9.12132 27.8787 5.5
      vertex 9.38006 28.1737 2
      vertex 9.38006 28.1737 5.5
    endloop
  endfacet
  facet normal 0.751799 -0.659392 0
    outer loop
      vertex 9.38006 28.1737 2
      vertex 9.12132 27.8787 5.5
      vertex 9.12132 27.8787 2
    endloop
  endfacet
  facet normal 0.8969 0.442233 0
    outer loop
      vertex 9.77164 31.148 5.5
      vertex 9.59808 31.5 2
      vertex 9.59808 31.5 5.5
    endloop
  endfacet
  facet normal 0.8969 0.442233 0
    outer loop
      vertex 9.59808 31.5 2
      vertex 9.77164 31.148 5.5
      vertex 9.77164 31.148 2
    endloop
  endfacet
  facet normal 0.751799 0.659392 0
    outer loop
      vertex 9.38006 31.8263 5.5
      vertex 9.12132 32.1213 2
      vertex 9.12132 32.1213 5.5
    endloop
  endfacet
  facet normal 0.751799 0.659392 0
    outer loop
      vertex 9.12132 32.1213 2
      vertex 9.38006 31.8263 5.5
      vertex 9.38006 31.8263 2
    endloop
  endfacet
  facet normal -0.555547 -0.831485 0
    outer loop
      vertex 5.17372 27.6199 2
      vertex 5.5 27.4019 5.5
      vertex 5.17372 27.6199 5.5
    endloop
  endfacet
  facet normal -0.555547 -0.831485 -0
    outer loop
      vertex 5.5 27.4019 5.5
      vertex 5.17372 27.6199 2
      vertex 5.5 27.4019 2
    endloop
  endfacet
  facet normal -0.946931 -0.321437 0
    outer loop
      vertex 4.22836 28.8519 2
      vertex 4.10222 29.2235 5.5
      vertex 4.10222 29.2235 2
    endloop
  endfacet
  facet normal -0.946931 -0.321437 0
    outer loop
      vertex 4.10222 29.2235 5.5
      vertex 4.22836 28.8519 2
      vertex 4.22836 28.8519 5.5
    endloop
  endfacet
  facet normal -0.831477 -0.555558 0
    outer loop
      vertex 4.61994 28.1737 2
      vertex 4.40192 28.5 5.5
      vertex 4.40192 28.5 2
    endloop
  endfacet
  facet normal -0.831477 -0.555558 0
    outer loop
      vertex 4.40192 28.5 5.5
      vertex 4.61994 28.1737 2
      vertex 4.61994 28.1737 5.5
    endloop
  endfacet
  facet normal 0.89685 -0.442334 0
    outer loop
      vertex 9.59808 28.5 5.5
      vertex 9.77164 28.8519 2
      vertex 9.77164 28.8519 5.5
    endloop
  endfacet
  facet normal 0.89685 -0.442334 0
    outer loop
      vertex 9.77164 28.8519 2
      vertex 9.59808 28.5 5.5
      vertex 9.59808 28.5 2
    endloop
  endfacet
  facet normal -0.555547 0.831485 0
    outer loop
      vertex 5.5 32.5981 2
      vertex 5.17372 32.3801 5.5
      vertex 5.5 32.5981 5.5
    endloop
  endfacet
  facet normal -0.555547 0.831485 0
    outer loop
      vertex 5.17372 32.3801 5.5
      vertex 5.5 32.5981 2
      vertex 5.17372 32.3801 2
    endloop
  endfacet
  facet normal 0.0654906 0.997853 -0
    outer loop
      vertex 7.39158 32.9743 2
      vertex 7 33 5.5
      vertex 7.39158 32.9743 5.5
    endloop
  endfacet
  facet normal 0.0654906 0.997853 0
    outer loop
      vertex 7 33 5.5
      vertex 7.39158 32.9743 2
      vertex 7 33 2
    endloop
  endfacet
  facet normal 0.659428 -0.751768 0
    outer loop
      vertex 8.82628 27.6199 2
      vertex 9.12132 27.8787 5.5
      vertex 8.82628 27.6199 5.5
    endloop
  endfacet
  facet normal 0.659428 -0.751768 0
    outer loop
      vertex 9.12132 27.8787 5.5
      vertex 8.82628 27.6199 2
      vertex 9.12132 27.8787 2
    endloop
  endfacet
  facet normal 0 0 1
    outer loop
      vertex 8 30 5.5
      vertex 10 30 5.5
      vertex 9.97433 30.3916 5.5
    endloop
  endfacet
  facet normal 0 0 1
    outer loop
      vertex 7.99144 30.1305 5.5
      vertex 9.97433 30.3916 5.5
      vertex 9.89778 30.7765 5.5
    endloop
  endfacet
  facet normal 0 0 1
    outer loop
      vertex 10 30 5.5
      vertex 8 30 5.5
      vertex 9.97433 29.6084 5.5
    endloop
  endfacet
  facet normal 0 0 1
    outer loop
      vertex 7.96593 30.2588 5.5
      vertex 9.89778 30.7765 5.5
      vertex 9.77164 31.148 5.5
    endloop
  endfacet
  facet normal -0 0 1
    outer loop
      vertex 7.99144 29.8695 5.5
      vertex 9.97433 29.6084 5.5
      vertex 8 30 5.5
    endloop
  endfacet
  facet normal 0 0 1
    outer loop
      vertex 7.92388 30.3827 5.5
      vertex 9.77164 31.148 5.5
      vertex 9.59808 31.5 5.5
    endloop
  endfacet
  facet normal 0 0 1
    outer loop
      vertex 9.97433 29.6084 5.5
      vertex 7.99144 29.8695 5.5
      vertex 9.89778 29.2235 5.5
    endloop
  endfacet
  facet normal 0 0 1
    outer loop
      vertex 7.86602 30.5 5.5
      vertex 9.59808 31.5 5.5
      vertex 9.38006 31.8263 5.5
    endloop
  endfacet
  facet normal -0 0 1
    outer loop
      vertex 7.96593 29.7412 5.5
      vertex 9.89778 29.2235 5.5
      vertex 7.99144 29.8695 5.5
    endloop
  endfacet
  facet normal 0 0 1
    outer loop
      vertex 7.79335 30.6088 5.5
      vertex 9.38006 31.8263 5.5
      vertex 9.12132 32.1213 5.5
    endloop
  endfacet
  facet normal 0 0 1
    outer loop
      vertex 9.89778 29.2235 5.5
      vertex 7.96593 29.7412 5.5
      vertex 9.77164 28.8519 5.5
    endloop
  endfacet
  facet normal 0 0 1
    outer loop
      vertex 7.70711 30.7071 5.5
      vertex 9.12132 32.1213 5.5
      vertex 8.82628 32.3801 5.5
    endloop
  endfacet
  facet normal -0 0 1
    outer loop
      vertex 7.92388 29.6173 5.5
      vertex 9.77164 28.8519 5.5
      vertex 7.96593 29.7412 5.5
    endloop
  endfacet
  facet normal 0 0 1
    outer loop
      vertex 7.60876 30.7934 5.5
      vertex 8.82628 32.3801 5.5
      vertex 8.5 32.5981 5.5
    endloop
  endfacet
  facet normal 0 0 1
    outer loop
      vertex 9.77164 28.8519 5.5
      vertex 7.92388 29.6173 5.5
      vertex 9.59808 28.5 5.5
    endloop
  endfacet
  facet normal 0 0 1
    outer loop
      vertex 7.5 30.866 5.5
      vertex 8.5 32.5981 5.5
      vertex 8.14805 32.7716 5.5
    endloop
  endfacet
  facet normal -0 0 1
    outer loop
      vertex 7.86602 29.5 5.5
      vertex 9.59808 28.5 5.5
      vertex 7.92388 29.6173 5.5
    endloop
  endfacet
  facet normal 0 0 1
    outer loop
      vertex 9.59808 28.5 5.5
      vertex 7.86602 29.5 5.5
      vertex 9.38006 28.1737 5.5
    endloop
  endfacet
  facet normal 0 0 1
    outer loop
      vertex 9.97433 30.3916 5.5
      vertex 7.99144 30.1305 5.5
      vertex 8 30 5.5
    endloop
  endfacet
  facet normal 0 0 1
    outer loop
      vertex 9.89778 30.7765 5.5
      vertex 7.96593 30.2588 5.5
      vertex 7.99144 30.1305 5.5
    endloop
  endfacet
  facet normal 0 0 1
    outer loop
      vertex 9.77164 31.148 5.5
      vertex 7.92388 30.3827 5.5
      vertex 7.96593 30.2588 5.5
    endloop
  endfacet
  facet normal 0 0 1
    outer loop
      vertex 9.59808 31.5 5.5
      vertex 7.86602 30.5 5.5
      vertex 7.92388 30.3827 5.5
    endloop
  endfacet
  facet normal 0 0 1
    outer loop
      vertex 9.38006 31.8263 5.5
      vertex 7.79335 30.6088 5.5
      vertex 7.86602 30.5 5.5
    endloop
  endfacet
  facet normal 0 0 1
    outer loop
      vertex 7.38268 30.9239 5.5
      vertex 8.14805 32.7716 5.5
      vertex 7.77646 32.8978 5.5
    endloop
  endfacet
  facet normal 0 0 1
    outer loop
      vertex 9.12132 32.1213 5.5
      vertex 7.70711 30.7071 5.5
      vertex 7.79335 30.6088 5.5
    endloop
  endfacet
  facet normal 0 0 1
    outer loop
      vertex 8.82628 32.3801 5.5
      vertex 7.60876 30.7934 5.5
      vertex 7.70711 30.7071 5.5
    endloop
  endfacet
  facet normal 0 0 1
    outer loop
      vertex 8.5 32.5981 5.5
      vertex 7.5 30.866 5.5
      vertex 7.60876 30.7934 5.5
    endloop
  endfacet
  facet normal 0 0 1
    outer loop
      vertex 7.25882 30.9659 5.5
      vertex 7.77646 32.8978 5.5
      vertex 7.39158 32.9743 5.5
    endloop
  endfacet
  facet normal 0 0 1
    outer loop
      vertex 8.14805 32.7716 5.5
      vertex 7.38268 30.9239 5.5
      vertex 7.5 30.866 5.5
    endloop
  endfacet
  facet normal 0 0 1
    outer loop
      vertex 7.77646 32.8978 5.5
      vertex 7.25882 30.9659 5.5
      vertex 7.38268 30.9239 5.5
    endloop
  endfacet
  facet normal 0 0 1
    outer loop
      vertex 7.39158 32.9743 5.5
      vertex 7.13053 30.9914 5.5
      vertex 7.25882 30.9659 5.5
    endloop
  endfacet
  facet normal 0 0 1
    outer loop
      vertex 7 33 5.5
      vertex 7.13053 30.9914 5.5
      vertex 7.39158 32.9743 5.5
    endloop
  endfacet
  facet normal 0 0 1
    outer loop
      vertex 7 33 5.5
      vertex 7 31 5.5
      vertex 7.13053 30.9914 5.5
    endloop
  endfacet
  facet normal 0 0 1
    outer loop
      vertex 7 33 5.5
      vertex 6.86947 30.9914 5.5
      vertex 7 31 5.5
    endloop
  endfacet
  facet normal -0 0 1
    outer loop
      vertex 6.60842 32.9743 5.5
      vertex 6.86947 30.9914 5.5
      vertex 7 33 5.5
    endloop
  endfacet
  facet normal 0 0 1
    outer loop
      vertex 6.86947 30.9914 5.5
      vertex 6.60842 32.9743 5.5
      vertex 6.74118 30.9659 5.5
    endloop
  endfacet
  facet normal -0 0 1
    outer loop
      vertex 6.22354 32.8978 5.5
      vertex 6.74118 30.9659 5.5
      vertex 6.60842 32.9743 5.5
    endloop
  endfacet
  facet normal 0 0 1
    outer loop
      vertex 6.74118 30.9659 5.5
      vertex 6.22354 32.8978 5.5
      vertex 6.61732 30.9239 5.5
    endloop
  endfacet
  facet normal -0 0 1
    outer loop
      vertex 5.85195 32.7716 5.5
      vertex 6.61732 30.9239 5.5
      vertex 6.22354 32.8978 5.5
    endloop
  endfacet
  facet normal 0 0 1
    outer loop
      vertex 6.61732 30.9239 5.5
      vertex 5.85195 32.7716 5.5
      vertex 6.5 30.866 5.5
    endloop
  endfacet
  facet normal -0 0 1
    outer loop
      vertex 5.5 32.5981 5.5
      vertex 6.5 30.866 5.5
      vertex 5.85195 32.7716 5.5
    endloop
  endfacet
  facet normal 0 0 1
    outer loop
      vertex 6.5 30.866 5.5
      vertex 5.5 32.5981 5.5
      vertex 6.39124 30.7934 5.5
    endloop
  endfacet
  facet normal -0 0 1
    outer loop
      vertex 5.17372 32.3801 5.5
      vertex 6.39124 30.7934 5.5
      vertex 5.5 32.5981 5.5
    endloop
  endfacet
  facet normal 0 0 1
    outer loop
      vertex 6.39124 30.7934 5.5
      vertex 5.17372 32.3801 5.5
      vertex 6.29289 30.7071 5.5
    endloop
  endfacet
  facet normal -0 0 1
    outer loop
      vertex 4.87868 32.1213 5.5
      vertex 6.29289 30.7071 5.5
      vertex 5.17372 32.3801 5.5
    endloop
  endfacet
  facet normal 0 0 1
    outer loop
      vertex 6.29289 30.7071 5.5
      vertex 4.87868 32.1213 5.5
      vertex 6.20665 30.6088 5.5
    endloop
  endfacet
  facet normal 0 0 1
    outer loop
      vertex 6.20665 30.6088 5.5
      vertex 4.61994 31.8263 5.5
      vertex 6.13397 30.5 5.5
    endloop
  endfacet
  facet normal -0 0 1
    outer loop
      vertex 4.61994 31.8263 5.5
      vertex 6.20665 30.6088 5.5
      vertex 4.87868 32.1213 5.5
    endloop
  endfacet
  facet normal -0 0 1
    outer loop
      vertex 7.79335 29.3912 5.5
      vertex 9.38006 28.1737 5.5
      vertex 7.86602 29.5 5.5
    endloop
  endfacet
  facet normal 0 0 1
    outer loop
      vertex 9.38006 28.1737 5.5
      vertex 7.79335 29.3912 5.5
      vertex 9.12132 27.8787 5.5
    endloop
  endfacet
  facet normal -0 0 1
    outer loop
      vertex 7.70711 29.2929 5.5
      vertex 9.12132 27.8787 5.5
      vertex 7.79335 29.3912 5.5
    endloop
  endfacet
  facet normal 0 0 1
    outer loop
      vertex 9.12132 27.8787 5.5
      vertex 7.70711 29.2929 5.5
      vertex 8.82628 27.6199 5.5
    endloop
  endfacet
  facet normal -0 0 1
    outer loop
      vertex 7.60876 29.2066 5.5
      vertex 8.82628 27.6199 5.5
      vertex 7.70711 29.2929 5.5
    endloop
  endfacet
  facet normal 0 0 1
    outer loop
      vertex 8.82628 27.6199 5.5
      vertex 7.60876 29.2066 5.5
      vertex 8.5 27.4019 5.5
    endloop
  endfacet
  facet normal -0 0 1
    outer loop
      vertex 7.5 29.134 5.5
      vertex 8.5 27.4019 5.5
      vertex 7.60876 29.2066 5.5
    endloop
  endfacet
  facet normal 0 0 1
    outer loop
      vertex 8.5 27.4019 5.5
      vertex 7.5 29.134 5.5
      vertex 8.14805 27.2284 5.5
    endloop
  endfacet
  facet normal -0 0 1
    outer loop
      vertex 7.38268 29.0761 5.5
      vertex 8.14805 27.2284 5.5
      vertex 7.5 29.134 5.5
    endloop
  endfacet
  facet normal 0 0 1
    outer loop
      vertex 8.14805 27.2284 5.5
      vertex 7.38268 29.0761 5.5
      vertex 7.77646 27.1022 5.5
    endloop
  endfacet
  facet normal -0 0 1
    outer loop
      vertex 7.25882 29.0341 5.5
      vertex 7.77646 27.1022 5.5
      vertex 7.38268 29.0761 5.5
    endloop
  endfacet
  facet normal 0 0 1
    outer loop
      vertex 7.77646 27.1022 5.5
      vertex 7.25882 29.0341 5.5
      vertex 7.39158 27.0257 5.5
    endloop
  endfacet
  facet normal -0 0 1
    outer loop
      vertex 7.13053 29.0086 5.5
      vertex 7.39158 27.0257 5.5
      vertex 7.25882 29.0341 5.5
    endloop
  endfacet
  facet normal -0 0 1
    outer loop
      vertex 7 29 5.5
      vertex 7.39158 27.0257 5.5
      vertex 7.13053 29.0086 5.5
    endloop
  endfacet
  facet normal 0 0 1
    outer loop
      vertex 7 29 5.5
      vertex 7 27 5.5
      vertex 7.39158 27.0257 5.5
    endloop
  endfacet
  facet normal 0 0 1
    outer loop
      vertex 6.86947 29.0086 5.5
      vertex 7 27 5.5
      vertex 7 29 5.5
    endloop
  endfacet
  facet normal 0 0 1
    outer loop
      vertex 6.60842 27.0257 5.5
      vertex 6.86947 29.0086 5.5
      vertex 6.74118 29.0341 5.5
    endloop
  endfacet
  facet normal 0 0 1
    outer loop
      vertex 6.22354 27.1022 5.5
      vertex 6.74118 29.0341 5.5
      vertex 6.61732 29.0761 5.5
    endloop
  endfacet
  facet normal 0 0 1
    outer loop
      vertex 6.86947 29.0086 5.5
      vertex 6.60842 27.0257 5.5
      vertex 7 27 5.5
    endloop
  endfacet
  facet normal 0 0 1
    outer loop
      vertex 5.85195 27.2284 5.5
      vertex 6.61732 29.0761 5.5
      vertex 6.5 29.134 5.5
    endloop
  endfacet
  facet normal 0 0 1
    outer loop
      vertex 5.5 27.4019 5.5
      vertex 6.5 29.134 5.5
      vertex 6.39124 29.2066 5.5
    endloop
  endfacet
  facet normal 0 0 1
    outer loop
      vertex 5.17372 27.6199 5.5
      vertex 6.39124 29.2066 5.5
      vertex 6.29289 29.2929 5.5
    endloop
  endfacet
  facet normal 0 0 1
    outer loop
      vertex 6.74118 29.0341 5.5
      vertex 6.22354 27.1022 5.5
      vertex 6.60842 27.0257 5.5
    endloop
  endfacet
  facet normal 0 0 1
    outer loop
      vertex 4.87868 27.8787 5.5
      vertex 6.29289 29.2929 5.5
      vertex 6.20665 29.3912 5.5
    endloop
  endfacet
  facet normal 0 0 1
    outer loop
      vertex 4.61994 28.1737 5.5
      vertex 6.20665 29.3912 5.5
      vertex 6.13397 29.5 5.5
    endloop
  endfacet
  facet normal 0 0 1
    outer loop
      vertex 4.40192 28.5 5.5
      vertex 6.13397 29.5 5.5
      vertex 6.07612 29.6173 5.5
    endloop
  endfacet
  facet normal 0 0 1
    outer loop
      vertex 4.22836 28.8519 5.5
      vertex 6.07612 29.6173 5.5
      vertex 6.03407 29.7412 5.5
    endloop
  endfacet
  facet normal 0 0 1
    outer loop
      vertex 4.10222 29.2235 5.5
      vertex 6.03407 29.7412 5.5
      vertex 6.00855 29.8695 5.5
    endloop
  endfacet
  facet normal 0 0 1
    outer loop
      vertex 6.61732 29.0761 5.5
      vertex 5.85195 27.2284 5.5
      vertex 6.22354 27.1022 5.5
    endloop
  endfacet
  facet normal 0 0 1
    outer loop
      vertex 4.02567 29.6084 5.5
      vertex 6.00855 29.8695 5.5
      vertex 6 30 5.5
    endloop
  endfacet
  facet normal -0 0 1
    outer loop
      vertex 4.40192 31.5 5.5
      vertex 6.13397 30.5 5.5
      vertex 4.61994 31.8263 5.5
    endloop
  endfacet
  facet normal 0 0 1
    outer loop
      vertex 6.13397 30.5 5.5
      vertex 4.40192 31.5 5.5
      vertex 6.07612 30.3827 5.5
    endloop
  endfacet
  facet normal 0 0 1
    outer loop
      vertex 6.5 29.134 5.5
      vertex 5.5 27.4019 5.5
      vertex 5.85195 27.2284 5.5
    endloop
  endfacet
  facet normal -0 0 1
    outer loop
      vertex 4.22836 31.148 5.5
      vertex 6.07612 30.3827 5.5
      vertex 4.40192 31.5 5.5
    endloop
  endfacet
  facet normal 0 0 1
    outer loop
      vertex 6.39124 29.2066 5.5
      vertex 5.17372 27.6199 5.5
      vertex 5.5 27.4019 5.5
    endloop
  endfacet
  facet normal 0 0 1
    outer loop
      vertex 6.07612 30.3827 5.5
      vertex 4.22836 31.148 5.5
      vertex 6.03407 30.2588 5.5
    endloop
  endfacet
  facet normal 0 0 1
    outer loop
      vertex 6.29289 29.2929 5.5
      vertex 4.87868 27.8787 5.5
      vertex 5.17372 27.6199 5.5
    endloop
  endfacet
  facet normal -0 0 1
    outer loop
      vertex 4.10222 30.7765 5.5
      vertex 6.03407 30.2588 5.5
      vertex 4.22836 31.148 5.5
    endloop
  endfacet
  facet normal 0 0 1
    outer loop
      vertex 6.20665 29.3912 5.5
      vertex 4.61994 28.1737 5.5
      vertex 4.87868 27.8787 5.5
    endloop
  endfacet
  facet normal 0 0 1
    outer loop
      vertex 6.03407 30.2588 5.5
      vertex 4.10222 30.7765 5.5
      vertex 6.00855 30.1305 5.5
    endloop
  endfacet
  facet normal 0 0 1
    outer loop
      vertex 6.13397 29.5 5.5
      vertex 4.40192 28.5 5.5
      vertex 4.61994 28.1737 5.5
    endloop
  endfacet
  facet normal -0 0 1
    outer loop
      vertex 4.02567 30.3916 5.5
      vertex 6.00855 30.1305 5.5
      vertex 4.10222 30.7765 5.5
    endloop
  endfacet
  facet normal 0 0 1
    outer loop
      vertex 6.07612 29.6173 5.5
      vertex 4.22836 28.8519 5.5
      vertex 4.40192 28.5 5.5
    endloop
  endfacet
  facet normal 0 0 1
    outer loop
      vertex 6.00855 30.1305 5.5
      vertex 4.02567 30.3916 5.5
      vertex 6 30 5.5
    endloop
  endfacet
  facet normal 0 0 1
    outer loop
      vertex 6.03407 29.7412 5.5
      vertex 4.10222 29.2235 5.5
      vertex 4.22836 28.8519 5.5
    endloop
  endfacet
  facet normal 0 0 1
    outer loop
      vertex 4 30 5.5
      vertex 6 30 5.5
      vertex 4.02567 30.3916 5.5
    endloop
  endfacet
  facet normal 0 0 1
    outer loop
      vertex 6.00855 29.8695 5.5
      vertex 4.02567 29.6084 5.5
      vertex 4.10222 29.2235 5.5
    endloop
  endfacet
  facet normal 0 0 1
    outer loop
      vertex 6 30 5.5
      vertex 4 30 5.5
      vertex 4.02567 29.6084 5.5
    endloop
  endfacet
  facet normal -0.946885 -0.321574 0
    outer loop
      vertex 62.2284 28.8519 2
      vertex 62.1022 29.2235 5.5
      vertex 62.1022 29.2235 2
    endloop
  endfacet
  facet normal -0.946885 -0.321574 0
    outer loop
      vertex 62.1022 29.2235 5.5
      vertex 62.2284 28.8519 2
      vertex 62.2284 28.8519 5.5
    endloop
  endfacet
  facet normal 0.19494 -0.980815 0
    outer loop
      vertex 65.3916 27.0257 2
      vertex 65.7765 27.1022 5.5
      vertex 65.3916 27.0257 5.5
    endloop
  endfacet
  facet normal 0.19494 -0.980815 0
    outer loop
      vertex 65.7765 27.1022 5.5
      vertex 65.3916 27.0257 2
      vertex 65.7765 27.1022 2
    endloop
  endfacet
  facet normal 0.980815 0.19494 0
    outer loop
      vertex 67.9743 30.3916 5.5
      vertex 67.8978 30.7765 2
      vertex 67.8978 30.7765 5.5
    endloop
  endfacet
  facet normal 0.980815 0.19494 0
    outer loop
      vertex 67.8978 30.7765 2
      vertex 67.9743 30.3916 5.5
      vertex 67.9743 30.3916 2
    endloop
  endfacet
  facet normal 0.997853 0.0654873 0
    outer loop
      vertex 68 30 5.5
      vertex 67.9743 30.3916 2
      vertex 67.9743 30.3916 5.5
    endloop
  endfacet
  facet normal 0.997853 0.0654873 0
    outer loop
      vertex 67.9743 30.3916 2
      vertex 68 30 5.5
      vertex 68 30 2
    endloop
  endfacet
  facet normal -0.44211 0.896961 0
    outer loop
      vertex 63.852 32.7716 2
      vertex 63.5 32.5981 5.5
      vertex 63.852 32.7716 5.5
    endloop
  endfacet
  facet normal -0.44211 0.896961 0
    outer loop
      vertex 63.5 32.5981 5.5
      vertex 63.852 32.7716 2
      vertex 63.5 32.5981 2
    endloop
  endfacet
  facet normal 0.946858 0.321651 0
    outer loop
      vertex 67.8978 30.7765 5.5
      vertex 67.7716 31.148 2
      vertex 67.7716 31.148 5.5
    endloop
  endfacet
  facet normal 0.946858 0.321651 0
    outer loop
      vertex 67.7716 31.148 2
      vertex 67.8978 30.7765 5.5
      vertex 67.8978 30.7765 2
    endloop
  endfacet
  facet normal 0.896911 -0.442211 0
    outer loop
      vertex 67.5981 28.5 5.5
      vertex 67.7716 28.8519 2
      vertex 67.7716 28.8519 5.5
    endloop
  endfacet
  facet normal 0.896911 -0.442211 0
    outer loop
      vertex 67.7716 28.8519 2
      vertex 67.5981 28.5 5.5
      vertex 67.5981 28.5 2
    endloop
  endfacet
  facet normal 0.997853 -0.0654873 0
    outer loop
      vertex 67.9743 29.6084 5.5
      vertex 68 30 2
      vertex 68 30 5.5
    endloop
  endfacet
  facet normal 0.997853 -0.0654873 0
    outer loop
      vertex 68 30 2
      vertex 67.9743 29.6084 5.5
      vertex 67.9743 29.6084 2
    endloop
  endfacet
  facet normal 0.659478 0.751724 -0
    outer loop
      vertex 67.1213 32.1213 2
      vertex 66.8263 32.3801 5.5
      vertex 67.1213 32.1213 5.5
    endloop
  endfacet
  facet normal 0.659478 0.751724 0
    outer loop
      vertex 66.8263 32.3801 5.5
      vertex 67.1213 32.1213 2
      vertex 66.8263 32.3801 2
    endloop
  endfacet
  facet normal -0.659478 0.751724 0
    outer loop
      vertex 63.1737 32.3801 2
      vertex 62.8787 32.1213 5.5
      vertex 63.1737 32.3801 5.5
    endloop
  endfacet
  facet normal -0.659478 0.751724 0
    outer loop
      vertex 62.8787 32.1213 5.5
      vertex 63.1737 32.3801 2
      vertex 62.8787 32.1213 2
    endloop
  endfacet
  facet normal 0.0654873 0.997853 -0
    outer loop
      vertex 65.3916 32.9743 2
      vertex 65 33 5.5
      vertex 65.3916 32.9743 5.5
    endloop
  endfacet
  facet normal 0.0654873 0.997853 0
    outer loop
      vertex 65 33 5.5
      vertex 65.3916 32.9743 2
      vertex 65 33 2
    endloop
  endfacet
  facet normal -0.997853 0.0654873 0
    outer loop
      vertex 62 30 2
      vertex 62.0257 30.3916 5.5
      vertex 62.0257 30.3916 2
    endloop
  endfacet
  facet normal -0.997853 0.0654873 0
    outer loop
      vertex 62.0257 30.3916 5.5
      vertex 62 30 2
      vertex 62 30 5.5
    endloop
  endfacet
  facet normal -0.751724 -0.659478 0
    outer loop
      vertex 62.8787 27.8787 2
      vertex 62.6199 28.1737 5.5
      vertex 62.6199 28.1737 2
    endloop
  endfacet
  facet normal -0.751724 -0.659478 0
    outer loop
      vertex 62.6199 28.1737 5.5
      vertex 62.8787 27.8787 2
      vertex 62.8787 27.8787 5.5
    endloop
  endfacet
  facet normal -0.980815 -0.19494 0
    outer loop
      vertex 62.1022 29.2235 2
      vertex 62.0257 29.6084 5.5
      vertex 62.0257 29.6084 2
    endloop
  endfacet
  facet normal -0.980815 -0.19494 0
    outer loop
      vertex 62.0257 29.6084 5.5
      vertex 62.1022 29.2235 2
      vertex 62.1022 29.2235 5.5
    endloop
  endfacet
  facet normal 0.831501 -0.555523 0
    outer loop
      vertex 67.3801 28.1737 5.5
      vertex 67.5981 28.5 2
      vertex 67.5981 28.5 5.5
    endloop
  endfacet
  facet normal 0.831501 -0.555523 0
    outer loop
      vertex 67.5981 28.5 2
      vertex 67.3801 28.1737 5.5
      vertex 67.3801 28.1737 2
    endloop
  endfacet
  facet normal -0.896961 0.44211 0
    outer loop
      vertex 62.2284 31.148 2
      vertex 62.4019 31.5 5.5
      vertex 62.4019 31.5 2
    endloop
  endfacet
  facet normal -0.896961 0.44211 0
    outer loop
      vertex 62.4019 31.5 5.5
      vertex 62.2284 31.148 2
      vertex 62.2284 31.148 5.5
    endloop
  endfacet
  facet normal -0.831501 0.555523 0
    outer loop
      vertex 62.4019 31.5 2
      vertex 62.6199 31.8263 5.5
      vertex 62.6199 31.8263 2
    endloop
  endfacet
  facet normal -0.831501 0.555523 0
    outer loop
      vertex 62.6199 31.8263 5.5
      vertex 62.4019 31.5 2
      vertex 62.4019 31.5 5.5
    endloop
  endfacet
  facet normal -0.0654873 0.997853 0
    outer loop
      vertex 65 33 2
      vertex 64.6084 32.9743 5.5
      vertex 65 33 5.5
    endloop
  endfacet
  facet normal -0.0654873 0.997853 0
    outer loop
      vertex 64.6084 32.9743 5.5
      vertex 65 33 2
      vertex 64.6084 32.9743 2
    endloop
  endfacet
  facet normal -0.321651 0.946858 0
    outer loop
      vertex 64.2235 32.8978 2
      vertex 63.852 32.7716 5.5
      vertex 64.2235 32.8978 5.5
    endloop
  endfacet
  facet normal -0.321651 0.946858 0
    outer loop
      vertex 63.852 32.7716 5.5
      vertex 64.2235 32.8978 2
      vertex 63.852 32.7716 2
    endloop
  endfacet
  facet normal -0.321651 -0.946858 0
    outer loop
      vertex 63.852 27.2284 2
      vertex 64.2235 27.1022 5.5
      vertex 63.852 27.2284 5.5
    endloop
  endfacet
  facet normal -0.321651 -0.946858 -0
    outer loop
      vertex 64.2235 27.1022 5.5
      vertex 63.852 27.2284 2
      vertex 64.2235 27.1022 2
    endloop
  endfacet
  facet normal 0.44211 0.896961 -0
    outer loop
      vertex 66.5 32.5981 2
      vertex 66.148 32.7716 5.5
      vertex 66.5 32.5981 5.5
    endloop
  endfacet
  facet normal 0.44211 0.896961 0
    outer loop
      vertex 66.148 32.7716 5.5
      vertex 66.5 32.5981 2
      vertex 66.148 32.7716 2
    endloop
  endfacet
  facet normal 0.0654873 -0.997853 0
    outer loop
      vertex 65 27 2
      vertex 65.3916 27.0257 5.5
      vertex 65 27 5.5
    endloop
  endfacet
  facet normal 0.0654873 -0.997853 0
    outer loop
      vertex 65.3916 27.0257 5.5
      vertex 65 27 2
      vertex 65.3916 27.0257 2
    endloop
  endfacet
  facet normal 0.555523 -0.831501 0
    outer loop
      vertex 66.5 27.4019 2
      vertex 66.8263 27.6199 5.5
      vertex 66.5 27.4019 5.5
    endloop
  endfacet
  facet normal 0.555523 -0.831501 0
    outer loop
      vertex 66.8263 27.6199 5.5
      vertex 66.5 27.4019 2
      vertex 66.8263 27.6199 2
    endloop
  endfacet
  facet normal 0.980815 -0.19494 0
    outer loop
      vertex 67.8978 29.2235 5.5
      vertex 67.9743 29.6084 2
      vertex 67.9743 29.6084 5.5
    endloop
  endfacet
  facet normal 0.980815 -0.19494 0
    outer loop
      vertex 67.9743 29.6084 2
      vertex 67.8978 29.2235 5.5
      vertex 67.8978 29.2235 2
    endloop
  endfacet
  facet normal -0.751724 0.659478 0
    outer loop
      vertex 62.6199 31.8263 2
      vertex 62.8787 32.1213 5.5
      vertex 62.8787 32.1213 2
    endloop
  endfacet
  facet normal -0.751724 0.659478 0
    outer loop
      vertex 62.8787 32.1213 5.5
      vertex 62.6199 31.8263 2
      vertex 62.6199 31.8263 5.5
    endloop
  endfacet
  facet normal -0.980815 0.19494 0
    outer loop
      vertex 62.0257 30.3916 2
      vertex 62.1022 30.7765 5.5
      vertex 62.1022 30.7765 2
    endloop
  endfacet
  facet normal -0.980815 0.19494 0
    outer loop
      vertex 62.1022 30.7765 5.5
      vertex 62.0257 30.3916 2
      vertex 62.0257 30.3916 5.5
    endloop
  endfacet
  facet normal 0.831501 0.555523 0
    outer loop
      vertex 67.5981 31.5 5.5
      vertex 67.3801 31.8263 2
      vertex 67.3801 31.8263 5.5
    endloop
  endfacet
  facet normal 0.831501 0.555523 0
    outer loop
      vertex 67.3801 31.8263 2
      vertex 67.5981 31.5 5.5
      vertex 67.5981 31.5 2
    endloop
  endfacet
  facet normal 0.555523 0.831501 -0
    outer loop
      vertex 66.8263 32.3801 2
      vertex 66.5 32.5981 5.5
      vertex 66.8263 32.3801 5.5
    endloop
  endfacet
  facet normal 0.555523 0.831501 0
    outer loop
      vertex 66.5 32.5981 5.5
      vertex 66.8263 32.3801 2
      vertex 66.5 32.5981 2
    endloop
  endfacet
  facet normal -0.997853 -0.0654873 0
    outer loop
      vertex 62.0257 29.6084 2
      vertex 62 30 5.5
      vertex 62 30 2
    endloop
  endfacet
  facet normal -0.997853 -0.0654873 0
    outer loop
      vertex 62 30 5.5
      vertex 62.0257 29.6084 2
      vertex 62.0257 29.6084 5.5
    endloop
  endfacet
  facet normal 0.321651 0.946858 -0
    outer loop
      vertex 66.148 32.7716 2
      vertex 65.7765 32.8978 5.5
      vertex 66.148 32.7716 5.5
    endloop
  endfacet
  facet normal 0.321651 0.946858 0
    outer loop
      vertex 65.7765 32.8978 5.5
      vertex 66.148 32.7716 2
      vertex 65.7765 32.8978 2
    endloop
  endfacet
  facet normal 0.659478 -0.751724 0
    outer loop
      vertex 66.8263 27.6199 2
      vertex 67.1213 27.8787 5.5
      vertex 66.8263 27.6199 5.5
    endloop
  endfacet
  facet normal 0.659478 -0.751724 0
    outer loop
      vertex 67.1213 27.8787 5.5
      vertex 66.8263 27.6199 2
      vertex 67.1213 27.8787 2
    endloop
  endfacet
  facet normal -0.19494 0.980815 0
    outer loop
      vertex 64.6084 32.9743 2
      vertex 64.2235 32.8978 5.5
      vertex 64.6084 32.9743 5.5
    endloop
  endfacet
  facet normal -0.19494 0.980815 0
    outer loop
      vertex 64.2235 32.8978 5.5
      vertex 64.6084 32.9743 2
      vertex 64.2235 32.8978 2
    endloop
  endfacet
  facet normal 0.896961 0.44211 0
    outer loop
      vertex 67.7716 31.148 5.5
      vertex 67.5981 31.5 2
      vertex 67.5981 31.5 5.5
    endloop
  endfacet
  facet normal 0.896961 0.44211 0
    outer loop
      vertex 67.5981 31.5 2
      vertex 67.7716 31.148 5.5
      vertex 67.7716 31.148 2
    endloop
  endfacet
  facet normal 0.946885 -0.321574 0
    outer loop
      vertex 67.7716 28.8519 5.5
      vertex 67.8978 29.2235 2
      vertex 67.8978 29.2235 5.5
    endloop
  endfacet
  facet normal 0.946885 -0.321574 0
    outer loop
      vertex 67.8978 29.2235 2
      vertex 67.7716 28.8519 5.5
      vertex 67.7716 28.8519 2
    endloop
  endfacet
  facet normal -0.555523 -0.831501 0
    outer loop
      vertex 63.1737 27.6199 2
      vertex 63.5 27.4019 5.5
      vertex 63.1737 27.6199 5.5
    endloop
  endfacet
  facet normal -0.555523 -0.831501 -0
    outer loop
      vertex 63.5 27.4019 5.5
      vertex 63.1737 27.6199 2
      vertex 63.5 27.4019 2
    endloop
  endfacet
  facet normal -0.659478 -0.751724 0
    outer loop
      vertex 62.8787 27.8787 2
      vertex 63.1737 27.6199 5.5
      vertex 62.8787 27.8787 5.5
    endloop
  endfacet
  facet normal -0.659478 -0.751724 -0
    outer loop
      vertex 63.1737 27.6199 5.5
      vertex 62.8787 27.8787 2
      vertex 63.1737 27.6199 2
    endloop
  endfacet
  facet normal 0.751724 -0.659478 0
    outer loop
      vertex 67.1213 27.8787 5.5
      vertex 67.3801 28.1737 2
      vertex 67.3801 28.1737 5.5
    endloop
  endfacet
  facet normal 0.751724 -0.659478 0
    outer loop
      vertex 67.3801 28.1737 2
      vertex 67.1213 27.8787 5.5
      vertex 67.1213 27.8787 2
    endloop
  endfacet
  facet normal -0.896911 -0.442211 0
    outer loop
      vertex 62.4019 28.5 2
      vertex 62.2284 28.8519 5.5
      vertex 62.2284 28.8519 2
    endloop
  endfacet
  facet normal -0.896911 -0.442211 0
    outer loop
      vertex 62.2284 28.8519 5.5
      vertex 62.4019 28.5 2
      vertex 62.4019 28.5 5.5
    endloop
  endfacet
  facet normal -0.0654873 -0.997853 0
    outer loop
      vertex 64.6084 27.0257 2
      vertex 65 27 5.5
      vertex 64.6084 27.0257 5.5
    endloop
  endfacet
  facet normal -0.0654873 -0.997853 -0
    outer loop
      vertex 65 27 5.5
      vertex 64.6084 27.0257 2
      vertex 65 27 2
    endloop
  endfacet
  facet normal 0.751724 0.659478 0
    outer loop
      vertex 67.3801 31.8263 5.5
      vertex 67.1213 32.1213 2
      vertex 67.1213 32.1213 5.5
    endloop
  endfacet
  facet normal 0.751724 0.659478 0
    outer loop
      vertex 67.1213 32.1213 2
      vertex 67.3801 31.8263 5.5
      vertex 67.3801 31.8263 2
    endloop
  endfacet
  facet normal -0.555523 0.831501 0
    outer loop
      vertex 63.5 32.5981 2
      vertex 63.1737 32.3801 5.5
      vertex 63.5 32.5981 5.5
    endloop
  endfacet
  facet normal -0.555523 0.831501 0
    outer loop
      vertex 63.1737 32.3801 5.5
      vertex 63.5 32.5981 2
      vertex 63.1737 32.3801 2
    endloop
  endfacet
  facet normal 0 0 1
    outer loop
      vertex 66 30 5.5
      vertex 68 30 5.5
      vertex 67.9743 30.3916 5.5
    endloop
  endfacet
  facet normal 0 0 1
    outer loop
      vertex 65.9914 30.1305 5.5
      vertex 67.9743 30.3916 5.5
      vertex 67.8978 30.7765 5.5
    endloop
  endfacet
  facet normal 0 0 1
    outer loop
      vertex 68 30 5.5
      vertex 66 30 5.5
      vertex 67.9743 29.6084 5.5
    endloop
  endfacet
  facet normal 0 0 1
    outer loop
      vertex 65.9659 30.2588 5.5
      vertex 67.8978 30.7765 5.5
      vertex 67.7716 31.148 5.5
    endloop
  endfacet
  facet normal -0 0 1
    outer loop
      vertex 65.9914 29.8695 5.5
      vertex 67.9743 29.6084 5.5
      vertex 66 30 5.5
    endloop
  endfacet
  facet normal 0 0 1
    outer loop
      vertex 65.9239 30.3827 5.5
      vertex 67.7716 31.148 5.5
      vertex 67.5981 31.5 5.5
    endloop
  endfacet
  facet normal 0 0 1
    outer loop
      vertex 67.9743 29.6084 5.5
      vertex 65.9914 29.8695 5.5
      vertex 67.8978 29.2235 5.5
    endloop
  endfacet
  facet normal 0 0 1
    outer loop
      vertex 65.866 30.5 5.5
      vertex 67.5981 31.5 5.5
      vertex 67.3801 31.8263 5.5
    endloop
  endfacet
  facet normal -0 0 1
    outer loop
      vertex 65.9659 29.7412 5.5
      vertex 67.8978 29.2235 5.5
      vertex 65.9914 29.8695 5.5
    endloop
  endfacet
  facet normal 0 0 1
    outer loop
      vertex 65.7934 30.6088 5.5
      vertex 67.3801 31.8263 5.5
      vertex 67.1213 32.1213 5.5
    endloop
  endfacet
  facet normal 0 0 1
    outer loop
      vertex 67.8978 29.2235 5.5
      vertex 65.9659 29.7412 5.5
      vertex 67.7716 28.8519 5.5
    endloop
  endfacet
  facet normal 0 0 1
    outer loop
      vertex 65.7071 30.7071 5.5
      vertex 67.1213 32.1213 5.5
      vertex 66.8263 32.3801 5.5
    endloop
  endfacet
  facet normal -0 0 1
    outer loop
      vertex 65.9239 29.6173 5.5
      vertex 67.7716 28.8519 5.5
      vertex 65.9659 29.7412 5.5
    endloop
  endfacet
  facet normal 0 0 1
    outer loop
      vertex 65.6088 30.7934 5.5
      vertex 66.8263 32.3801 5.5
      vertex 66.5 32.5981 5.5
    endloop
  endfacet
  facet normal 0 0 1
    outer loop
      vertex 67.7716 28.8519 5.5
      vertex 65.9239 29.6173 5.5
      vertex 67.5981 28.5 5.5
    endloop
  endfacet
  facet normal 0 0 1
    outer loop
      vertex 65.5 30.866 5.5
      vertex 66.5 32.5981 5.5
      vertex 66.148 32.7716 5.5
    endloop
  endfacet
  facet normal -0 0 1
    outer loop
      vertex 65.866 29.5 5.5
      vertex 67.5981 28.5 5.5
      vertex 65.9239 29.6173 5.5
    endloop
  endfacet
  facet normal 0 0 1
    outer loop
      vertex 67.5981 28.5 5.5
      vertex 65.866 29.5 5.5
      vertex 67.3801 28.1737 5.5
    endloop
  endfacet
  facet normal 0 0 1
    outer loop
      vertex 67.9743 30.3916 5.5
      vertex 65.9914 30.1305 5.5
      vertex 66 30 5.5
    endloop
  endfacet
  facet normal 0 0 1
    outer loop
      vertex 67.8978 30.7765 5.5
      vertex 65.9659 30.2588 5.5
      vertex 65.9914 30.1305 5.5
    endloop
  endfacet
  facet normal 0 0 1
    outer loop
      vertex 67.7716 31.148 5.5
      vertex 65.9239 30.3827 5.5
      vertex 65.9659 30.2588 5.5
    endloop
  endfacet
  facet normal 0 0 1
    outer loop
      vertex 67.5981 31.5 5.5
      vertex 65.866 30.5 5.5
      vertex 65.9239 30.3827 5.5
    endloop
  endfacet
  facet normal 0 0 1
    outer loop
      vertex 67.3801 31.8263 5.5
      vertex 65.7934 30.6088 5.5
      vertex 65.866 30.5 5.5
    endloop
  endfacet
  facet normal 0 0 1
    outer loop
      vertex 65.3827 30.9239 5.5
      vertex 66.148 32.7716 5.5
      vertex 65.7765 32.8978 5.5
    endloop
  endfacet
  facet normal 0 0 1
    outer loop
      vertex 67.1213 32.1213 5.5
      vertex 65.7071 30.7071 5.5
      vertex 65.7934 30.6088 5.5
    endloop
  endfacet
  facet normal 0 0 1
    outer loop
      vertex 66.8263 32.3801 5.5
      vertex 65.6088 30.7934 5.5
      vertex 65.7071 30.7071 5.5
    endloop
  endfacet
  facet normal 0 0 1
    outer loop
      vertex 66.5 32.5981 5.5
      vertex 65.5 30.866 5.5
      vertex 65.6088 30.7934 5.5
    endloop
  endfacet
  facet normal 0 0 1
    outer loop
      vertex 65.2588 30.9659 5.5
      vertex 65.7765 32.8978 5.5
      vertex 65.3916 32.9743 5.5
    endloop
  endfacet
  facet normal 0 0 1
    outer loop
      vertex 66.148 32.7716 5.5
      vertex 65.3827 30.9239 5.5
      vertex 65.5 30.866 5.5
    endloop
  endfacet
  facet normal 0 0 1
    outer loop
      vertex 65.7765 32.8978 5.5
      vertex 65.2588 30.9659 5.5
      vertex 65.3827 30.9239 5.5
    endloop
  endfacet
  facet normal 0 0 1
    outer loop
      vertex 65.3916 32.9743 5.5
      vertex 65.1305 30.9914 5.5
      vertex 65.2588 30.9659 5.5
    endloop
  endfacet
  facet normal 0 0 1
    outer loop
      vertex 65 33 5.5
      vertex 65.1305 30.9914 5.5
      vertex 65.3916 32.9743 5.5
    endloop
  endfacet
  facet normal 0 0 1
    outer loop
      vertex 65 33 5.5
      vertex 65 31 5.5
      vertex 65.1305 30.9914 5.5
    endloop
  endfacet
  facet normal 0 0 1
    outer loop
      vertex 65 33 5.5
      vertex 64.8695 30.9914 5.5
      vertex 65 31 5.5
    endloop
  endfacet
  facet normal -0 0 1
    outer loop
      vertex 64.6084 32.9743 5.5
      vertex 64.8695 30.9914 5.5
      vertex 65 33 5.5
    endloop
  endfacet
  facet normal 0 0 1
    outer loop
      vertex 64.8695 30.9914 5.5
      vertex 64.6084 32.9743 5.5
      vertex 64.7412 30.9659 5.5
    endloop
  endfacet
  facet normal -0 0 1
    outer loop
      vertex 64.2235 32.8978 5.5
      vertex 64.7412 30.9659 5.5
      vertex 64.6084 32.9743 5.5
    endloop
  endfacet
  facet normal 0 0 1
    outer loop
      vertex 64.7412 30.9659 5.5
      vertex 64.2235 32.8978 5.5
      vertex 64.6173 30.9239 5.5
    endloop
  endfacet
  facet normal -0 0 1
    outer loop
      vertex 63.852 32.7716 5.5
      vertex 64.6173 30.9239 5.5
      vertex 64.2235 32.8978 5.5
    endloop
  endfacet
  facet normal 0 0 1
    outer loop
      vertex 64.6173 30.9239 5.5
      vertex 63.852 32.7716 5.5
      vertex 64.5 30.866 5.5
    endloop
  endfacet
  facet normal -0 0 1
    outer loop
      vertex 63.5 32.5981 5.5
      vertex 64.5 30.866 5.5
      vertex 63.852 32.7716 5.5
    endloop
  endfacet
  facet normal 0 0 1
    outer loop
      vertex 64.5 30.866 5.5
      vertex 63.5 32.5981 5.5
      vertex 64.3912 30.7934 5.5
    endloop
  endfacet
  facet normal -0 0 1
    outer loop
      vertex 63.1737 32.3801 5.5
      vertex 64.3912 30.7934 5.5
      vertex 63.5 32.5981 5.5
    endloop
  endfacet
  facet normal 0 0 1
    outer loop
      vertex 64.3912 30.7934 5.5
      vertex 63.1737 32.3801 5.5
      vertex 64.2929 30.7071 5.5
    endloop
  endfacet
  facet normal -0 0 1
    outer loop
      vertex 62.8787 32.1213 5.5
      vertex 64.2929 30.7071 5.5
      vertex 63.1737 32.3801 5.5
    endloop
  endfacet
  facet normal 0 0 1
    outer loop
      vertex 64.2929 30.7071 5.5
      vertex 62.8787 32.1213 5.5
      vertex 64.2066 30.6088 5.5
    endloop
  endfacet
  facet normal 0 0 1
    outer loop
      vertex 64.2066 30.6088 5.5
      vertex 62.6199 31.8263 5.5
      vertex 64.134 30.5 5.5
    endloop
  endfacet
  facet normal -0 0 1
    outer loop
      vertex 62.6199 31.8263 5.5
      vertex 64.2066 30.6088 5.5
      vertex 62.8787 32.1213 5.5
    endloop
  endfacet
  facet normal -0 0 1
    outer loop
      vertex 65.7934 29.3912 5.5
      vertex 67.3801 28.1737 5.5
      vertex 65.866 29.5 5.5
    endloop
  endfacet
  facet normal 0 0 1
    outer loop
      vertex 67.3801 28.1737 5.5
      vertex 65.7934 29.3912 5.5
      vertex 67.1213 27.8787 5.5
    endloop
  endfacet
  facet normal -0 0 1
    outer loop
      vertex 65.7071 29.2929 5.5
      vertex 67.1213 27.8787 5.5
      vertex 65.7934 29.3912 5.5
    endloop
  endfacet
  facet normal 0 0 1
    outer loop
      vertex 67.1213 27.8787 5.5
      vertex 65.7071 29.2929 5.5
      vertex 66.8263 27.6199 5.5
    endloop
  endfacet
  facet normal -0 0 1
    outer loop
      vertex 65.6088 29.2066 5.5
      vertex 66.8263 27.6199 5.5
      vertex 65.7071 29.2929 5.5
    endloop
  endfacet
  facet normal 0 0 1
    outer loop
      vertex 66.8263 27.6199 5.5
      vertex 65.6088 29.2066 5.5
      vertex 66.5 27.4019 5.5
    endloop
  endfacet
  facet normal -0 0 1
    outer loop
      vertex 65.5 29.134 5.5
      vertex 66.5 27.4019 5.5
      vertex 65.6088 29.2066 5.5
    endloop
  endfacet
  facet normal 0 0 1
    outer loop
      vertex 66.5 27.4019 5.5
      vertex 65.5 29.134 5.5
      vertex 66.148 27.2284 5.5
    endloop
  endfacet
  facet normal -0 0 1
    outer loop
      vertex 65.3827 29.0761 5.5
      vertex 66.148 27.2284 5.5
      vertex 65.5 29.134 5.5
    endloop
  endfacet
  facet normal 0 0 1
    outer loop
      vertex 66.148 27.2284 5.5
      vertex 65.3827 29.0761 5.5
      vertex 65.7765 27.1022 5.5
    endloop
  endfacet
  facet normal -0 0 1
    outer loop
      vertex 65.2588 29.0341 5.5
      vertex 65.7765 27.1022 5.5
      vertex 65.3827 29.0761 5.5
    endloop
  endfacet
  facet normal 0 0 1
    outer loop
      vertex 65.7765 27.1022 5.5
      vertex 65.2588 29.0341 5.5
      vertex 65.3916 27.0257 5.5
    endloop
  endfacet
  facet normal -0 0 1
    outer loop
      vertex 65.1305 29.0086 5.5
      vertex 65.3916 27.0257 5.5
      vertex 65.2588 29.0341 5.5
    endloop
  endfacet
  facet normal -0 0 1
    outer loop
      vertex 65 29 5.5
      vertex 65.3916 27.0257 5.5
      vertex 65.1305 29.0086 5.5
    endloop
  endfacet
  facet normal 0 0 1
    outer loop
      vertex 65 29 5.5
      vertex 65 27 5.5
      vertex 65.3916 27.0257 5.5
    endloop
  endfacet
  facet normal 0 0 1
    outer loop
      vertex 64.8695 29.0086 5.5
      vertex 65 27 5.5
      vertex 65 29 5.5
    endloop
  endfacet
  facet normal 0 0 1
    outer loop
      vertex 64.6084 27.0257 5.5
      vertex 64.8695 29.0086 5.5
      vertex 64.7412 29.0341 5.5
    endloop
  endfacet
  facet normal 0 0 1
    outer loop
      vertex 64.2235 27.1022 5.5
      vertex 64.7412 29.0341 5.5
      vertex 64.6173 29.0761 5.5
    endloop
  endfacet
  facet normal 0 0 1
    outer loop
      vertex 64.8695 29.0086 5.5
      vertex 64.6084 27.0257 5.5
      vertex 65 27 5.5
    endloop
  endfacet
  facet normal 0 0 1
    outer loop
      vertex 63.852 27.2284 5.5
      vertex 64.6173 29.0761 5.5
      vertex 64.5 29.134 5.5
    endloop
  endfacet
  facet normal 0 0 1
    outer loop
      vertex 63.5 27.4019 5.5
      vertex 64.5 29.134 5.5
      vertex 64.3912 29.2066 5.5
    endloop
  endfacet
  facet normal 0 0 1
    outer loop
      vertex 63.1737 27.6199 5.5
      vertex 64.3912 29.2066 5.5
      vertex 64.2929 29.2929 5.5
    endloop
  endfacet
  facet normal 0 0 1
    outer loop
      vertex 64.7412 29.0341 5.5
      vertex 64.2235 27.1022 5.5
      vertex 64.6084 27.0257 5.5
    endloop
  endfacet
  facet normal 0 0 1
    outer loop
      vertex 62.8787 27.8787 5.5
      vertex 64.2929 29.2929 5.5
      vertex 64.2066 29.3912 5.5
    endloop
  endfacet
  facet normal 0 0 1
    outer loop
      vertex 62.6199 28.1737 5.5
      vertex 64.2066 29.3912 5.5
      vertex 64.134 29.5 5.5
    endloop
  endfacet
  facet normal 0 0 1
    outer loop
      vertex 62.4019 28.5 5.5
      vertex 64.134 29.5 5.5
      vertex 64.0761 29.6173 5.5
    endloop
  endfacet
  facet normal 0 0 1
    outer loop
      vertex 62.2284 28.8519 5.5
      vertex 64.0761 29.6173 5.5
      vertex 64.0341 29.7412 5.5
    endloop
  endfacet
  facet normal 0 0 1
    outer loop
      vertex 62.1022 29.2235 5.5
      vertex 64.0341 29.7412 5.5
      vertex 64.0086 29.8695 5.5
    endloop
  endfacet
  facet normal 0 0 1
    outer loop
      vertex 64.6173 29.0761 5.5
      vertex 63.852 27.2284 5.5
      vertex 64.2235 27.1022 5.5
    endloop
  endfacet
  facet normal 0 0 1
    outer loop
      vertex 62.0257 29.6084 5.5
      vertex 64.0086 29.8695 5.5
      vertex 64 30 5.5
    endloop
  endfacet
  facet normal -0 0 1
    outer loop
      vertex 62.4019 31.5 5.5
      vertex 64.134 30.5 5.5
      vertex 62.6199 31.8263 5.5
    endloop
  endfacet
  facet normal 0 0 1
    outer loop
      vertex 64.134 30.5 5.5
      vertex 62.4019 31.5 5.5
      vertex 64.0761 30.3827 5.5
    endloop
  endfacet
  facet normal 0 0 1
    outer loop
      vertex 64.5 29.134 5.5
      vertex 63.5 27.4019 5.5
      vertex 63.852 27.2284 5.5
    endloop
  endfacet
  facet normal -0 0 1
    outer loop
      vertex 62.2284 31.148 5.5
      vertex 64.0761 30.3827 5.5
      vertex 62.4019 31.5 5.5
    endloop
  endfacet
  facet normal 0 0 1
    outer loop
      vertex 64.3912 29.2066 5.5
      vertex 63.1737 27.6199 5.5
      vertex 63.5 27.4019 5.5
    endloop
  endfacet
  facet normal 0 0 1
    outer loop
      vertex 64.0761 30.3827 5.5
      vertex 62.2284 31.148 5.5
      vertex 64.0341 30.2588 5.5
    endloop
  endfacet
  facet normal 0 0 1
    outer loop
      vertex 64.2929 29.2929 5.5
      vertex 62.8787 27.8787 5.5
      vertex 63.1737 27.6199 5.5
    endloop
  endfacet
  facet normal -0 0 1
    outer loop
      vertex 62.1022 30.7765 5.5
      vertex 64.0341 30.2588 5.5
      vertex 62.2284 31.148 5.5
    endloop
  endfacet
  facet normal 0 0 1
    outer loop
      vertex 64.2066 29.3912 5.5
      vertex 62.6199 28.1737 5.5
      vertex 62.8787 27.8787 5.5
    endloop
  endfacet
  facet normal 0 0 1
    outer loop
      vertex 64.0341 30.2588 5.5
      vertex 62.1022 30.7765 5.5
      vertex 64.0086 30.1305 5.5
    endloop
  endfacet
  facet normal 0 0 1
    outer loop
      vertex 64.134 29.5 5.5
      vertex 62.4019 28.5 5.5
      vertex 62.6199 28.1737 5.5
    endloop
  endfacet
  facet normal -0 0 1
    outer loop
      vertex 62.0257 30.3916 5.5
      vertex 64.0086 30.1305 5.5
      vertex 62.1022 30.7765 5.5
    endloop
  endfacet
  facet normal 0 0 1
    outer loop
      vertex 64.0761 29.6173 5.5
      vertex 62.2284 28.8519 5.5
      vertex 62.4019 28.5 5.5
    endloop
  endfacet
  facet normal 0 0 1
    outer loop
      vertex 64.0086 30.1305 5.5
      vertex 62.0257 30.3916 5.5
      vertex 64 30 5.5
    endloop
  endfacet
  facet normal 0 0 1
    outer loop
      vertex 64.0341 29.7412 5.5
      vertex 62.1022 29.2235 5.5
      vertex 62.2284 28.8519 5.5
    endloop
  endfacet
  facet normal 0 0 1
    outer loop
      vertex 62 30 5.5
      vertex 64 30 5.5
      vertex 62.0257 30.3916 5.5
    endloop
  endfacet
  facet normal 0 0 1
    outer loop
      vertex 64.0086 29.8695 5.5
      vertex 62.0257 29.6084 5.5
      vertex 62.1022 29.2235 5.5
    endloop
  endfacet
  facet normal 0 0 1
    outer loop
      vertex 64 30 5.5
      vertex 62 30 5.5
      vertex 62.0257 29.6084 5.5
    endloop
  endfacet
  facet normal 0.321651 -0.946858 0
    outer loop
      vertex 65.7765 27.1022 2
      vertex 66.148 27.2284 5.5
      vertex 65.7765 27.1022 5.5
    endloop
  endfacet
  facet normal 0.321651 -0.946858 0
    outer loop
      vertex 66.148 27.2284 5.5
      vertex 65.7765 27.1022 2
      vertex 66.148 27.2284 2
    endloop
  endfacet
  facet normal 0.44211 -0.896961 0
    outer loop
      vertex 66.148 27.2284 2
      vertex 66.5 27.4019 5.5
      vertex 66.148 27.2284 5.5
    endloop
  endfacet
  facet normal 0.44211 -0.896961 0
    outer loop
      vertex 66.5 27.4019 5.5
      vertex 66.148 27.2284 2
      vertex 66.5 27.4019 2
    endloop
  endfacet
  facet normal -0.19494 -0.980815 0
    outer loop
      vertex 64.2235 27.1022 2
      vertex 64.6084 27.0257 5.5
      vertex 64.2235 27.1022 5.5
    endloop
  endfacet
  facet normal -0.19494 -0.980815 -0
    outer loop
      vertex 64.6084 27.0257 5.5
      vertex 64.2235 27.1022 2
      vertex 64.6084 27.0257 2
    endloop
  endfacet
  facet normal 0.19494 0.980815 -0
    outer loop
      vertex 65.7765 32.8978 2
      vertex 65.3916 32.9743 5.5
      vertex 65.7765 32.8978 5.5
    endloop
  endfacet
  facet normal 0.19494 0.980815 0
    outer loop
      vertex 65.3916 32.9743 5.5
      vertex 65.7765 32.8978 2
      vertex 65.3916 32.9743 2
    endloop
  endfacet
  facet normal -0.44211 -0.896961 0
    outer loop
      vertex 63.5 27.4019 2
      vertex 63.852 27.2284 5.5
      vertex 63.5 27.4019 5.5
    endloop
  endfacet
  facet normal -0.44211 -0.896961 -0
    outer loop
      vertex 63.852 27.2284 5.5
      vertex 63.5 27.4019 2
      vertex 63.852 27.2284 2
    endloop
  endfacet
  facet normal -0.831501 -0.555523 0
    outer loop
      vertex 62.6199 28.1737 2
      vertex 62.4019 28.5 5.5
      vertex 62.4019 28.5 2
    endloop
  endfacet
  facet normal -0.831501 -0.555523 0
    outer loop
      vertex 62.4019 28.5 5.5
      vertex 62.6199 28.1737 2
      vertex 62.6199 28.1737 5.5
    endloop
  endfacet
  facet normal -0.946858 0.321651 0
    outer loop
      vertex 62.1022 30.7765 2
      vertex 62.2284 31.148 5.5
      vertex 62.2284 31.148 2
    endloop
  endfacet
  facet normal -0.946858 0.321651 0
    outer loop
      vertex 62.2284 31.148 5.5
      vertex 62.1022 30.7765 2
      vertex 62.1022 30.7765 5.5
    endloop
  endfacet
  facet normal -0.75188 0.6593 0
    outer loop
      vertex 7.70711 6.29289 1.9
      vertex 7.79335 6.39124 5.5
      vertex 7.79335 6.39124 1.9
    endloop
  endfacet
  facet normal -0.75188 0.6593 0
    outer loop
      vertex 7.79335 6.39124 5.5
      vertex 7.70711 6.29289 1.9
      vertex 7.70711 6.29289 5.5
    endloop
  endfacet
  facet normal 0.946918 -0.321475 0
    outer loop
      vertex 6.03407 7.25882 5.5
      vertex 6.07612 7.38268 1.9
      vertex 6.07612 7.38268 5.5
    endloop
  endfacet
  facet normal 0.946918 -0.321475 0
    outer loop
      vertex 6.07612 7.38268 1.9
      vertex 6.03407 7.25882 5.5
      vertex 6.03407 7.25882 1.9
    endloop
  endfacet
  facet normal -0.89686 -0.442314 0
    outer loop
      vertex 7.92388 7.38268 1.9
      vertex 7.86602 7.5 5.5
      vertex 7.86602 7.5 1.9
    endloop
  endfacet
  facet normal -0.89686 -0.442314 0
    outer loop
      vertex 7.86602 7.5 5.5
      vertex 7.92388 7.38268 1.9
      vertex 7.92388 7.38268 5.5
    endloop
  endfacet
  facet normal -0.831474 -0.555564 0
    outer loop
      vertex 7.86602 7.5 1.9
      vertex 7.79335 7.60876 5.5
      vertex 7.79335 7.60876 1.9
    endloop
  endfacet
  facet normal -0.831474 -0.555564 0
    outer loop
      vertex 7.79335 7.60876 5.5
      vertex 7.86602 7.5 1.9
      vertex 7.86602 7.5 5.5
    endloop
  endfacet
  facet normal -0.980798 -0.195028 0
    outer loop
      vertex 7.99144 7.13053 1.9
      vertex 7.96593 7.25882 5.5
      vertex 7.96593 7.25882 1.9
    endloop
  endfacet
  facet normal -0.980798 -0.195028 0
    outer loop
      vertex 7.96593 7.25882 5.5
      vertex 7.99144 7.13053 1.9
      vertex 7.99144 7.13053 5.5
    endloop
  endfacet
  facet normal 0.195102 0.980783 -0
    outer loop
      vertex 6.86947 6.00855 1.9
      vertex 6.74118 6.03407 5.5
      vertex 6.86947 6.00855 5.5
    endloop
  endfacet
  facet normal 0.195102 0.980783 0
    outer loop
      vertex 6.74118 6.03407 5.5
      vertex 6.86947 6.00855 1.9
      vertex 6.74118 6.03407 1.9
    endloop
  endfacet
  facet normal -0.6593 -0.75188 0
    outer loop
      vertex 7.60876 7.79335 1.9
      vertex 7.70711 7.70711 5.5
      vertex 7.60876 7.79335 5.5
    endloop
  endfacet
  facet normal -0.6593 -0.75188 -0
    outer loop
      vertex 7.70711 7.70711 5.5
      vertex 7.60876 7.79335 1.9
      vertex 7.70711 7.70711 1.9
    endloop
  endfacet
  facet normal -0.831474 0.555564 0
    outer loop
      vertex 7.79335 6.39124 1.9
      vertex 7.86602 6.5 5.5
      vertex 7.86602 6.5 1.9
    endloop
  endfacet
  facet normal -0.831474 0.555564 0
    outer loop
      vertex 7.86602 6.5 5.5
      vertex 7.79335 6.39124 1.9
      vertex 7.79335 6.39124 5.5
    endloop
  endfacet
  facet normal 0.75188 -0.6593 0
    outer loop
      vertex 6.20665 7.60876 5.5
      vertex 6.29289 7.70711 1.9
      vertex 6.29289 7.70711 5.5
    endloop
  endfacet
  facet normal 0.75188 -0.6593 0
    outer loop
      vertex 6.29289 7.70711 1.9
      vertex 6.20665 7.60876 5.5
      vertex 6.20665 7.60876 1.9
    endloop
  endfacet
  facet normal -0.195102 0.980783 0
    outer loop
      vertex 7.25882 6.03407 1.9
      vertex 7.13053 6.00855 5.5
      vertex 7.25882 6.03407 5.5
    endloop
  endfacet
  facet normal -0.195102 0.980783 0
    outer loop
      vertex 7.13053 6.00855 5.5
      vertex 7.25882 6.03407 1.9
      vertex 7.13053 6.00855 1.9
    endloop
  endfacet
  facet normal 0.980783 0.195102 0
    outer loop
      vertex 6.03407 6.74118 5.5
      vertex 6.00855 6.86947 1.9
      vertex 6.00855 6.86947 5.5
    endloop
  endfacet
  facet normal 0.980783 0.195102 0
    outer loop
      vertex 6.00855 6.86947 1.9
      vertex 6.03407 6.74118 5.5
      vertex 6.03407 6.74118 1.9
    endloop
  endfacet
  facet normal 0.89689 0.442253 0
    outer loop
      vertex 6.13397 6.5 5.5
      vertex 6.07612 6.61732 1.9
      vertex 6.07612 6.61732 5.5
    endloop
  endfacet
  facet normal 0.89689 0.442253 0
    outer loop
      vertex 6.07612 6.61732 1.9
      vertex 6.13397 6.5 5.5
      vertex 6.13397 6.5 1.9
    endloop
  endfacet
  facet normal -0.997857 -0.0654382 0
    outer loop
      vertex 8 7 1.9
      vertex 7.99144 7.13053 5.5
      vertex 7.99144 7.13053 1.9
    endloop
  endfacet
  facet normal -0.997857 -0.0654382 0
    outer loop
      vertex 7.99144 7.13053 5.5
      vertex 8 7 1.9
      vertex 8 7 5.5
    endloop
  endfacet
  facet normal 0.980783 -0.195102 0
    outer loop
      vertex 6.00855 7.13053 5.5
      vertex 6.03407 7.25882 1.9
      vertex 6.03407 7.25882 5.5
    endloop
  endfacet
  facet normal 0.980783 -0.195102 0
    outer loop
      vertex 6.03407 7.25882 1.9
      vertex 6.00855 7.13053 5.5
      vertex 6.00855 7.13053 1.9
    endloop
  endfacet
  facet normal 0.831438 0.555617 0
    outer loop
      vertex 6.20665 6.39124 5.5
      vertex 6.13397 6.5 1.9
      vertex 6.13397 6.5 5.5
    endloop
  endfacet
  facet normal 0.831438 0.555617 0
    outer loop
      vertex 6.13397 6.5 1.9
      vertex 6.20665 6.39124 5.5
      vertex 6.20665 6.39124 1.9
    endloop
  endfacet
  facet normal 0.195028 -0.980798 0
    outer loop
      vertex 6.74118 7.96593 1.9
      vertex 6.86947 7.99144 5.5
      vertex 6.74118 7.96593 5.5
    endloop
  endfacet
  facet normal 0.195028 -0.980798 0
    outer loop
      vertex 6.86947 7.99144 5.5
      vertex 6.74118 7.96593 1.9
      vertex 6.86947 7.99144 1.9
    endloop
  endfacet
  facet normal 0.0653621 0.997862 -0
    outer loop
      vertex 7 6 1.9
      vertex 6.86947 6.00855 5.5
      vertex 7 6 5.5
    endloop
  endfacet
  facet normal 0.0653621 0.997862 0
    outer loop
      vertex 6.86947 6.00855 5.5
      vertex 7 6 1.9
      vertex 6.86947 6.00855 1.9
    endloop
  endfacet
  facet normal -0.0654382 -0.997857 0
    outer loop
      vertex 7 8 1.9
      vertex 7.13053 7.99144 5.5
      vertex 7 8 5.5
    endloop
  endfacet
  facet normal -0.0654382 -0.997857 -0
    outer loop
      vertex 7.13053 7.99144 5.5
      vertex 7 8 1.9
      vertex 7.13053 7.99144 1.9
    endloop
  endfacet
  facet normal -0.89686 0.442314 0
    outer loop
      vertex 7.86602 6.5 1.9
      vertex 7.92388 6.61732 5.5
      vertex 7.92388 6.61732 1.9
    endloop
  endfacet
  facet normal -0.89686 0.442314 0
    outer loop
      vertex 7.92388 6.61732 5.5
      vertex 7.86602 6.5 1.9
      vertex 7.86602 6.5 5.5
    endloop
  endfacet
  facet normal 0.321475 -0.946918 0
    outer loop
      vertex 6.61732 7.92388 1.9
      vertex 6.74118 7.96593 5.5
      vertex 6.61732 7.92388 5.5
    endloop
  endfacet
  facet normal 0.321475 -0.946918 0
    outer loop
      vertex 6.74118 7.96593 5.5
      vertex 6.61732 7.92388 1.9
      vertex 6.74118 7.96593 1.9
    endloop
  endfacet
  facet normal -0.75188 -0.6593 0
    outer loop
      vertex 7.79335 7.60876 1.9
      vertex 7.70711 7.70711 5.5
      vertex 7.70711 7.70711 1.9
    endloop
  endfacet
  facet normal -0.75188 -0.6593 0
    outer loop
      vertex 7.70711 7.70711 5.5
      vertex 7.79335 7.60876 1.9
      vertex 7.79335 7.60876 5.5
    endloop
  endfacet
  facet normal -0.321475 -0.946918 0
    outer loop
      vertex 7.25882 7.96593 1.9
      vertex 7.38268 7.92388 5.5
      vertex 7.25882 7.96593 5.5
    endloop
  endfacet
  facet normal -0.321475 -0.946918 -0
    outer loop
      vertex 7.38268 7.92388 5.5
      vertex 7.25882 7.96593 1.9
      vertex 7.38268 7.92388 1.9
    endloop
  endfacet
  facet normal -0.0653621 0.997862 0
    outer loop
      vertex 7.13053 6.00855 1.9
      vertex 7 6 5.5
      vertex 7.13053 6.00855 5.5
    endloop
  endfacet
  facet normal -0.0653621 0.997862 0
    outer loop
      vertex 7 6 5.5
      vertex 7.13053 6.00855 1.9
      vertex 7 6 1.9
    endloop
  endfacet
  facet normal -0.555617 0.831438 0
    outer loop
      vertex 7.60876 6.20665 1.9
      vertex 7.5 6.13397 5.5
      vertex 7.60876 6.20665 5.5
    endloop
  endfacet
  facet normal -0.555617 0.831438 0
    outer loop
      vertex 7.5 6.13397 5.5
      vertex 7.60876 6.20665 1.9
      vertex 7.5 6.13397 1.9
    endloop
  endfacet
  facet normal -0.442314 -0.89686 0
    outer loop
      vertex 7.38268 7.92388 1.9
      vertex 7.5 7.86602 5.5
      vertex 7.38268 7.92388 5.5
    endloop
  endfacet
  facet normal -0.442314 -0.89686 -0
    outer loop
      vertex 7.5 7.86602 5.5
      vertex 7.38268 7.92388 1.9
      vertex 7.5 7.86602 1.9
    endloop
  endfacet
  facet normal -0.555564 -0.831474 0
    outer loop
      vertex 7.5 7.86602 1.9
      vertex 7.60876 7.79335 5.5
      vertex 7.5 7.86602 5.5
    endloop
  endfacet
  facet normal -0.555564 -0.831474 -0
    outer loop
      vertex 7.60876 7.79335 5.5
      vertex 7.5 7.86602 1.9
      vertex 7.60876 7.79335 1.9
    endloop
  endfacet
  facet normal 0.946918 0.321475 0
    outer loop
      vertex 6.07612 6.61732 5.5
      vertex 6.03407 6.74118 1.9
      vertex 6.03407 6.74118 5.5
    endloop
  endfacet
  facet normal 0.946918 0.321475 0
    outer loop
      vertex 6.03407 6.74118 1.9
      vertex 6.07612 6.61732 5.5
      vertex 6.07612 6.61732 1.9
    endloop
  endfacet
  facet normal 0.89689 -0.442253 0
    outer loop
      vertex 6.07612 7.38268 5.5
      vertex 6.13397 7.5 1.9
      vertex 6.13397 7.5 5.5
    endloop
  endfacet
  facet normal 0.89689 -0.442253 0
    outer loop
      vertex 6.13397 7.5 1.9
      vertex 6.07612 7.38268 5.5
      vertex 6.07612 7.38268 1.9
    endloop
  endfacet
  facet normal -0.946918 -0.321475 0
    outer loop
      vertex 7.96593 7.25882 1.9
      vertex 7.92388 7.38268 5.5
      vertex 7.92388 7.38268 1.9
    endloop
  endfacet
  facet normal -0.946918 -0.321475 0
    outer loop
      vertex 7.92388 7.38268 5.5
      vertex 7.96593 7.25882 1.9
      vertex 7.96593 7.25882 5.5
    endloop
  endfacet
  facet normal 0.997862 -0.0653621 0
    outer loop
      vertex 6 7 5.5
      vertex 6.00855 7.13053 1.9
      vertex 6.00855 7.13053 5.5
    endloop
  endfacet
  facet normal 0.997862 -0.0653621 0
    outer loop
      vertex 6.00855 7.13053 1.9
      vertex 6 7 5.5
      vertex 6 7 1.9
    endloop
  endfacet
  facet normal -0.442253 0.89689 0
    outer loop
      vertex 7.5 6.13397 1.9
      vertex 7.38268 6.07612 5.5
      vertex 7.5 6.13397 5.5
    endloop
  endfacet
  facet normal -0.442253 0.89689 0
    outer loop
      vertex 7.38268 6.07612 5.5
      vertex 7.5 6.13397 1.9
      vertex 7.38268 6.07612 1.9
    endloop
  endfacet
  facet normal 0.442314 -0.89686 0
    outer loop
      vertex 6.5 7.86602 1.9
      vertex 6.61732 7.92388 5.5
      vertex 6.5 7.86602 5.5
    endloop
  endfacet
  facet normal 0.442314 -0.89686 0
    outer loop
      vertex 6.61732 7.92388 5.5
      vertex 6.5 7.86602 1.9
      vertex 6.61732 7.92388 1.9
    endloop
  endfacet
  facet normal 0.555564 -0.831474 0
    outer loop
      vertex 6.39124 7.79335 1.9
      vertex 6.5 7.86602 5.5
      vertex 6.39124 7.79335 5.5
    endloop
  endfacet
  facet normal 0.555564 -0.831474 0
    outer loop
      vertex 6.5 7.86602 5.5
      vertex 6.39124 7.79335 1.9
      vertex 6.5 7.86602 1.9
    endloop
  endfacet
  facet normal -0.195028 -0.980798 0
    outer loop
      vertex 7.13053 7.99144 1.9
      vertex 7.25882 7.96593 5.5
      vertex 7.13053 7.99144 5.5
    endloop
  endfacet
  facet normal -0.195028 -0.980798 -0
    outer loop
      vertex 7.25882 7.96593 5.5
      vertex 7.13053 7.99144 1.9
      vertex 7.25882 7.96593 1.9
    endloop
  endfacet
  facet normal -0.6593 0.75188 0
    outer loop
      vertex 7.70711 6.29289 1.9
      vertex 7.60876 6.20665 5.5
      vertex 7.70711 6.29289 5.5
    endloop
  endfacet
  facet normal -0.6593 0.75188 0
    outer loop
      vertex 7.60876 6.20665 5.5
      vertex 7.70711 6.29289 1.9
      vertex 7.60876 6.20665 1.9
    endloop
  endfacet
  facet normal 0.6593 0.75188 -0
    outer loop
      vertex 6.39124 6.20665 1.9
      vertex 6.29289 6.29289 5.5
      vertex 6.39124 6.20665 5.5
    endloop
  endfacet
  facet normal 0.6593 0.75188 0
    outer loop
      vertex 6.29289 6.29289 5.5
      vertex 6.39124 6.20665 1.9
      vertex 6.29289 6.29289 1.9
    endloop
  endfacet
  facet normal -0.997857 0.0654382 0
    outer loop
      vertex 7.99144 6.86947 1.9
      vertex 8 7 5.5
      vertex 8 7 1.9
    endloop
  endfacet
  facet normal -0.997857 0.0654382 0
    outer loop
      vertex 8 7 5.5
      vertex 7.99144 6.86947 1.9
      vertex 7.99144 6.86947 5.5
    endloop
  endfacet
  facet normal 0.0654382 -0.997857 0
    outer loop
      vertex 6.86947 7.99144 1.9
      vertex 7 8 5.5
      vertex 6.86947 7.99144 5.5
    endloop
  endfacet
  facet normal 0.0654382 -0.997857 0
    outer loop
      vertex 7 8 5.5
      vertex 6.86947 7.99144 1.9
      vertex 7 8 1.9
    endloop
  endfacet
  facet normal -0.980798 0.195028 0
    outer loop
      vertex 7.96593 6.74118 1.9
      vertex 7.99144 6.86947 5.5
      vertex 7.99144 6.86947 1.9
    endloop
  endfacet
  facet normal -0.980798 0.195028 0
    outer loop
      vertex 7.99144 6.86947 5.5
      vertex 7.96593 6.74118 1.9
      vertex 7.96593 6.74118 5.5
    endloop
  endfacet
  facet normal 0.997862 0.0653621 0
    outer loop
      vertex 6.00855 6.86947 5.5
      vertex 6 7 1.9
      vertex 6 7 5.5
    endloop
  endfacet
  facet normal 0.997862 0.0653621 0
    outer loop
      vertex 6 7 1.9
      vertex 6.00855 6.86947 5.5
      vertex 6.00855 6.86947 1.9
    endloop
  endfacet
  facet normal -0.946918 0.321475 0
    outer loop
      vertex 7.92388 6.61732 1.9
      vertex 7.96593 6.74118 5.5
      vertex 7.96593 6.74118 1.9
    endloop
  endfacet
  facet normal -0.946918 0.321475 0
    outer loop
      vertex 7.96593 6.74118 5.5
      vertex 7.92388 6.61732 1.9
      vertex 7.92388 6.61732 5.5
    endloop
  endfacet
  facet normal 0.831438 -0.555617 0
    outer loop
      vertex 6.13397 7.5 5.5
      vertex 6.20665 7.60876 1.9
      vertex 6.20665 7.60876 5.5
    endloop
  endfacet
  facet normal 0.831438 -0.555617 0
    outer loop
      vertex 6.20665 7.60876 1.9
      vertex 6.13397 7.5 5.5
      vertex 6.13397 7.5 1.9
    endloop
  endfacet
  facet normal 0.6593 -0.75188 0
    outer loop
      vertex 6.29289 7.70711 1.9
      vertex 6.39124 7.79335 5.5
      vertex 6.29289 7.70711 5.5
    endloop
  endfacet
  facet normal 0.6593 -0.75188 0
    outer loop
      vertex 6.39124 7.79335 5.5
      vertex 6.29289 7.70711 1.9
      vertex 6.39124 7.79335 1.9
    endloop
  endfacet
  facet normal -0.321475 0.946918 0
    outer loop
      vertex 7.38268 6.07612 1.9
      vertex 7.25882 6.03407 5.5
      vertex 7.38268 6.07612 5.5
    endloop
  endfacet
  facet normal -0.321475 0.946918 0
    outer loop
      vertex 7.25882 6.03407 5.5
      vertex 7.38268 6.07612 1.9
      vertex 7.25882 6.03407 1.9
    endloop
  endfacet
  facet normal 0.555617 0.831438 -0
    outer loop
      vertex 6.5 6.13397 1.9
      vertex 6.39124 6.20665 5.5
      vertex 6.5 6.13397 5.5
    endloop
  endfacet
  facet normal 0.555617 0.831438 0
    outer loop
      vertex 6.39124 6.20665 5.5
      vertex 6.5 6.13397 1.9
      vertex 6.39124 6.20665 1.9
    endloop
  endfacet
  facet normal 0.75188 0.6593 0
    outer loop
      vertex 6.29289 6.29289 5.5
      vertex 6.20665 6.39124 1.9
      vertex 6.20665 6.39124 5.5
    endloop
  endfacet
  facet normal 0.75188 0.6593 0
    outer loop
      vertex 6.20665 6.39124 1.9
      vertex 6.29289 6.29289 5.5
      vertex 6.29289 6.29289 1.9
    endloop
  endfacet
  facet normal 0 0 1
    outer loop
      vertex 7.99144 7.13053 1.9
      vertex 7.99144 6.86947 1.9
      vertex 8 7 1.9
    endloop
  endfacet
  facet normal 0 0 1
    outer loop
      vertex 7.96593 7.25882 1.9
      vertex 7.99144 6.86947 1.9
      vertex 7.99144 7.13053 1.9
    endloop
  endfacet
  facet normal 0 0 1
    outer loop
      vertex 7.96593 7.25882 1.9
      vertex 7.96593 6.74118 1.9
      vertex 7.99144 6.86947 1.9
    endloop
  endfacet
  facet normal 0 0 1
    outer loop
      vertex 7.92388 7.38268 1.9
      vertex 7.96593 6.74118 1.9
      vertex 7.96593 7.25882 1.9
    endloop
  endfacet
  facet normal 0 0 1
    outer loop
      vertex 7.92388 7.38268 1.9
      vertex 7.92388 6.61732 1.9
      vertex 7.96593 6.74118 1.9
    endloop
  endfacet
  facet normal 0 0 1
    outer loop
      vertex 7.86602 7.5 1.9
      vertex 7.92388 6.61732 1.9
      vertex 7.92388 7.38268 1.9
    endloop
  endfacet
  facet normal 0 0 1
    outer loop
      vertex 7.86602 7.5 1.9
      vertex 7.86602 6.5 1.9
      vertex 7.92388 6.61732 1.9
    endloop
  endfacet
  facet normal 0 0 1
    outer loop
      vertex 7.79335 7.60876 1.9
      vertex 7.86602 6.5 1.9
      vertex 7.86602 7.5 1.9
    endloop
  endfacet
  facet normal 0 0 1
    outer loop
      vertex 7.79335 7.60876 1.9
      vertex 7.79335 6.39124 1.9
      vertex 7.86602 6.5 1.9
    endloop
  endfacet
  facet normal 0 0 1
    outer loop
      vertex 7.70711 7.70711 1.9
      vertex 7.79335 6.39124 1.9
      vertex 7.79335 7.60876 1.9
    endloop
  endfacet
  facet normal 0 0 1
    outer loop
      vertex 7.70711 7.70711 1.9
      vertex 7.70711 6.29289 1.9
      vertex 7.79335 6.39124 1.9
    endloop
  endfacet
  facet normal 0 0 1
    outer loop
      vertex 7.60876 7.79335 1.9
      vertex 7.70711 6.29289 1.9
      vertex 7.70711 7.70711 1.9
    endloop
  endfacet
  facet normal 0 0 1
    outer loop
      vertex 7.60876 7.79335 1.9
      vertex 7.60876 6.20665 1.9
      vertex 7.70711 6.29289 1.9
    endloop
  endfacet
  facet normal 0 0 1
    outer loop
      vertex 7.5 7.86602 1.9
      vertex 7.60876 6.20665 1.9
      vertex 7.60876 7.79335 1.9
    endloop
  endfacet
  facet normal 0 0 1
    outer loop
      vertex 7.5 7.86602 1.9
      vertex 7.5 6.13397 1.9
      vertex 7.60876 6.20665 1.9
    endloop
  endfacet
  facet normal 0 0 1
    outer loop
      vertex 7.38268 7.92388 1.9
      vertex 7.5 6.13397 1.9
      vertex 7.5 7.86602 1.9
    endloop
  endfacet
  facet normal 0 0 1
    outer loop
      vertex 7.38268 7.92388 1.9
      vertex 7.38268 6.07612 1.9
      vertex 7.5 6.13397 1.9
    endloop
  endfacet
  facet normal 0 0 1
    outer loop
      vertex 7.25882 7.96593 1.9
      vertex 7.38268 6.07612 1.9
      vertex 7.38268 7.92388 1.9
    endloop
  endfacet
  facet normal 0 0 1
    outer loop
      vertex 7.25882 7.96593 1.9
      vertex 7.25882 6.03407 1.9
      vertex 7.38268 6.07612 1.9
    endloop
  endfacet
  facet normal 0 0 1
    outer loop
      vertex 7.13053 7.99144 1.9
      vertex 7.25882 6.03407 1.9
      vertex 7.25882 7.96593 1.9
    endloop
  endfacet
  facet normal 0 0 1
    outer loop
      vertex 7.13053 7.99144 1.9
      vertex 7.13053 6.00855 1.9
      vertex 7.25882 6.03407 1.9
    endloop
  endfacet
  facet normal 0 0 1
    outer loop
      vertex 7 8 1.9
      vertex 7.13053 6.00855 1.9
      vertex 7.13053 7.99144 1.9
    endloop
  endfacet
  facet normal 0 0 1
    outer loop
      vertex 7 8 1.9
      vertex 7 6 1.9
      vertex 7.13053 6.00855 1.9
    endloop
  endfacet
  facet normal -0 0 1
    outer loop
      vertex 6.86947 7.99144 1.9
      vertex 7 6 1.9
      vertex 7 8 1.9
    endloop
  endfacet
  facet normal 0 0 1
    outer loop
      vertex 6.86947 7.99144 1.9
      vertex 6.86947 6.00855 1.9
      vertex 7 6 1.9
    endloop
  endfacet
  facet normal -0 0 1
    outer loop
      vertex 6.74118 7.96593 1.9
      vertex 6.86947 6.00855 1.9
      vertex 6.86947 7.99144 1.9
    endloop
  endfacet
  facet normal 0 0 1
    outer loop
      vertex 6.74118 7.96593 1.9
      vertex 6.74118 6.03407 1.9
      vertex 6.86947 6.00855 1.9
    endloop
  endfacet
  facet normal -0 0 1
    outer loop
      vertex 6.61732 7.92388 1.9
      vertex 6.74118 6.03407 1.9
      vertex 6.74118 7.96593 1.9
    endloop
  endfacet
  facet normal 0 0 1
    outer loop
      vertex 6.61732 7.92388 1.9
      vertex 6.61732 6.07612 1.9
      vertex 6.74118 6.03407 1.9
    endloop
  endfacet
  facet normal -0 0 1
    outer loop
      vertex 6.5 7.86602 1.9
      vertex 6.61732 6.07612 1.9
      vertex 6.61732 7.92388 1.9
    endloop
  endfacet
  facet normal 0 0 1
    outer loop
      vertex 6.5 7.86602 1.9
      vertex 6.5 6.13397 1.9
      vertex 6.61732 6.07612 1.9
    endloop
  endfacet
  facet normal -0 0 1
    outer loop
      vertex 6.39124 7.79335 1.9
      vertex 6.5 6.13397 1.9
      vertex 6.5 7.86602 1.9
    endloop
  endfacet
  facet normal 0 0 1
    outer loop
      vertex 6.39124 7.79335 1.9
      vertex 6.39124 6.20665 1.9
      vertex 6.5 6.13397 1.9
    endloop
  endfacet
  facet normal -0 0 1
    outer loop
      vertex 6.29289 7.70711 1.9
      vertex 6.39124 6.20665 1.9
      vertex 6.39124 7.79335 1.9
    endloop
  endfacet
  facet normal 0 0 1
    outer loop
      vertex 6.29289 7.70711 1.9
      vertex 6.29289 6.29289 1.9
      vertex 6.39124 6.20665 1.9
    endloop
  endfacet
  facet normal -0 0 1
    outer loop
      vertex 6.20665 7.60876 1.9
      vertex 6.29289 6.29289 1.9
      vertex 6.29289 7.70711 1.9
    endloop
  endfacet
  facet normal 0 0 1
    outer loop
      vertex 6.20665 7.60876 1.9
      vertex 6.20665 6.39124 1.9
      vertex 6.29289 6.29289 1.9
    endloop
  endfacet
  facet normal -0 0 1
    outer loop
      vertex 6.13397 7.5 1.9
      vertex 6.20665 6.39124 1.9
      vertex 6.20665 7.60876 1.9
    endloop
  endfacet
  facet normal 0 0 1
    outer loop
      vertex 6.13397 7.5 1.9
      vertex 6.13397 6.5 1.9
      vertex 6.20665 6.39124 1.9
    endloop
  endfacet
  facet normal -0 0 1
    outer loop
      vertex 6.07612 7.38268 1.9
      vertex 6.13397 6.5 1.9
      vertex 6.13397 7.5 1.9
    endloop
  endfacet
  facet normal 0 0 1
    outer loop
      vertex 6.07612 7.38268 1.9
      vertex 6.07612 6.61732 1.9
      vertex 6.13397 6.5 1.9
    endloop
  endfacet
  facet normal -0 0 1
    outer loop
      vertex 6.03407 7.25882 1.9
      vertex 6.07612 6.61732 1.9
      vertex 6.07612 7.38268 1.9
    endloop
  endfacet
  facet normal 0 0 1
    outer loop
      vertex 6.03407 7.25882 1.9
      vertex 6.03407 6.74118 1.9
      vertex 6.07612 6.61732 1.9
    endloop
  endfacet
  facet normal -0 0 1
    outer loop
      vertex 6.00855 7.13053 1.9
      vertex 6.03407 6.74118 1.9
      vertex 6.03407 7.25882 1.9
    endloop
  endfacet
  facet normal 0 0 1
    outer loop
      vertex 6.00855 7.13053 1.9
      vertex 6.00855 6.86947 1.9
      vertex 6.03407 6.74118 1.9
    endloop
  endfacet
  facet normal 0 -0 1
    outer loop
      vertex 6.00855 6.86947 1.9
      vertex 6.00855 7.13053 1.9
      vertex 6 7 1.9
    endloop
  endfacet
  facet normal 0.321475 0.946918 -0
    outer loop
      vertex 6.74118 6.03407 1.9
      vertex 6.61732 6.07612 5.5
      vertex 6.74118 6.03407 5.5
    endloop
  endfacet
  facet normal 0.321475 0.946918 0
    outer loop
      vertex 6.61732 6.07612 5.5
      vertex 6.74118 6.03407 1.9
      vertex 6.61732 6.07612 1.9
    endloop
  endfacet
  facet normal 0.442253 0.89689 -0
    outer loop
      vertex 6.61732 6.07612 1.9
      vertex 6.5 6.13397 5.5
      vertex 6.61732 6.07612 5.5
    endloop
  endfacet
  facet normal 0.442253 0.89689 0
    outer loop
      vertex 6.5 6.13397 5.5
      vertex 6.61732 6.07612 1.9
      vertex 6.5 6.13397 1.9
    endloop
  endfacet
  facet normal 0.0653771 0.997861 -0
    outer loop
      vertex 65 6 1.9
      vertex 64.8695 6.00855 5.5
      vertex 65 6 5.5
    endloop
  endfacet
  facet normal 0.0653771 0.997861 0
    outer loop
      vertex 64.8695 6.00855 5.5
      vertex 65 6 1.9
      vertex 64.8695 6.00855 1.9
    endloop
  endfacet
  facet normal 0.555423 -0.831568 0
    outer loop
      vertex 64.3912 7.79335 1.9
      vertex 64.5 7.86602 5.5
      vertex 64.3912 7.79335 5.5
    endloop
  endfacet
  facet normal 0.555423 -0.831568 0
    outer loop
      vertex 64.5 7.86602 5.5
      vertex 64.3912 7.79335 1.9
      vertex 64.5 7.86602 1.9
    endloop
  endfacet
  facet normal -0.947034 0.321132 0
    outer loop
      vertex 65.9239 6.61732 1.9
      vertex 65.9659 6.74118 5.5
      vertex 65.9659 6.74118 1.9
    endloop
  endfacet
  facet normal -0.947034 0.321132 0
    outer loop
      vertex 65.9659 6.74118 5.5
      vertex 65.9239 6.61732 1.9
      vertex 65.9239 6.61732 5.5
    endloop
  endfacet
  facet normal -0.980812 -0.194955 0
    outer loop
      vertex 65.9914 7.13053 1.9
      vertex 65.9659 7.25882 5.5
      vertex 65.9659 7.25882 1.9
    endloop
  endfacet
  facet normal -0.980812 -0.194955 0
    outer loop
      vertex 65.9659 7.25882 5.5
      vertex 65.9914 7.13053 1.9
      vertex 65.9914 7.13053 5.5
    endloop
  endfacet
  facet normal 0.751653 0.659559 0
    outer loop
      vertex 64.2929 6.29289 5.5
      vertex 64.2066 6.39124 1.9
      vertex 64.2066 6.39124 5.5
    endloop
  endfacet
  facet normal 0.751653 0.659559 0
    outer loop
      vertex 64.2066 6.39124 1.9
      vertex 64.2929 6.29289 5.5
      vertex 64.2929 6.29289 1.9
    endloop
  endfacet
  facet normal 0.751653 -0.659559 0
    outer loop
      vertex 64.2066 7.60876 5.5
      vertex 64.2929 7.70711 1.9
      vertex 64.2929 7.70711 5.5
    endloop
  endfacet
  facet normal 0.751653 -0.659559 0
    outer loop
      vertex 64.2929 7.70711 1.9
      vertex 64.2066 7.60876 5.5
      vertex 64.2066 7.60876 1.9
    endloop
  endfacet
  facet normal 0.195087 0.980786 -0
    outer loop
      vertex 64.8695 6.00855 1.9
      vertex 64.7412 6.03407 5.5
      vertex 64.8695 6.00855 5.5
    endloop
  endfacet
  facet normal 0.195087 0.980786 0
    outer loop
      vertex 64.7412 6.03407 5.5
      vertex 64.8695 6.00855 1.9
      vertex 64.7412 6.03407 1.9
    endloop
  endfacet
  facet normal 0.195013 -0.980801 0
    outer loop
      vertex 64.7412 7.96593 1.9
      vertex 64.8695 7.99144 5.5
      vertex 64.7412 7.96593 5.5
    endloop
  endfacet
  facet normal 0.195013 -0.980801 0
    outer loop
      vertex 64.8695 7.99144 5.5
      vertex 64.7412 7.96593 1.9
      vertex 64.8695 7.99144 1.9
    endloop
  endfacet
  facet normal -0.195087 0.980786 0
    outer loop
      vertex 65.2588 6.03407 1.9
      vertex 65.1305 6.00855 5.5
      vertex 65.2588 6.03407 5.5
    endloop
  endfacet
  facet normal -0.195087 0.980786 0
    outer loop
      vertex 65.1305 6.00855 5.5
      vertex 65.2588 6.03407 1.9
      vertex 65.1305 6.00855 1.9
    endloop
  endfacet
  facet normal -0.321382 -0.94695 0
    outer loop
      vertex 65.2588 7.96593 1.9
      vertex 65.3827 7.92388 5.5
      vertex 65.2588 7.96593 5.5
    endloop
  endfacet
  facet normal -0.321382 -0.94695 -0
    outer loop
      vertex 65.3827 7.92388 5.5
      vertex 65.2588 7.96593 1.9
      vertex 65.3827 7.92388 1.9
    endloop
  endfacet
  facet normal 0.896739 0.44256 0
    outer loop
      vertex 64.134 6.5 5.5
      vertex 64.0761 6.61732 1.9
      vertex 64.0761 6.61732 5.5
    endloop
  endfacet
  facet normal 0.896739 0.44256 0
    outer loop
      vertex 64.0761 6.61732 1.9
      vertex 64.134 6.5 5.5
      vertex 64.134 6.5 1.9
    endloop
  endfacet
  facet normal 0.997837 -0.0657427 0
    outer loop
      vertex 64 7 5.5
      vertex 64.0086 7.13053 1.9
      vertex 64.0086 7.13053 5.5
    endloop
  endfacet
  facet normal 0.997837 -0.0657427 0
    outer loop
      vertex 64.0086 7.13053 1.9
      vertex 64 7 5.5
      vertex 64 7 1.9
    endloop
  endfacet
  facet normal -0.659489 0.751714 0
    outer loop
      vertex 65.7071 6.29289 1.9
      vertex 65.6088 6.20665 5.5
      vertex 65.7071 6.29289 5.5
    endloop
  endfacet
  facet normal -0.659489 0.751714 0
    outer loop
      vertex 65.6088 6.20665 5.5
      vertex 65.7071 6.29289 1.9
      vertex 65.6088 6.20665 1.9
    endloop
  endfacet
  facet normal -0.997837 -0.0657427 0
    outer loop
      vertex 66 7 1.9
      vertex 65.9914 7.13053 5.5
      vertex 65.9914 7.13053 1.9
    endloop
  endfacet
  facet normal -0.997837 -0.0657427 0
    outer loop
      vertex 65.9914 7.13053 5.5
      vertex 66 7 1.9
      vertex 66 7 5.5
    endloop
  endfacet
  facet normal -0.659489 -0.751714 0
    outer loop
      vertex 65.6088 7.79335 1.9
      vertex 65.7071 7.70711 5.5
      vertex 65.6088 7.79335 5.5
    endloop
  endfacet
  facet normal -0.659489 -0.751714 -0
    outer loop
      vertex 65.7071 7.70711 5.5
      vertex 65.6088 7.79335 1.9
      vertex 65.7071 7.70711 1.9
    endloop
  endfacet
  facet normal -0.321382 0.94695 0
    outer loop
      vertex 65.3827 6.07612 1.9
      vertex 65.2588 6.03407 5.5
      vertex 65.3827 6.07612 5.5
    endloop
  endfacet
  facet normal -0.321382 0.94695 0
    outer loop
      vertex 65.2588 6.03407 5.5
      vertex 65.3827 6.07612 1.9
      vertex 65.2588 6.03407 1.9
    endloop
  endfacet
  facet normal -0.997837 0.0657427 0
    outer loop
      vertex 65.9914 6.86947 1.9
      vertex 66 7 5.5
      vertex 66 7 1.9
    endloop
  endfacet
  facet normal -0.997837 0.0657427 0
    outer loop
      vertex 66 7 5.5
      vertex 65.9914 6.86947 1.9
      vertex 65.9914 6.86947 5.5
    endloop
  endfacet
  facet normal -0.555476 0.831533 0
    outer loop
      vertex 65.6088 6.20665 1.9
      vertex 65.5 6.13397 5.5
      vertex 65.6088 6.20665 5.5
    endloop
  endfacet
  facet normal -0.555476 0.831533 0
    outer loop
      vertex 65.5 6.13397 5.5
      vertex 65.6088 6.20665 1.9
      vertex 65.5 6.13397 1.9
    endloop
  endfacet
  facet normal -0.0654532 -0.997856 0
    outer loop
      vertex 65 8 1.9
      vertex 65.1305 7.99144 5.5
      vertex 65 8 5.5
    endloop
  endfacet
  facet normal -0.0654532 -0.997856 -0
    outer loop
      vertex 65.1305 7.99144 5.5
      vertex 65 8 1.9
      vertex 65.1305 7.99144 1.9
    endloop
  endfacet
  facet normal 0.980812 -0.194955 0
    outer loop
      vertex 64.0086 7.13053 5.5
      vertex 64.0341 7.25882 1.9
      vertex 64.0341 7.25882 5.5
    endloop
  endfacet
  facet normal 0.980812 -0.194955 0
    outer loop
      vertex 64.0341 7.25882 1.9
      vertex 64.0086 7.13053 5.5
      vertex 64.0086 7.13053 1.9
    endloop
  endfacet
  facet normal 0.442375 -0.89683 0
    outer loop
      vertex 64.5 7.86602 1.9
      vertex 64.6173 7.92388 5.5
      vertex 64.5 7.86602 5.5
    endloop
  endfacet
  facet normal 0.442375 -0.89683 0
    outer loop
      vertex 64.6173 7.92388 5.5
      vertex 64.5 7.86602 1.9
      vertex 64.6173 7.92388 1.9
    endloop
  endfacet
  facet normal -0.947034 -0.321132 0
    outer loop
      vertex 65.9659 7.25882 1.9
      vertex 65.9239 7.38268 5.5
      vertex 65.9239 7.38268 1.9
    endloop
  endfacet
  facet normal -0.947034 -0.321132 0
    outer loop
      vertex 65.9239 7.38268 5.5
      vertex 65.9659 7.25882 1.9
      vertex 65.9659 7.25882 5.5
    endloop
  endfacet
  facet normal 0.831721 -0.555194 0
    outer loop
      vertex 64.134 7.5 5.5
      vertex 64.2066 7.60876 1.9
      vertex 64.2066 7.60876 5.5
    endloop
  endfacet
  facet normal 0.831721 -0.555194 0
    outer loop
      vertex 64.2066 7.60876 1.9
      vertex 64.134 7.5 5.5
      vertex 64.134 7.5 1.9
    endloop
  endfacet
  facet normal 0.980812 0.194955 0
    outer loop
      vertex 64.0341 6.74118 5.5
      vertex 64.0086 6.86947 1.9
      vertex 64.0086 6.86947 5.5
    endloop
  endfacet
  facet normal 0.980812 0.194955 0
    outer loop
      vertex 64.0086 6.86947 1.9
      vertex 64.0341 6.74118 5.5
      vertex 64.0341 6.74118 1.9
    endloop
  endfacet
  facet normal 0.659489 0.751714 -0
    outer loop
      vertex 64.3912 6.20665 1.9
      vertex 64.2929 6.29289 5.5
      vertex 64.3912 6.20665 5.5
    endloop
  endfacet
  facet normal 0.659489 0.751714 0
    outer loop
      vertex 64.2929 6.29289 5.5
      vertex 64.3912 6.20665 1.9
      vertex 64.2929 6.29289 1.9
    endloop
  endfacet
  facet normal 0.947034 -0.321132 0
    outer loop
      vertex 64.0341 7.25882 5.5
      vertex 64.0761 7.38268 1.9
      vertex 64.0761 7.38268 5.5
    endloop
  endfacet
  facet normal 0.947034 -0.321132 0
    outer loop
      vertex 64.0761 7.38268 1.9
      vertex 64.0341 7.25882 5.5
      vertex 64.0341 7.25882 1.9
    endloop
  endfacet
  facet normal 0.997837 0.0657427 0
    outer loop
      vertex 64.0086 6.86947 5.5
      vertex 64 7 1.9
      vertex 64 7 5.5
    endloop
  endfacet
  facet normal 0.997837 0.0657427 0
    outer loop
      vertex 64 7 1.9
      vertex 64.0086 6.86947 5.5
      vertex 64.0086 6.86947 1.9
    endloop
  endfacet
  facet normal -0.980812 0.194955 0
    outer loop
      vertex 65.9659 6.74118 1.9
      vertex 65.9914 6.86947 5.5
      vertex 65.9914 6.86947 1.9
    endloop
  endfacet
  facet normal -0.980812 0.194955 0
    outer loop
      vertex 65.9914 6.86947 5.5
      vertex 65.9659 6.74118 1.9
      vertex 65.9659 6.74118 5.5
    endloop
  endfacet
  facet normal -0.442375 -0.89683 0
    outer loop
      vertex 65.3827 7.92388 1.9
      vertex 65.5 7.86602 5.5
      vertex 65.3827 7.92388 5.5
    endloop
  endfacet
  facet normal -0.442375 -0.89683 -0
    outer loop
      vertex 65.5 7.86602 5.5
      vertex 65.3827 7.92388 1.9
      vertex 65.5 7.86602 1.9
    endloop
  endfacet
  facet normal 0.896739 -0.44256 0
    outer loop
      vertex 64.0761 7.38268 5.5
      vertex 64.134 7.5 1.9
      vertex 64.134 7.5 5.5
    endloop
  endfacet
  facet normal 0.896739 -0.44256 0
    outer loop
      vertex 64.134 7.5 1.9
      vertex 64.0761 7.38268 5.5
      vertex 64.0761 7.38268 1.9
    endloop
  endfacet
  facet normal -0.555423 -0.831568 0
    outer loop
      vertex 65.5 7.86602 1.9
      vertex 65.6088 7.79335 5.5
      vertex 65.5 7.86602 5.5
    endloop
  endfacet
  facet normal -0.555423 -0.831568 -0
    outer loop
      vertex 65.6088 7.79335 5.5
      vertex 65.5 7.86602 1.9
      vertex 65.6088 7.79335 1.9
    endloop
  endfacet
  facet normal 0.321382 -0.94695 0
    outer loop
      vertex 64.6173 7.92388 1.9
      vertex 64.7412 7.96593 5.5
      vertex 64.6173 7.92388 5.5
    endloop
  endfacet
  facet normal 0.321382 -0.94695 0
    outer loop
      vertex 64.7412 7.96593 5.5
      vertex 64.6173 7.92388 1.9
      vertex 64.7412 7.96593 1.9
    endloop
  endfacet
  facet normal 0.659489 -0.751714 0
    outer loop
      vertex 64.2929 7.70711 1.9
      vertex 64.3912 7.79335 5.5
      vertex 64.2929 7.70711 5.5
    endloop
  endfacet
  facet normal 0.659489 -0.751714 0
    outer loop
      vertex 64.3912 7.79335 5.5
      vertex 64.2929 7.70711 1.9
      vertex 64.3912 7.79335 1.9
    endloop
  endfacet
  facet normal -0.831721 0.555194 0
    outer loop
      vertex 65.7934 6.39124 1.9
      vertex 65.866 6.5 5.5
      vertex 65.866 6.5 1.9
    endloop
  endfacet
  facet normal -0.831721 0.555194 0
    outer loop
      vertex 65.866 6.5 5.5
      vertex 65.7934 6.39124 1.9
      vertex 65.7934 6.39124 5.5
    endloop
  endfacet
  facet normal -0.0653771 0.997861 0
    outer loop
      vertex 65.1305 6.00855 1.9
      vertex 65 6 5.5
      vertex 65.1305 6.00855 5.5
    endloop
  endfacet
  facet normal -0.0653771 0.997861 0
    outer loop
      vertex 65 6 5.5
      vertex 65.1305 6.00855 1.9
      vertex 65 6 1.9
    endloop
  endfacet
  facet normal 0.0654532 -0.997856 0
    outer loop
      vertex 64.8695 7.99144 1.9
      vertex 65 8 5.5
      vertex 64.8695 7.99144 5.5
    endloop
  endfacet
  facet normal 0.0654532 -0.997856 0
    outer loop
      vertex 65 8 5.5
      vertex 64.8695 7.99144 1.9
      vertex 65 8 1.9
    endloop
  endfacet
  facet normal 0 0 1
    outer loop
      vertex 65.9914 7.13053 1.9
      vertex 65.9914 6.86947 1.9
      vertex 66 7 1.9
    endloop
  endfacet
  facet normal 0 0 1
    outer loop
      vertex 65.9659 7.25882 1.9
      vertex 65.9914 6.86947 1.9
      vertex 65.9914 7.13053 1.9
    endloop
  endfacet
  facet normal 0 0 1
    outer loop
      vertex 65.9659 7.25882 1.9
      vertex 65.9659 6.74118 1.9
      vertex 65.9914 6.86947 1.9
    endloop
  endfacet
  facet normal 0 0 1
    outer loop
      vertex 65.9239 7.38268 1.9
      vertex 65.9659 6.74118 1.9
      vertex 65.9659 7.25882 1.9
    endloop
  endfacet
  facet normal 0 0 1
    outer loop
      vertex 65.9239 7.38268 1.9
      vertex 65.9239 6.61732 1.9
      vertex 65.9659 6.74118 1.9
    endloop
  endfacet
  facet normal 0 0 1
    outer loop
      vertex 65.866 7.5 1.9
      vertex 65.9239 6.61732 1.9
      vertex 65.9239 7.38268 1.9
    endloop
  endfacet
  facet normal 0 0 1
    outer loop
      vertex 65.866 7.5 1.9
      vertex 65.866 6.5 1.9
      vertex 65.9239 6.61732 1.9
    endloop
  endfacet
  facet normal 0 0 1
    outer loop
      vertex 65.7934 7.60876 1.9
      vertex 65.866 6.5 1.9
      vertex 65.866 7.5 1.9
    endloop
  endfacet
  facet normal 0 0 1
    outer loop
      vertex 65.7934 7.60876 1.9
      vertex 65.7934 6.39124 1.9
      vertex 65.866 6.5 1.9
    endloop
  endfacet
  facet normal 0 0 1
    outer loop
      vertex 65.7071 7.70711 1.9
      vertex 65.7934 6.39124 1.9
      vertex 65.7934 7.60876 1.9
    endloop
  endfacet
  facet normal 0 0 1
    outer loop
      vertex 65.7071 7.70711 1.9
      vertex 65.7071 6.29289 1.9
      vertex 65.7934 6.39124 1.9
    endloop
  endfacet
  facet normal 0 0 1
    outer loop
      vertex 65.6088 7.79335 1.9
      vertex 65.7071 6.29289 1.9
      vertex 65.7071 7.70711 1.9
    endloop
  endfacet
  facet normal 0 0 1
    outer loop
      vertex 65.6088 7.79335 1.9
      vertex 65.6088 6.20665 1.9
      vertex 65.7071 6.29289 1.9
    endloop
  endfacet
  facet normal 0 0 1
    outer loop
      vertex 65.5 7.86602 1.9
      vertex 65.6088 6.20665 1.9
      vertex 65.6088 7.79335 1.9
    endloop
  endfacet
  facet normal 0 0 1
    outer loop
      vertex 65.5 7.86602 1.9
      vertex 65.5 6.13397 1.9
      vertex 65.6088 6.20665 1.9
    endloop
  endfacet
  facet normal 0 0 1
    outer loop
      vertex 65.3827 7.92388 1.9
      vertex 65.5 6.13397 1.9
      vertex 65.5 7.86602 1.9
    endloop
  endfacet
  facet normal 0 0 1
    outer loop
      vertex 65.3827 7.92388 1.9
      vertex 65.3827 6.07612 1.9
      vertex 65.5 6.13397 1.9
    endloop
  endfacet
  facet normal 0 0 1
    outer loop
      vertex 65.2588 7.96593 1.9
      vertex 65.3827 6.07612 1.9
      vertex 65.3827 7.92388 1.9
    endloop
  endfacet
  facet normal 0 0 1
    outer loop
      vertex 65.2588 7.96593 1.9
      vertex 65.2588 6.03407 1.9
      vertex 65.3827 6.07612 1.9
    endloop
  endfacet
  facet normal 0 0 1
    outer loop
      vertex 65.1305 7.99144 1.9
      vertex 65.2588 6.03407 1.9
      vertex 65.2588 7.96593 1.9
    endloop
  endfacet
  facet normal 0 0 1
    outer loop
      vertex 65.1305 7.99144 1.9
      vertex 65.1305 6.00855 1.9
      vertex 65.2588 6.03407 1.9
    endloop
  endfacet
  facet normal 0 0 1
    outer loop
      vertex 65 8 1.9
      vertex 65.1305 6.00855 1.9
      vertex 65.1305 7.99144 1.9
    endloop
  endfacet
  facet normal 0 0 1
    outer loop
      vertex 65 8 1.9
      vertex 65 6 1.9
      vertex 65.1305 6.00855 1.9
    endloop
  endfacet
  facet normal -0 0 1
    outer loop
      vertex 64.8695 7.99144 1.9
      vertex 65 6 1.9
      vertex 65 8 1.9
    endloop
  endfacet
  facet normal 0 0 1
    outer loop
      vertex 64.8695 7.99144 1.9
      vertex 64.8695 6.00855 1.9
      vertex 65 6 1.9
    endloop
  endfacet
  facet normal -0 0 1
    outer loop
      vertex 64.7412 7.96593 1.9
      vertex 64.8695 6.00855 1.9
      vertex 64.8695 7.99144 1.9
    endloop
  endfacet
  facet normal 0 0 1
    outer loop
      vertex 64.7412 7.96593 1.9
      vertex 64.7412 6.03407 1.9
      vertex 64.8695 6.00855 1.9
    endloop
  endfacet
  facet normal -0 0 1
    outer loop
      vertex 64.6173 7.92388 1.9
      vertex 64.7412 6.03407 1.9
      vertex 64.7412 7.96593 1.9
    endloop
  endfacet
  facet normal 0 0 1
    outer loop
      vertex 64.6173 7.92388 1.9
      vertex 64.6173 6.07612 1.9
      vertex 64.7412 6.03407 1.9
    endloop
  endfacet
  facet normal -0 0 1
    outer loop
      vertex 64.5 7.86602 1.9
      vertex 64.6173 6.07612 1.9
      vertex 64.6173 7.92388 1.9
    endloop
  endfacet
  facet normal 0 0 1
    outer loop
      vertex 64.5 7.86602 1.9
      vertex 64.5 6.13397 1.9
      vertex 64.6173 6.07612 1.9
    endloop
  endfacet
  facet normal -0 0 1
    outer loop
      vertex 64.3912 7.79335 1.9
      vertex 64.5 6.13397 1.9
      vertex 64.5 7.86602 1.9
    endloop
  endfacet
  facet normal 0 0 1
    outer loop
      vertex 64.3912 7.79335 1.9
      vertex 64.3912 6.20665 1.9
      vertex 64.5 6.13397 1.9
    endloop
  endfacet
  facet normal -0 0 1
    outer loop
      vertex 64.2929 7.70711 1.9
      vertex 64.3912 6.20665 1.9
      vertex 64.3912 7.79335 1.9
    endloop
  endfacet
  facet normal 0 0 1
    outer loop
      vertex 64.2929 7.70711 1.9
      vertex 64.2929 6.29289 1.9
      vertex 64.3912 6.20665 1.9
    endloop
  endfacet
  facet normal -0 0 1
    outer loop
      vertex 64.2066 7.60876 1.9
      vertex 64.2929 6.29289 1.9
      vertex 64.2929 7.70711 1.9
    endloop
  endfacet
  facet normal 0 0 1
    outer loop
      vertex 64.2066 7.60876 1.9
      vertex 64.2066 6.39124 1.9
      vertex 64.2929 6.29289 1.9
    endloop
  endfacet
  facet normal -0 0 1
    outer loop
      vertex 64.134 7.5 1.9
      vertex 64.2066 6.39124 1.9
      vertex 64.2066 7.60876 1.9
    endloop
  endfacet
  facet normal 0 0 1
    outer loop
      vertex 64.134 7.5 1.9
      vertex 64.134 6.5 1.9
      vertex 64.2066 6.39124 1.9
    endloop
  endfacet
  facet normal -0 0 1
    outer loop
      vertex 64.0761 7.38268 1.9
      vertex 64.134 6.5 1.9
      vertex 64.134 7.5 1.9
    endloop
  endfacet
  facet normal 0 0 1
    outer loop
      vertex 64.0761 7.38268 1.9
      vertex 64.0761 6.61732 1.9
      vertex 64.134 6.5 1.9
    endloop
  endfacet
  facet normal -0 0 1
    outer loop
      vertex 64.0341 7.25882 1.9
      vertex 64.0761 6.61732 1.9
      vertex 64.0761 7.38268 1.9
    endloop
  endfacet
  facet normal 0 0 1
    outer loop
      vertex 64.0341 7.25882 1.9
      vertex 64.0341 6.74118 1.9
      vertex 64.0761 6.61732 1.9
    endloop
  endfacet
  facet normal -0 0 1
    outer loop
      vertex 64.0086 7.13053 1.9
      vertex 64.0341 6.74118 1.9
      vertex 64.0341 7.25882 1.9
    endloop
  endfacet
  facet normal 0 0 1
    outer loop
      vertex 64.0086 7.13053 1.9
      vertex 64.0086 6.86947 1.9
      vertex 64.0341 6.74118 1.9
    endloop
  endfacet
  facet normal 0 -0 1
    outer loop
      vertex 64.0086 6.86947 1.9
      vertex 64.0086 7.13053 1.9
      vertex 64 7 1.9
    endloop
  endfacet
  facet normal -0.195013 -0.980801 0
    outer loop
      vertex 65.1305 7.99144 1.9
      vertex 65.2588 7.96593 5.5
      vertex 65.1305 7.99144 5.5
    endloop
  endfacet
  facet normal -0.195013 -0.980801 -0
    outer loop
      vertex 65.2588 7.96593 5.5
      vertex 65.1305 7.99144 1.9
      vertex 65.2588 7.96593 1.9
    endloop
  endfacet
  facet normal -0.831721 -0.555194 0
    outer loop
      vertex 65.866 7.5 1.9
      vertex 65.7934 7.60876 5.5
      vertex 65.7934 7.60876 1.9
    endloop
  endfacet
  facet normal -0.831721 -0.555194 0
    outer loop
      vertex 65.7934 7.60876 5.5
      vertex 65.866 7.5 1.9
      vertex 65.866 7.5 5.5
    endloop
  endfacet
  facet normal -0.751653 0.659559 0
    outer loop
      vertex 65.7071 6.29289 1.9
      vertex 65.7934 6.39124 5.5
      vertex 65.7934 6.39124 1.9
    endloop
  endfacet
  facet normal -0.751653 0.659559 0
    outer loop
      vertex 65.7934 6.39124 5.5
      vertex 65.7071 6.29289 1.9
      vertex 65.7071 6.29289 5.5
    endloop
  endfacet
  facet normal -0.896739 -0.44256 0
    outer loop
      vertex 65.9239 7.38268 1.9
      vertex 65.866 7.5 5.5
      vertex 65.866 7.5 1.9
    endloop
  endfacet
  facet normal -0.896739 -0.44256 0
    outer loop
      vertex 65.866 7.5 5.5
      vertex 65.9239 7.38268 1.9
      vertex 65.9239 7.38268 5.5
    endloop
  endfacet
  facet normal -0.751653 -0.659559 0
    outer loop
      vertex 65.7934 7.60876 1.9
      vertex 65.7071 7.70711 5.5
      vertex 65.7071 7.70711 1.9
    endloop
  endfacet
  facet normal -0.751653 -0.659559 0
    outer loop
      vertex 65.7071 7.70711 5.5
      vertex 65.7934 7.60876 1.9
      vertex 65.7934 7.60876 5.5
    endloop
  endfacet
  facet normal 0.947034 0.321132 0
    outer loop
      vertex 64.0761 6.61732 5.5
      vertex 64.0341 6.74118 1.9
      vertex 64.0341 6.74118 5.5
    endloop
  endfacet
  facet normal 0.947034 0.321132 0
    outer loop
      vertex 64.0341 6.74118 1.9
      vertex 64.0761 6.61732 5.5
      vertex 64.0761 6.61732 1.9
    endloop
  endfacet
  facet normal 0.831721 0.555194 0
    outer loop
      vertex 64.2066 6.39124 5.5
      vertex 64.134 6.5 1.9
      vertex 64.134 6.5 5.5
    endloop
  endfacet
  facet normal 0.831721 0.555194 0
    outer loop
      vertex 64.134 6.5 1.9
      vertex 64.2066 6.39124 5.5
      vertex 64.2066 6.39124 1.9
    endloop
  endfacet
  facet normal -0.896739 0.44256 0
    outer loop
      vertex 65.866 6.5 1.9
      vertex 65.9239 6.61732 5.5
      vertex 65.9239 6.61732 1.9
    endloop
  endfacet
  facet normal -0.896739 0.44256 0
    outer loop
      vertex 65.9239 6.61732 5.5
      vertex 65.866 6.5 1.9
      vertex 65.866 6.5 5.5
    endloop
  endfacet
  facet normal -0.442314 0.89686 0
    outer loop
      vertex 65.5 6.13397 1.9
      vertex 65.3827 6.07612 5.5
      vertex 65.5 6.13397 5.5
    endloop
  endfacet
  facet normal -0.442314 0.89686 0
    outer loop
      vertex 65.3827 6.07612 5.5
      vertex 65.5 6.13397 1.9
      vertex 65.3827 6.07612 1.9
    endloop
  endfacet
  facet normal 0.555476 0.831533 -0
    outer loop
      vertex 64.5 6.13397 1.9
      vertex 64.3912 6.20665 5.5
      vertex 64.5 6.13397 5.5
    endloop
  endfacet
  facet normal 0.555476 0.831533 0
    outer loop
      vertex 64.3912 6.20665 5.5
      vertex 64.5 6.13397 1.9
      vertex 64.3912 6.20665 1.9
    endloop
  endfacet
  facet normal 0.442314 0.89686 -0
    outer loop
      vertex 64.6173 6.07612 1.9
      vertex 64.5 6.13397 5.5
      vertex 64.6173 6.07612 5.5
    endloop
  endfacet
  facet normal 0.442314 0.89686 0
    outer loop
      vertex 64.5 6.13397 5.5
      vertex 64.6173 6.07612 1.9
      vertex 64.5 6.13397 1.9
    endloop
  endfacet
  facet normal 0.321382 0.94695 -0
    outer loop
      vertex 64.7412 6.03407 1.9
      vertex 64.6173 6.07612 5.5
      vertex 64.7412 6.03407 5.5
    endloop
  endfacet
  facet normal 0.321382 0.94695 0
    outer loop
      vertex 64.6173 6.07612 5.5
      vertex 64.7412 6.03407 1.9
      vertex 64.6173 6.07612 1.9
    endloop
  endfacet
  facet normal 0.0657427 0.997837 -0
    outer loop
      vertex 7 29 1.9
      vertex 6.86947 29.0086 5.5
      vertex 7 29 5.5
    endloop
  endfacet
  facet normal 0.0657427 0.997837 0
    outer loop
      vertex 6.86947 29.0086 5.5
      vertex 7 29 1.9
      vertex 6.86947 29.0086 1.9
    endloop
  endfacet
  facet normal 0.555194 -0.831721 0
    outer loop
      vertex 6.39124 30.7934 1.9
      vertex 6.5 30.866 5.5
      vertex 6.39124 30.7934 5.5
    endloop
  endfacet
  facet normal 0.555194 -0.831721 0
    outer loop
      vertex 6.5 30.866 5.5
      vertex 6.39124 30.7934 1.9
      vertex 6.5 30.866 1.9
    endloop
  endfacet
  facet normal -0.94695 0.321382 0
    outer loop
      vertex 7.92388 29.6173 1.9
      vertex 7.96593 29.7412 5.5
      vertex 7.96593 29.7412 1.9
    endloop
  endfacet
  facet normal -0.94695 0.321382 0
    outer loop
      vertex 7.96593 29.7412 5.5
      vertex 7.92388 29.6173 1.9
      vertex 7.92388 29.6173 5.5
    endloop
  endfacet
  facet normal -0.980801 -0.195013 0
    outer loop
      vertex 7.99144 30.1305 1.9
      vertex 7.96593 30.2588 5.5
      vertex 7.96593 30.2588 1.9
    endloop
  endfacet
  facet normal -0.980801 -0.195013 0
    outer loop
      vertex 7.96593 30.2588 5.5
      vertex 7.99144 30.1305 1.9
      vertex 7.99144 30.1305 5.5
    endloop
  endfacet
  facet normal 0.751714 0.659489 0
    outer loop
      vertex 6.29289 29.2929 5.5
      vertex 6.20665 29.3912 1.9
      vertex 6.20665 29.3912 5.5
    endloop
  endfacet
  facet normal 0.751714 0.659489 0
    outer loop
      vertex 6.20665 29.3912 1.9
      vertex 6.29289 29.2929 5.5
      vertex 6.29289 29.2929 1.9
    endloop
  endfacet
  facet normal 0.831533 0.555476 0
    outer loop
      vertex 6.20665 29.3912 5.5
      vertex 6.13397 29.5 1.9
      vertex 6.13397 29.5 5.5
    endloop
  endfacet
  facet normal 0.831533 0.555476 0
    outer loop
      vertex 6.13397 29.5 1.9
      vertex 6.20665 29.3912 5.5
      vertex 6.20665 29.3912 1.9
    endloop
  endfacet
  facet normal 0.751714 -0.659489 0
    outer loop
      vertex 6.20665 30.6088 5.5
      vertex 6.29289 30.7071 1.9
      vertex 6.29289 30.7071 5.5
    endloop
  endfacet
  facet normal 0.751714 -0.659489 0
    outer loop
      vertex 6.29289 30.7071 1.9
      vertex 6.20665 30.6088 5.5
      vertex 6.20665 30.6088 1.9
    endloop
  endfacet
  facet normal 0.194955 0.980812 -0
    outer loop
      vertex 6.86947 29.0086 1.9
      vertex 6.74118 29.0341 5.5
      vertex 6.86947 29.0086 5.5
    endloop
  endfacet
  facet normal 0.194955 0.980812 0
    outer loop
      vertex 6.74118 29.0341 5.5
      vertex 6.86947 29.0086 1.9
      vertex 6.74118 29.0341 1.9
    endloop
  endfacet
  facet normal 0.194955 -0.980812 0
    outer loop
      vertex 6.74118 30.9659 1.9
      vertex 6.86947 30.9914 5.5
      vertex 6.74118 30.9659 5.5
    endloop
  endfacet
  facet normal 0.194955 -0.980812 0
    outer loop
      vertex 6.86947 30.9914 5.5
      vertex 6.74118 30.9659 1.9
      vertex 6.86947 30.9914 1.9
    endloop
  endfacet
  facet normal -0.194955 0.980812 0
    outer loop
      vertex 7.25882 29.0341 1.9
      vertex 7.13053 29.0086 5.5
      vertex 7.25882 29.0341 5.5
    endloop
  endfacet
  facet normal -0.194955 0.980812 0
    outer loop
      vertex 7.13053 29.0086 5.5
      vertex 7.25882 29.0341 1.9
      vertex 7.13053 29.0086 1.9
    endloop
  endfacet
  facet normal -0.321132 -0.947034 0
    outer loop
      vertex 7.25882 30.9659 1.9
      vertex 7.38268 30.9239 5.5
      vertex 7.25882 30.9659 5.5
    endloop
  endfacet
  facet normal -0.321132 -0.947034 -0
    outer loop
      vertex 7.38268 30.9239 5.5
      vertex 7.25882 30.9659 1.9
      vertex 7.38268 30.9239 1.9
    endloop
  endfacet
  facet normal 0.89686 0.442314 0
    outer loop
      vertex 6.13397 29.5 5.5
      vertex 6.07612 29.6173 1.9
      vertex 6.07612 29.6173 5.5
    endloop
  endfacet
  facet normal 0.89686 0.442314 0
    outer loop
      vertex 6.07612 29.6173 1.9
      vertex 6.13397 29.5 5.5
      vertex 6.13397 29.5 1.9
    endloop
  endfacet
  facet normal 0.997861 -0.0653771 0
    outer loop
      vertex 6 30 5.5
      vertex 6.00855 30.1305 1.9
      vertex 6.00855 30.1305 5.5
    endloop
  endfacet
  facet normal 0.997861 -0.0653771 0
    outer loop
      vertex 6.00855 30.1305 1.9
      vertex 6 30 5.5
      vertex 6 30 1.9
    endloop
  endfacet
  facet normal -0.659559 0.751653 0
    outer loop
      vertex 7.70711 29.2929 1.9
      vertex 7.60876 29.2066 5.5
      vertex 7.70711 29.2929 5.5
    endloop
  endfacet
  facet normal -0.659559 0.751653 0
    outer loop
      vertex 7.60876 29.2066 5.5
      vertex 7.70711 29.2929 1.9
      vertex 7.60876 29.2066 1.9
    endloop
  endfacet
  facet normal -0.997856 -0.0654532 0
    outer loop
      vertex 8 30 1.9
      vertex 7.99144 30.1305 5.5
      vertex 7.99144 30.1305 1.9
    endloop
  endfacet
  facet normal -0.997856 -0.0654532 0
    outer loop
      vertex 7.99144 30.1305 5.5
      vertex 8 30 1.9
      vertex 8 30 5.5
    endloop
  endfacet
  facet normal -0.659559 -0.751653 0
    outer loop
      vertex 7.60876 30.7934 1.9
      vertex 7.70711 30.7071 5.5
      vertex 7.60876 30.7934 5.5
    endloop
  endfacet
  facet normal -0.659559 -0.751653 -0
    outer loop
      vertex 7.70711 30.7071 5.5
      vertex 7.60876 30.7934 1.9
      vertex 7.70711 30.7071 1.9
    endloop
  endfacet
  facet normal -0.321132 0.947034 0
    outer loop
      vertex 7.38268 29.0761 1.9
      vertex 7.25882 29.0341 5.5
      vertex 7.38268 29.0761 5.5
    endloop
  endfacet
  facet normal -0.321132 0.947034 0
    outer loop
      vertex 7.25882 29.0341 5.5
      vertex 7.38268 29.0761 1.9
      vertex 7.25882 29.0341 1.9
    endloop
  endfacet
  facet normal -0.997856 0.0654532 0
    outer loop
      vertex 7.99144 29.8695 1.9
      vertex 8 30 5.5
      vertex 8 30 1.9
    endloop
  endfacet
  facet normal -0.997856 0.0654532 0
    outer loop
      vertex 8 30 5.5
      vertex 7.99144 29.8695 1.9
      vertex 7.99144 29.8695 5.5
    endloop
  endfacet
  facet normal -0.555194 0.831721 0
    outer loop
      vertex 7.60876 29.2066 1.9
      vertex 7.5 29.134 5.5
      vertex 7.60876 29.2066 5.5
    endloop
  endfacet
  facet normal -0.555194 0.831721 0
    outer loop
      vertex 7.5 29.134 5.5
      vertex 7.60876 29.2066 1.9
      vertex 7.5 29.134 1.9
    endloop
  endfacet
  facet normal -0.0657427 -0.997837 0
    outer loop
      vertex 7 31 1.9
      vertex 7.13053 30.9914 5.5
      vertex 7 31 5.5
    endloop
  endfacet
  facet normal -0.0657427 -0.997837 -0
    outer loop
      vertex 7.13053 30.9914 5.5
      vertex 7 31 1.9
      vertex 7.13053 30.9914 1.9
    endloop
  endfacet
  facet normal 0.980786 -0.195087 0
    outer loop
      vertex 6.00855 30.1305 5.5
      vertex 6.03407 30.2588 1.9
      vertex 6.03407 30.2588 5.5
    endloop
  endfacet
  facet normal 0.980786 -0.195087 0
    outer loop
      vertex 6.03407 30.2588 1.9
      vertex 6.00855 30.1305 5.5
      vertex 6.00855 30.1305 1.9
    endloop
  endfacet
  facet normal 0.44256 -0.896739 0
    outer loop
      vertex 6.5 30.866 1.9
      vertex 6.61732 30.9239 5.5
      vertex 6.5 30.866 5.5
    endloop
  endfacet
  facet normal 0.44256 -0.896739 0
    outer loop
      vertex 6.61732 30.9239 5.5
      vertex 6.5 30.866 1.9
      vertex 6.61732 30.9239 1.9
    endloop
  endfacet
  facet normal -0.94695 -0.321382 0
    outer loop
      vertex 7.96593 30.2588 1.9
      vertex 7.92388 30.3827 5.5
      vertex 7.92388 30.3827 1.9
    endloop
  endfacet
  facet normal -0.94695 -0.321382 0
    outer loop
      vertex 7.92388 30.3827 5.5
      vertex 7.96593 30.2588 1.9
      vertex 7.96593 30.2588 5.5
    endloop
  endfacet
  facet normal 0.831533 -0.555476 0
    outer loop
      vertex 6.13397 30.5 5.5
      vertex 6.20665 30.6088 1.9
      vertex 6.20665 30.6088 5.5
    endloop
  endfacet
  facet normal 0.831533 -0.555476 0
    outer loop
      vertex 6.20665 30.6088 1.9
      vertex 6.13397 30.5 5.5
      vertex 6.13397 30.5 1.9
    endloop
  endfacet
  facet normal 0.980786 0.195087 0
    outer loop
      vertex 6.03407 29.7412 5.5
      vertex 6.00855 29.8695 1.9
      vertex 6.00855 29.8695 5.5
    endloop
  endfacet
  facet normal 0.980786 0.195087 0
    outer loop
      vertex 6.00855 29.8695 1.9
      vertex 6.03407 29.7412 5.5
      vertex 6.03407 29.7412 1.9
    endloop
  endfacet
  facet normal 0.659559 0.751653 -0
    outer loop
      vertex 6.39124 29.2066 1.9
      vertex 6.29289 29.2929 5.5
      vertex 6.39124 29.2066 5.5
    endloop
  endfacet
  facet normal 0.659559 0.751653 0
    outer loop
      vertex 6.29289 29.2929 5.5
      vertex 6.39124 29.2066 1.9
      vertex 6.29289 29.2929 1.9
    endloop
  endfacet
  facet normal 0.94695 -0.321382 0
    outer loop
      vertex 6.03407 30.2588 5.5
      vertex 6.07612 30.3827 1.9
      vertex 6.07612 30.3827 5.5
    endloop
  endfacet
  facet normal 0.94695 -0.321382 0
    outer loop
      vertex 6.07612 30.3827 1.9
      vertex 6.03407 30.2588 5.5
      vertex 6.03407 30.2588 1.9
    endloop
  endfacet
  facet normal 0.997861 0.0653771 0
    outer loop
      vertex 6.00855 29.8695 5.5
      vertex 6 30 1.9
      vertex 6 30 5.5
    endloop
  endfacet
  facet normal 0.997861 0.0653771 0
    outer loop
      vertex 6 30 1.9
      vertex 6.00855 29.8695 5.5
      vertex 6.00855 29.8695 1.9
    endloop
  endfacet
  facet normal -0.980801 0.195013 0
    outer loop
      vertex 7.96593 29.7412 1.9
      vertex 7.99144 29.8695 5.5
      vertex 7.99144 29.8695 1.9
    endloop
  endfacet
  facet normal -0.980801 0.195013 0
    outer loop
      vertex 7.99144 29.8695 5.5
      vertex 7.96593 29.7412 1.9
      vertex 7.96593 29.7412 5.5
    endloop
  endfacet
  facet normal -0.44256 -0.896739 0
    outer loop
      vertex 7.38268 30.9239 1.9
      vertex 7.5 30.866 5.5
      vertex 7.38268 30.9239 5.5
    endloop
  endfacet
  facet normal -0.44256 -0.896739 -0
    outer loop
      vertex 7.5 30.866 5.5
      vertex 7.38268 30.9239 1.9
      vertex 7.5 30.866 1.9
    endloop
  endfacet
  facet normal 0.89686 -0.442314 0
    outer loop
      vertex 6.07612 30.3827 5.5
      vertex 6.13397 30.5 1.9
      vertex 6.13397 30.5 5.5
    endloop
  endfacet
  facet normal 0.89686 -0.442314 0
    outer loop
      vertex 6.13397 30.5 1.9
      vertex 6.07612 30.3827 5.5
      vertex 6.07612 30.3827 1.9
    endloop
  endfacet
  facet normal -0.555194 -0.831721 0
    outer loop
      vertex 7.5 30.866 1.9
      vertex 7.60876 30.7934 5.5
      vertex 7.5 30.866 5.5
    endloop
  endfacet
  facet normal -0.555194 -0.831721 -0
    outer loop
      vertex 7.60876 30.7934 5.5
      vertex 7.5 30.866 1.9
      vertex 7.60876 30.7934 1.9
    endloop
  endfacet
  facet normal 0.321132 -0.947034 0
    outer loop
      vertex 6.61732 30.9239 1.9
      vertex 6.74118 30.9659 5.5
      vertex 6.61732 30.9239 5.5
    endloop
  endfacet
  facet normal 0.321132 -0.947034 0
    outer loop
      vertex 6.74118 30.9659 5.5
      vertex 6.61732 30.9239 1.9
      vertex 6.74118 30.9659 1.9
    endloop
  endfacet
  facet normal 0.659559 -0.751653 0
    outer loop
      vertex 6.29289 30.7071 1.9
      vertex 6.39124 30.7934 5.5
      vertex 6.29289 30.7071 5.5
    endloop
  endfacet
  facet normal 0.659559 -0.751653 0
    outer loop
      vertex 6.39124 30.7934 5.5
      vertex 6.29289 30.7071 1.9
      vertex 6.39124 30.7934 1.9
    endloop
  endfacet
  facet normal -0.831568 0.555423 0
    outer loop
      vertex 7.79335 29.3912 1.9
      vertex 7.86602 29.5 5.5
      vertex 7.86602 29.5 1.9
    endloop
  endfacet
  facet normal -0.831568 0.555423 0
    outer loop
      vertex 7.86602 29.5 5.5
      vertex 7.79335 29.3912 1.9
      vertex 7.79335 29.3912 5.5
    endloop
  endfacet
  facet normal -0.0657427 0.997837 0
    outer loop
      vertex 7.13053 29.0086 1.9
      vertex 7 29 5.5
      vertex 7.13053 29.0086 5.5
    endloop
  endfacet
  facet normal -0.0657427 0.997837 0
    outer loop
      vertex 7 29 5.5
      vertex 7.13053 29.0086 1.9
      vertex 7 29 1.9
    endloop
  endfacet
  facet normal 0.0657427 -0.997837 0
    outer loop
      vertex 6.86947 30.9914 1.9
      vertex 7 31 5.5
      vertex 6.86947 30.9914 5.5
    endloop
  endfacet
  facet normal 0.0657427 -0.997837 0
    outer loop
      vertex 7 31 5.5
      vertex 6.86947 30.9914 1.9
      vertex 7 31 1.9
    endloop
  endfacet
  facet normal 0 0 1
    outer loop
      vertex 7.99144 30.1305 1.9
      vertex 7.99144 29.8695 1.9
      vertex 8 30 1.9
    endloop
  endfacet
  facet normal 0 0 1
    outer loop
      vertex 7.96593 30.2588 1.9
      vertex 7.99144 29.8695 1.9
      vertex 7.99144 30.1305 1.9
    endloop
  endfacet
  facet normal 0 0 1
    outer loop
      vertex 7.96593 30.2588 1.9
      vertex 7.96593 29.7412 1.9
      vertex 7.99144 29.8695 1.9
    endloop
  endfacet
  facet normal 0 0 1
    outer loop
      vertex 7.92388 30.3827 1.9
      vertex 7.96593 29.7412 1.9
      vertex 7.96593 30.2588 1.9
    endloop
  endfacet
  facet normal 0 0 1
    outer loop
      vertex 7.92388 30.3827 1.9
      vertex 7.92388 29.6173 1.9
      vertex 7.96593 29.7412 1.9
    endloop
  endfacet
  facet normal 0 0 1
    outer loop
      vertex 7.86602 30.5 1.9
      vertex 7.92388 29.6173 1.9
      vertex 7.92388 30.3827 1.9
    endloop
  endfacet
  facet normal 0 0 1
    outer loop
      vertex 7.86602 30.5 1.9
      vertex 7.86602 29.5 1.9
      vertex 7.92388 29.6173 1.9
    endloop
  endfacet
  facet normal 0 0 1
    outer loop
      vertex 7.79335 30.6088 1.9
      vertex 7.86602 29.5 1.9
      vertex 7.86602 30.5 1.9
    endloop
  endfacet
  facet normal 0 0 1
    outer loop
      vertex 7.79335 30.6088 1.9
      vertex 7.79335 29.3912 1.9
      vertex 7.86602 29.5 1.9
    endloop
  endfacet
  facet normal 0 0 1
    outer loop
      vertex 7.70711 30.7071 1.9
      vertex 7.79335 29.3912 1.9
      vertex 7.79335 30.6088 1.9
    endloop
  endfacet
  facet normal 0 0 1
    outer loop
      vertex 7.70711 30.7071 1.9
      vertex 7.70711 29.2929 1.9
      vertex 7.79335 29.3912 1.9
    endloop
  endfacet
  facet normal 0 0 1
    outer loop
      vertex 7.60876 30.7934 1.9
      vertex 7.70711 29.2929 1.9
      vertex 7.70711 30.7071 1.9
    endloop
  endfacet
  facet normal 0 0 1
    outer loop
      vertex 7.60876 30.7934 1.9
      vertex 7.60876 29.2066 1.9
      vertex 7.70711 29.2929 1.9
    endloop
  endfacet
  facet normal 0 0 1
    outer loop
      vertex 7.5 30.866 1.9
      vertex 7.60876 29.2066 1.9
      vertex 7.60876 30.7934 1.9
    endloop
  endfacet
  facet normal 0 0 1
    outer loop
      vertex 7.5 30.866 1.9
      vertex 7.5 29.134 1.9
      vertex 7.60876 29.2066 1.9
    endloop
  endfacet
  facet normal 0 0 1
    outer loop
      vertex 7.38268 30.9239 1.9
      vertex 7.5 29.134 1.9
      vertex 7.5 30.866 1.9
    endloop
  endfacet
  facet normal 0 0 1
    outer loop
      vertex 7.38268 30.9239 1.9
      vertex 7.38268 29.0761 1.9
      vertex 7.5 29.134 1.9
    endloop
  endfacet
  facet normal 0 0 1
    outer loop
      vertex 7.25882 30.9659 1.9
      vertex 7.38268 29.0761 1.9
      vertex 7.38268 30.9239 1.9
    endloop
  endfacet
  facet normal 0 0 1
    outer loop
      vertex 7.25882 30.9659 1.9
      vertex 7.25882 29.0341 1.9
      vertex 7.38268 29.0761 1.9
    endloop
  endfacet
  facet normal 0 0 1
    outer loop
      vertex 7.13053 30.9914 1.9
      vertex 7.25882 29.0341 1.9
      vertex 7.25882 30.9659 1.9
    endloop
  endfacet
  facet normal 0 0 1
    outer loop
      vertex 7.13053 30.9914 1.9
      vertex 7.13053 29.0086 1.9
      vertex 7.25882 29.0341 1.9
    endloop
  endfacet
  facet normal 0 0 1
    outer loop
      vertex 7 31 1.9
      vertex 7.13053 29.0086 1.9
      vertex 7.13053 30.9914 1.9
    endloop
  endfacet
  facet normal 0 0 1
    outer loop
      vertex 7 31 1.9
      vertex 7 29 1.9
      vertex 7.13053 29.0086 1.9
    endloop
  endfacet
  facet normal -0 0 1
    outer loop
      vertex 6.86947 30.9914 1.9
      vertex 7 29 1.9
      vertex 7 31 1.9
    endloop
  endfacet
  facet normal 0 0 1
    outer loop
      vertex 6.86947 30.9914 1.9
      vertex 6.86947 29.0086 1.9
      vertex 7 29 1.9
    endloop
  endfacet
  facet normal -0 0 1
    outer loop
      vertex 6.74118 30.9659 1.9
      vertex 6.86947 29.0086 1.9
      vertex 6.86947 30.9914 1.9
    endloop
  endfacet
  facet normal 0 0 1
    outer loop
      vertex 6.74118 30.9659 1.9
      vertex 6.74118 29.0341 1.9
      vertex 6.86947 29.0086 1.9
    endloop
  endfacet
  facet normal -0 0 1
    outer loop
      vertex 6.61732 30.9239 1.9
      vertex 6.74118 29.0341 1.9
      vertex 6.74118 30.9659 1.9
    endloop
  endfacet
  facet normal 0 0 1
    outer loop
      vertex 6.61732 30.9239 1.9
      vertex 6.61732 29.0761 1.9
      vertex 6.74118 29.0341 1.9
    endloop
  endfacet
  facet normal -0 0 1
    outer loop
      vertex 6.5 30.866 1.9
      vertex 6.61732 29.0761 1.9
      vertex 6.61732 30.9239 1.9
    endloop
  endfacet
  facet normal 0 0 1
    outer loop
      vertex 6.5 30.866 1.9
      vertex 6.5 29.134 1.9
      vertex 6.61732 29.0761 1.9
    endloop
  endfacet
  facet normal -0 0 1
    outer loop
      vertex 6.39124 30.7934 1.9
      vertex 6.5 29.134 1.9
      vertex 6.5 30.866 1.9
    endloop
  endfacet
  facet normal 0 0 1
    outer loop
      vertex 6.39124 30.7934 1.9
      vertex 6.39124 29.2066 1.9
      vertex 6.5 29.134 1.9
    endloop
  endfacet
  facet normal -0 0 1
    outer loop
      vertex 6.29289 30.7071 1.9
      vertex 6.39124 29.2066 1.9
      vertex 6.39124 30.7934 1.9
    endloop
  endfacet
  facet normal 0 0 1
    outer loop
      vertex 6.29289 30.7071 1.9
      vertex 6.29289 29.2929 1.9
      vertex 6.39124 29.2066 1.9
    endloop
  endfacet
  facet normal -0 0 1
    outer loop
      vertex 6.20665 30.6088 1.9
      vertex 6.29289 29.2929 1.9
      vertex 6.29289 30.7071 1.9
    endloop
  endfacet
  facet normal 0 0 1
    outer loop
      vertex 6.20665 30.6088 1.9
      vertex 6.20665 29.3912 1.9
      vertex 6.29289 29.2929 1.9
    endloop
  endfacet
  facet normal -0 0 1
    outer loop
      vertex 6.13397 30.5 1.9
      vertex 6.20665 29.3912 1.9
      vertex 6.20665 30.6088 1.9
    endloop
  endfacet
  facet normal 0 0 1
    outer loop
      vertex 6.13397 30.5 1.9
      vertex 6.13397 29.5 1.9
      vertex 6.20665 29.3912 1.9
    endloop
  endfacet
  facet normal -0 0 1
    outer loop
      vertex 6.07612 30.3827 1.9
      vertex 6.13397 29.5 1.9
      vertex 6.13397 30.5 1.9
    endloop
  endfacet
  facet normal 0 0 1
    outer loop
      vertex 6.07612 30.3827 1.9
      vertex 6.07612 29.6173 1.9
      vertex 6.13397 29.5 1.9
    endloop
  endfacet
  facet normal -0 0 1
    outer loop
      vertex 6.03407 30.2588 1.9
      vertex 6.07612 29.6173 1.9
      vertex 6.07612 30.3827 1.9
    endloop
  endfacet
  facet normal 0 0 1
    outer loop
      vertex 6.03407 30.2588 1.9
      vertex 6.03407 29.7412 1.9
      vertex 6.07612 29.6173 1.9
    endloop
  endfacet
  facet normal -0 0 1
    outer loop
      vertex 6.00855 30.1305 1.9
      vertex 6.03407 29.7412 1.9
      vertex 6.03407 30.2588 1.9
    endloop
  endfacet
  facet normal 0 0 1
    outer loop
      vertex 6.00855 30.1305 1.9
      vertex 6.00855 29.8695 1.9
      vertex 6.03407 29.7412 1.9
    endloop
  endfacet
  facet normal 0 -0 1
    outer loop
      vertex 6.00855 29.8695 1.9
      vertex 6.00855 30.1305 1.9
      vertex 6 30 1.9
    endloop
  endfacet
  facet normal -0.831568 -0.555423 0
    outer loop
      vertex 7.86602 30.5 1.9
      vertex 7.79335 30.6088 5.5
      vertex 7.79335 30.6088 1.9
    endloop
  endfacet
  facet normal -0.831568 -0.555423 0
    outer loop
      vertex 7.79335 30.6088 5.5
      vertex 7.86602 30.5 1.9
      vertex 7.86602 30.5 5.5
    endloop
  endfacet
  facet normal -0.751714 0.659489 0
    outer loop
      vertex 7.70711 29.2929 1.9
      vertex 7.79335 29.3912 5.5
      vertex 7.79335 29.3912 1.9
    endloop
  endfacet
  facet normal -0.751714 0.659489 0
    outer loop
      vertex 7.79335 29.3912 5.5
      vertex 7.70711 29.2929 1.9
      vertex 7.70711 29.2929 5.5
    endloop
  endfacet
  facet normal -0.89683 -0.442375 0
    outer loop
      vertex 7.92388 30.3827 1.9
      vertex 7.86602 30.5 5.5
      vertex 7.86602 30.5 1.9
    endloop
  endfacet
  facet normal -0.89683 -0.442375 0
    outer loop
      vertex 7.86602 30.5 5.5
      vertex 7.92388 30.3827 1.9
      vertex 7.92388 30.3827 5.5
    endloop
  endfacet
  facet normal -0.751714 -0.659489 0
    outer loop
      vertex 7.79335 30.6088 1.9
      vertex 7.70711 30.7071 5.5
      vertex 7.70711 30.7071 1.9
    endloop
  endfacet
  facet normal -0.751714 -0.659489 0
    outer loop
      vertex 7.70711 30.7071 5.5
      vertex 7.79335 30.6088 1.9
      vertex 7.79335 30.6088 5.5
    endloop
  endfacet
  facet normal 0.94695 0.321382 0
    outer loop
      vertex 6.07612 29.6173 5.5
      vertex 6.03407 29.7412 1.9
      vertex 6.03407 29.7412 5.5
    endloop
  endfacet
  facet normal 0.94695 0.321382 0
    outer loop
      vertex 6.03407 29.7412 1.9
      vertex 6.07612 29.6173 5.5
      vertex 6.07612 29.6173 1.9
    endloop
  endfacet
  facet normal -0.194955 -0.980812 0
    outer loop
      vertex 7.13053 30.9914 1.9
      vertex 7.25882 30.9659 5.5
      vertex 7.13053 30.9914 5.5
    endloop
  endfacet
  facet normal -0.194955 -0.980812 -0
    outer loop
      vertex 7.25882 30.9659 5.5
      vertex 7.13053 30.9914 1.9
      vertex 7.25882 30.9659 1.9
    endloop
  endfacet
  facet normal -0.89683 0.442375 0
    outer loop
      vertex 7.86602 29.5 1.9
      vertex 7.92388 29.6173 5.5
      vertex 7.92388 29.6173 1.9
    endloop
  endfacet
  facet normal -0.89683 0.442375 0
    outer loop
      vertex 7.92388 29.6173 5.5
      vertex 7.86602 29.5 1.9
      vertex 7.86602 29.5 5.5
    endloop
  endfacet
  facet normal -0.44256 0.896739 0
    outer loop
      vertex 7.5 29.134 1.9
      vertex 7.38268 29.0761 5.5
      vertex 7.5 29.134 5.5
    endloop
  endfacet
  facet normal -0.44256 0.896739 0
    outer loop
      vertex 7.38268 29.0761 5.5
      vertex 7.5 29.134 1.9
      vertex 7.38268 29.0761 1.9
    endloop
  endfacet
  facet normal 0.555194 0.831721 -0
    outer loop
      vertex 6.5 29.134 1.9
      vertex 6.39124 29.2066 5.5
      vertex 6.5 29.134 5.5
    endloop
  endfacet
  facet normal 0.555194 0.831721 0
    outer loop
      vertex 6.39124 29.2066 5.5
      vertex 6.5 29.134 1.9
      vertex 6.39124 29.2066 1.9
    endloop
  endfacet
  facet normal 0.44256 0.896739 -0
    outer loop
      vertex 6.61732 29.0761 1.9
      vertex 6.5 29.134 5.5
      vertex 6.61732 29.0761 5.5
    endloop
  endfacet
  facet normal 0.44256 0.896739 0
    outer loop
      vertex 6.5 29.134 5.5
      vertex 6.61732 29.0761 1.9
      vertex 6.5 29.134 1.9
    endloop
  endfacet
  facet normal 0.321132 0.947034 -0
    outer loop
      vertex 6.74118 29.0341 1.9
      vertex 6.61732 29.0761 5.5
      vertex 6.74118 29.0341 5.5
    endloop
  endfacet
  facet normal 0.321132 0.947034 0
    outer loop
      vertex 6.61732 29.0761 5.5
      vertex 6.74118 29.0341 1.9
      vertex 6.61732 29.0761 1.9
    endloop
  endfacet
  facet normal 0.947066 0.321039 0
    outer loop
      vertex 64.0761 29.6173 5.5
      vertex 64.0341 29.7412 1.9
      vertex 64.0341 29.7412 5.5
    endloop
  endfacet
  facet normal 0.947066 0.321039 0
    outer loop
      vertex 64.0341 29.7412 1.9
      vertex 64.0761 29.6173 5.5
      vertex 64.0761 29.6173 1.9
    endloop
  endfacet
  facet normal -0.19494 0.980815 0
    outer loop
      vertex 65.2588 29.0341 1.9
      vertex 65.1305 29.0086 5.5
      vertex 65.2588 29.0341 5.5
    endloop
  endfacet
  facet normal -0.19494 0.980815 0
    outer loop
      vertex 65.1305 29.0086 5.5
      vertex 65.2588 29.0341 1.9
      vertex 65.1305 29.0086 1.9
    endloop
  endfacet
  facet normal -0.980815 -0.19494 0
    outer loop
      vertex 65.9914 30.1305 1.9
      vertex 65.9659 30.2588 5.5
      vertex 65.9659 30.2588 1.9
    endloop
  endfacet
  facet normal -0.980815 -0.19494 0
    outer loop
      vertex 65.9659 30.2588 5.5
      vertex 65.9914 30.1305 1.9
      vertex 65.9914 30.1305 5.5
    endloop
  endfacet
  facet normal -0.997836 -0.0657577 0
    outer loop
      vertex 66 30 1.9
      vertex 65.9914 30.1305 5.5
      vertex 65.9914 30.1305 1.9
    endloop
  endfacet
  facet normal -0.997836 -0.0657577 0
    outer loop
      vertex 65.9914 30.1305 5.5
      vertex 66 30 1.9
      vertex 66 30 5.5
    endloop
  endfacet
  facet normal 0.442621 -0.896709 0
    outer loop
      vertex 64.5 30.866 1.9
      vertex 64.6173 30.9239 5.5
      vertex 64.5 30.866 5.5
    endloop
  endfacet
  facet normal 0.442621 -0.896709 0
    outer loop
      vertex 64.6173 30.9239 5.5
      vertex 64.5 30.866 1.9
      vertex 64.6173 30.9239 1.9
    endloop
  endfacet
  facet normal -0.947066 -0.321039 0
    outer loop
      vertex 65.9659 30.2588 1.9
      vertex 65.9239 30.3827 5.5
      vertex 65.9239 30.3827 1.9
    endloop
  endfacet
  facet normal -0.947066 -0.321039 0
    outer loop
      vertex 65.9239 30.3827 5.5
      vertex 65.9659 30.2588 1.9
      vertex 65.9659 30.2588 5.5
    endloop
  endfacet
  facet normal -0.896709 0.442621 0
    outer loop
      vertex 65.866 29.5 1.9
      vertex 65.9239 29.6173 5.5
      vertex 65.9239 29.6173 1.9
    endloop
  endfacet
  facet normal -0.896709 0.442621 0
    outer loop
      vertex 65.9239 29.6173 5.5
      vertex 65.866 29.5 1.9
      vertex 65.866 29.5 5.5
    endloop
  endfacet
  facet normal -0.997836 0.0657577 0
    outer loop
      vertex 65.9914 29.8695 1.9
      vertex 66 30 5.5
      vertex 66 30 1.9
    endloop
  endfacet
  facet normal -0.997836 0.0657577 0
    outer loop
      vertex 66 30 5.5
      vertex 65.9914 29.8695 1.9
      vertex 65.9914 29.8695 5.5
    endloop
  endfacet
  facet normal -0.659749 -0.751486 0
    outer loop
      vertex 65.6088 30.7934 1.9
      vertex 65.7071 30.7071 5.5
      vertex 65.6088 30.7934 5.5
    endloop
  endfacet
  facet normal -0.659749 -0.751486 -0
    outer loop
      vertex 65.7071 30.7071 5.5
      vertex 65.6088 30.7934 1.9
      vertex 65.7071 30.7071 1.9
    endloop
  endfacet
  facet normal 0.659749 -0.751486 0
    outer loop
      vertex 64.2929 30.7071 1.9
      vertex 64.3912 30.7934 5.5
      vertex 64.2929 30.7071 5.5
    endloop
  endfacet
  facet normal 0.659749 -0.751486 0
    outer loop
      vertex 64.3912 30.7934 5.5
      vertex 64.2929 30.7071 1.9
      vertex 64.3912 30.7934 1.9
    endloop
  endfacet
  facet normal -0.0657577 -0.997836 0
    outer loop
      vertex 65 31 1.9
      vertex 65.1305 30.9914 5.5
      vertex 65 31 5.5
    endloop
  endfacet
  facet normal -0.0657577 -0.997836 -0
    outer loop
      vertex 65.1305 30.9914 5.5
      vertex 65 31 1.9
      vertex 65.1305 30.9914 1.9
    endloop
  endfacet
  facet normal 0.997836 -0.0657577 0
    outer loop
      vertex 64 30 5.5
      vertex 64.0086 30.1305 1.9
      vertex 64.0086 30.1305 5.5
    endloop
  endfacet
  facet normal 0.997836 -0.0657577 0
    outer loop
      vertex 64.0086 30.1305 1.9
      vertex 64 30 5.5
      vertex 64 30 1.9
    endloop
  endfacet
  facet normal 0.751486 0.659749 0
    outer loop
      vertex 64.2929 29.2929 5.5
      vertex 64.2066 29.3912 1.9
      vertex 64.2066 29.3912 5.5
    endloop
  endfacet
  facet normal 0.751486 0.659749 0
    outer loop
      vertex 64.2066 29.3912 1.9
      vertex 64.2929 29.2929 5.5
      vertex 64.2929 29.2929 1.9
    endloop
  endfacet
  facet normal 0.980815 0.19494 0
    outer loop
      vertex 64.0341 29.7412 5.5
      vertex 64.0086 29.8695 1.9
      vertex 64.0086 29.8695 5.5
    endloop
  endfacet
  facet normal 0.980815 0.19494 0
    outer loop
      vertex 64.0086 29.8695 1.9
      vertex 64.0341 29.7412 5.5
      vertex 64.0341 29.7412 1.9
    endloop
  endfacet
  facet normal -0.831815 0.555053 0
    outer loop
      vertex 65.7934 29.3912 1.9
      vertex 65.866 29.5 5.5
      vertex 65.866 29.5 1.9
    endloop
  endfacet
  facet normal -0.831815 0.555053 0
    outer loop
      vertex 65.866 29.5 5.5
      vertex 65.7934 29.3912 1.9
      vertex 65.7934 29.3912 5.5
    endloop
  endfacet
  facet normal 0.896709 -0.442621 0
    outer loop
      vertex 64.0761 30.3827 5.5
      vertex 64.134 30.5 1.9
      vertex 64.134 30.5 5.5
    endloop
  endfacet
  facet normal 0.896709 -0.442621 0
    outer loop
      vertex 64.134 30.5 1.9
      vertex 64.0761 30.3827 5.5
      vertex 64.0761 30.3827 1.9
    endloop
  endfacet
  facet normal 0.831815 -0.555053 0
    outer loop
      vertex 64.134 30.5 5.5
      vertex 64.2066 30.6088 1.9
      vertex 64.2066 30.6088 5.5
    endloop
  endfacet
  facet normal 0.831815 -0.555053 0
    outer loop
      vertex 64.2066 30.6088 1.9
      vertex 64.134 30.5 5.5
      vertex 64.134 30.5 1.9
    endloop
  endfacet
  facet normal 0.0657577 -0.997836 0
    outer loop
      vertex 64.8695 30.9914 1.9
      vertex 65 31 5.5
      vertex 64.8695 30.9914 5.5
    endloop
  endfacet
  facet normal 0.0657577 -0.997836 0
    outer loop
      vertex 65 31 5.5
      vertex 64.8695 30.9914 1.9
      vertex 65 31 1.9
    endloop
  endfacet
  facet normal 0.321039 -0.947066 0
    outer loop
      vertex 64.6173 30.9239 1.9
      vertex 64.7412 30.9659 5.5
      vertex 64.6173 30.9239 5.5
    endloop
  endfacet
  facet normal 0.321039 -0.947066 0
    outer loop
      vertex 64.7412 30.9659 5.5
      vertex 64.6173 30.9239 1.9
      vertex 64.7412 30.9659 1.9
    endloop
  endfacet
  facet normal 0.321039 0.947066 -0
    outer loop
      vertex 64.7412 29.0341 1.9
      vertex 64.6173 29.0761 5.5
      vertex 64.7412 29.0341 5.5
    endloop
  endfacet
  facet normal 0.321039 0.947066 0
    outer loop
      vertex 64.6173 29.0761 5.5
      vertex 64.7412 29.0341 1.9
      vertex 64.6173 29.0761 1.9
    endloop
  endfacet
  facet normal -0.442621 -0.896709 0
    outer loop
      vertex 65.3827 30.9239 1.9
      vertex 65.5 30.866 5.5
      vertex 65.3827 30.9239 5.5
    endloop
  endfacet
  facet normal -0.442621 -0.896709 -0
    outer loop
      vertex 65.5 30.866 5.5
      vertex 65.3827 30.9239 1.9
      vertex 65.5 30.866 1.9
    endloop
  endfacet
  facet normal -0.0657577 0.997836 0
    outer loop
      vertex 65.1305 29.0086 1.9
      vertex 65 29 5.5
      vertex 65.1305 29.0086 5.5
    endloop
  endfacet
  facet normal -0.0657577 0.997836 0
    outer loop
      vertex 65 29 5.5
      vertex 65.1305 29.0086 1.9
      vertex 65 29 1.9
    endloop
  endfacet
  facet normal -0.555053 0.831815 0
    outer loop
      vertex 65.6088 29.2066 1.9
      vertex 65.5 29.134 5.5
      vertex 65.6088 29.2066 5.5
    endloop
  endfacet
  facet normal -0.555053 0.831815 0
    outer loop
      vertex 65.5 29.134 5.5
      vertex 65.6088 29.2066 1.9
      vertex 65.5 29.134 1.9
    endloop
  endfacet
  facet normal -0.980815 0.19494 0
    outer loop
      vertex 65.9659 29.7412 1.9
      vertex 65.9914 29.8695 5.5
      vertex 65.9914 29.8695 1.9
    endloop
  endfacet
  facet normal -0.980815 0.19494 0
    outer loop
      vertex 65.9914 29.8695 5.5
      vertex 65.9659 29.7412 1.9
      vertex 65.9659 29.7412 5.5
    endloop
  endfacet
  facet normal 0.751486 -0.659749 0
    outer loop
      vertex 64.2066 30.6088 5.5
      vertex 64.2929 30.7071 1.9
      vertex 64.2929 30.7071 5.5
    endloop
  endfacet
  facet normal 0.751486 -0.659749 0
    outer loop
      vertex 64.2929 30.7071 1.9
      vertex 64.2066 30.6088 5.5
      vertex 64.2066 30.6088 1.9
    endloop
  endfacet
  facet normal 0.980815 -0.19494 0
    outer loop
      vertex 64.0086 30.1305 5.5
      vertex 64.0341 30.2588 1.9
      vertex 64.0341 30.2588 5.5
    endloop
  endfacet
  facet normal 0.980815 -0.19494 0
    outer loop
      vertex 64.0341 30.2588 1.9
      vertex 64.0086 30.1305 5.5
      vertex 64.0086 30.1305 1.9
    endloop
  endfacet
  facet normal -0.831815 -0.555053 0
    outer loop
      vertex 65.866 30.5 1.9
      vertex 65.7934 30.6088 5.5
      vertex 65.7934 30.6088 1.9
    endloop
  endfacet
  facet normal -0.831815 -0.555053 0
    outer loop
      vertex 65.7934 30.6088 5.5
      vertex 65.866 30.5 1.9
      vertex 65.866 30.5 5.5
    endloop
  endfacet
  facet normal -0.555053 -0.831815 0
    outer loop
      vertex 65.5 30.866 1.9
      vertex 65.6088 30.7934 5.5
      vertex 65.5 30.866 5.5
    endloop
  endfacet
  facet normal -0.555053 -0.831815 -0
    outer loop
      vertex 65.6088 30.7934 5.5
      vertex 65.5 30.866 1.9
      vertex 65.6088 30.7934 1.9
    endloop
  endfacet
  facet normal 0.997836 0.0657577 0
    outer loop
      vertex 64.0086 29.8695 5.5
      vertex 64 30 1.9
      vertex 64 30 5.5
    endloop
  endfacet
  facet normal 0.997836 0.0657577 0
    outer loop
      vertex 64 30 1.9
      vertex 64.0086 29.8695 5.5
      vertex 64.0086 29.8695 1.9
    endloop
  endfacet
  facet normal -0.321039 -0.947066 0
    outer loop
      vertex 65.2588 30.9659 1.9
      vertex 65.3827 30.9239 5.5
      vertex 65.2588 30.9659 5.5
    endloop
  endfacet
  facet normal -0.321039 -0.947066 -0
    outer loop
      vertex 65.3827 30.9239 5.5
      vertex 65.2588 30.9659 1.9
      vertex 65.3827 30.9239 1.9
    endloop
  endfacet
  facet normal -0.659749 0.751486 0
    outer loop
      vertex 65.7071 29.2929 1.9
      vertex 65.6088 29.2066 5.5
      vertex 65.7071 29.2929 5.5
    endloop
  endfacet
  facet normal -0.659749 0.751486 0
    outer loop
      vertex 65.6088 29.2066 5.5
      vertex 65.7071 29.2929 1.9
      vertex 65.6088 29.2066 1.9
    endloop
  endfacet
  facet normal 0.19494 -0.980815 0
    outer loop
      vertex 64.7412 30.9659 1.9
      vertex 64.8695 30.9914 5.5
      vertex 64.7412 30.9659 5.5
    endloop
  endfacet
  facet normal 0.19494 -0.980815 0
    outer loop
      vertex 64.8695 30.9914 5.5
      vertex 64.7412 30.9659 1.9
      vertex 64.8695 30.9914 1.9
    endloop
  endfacet
  facet normal -0.896709 -0.442621 0
    outer loop
      vertex 65.9239 30.3827 1.9
      vertex 65.866 30.5 5.5
      vertex 65.866 30.5 1.9
    endloop
  endfacet
  facet normal -0.896709 -0.442621 0
    outer loop
      vertex 65.866 30.5 5.5
      vertex 65.9239 30.3827 1.9
      vertex 65.9239 30.3827 5.5
    endloop
  endfacet
  facet normal 0.555053 0.831815 -0
    outer loop
      vertex 64.5 29.134 1.9
      vertex 64.3912 29.2066 5.5
      vertex 64.5 29.134 5.5
    endloop
  endfacet
  facet normal 0.555053 0.831815 0
    outer loop
      vertex 64.3912 29.2066 5.5
      vertex 64.5 29.134 1.9
      vertex 64.3912 29.2066 1.9
    endloop
  endfacet
  facet normal 0.659749 0.751486 -0
    outer loop
      vertex 64.3912 29.2066 1.9
      vertex 64.2929 29.2929 5.5
      vertex 64.3912 29.2066 5.5
    endloop
  endfacet
  facet normal 0.659749 0.751486 0
    outer loop
      vertex 64.2929 29.2929 5.5
      vertex 64.3912 29.2066 1.9
      vertex 64.2929 29.2929 1.9
    endloop
  endfacet
  facet normal -0.751486 0.659749 0
    outer loop
      vertex 65.7071 29.2929 1.9
      vertex 65.7934 29.3912 5.5
      vertex 65.7934 29.3912 1.9
    endloop
  endfacet
  facet normal -0.751486 0.659749 0
    outer loop
      vertex 65.7934 29.3912 5.5
      vertex 65.7071 29.2929 1.9
      vertex 65.7071 29.2929 5.5
    endloop
  endfacet
  facet normal 0 0 1
    outer loop
      vertex 65.9914 30.1305 1.9
      vertex 65.9914 29.8695 1.9
      vertex 66 30 1.9
    endloop
  endfacet
  facet normal 0 0 1
    outer loop
      vertex 65.9659 30.2588 1.9
      vertex 65.9914 29.8695 1.9
      vertex 65.9914 30.1305 1.9
    endloop
  endfacet
  facet normal 0 0 1
    outer loop
      vertex 65.9659 30.2588 1.9
      vertex 65.9659 29.7412 1.9
      vertex 65.9914 29.8695 1.9
    endloop
  endfacet
  facet normal 0 0 1
    outer loop
      vertex 65.9239 30.3827 1.9
      vertex 65.9659 29.7412 1.9
      vertex 65.9659 30.2588 1.9
    endloop
  endfacet
  facet normal 0 0 1
    outer loop
      vertex 65.9239 30.3827 1.9
      vertex 65.9239 29.6173 1.9
      vertex 65.9659 29.7412 1.9
    endloop
  endfacet
  facet normal 0 0 1
    outer loop
      vertex 65.866 30.5 1.9
      vertex 65.9239 29.6173 1.9
      vertex 65.9239 30.3827 1.9
    endloop
  endfacet
  facet normal 0 0 1
    outer loop
      vertex 65.866 30.5 1.9
      vertex 65.866 29.5 1.9
      vertex 65.9239 29.6173 1.9
    endloop
  endfacet
  facet normal 0 0 1
    outer loop
      vertex 65.7934 30.6088 1.9
      vertex 65.866 29.5 1.9
      vertex 65.866 30.5 1.9
    endloop
  endfacet
  facet normal 0 0 1
    outer loop
      vertex 65.7934 30.6088 1.9
      vertex 65.7934 29.3912 1.9
      vertex 65.866 29.5 1.9
    endloop
  endfacet
  facet normal 0 0 1
    outer loop
      vertex 65.7071 30.7071 1.9
      vertex 65.7934 29.3912 1.9
      vertex 65.7934 30.6088 1.9
    endloop
  endfacet
  facet normal 0 0 1
    outer loop
      vertex 65.7071 30.7071 1.9
      vertex 65.7071 29.2929 1.9
      vertex 65.7934 29.3912 1.9
    endloop
  endfacet
  facet normal 0 0 1
    outer loop
      vertex 65.6088 30.7934 1.9
      vertex 65.7071 29.2929 1.9
      vertex 65.7071 30.7071 1.9
    endloop
  endfacet
  facet normal 0 0 1
    outer loop
      vertex 65.6088 30.7934 1.9
      vertex 65.6088 29.2066 1.9
      vertex 65.7071 29.2929 1.9
    endloop
  endfacet
  facet normal 0 0 1
    outer loop
      vertex 65.5 30.866 1.9
      vertex 65.6088 29.2066 1.9
      vertex 65.6088 30.7934 1.9
    endloop
  endfacet
  facet normal 0 0 1
    outer loop
      vertex 65.5 30.866 1.9
      vertex 65.5 29.134 1.9
      vertex 65.6088 29.2066 1.9
    endloop
  endfacet
  facet normal 0 0 1
    outer loop
      vertex 65.3827 30.9239 1.9
      vertex 65.5 29.134 1.9
      vertex 65.5 30.866 1.9
    endloop
  endfacet
  facet normal 0 0 1
    outer loop
      vertex 65.3827 30.9239 1.9
      vertex 65.3827 29.0761 1.9
      vertex 65.5 29.134 1.9
    endloop
  endfacet
  facet normal 0 0 1
    outer loop
      vertex 65.2588 30.9659 1.9
      vertex 65.3827 29.0761 1.9
      vertex 65.3827 30.9239 1.9
    endloop
  endfacet
  facet normal 0 0 1
    outer loop
      vertex 65.2588 30.9659 1.9
      vertex 65.2588 29.0341 1.9
      vertex 65.3827 29.0761 1.9
    endloop
  endfacet
  facet normal 0 0 1
    outer loop
      vertex 65.1305 30.9914 1.9
      vertex 65.2588 29.0341 1.9
      vertex 65.2588 30.9659 1.9
    endloop
  endfacet
  facet normal 0 0 1
    outer loop
      vertex 65.1305 30.9914 1.9
      vertex 65.1305 29.0086 1.9
      vertex 65.2588 29.0341 1.9
    endloop
  endfacet
  facet normal 0 0 1
    outer loop
      vertex 65 31 1.9
      vertex 65.1305 29.0086 1.9
      vertex 65.1305 30.9914 1.9
    endloop
  endfacet
  facet normal 0 0 1
    outer loop
      vertex 65 31 1.9
      vertex 65 29 1.9
      vertex 65.1305 29.0086 1.9
    endloop
  endfacet
  facet normal -0 0 1
    outer loop
      vertex 64.8695 30.9914 1.9
      vertex 65 29 1.9
      vertex 65 31 1.9
    endloop
  endfacet
  facet normal 0 0 1
    outer loop
      vertex 64.8695 30.9914 1.9
      vertex 64.8695 29.0086 1.9
      vertex 65 29 1.9
    endloop
  endfacet
  facet normal -0 0 1
    outer loop
      vertex 64.7412 30.9659 1.9
      vertex 64.8695 29.0086 1.9
      vertex 64.8695 30.9914 1.9
    endloop
  endfacet
  facet normal 0 0 1
    outer loop
      vertex 64.7412 30.9659 1.9
      vertex 64.7412 29.0341 1.9
      vertex 64.8695 29.0086 1.9
    endloop
  endfacet
  facet normal -0 0 1
    outer loop
      vertex 64.6173 30.9239 1.9
      vertex 64.7412 29.0341 1.9
      vertex 64.7412 30.9659 1.9
    endloop
  endfacet
  facet normal 0 0 1
    outer loop
      vertex 64.6173 30.9239 1.9
      vertex 64.6173 29.0761 1.9
      vertex 64.7412 29.0341 1.9
    endloop
  endfacet
  facet normal -0 0 1
    outer loop
      vertex 64.5 30.866 1.9
      vertex 64.6173 29.0761 1.9
      vertex 64.6173 30.9239 1.9
    endloop
  endfacet
  facet normal 0 0 1
    outer loop
      vertex 64.5 30.866 1.9
      vertex 64.5 29.134 1.9
      vertex 64.6173 29.0761 1.9
    endloop
  endfacet
  facet normal -0 0 1
    outer loop
      vertex 64.3912 30.7934 1.9
      vertex 64.5 29.134 1.9
      vertex 64.5 30.866 1.9
    endloop
  endfacet
  facet normal 0 0 1
    outer loop
      vertex 64.3912 30.7934 1.9
      vertex 64.3912 29.2066 1.9
      vertex 64.5 29.134 1.9
    endloop
  endfacet
  facet normal -0 0 1
    outer loop
      vertex 64.2929 30.7071 1.9
      vertex 64.3912 29.2066 1.9
      vertex 64.3912 30.7934 1.9
    endloop
  endfacet
  facet normal 0 0 1
    outer loop
      vertex 64.2929 30.7071 1.9
      vertex 64.2929 29.2929 1.9
      vertex 64.3912 29.2066 1.9
    endloop
  endfacet
  facet normal -0 0 1
    outer loop
      vertex 64.2066 30.6088 1.9
      vertex 64.2929 29.2929 1.9
      vertex 64.2929 30.7071 1.9
    endloop
  endfacet
  facet normal 0 0 1
    outer loop
      vertex 64.2066 30.6088 1.9
      vertex 64.2066 29.3912 1.9
      vertex 64.2929 29.2929 1.9
    endloop
  endfacet
  facet normal -0 0 1
    outer loop
      vertex 64.134 30.5 1.9
      vertex 64.2066 29.3912 1.9
      vertex 64.2066 30.6088 1.9
    endloop
  endfacet
  facet normal 0 0 1
    outer loop
      vertex 64.134 30.5 1.9
      vertex 64.134 29.5 1.9
      vertex 64.2066 29.3912 1.9
    endloop
  endfacet
  facet normal -0 0 1
    outer loop
      vertex 64.0761 30.3827 1.9
      vertex 64.134 29.5 1.9
      vertex 64.134 30.5 1.9
    endloop
  endfacet
  facet normal 0 0 1
    outer loop
      vertex 64.0761 30.3827 1.9
      vertex 64.0761 29.6173 1.9
      vertex 64.134 29.5 1.9
    endloop
  endfacet
  facet normal -0 0 1
    outer loop
      vertex 64.0341 30.2588 1.9
      vertex 64.0761 29.6173 1.9
      vertex 64.0761 30.3827 1.9
    endloop
  endfacet
  facet normal 0 0 1
    outer loop
      vertex 64.0341 30.2588 1.9
      vertex 64.0341 29.7412 1.9
      vertex 64.0761 29.6173 1.9
    endloop
  endfacet
  facet normal -0 0 1
    outer loop
      vertex 64.0086 30.1305 1.9
      vertex 64.0341 29.7412 1.9
      vertex 64.0341 30.2588 1.9
    endloop
  endfacet
  facet normal 0 0 1
    outer loop
      vertex 64.0086 30.1305 1.9
      vertex 64.0086 29.8695 1.9
      vertex 64.0341 29.7412 1.9
    endloop
  endfacet
  facet normal 0 -0 1
    outer loop
      vertex 64.0086 29.8695 1.9
      vertex 64.0086 30.1305 1.9
      vertex 64 30 1.9
    endloop
  endfacet
  facet normal 0.896709 0.442621 0
    outer loop
      vertex 64.134 29.5 5.5
      vertex 64.0761 29.6173 1.9
      vertex 64.0761 29.6173 5.5
    endloop
  endfacet
  facet normal 0.896709 0.442621 0
    outer loop
      vertex 64.0761 29.6173 1.9
      vertex 64.134 29.5 5.5
      vertex 64.134 29.5 1.9
    endloop
  endfacet
  facet normal 0.0657577 0.997836 -0
    outer loop
      vertex 65 29 1.9
      vertex 64.8695 29.0086 5.5
      vertex 65 29 5.5
    endloop
  endfacet
  facet normal 0.0657577 0.997836 0
    outer loop
      vertex 64.8695 29.0086 5.5
      vertex 65 29 1.9
      vertex 64.8695 29.0086 1.9
    endloop
  endfacet
  facet normal -0.751486 -0.659749 0
    outer loop
      vertex 65.7934 30.6088 1.9
      vertex 65.7071 30.7071 5.5
      vertex 65.7071 30.7071 1.9
    endloop
  endfacet
  facet normal -0.751486 -0.659749 0
    outer loop
      vertex 65.7071 30.7071 5.5
      vertex 65.7934 30.6088 1.9
      vertex 65.7934 30.6088 5.5
    endloop
  endfacet
  facet normal 0.555053 -0.831815 0
    outer loop
      vertex 64.3912 30.7934 1.9
      vertex 64.5 30.866 5.5
      vertex 64.3912 30.7934 5.5
    endloop
  endfacet
  facet normal 0.555053 -0.831815 0
    outer loop
      vertex 64.5 30.866 5.5
      vertex 64.3912 30.7934 1.9
      vertex 64.5 30.866 1.9
    endloop
  endfacet
  facet normal -0.321039 0.947066 0
    outer loop
      vertex 65.3827 29.0761 1.9
      vertex 65.2588 29.0341 5.5
      vertex 65.3827 29.0761 5.5
    endloop
  endfacet
  facet normal -0.321039 0.947066 0
    outer loop
      vertex 65.2588 29.0341 5.5
      vertex 65.3827 29.0761 1.9
      vertex 65.2588 29.0341 1.9
    endloop
  endfacet
  facet normal -0.442621 0.896709 0
    outer loop
      vertex 65.5 29.134 1.9
      vertex 65.3827 29.0761 5.5
      vertex 65.5 29.134 5.5
    endloop
  endfacet
  facet normal -0.442621 0.896709 0
    outer loop
      vertex 65.3827 29.0761 5.5
      vertex 65.5 29.134 1.9
      vertex 65.3827 29.0761 1.9
    endloop
  endfacet
  facet normal -0.947066 0.321039 0
    outer loop
      vertex 65.9239 29.6173 1.9
      vertex 65.9659 29.7412 5.5
      vertex 65.9659 29.7412 1.9
    endloop
  endfacet
  facet normal -0.947066 0.321039 0
    outer loop
      vertex 65.9659 29.7412 5.5
      vertex 65.9239 29.6173 1.9
      vertex 65.9239 29.6173 5.5
    endloop
  endfacet
  facet normal 0.19494 0.980815 -0
    outer loop
      vertex 64.8695 29.0086 1.9
      vertex 64.7412 29.0341 5.5
      vertex 64.8695 29.0086 5.5
    endloop
  endfacet
  facet normal 0.19494 0.980815 0
    outer loop
      vertex 64.7412 29.0341 5.5
      vertex 64.8695 29.0086 1.9
      vertex 64.7412 29.0341 1.9
    endloop
  endfacet
  facet normal -0.19494 -0.980815 0
    outer loop
      vertex 65.1305 30.9914 1.9
      vertex 65.2588 30.9659 5.5
      vertex 65.1305 30.9914 5.5
    endloop
  endfacet
  facet normal -0.19494 -0.980815 -0
    outer loop
      vertex 65.2588 30.9659 5.5
      vertex 65.1305 30.9914 1.9
      vertex 65.2588 30.9659 1.9
    endloop
  endfacet
  facet normal 0.442621 0.896709 -0
    outer loop
      vertex 64.6173 29.0761 1.9
      vertex 64.5 29.134 5.5
      vertex 64.6173 29.0761 5.5
    endloop
  endfacet
  facet normal 0.442621 0.896709 0
    outer loop
      vertex 64.5 29.134 5.5
      vertex 64.6173 29.0761 1.9
      vertex 64.5 29.134 1.9
    endloop
  endfacet
  facet normal 0.831815 0.555053 0
    outer loop
      vertex 64.2066 29.3912 5.5
      vertex 64.134 29.5 1.9
      vertex 64.134 29.5 5.5
    endloop
  endfacet
  facet normal 0.831815 0.555053 0
    outer loop
      vertex 64.134 29.5 1.9
      vertex 64.2066 29.3912 5.5
      vertex 64.2066 29.3912 1.9
    endloop
  endfacet
  facet normal 0.947066 -0.321039 0
    outer loop
      vertex 64.0341 30.2588 5.5
      vertex 64.0761 30.3827 1.9
      vertex 64.0761 30.3827 5.5
    endloop
  endfacet
  facet normal 0.947066 -0.321039 0
    outer loop
      vertex 64.0761 30.3827 1.9
      vertex 64.0341 30.2588 5.5
      vertex 64.0341 30.2588 1.9
    endloop
  endfacet
endsolid OpenSCAD_Model
