solid OpenSCAD_Model
  facet normal -0 0 1
    outer loop
      vertex 22.0455 -3.08589 2
      vertex 25 -5 2
      vertex 25 0 2
    endloop
  endfacet
  facet normal 0 0 1
    outer loop
      vertex 25 -5 2
      vertex 22.1 -3.5 2
      vertex 22.0863 -3.70884 2
    endloop
  endfacet
  facet normal 0 0 1
    outer loop
      vertex 25 -5 2
      vertex 22.0863 -3.29116 2
      vertex 22.1 -3.5 2
    endloop
  endfacet
  facet normal 0 0 1
    outer loop
      vertex 25 -5 2
      vertex 22.0455 -3.08589 2
      vertex 22.0863 -3.29116 2
    endloop
  endfacet
  facet normal 0 0 1
    outer loop
      vertex 25 0 2
      vertex 21.9782 -2.88771 2
      vertex 22.0455 -3.08589 2
    endloop
  endfacet
  facet normal 0 0 1
    outer loop
      vertex 25 0 2
      vertex 21.8856 -2.7 2
      vertex 21.9782 -2.88771 2
    endloop
  endfacet
  facet normal 0 0 1
    outer loop
      vertex 25 0 2
      vertex 21.7694 -2.52598 2
      vertex 21.8856 -2.7 2
    endloop
  endfacet
  facet normal 0 0 1
    outer loop
      vertex 25 0 2
      vertex 21.6314 -2.36863 2
      vertex 21.7694 -2.52598 2
    endloop
  endfacet
  facet normal 0 0 1
    outer loop
      vertex 25 0 2
      vertex 21.474 -2.23063 2
      vertex 21.6314 -2.36863 2
    endloop
  endfacet
  facet normal 0 0 1
    outer loop
      vertex 25 0 2
      vertex 21.3 -2.11436 2
      vertex 21.474 -2.23063 2
    endloop
  endfacet
  facet normal 0 0 1
    outer loop
      vertex 25 0 2
      vertex 21.1123 -2.02179 2
      vertex 21.3 -2.11436 2
    endloop
  endfacet
  facet normal 0 0 1
    outer loop
      vertex 25 0 2
      vertex 20.9141 -1.95452 2
      vertex 21.1123 -2.02179 2
    endloop
  endfacet
  facet normal 0 0 1
    outer loop
      vertex 25 0 2
      vertex 20.7088 -1.91369 2
      vertex 20.9141 -1.95452 2
    endloop
  endfacet
  facet normal 0 0 1
    outer loop
      vertex 25 0 2
      vertex 20.5 -1.9 2
      vertex 20.7088 -1.91369 2
    endloop
  endfacet
  facet normal 0 0 1
    outer loop
      vertex 25 0 2
      vertex 15.5 -1.9 2
      vertex 20.5 -1.9 2
    endloop
  endfacet
  facet normal -0 0 1
    outer loop
      vertex 11 0 2
      vertex 15.5 -1.9 2
      vertex 25 0 2
    endloop
  endfacet
  facet normal 0 0 1
    outer loop
      vertex 11 -5 2
      vertex 13.9 -3.5 2
      vertex 13.9137 -3.29116 2
    endloop
  endfacet
  facet normal 0 0 1
    outer loop
      vertex 11 -5 2
      vertex 13.9137 -3.29116 2
      vertex 13.9545 -3.08589 2
    endloop
  endfacet
  facet normal 0 0 1
    outer loop
      vertex 15.5 -1.9 2
      vertex 11 0 2
      vertex 15.2912 -1.91369 2
    endloop
  endfacet
  facet normal 0 0 1
    outer loop
      vertex 11 0 2
      vertex 15.0859 -1.95452 2
      vertex 15.2912 -1.91369 2
    endloop
  endfacet
  facet normal 0 0 1
    outer loop
      vertex 11 0 2
      vertex 14.8877 -2.02179 2
      vertex 15.0859 -1.95452 2
    endloop
  endfacet
  facet normal 0 0 1
    outer loop
      vertex 11 0 2
      vertex 14.7 -2.11436 2
      vertex 14.8877 -2.02179 2
    endloop
  endfacet
  facet normal 0 0 1
    outer loop
      vertex 11 0 2
      vertex 14.526 -2.23063 2
      vertex 14.7 -2.11436 2
    endloop
  endfacet
  facet normal 0 0 1
    outer loop
      vertex 11 0 2
      vertex 14.3686 -2.36863 2
      vertex 14.526 -2.23063 2
    endloop
  endfacet
  facet normal 0 0 1
    outer loop
      vertex 11 0 2
      vertex 14.2306 -2.52598 2
      vertex 14.3686 -2.36863 2
    endloop
  endfacet
  facet normal 0 0 1
    outer loop
      vertex 11 0 2
      vertex 14.1144 -2.7 2
      vertex 14.2306 -2.52598 2
    endloop
  endfacet
  facet normal 0 0 1
    outer loop
      vertex 11 0 2
      vertex 14.0218 -2.88771 2
      vertex 14.1144 -2.7 2
    endloop
  endfacet
  facet normal 0 0 1
    outer loop
      vertex 11 0 2
      vertex 13.9545 -3.08589 2
      vertex 14.0218 -2.88771 2
    endloop
  endfacet
  facet normal 0 0 1
    outer loop
      vertex 11 -5 2
      vertex 13.9545 -3.08589 2
      vertex 11 0 2
    endloop
  endfacet
  facet normal 0 0 1
    outer loop
      vertex 13.9 -3.5 2
      vertex 11 -5 2
      vertex 13 -7 2
    endloop
  endfacet
  facet normal -0 0 1
    outer loop
      vertex 22.0455 -3.91411 2
      vertex 25 -5 2
      vertex 22.0863 -3.70884 2
    endloop
  endfacet
  facet normal -0 0 1
    outer loop
      vertex 21.9782 -4.11229 2
      vertex 25 -5 2
      vertex 22.0455 -3.91411 2
    endloop
  endfacet
  facet normal -0 0 1
    outer loop
      vertex 21.8856 -4.3 2
      vertex 25 -5 2
      vertex 21.9782 -4.11229 2
    endloop
  endfacet
  facet normal 0 0 1
    outer loop
      vertex 25 -5 2
      vertex 21.8856 -4.3 2
      vertex 23 -7 2
    endloop
  endfacet
  facet normal -0 0 1
    outer loop
      vertex 21.7694 -4.47402 2
      vertex 23 -7 2
      vertex 21.8856 -4.3 2
    endloop
  endfacet
  facet normal -0 0 1
    outer loop
      vertex 21.6314 -4.63137 2
      vertex 23 -7 2
      vertex 21.7694 -4.47402 2
    endloop
  endfacet
  facet normal -0 0 1
    outer loop
      vertex 21.474 -4.76937 2
      vertex 23 -7 2
      vertex 21.6314 -4.63137 2
    endloop
  endfacet
  facet normal -0 0 1
    outer loop
      vertex 21.3 -4.88564 2
      vertex 23 -7 2
      vertex 21.474 -4.76937 2
    endloop
  endfacet
  facet normal -0 0 1
    outer loop
      vertex 21.1123 -4.97821 2
      vertex 23 -7 2
      vertex 21.3 -4.88564 2
    endloop
  endfacet
  facet normal -0 0 1
    outer loop
      vertex 20.9141 -5.04548 2
      vertex 23 -7 2
      vertex 21.1123 -4.97821 2
    endloop
  endfacet
  facet normal -0 0 1
    outer loop
      vertex 20.7088 -5.08631 2
      vertex 23 -7 2
      vertex 20.9141 -5.04548 2
    endloop
  endfacet
  facet normal -0 0 1
    outer loop
      vertex 20.5 -5.1 2
      vertex 23 -7 2
      vertex 20.7088 -5.08631 2
    endloop
  endfacet
  facet normal -0 0 1
    outer loop
      vertex 15.5 -5.1 2
      vertex 23 -7 2
      vertex 20.5 -5.1 2
    endloop
  endfacet
  facet normal 0 0 1
    outer loop
      vertex 13 -7 2
      vertex 15.5 -5.1 2
      vertex 15.2912 -5.08631 2
    endloop
  endfacet
  facet normal 0 0 1
    outer loop
      vertex 13 -7 2
      vertex 15.2912 -5.08631 2
      vertex 15.0859 -5.04548 2
    endloop
  endfacet
  facet normal 0 0 1
    outer loop
      vertex 15.5 -5.1 2
      vertex 13 -7 2
      vertex 23 -7 2
    endloop
  endfacet
  facet normal 0 0 1
    outer loop
      vertex 14.8877 -4.97821 2
      vertex 13 -7 2
      vertex 15.0859 -5.04548 2
    endloop
  endfacet
  facet normal 0 0 1
    outer loop
      vertex 14.7 -4.88564 2
      vertex 13 -7 2
      vertex 14.8877 -4.97821 2
    endloop
  endfacet
  facet normal 0 0 1
    outer loop
      vertex 14.526 -4.76937 2
      vertex 13 -7 2
      vertex 14.7 -4.88564 2
    endloop
  endfacet
  facet normal 0 0 1
    outer loop
      vertex 14.3686 -4.63137 2
      vertex 13 -7 2
      vertex 14.526 -4.76937 2
    endloop
  endfacet
  facet normal 0 0 1
    outer loop
      vertex 14.2306 -4.47402 2
      vertex 13 -7 2
      vertex 14.3686 -4.63137 2
    endloop
  endfacet
  facet normal 0 0 1
    outer loop
      vertex 14.1144 -4.3 2
      vertex 13 -7 2
      vertex 14.2306 -4.47402 2
    endloop
  endfacet
  facet normal 0 0 1
    outer loop
      vertex 14.0218 -4.11229 2
      vertex 13 -7 2
      vertex 14.1144 -4.3 2
    endloop
  endfacet
  facet normal 0 0 1
    outer loop
      vertex 13.9545 -3.91411 2
      vertex 13 -7 2
      vertex 14.0218 -4.11229 2
    endloop
  endfacet
  facet normal 0 0 1
    outer loop
      vertex 13.9137 -3.70884 2
      vertex 13 -7 2
      vertex 13.9545 -3.91411 2
    endloop
  endfacet
  facet normal 0 0 1
    outer loop
      vertex 13 -7 2
      vertex 13.9137 -3.70884 2
      vertex 13.9 -3.5 2
    endloop
  endfacet
  facet normal 0 0 -1
    outer loop
      vertex 14.2306 -2.52598 0
      vertex 11 0 0
      vertex 14.3686 -2.36863 0
    endloop
  endfacet
  facet normal 0 0 -1
    outer loop
      vertex 14.3686 -2.36863 0
      vertex 11 0 0
      vertex 13 37 0
    endloop
  endfacet
  facet normal 0 0 -1
    outer loop
      vertex 0 5 0
      vertex 11 0 0
      vertex 5 0 0
    endloop
  endfacet
  facet normal 0 0 -1
    outer loop
      vertex 11 0 0
      vertex 0 5 0
      vertex 13 37 0
    endloop
  endfacet
  facet normal 0 0 -1
    outer loop
      vertex 0 32 0
      vertex 13 37 0
      vertex 0 5 0
    endloop
  endfacet
  facet normal -0 0 -1
    outer loop
      vertex 13 37 0
      vertex 0 32 0
      vertex 5 37 0
    endloop
  endfacet
  facet normal 0 0 -1
    outer loop
      vertex 21.9782 -2.88771 0
      vertex 25 0 0
      vertex 22.0455 -3.08589 0
    endloop
  endfacet
  facet normal 0 0 -1
    outer loop
      vertex 23 37 0
      vertex 22.0863 40.2912 0
      vertex 22.1 40.5 0
    endloop
  endfacet
  facet normal 0 0 -1
    outer loop
      vertex 21.8856 -2.7 0
      vertex 25 0 0
      vertex 21.9782 -2.88771 0
    endloop
  endfacet
  facet normal 0 0 -1
    outer loop
      vertex 23 37 0
      vertex 22.0455 40.0859 0
      vertex 22.0863 40.2912 0
    endloop
  endfacet
  facet normal 0 0 -1
    outer loop
      vertex 21.7694 -2.52598 0
      vertex 25 0 0
      vertex 21.8856 -2.7 0
    endloop
  endfacet
  facet normal 0 0 -1
    outer loop
      vertex 23 37 0
      vertex 21.9782 39.8877 0
      vertex 22.0455 40.0859 0
    endloop
  endfacet
  facet normal 0 0 -1
    outer loop
      vertex 21.6314 -2.36863 0
      vertex 25 0 0
      vertex 21.7694 -2.52598 0
    endloop
  endfacet
  facet normal 0 0 -1
    outer loop
      vertex 23 37 0
      vertex 21.8856 39.7 0
      vertex 21.9782 39.8877 0
    endloop
  endfacet
  facet normal 0 0 -1
    outer loop
      vertex 21.474 -2.23063 0
      vertex 25 0 0
      vertex 21.6314 -2.36863 0
    endloop
  endfacet
  facet normal 0 0 -1
    outer loop
      vertex 23 37 0
      vertex 21.7694 39.526 0
      vertex 21.8856 39.7 0
    endloop
  endfacet
  facet normal 0 0 -1
    outer loop
      vertex 21.3 -2.11436 0
      vertex 25 0 0
      vertex 21.474 -2.23063 0
    endloop
  endfacet
  facet normal 0 0 -1
    outer loop
      vertex 23 37 0
      vertex 21.6314 39.3686 0
      vertex 21.7694 39.526 0
    endloop
  endfacet
  facet normal 0 0 -1
    outer loop
      vertex 21.1123 -2.02179 0
      vertex 25 0 0
      vertex 21.3 -2.11436 0
    endloop
  endfacet
  facet normal 0 0 -1
    outer loop
      vertex 23 37 0
      vertex 21.474 39.2306 0
      vertex 21.6314 39.3686 0
    endloop
  endfacet
  facet normal 0 0 -1
    outer loop
      vertex 20.9141 -1.95452 0
      vertex 25 0 0
      vertex 21.1123 -2.02179 0
    endloop
  endfacet
  facet normal 0 0 -1
    outer loop
      vertex 23 37 0
      vertex 21.3 39.1144 0
      vertex 21.474 39.2306 0
    endloop
  endfacet
  facet normal 0 0 -1
    outer loop
      vertex 20.7088 -1.91369 0
      vertex 25 0 0
      vertex 20.9141 -1.95452 0
    endloop
  endfacet
  facet normal 0 0 -1
    outer loop
      vertex 23 37 0
      vertex 21.1123 39.0218 0
      vertex 21.3 39.1144 0
    endloop
  endfacet
  facet normal 0 0 -1
    outer loop
      vertex 20.5 -1.9 0
      vertex 25 0 0
      vertex 20.7088 -1.91369 0
    endloop
  endfacet
  facet normal 0 0 -1
    outer loop
      vertex 23 37 0
      vertex 20.9141 38.9545 0
      vertex 21.1123 39.0218 0
    endloop
  endfacet
  facet normal 0 0 -1
    outer loop
      vertex 15.5 -1.9 0
      vertex 25 0 0
      vertex 20.5 -1.9 0
    endloop
  endfacet
  facet normal 0 0 -1
    outer loop
      vertex 23 37 0
      vertex 20.7088 38.9137 0
      vertex 20.9141 38.9545 0
    endloop
  endfacet
  facet normal 0 0 -1
    outer loop
      vertex 25 0 0
      vertex 13 37 0
      vertex 23 37 0
    endloop
  endfacet
  facet normal 0 0 -1
    outer loop
      vertex 23 37 0
      vertex 20.5 38.9 0
      vertex 20.7088 38.9137 0
    endloop
  endfacet
  facet normal -0 0 -1
    outer loop
      vertex 25 0 0
      vertex 15.5 -1.9 0
      vertex 13 37 0
    endloop
  endfacet
  facet normal 0 0 -1
    outer loop
      vertex 23 37 0
      vertex 13 37 0
      vertex 20.5 38.9 0
    endloop
  endfacet
  facet normal 0 0 -1
    outer loop
      vertex 13 37 0
      vertex 15.5 -1.9 0
      vertex 15.2912 -1.91369 0
    endloop
  endfacet
  facet normal -0 0 -1
    outer loop
      vertex 20.5 38.9 0
      vertex 13 37 0
      vertex 15.5 38.9 0
    endloop
  endfacet
  facet normal 0 0 -1
    outer loop
      vertex 13 37 0
      vertex 15.2912 -1.91369 0
      vertex 15.0859 -1.95452 0
    endloop
  endfacet
  facet normal -0 0 -1
    outer loop
      vertex 15.5 38.9 0
      vertex 13 37 0
      vertex 15.2912 38.9137 0
    endloop
  endfacet
  facet normal 0 0 -1
    outer loop
      vertex 13 37 0
      vertex 15.0859 -1.95452 0
      vertex 14.8877 -2.02179 0
    endloop
  endfacet
  facet normal -0 0 -1
    outer loop
      vertex 15.2912 38.9137 0
      vertex 13 37 0
      vertex 15.0859 38.9545 0
    endloop
  endfacet
  facet normal 0 0 -1
    outer loop
      vertex 13 37 0
      vertex 14.8877 -2.02179 0
      vertex 14.7 -2.11436 0
    endloop
  endfacet
  facet normal -0 0 -1
    outer loop
      vertex 15.0859 38.9545 0
      vertex 13 37 0
      vertex 14.8877 39.0218 0
    endloop
  endfacet
  facet normal 0 0 -1
    outer loop
      vertex 13 37 0
      vertex 14.7 -2.11436 0
      vertex 14.526 -2.23063 0
    endloop
  endfacet
  facet normal -0 0 -1
    outer loop
      vertex 14.8877 39.0218 0
      vertex 13 37 0
      vertex 14.7 39.1144 0
    endloop
  endfacet
  facet normal 0 0 -1
    outer loop
      vertex 13 37 0
      vertex 14.526 -2.23063 0
      vertex 14.3686 -2.36863 0
    endloop
  endfacet
  facet normal -0 0 -1
    outer loop
      vertex 14.7 39.1144 0
      vertex 13 37 0
      vertex 14.526 39.2306 0
    endloop
  endfacet
  facet normal 0 0 -1
    outer loop
      vertex 14.1144 -2.7 0
      vertex 11 0 0
      vertex 14.2306 -2.52598 0
    endloop
  endfacet
  facet normal -0 0 -1
    outer loop
      vertex 14.526 39.2306 0
      vertex 13 37 0
      vertex 14.3686 39.3686 0
    endloop
  endfacet
  facet normal 0 0 -1
    outer loop
      vertex 14.0218 -2.88771 0
      vertex 11 0 0
      vertex 14.1144 -2.7 0
    endloop
  endfacet
  facet normal -0 0 -1
    outer loop
      vertex 14.3686 39.3686 0
      vertex 13 37 0
      vertex 14.2306 39.526 0
    endloop
  endfacet
  facet normal 0 0 -1
    outer loop
      vertex 13.9545 -3.08589 0
      vertex 11 0 0
      vertex 14.0218 -2.88771 0
    endloop
  endfacet
  facet normal -0 0 -1
    outer loop
      vertex 14.2306 39.526 0
      vertex 13 37 0
      vertex 14.1144 39.7 0
    endloop
  endfacet
  facet normal 0 0 -1
    outer loop
      vertex 11 0 0
      vertex 13.9545 -3.08589 0
      vertex 11 -5 0
    endloop
  endfacet
  facet normal 0 0 -1
    outer loop
      vertex 11 39 0
      vertex 14.1144 39.7 0
      vertex 13 37 0
    endloop
  endfacet
  facet normal -0 0 -1
    outer loop
      vertex 13.9 -3.5 0
      vertex 11 -5 0
      vertex 13.9137 -3.29116 0
    endloop
  endfacet
  facet normal -0 0 -1
    outer loop
      vertex 14.1144 39.7 0
      vertex 11 39 0
      vertex 14.0218 39.8877 0
    endloop
  endfacet
  facet normal -0 0 -1
    outer loop
      vertex 13.9137 -3.70884 0
      vertex 11 -5 0
      vertex 13.9 -3.5 0
    endloop
  endfacet
  facet normal -0 0 -1
    outer loop
      vertex 14.0218 39.8877 0
      vertex 11 39 0
      vertex 13.9545 40.0859 0
    endloop
  endfacet
  facet normal 0 0 -1
    outer loop
      vertex 21.8856 -4.3 0
      vertex 25 -5 0
      vertex 23 -7 0
    endloop
  endfacet
  facet normal 0 0 -1
    outer loop
      vertex 50.2306 -2.52598 0
      vertex 47 0 0
      vertex 50.3686 -2.36863 0
    endloop
  endfacet
  facet normal 0 0 -1
    outer loop
      vertex 50.3686 -2.36863 0
      vertex 47 0 0
      vertex 49 37 0
    endloop
  endfacet
  facet normal 0 0 -1
    outer loop
      vertex 25 0 0
      vertex 49 37 0
      vertex 47 0 0
    endloop
  endfacet
  facet normal 0 0 -1
    outer loop
      vertex 25 0 0
      vertex 23 37 0
      vertex 49 37 0
    endloop
  endfacet
  facet normal 0 -0 -1
    outer loop
      vertex 22.1 -3.5 0
      vertex 25 -5 0
      vertex 22.0863 -3.70884 0
    endloop
  endfacet
  facet normal 0 0 -1
    outer loop
      vertex 22.0455 -3.08589 0
      vertex 25 -5 0
      vertex 22.0863 -3.29116 0
    endloop
  endfacet
  facet normal 0 0 -1
    outer loop
      vertex 22.0863 -3.29116 0
      vertex 25 -5 0
      vertex 22.1 -3.5 0
    endloop
  endfacet
  facet normal 0 0 -1
    outer loop
      vertex 25 -5 0
      vertex 22.0455 -3.91411 0
      vertex 22.0863 -3.70884 0
    endloop
  endfacet
  facet normal 0 0 -1
    outer loop
      vertex 25 -5 0
      vertex 21.9782 -4.11229 0
      vertex 22.0455 -3.91411 0
    endloop
  endfacet
  facet normal 0 0 -1
    outer loop
      vertex 25 -5 0
      vertex 21.8856 -4.3 0
      vertex 21.9782 -4.11229 0
    endloop
  endfacet
  facet normal 0 0 -1
    outer loop
      vertex 23 -7 0
      vertex 21.7694 -4.47402 0
      vertex 21.8856 -4.3 0
    endloop
  endfacet
  facet normal 0 0 -1
    outer loop
      vertex 23 -7 0
      vertex 21.6314 -4.63137 0
      vertex 21.7694 -4.47402 0
    endloop
  endfacet
  facet normal 0 0 -1
    outer loop
      vertex 23 -7 0
      vertex 21.474 -4.76937 0
      vertex 21.6314 -4.63137 0
    endloop
  endfacet
  facet normal 0 0 -1
    outer loop
      vertex 23 -7 0
      vertex 21.3 -4.88564 0
      vertex 21.474 -4.76937 0
    endloop
  endfacet
  facet normal 0 0 -1
    outer loop
      vertex 23 -7 0
      vertex 21.1123 -4.97821 0
      vertex 21.3 -4.88564 0
    endloop
  endfacet
  facet normal 0 0 -1
    outer loop
      vertex 23 -7 0
      vertex 20.9141 -5.04548 0
      vertex 21.1123 -4.97821 0
    endloop
  endfacet
  facet normal 0 0 -1
    outer loop
      vertex 23 -7 0
      vertex 20.7088 -5.08631 0
      vertex 20.9141 -5.04548 0
    endloop
  endfacet
  facet normal 0 0 -1
    outer loop
      vertex 23 -7 0
      vertex 20.5 -5.1 0
      vertex 20.7088 -5.08631 0
    endloop
  endfacet
  facet normal 0 0 -1
    outer loop
      vertex 23 -7 0
      vertex 15.5 -5.1 0
      vertex 20.5 -5.1 0
    endloop
  endfacet
  facet normal 0 0 -1
    outer loop
      vertex 13 -7 0
      vertex 15.5 -5.1 0
      vertex 23 -7 0
    endloop
  endfacet
  facet normal -0 0 -1
    outer loop
      vertex 15.5 -5.1 0
      vertex 13 -7 0
      vertex 15.2912 -5.08631 0
    endloop
  endfacet
  facet normal -0 0 -1
    outer loop
      vertex 13.9137 -3.29116 0
      vertex 11 -5 0
      vertex 13.9545 -3.08589 0
    endloop
  endfacet
  facet normal -0 0 -1
    outer loop
      vertex 13.9545 -3.91411 0
      vertex 11 -5 0
      vertex 13.9137 -3.70884 0
    endloop
  endfacet
  facet normal -0 0 -1
    outer loop
      vertex 14.0218 -4.11229 0
      vertex 11 -5 0
      vertex 13.9545 -3.91411 0
    endloop
  endfacet
  facet normal -0 0 -1
    outer loop
      vertex 14.1144 -4.3 0
      vertex 11 -5 0
      vertex 14.0218 -4.11229 0
    endloop
  endfacet
  facet normal 0 0 -1
    outer loop
      vertex 11 -5 0
      vertex 14.1144 -4.3 0
      vertex 13 -7 0
    endloop
  endfacet
  facet normal -0 0 -1
    outer loop
      vertex 14.2306 -4.47402 0
      vertex 13 -7 0
      vertex 14.1144 -4.3 0
    endloop
  endfacet
  facet normal -0 0 -1
    outer loop
      vertex 14.3686 -4.63137 0
      vertex 13 -7 0
      vertex 14.2306 -4.47402 0
    endloop
  endfacet
  facet normal -0 0 -1
    outer loop
      vertex 14.526 -4.76937 0
      vertex 13 -7 0
      vertex 14.3686 -4.63137 0
    endloop
  endfacet
  facet normal -0 0 -1
    outer loop
      vertex 14.7 -4.88564 0
      vertex 13 -7 0
      vertex 14.526 -4.76937 0
    endloop
  endfacet
  facet normal -0 0 -1
    outer loop
      vertex 14.8877 -4.97821 0
      vertex 13 -7 0
      vertex 14.7 -4.88564 0
    endloop
  endfacet
  facet normal -0 0 -1
    outer loop
      vertex 15.0859 -5.04548 0
      vertex 13 -7 0
      vertex 14.8877 -4.97821 0
    endloop
  endfacet
  facet normal -0 0 -1
    outer loop
      vertex 15.2912 -5.08631 0
      vertex 13 -7 0
      vertex 15.0859 -5.04548 0
    endloop
  endfacet
  facet normal 0 0 -1
    outer loop
      vertex 22.1 40.5 0
      vertex 25 39 0
      vertex 23 37 0
    endloop
  endfacet
  facet normal 0 0 -1
    outer loop
      vertex 25 -5 0
      vertex 22.0455 -3.08589 0
      vertex 25 0 0
    endloop
  endfacet
  facet normal 0 0 -1
    outer loop
      vertex 22.0863 40.7088 0
      vertex 25 39 0
      vertex 22.1 40.5 0
    endloop
  endfacet
  facet normal 0 0 -1
    outer loop
      vertex 22.0455 40.9141 0
      vertex 25 39 0
      vertex 22.0863 40.7088 0
    endloop
  endfacet
  facet normal 0 0 -1
    outer loop
      vertex 25 39 0
      vertex 22.0455 40.9141 0
      vertex 25 44 0
    endloop
  endfacet
  facet normal 0 0 -1
    outer loop
      vertex 21.9782 41.1123 0
      vertex 25 44 0
      vertex 22.0455 40.9141 0
    endloop
  endfacet
  facet normal 0 0 -1
    outer loop
      vertex 21.8856 41.3 0
      vertex 25 44 0
      vertex 21.9782 41.1123 0
    endloop
  endfacet
  facet normal 0 0 -1
    outer loop
      vertex 21.7694 41.474 0
      vertex 25 44 0
      vertex 21.8856 41.3 0
    endloop
  endfacet
  facet normal 0 0 -1
    outer loop
      vertex 21.6314 41.6314 0
      vertex 25 44 0
      vertex 21.7694 41.474 0
    endloop
  endfacet
  facet normal 0 0 -1
    outer loop
      vertex 21.474 41.7694 0
      vertex 25 44 0
      vertex 21.6314 41.6314 0
    endloop
  endfacet
  facet normal 0 0 -1
    outer loop
      vertex 21.3 41.8856 0
      vertex 25 44 0
      vertex 21.474 41.7694 0
    endloop
  endfacet
  facet normal 0 0 -1
    outer loop
      vertex 21.1123 41.9782 0
      vertex 25 44 0
      vertex 21.3 41.8856 0
    endloop
  endfacet
  facet normal 0 0 -1
    outer loop
      vertex 20.9141 42.0455 0
      vertex 25 44 0
      vertex 21.1123 41.9782 0
    endloop
  endfacet
  facet normal 0 0 -1
    outer loop
      vertex 20.7088 42.0863 0
      vertex 25 44 0
      vertex 20.9141 42.0455 0
    endloop
  endfacet
  facet normal 0 0 -1
    outer loop
      vertex 20.5 42.1 0
      vertex 25 44 0
      vertex 20.7088 42.0863 0
    endloop
  endfacet
  facet normal 0 0 -1
    outer loop
      vertex 15.5 42.1 0
      vertex 25 44 0
      vertex 20.5 42.1 0
    endloop
  endfacet
  facet normal 0 0 -1
    outer loop
      vertex 11 44 0
      vertex 15.5 42.1 0
      vertex 15.2912 42.0863 0
    endloop
  endfacet
  facet normal -0 0 -1
    outer loop
      vertex 13.9545 40.0859 0
      vertex 11 39 0
      vertex 13.9137 40.2912 0
    endloop
  endfacet
  facet normal -0 0 -1
    outer loop
      vertex 13.9137 40.2912 0
      vertex 11 39 0
      vertex 13.9 40.5 0
    endloop
  endfacet
  facet normal -0 0 -1
    outer loop
      vertex 13.9 40.5 0
      vertex 11 39 0
      vertex 13.9137 40.7088 0
    endloop
  endfacet
  facet normal -0 0 -1
    outer loop
      vertex 13.9137 40.7088 0
      vertex 11 39 0
      vertex 13.9545 40.9141 0
    endloop
  endfacet
  facet normal 0 0 -1
    outer loop
      vertex 11 44 0
      vertex 13.9545 40.9141 0
      vertex 11 39 0
    endloop
  endfacet
  facet normal 0 0 -1
    outer loop
      vertex 13.9545 40.9141 0
      vertex 11 44 0
      vertex 14.0218 41.1123 0
    endloop
  endfacet
  facet normal 0 0 -1
    outer loop
      vertex 14.0218 41.1123 0
      vertex 11 44 0
      vertex 14.1144 41.3 0
    endloop
  endfacet
  facet normal 0 0 -1
    outer loop
      vertex 14.1144 41.3 0
      vertex 11 44 0
      vertex 14.2306 41.474 0
    endloop
  endfacet
  facet normal 0 0 -1
    outer loop
      vertex 14.2306 41.474 0
      vertex 11 44 0
      vertex 14.3686 41.6314 0
    endloop
  endfacet
  facet normal 0 0 -1
    outer loop
      vertex 15.5 42.1 0
      vertex 11 44 0
      vertex 25 44 0
    endloop
  endfacet
  facet normal 0 0 -1
    outer loop
      vertex 15.0859 42.0455 0
      vertex 11 44 0
      vertex 15.2912 42.0863 0
    endloop
  endfacet
  facet normal 0 0 -1
    outer loop
      vertex 14.8877 41.9782 0
      vertex 11 44 0
      vertex 15.0859 42.0455 0
    endloop
  endfacet
  facet normal 0 0 -1
    outer loop
      vertex 14.7 41.8856 0
      vertex 11 44 0
      vertex 14.8877 41.9782 0
    endloop
  endfacet
  facet normal 0 0 -1
    outer loop
      vertex 14.526 41.7694 0
      vertex 11 44 0
      vertex 14.7 41.8856 0
    endloop
  endfacet
  facet normal 0 0 -1
    outer loop
      vertex 14.3686 41.6314 0
      vertex 11 44 0
      vertex 14.526 41.7694 0
    endloop
  endfacet
  facet normal 0 0 -1
    outer loop
      vertex 57.9782 -2.88771 0
      vertex 61 0 0
      vertex 58.0455 -3.08589 0
    endloop
  endfacet
  facet normal 0 0 -1
    outer loop
      vertex 59 37 0
      vertex 58.0863 40.2912 0
      vertex 58.1 40.5 0
    endloop
  endfacet
  facet normal 0 0 -1
    outer loop
      vertex 57.8856 -2.7 0
      vertex 61 0 0
      vertex 57.9782 -2.88771 0
    endloop
  endfacet
  facet normal 0 0 -1
    outer loop
      vertex 59 37 0
      vertex 58.0455 40.0859 0
      vertex 58.0863 40.2912 0
    endloop
  endfacet
  facet normal 0 0 -1
    outer loop
      vertex 57.7694 -2.52598 0
      vertex 61 0 0
      vertex 57.8856 -2.7 0
    endloop
  endfacet
  facet normal 0 0 -1
    outer loop
      vertex 59 37 0
      vertex 57.9782 39.8877 0
      vertex 58.0455 40.0859 0
    endloop
  endfacet
  facet normal 0 0 -1
    outer loop
      vertex 57.6314 -2.36863 0
      vertex 61 0 0
      vertex 57.7694 -2.52598 0
    endloop
  endfacet
  facet normal 0 0 -1
    outer loop
      vertex 59 37 0
      vertex 57.8856 39.7 0
      vertex 57.9782 39.8877 0
    endloop
  endfacet
  facet normal 0 0 -1
    outer loop
      vertex 57.474 -2.23063 0
      vertex 61 0 0
      vertex 57.6314 -2.36863 0
    endloop
  endfacet
  facet normal 0 0 -1
    outer loop
      vertex 59 37 0
      vertex 57.7694 39.526 0
      vertex 57.8856 39.7 0
    endloop
  endfacet
  facet normal 0 0 -1
    outer loop
      vertex 57.3 -2.11436 0
      vertex 61 0 0
      vertex 57.474 -2.23063 0
    endloop
  endfacet
  facet normal 0 0 -1
    outer loop
      vertex 59 37 0
      vertex 57.6314 39.3686 0
      vertex 57.7694 39.526 0
    endloop
  endfacet
  facet normal 0 0 -1
    outer loop
      vertex 57.1123 -2.02179 0
      vertex 61 0 0
      vertex 57.3 -2.11436 0
    endloop
  endfacet
  facet normal 0 0 -1
    outer loop
      vertex 59 37 0
      vertex 57.474 39.2306 0
      vertex 57.6314 39.3686 0
    endloop
  endfacet
  facet normal 0 0 -1
    outer loop
      vertex 56.9141 -1.95452 0
      vertex 61 0 0
      vertex 57.1123 -2.02179 0
    endloop
  endfacet
  facet normal 0 0 -1
    outer loop
      vertex 59 37 0
      vertex 57.3 39.1144 0
      vertex 57.474 39.2306 0
    endloop
  endfacet
  facet normal 0 0 -1
    outer loop
      vertex 56.7088 -1.91369 0
      vertex 61 0 0
      vertex 56.9141 -1.95452 0
    endloop
  endfacet
  facet normal 0 0 -1
    outer loop
      vertex 59 37 0
      vertex 57.1123 39.0218 0
      vertex 57.3 39.1144 0
    endloop
  endfacet
  facet normal 0 0 -1
    outer loop
      vertex 56.5 -1.9 0
      vertex 61 0 0
      vertex 56.7088 -1.91369 0
    endloop
  endfacet
  facet normal 0 0 -1
    outer loop
      vertex 59 37 0
      vertex 56.9141 38.9545 0
      vertex 57.1123 39.0218 0
    endloop
  endfacet
  facet normal 0 0 -1
    outer loop
      vertex 51.5 -1.9 0
      vertex 61 0 0
      vertex 56.5 -1.9 0
    endloop
  endfacet
  facet normal 0 0 -1
    outer loop
      vertex 59 37 0
      vertex 56.7088 38.9137 0
      vertex 56.9141 38.9545 0
    endloop
  endfacet
  facet normal 0 0 -1
    outer loop
      vertex 61 0 0
      vertex 49 37 0
      vertex 59 37 0
    endloop
  endfacet
  facet normal 0 0 -1
    outer loop
      vertex 59 37 0
      vertex 56.5 38.9 0
      vertex 56.7088 38.9137 0
    endloop
  endfacet
  facet normal -0 0 -1
    outer loop
      vertex 61 0 0
      vertex 51.5 -1.9 0
      vertex 49 37 0
    endloop
  endfacet
  facet normal 0 0 -1
    outer loop
      vertex 59 37 0
      vertex 49 37 0
      vertex 56.5 38.9 0
    endloop
  endfacet
  facet normal 0 0 -1
    outer loop
      vertex 49 37 0
      vertex 51.5 -1.9 0
      vertex 51.2912 -1.91369 0
    endloop
  endfacet
  facet normal -0 0 -1
    outer loop
      vertex 56.5 38.9 0
      vertex 49 37 0
      vertex 51.5 38.9 0
    endloop
  endfacet
  facet normal 0 0 -1
    outer loop
      vertex 49 37 0
      vertex 51.2912 -1.91369 0
      vertex 51.0859 -1.95452 0
    endloop
  endfacet
  facet normal -0 0 -1
    outer loop
      vertex 51.5 38.9 0
      vertex 49 37 0
      vertex 51.2912 38.9137 0
    endloop
  endfacet
  facet normal 0 0 -1
    outer loop
      vertex 49 37 0
      vertex 51.0859 -1.95452 0
      vertex 50.8877 -2.02179 0
    endloop
  endfacet
  facet normal -0 0 -1
    outer loop
      vertex 51.2912 38.9137 0
      vertex 49 37 0
      vertex 51.0859 38.9545 0
    endloop
  endfacet
  facet normal 0 0 -1
    outer loop
      vertex 49 37 0
      vertex 50.8877 -2.02179 0
      vertex 50.7 -2.11436 0
    endloop
  endfacet
  facet normal -0 0 -1
    outer loop
      vertex 51.0859 38.9545 0
      vertex 49 37 0
      vertex 50.8877 39.0218 0
    endloop
  endfacet
  facet normal 0 0 -1
    outer loop
      vertex 49 37 0
      vertex 50.7 -2.11436 0
      vertex 50.526 -2.23063 0
    endloop
  endfacet
  facet normal -0 0 -1
    outer loop
      vertex 50.8877 39.0218 0
      vertex 49 37 0
      vertex 50.7 39.1144 0
    endloop
  endfacet
  facet normal 0 0 -1
    outer loop
      vertex 49 37 0
      vertex 50.526 -2.23063 0
      vertex 50.3686 -2.36863 0
    endloop
  endfacet
  facet normal -0 0 -1
    outer loop
      vertex 50.7 39.1144 0
      vertex 49 37 0
      vertex 50.526 39.2306 0
    endloop
  endfacet
  facet normal 0 0 -1
    outer loop
      vertex 50.1144 -2.7 0
      vertex 47 0 0
      vertex 50.2306 -2.52598 0
    endloop
  endfacet
  facet normal -0 0 -1
    outer loop
      vertex 50.526 39.2306 0
      vertex 49 37 0
      vertex 50.3686 39.3686 0
    endloop
  endfacet
  facet normal 0 0 -1
    outer loop
      vertex 50.0218 -2.88771 0
      vertex 47 0 0
      vertex 50.1144 -2.7 0
    endloop
  endfacet
  facet normal -0 0 -1
    outer loop
      vertex 50.3686 39.3686 0
      vertex 49 37 0
      vertex 50.2306 39.526 0
    endloop
  endfacet
  facet normal 0 0 -1
    outer loop
      vertex 49.9545 -3.08589 0
      vertex 47 0 0
      vertex 50.0218 -2.88771 0
    endloop
  endfacet
  facet normal -0 0 -1
    outer loop
      vertex 50.2306 39.526 0
      vertex 49 37 0
      vertex 50.1144 39.7 0
    endloop
  endfacet
  facet normal 0 0 -1
    outer loop
      vertex 47 0 0
      vertex 49.9545 -3.08589 0
      vertex 47 -5 0
    endloop
  endfacet
  facet normal 0 0 -1
    outer loop
      vertex 47 39 0
      vertex 50.1144 39.7 0
      vertex 49 37 0
    endloop
  endfacet
  facet normal -0 0 -1
    outer loop
      vertex 49.9 -3.5 0
      vertex 47 -5 0
      vertex 49.9137 -3.29116 0
    endloop
  endfacet
  facet normal -0 0 -1
    outer loop
      vertex 50.1144 39.7 0
      vertex 47 39 0
      vertex 50.0218 39.8877 0
    endloop
  endfacet
  facet normal -0 0 -1
    outer loop
      vertex 49.9137 -3.70884 0
      vertex 47 -5 0
      vertex 49.9 -3.5 0
    endloop
  endfacet
  facet normal -0 0 -1
    outer loop
      vertex 50.0218 39.8877 0
      vertex 47 39 0
      vertex 49.9545 40.0859 0
    endloop
  endfacet
  facet normal 0 0 -1
    outer loop
      vertex 57.8856 -4.3 0
      vertex 61 -5 0
      vertex 59 -7 0
    endloop
  endfacet
  facet normal 0 0 -1
    outer loop
      vertex 61 0 0
      vertex 72 5 0
      vertex 67 0 0
    endloop
  endfacet
  facet normal -0 0 -1
    outer loop
      vertex 72 5 0
      vertex 61 0 0
      vertex 72 32 0
    endloop
  endfacet
  facet normal 0 0 -1
    outer loop
      vertex 59 37 0
      vertex 72 32 0
      vertex 61 0 0
    endloop
  endfacet
  facet normal 0 -0 -1
    outer loop
      vertex 58.1 -3.5 0
      vertex 61 -5 0
      vertex 58.0863 -3.70884 0
    endloop
  endfacet
  facet normal 0 0 -1
    outer loop
      vertex 58.0455 -3.08589 0
      vertex 61 -5 0
      vertex 58.0863 -3.29116 0
    endloop
  endfacet
  facet normal 0 0 -1
    outer loop
      vertex 72 32 0
      vertex 59 37 0
      vertex 67 37 0
    endloop
  endfacet
  facet normal 0 0 -1
    outer loop
      vertex 58.0863 -3.29116 0
      vertex 61 -5 0
      vertex 58.1 -3.5 0
    endloop
  endfacet
  facet normal 0 0 -1
    outer loop
      vertex 61 -5 0
      vertex 58.0455 -3.91411 0
      vertex 58.0863 -3.70884 0
    endloop
  endfacet
  facet normal 0 0 -1
    outer loop
      vertex 61 -5 0
      vertex 57.9782 -4.11229 0
      vertex 58.0455 -3.91411 0
    endloop
  endfacet
  facet normal 0 0 -1
    outer loop
      vertex 61 -5 0
      vertex 57.8856 -4.3 0
      vertex 57.9782 -4.11229 0
    endloop
  endfacet
  facet normal 0 0 -1
    outer loop
      vertex 59 -7 0
      vertex 57.7694 -4.47402 0
      vertex 57.8856 -4.3 0
    endloop
  endfacet
  facet normal 0 0 -1
    outer loop
      vertex 59 -7 0
      vertex 57.6314 -4.63137 0
      vertex 57.7694 -4.47402 0
    endloop
  endfacet
  facet normal 0 0 -1
    outer loop
      vertex 59 -7 0
      vertex 57.474 -4.76937 0
      vertex 57.6314 -4.63137 0
    endloop
  endfacet
  facet normal 0 0 -1
    outer loop
      vertex 59 -7 0
      vertex 57.3 -4.88564 0
      vertex 57.474 -4.76937 0
    endloop
  endfacet
  facet normal 0 0 -1
    outer loop
      vertex 59 -7 0
      vertex 57.1123 -4.97821 0
      vertex 57.3 -4.88564 0
    endloop
  endfacet
  facet normal 0 0 -1
    outer loop
      vertex 59 -7 0
      vertex 56.9141 -5.04548 0
      vertex 57.1123 -4.97821 0
    endloop
  endfacet
  facet normal 0 0 -1
    outer loop
      vertex 59 -7 0
      vertex 56.7088 -5.08631 0
      vertex 56.9141 -5.04548 0
    endloop
  endfacet
  facet normal 0 0 -1
    outer loop
      vertex 59 -7 0
      vertex 56.5 -5.1 0
      vertex 56.7088 -5.08631 0
    endloop
  endfacet
  facet normal 0 0 -1
    outer loop
      vertex 59 -7 0
      vertex 51.5 -5.1 0
      vertex 56.5 -5.1 0
    endloop
  endfacet
  facet normal 0 0 -1
    outer loop
      vertex 49 -7 0
      vertex 51.5 -5.1 0
      vertex 59 -7 0
    endloop
  endfacet
  facet normal -0 0 -1
    outer loop
      vertex 51.5 -5.1 0
      vertex 49 -7 0
      vertex 51.2912 -5.08631 0
    endloop
  endfacet
  facet normal -0 0 -1
    outer loop
      vertex 49.9137 -3.29116 0
      vertex 47 -5 0
      vertex 49.9545 -3.08589 0
    endloop
  endfacet
  facet normal -0 0 -1
    outer loop
      vertex 49.9545 -3.91411 0
      vertex 47 -5 0
      vertex 49.9137 -3.70884 0
    endloop
  endfacet
  facet normal -0 0 -1
    outer loop
      vertex 50.0218 -4.11229 0
      vertex 47 -5 0
      vertex 49.9545 -3.91411 0
    endloop
  endfacet
  facet normal -0 0 -1
    outer loop
      vertex 50.1144 -4.3 0
      vertex 47 -5 0
      vertex 50.0218 -4.11229 0
    endloop
  endfacet
  facet normal 0 0 -1
    outer loop
      vertex 47 -5 0
      vertex 50.1144 -4.3 0
      vertex 49 -7 0
    endloop
  endfacet
  facet normal -0 0 -1
    outer loop
      vertex 50.2306 -4.47402 0
      vertex 49 -7 0
      vertex 50.1144 -4.3 0
    endloop
  endfacet
  facet normal -0 0 -1
    outer loop
      vertex 50.3686 -4.63137 0
      vertex 49 -7 0
      vertex 50.2306 -4.47402 0
    endloop
  endfacet
  facet normal -0 0 -1
    outer loop
      vertex 50.526 -4.76937 0
      vertex 49 -7 0
      vertex 50.3686 -4.63137 0
    endloop
  endfacet
  facet normal -0 0 -1
    outer loop
      vertex 50.7 -4.88564 0
      vertex 49 -7 0
      vertex 50.526 -4.76937 0
    endloop
  endfacet
  facet normal -0 0 -1
    outer loop
      vertex 50.8877 -4.97821 0
      vertex 49 -7 0
      vertex 50.7 -4.88564 0
    endloop
  endfacet
  facet normal -0 0 -1
    outer loop
      vertex 51.0859 -5.04548 0
      vertex 49 -7 0
      vertex 50.8877 -4.97821 0
    endloop
  endfacet
  facet normal -0 0 -1
    outer loop
      vertex 51.2912 -5.08631 0
      vertex 49 -7 0
      vertex 51.0859 -5.04548 0
    endloop
  endfacet
  facet normal 0 0 -1
    outer loop
      vertex 58.1 40.5 0
      vertex 61 39 0
      vertex 59 37 0
    endloop
  endfacet
  facet normal 0 0 -1
    outer loop
      vertex 61 -5 0
      vertex 58.0455 -3.08589 0
      vertex 61 0 0
    endloop
  endfacet
  facet normal 0 0 -1
    outer loop
      vertex 58.0863 40.7088 0
      vertex 61 39 0
      vertex 58.1 40.5 0
    endloop
  endfacet
  facet normal 0 0 -1
    outer loop
      vertex 58.0455 40.9141 0
      vertex 61 39 0
      vertex 58.0863 40.7088 0
    endloop
  endfacet
  facet normal 0 0 -1
    outer loop
      vertex 61 39 0
      vertex 58.0455 40.9141 0
      vertex 61 44 0
    endloop
  endfacet
  facet normal 0 0 -1
    outer loop
      vertex 57.9782 41.1123 0
      vertex 61 44 0
      vertex 58.0455 40.9141 0
    endloop
  endfacet
  facet normal 0 0 -1
    outer loop
      vertex 57.8856 41.3 0
      vertex 61 44 0
      vertex 57.9782 41.1123 0
    endloop
  endfacet
  facet normal 0 0 -1
    outer loop
      vertex 57.7694 41.474 0
      vertex 61 44 0
      vertex 57.8856 41.3 0
    endloop
  endfacet
  facet normal 0 0 -1
    outer loop
      vertex 57.6314 41.6314 0
      vertex 61 44 0
      vertex 57.7694 41.474 0
    endloop
  endfacet
  facet normal 0 0 -1
    outer loop
      vertex 57.474 41.7694 0
      vertex 61 44 0
      vertex 57.6314 41.6314 0
    endloop
  endfacet
  facet normal 0 0 -1
    outer loop
      vertex 57.3 41.8856 0
      vertex 61 44 0
      vertex 57.474 41.7694 0
    endloop
  endfacet
  facet normal 0 0 -1
    outer loop
      vertex 57.1123 41.9782 0
      vertex 61 44 0
      vertex 57.3 41.8856 0
    endloop
  endfacet
  facet normal 0 0 -1
    outer loop
      vertex 56.9141 42.0455 0
      vertex 61 44 0
      vertex 57.1123 41.9782 0
    endloop
  endfacet
  facet normal 0 0 -1
    outer loop
      vertex 56.7088 42.0863 0
      vertex 61 44 0
      vertex 56.9141 42.0455 0
    endloop
  endfacet
  facet normal 0 0 -1
    outer loop
      vertex 56.5 42.1 0
      vertex 61 44 0
      vertex 56.7088 42.0863 0
    endloop
  endfacet
  facet normal 0 0 -1
    outer loop
      vertex 51.5 42.1 0
      vertex 61 44 0
      vertex 56.5 42.1 0
    endloop
  endfacet
  facet normal 0 0 -1
    outer loop
      vertex 47 44 0
      vertex 51.5 42.1 0
      vertex 51.2912 42.0863 0
    endloop
  endfacet
  facet normal -0 0 -1
    outer loop
      vertex 49.9545 40.0859 0
      vertex 47 39 0
      vertex 49.9137 40.2912 0
    endloop
  endfacet
  facet normal -0 0 -1
    outer loop
      vertex 49.9137 40.2912 0
      vertex 47 39 0
      vertex 49.9 40.5 0
    endloop
  endfacet
  facet normal -0 0 -1
    outer loop
      vertex 49.9 40.5 0
      vertex 47 39 0
      vertex 49.9137 40.7088 0
    endloop
  endfacet
  facet normal -0 0 -1
    outer loop
      vertex 49.9137 40.7088 0
      vertex 47 39 0
      vertex 49.9545 40.9141 0
    endloop
  endfacet
  facet normal 0 0 -1
    outer loop
      vertex 47 44 0
      vertex 49.9545 40.9141 0
      vertex 47 39 0
    endloop
  endfacet
  facet normal 0 0 -1
    outer loop
      vertex 49.9545 40.9141 0
      vertex 47 44 0
      vertex 50.0218 41.1123 0
    endloop
  endfacet
  facet normal 0 0 -1
    outer loop
      vertex 50.0218 41.1123 0
      vertex 47 44 0
      vertex 50.1144 41.3 0
    endloop
  endfacet
  facet normal 0 0 -1
    outer loop
      vertex 50.1144 41.3 0
      vertex 47 44 0
      vertex 50.2306 41.474 0
    endloop
  endfacet
  facet normal 0 0 -1
    outer loop
      vertex 50.2306 41.474 0
      vertex 47 44 0
      vertex 50.3686 41.6314 0
    endloop
  endfacet
  facet normal 0 0 -1
    outer loop
      vertex 51.5 42.1 0
      vertex 47 44 0
      vertex 61 44 0
    endloop
  endfacet
  facet normal 0 0 -1
    outer loop
      vertex 51.0859 42.0455 0
      vertex 47 44 0
      vertex 51.2912 42.0863 0
    endloop
  endfacet
  facet normal 0 0 -1
    outer loop
      vertex 50.8877 41.9782 0
      vertex 47 44 0
      vertex 51.0859 42.0455 0
    endloop
  endfacet
  facet normal 0 0 -1
    outer loop
      vertex 50.7 41.8856 0
      vertex 47 44 0
      vertex 50.8877 41.9782 0
    endloop
  endfacet
  facet normal 0 0 -1
    outer loop
      vertex 50.526 41.7694 0
      vertex 47 44 0
      vertex 50.7 41.8856 0
    endloop
  endfacet
  facet normal 0 0 -1
    outer loop
      vertex 50.3686 41.6314 0
      vertex 47 44 0
      vertex 50.526 41.7694 0
    endloop
  endfacet
  facet normal 0.707107 -0.707107 0
    outer loop
      vertex 23 -7 2
      vertex 25 -5 0
      vertex 25 -5 2
    endloop
  endfacet
  facet normal 0.707107 -0.707107 0
    outer loop
      vertex 25 -5 0
      vertex 23 -7 2
      vertex 23 -7 0
    endloop
  endfacet
  facet normal -1 0 0
    outer loop
      vertex 11 -5 0
      vertex 11 0 2
      vertex 11 0 0
    endloop
  endfacet
  facet normal -1 -0 0
    outer loop
      vertex 11 0 2
      vertex 11 -5 0
      vertex 11 -5 2
    endloop
  endfacet
  facet normal -0.707107 -0.707107 0
    outer loop
      vertex 13 -7 0
      vertex 11 -5 2
      vertex 11 -5 0
    endloop
  endfacet
  facet normal -0.707107 -0.707107 0
    outer loop
      vertex 11 -5 2
      vertex 13 -7 0
      vertex 13 -7 2
    endloop
  endfacet
  facet normal 0 -1 0
    outer loop
      vertex 47 0 0
      vertex 38.9 0 4.5
      vertex 25 0 0
    endloop
  endfacet
  facet normal 0 -1 0
    outer loop
      vertex 38.9 0 4.5
      vertex 47 0 0
      vertex 47 0 2
    endloop
  endfacet
  facet normal 0 -1 0
    outer loop
      vertex 49.4 0 4.5
      vertex 51.5 0 11.7
      vertex 49.4 0 11.7
    endloop
  endfacet
  facet normal 0 -1 -0
    outer loop
      vertex 51.5 0 11.7
      vertex 49.4 0 4.5
      vertex 51.5 0 4.5
    endloop
  endfacet
  facet normal 0 -1 0
    outer loop
      vertex 23.5 0 4.5
      vertex 38.9 0 11.7
      vertex 23.5 0 11.7
    endloop
  endfacet
  facet normal 0 -1 -0
    outer loop
      vertex 38.9 0 11.7
      vertex 23.5 0 4.5
      vertex 38.9 0 4.5
    endloop
  endfacet
  facet normal 0 -1 0
    outer loop
      vertex 23.5 0 11.7
      vertex 5 0 12
      vertex 8.3 0 11.7
    endloop
  endfacet
  facet normal 0 -1 0
    outer loop
      vertex 5 0 12
      vertex 8.3 0 4.5
      vertex 8.3 0 11.7
    endloop
  endfacet
  facet normal 0 -1 0
    outer loop
      vertex 11 0 2
      vertex 23.5 0 4.5
      vertex 8.3 0 4.5
    endloop
  endfacet
  facet normal 0 -1 0
    outer loop
      vertex 23.5 0 4.5
      vertex 25 0 2
      vertex 38.9 0 4.5
    endloop
  endfacet
  facet normal 0 -1 0
    outer loop
      vertex 25 0 0
      vertex 38.9 0 4.5
      vertex 25 0 2
    endloop
  endfacet
  facet normal 0 -1 0
    outer loop
      vertex 38.9 0 4.5
      vertex 47 0 2
      vertex 49.4 0 4.5
    endloop
  endfacet
  facet normal 0 -1 -0
    outer loop
      vertex 23.5 0 4.5
      vertex 11 0 2
      vertex 25 0 2
    endloop
  endfacet
  facet normal 0 -1 0
    outer loop
      vertex 5 0 0
      vertex 8.3 0 4.5
      vertex 5 0 12
    endloop
  endfacet
  facet normal 0 -1 0
    outer loop
      vertex 5 0 0
      vertex 11 0 2
      vertex 8.3 0 4.5
    endloop
  endfacet
  facet normal 0 -1 -0
    outer loop
      vertex 11 0 2
      vertex 5 0 0
      vertex 11 0 0
    endloop
  endfacet
  facet normal 0 -1 0
    outer loop
      vertex 5 0 12
      vertex 23.5 0 11.7
      vertex 67 0 12
    endloop
  endfacet
  facet normal 0 -1 0
    outer loop
      vertex 38.9 0 11.7
      vertex 67 0 12
      vertex 23.5 0 11.7
    endloop
  endfacet
  facet normal 0 -1 0
    outer loop
      vertex 49.4 0 11.7
      vertex 67 0 12
      vertex 38.9 0 11.7
    endloop
  endfacet
  facet normal 0 -1 0
    outer loop
      vertex 51.5 0 11.7
      vertex 67 0 12
      vertex 49.4 0 11.7
    endloop
  endfacet
  facet normal 0 -1 0
    outer loop
      vertex 62.5 0 11.7
      vertex 67 0 12
      vertex 51.5 0 11.7
    endloop
  endfacet
  facet normal 0 -1 0
    outer loop
      vertex 62.5 0 4.5
      vertex 67 0 12
      vertex 62.5 0 11.7
    endloop
  endfacet
  facet normal 0 -1 -0
    outer loop
      vertex 49.4 0 4.5
      vertex 47 0 2
      vertex 51.5 0 4.5
    endloop
  endfacet
  facet normal 0 -1 0
    outer loop
      vertex 61 0 2
      vertex 51.5 0 4.5
      vertex 47 0 2
    endloop
  endfacet
  facet normal 0 -1 0
    outer loop
      vertex 51.5 0 4.5
      vertex 61 0 2
      vertex 62.5 0 4.5
    endloop
  endfacet
  facet normal 0 -1 0
    outer loop
      vertex 67 0 0
      vertex 62.5 0 4.5
      vertex 61 0 2
    endloop
  endfacet
  facet normal 0 -1 0
    outer loop
      vertex 67 0 0
      vertex 61 0 2
      vertex 61 0 0
    endloop
  endfacet
  facet normal 0 -1 0
    outer loop
      vertex 62.5 0 4.5
      vertex 67 0 0
      vertex 67 0 12
    endloop
  endfacet
  facet normal 0 -1 0
    outer loop
      vertex 13 -7 0
      vertex 23 -7 2
      vertex 13 -7 2
    endloop
  endfacet
  facet normal 0 -1 -0
    outer loop
      vertex 23 -7 2
      vertex 13 -7 0
      vertex 23 -7 0
    endloop
  endfacet
  facet normal 1 -0 0
    outer loop
      vertex 25 -5 2
      vertex 25 0 0
      vertex 25 0 2
    endloop
  endfacet
  facet normal 1 0 0
    outer loop
      vertex 25 0 0
      vertex 25 -5 2
      vertex 25 -5 0
    endloop
  endfacet
  facet normal -0 0 1
    outer loop
      vertex 22.0455 40.9141 2
      vertex 25 39 2
      vertex 25 44 2
    endloop
  endfacet
  facet normal 0 0 1
    outer loop
      vertex 25 39 2
      vertex 22.1 40.5 2
      vertex 22.0863 40.2912 2
    endloop
  endfacet
  facet normal 0 0 1
    outer loop
      vertex 25 39 2
      vertex 22.0863 40.7088 2
      vertex 22.1 40.5 2
    endloop
  endfacet
  facet normal 0 0 1
    outer loop
      vertex 25 39 2
      vertex 22.0455 40.9141 2
      vertex 22.0863 40.7088 2
    endloop
  endfacet
  facet normal 0 0 1
    outer loop
      vertex 25 44 2
      vertex 21.9782 41.1123 2
      vertex 22.0455 40.9141 2
    endloop
  endfacet
  facet normal 0 0 1
    outer loop
      vertex 25 44 2
      vertex 21.8856 41.3 2
      vertex 21.9782 41.1123 2
    endloop
  endfacet
  facet normal 0 0 1
    outer loop
      vertex 25 44 2
      vertex 21.7694 41.474 2
      vertex 21.8856 41.3 2
    endloop
  endfacet
  facet normal 0 0 1
    outer loop
      vertex 25 44 2
      vertex 21.6314 41.6314 2
      vertex 21.7694 41.474 2
    endloop
  endfacet
  facet normal 0 0 1
    outer loop
      vertex 25 44 2
      vertex 21.474 41.7694 2
      vertex 21.6314 41.6314 2
    endloop
  endfacet
  facet normal 0 0 1
    outer loop
      vertex 25 44 2
      vertex 21.3 41.8856 2
      vertex 21.474 41.7694 2
    endloop
  endfacet
  facet normal 0 0 1
    outer loop
      vertex 25 44 2
      vertex 21.1123 41.9782 2
      vertex 21.3 41.8856 2
    endloop
  endfacet
  facet normal 0 0 1
    outer loop
      vertex 25 44 2
      vertex 20.9141 42.0455 2
      vertex 21.1123 41.9782 2
    endloop
  endfacet
  facet normal 0 0 1
    outer loop
      vertex 25 44 2
      vertex 20.7088 42.0863 2
      vertex 20.9141 42.0455 2
    endloop
  endfacet
  facet normal 0 0 1
    outer loop
      vertex 25 44 2
      vertex 20.5 42.1 2
      vertex 20.7088 42.0863 2
    endloop
  endfacet
  facet normal 0 0 1
    outer loop
      vertex 25 44 2
      vertex 15.5 42.1 2
      vertex 20.5 42.1 2
    endloop
  endfacet
  facet normal -0 0 1
    outer loop
      vertex 11 44 2
      vertex 15.5 42.1 2
      vertex 25 44 2
    endloop
  endfacet
  facet normal 0 0 1
    outer loop
      vertex 11 39 2
      vertex 13.9 40.5 2
      vertex 13.9137 40.7088 2
    endloop
  endfacet
  facet normal 0 0 1
    outer loop
      vertex 11 39 2
      vertex 13.9137 40.7088 2
      vertex 13.9545 40.9141 2
    endloop
  endfacet
  facet normal 0 0 1
    outer loop
      vertex 15.5 42.1 2
      vertex 11 44 2
      vertex 15.2912 42.0863 2
    endloop
  endfacet
  facet normal 0 0 1
    outer loop
      vertex 11 44 2
      vertex 15.0859 42.0455 2
      vertex 15.2912 42.0863 2
    endloop
  endfacet
  facet normal 0 0 1
    outer loop
      vertex 11 44 2
      vertex 14.8877 41.9782 2
      vertex 15.0859 42.0455 2
    endloop
  endfacet
  facet normal 0 0 1
    outer loop
      vertex 11 44 2
      vertex 14.7 41.8856 2
      vertex 14.8877 41.9782 2
    endloop
  endfacet
  facet normal 0 0 1
    outer loop
      vertex 11 44 2
      vertex 14.526 41.7694 2
      vertex 14.7 41.8856 2
    endloop
  endfacet
  facet normal 0 0 1
    outer loop
      vertex 11 44 2
      vertex 14.3686 41.6314 2
      vertex 14.526 41.7694 2
    endloop
  endfacet
  facet normal 0 0 1
    outer loop
      vertex 11 44 2
      vertex 14.2306 41.474 2
      vertex 14.3686 41.6314 2
    endloop
  endfacet
  facet normal 0 0 1
    outer loop
      vertex 11 44 2
      vertex 14.1144 41.3 2
      vertex 14.2306 41.474 2
    endloop
  endfacet
  facet normal 0 0 1
    outer loop
      vertex 11 44 2
      vertex 14.0218 41.1123 2
      vertex 14.1144 41.3 2
    endloop
  endfacet
  facet normal 0 0 1
    outer loop
      vertex 11 44 2
      vertex 13.9545 40.9141 2
      vertex 14.0218 41.1123 2
    endloop
  endfacet
  facet normal 0 0 1
    outer loop
      vertex 11 39 2
      vertex 13.9545 40.9141 2
      vertex 11 44 2
    endloop
  endfacet
  facet normal 0 0 1
    outer loop
      vertex 13.9 40.5 2
      vertex 11 39 2
      vertex 13 37 2
    endloop
  endfacet
  facet normal -0 0 1
    outer loop
      vertex 22.0455 40.0859 2
      vertex 25 39 2
      vertex 22.0863 40.2912 2
    endloop
  endfacet
  facet normal -0 0 1
    outer loop
      vertex 21.9782 39.8877 2
      vertex 25 39 2
      vertex 22.0455 40.0859 2
    endloop
  endfacet
  facet normal -0 0 1
    outer loop
      vertex 21.8856 39.7 2
      vertex 25 39 2
      vertex 21.9782 39.8877 2
    endloop
  endfacet
  facet normal 0 0 1
    outer loop
      vertex 25 39 2
      vertex 21.8856 39.7 2
      vertex 23 37 2
    endloop
  endfacet
  facet normal -0 0 1
    outer loop
      vertex 21.7694 39.526 2
      vertex 23 37 2
      vertex 21.8856 39.7 2
    endloop
  endfacet
  facet normal -0 0 1
    outer loop
      vertex 21.6314 39.3686 2
      vertex 23 37 2
      vertex 21.7694 39.526 2
    endloop
  endfacet
  facet normal -0 0 1
    outer loop
      vertex 21.474 39.2306 2
      vertex 23 37 2
      vertex 21.6314 39.3686 2
    endloop
  endfacet
  facet normal -0 0 1
    outer loop
      vertex 21.3 39.1144 2
      vertex 23 37 2
      vertex 21.474 39.2306 2
    endloop
  endfacet
  facet normal -0 0 1
    outer loop
      vertex 21.1123 39.0218 2
      vertex 23 37 2
      vertex 21.3 39.1144 2
    endloop
  endfacet
  facet normal -0 0 1
    outer loop
      vertex 20.9141 38.9545 2
      vertex 23 37 2
      vertex 21.1123 39.0218 2
    endloop
  endfacet
  facet normal -0 0 1
    outer loop
      vertex 20.7088 38.9137 2
      vertex 23 37 2
      vertex 20.9141 38.9545 2
    endloop
  endfacet
  facet normal -0 0 1
    outer loop
      vertex 20.5 38.9 2
      vertex 23 37 2
      vertex 20.7088 38.9137 2
    endloop
  endfacet
  facet normal -0 0 1
    outer loop
      vertex 15.5 38.9 2
      vertex 23 37 2
      vertex 20.5 38.9 2
    endloop
  endfacet
  facet normal 0 0 1
    outer loop
      vertex 13 37 2
      vertex 15.5 38.9 2
      vertex 15.2912 38.9137 2
    endloop
  endfacet
  facet normal 0 0 1
    outer loop
      vertex 13 37 2
      vertex 15.2912 38.9137 2
      vertex 15.0859 38.9545 2
    endloop
  endfacet
  facet normal 0 0 1
    outer loop
      vertex 15.5 38.9 2
      vertex 13 37 2
      vertex 23 37 2
    endloop
  endfacet
  facet normal 0 0 1
    outer loop
      vertex 14.8877 39.0218 2
      vertex 13 37 2
      vertex 15.0859 38.9545 2
    endloop
  endfacet
  facet normal 0 0 1
    outer loop
      vertex 14.7 39.1144 2
      vertex 13 37 2
      vertex 14.8877 39.0218 2
    endloop
  endfacet
  facet normal 0 0 1
    outer loop
      vertex 14.526 39.2306 2
      vertex 13 37 2
      vertex 14.7 39.1144 2
    endloop
  endfacet
  facet normal 0 0 1
    outer loop
      vertex 14.3686 39.3686 2
      vertex 13 37 2
      vertex 14.526 39.2306 2
    endloop
  endfacet
  facet normal 0 0 1
    outer loop
      vertex 14.2306 39.526 2
      vertex 13 37 2
      vertex 14.3686 39.3686 2
    endloop
  endfacet
  facet normal 0 0 1
    outer loop
      vertex 14.1144 39.7 2
      vertex 13 37 2
      vertex 14.2306 39.526 2
    endloop
  endfacet
  facet normal 0 0 1
    outer loop
      vertex 14.0218 39.8877 2
      vertex 13 37 2
      vertex 14.1144 39.7 2
    endloop
  endfacet
  facet normal 0 0 1
    outer loop
      vertex 13.9545 40.0859 2
      vertex 13 37 2
      vertex 14.0218 39.8877 2
    endloop
  endfacet
  facet normal 0 0 1
    outer loop
      vertex 13.9137 40.2912 2
      vertex 13 37 2
      vertex 13.9545 40.0859 2
    endloop
  endfacet
  facet normal 0 0 1
    outer loop
      vertex 13 37 2
      vertex 13.9137 40.2912 2
      vertex 13.9 40.5 2
    endloop
  endfacet
  facet normal 0.707107 -0.707107 0
    outer loop
      vertex 23 37 2
      vertex 25 39 0
      vertex 25 39 2
    endloop
  endfacet
  facet normal 0.707107 -0.707107 0
    outer loop
      vertex 25 39 0
      vertex 23 37 2
      vertex 23 37 0
    endloop
  endfacet
  facet normal -1 0 0
    outer loop
      vertex 11 39 0
      vertex 11 44 2
      vertex 11 44 0
    endloop
  endfacet
  facet normal -1 -0 0
    outer loop
      vertex 11 44 2
      vertex 11 39 0
      vertex 11 39 2
    endloop
  endfacet
  facet normal -0.707107 -0.707107 0
    outer loop
      vertex 13 37 0
      vertex 11 39 2
      vertex 11 39 0
    endloop
  endfacet
  facet normal -0.707107 -0.707107 0
    outer loop
      vertex 11 39 2
      vertex 13 37 0
      vertex 13 37 2
    endloop
  endfacet
  facet normal 0 1 -0
    outer loop
      vertex 25 44 0
      vertex 11 44 2
      vertex 25 44 2
    endloop
  endfacet
  facet normal 0 1 0
    outer loop
      vertex 11 44 2
      vertex 25 44 0
      vertex 11 44 0
    endloop
  endfacet
  facet normal 0 1 -0
    outer loop
      vertex 49 37 0
      vertex 23 37 2
      vertex 49 37 2
    endloop
  endfacet
  facet normal 0 1 0
    outer loop
      vertex 23 37 2
      vertex 49 37 0
      vertex 23 37 0
    endloop
  endfacet
  facet normal 0 1 0
    outer loop
      vertex 49 37 2
      vertex 67 37 12
      vertex 59 37 2
    endloop
  endfacet
  facet normal 0 1 -0
    outer loop
      vertex 67 37 0
      vertex 59 37 2
      vertex 67 37 12
    endloop
  endfacet
  facet normal 0 1 0
    outer loop
      vertex 59 37 2
      vertex 67 37 0
      vertex 59 37 0
    endloop
  endfacet
  facet normal 0 1 0
    outer loop
      vertex 67 37 12
      vertex 49 37 2
      vertex 5 37 12
    endloop
  endfacet
  facet normal 0 1 -0
    outer loop
      vertex 23 37 2
      vertex 5 37 12
      vertex 49 37 2
    endloop
  endfacet
  facet normal 0 1 -0
    outer loop
      vertex 13 37 2
      vertex 5 37 12
      vertex 23 37 2
    endloop
  endfacet
  facet normal 0 1 0
    outer loop
      vertex 5 37 0
      vertex 13 37 2
      vertex 13 37 0
    endloop
  endfacet
  facet normal 0 1 0
    outer loop
      vertex 13 37 2
      vertex 5 37 0
      vertex 5 37 12
    endloop
  endfacet
  facet normal 1 -0 0
    outer loop
      vertex 25 39 2
      vertex 25 44 0
      vertex 25 44 2
    endloop
  endfacet
  facet normal 1 0 0
    outer loop
      vertex 25 44 0
      vertex 25 39 2
      vertex 25 39 0
    endloop
  endfacet
  facet normal -0 0 1
    outer loop
      vertex 58.0455 -3.08589 2
      vertex 61 -5 2
      vertex 61 0 2
    endloop
  endfacet
  facet normal 0 0 1
    outer loop
      vertex 61 -5 2
      vertex 58.1 -3.5 2
      vertex 58.0863 -3.70884 2
    endloop
  endfacet
  facet normal 0 0 1
    outer loop
      vertex 61 -5 2
      vertex 58.0863 -3.29116 2
      vertex 58.1 -3.5 2
    endloop
  endfacet
  facet normal 0 0 1
    outer loop
      vertex 61 -5 2
      vertex 58.0455 -3.08589 2
      vertex 58.0863 -3.29116 2
    endloop
  endfacet
  facet normal 0 0 1
    outer loop
      vertex 61 0 2
      vertex 57.9782 -2.88771 2
      vertex 58.0455 -3.08589 2
    endloop
  endfacet
  facet normal 0 0 1
    outer loop
      vertex 61 0 2
      vertex 57.8856 -2.7 2
      vertex 57.9782 -2.88771 2
    endloop
  endfacet
  facet normal 0 0 1
    outer loop
      vertex 61 0 2
      vertex 57.7694 -2.52598 2
      vertex 57.8856 -2.7 2
    endloop
  endfacet
  facet normal 0 0 1
    outer loop
      vertex 61 0 2
      vertex 57.6314 -2.36863 2
      vertex 57.7694 -2.52598 2
    endloop
  endfacet
  facet normal 0 0 1
    outer loop
      vertex 61 0 2
      vertex 57.474 -2.23063 2
      vertex 57.6314 -2.36863 2
    endloop
  endfacet
  facet normal 0 0 1
    outer loop
      vertex 61 0 2
      vertex 57.3 -2.11436 2
      vertex 57.474 -2.23063 2
    endloop
  endfacet
  facet normal 0 0 1
    outer loop
      vertex 61 0 2
      vertex 57.1123 -2.02179 2
      vertex 57.3 -2.11436 2
    endloop
  endfacet
  facet normal 0 0 1
    outer loop
      vertex 61 0 2
      vertex 56.9141 -1.95452 2
      vertex 57.1123 -2.02179 2
    endloop
  endfacet
  facet normal 0 0 1
    outer loop
      vertex 61 0 2
      vertex 56.7088 -1.91369 2
      vertex 56.9141 -1.95452 2
    endloop
  endfacet
  facet normal 0 0 1
    outer loop
      vertex 61 0 2
      vertex 56.5 -1.9 2
      vertex 56.7088 -1.91369 2
    endloop
  endfacet
  facet normal 0 0 1
    outer loop
      vertex 61 0 2
      vertex 51.5 -1.9 2
      vertex 56.5 -1.9 2
    endloop
  endfacet
  facet normal -0 0 1
    outer loop
      vertex 47 0 2
      vertex 51.5 -1.9 2
      vertex 61 0 2
    endloop
  endfacet
  facet normal 0 0 1
    outer loop
      vertex 47 -5 2
      vertex 49.9 -3.5 2
      vertex 49.9137 -3.29116 2
    endloop
  endfacet
  facet normal 0 0 1
    outer loop
      vertex 47 -5 2
      vertex 49.9137 -3.29116 2
      vertex 49.9545 -3.08589 2
    endloop
  endfacet
  facet normal 0 0 1
    outer loop
      vertex 51.5 -1.9 2
      vertex 47 0 2
      vertex 51.2912 -1.91369 2
    endloop
  endfacet
  facet normal 0 0 1
    outer loop
      vertex 47 0 2
      vertex 51.0859 -1.95452 2
      vertex 51.2912 -1.91369 2
    endloop
  endfacet
  facet normal 0 0 1
    outer loop
      vertex 47 0 2
      vertex 50.8877 -2.02179 2
      vertex 51.0859 -1.95452 2
    endloop
  endfacet
  facet normal 0 0 1
    outer loop
      vertex 47 0 2
      vertex 50.7 -2.11436 2
      vertex 50.8877 -2.02179 2
    endloop
  endfacet
  facet normal 0 0 1
    outer loop
      vertex 47 0 2
      vertex 50.526 -2.23063 2
      vertex 50.7 -2.11436 2
    endloop
  endfacet
  facet normal 0 0 1
    outer loop
      vertex 47 0 2
      vertex 50.3686 -2.36863 2
      vertex 50.526 -2.23063 2
    endloop
  endfacet
  facet normal 0 0 1
    outer loop
      vertex 47 0 2
      vertex 50.2306 -2.52598 2
      vertex 50.3686 -2.36863 2
    endloop
  endfacet
  facet normal 0 0 1
    outer loop
      vertex 47 0 2
      vertex 50.1144 -2.7 2
      vertex 50.2306 -2.52598 2
    endloop
  endfacet
  facet normal 0 0 1
    outer loop
      vertex 47 0 2
      vertex 50.0218 -2.88771 2
      vertex 50.1144 -2.7 2
    endloop
  endfacet
  facet normal 0 0 1
    outer loop
      vertex 47 0 2
      vertex 49.9545 -3.08589 2
      vertex 50.0218 -2.88771 2
    endloop
  endfacet
  facet normal 0 0 1
    outer loop
      vertex 47 -5 2
      vertex 49.9545 -3.08589 2
      vertex 47 0 2
    endloop
  endfacet
  facet normal 0 0 1
    outer loop
      vertex 49.9 -3.5 2
      vertex 47 -5 2
      vertex 49 -7 2
    endloop
  endfacet
  facet normal -0 0 1
    outer loop
      vertex 58.0455 -3.91411 2
      vertex 61 -5 2
      vertex 58.0863 -3.70884 2
    endloop
  endfacet
  facet normal -0 0 1
    outer loop
      vertex 57.9782 -4.11229 2
      vertex 61 -5 2
      vertex 58.0455 -3.91411 2
    endloop
  endfacet
  facet normal -0 0 1
    outer loop
      vertex 57.8856 -4.3 2
      vertex 61 -5 2
      vertex 57.9782 -4.11229 2
    endloop
  endfacet
  facet normal 0 0 1
    outer loop
      vertex 61 -5 2
      vertex 57.8856 -4.3 2
      vertex 59 -7 2
    endloop
  endfacet
  facet normal -0 0 1
    outer loop
      vertex 57.7694 -4.47402 2
      vertex 59 -7 2
      vertex 57.8856 -4.3 2
    endloop
  endfacet
  facet normal -0 0 1
    outer loop
      vertex 57.6314 -4.63137 2
      vertex 59 -7 2
      vertex 57.7694 -4.47402 2
    endloop
  endfacet
  facet normal -0 0 1
    outer loop
      vertex 57.474 -4.76937 2
      vertex 59 -7 2
      vertex 57.6314 -4.63137 2
    endloop
  endfacet
  facet normal -0 0 1
    outer loop
      vertex 57.3 -4.88564 2
      vertex 59 -7 2
      vertex 57.474 -4.76937 2
    endloop
  endfacet
  facet normal -0 0 1
    outer loop
      vertex 57.1123 -4.97821 2
      vertex 59 -7 2
      vertex 57.3 -4.88564 2
    endloop
  endfacet
  facet normal -0 0 1
    outer loop
      vertex 56.9141 -5.04548 2
      vertex 59 -7 2
      vertex 57.1123 -4.97821 2
    endloop
  endfacet
  facet normal -0 0 1
    outer loop
      vertex 56.7088 -5.08631 2
      vertex 59 -7 2
      vertex 56.9141 -5.04548 2
    endloop
  endfacet
  facet normal -0 0 1
    outer loop
      vertex 56.5 -5.1 2
      vertex 59 -7 2
      vertex 56.7088 -5.08631 2
    endloop
  endfacet
  facet normal -0 0 1
    outer loop
      vertex 51.5 -5.1 2
      vertex 59 -7 2
      vertex 56.5 -5.1 2
    endloop
  endfacet
  facet normal 0 0 1
    outer loop
      vertex 49 -7 2
      vertex 51.5 -5.1 2
      vertex 51.2912 -5.08631 2
    endloop
  endfacet
  facet normal 0 0 1
    outer loop
      vertex 49 -7 2
      vertex 51.2912 -5.08631 2
      vertex 51.0859 -5.04548 2
    endloop
  endfacet
  facet normal 0 0 1
    outer loop
      vertex 51.5 -5.1 2
      vertex 49 -7 2
      vertex 59 -7 2
    endloop
  endfacet
  facet normal 0 0 1
    outer loop
      vertex 50.8877 -4.97821 2
      vertex 49 -7 2
      vertex 51.0859 -5.04548 2
    endloop
  endfacet
  facet normal 0 0 1
    outer loop
      vertex 50.7 -4.88564 2
      vertex 49 -7 2
      vertex 50.8877 -4.97821 2
    endloop
  endfacet
  facet normal 0 0 1
    outer loop
      vertex 50.526 -4.76937 2
      vertex 49 -7 2
      vertex 50.7 -4.88564 2
    endloop
  endfacet
  facet normal 0 0 1
    outer loop
      vertex 50.3686 -4.63137 2
      vertex 49 -7 2
      vertex 50.526 -4.76937 2
    endloop
  endfacet
  facet normal 0 0 1
    outer loop
      vertex 50.2306 -4.47402 2
      vertex 49 -7 2
      vertex 50.3686 -4.63137 2
    endloop
  endfacet
  facet normal 0 0 1
    outer loop
      vertex 50.1144 -4.3 2
      vertex 49 -7 2
      vertex 50.2306 -4.47402 2
    endloop
  endfacet
  facet normal 0 0 1
    outer loop
      vertex 50.0218 -4.11229 2
      vertex 49 -7 2
      vertex 50.1144 -4.3 2
    endloop
  endfacet
  facet normal 0 0 1
    outer loop
      vertex 49.9545 -3.91411 2
      vertex 49 -7 2
      vertex 50.0218 -4.11229 2
    endloop
  endfacet
  facet normal 0 0 1
    outer loop
      vertex 49.9137 -3.70884 2
      vertex 49 -7 2
      vertex 49.9545 -3.91411 2
    endloop
  endfacet
  facet normal 0 0 1
    outer loop
      vertex 49 -7 2
      vertex 49.9137 -3.70884 2
      vertex 49.9 -3.5 2
    endloop
  endfacet
  facet normal 0.707107 -0.707107 0
    outer loop
      vertex 59 -7 2
      vertex 61 -5 0
      vertex 61 -5 2
    endloop
  endfacet
  facet normal 0.707107 -0.707107 0
    outer loop
      vertex 61 -5 0
      vertex 59 -7 2
      vertex 59 -7 0
    endloop
  endfacet
  facet normal -1 0 0
    outer loop
      vertex 47 -5 0
      vertex 47 0 2
      vertex 47 0 0
    endloop
  endfacet
  facet normal -1 -0 0
    outer loop
      vertex 47 0 2
      vertex 47 -5 0
      vertex 47 -5 2
    endloop
  endfacet
  facet normal -0.707107 -0.707107 0
    outer loop
      vertex 49 -7 0
      vertex 47 -5 2
      vertex 47 -5 0
    endloop
  endfacet
  facet normal -0.707107 -0.707107 0
    outer loop
      vertex 47 -5 2
      vertex 49 -7 0
      vertex 49 -7 2
    endloop
  endfacet
  facet normal 0 -1 0
    outer loop
      vertex 49 -7 0
      vertex 59 -7 2
      vertex 49 -7 2
    endloop
  endfacet
  facet normal 0 -1 -0
    outer loop
      vertex 59 -7 2
      vertex 49 -7 0
      vertex 59 -7 0
    endloop
  endfacet
  facet normal 1 -0 0
    outer loop
      vertex 61 -5 2
      vertex 61 0 0
      vertex 61 0 2
    endloop
  endfacet
  facet normal 1 0 0
    outer loop
      vertex 61 0 0
      vertex 61 -5 2
      vertex 61 -5 0
    endloop
  endfacet
  facet normal -0 0 1
    outer loop
      vertex 58.0455 40.9141 2
      vertex 61 39 2
      vertex 61 44 2
    endloop
  endfacet
  facet normal 0 0 1
    outer loop
      vertex 61 39 2
      vertex 58.1 40.5 2
      vertex 58.0863 40.2912 2
    endloop
  endfacet
  facet normal 0 0 1
    outer loop
      vertex 61 39 2
      vertex 58.0863 40.7088 2
      vertex 58.1 40.5 2
    endloop
  endfacet
  facet normal 0 0 1
    outer loop
      vertex 61 39 2
      vertex 58.0455 40.9141 2
      vertex 58.0863 40.7088 2
    endloop
  endfacet
  facet normal 0 0 1
    outer loop
      vertex 61 44 2
      vertex 57.9782 41.1123 2
      vertex 58.0455 40.9141 2
    endloop
  endfacet
  facet normal 0 0 1
    outer loop
      vertex 61 44 2
      vertex 57.8856 41.3 2
      vertex 57.9782 41.1123 2
    endloop
  endfacet
  facet normal 0 0 1
    outer loop
      vertex 61 44 2
      vertex 57.7694 41.474 2
      vertex 57.8856 41.3 2
    endloop
  endfacet
  facet normal 0 0 1
    outer loop
      vertex 61 44 2
      vertex 57.6314 41.6314 2
      vertex 57.7694 41.474 2
    endloop
  endfacet
  facet normal 0 0 1
    outer loop
      vertex 61 44 2
      vertex 57.474 41.7694 2
      vertex 57.6314 41.6314 2
    endloop
  endfacet
  facet normal 0 0 1
    outer loop
      vertex 61 44 2
      vertex 57.3 41.8856 2
      vertex 57.474 41.7694 2
    endloop
  endfacet
  facet normal 0 0 1
    outer loop
      vertex 61 44 2
      vertex 57.1123 41.9782 2
      vertex 57.3 41.8856 2
    endloop
  endfacet
  facet normal 0 0 1
    outer loop
      vertex 61 44 2
      vertex 56.9141 42.0455 2
      vertex 57.1123 41.9782 2
    endloop
  endfacet
  facet normal 0 0 1
    outer loop
      vertex 61 44 2
      vertex 56.7088 42.0863 2
      vertex 56.9141 42.0455 2
    endloop
  endfacet
  facet normal 0 0 1
    outer loop
      vertex 61 44 2
      vertex 56.5 42.1 2
      vertex 56.7088 42.0863 2
    endloop
  endfacet
  facet normal 0 0 1
    outer loop
      vertex 61 44 2
      vertex 51.5 42.1 2
      vertex 56.5 42.1 2
    endloop
  endfacet
  facet normal -0 0 1
    outer loop
      vertex 47 44 2
      vertex 51.5 42.1 2
      vertex 61 44 2
    endloop
  endfacet
  facet normal 0 0 1
    outer loop
      vertex 47 39 2
      vertex 49.9 40.5 2
      vertex 49.9137 40.7088 2
    endloop
  endfacet
  facet normal 0 0 1
    outer loop
      vertex 47 39 2
      vertex 49.9137 40.7088 2
      vertex 49.9545 40.9141 2
    endloop
  endfacet
  facet normal 0 0 1
    outer loop
      vertex 51.5 42.1 2
      vertex 47 44 2
      vertex 51.2912 42.0863 2
    endloop
  endfacet
  facet normal 0 0 1
    outer loop
      vertex 47 44 2
      vertex 51.0859 42.0455 2
      vertex 51.2912 42.0863 2
    endloop
  endfacet
  facet normal 0 0 1
    outer loop
      vertex 47 44 2
      vertex 50.8877 41.9782 2
      vertex 51.0859 42.0455 2
    endloop
  endfacet
  facet normal 0 0 1
    outer loop
      vertex 47 44 2
      vertex 50.7 41.8856 2
      vertex 50.8877 41.9782 2
    endloop
  endfacet
  facet normal 0 0 1
    outer loop
      vertex 47 44 2
      vertex 50.526 41.7694 2
      vertex 50.7 41.8856 2
    endloop
  endfacet
  facet normal 0 0 1
    outer loop
      vertex 47 44 2
      vertex 50.3686 41.6314 2
      vertex 50.526 41.7694 2
    endloop
  endfacet
  facet normal 0 0 1
    outer loop
      vertex 47 44 2
      vertex 50.2306 41.474 2
      vertex 50.3686 41.6314 2
    endloop
  endfacet
  facet normal 0 0 1
    outer loop
      vertex 47 44 2
      vertex 50.1144 41.3 2
      vertex 50.2306 41.474 2
    endloop
  endfacet
  facet normal 0 0 1
    outer loop
      vertex 47 44 2
      vertex 50.0218 41.1123 2
      vertex 50.1144 41.3 2
    endloop
  endfacet
  facet normal 0 0 1
    outer loop
      vertex 47 44 2
      vertex 49.9545 40.9141 2
      vertex 50.0218 41.1123 2
    endloop
  endfacet
  facet normal 0 0 1
    outer loop
      vertex 47 39 2
      vertex 49.9545 40.9141 2
      vertex 47 44 2
    endloop
  endfacet
  facet normal 0 0 1
    outer loop
      vertex 49.9 40.5 2
      vertex 47 39 2
      vertex 49 37 2
    endloop
  endfacet
  facet normal -0 0 1
    outer loop
      vertex 58.0455 40.0859 2
      vertex 61 39 2
      vertex 58.0863 40.2912 2
    endloop
  endfacet
  facet normal -0 0 1
    outer loop
      vertex 57.9782 39.8877 2
      vertex 61 39 2
      vertex 58.0455 40.0859 2
    endloop
  endfacet
  facet normal -0 0 1
    outer loop
      vertex 57.8856 39.7 2
      vertex 61 39 2
      vertex 57.9782 39.8877 2
    endloop
  endfacet
  facet normal 0 0 1
    outer loop
      vertex 61 39 2
      vertex 57.8856 39.7 2
      vertex 59 37 2
    endloop
  endfacet
  facet normal -0 0 1
    outer loop
      vertex 57.7694 39.526 2
      vertex 59 37 2
      vertex 57.8856 39.7 2
    endloop
  endfacet
  facet normal -0 0 1
    outer loop
      vertex 57.6314 39.3686 2
      vertex 59 37 2
      vertex 57.7694 39.526 2
    endloop
  endfacet
  facet normal -0 0 1
    outer loop
      vertex 57.474 39.2306 2
      vertex 59 37 2
      vertex 57.6314 39.3686 2
    endloop
  endfacet
  facet normal -0 0 1
    outer loop
      vertex 57.3 39.1144 2
      vertex 59 37 2
      vertex 57.474 39.2306 2
    endloop
  endfacet
  facet normal -0 0 1
    outer loop
      vertex 57.1123 39.0218 2
      vertex 59 37 2
      vertex 57.3 39.1144 2
    endloop
  endfacet
  facet normal -0 0 1
    outer loop
      vertex 56.9141 38.9545 2
      vertex 59 37 2
      vertex 57.1123 39.0218 2
    endloop
  endfacet
  facet normal -0 0 1
    outer loop
      vertex 56.7088 38.9137 2
      vertex 59 37 2
      vertex 56.9141 38.9545 2
    endloop
  endfacet
  facet normal -0 0 1
    outer loop
      vertex 56.5 38.9 2
      vertex 59 37 2
      vertex 56.7088 38.9137 2
    endloop
  endfacet
  facet normal -0 0 1
    outer loop
      vertex 51.5 38.9 2
      vertex 59 37 2
      vertex 56.5 38.9 2
    endloop
  endfacet
  facet normal 0 0 1
    outer loop
      vertex 49 37 2
      vertex 51.5 38.9 2
      vertex 51.2912 38.9137 2
    endloop
  endfacet
  facet normal 0 0 1
    outer loop
      vertex 49 37 2
      vertex 51.2912 38.9137 2
      vertex 51.0859 38.9545 2
    endloop
  endfacet
  facet normal 0 0 1
    outer loop
      vertex 51.5 38.9 2
      vertex 49 37 2
      vertex 59 37 2
    endloop
  endfacet
  facet normal 0 0 1
    outer loop
      vertex 50.8877 39.0218 2
      vertex 49 37 2
      vertex 51.0859 38.9545 2
    endloop
  endfacet
  facet normal 0 0 1
    outer loop
      vertex 50.7 39.1144 2
      vertex 49 37 2
      vertex 50.8877 39.0218 2
    endloop
  endfacet
  facet normal 0 0 1
    outer loop
      vertex 50.526 39.2306 2
      vertex 49 37 2
      vertex 50.7 39.1144 2
    endloop
  endfacet
  facet normal 0 0 1
    outer loop
      vertex 50.3686 39.3686 2
      vertex 49 37 2
      vertex 50.526 39.2306 2
    endloop
  endfacet
  facet normal 0 0 1
    outer loop
      vertex 50.2306 39.526 2
      vertex 49 37 2
      vertex 50.3686 39.3686 2
    endloop
  endfacet
  facet normal 0 0 1
    outer loop
      vertex 50.1144 39.7 2
      vertex 49 37 2
      vertex 50.2306 39.526 2
    endloop
  endfacet
  facet normal 0 0 1
    outer loop
      vertex 50.0218 39.8877 2
      vertex 49 37 2
      vertex 50.1144 39.7 2
    endloop
  endfacet
  facet normal 0 0 1
    outer loop
      vertex 49.9545 40.0859 2
      vertex 49 37 2
      vertex 50.0218 39.8877 2
    endloop
  endfacet
  facet normal 0 0 1
    outer loop
      vertex 49.9137 40.2912 2
      vertex 49 37 2
      vertex 49.9545 40.0859 2
    endloop
  endfacet
  facet normal 0 0 1
    outer loop
      vertex 49 37 2
      vertex 49.9137 40.2912 2
      vertex 49.9 40.5 2
    endloop
  endfacet
  facet normal 0.707107 -0.707107 0
    outer loop
      vertex 59 37 2
      vertex 61 39 0
      vertex 61 39 2
    endloop
  endfacet
  facet normal 0.707107 -0.707107 0
    outer loop
      vertex 61 39 0
      vertex 59 37 2
      vertex 59 37 0
    endloop
  endfacet
  facet normal -1 0 0
    outer loop
      vertex 47 39 0
      vertex 47 44 2
      vertex 47 44 0
    endloop
  endfacet
  facet normal -1 -0 0
    outer loop
      vertex 47 44 2
      vertex 47 39 0
      vertex 47 39 2
    endloop
  endfacet
  facet normal -0.707107 -0.707107 0
    outer loop
      vertex 49 37 0
      vertex 47 39 2
      vertex 47 39 0
    endloop
  endfacet
  facet normal -0.707107 -0.707107 0
    outer loop
      vertex 47 39 2
      vertex 49 37 0
      vertex 49 37 2
    endloop
  endfacet
  facet normal 0 1 -0
    outer loop
      vertex 61 44 0
      vertex 47 44 2
      vertex 61 44 2
    endloop
  endfacet
  facet normal 0 1 0
    outer loop
      vertex 47 44 2
      vertex 61 44 0
      vertex 47 44 0
    endloop
  endfacet
  facet normal 1 -0 0
    outer loop
      vertex 61 39 2
      vertex 61 44 0
      vertex 61 44 2
    endloop
  endfacet
  facet normal 1 0 0
    outer loop
      vertex 61 44 0
      vertex 61 39 2
      vertex 61 39 0
    endloop
  endfacet
  facet normal 0.707107 0.707107 0
    outer loop
      vertex 72 32 12
      vertex 67 37 0
      vertex 67 37 12
    endloop
  endfacet
  facet normal 0.707107 0.707107 0
    outer loop
      vertex 67 37 0
      vertex 72 32 12
      vertex 72 32 0
    endloop
  endfacet
  facet normal 0 0 1
    outer loop
      vertex 72 32 12
      vertex 70 32 12
      vertex 72 5 12
    endloop
  endfacet
  facet normal 0 0 1
    outer loop
      vertex 67 37 12
      vertex 70 32 12
      vertex 72 32 12
    endloop
  endfacet
  facet normal 0 0 1
    outer loop
      vertex 67 37 12
      vertex 67 35 12
      vertex 70 32 12
    endloop
  endfacet
  facet normal -0 0 1
    outer loop
      vertex 5 37 12
      vertex 67 35 12
      vertex 67 37 12
    endloop
  endfacet
  facet normal 0 0 1
    outer loop
      vertex 5 37 12
      vertex 5 35 12
      vertex 67 35 12
    endloop
  endfacet
  facet normal 0 0 1
    outer loop
      vertex 5 37 12
      vertex 2 32 12
      vertex 5 35 12
    endloop
  endfacet
  facet normal 0 0 1
    outer loop
      vertex 2 32 12
      vertex 0 32 12
      vertex 2 5 12
    endloop
  endfacet
  facet normal 0 0 1
    outer loop
      vertex 0 32 12
      vertex 2 32 12
      vertex 5 37 12
    endloop
  endfacet
  facet normal 0 0 1
    outer loop
      vertex 70 5 12
      vertex 72 5 12
      vertex 70 32 12
    endloop
  endfacet
  facet normal 0 0 1
    outer loop
      vertex 67 2 12
      vertex 72 5 12
      vertex 70 5 12
    endloop
  endfacet
  facet normal -0 0 1
    outer loop
      vertex 67 2 12
      vertex 67 0 12
      vertex 72 5 12
    endloop
  endfacet
  facet normal -0 0 1
    outer loop
      vertex 5 2 12
      vertex 67 0 12
      vertex 67 2 12
    endloop
  endfacet
  facet normal 0 0 1
    outer loop
      vertex 5 2 12
      vertex 5 0 12
      vertex 67 0 12
    endloop
  endfacet
  facet normal 0 0 1
    outer loop
      vertex 2 5 12
      vertex 5 0 12
      vertex 5 2 12
    endloop
  endfacet
  facet normal 0 0 1
    outer loop
      vertex 2 5 12
      vertex 0 5 12
      vertex 5 0 12
    endloop
  endfacet
  facet normal 0 0 1
    outer loop
      vertex 0 5 12
      vertex 2 5 12
      vertex 0 32 12
    endloop
  endfacet
  facet normal -0.707107 -0.707107 0
    outer loop
      vertex 5 0 0
      vertex 0 5 12
      vertex 0 5 0
    endloop
  endfacet
  facet normal -0.707107 -0.707107 0
    outer loop
      vertex 0 5 12
      vertex 5 0 0
      vertex 5 0 12
    endloop
  endfacet
  facet normal 1 0 0
    outer loop
      vertex 72 27.5 4.5
      vertex 72 32 12
      vertex 72 27.5 10.5
    endloop
  endfacet
  facet normal 1 -0 0
    outer loop
      vertex 72 5 12
      vertex 72 27.5 10.5
      vertex 72 32 12
    endloop
  endfacet
  facet normal 1 0 0
    outer loop
      vertex 72 7.5 10.5
      vertex 72 5 12
      vertex 72 7.5 4.5
    endloop
  endfacet
  facet normal 1 0 0
    outer loop
      vertex 72 27.5 10.5
      vertex 72 5 12
      vertex 72 7.5 10.5
    endloop
  endfacet
  facet normal 1 0 0
    outer loop
      vertex 72 32 12
      vertex 72 27.5 4.5
      vertex 72 32 0
    endloop
  endfacet
  facet normal 1 0 0
    outer loop
      vertex 72 5 0
      vertex 72 27.5 4.5
      vertex 72 7.5 4.5
    endloop
  endfacet
  facet normal 1 0 0
    outer loop
      vertex 72 27.5 4.5
      vertex 72 5 0
      vertex 72 32 0
    endloop
  endfacet
  facet normal 1 0 0
    outer loop
      vertex 72 5 0
      vertex 72 7.5 4.5
      vertex 72 5 12
    endloop
  endfacet
  facet normal -0.707107 0.707107 0
    outer loop
      vertex 0 32 0
      vertex 5 37 12
      vertex 5 37 0
    endloop
  endfacet
  facet normal -0.707107 0.707107 0
    outer loop
      vertex 5 37 12
      vertex 0 32 0
      vertex 0 32 12
    endloop
  endfacet
  facet normal -1 0 0
    outer loop
      vertex 0 32 0
      vertex 0 27.5 4
      vertex 0 32 12
    endloop
  endfacet
  facet normal -1 0 0
    outer loop
      vertex 0 5 0
      vertex 0 27.5 4
      vertex 0 32 0
    endloop
  endfacet
  facet normal -1 0 0
    outer loop
      vertex 0 5 12
      vertex 0 7.5 4
      vertex 0 5 0
    endloop
  endfacet
  facet normal -1 -0 0
    outer loop
      vertex 0 27.5 4
      vertex 0 5 0
      vertex 0 7.5 4
    endloop
  endfacet
  facet normal -1 0 0
    outer loop
      vertex 0 27.5 10.2
      vertex 0 32 12
      vertex 0 27.5 4
    endloop
  endfacet
  facet normal -1 0 0
    outer loop
      vertex 0 5 12
      vertex 0 27.5 10.2
      vertex 0 7.5 10.2
    endloop
  endfacet
  facet normal -1 0 0
    outer loop
      vertex 0 27.5 10.2
      vertex 0 5 12
      vertex 0 32 12
    endloop
  endfacet
  facet normal -1 0 0
    outer loop
      vertex 0 7.5 4
      vertex 0 5 12
      vertex 0 7.5 10.2
    endloop
  endfacet
  facet normal 0.707107 -0.707107 0
    outer loop
      vertex 67 0 12
      vertex 72 5 0
      vertex 72 5 12
    endloop
  endfacet
  facet normal 0.707107 -0.707107 0
    outer loop
      vertex 72 5 0
      vertex 67 0 12
      vertex 67 0 0
    endloop
  endfacet
  facet normal 0.946891 0.321555 0
    outer loop
      vertex 14.0218 -4.11229 2
      vertex 13.9545 -3.91411 0
      vertex 13.9545 -3.91411 2
    endloop
  endfacet
  facet normal 0.946891 0.321555 0
    outer loop
      vertex 13.9545 -3.91411 0
      vertex 14.0218 -4.11229 2
      vertex 14.0218 -4.11229 0
    endloop
  endfacet
  facet normal 0.321397 0.946944 -0
    outer loop
      vertex 15.0859 -5.04548 0
      vertex 14.8877 -4.97821 2
      vertex 15.0859 -5.04548 2
    endloop
  endfacet
  facet normal 0.321397 0.946944 0
    outer loop
      vertex 14.8877 -4.97821 2
      vertex 15.0859 -5.04548 0
      vertex 14.8877 -4.97821 0
    endloop
  endfacet
  facet normal -0.980813 0.194949 0
    outer loop
      vertex 22.0455 -3.91411 0
      vertex 22.0863 -3.70884 2
      vertex 22.0863 -3.70884 0
    endloop
  endfacet
  facet normal -0.980813 0.194949 0
    outer loop
      vertex 22.0863 -3.70884 2
      vertex 22.0455 -3.91411 0
      vertex 22.0455 -3.91411 2
    endloop
  endfacet
  facet normal 0 1 -0
    outer loop
      vertex 20.5 -5.1 0
      vertex 15.5 -5.1 2
      vertex 20.5 -5.1 2
    endloop
  endfacet
  facet normal 0 1 0
    outer loop
      vertex 15.5 -5.1 2
      vertex 20.5 -5.1 0
      vertex 15.5 -5.1 0
    endloop
  endfacet
  facet normal 0.751821 0.659367 0
    outer loop
      vertex 14.3686 -4.63137 2
      vertex 14.2306 -4.47402 0
      vertex 14.2306 -4.47402 2
    endloop
  endfacet
  facet normal 0.751821 0.659367 0
    outer loop
      vertex 14.2306 -4.47402 0
      vertex 14.3686 -4.63137 2
      vertex 14.3686 -4.63137 0
    endloop
  endfacet
  facet normal 0.997855 0.0654598 0
    outer loop
      vertex 13.9137 -3.70884 2
      vertex 13.9 -3.5 0
      vertex 13.9 -3.5 2
    endloop
  endfacet
  facet normal 0.997855 0.0654598 0
    outer loop
      vertex 13.9 -3.5 0
      vertex 13.9137 -3.70884 2
      vertex 13.9137 -3.70884 0
    endloop
  endfacet
  facet normal -0.321397 0.946944 0
    outer loop
      vertex 21.1123 -4.97821 0
      vertex 20.9141 -5.04548 2
      vertex 21.1123 -4.97821 2
    endloop
  endfacet
  facet normal -0.321397 0.946944 0
    outer loop
      vertex 20.9141 -5.04548 2
      vertex 21.1123 -4.97821 0
      vertex 20.9141 -5.04548 0
    endloop
  endfacet
  facet normal 0.896813 -0.44241 0
    outer loop
      vertex 14.0218 -2.88771 2
      vertex 14.1144 -2.7 0
      vertex 14.1144 -2.7 2
    endloop
  endfacet
  facet normal 0.896813 -0.44241 0
    outer loop
      vertex 14.1144 -2.7 0
      vertex 14.0218 -2.88771 2
      vertex 14.0218 -2.88771 0
    endloop
  endfacet
  facet normal 0.946891 -0.321555 0
    outer loop
      vertex 13.9545 -3.08589 2
      vertex 14.0218 -2.88771 0
      vertex 14.0218 -2.88771 2
    endloop
  endfacet
  facet normal 0.946891 -0.321555 0
    outer loop
      vertex 14.0218 -2.88771 0
      vertex 13.9545 -3.08589 2
      vertex 13.9545 -3.08589 0
    endloop
  endfacet
  facet normal -0.831638 0.555318 0
    outer loop
      vertex 21.7694 -4.47402 0
      vertex 21.8856 -4.3 2
      vertex 21.8856 -4.3 0
    endloop
  endfacet
  facet normal -0.831638 0.555318 0
    outer loop
      vertex 21.8856 -4.3 2
      vertex 21.7694 -4.47402 0
      vertex 21.7694 -4.47402 2
    endloop
  endfacet
  facet normal 0.659248 0.751925 -0
    outer loop
      vertex 14.526 -4.76937 0
      vertex 14.3686 -4.63137 2
      vertex 14.526 -4.76937 2
    endloop
  endfacet
  facet normal 0.659248 0.751925 0
    outer loop
      vertex 14.3686 -4.63137 2
      vertex 14.526 -4.76937 0
      vertex 14.3686 -4.63137 0
    endloop
  endfacet
  facet normal -0.997855 0.0654598 0
    outer loop
      vertex 22.0863 -3.70884 0
      vertex 22.1 -3.5 2
      vertex 22.1 -3.5 0
    endloop
  endfacet
  facet normal -0.997855 0.0654598 0
    outer loop
      vertex 22.1 -3.5 2
      vertex 22.0863 -3.70884 0
      vertex 22.0863 -3.70884 2
    endloop
  endfacet
  facet normal 0.195059 -0.980791 0
    outer loop
      vertex 15.0859 -1.95452 0
      vertex 15.2912 -1.91369 2
      vertex 15.0859 -1.95452 2
    endloop
  endfacet
  facet normal 0.195059 -0.980791 0
    outer loop
      vertex 15.2912 -1.91369 2
      vertex 15.0859 -1.95452 0
      vertex 15.2912 -1.91369 0
    endloop
  endfacet
  facet normal 0.0654247 0.997858 -0
    outer loop
      vertex 15.5 -5.1 0
      vertex 15.2912 -5.08631 2
      vertex 15.5 -5.1 2
    endloop
  endfacet
  facet normal 0.0654247 0.997858 0
    outer loop
      vertex 15.2912 -5.08631 2
      vertex 15.5 -5.1 0
      vertex 15.2912 -5.08631 0
    endloop
  endfacet
  facet normal 0 -1 0
    outer loop
      vertex 15.5 -1.9 0
      vertex 20.5 -1.9 2
      vertex 15.5 -1.9 2
    endloop
  endfacet
  facet normal 0 -1 -0
    outer loop
      vertex 20.5 -1.9 2
      vertex 15.5 -1.9 0
      vertex 20.5 -1.9 0
    endloop
  endfacet
  facet normal -0.195059 0.980791 0
    outer loop
      vertex 20.9141 -5.04548 0
      vertex 20.7088 -5.08631 2
      vertex 20.9141 -5.04548 2
    endloop
  endfacet
  facet normal -0.195059 0.980791 0
    outer loop
      vertex 20.7088 -5.08631 2
      vertex 20.9141 -5.04548 0
      vertex 20.7088 -5.08631 0
    endloop
  endfacet
  facet normal -0.659248 -0.751925 0
    outer loop
      vertex 21.474 -2.23063 0
      vertex 21.6314 -2.36863 2
      vertex 21.474 -2.23063 2
    endloop
  endfacet
  facet normal -0.659248 -0.751925 -0
    outer loop
      vertex 21.6314 -2.36863 2
      vertex 21.474 -2.23063 0
      vertex 21.6314 -2.36863 0
    endloop
  endfacet
  facet normal 0.195059 0.980791 -0
    outer loop
      vertex 15.2912 -5.08631 0
      vertex 15.0859 -5.04548 2
      vertex 15.2912 -5.08631 2
    endloop
  endfacet
  facet normal 0.195059 0.980791 0
    outer loop
      vertex 15.0859 -5.04548 2
      vertex 15.2912 -5.08631 0
      vertex 15.0859 -5.04548 0
    endloop
  endfacet
  facet normal -0.659248 0.751925 0
    outer loop
      vertex 21.6314 -4.63137 0
      vertex 21.474 -4.76937 2
      vertex 21.6314 -4.63137 2
    endloop
  endfacet
  facet normal -0.659248 0.751925 0
    outer loop
      vertex 21.474 -4.76937 2
      vertex 21.6314 -4.63137 0
      vertex 21.474 -4.76937 0
    endloop
  endfacet
  facet normal -0.0654247 0.997858 0
    outer loop
      vertex 20.7088 -5.08631 0
      vertex 20.5 -5.1 2
      vertex 20.7088 -5.08631 2
    endloop
  endfacet
  facet normal -0.0654247 0.997858 0
    outer loop
      vertex 20.5 -5.1 2
      vertex 20.7088 -5.08631 0
      vertex 20.5 -5.1 0
    endloop
  endfacet
  facet normal -0.195059 -0.980791 0
    outer loop
      vertex 20.7088 -1.91369 0
      vertex 20.9141 -1.95452 2
      vertex 20.7088 -1.91369 2
    endloop
  endfacet
  facet normal -0.195059 -0.980791 -0
    outer loop
      vertex 20.9141 -1.95452 2
      vertex 20.7088 -1.91369 0
      vertex 20.9141 -1.95452 0
    endloop
  endfacet
  facet normal -0.555593 0.831454 0
    outer loop
      vertex 21.474 -4.76937 0
      vertex 21.3 -4.88564 2
      vertex 21.474 -4.76937 2
    endloop
  endfacet
  facet normal -0.555593 0.831454 0
    outer loop
      vertex 21.3 -4.88564 2
      vertex 21.474 -4.76937 0
      vertex 21.3 -4.88564 0
    endloop
  endfacet
  facet normal 0.980813 -0.194949 0
    outer loop
      vertex 13.9137 -3.29116 2
      vertex 13.9545 -3.08589 0
      vertex 13.9545 -3.08589 2
    endloop
  endfacet
  facet normal 0.980813 -0.194949 0
    outer loop
      vertex 13.9545 -3.08589 0
      vertex 13.9137 -3.29116 2
      vertex 13.9137 -3.29116 0
    endloop
  endfacet
  facet normal -0.442314 0.89686 0
    outer loop
      vertex 21.3 -4.88564 0
      vertex 21.1123 -4.97821 2
      vertex 21.3 -4.88564 2
    endloop
  endfacet
  facet normal -0.442314 0.89686 0
    outer loop
      vertex 21.1123 -4.97821 2
      vertex 21.3 -4.88564 0
      vertex 21.1123 -4.97821 0
    endloop
  endfacet
  facet normal -0.751821 -0.659367 0
    outer loop
      vertex 21.7694 -2.52598 0
      vertex 21.6314 -2.36863 2
      vertex 21.6314 -2.36863 0
    endloop
  endfacet
  facet normal -0.751821 -0.659367 0
    outer loop
      vertex 21.6314 -2.36863 2
      vertex 21.7694 -2.52598 0
      vertex 21.7694 -2.52598 2
    endloop
  endfacet
  facet normal -0.321397 -0.946944 0
    outer loop
      vertex 20.9141 -1.95452 0
      vertex 21.1123 -2.02179 2
      vertex 20.9141 -1.95452 2
    endloop
  endfacet
  facet normal -0.321397 -0.946944 -0
    outer loop
      vertex 21.1123 -2.02179 2
      vertex 20.9141 -1.95452 0
      vertex 21.1123 -2.02179 0
    endloop
  endfacet
  facet normal 0.0654247 -0.997858 0
    outer loop
      vertex 15.2912 -1.91369 0
      vertex 15.5 -1.9 2
      vertex 15.2912 -1.91369 2
    endloop
  endfacet
  facet normal 0.0654247 -0.997858 0
    outer loop
      vertex 15.5 -1.9 2
      vertex 15.2912 -1.91369 0
      vertex 15.5 -1.9 0
    endloop
  endfacet
  facet normal -0.0654247 -0.997858 0
    outer loop
      vertex 20.5 -1.9 0
      vertex 20.7088 -1.91369 2
      vertex 20.5 -1.9 2
    endloop
  endfacet
  facet normal -0.0654247 -0.997858 -0
    outer loop
      vertex 20.7088 -1.91369 2
      vertex 20.5 -1.9 0
      vertex 20.7088 -1.91369 0
    endloop
  endfacet
  facet normal 0.980813 0.194949 0
    outer loop
      vertex 13.9545 -3.91411 2
      vertex 13.9137 -3.70884 0
      vertex 13.9137 -3.70884 2
    endloop
  endfacet
  facet normal 0.980813 0.194949 0
    outer loop
      vertex 13.9137 -3.70884 0
      vertex 13.9545 -3.91411 2
      vertex 13.9545 -3.91411 0
    endloop
  endfacet
  facet normal 0.997855 -0.0654598 0
    outer loop
      vertex 13.9 -3.5 2
      vertex 13.9137 -3.29116 0
      vertex 13.9137 -3.29116 2
    endloop
  endfacet
  facet normal 0.997855 -0.0654598 0
    outer loop
      vertex 13.9137 -3.29116 0
      vertex 13.9 -3.5 2
      vertex 13.9 -3.5 0
    endloop
  endfacet
  facet normal -0.980813 -0.194949 0
    outer loop
      vertex 22.0863 -3.29116 0
      vertex 22.0455 -3.08589 2
      vertex 22.0455 -3.08589 0
    endloop
  endfacet
  facet normal -0.980813 -0.194949 0
    outer loop
      vertex 22.0455 -3.08589 2
      vertex 22.0863 -3.29116 0
      vertex 22.0863 -3.29116 2
    endloop
  endfacet
  facet normal -0.442314 -0.89686 0
    outer loop
      vertex 21.1123 -2.02179 0
      vertex 21.3 -2.11436 2
      vertex 21.1123 -2.02179 2
    endloop
  endfacet
  facet normal -0.442314 -0.89686 -0
    outer loop
      vertex 21.3 -2.11436 2
      vertex 21.1123 -2.02179 0
      vertex 21.3 -2.11436 0
    endloop
  endfacet
  facet normal -0.896813 0.44241 0
    outer loop
      vertex 21.8856 -4.3 0
      vertex 21.9782 -4.11229 2
      vertex 21.9782 -4.11229 0
    endloop
  endfacet
  facet normal -0.896813 0.44241 0
    outer loop
      vertex 21.9782 -4.11229 2
      vertex 21.8856 -4.3 0
      vertex 21.8856 -4.3 2
    endloop
  endfacet
  facet normal -0.831638 -0.555318 0
    outer loop
      vertex 21.8856 -2.7 0
      vertex 21.7694 -2.52598 2
      vertex 21.7694 -2.52598 0
    endloop
  endfacet
  facet normal -0.831638 -0.555318 0
    outer loop
      vertex 21.7694 -2.52598 2
      vertex 21.8856 -2.7 0
      vertex 21.8856 -2.7 2
    endloop
  endfacet
  facet normal 0.321397 -0.946944 0
    outer loop
      vertex 14.8877 -2.02179 0
      vertex 15.0859 -1.95452 2
      vertex 14.8877 -2.02179 2
    endloop
  endfacet
  facet normal 0.321397 -0.946944 0
    outer loop
      vertex 15.0859 -1.95452 2
      vertex 14.8877 -2.02179 0
      vertex 15.0859 -1.95452 0
    endloop
  endfacet
  facet normal -0.946891 0.321555 0
    outer loop
      vertex 21.9782 -4.11229 0
      vertex 22.0455 -3.91411 2
      vertex 22.0455 -3.91411 0
    endloop
  endfacet
  facet normal -0.946891 0.321555 0
    outer loop
      vertex 22.0455 -3.91411 2
      vertex 21.9782 -4.11229 0
      vertex 21.9782 -4.11229 2
    endloop
  endfacet
  facet normal 0.555593 -0.831454 0
    outer loop
      vertex 14.526 -2.23063 0
      vertex 14.7 -2.11436 2
      vertex 14.526 -2.23063 2
    endloop
  endfacet
  facet normal 0.555593 -0.831454 0
    outer loop
      vertex 14.7 -2.11436 2
      vertex 14.526 -2.23063 0
      vertex 14.7 -2.11436 0
    endloop
  endfacet
  facet normal 0.555593 0.831454 -0
    outer loop
      vertex 14.7 -4.88564 0
      vertex 14.526 -4.76937 2
      vertex 14.7 -4.88564 2
    endloop
  endfacet
  facet normal 0.555593 0.831454 0
    outer loop
      vertex 14.526 -4.76937 2
      vertex 14.7 -4.88564 0
      vertex 14.526 -4.76937 0
    endloop
  endfacet
  facet normal 0.659248 -0.751925 0
    outer loop
      vertex 14.3686 -2.36863 0
      vertex 14.526 -2.23063 2
      vertex 14.3686 -2.36863 2
    endloop
  endfacet
  facet normal 0.659248 -0.751925 0
    outer loop
      vertex 14.526 -2.23063 2
      vertex 14.3686 -2.36863 0
      vertex 14.526 -2.23063 0
    endloop
  endfacet
  facet normal 0.751821 -0.659367 0
    outer loop
      vertex 14.2306 -2.52598 2
      vertex 14.3686 -2.36863 0
      vertex 14.3686 -2.36863 2
    endloop
  endfacet
  facet normal 0.751821 -0.659367 0
    outer loop
      vertex 14.3686 -2.36863 0
      vertex 14.2306 -2.52598 2
      vertex 14.2306 -2.52598 0
    endloop
  endfacet
  facet normal 0.831638 -0.555318 0
    outer loop
      vertex 14.1144 -2.7 2
      vertex 14.2306 -2.52598 0
      vertex 14.2306 -2.52598 2
    endloop
  endfacet
  facet normal 0.831638 -0.555318 0
    outer loop
      vertex 14.2306 -2.52598 0
      vertex 14.1144 -2.7 2
      vertex 14.1144 -2.7 0
    endloop
  endfacet
  facet normal -0.946891 -0.321555 0
    outer loop
      vertex 22.0455 -3.08589 0
      vertex 21.9782 -2.88771 2
      vertex 21.9782 -2.88771 0
    endloop
  endfacet
  facet normal -0.946891 -0.321555 0
    outer loop
      vertex 21.9782 -2.88771 2
      vertex 22.0455 -3.08589 0
      vertex 22.0455 -3.08589 2
    endloop
  endfacet
  facet normal 0.442314 0.89686 -0
    outer loop
      vertex 14.8877 -4.97821 0
      vertex 14.7 -4.88564 2
      vertex 14.8877 -4.97821 2
    endloop
  endfacet
  facet normal 0.442314 0.89686 0
    outer loop
      vertex 14.7 -4.88564 2
      vertex 14.8877 -4.97821 0
      vertex 14.7 -4.88564 0
    endloop
  endfacet
  facet normal 0.831638 0.555318 0
    outer loop
      vertex 14.2306 -4.47402 2
      vertex 14.1144 -4.3 0
      vertex 14.1144 -4.3 2
    endloop
  endfacet
  facet normal 0.831638 0.555318 0
    outer loop
      vertex 14.1144 -4.3 0
      vertex 14.2306 -4.47402 2
      vertex 14.2306 -4.47402 0
    endloop
  endfacet
  facet normal 0.442314 -0.89686 0
    outer loop
      vertex 14.7 -2.11436 0
      vertex 14.8877 -2.02179 2
      vertex 14.7 -2.11436 2
    endloop
  endfacet
  facet normal 0.442314 -0.89686 0
    outer loop
      vertex 14.8877 -2.02179 2
      vertex 14.7 -2.11436 0
      vertex 14.8877 -2.02179 0
    endloop
  endfacet
  facet normal -0.751821 0.659367 0
    outer loop
      vertex 21.6314 -4.63137 0
      vertex 21.7694 -4.47402 2
      vertex 21.7694 -4.47402 0
    endloop
  endfacet
  facet normal -0.751821 0.659367 0
    outer loop
      vertex 21.7694 -4.47402 2
      vertex 21.6314 -4.63137 0
      vertex 21.6314 -4.63137 2
    endloop
  endfacet
  facet normal -0.896813 -0.44241 0
    outer loop
      vertex 21.9782 -2.88771 0
      vertex 21.8856 -2.7 2
      vertex 21.8856 -2.7 0
    endloop
  endfacet
  facet normal -0.896813 -0.44241 0
    outer loop
      vertex 21.8856 -2.7 2
      vertex 21.9782 -2.88771 0
      vertex 21.9782 -2.88771 2
    endloop
  endfacet
  facet normal 0.896813 0.44241 0
    outer loop
      vertex 14.1144 -4.3 2
      vertex 14.0218 -4.11229 0
      vertex 14.0218 -4.11229 2
    endloop
  endfacet
  facet normal 0.896813 0.44241 0
    outer loop
      vertex 14.0218 -4.11229 0
      vertex 14.1144 -4.3 2
      vertex 14.1144 -4.3 0
    endloop
  endfacet
  facet normal -0.555593 -0.831454 0
    outer loop
      vertex 21.3 -2.11436 0
      vertex 21.474 -2.23063 2
      vertex 21.3 -2.11436 2
    endloop
  endfacet
  facet normal -0.555593 -0.831454 -0
    outer loop
      vertex 21.474 -2.23063 2
      vertex 21.3 -2.11436 0
      vertex 21.474 -2.23063 0
    endloop
  endfacet
  facet normal -0.997855 -0.0654598 0
    outer loop
      vertex 22.1 -3.5 0
      vertex 22.0863 -3.29116 2
      vertex 22.0863 -3.29116 0
    endloop
  endfacet
  facet normal -0.997855 -0.0654598 0
    outer loop
      vertex 22.0863 -3.29116 2
      vertex 22.1 -3.5 0
      vertex 22.1 -3.5 2
    endloop
  endfacet
  facet normal 0.194922 0.980819 -0
    outer loop
      vertex 15.2912 38.9137 0
      vertex 15.0859 38.9545 2
      vertex 15.2912 38.9137 2
    endloop
  endfacet
  facet normal 0.194922 0.980819 0
    outer loop
      vertex 15.0859 38.9545 2
      vertex 15.2912 38.9137 0
      vertex 15.0859 38.9545 0
    endloop
  endfacet
  facet normal -0.751925 0.659248 0
    outer loop
      vertex 21.6314 39.3686 0
      vertex 21.7694 39.526 2
      vertex 21.7694 39.526 0
    endloop
  endfacet
  facet normal -0.751925 0.659248 0
    outer loop
      vertex 21.7694 39.526 2
      vertex 21.6314 39.3686 0
      vertex 21.6314 39.3686 2
    endloop
  endfacet
  facet normal -0.0654722 0.997854 0
    outer loop
      vertex 20.7088 38.9137 0
      vertex 20.5 38.9 2
      vertex 20.7088 38.9137 2
    endloop
  endfacet
  facet normal -0.0654722 0.997854 0
    outer loop
      vertex 20.5 38.9 2
      vertex 20.7088 38.9137 0
      vertex 20.5 38.9 0
    endloop
  endfacet
  facet normal 0.0654722 0.997854 -0
    outer loop
      vertex 15.5 38.9 0
      vertex 15.2912 38.9137 2
      vertex 15.5 38.9 2
    endloop
  endfacet
  facet normal 0.0654722 0.997854 0
    outer loop
      vertex 15.2912 38.9137 2
      vertex 15.5 38.9 0
      vertex 15.2912 38.9137 0
    endloop
  endfacet
  facet normal -0.442429 0.896803 0
    outer loop
      vertex 21.3 39.1144 0
      vertex 21.1123 39.0218 2
      vertex 21.3 39.1144 2
    endloop
  endfacet
  facet normal -0.442429 0.896803 0
    outer loop
      vertex 21.1123 39.0218 2
      vertex 21.3 39.1144 0
      vertex 21.1123 39.0218 0
    endloop
  endfacet
  facet normal 0 1 -0
    outer loop
      vertex 20.5 38.9 0
      vertex 15.5 38.9 2
      vertex 20.5 38.9 2
    endloop
  endfacet
  facet normal 0 1 0
    outer loop
      vertex 15.5 38.9 2
      vertex 20.5 38.9 0
      vertex 15.5 38.9 0
    endloop
  endfacet
  facet normal 0 -1 0
    outer loop
      vertex 15.5 42.1 0
      vertex 20.5 42.1 2
      vertex 15.5 42.1 2
    endloop
  endfacet
  facet normal 0 -1 -0
    outer loop
      vertex 20.5 42.1 2
      vertex 15.5 42.1 0
      vertex 20.5 42.1 0
    endloop
  endfacet
  facet normal 0.831609 0.555362 0
    outer loop
      vertex 14.2306 39.526 2
      vertex 14.1144 39.7 0
      vertex 14.1144 39.7 2
    endloop
  endfacet
  facet normal 0.831609 0.555362 0
    outer loop
      vertex 14.1144 39.7 0
      vertex 14.2306 39.526 2
      vertex 14.2306 39.526 0
    endloop
  endfacet
  facet normal 0.321526 0.946901 -0
    outer loop
      vertex 15.0859 38.9545 0
      vertex 14.8877 39.0218 2
      vertex 15.0859 38.9545 2
    endloop
  endfacet
  facet normal 0.321526 0.946901 0
    outer loop
      vertex 14.8877 39.0218 2
      vertex 15.0859 38.9545 0
      vertex 14.8877 39.0218 0
    endloop
  endfacet
  facet normal -0.194922 0.980819 0
    outer loop
      vertex 20.9141 38.9545 0
      vertex 20.7088 38.9137 2
      vertex 20.9141 38.9545 2
    endloop
  endfacet
  facet normal -0.194922 0.980819 0
    outer loop
      vertex 20.7088 38.9137 2
      vertex 20.9141 38.9545 0
      vertex 20.7088 38.9137 0
    endloop
  endfacet
  facet normal 0.896803 0.442429 0
    outer loop
      vertex 14.1144 39.7 2
      vertex 14.0218 39.8877 0
      vertex 14.0218 39.8877 2
    endloop
  endfacet
  facet normal 0.896803 0.442429 0
    outer loop
      vertex 14.0218 39.8877 0
      vertex 14.1144 39.7 2
      vertex 14.1144 39.7 0
    endloop
  endfacet
  facet normal -0.980819 0.194922 0
    outer loop
      vertex 22.0455 40.0859 0
      vertex 22.0863 40.2912 2
      vertex 22.0863 40.2912 0
    endloop
  endfacet
  facet normal -0.980819 0.194922 0
    outer loop
      vertex 22.0863 40.2912 2
      vertex 22.0455 40.0859 0
      vertex 22.0455 40.0859 2
    endloop
  endfacet
  facet normal -0.659248 -0.751925 0
    outer loop
      vertex 21.474 41.7694 0
      vertex 21.6314 41.6314 2
      vertex 21.474 41.7694 2
    endloop
  endfacet
  facet normal -0.659248 -0.751925 -0
    outer loop
      vertex 21.6314 41.6314 2
      vertex 21.474 41.7694 0
      vertex 21.6314 41.6314 0
    endloop
  endfacet
  facet normal -0.321526 0.946901 0
    outer loop
      vertex 21.1123 39.0218 0
      vertex 20.9141 38.9545 2
      vertex 21.1123 39.0218 2
    endloop
  endfacet
  facet normal -0.321526 0.946901 0
    outer loop
      vertex 20.9141 38.9545 2
      vertex 21.1123 39.0218 0
      vertex 20.9141 38.9545 0
    endloop
  endfacet
  facet normal 0.946901 -0.321526 0
    outer loop
      vertex 13.9545 40.9141 2
      vertex 14.0218 41.1123 0
      vertex 14.0218 41.1123 2
    endloop
  endfacet
  facet normal 0.946901 -0.321526 0
    outer loop
      vertex 14.0218 41.1123 0
      vertex 13.9545 40.9141 2
      vertex 13.9545 40.9141 0
    endloop
  endfacet
  facet normal -0.321526 -0.946901 0
    outer loop
      vertex 20.9141 42.0455 0
      vertex 21.1123 41.9782 2
      vertex 20.9141 42.0455 2
    endloop
  endfacet
  facet normal -0.321526 -0.946901 -0
    outer loop
      vertex 21.1123 41.9782 2
      vertex 20.9141 42.0455 0
      vertex 21.1123 41.9782 0
    endloop
  endfacet
  facet normal 0.442429 0.896803 -0
    outer loop
      vertex 14.8877 39.0218 0
      vertex 14.7 39.1144 2
      vertex 14.8877 39.0218 2
    endloop
  endfacet
  facet normal 0.442429 0.896803 0
    outer loop
      vertex 14.7 39.1144 2
      vertex 14.8877 39.0218 0
      vertex 14.7 39.1144 0
    endloop
  endfacet
  facet normal 0.321526 -0.946901 0
    outer loop
      vertex 14.8877 41.9782 0
      vertex 15.0859 42.0455 2
      vertex 14.8877 41.9782 2
    endloop
  endfacet
  facet normal 0.321526 -0.946901 0
    outer loop
      vertex 15.0859 42.0455 2
      vertex 14.8877 41.9782 0
      vertex 15.0859 42.0455 0
    endloop
  endfacet
  facet normal 0.997854 -0.0654722 0
    outer loop
      vertex 13.9 40.5 2
      vertex 13.9137 40.7088 0
      vertex 13.9137 40.7088 2
    endloop
  endfacet
  facet normal 0.997854 -0.0654722 0
    outer loop
      vertex 13.9137 40.7088 0
      vertex 13.9 40.5 2
      vertex 13.9 40.5 0
    endloop
  endfacet
  facet normal -0.659248 0.751925 0
    outer loop
      vertex 21.6314 39.3686 0
      vertex 21.474 39.2306 2
      vertex 21.6314 39.3686 2
    endloop
  endfacet
  facet normal -0.659248 0.751925 0
    outer loop
      vertex 21.474 39.2306 2
      vertex 21.6314 39.3686 0
      vertex 21.474 39.2306 0
    endloop
  endfacet
  facet normal -0.997854 -0.0654722 0
    outer loop
      vertex 22.1 40.5 0
      vertex 22.0863 40.7088 2
      vertex 22.0863 40.7088 0
    endloop
  endfacet
  facet normal -0.997854 -0.0654722 0
    outer loop
      vertex 22.0863 40.7088 2
      vertex 22.1 40.5 0
      vertex 22.1 40.5 2
    endloop
  endfacet
  facet normal -0.0654722 -0.997854 0
    outer loop
      vertex 20.5 42.1 0
      vertex 20.7088 42.0863 2
      vertex 20.5 42.1 2
    endloop
  endfacet
  facet normal -0.0654722 -0.997854 -0
    outer loop
      vertex 20.7088 42.0863 2
      vertex 20.5 42.1 0
      vertex 20.7088 42.0863 0
    endloop
  endfacet
  facet normal 0.555362 -0.831609 0
    outer loop
      vertex 14.526 41.7694 0
      vertex 14.7 41.8856 2
      vertex 14.526 41.7694 2
    endloop
  endfacet
  facet normal 0.555362 -0.831609 0
    outer loop
      vertex 14.7 41.8856 2
      vertex 14.526 41.7694 0
      vertex 14.7 41.8856 0
    endloop
  endfacet
  facet normal -0.896803 -0.442429 0
    outer loop
      vertex 21.9782 41.1123 0
      vertex 21.8856 41.3 2
      vertex 21.8856 41.3 0
    endloop
  endfacet
  facet normal -0.896803 -0.442429 0
    outer loop
      vertex 21.8856 41.3 2
      vertex 21.9782 41.1123 0
      vertex 21.9782 41.1123 2
    endloop
  endfacet
  facet normal -0.946901 -0.321526 0
    outer loop
      vertex 22.0455 40.9141 0
      vertex 21.9782 41.1123 2
      vertex 21.9782 41.1123 0
    endloop
  endfacet
  facet normal -0.946901 -0.321526 0
    outer loop
      vertex 21.9782 41.1123 2
      vertex 22.0455 40.9141 0
      vertex 22.0455 40.9141 2
    endloop
  endfacet
  facet normal 0.0654722 -0.997854 0
    outer loop
      vertex 15.2912 42.0863 0
      vertex 15.5 42.1 2
      vertex 15.2912 42.0863 2
    endloop
  endfacet
  facet normal 0.0654722 -0.997854 0
    outer loop
      vertex 15.5 42.1 2
      vertex 15.2912 42.0863 0
      vertex 15.5 42.1 0
    endloop
  endfacet
  facet normal 0.194922 -0.980819 0
    outer loop
      vertex 15.0859 42.0455 0
      vertex 15.2912 42.0863 2
      vertex 15.0859 42.0455 2
    endloop
  endfacet
  facet normal 0.194922 -0.980819 0
    outer loop
      vertex 15.2912 42.0863 2
      vertex 15.0859 42.0455 0
      vertex 15.2912 42.0863 0
    endloop
  endfacet
  facet normal 0.946901 0.321526 0
    outer loop
      vertex 14.0218 39.8877 2
      vertex 13.9545 40.0859 0
      vertex 13.9545 40.0859 2
    endloop
  endfacet
  facet normal 0.946901 0.321526 0
    outer loop
      vertex 13.9545 40.0859 0
      vertex 14.0218 39.8877 2
      vertex 14.0218 39.8877 0
    endloop
  endfacet
  facet normal -0.980819 -0.194922 0
    outer loop
      vertex 22.0863 40.7088 0
      vertex 22.0455 40.9141 2
      vertex 22.0455 40.9141 0
    endloop
  endfacet
  facet normal -0.980819 -0.194922 0
    outer loop
      vertex 22.0455 40.9141 2
      vertex 22.0863 40.7088 0
      vertex 22.0863 40.7088 2
    endloop
  endfacet
  facet normal 0.751925 0.659248 0
    outer loop
      vertex 14.3686 39.3686 2
      vertex 14.2306 39.526 0
      vertex 14.2306 39.526 2
    endloop
  endfacet
  facet normal 0.751925 0.659248 0
    outer loop
      vertex 14.2306 39.526 0
      vertex 14.3686 39.3686 2
      vertex 14.3686 39.3686 0
    endloop
  endfacet
  facet normal 0.659248 0.751925 -0
    outer loop
      vertex 14.526 39.2306 0
      vertex 14.3686 39.3686 2
      vertex 14.526 39.2306 2
    endloop
  endfacet
  facet normal 0.659248 0.751925 0
    outer loop
      vertex 14.3686 39.3686 2
      vertex 14.526 39.2306 0
      vertex 14.3686 39.3686 0
    endloop
  endfacet
  facet normal 0.555362 0.831609 -0
    outer loop
      vertex 14.7 39.1144 0
      vertex 14.526 39.2306 2
      vertex 14.7 39.1144 2
    endloop
  endfacet
  facet normal 0.555362 0.831609 0
    outer loop
      vertex 14.526 39.2306 2
      vertex 14.7 39.1144 0
      vertex 14.526 39.2306 0
    endloop
  endfacet
  facet normal 0.980819 -0.194922 0
    outer loop
      vertex 13.9137 40.7088 2
      vertex 13.9545 40.9141 0
      vertex 13.9545 40.9141 2
    endloop
  endfacet
  facet normal 0.980819 -0.194922 0
    outer loop
      vertex 13.9545 40.9141 0
      vertex 13.9137 40.7088 2
      vertex 13.9137 40.7088 0
    endloop
  endfacet
  facet normal -0.194922 -0.980819 0
    outer loop
      vertex 20.7088 42.0863 0
      vertex 20.9141 42.0455 2
      vertex 20.7088 42.0863 2
    endloop
  endfacet
  facet normal -0.194922 -0.980819 -0
    outer loop
      vertex 20.9141 42.0455 2
      vertex 20.7088 42.0863 0
      vertex 20.9141 42.0455 0
    endloop
  endfacet
  facet normal -0.997854 0.0654722 0
    outer loop
      vertex 22.0863 40.2912 0
      vertex 22.1 40.5 2
      vertex 22.1 40.5 0
    endloop
  endfacet
  facet normal -0.997854 0.0654722 0
    outer loop
      vertex 22.1 40.5 2
      vertex 22.0863 40.2912 0
      vertex 22.0863 40.2912 2
    endloop
  endfacet
  facet normal -0.555362 -0.831609 0
    outer loop
      vertex 21.3 41.8856 0
      vertex 21.474 41.7694 2
      vertex 21.3 41.8856 2
    endloop
  endfacet
  facet normal -0.555362 -0.831609 -0
    outer loop
      vertex 21.474 41.7694 2
      vertex 21.3 41.8856 0
      vertex 21.474 41.7694 0
    endloop
  endfacet
  facet normal 0.751925 -0.659248 0
    outer loop
      vertex 14.2306 41.474 2
      vertex 14.3686 41.6314 0
      vertex 14.3686 41.6314 2
    endloop
  endfacet
  facet normal 0.751925 -0.659248 0
    outer loop
      vertex 14.3686 41.6314 0
      vertex 14.2306 41.474 2
      vertex 14.2306 41.474 0
    endloop
  endfacet
  facet normal 0.831609 -0.555362 0
    outer loop
      vertex 14.1144 41.3 2
      vertex 14.2306 41.474 0
      vertex 14.2306 41.474 2
    endloop
  endfacet
  facet normal 0.831609 -0.555362 0
    outer loop
      vertex 14.2306 41.474 0
      vertex 14.1144 41.3 2
      vertex 14.1144 41.3 0
    endloop
  endfacet
  facet normal 0.980819 0.194922 0
    outer loop
      vertex 13.9545 40.0859 2
      vertex 13.9137 40.2912 0
      vertex 13.9137 40.2912 2
    endloop
  endfacet
  facet normal 0.980819 0.194922 0
    outer loop
      vertex 13.9137 40.2912 0
      vertex 13.9545 40.0859 2
      vertex 13.9545 40.0859 0
    endloop
  endfacet
  facet normal 0.442429 -0.896803 0
    outer loop
      vertex 14.7 41.8856 0
      vertex 14.8877 41.9782 2
      vertex 14.7 41.8856 2
    endloop
  endfacet
  facet normal 0.442429 -0.896803 0
    outer loop
      vertex 14.8877 41.9782 2
      vertex 14.7 41.8856 0
      vertex 14.8877 41.9782 0
    endloop
  endfacet
  facet normal -0.831609 -0.555362 0
    outer loop
      vertex 21.8856 41.3 0
      vertex 21.7694 41.474 2
      vertex 21.7694 41.474 0
    endloop
  endfacet
  facet normal -0.831609 -0.555362 0
    outer loop
      vertex 21.7694 41.474 2
      vertex 21.8856 41.3 0
      vertex 21.8856 41.3 2
    endloop
  endfacet
  facet normal 0.997854 0.0654722 0
    outer loop
      vertex 13.9137 40.2912 2
      vertex 13.9 40.5 0
      vertex 13.9 40.5 2
    endloop
  endfacet
  facet normal 0.997854 0.0654722 0
    outer loop
      vertex 13.9 40.5 0
      vertex 13.9137 40.2912 2
      vertex 13.9137 40.2912 0
    endloop
  endfacet
  facet normal -0.831609 0.555362 0
    outer loop
      vertex 21.7694 39.526 0
      vertex 21.8856 39.7 2
      vertex 21.8856 39.7 0
    endloop
  endfacet
  facet normal -0.831609 0.555362 0
    outer loop
      vertex 21.8856 39.7 2
      vertex 21.7694 39.526 0
      vertex 21.7694 39.526 2
    endloop
  endfacet
  facet normal -0.555362 0.831609 0
    outer loop
      vertex 21.474 39.2306 0
      vertex 21.3 39.1144 2
      vertex 21.474 39.2306 2
    endloop
  endfacet
  facet normal -0.555362 0.831609 0
    outer loop
      vertex 21.3 39.1144 2
      vertex 21.474 39.2306 0
      vertex 21.3 39.1144 0
    endloop
  endfacet
  facet normal -0.751925 -0.659248 0
    outer loop
      vertex 21.7694 41.474 0
      vertex 21.6314 41.6314 2
      vertex 21.6314 41.6314 0
    endloop
  endfacet
  facet normal -0.751925 -0.659248 0
    outer loop
      vertex 21.6314 41.6314 2
      vertex 21.7694 41.474 0
      vertex 21.7694 41.474 2
    endloop
  endfacet
  facet normal 0.659248 -0.751925 0
    outer loop
      vertex 14.3686 41.6314 0
      vertex 14.526 41.7694 2
      vertex 14.3686 41.6314 2
    endloop
  endfacet
  facet normal 0.659248 -0.751925 0
    outer loop
      vertex 14.526 41.7694 2
      vertex 14.3686 41.6314 0
      vertex 14.526 41.7694 0
    endloop
  endfacet
  facet normal -0.896803 0.442429 0
    outer loop
      vertex 21.8856 39.7 0
      vertex 21.9782 39.8877 2
      vertex 21.9782 39.8877 0
    endloop
  endfacet
  facet normal -0.896803 0.442429 0
    outer loop
      vertex 21.9782 39.8877 2
      vertex 21.8856 39.7 0
      vertex 21.8856 39.7 2
    endloop
  endfacet
  facet normal 0.896803 -0.442429 0
    outer loop
      vertex 14.0218 41.1123 2
      vertex 14.1144 41.3 0
      vertex 14.1144 41.3 2
    endloop
  endfacet
  facet normal 0.896803 -0.442429 0
    outer loop
      vertex 14.1144 41.3 0
      vertex 14.0218 41.1123 2
      vertex 14.0218 41.1123 0
    endloop
  endfacet
  facet normal -0.442429 -0.896803 0
    outer loop
      vertex 21.1123 41.9782 0
      vertex 21.3 41.8856 2
      vertex 21.1123 41.9782 2
    endloop
  endfacet
  facet normal -0.442429 -0.896803 -0
    outer loop
      vertex 21.3 41.8856 2
      vertex 21.1123 41.9782 0
      vertex 21.3 41.8856 0
    endloop
  endfacet
  facet normal -0.946901 0.321526 0
    outer loop
      vertex 21.9782 39.8877 0
      vertex 22.0455 40.0859 2
      vertex 22.0455 40.0859 0
    endloop
  endfacet
  facet normal -0.946901 0.321526 0
    outer loop
      vertex 22.0455 40.0859 2
      vertex 21.9782 39.8877 0
      vertex 21.9782 39.8877 2
    endloop
  endfacet
  facet normal 0.195059 0.980791 -0
    outer loop
      vertex 51.2912 -5.08631 0
      vertex 51.0859 -5.04548 2
      vertex 51.2912 -5.08631 2
    endloop
  endfacet
  facet normal 0.195059 0.980791 0
    outer loop
      vertex 51.0859 -5.04548 2
      vertex 51.2912 -5.08631 0
      vertex 51.0859 -5.04548 0
    endloop
  endfacet
  facet normal -0.751821 0.659367 0
    outer loop
      vertex 57.6314 -4.63137 0
      vertex 57.7694 -4.47402 2
      vertex 57.7694 -4.47402 0
    endloop
  endfacet
  facet normal -0.751821 0.659367 0
    outer loop
      vertex 57.7694 -4.47402 2
      vertex 57.6314 -4.63137 0
      vertex 57.6314 -4.63137 2
    endloop
  endfacet
  facet normal -0.0654247 0.997858 0
    outer loop
      vertex 56.7088 -5.08631 0
      vertex 56.5 -5.1 2
      vertex 56.7088 -5.08631 2
    endloop
  endfacet
  facet normal -0.0654247 0.997858 0
    outer loop
      vertex 56.5 -5.1 2
      vertex 56.7088 -5.08631 0
      vertex 56.5 -5.1 0
    endloop
  endfacet
  facet normal 0.0654247 0.997858 -0
    outer loop
      vertex 51.5 -5.1 0
      vertex 51.2912 -5.08631 2
      vertex 51.5 -5.1 2
    endloop
  endfacet
  facet normal 0.0654247 0.997858 0
    outer loop
      vertex 51.2912 -5.08631 2
      vertex 51.5 -5.1 0
      vertex 51.2912 -5.08631 0
    endloop
  endfacet
  facet normal -0.442314 0.89686 0
    outer loop
      vertex 57.3 -4.88564 0
      vertex 57.1123 -4.97821 2
      vertex 57.3 -4.88564 2
    endloop
  endfacet
  facet normal -0.442314 0.89686 0
    outer loop
      vertex 57.1123 -4.97821 2
      vertex 57.3 -4.88564 0
      vertex 57.1123 -4.97821 0
    endloop
  endfacet
  facet normal 0 1 -0
    outer loop
      vertex 56.5 -5.1 0
      vertex 51.5 -5.1 2
      vertex 56.5 -5.1 2
    endloop
  endfacet
  facet normal 0 1 0
    outer loop
      vertex 51.5 -5.1 2
      vertex 56.5 -5.1 0
      vertex 51.5 -5.1 0
    endloop
  endfacet
  facet normal 0 -1 0
    outer loop
      vertex 51.5 -1.9 0
      vertex 56.5 -1.9 2
      vertex 51.5 -1.9 2
    endloop
  endfacet
  facet normal 0 -1 -0
    outer loop
      vertex 56.5 -1.9 2
      vertex 51.5 -1.9 0
      vertex 56.5 -1.9 0
    endloop
  endfacet
  facet normal 0.831638 0.555318 0
    outer loop
      vertex 50.2306 -4.47402 2
      vertex 50.1144 -4.3 0
      vertex 50.1144 -4.3 2
    endloop
  endfacet
  facet normal 0.831638 0.555318 0
    outer loop
      vertex 50.1144 -4.3 0
      vertex 50.2306 -4.47402 2
      vertex 50.2306 -4.47402 0
    endloop
  endfacet
  facet normal -0.321397 0.946944 0
    outer loop
      vertex 57.1123 -4.97821 0
      vertex 56.9141 -5.04548 2
      vertex 57.1123 -4.97821 2
    endloop
  endfacet
  facet normal -0.321397 0.946944 0
    outer loop
      vertex 56.9141 -5.04548 2
      vertex 57.1123 -4.97821 0
      vertex 56.9141 -5.04548 0
    endloop
  endfacet
  facet normal 0.321397 0.946944 -0
    outer loop
      vertex 51.0859 -5.04548 0
      vertex 50.8877 -4.97821 2
      vertex 51.0859 -5.04548 2
    endloop
  endfacet
  facet normal 0.321397 0.946944 0
    outer loop
      vertex 50.8877 -4.97821 2
      vertex 51.0859 -5.04548 0
      vertex 50.8877 -4.97821 0
    endloop
  endfacet
  facet normal -0.195059 0.980791 0
    outer loop
      vertex 56.9141 -5.04548 0
      vertex 56.7088 -5.08631 2
      vertex 56.9141 -5.04548 2
    endloop
  endfacet
  facet normal -0.195059 0.980791 0
    outer loop
      vertex 56.7088 -5.08631 2
      vertex 56.9141 -5.04548 0
      vertex 56.7088 -5.08631 0
    endloop
  endfacet
  facet normal 0.896813 0.44241 0
    outer loop
      vertex 50.1144 -4.3 2
      vertex 50.0218 -4.11229 0
      vertex 50.0218 -4.11229 2
    endloop
  endfacet
  facet normal 0.896813 0.44241 0
    outer loop
      vertex 50.0218 -4.11229 0
      vertex 50.1144 -4.3 2
      vertex 50.1144 -4.3 0
    endloop
  endfacet
  facet normal -0.980813 0.194949 0
    outer loop
      vertex 58.0455 -3.91411 0
      vertex 58.0863 -3.70884 2
      vertex 58.0863 -3.70884 0
    endloop
  endfacet
  facet normal -0.980813 0.194949 0
    outer loop
      vertex 58.0863 -3.70884 2
      vertex 58.0455 -3.91411 0
      vertex 58.0455 -3.91411 2
    endloop
  endfacet
  facet normal 0.980813 -0.194949 0
    outer loop
      vertex 49.9137 -3.29116 2
      vertex 49.9545 -3.08589 0
      vertex 49.9545 -3.08589 2
    endloop
  endfacet
  facet normal 0.980813 -0.194949 0
    outer loop
      vertex 49.9545 -3.08589 0
      vertex 49.9137 -3.29116 2
      vertex 49.9137 -3.29116 0
    endloop
  endfacet
  facet normal -0.659248 -0.751925 0
    outer loop
      vertex 57.474 -2.23063 0
      vertex 57.6314 -2.36863 2
      vertex 57.474 -2.23063 2
    endloop
  endfacet
  facet normal -0.659248 -0.751925 -0
    outer loop
      vertex 57.6314 -2.36863 2
      vertex 57.474 -2.23063 0
      vertex 57.6314 -2.36863 0
    endloop
  endfacet
  facet normal 0.946891 -0.321555 0
    outer loop
      vertex 49.9545 -3.08589 2
      vertex 50.0218 -2.88771 0
      vertex 50.0218 -2.88771 2
    endloop
  endfacet
  facet normal 0.946891 -0.321555 0
    outer loop
      vertex 50.0218 -2.88771 0
      vertex 49.9545 -3.08589 2
      vertex 49.9545 -3.08589 0
    endloop
  endfacet
  facet normal -0.321397 -0.946944 0
    outer loop
      vertex 56.9141 -1.95452 0
      vertex 57.1123 -2.02179 2
      vertex 56.9141 -1.95452 2
    endloop
  endfacet
  facet normal -0.321397 -0.946944 -0
    outer loop
      vertex 57.1123 -2.02179 2
      vertex 56.9141 -1.95452 0
      vertex 57.1123 -2.02179 0
    endloop
  endfacet
  facet normal 0.442314 0.89686 -0
    outer loop
      vertex 50.8877 -4.97821 0
      vertex 50.7 -4.88564 2
      vertex 50.8877 -4.97821 2
    endloop
  endfacet
  facet normal 0.442314 0.89686 0
    outer loop
      vertex 50.7 -4.88564 2
      vertex 50.8877 -4.97821 0
      vertex 50.7 -4.88564 0
    endloop
  endfacet
  facet normal 0.321397 -0.946944 0
    outer loop
      vertex 50.8877 -2.02179 0
      vertex 51.0859 -1.95452 2
      vertex 50.8877 -2.02179 2
    endloop
  endfacet
  facet normal 0.321397 -0.946944 0
    outer loop
      vertex 51.0859 -1.95452 2
      vertex 50.8877 -2.02179 0
      vertex 51.0859 -1.95452 0
    endloop
  endfacet
  facet normal 0.997855 -0.0654598 0
    outer loop
      vertex 49.9 -3.5 2
      vertex 49.9137 -3.29116 0
      vertex 49.9137 -3.29116 2
    endloop
  endfacet
  facet normal 0.997855 -0.0654598 0
    outer loop
      vertex 49.9137 -3.29116 0
      vertex 49.9 -3.5 2
      vertex 49.9 -3.5 0
    endloop
  endfacet
  facet normal -0.659248 0.751925 0
    outer loop
      vertex 57.6314 -4.63137 0
      vertex 57.474 -4.76937 2
      vertex 57.6314 -4.63137 2
    endloop
  endfacet
  facet normal -0.659248 0.751925 0
    outer loop
      vertex 57.474 -4.76937 2
      vertex 57.6314 -4.63137 0
      vertex 57.474 -4.76937 0
    endloop
  endfacet
  facet normal -0.997855 -0.0654598 0
    outer loop
      vertex 58.1 -3.5 0
      vertex 58.0863 -3.29116 2
      vertex 58.0863 -3.29116 0
    endloop
  endfacet
  facet normal -0.997855 -0.0654598 0
    outer loop
      vertex 58.0863 -3.29116 2
      vertex 58.1 -3.5 0
      vertex 58.1 -3.5 2
    endloop
  endfacet
  facet normal -0.0654247 -0.997858 0
    outer loop
      vertex 56.5 -1.9 0
      vertex 56.7088 -1.91369 2
      vertex 56.5 -1.9 2
    endloop
  endfacet
  facet normal -0.0654247 -0.997858 -0
    outer loop
      vertex 56.7088 -1.91369 2
      vertex 56.5 -1.9 0
      vertex 56.7088 -1.91369 0
    endloop
  endfacet
  facet normal 0.555593 -0.831454 0
    outer loop
      vertex 50.526 -2.23063 0
      vertex 50.7 -2.11436 2
      vertex 50.526 -2.23063 2
    endloop
  endfacet
  facet normal 0.555593 -0.831454 0
    outer loop
      vertex 50.7 -2.11436 2
      vertex 50.526 -2.23063 0
      vertex 50.7 -2.11436 0
    endloop
  endfacet
  facet normal -0.896813 -0.44241 0
    outer loop
      vertex 57.9782 -2.88771 0
      vertex 57.8856 -2.7 2
      vertex 57.8856 -2.7 0
    endloop
  endfacet
  facet normal -0.896813 -0.44241 0
    outer loop
      vertex 57.8856 -2.7 2
      vertex 57.9782 -2.88771 0
      vertex 57.9782 -2.88771 2
    endloop
  endfacet
  facet normal -0.946891 -0.321555 0
    outer loop
      vertex 58.0455 -3.08589 0
      vertex 57.9782 -2.88771 2
      vertex 57.9782 -2.88771 0
    endloop
  endfacet
  facet normal -0.946891 -0.321555 0
    outer loop
      vertex 57.9782 -2.88771 2
      vertex 58.0455 -3.08589 0
      vertex 58.0455 -3.08589 2
    endloop
  endfacet
  facet normal 0.0654247 -0.997858 0
    outer loop
      vertex 51.2912 -1.91369 0
      vertex 51.5 -1.9 2
      vertex 51.2912 -1.91369 2
    endloop
  endfacet
  facet normal 0.0654247 -0.997858 0
    outer loop
      vertex 51.5 -1.9 2
      vertex 51.2912 -1.91369 0
      vertex 51.5 -1.9 0
    endloop
  endfacet
  facet normal 0.195059 -0.980791 0
    outer loop
      vertex 51.0859 -1.95452 0
      vertex 51.2912 -1.91369 2
      vertex 51.0859 -1.95452 2
    endloop
  endfacet
  facet normal 0.195059 -0.980791 0
    outer loop
      vertex 51.2912 -1.91369 2
      vertex 51.0859 -1.95452 0
      vertex 51.2912 -1.91369 0
    endloop
  endfacet
  facet normal 0.946891 0.321555 0
    outer loop
      vertex 50.0218 -4.11229 2
      vertex 49.9545 -3.91411 0
      vertex 49.9545 -3.91411 2
    endloop
  endfacet
  facet normal 0.946891 0.321555 0
    outer loop
      vertex 49.9545 -3.91411 0
      vertex 50.0218 -4.11229 2
      vertex 50.0218 -4.11229 0
    endloop
  endfacet
  facet normal -0.980813 -0.194949 0
    outer loop
      vertex 58.0863 -3.29116 0
      vertex 58.0455 -3.08589 2
      vertex 58.0455 -3.08589 0
    endloop
  endfacet
  facet normal -0.980813 -0.194949 0
    outer loop
      vertex 58.0455 -3.08589 2
      vertex 58.0863 -3.29116 0
      vertex 58.0863 -3.29116 2
    endloop
  endfacet
  facet normal 0.751821 0.659367 0
    outer loop
      vertex 50.3686 -4.63137 2
      vertex 50.2306 -4.47402 0
      vertex 50.2306 -4.47402 2
    endloop
  endfacet
  facet normal 0.751821 0.659367 0
    outer loop
      vertex 50.2306 -4.47402 0
      vertex 50.3686 -4.63137 2
      vertex 50.3686 -4.63137 0
    endloop
  endfacet
  facet normal 0.659248 0.751925 -0
    outer loop
      vertex 50.526 -4.76937 0
      vertex 50.3686 -4.63137 2
      vertex 50.526 -4.76937 2
    endloop
  endfacet
  facet normal 0.659248 0.751925 0
    outer loop
      vertex 50.3686 -4.63137 2
      vertex 50.526 -4.76937 0
      vertex 50.3686 -4.63137 0
    endloop
  endfacet
  facet normal -0.195059 -0.980791 0
    outer loop
      vertex 56.7088 -1.91369 0
      vertex 56.9141 -1.95452 2
      vertex 56.7088 -1.91369 2
    endloop
  endfacet
  facet normal -0.195059 -0.980791 -0
    outer loop
      vertex 56.9141 -1.95452 2
      vertex 56.7088 -1.91369 0
      vertex 56.9141 -1.95452 0
    endloop
  endfacet
  facet normal -0.997855 0.0654598 0
    outer loop
      vertex 58.0863 -3.70884 0
      vertex 58.1 -3.5 2
      vertex 58.1 -3.5 0
    endloop
  endfacet
  facet normal -0.997855 0.0654598 0
    outer loop
      vertex 58.1 -3.5 2
      vertex 58.0863 -3.70884 0
      vertex 58.0863 -3.70884 2
    endloop
  endfacet
  facet normal -0.555593 -0.831454 0
    outer loop
      vertex 57.3 -2.11436 0
      vertex 57.474 -2.23063 2
      vertex 57.3 -2.11436 2
    endloop
  endfacet
  facet normal -0.555593 -0.831454 -0
    outer loop
      vertex 57.474 -2.23063 2
      vertex 57.3 -2.11436 0
      vertex 57.474 -2.23063 0
    endloop
  endfacet
  facet normal 0.751821 -0.659367 0
    outer loop
      vertex 50.2306 -2.52598 2
      vertex 50.3686 -2.36863 0
      vertex 50.3686 -2.36863 2
    endloop
  endfacet
  facet normal 0.751821 -0.659367 0
    outer loop
      vertex 50.3686 -2.36863 0
      vertex 50.2306 -2.52598 2
      vertex 50.2306 -2.52598 0
    endloop
  endfacet
  facet normal 0.831638 -0.555318 0
    outer loop
      vertex 50.1144 -2.7 2
      vertex 50.2306 -2.52598 0
      vertex 50.2306 -2.52598 2
    endloop
  endfacet
  facet normal 0.831638 -0.555318 0
    outer loop
      vertex 50.2306 -2.52598 0
      vertex 50.1144 -2.7 2
      vertex 50.1144 -2.7 0
    endloop
  endfacet
  facet normal 0.980813 0.194949 0
    outer loop
      vertex 49.9545 -3.91411 2
      vertex 49.9137 -3.70884 0
      vertex 49.9137 -3.70884 2
    endloop
  endfacet
  facet normal 0.980813 0.194949 0
    outer loop
      vertex 49.9137 -3.70884 0
      vertex 49.9545 -3.91411 2
      vertex 49.9545 -3.91411 0
    endloop
  endfacet
  facet normal 0.442314 -0.89686 0
    outer loop
      vertex 50.7 -2.11436 0
      vertex 50.8877 -2.02179 2
      vertex 50.7 -2.11436 2
    endloop
  endfacet
  facet normal 0.442314 -0.89686 0
    outer loop
      vertex 50.8877 -2.02179 2
      vertex 50.7 -2.11436 0
      vertex 50.8877 -2.02179 0
    endloop
  endfacet
  facet normal -0.831638 -0.555318 0
    outer loop
      vertex 57.8856 -2.7 0
      vertex 57.7694 -2.52598 2
      vertex 57.7694 -2.52598 0
    endloop
  endfacet
  facet normal -0.831638 -0.555318 0
    outer loop
      vertex 57.7694 -2.52598 2
      vertex 57.8856 -2.7 0
      vertex 57.8856 -2.7 2
    endloop
  endfacet
  facet normal 0.997855 0.0654598 0
    outer loop
      vertex 49.9137 -3.70884 2
      vertex 49.9 -3.5 0
      vertex 49.9 -3.5 2
    endloop
  endfacet
  facet normal 0.997855 0.0654598 0
    outer loop
      vertex 49.9 -3.5 0
      vertex 49.9137 -3.70884 2
      vertex 49.9137 -3.70884 0
    endloop
  endfacet
  facet normal -0.831638 0.555318 0
    outer loop
      vertex 57.7694 -4.47402 0
      vertex 57.8856 -4.3 2
      vertex 57.8856 -4.3 0
    endloop
  endfacet
  facet normal -0.831638 0.555318 0
    outer loop
      vertex 57.8856 -4.3 2
      vertex 57.7694 -4.47402 0
      vertex 57.7694 -4.47402 2
    endloop
  endfacet
  facet normal 0.555593 0.831454 -0
    outer loop
      vertex 50.7 -4.88564 0
      vertex 50.526 -4.76937 2
      vertex 50.7 -4.88564 2
    endloop
  endfacet
  facet normal 0.555593 0.831454 0
    outer loop
      vertex 50.526 -4.76937 2
      vertex 50.7 -4.88564 0
      vertex 50.526 -4.76937 0
    endloop
  endfacet
  facet normal -0.555593 0.831454 0
    outer loop
      vertex 57.474 -4.76937 0
      vertex 57.3 -4.88564 2
      vertex 57.474 -4.76937 2
    endloop
  endfacet
  facet normal -0.555593 0.831454 0
    outer loop
      vertex 57.3 -4.88564 2
      vertex 57.474 -4.76937 0
      vertex 57.3 -4.88564 0
    endloop
  endfacet
  facet normal -0.751821 -0.659367 0
    outer loop
      vertex 57.7694 -2.52598 0
      vertex 57.6314 -2.36863 2
      vertex 57.6314 -2.36863 0
    endloop
  endfacet
  facet normal -0.751821 -0.659367 0
    outer loop
      vertex 57.6314 -2.36863 2
      vertex 57.7694 -2.52598 0
      vertex 57.7694 -2.52598 2
    endloop
  endfacet
  facet normal 0.659248 -0.751925 0
    outer loop
      vertex 50.3686 -2.36863 0
      vertex 50.526 -2.23063 2
      vertex 50.3686 -2.36863 2
    endloop
  endfacet
  facet normal 0.659248 -0.751925 0
    outer loop
      vertex 50.526 -2.23063 2
      vertex 50.3686 -2.36863 0
      vertex 50.526 -2.23063 0
    endloop
  endfacet
  facet normal -0.896813 0.44241 0
    outer loop
      vertex 57.8856 -4.3 0
      vertex 57.9782 -4.11229 2
      vertex 57.9782 -4.11229 0
    endloop
  endfacet
  facet normal -0.896813 0.44241 0
    outer loop
      vertex 57.9782 -4.11229 2
      vertex 57.8856 -4.3 0
      vertex 57.8856 -4.3 2
    endloop
  endfacet
  facet normal 0.896813 -0.44241 0
    outer loop
      vertex 50.0218 -2.88771 2
      vertex 50.1144 -2.7 0
      vertex 50.1144 -2.7 2
    endloop
  endfacet
  facet normal 0.896813 -0.44241 0
    outer loop
      vertex 50.1144 -2.7 0
      vertex 50.0218 -2.88771 2
      vertex 50.0218 -2.88771 0
    endloop
  endfacet
  facet normal -0.442314 -0.89686 0
    outer loop
      vertex 57.1123 -2.02179 0
      vertex 57.3 -2.11436 2
      vertex 57.1123 -2.02179 2
    endloop
  endfacet
  facet normal -0.442314 -0.89686 -0
    outer loop
      vertex 57.3 -2.11436 2
      vertex 57.1123 -2.02179 0
      vertex 57.3 -2.11436 0
    endloop
  endfacet
  facet normal -0.946891 0.321555 0
    outer loop
      vertex 57.9782 -4.11229 0
      vertex 58.0455 -3.91411 2
      vertex 58.0455 -3.91411 0
    endloop
  endfacet
  facet normal -0.946891 0.321555 0
    outer loop
      vertex 58.0455 -3.91411 2
      vertex 57.9782 -4.11229 0
      vertex 57.9782 -4.11229 2
    endloop
  endfacet
  facet normal 0.194922 0.980819 -0
    outer loop
      vertex 51.2912 38.9137 0
      vertex 51.0859 38.9545 2
      vertex 51.2912 38.9137 2
    endloop
  endfacet
  facet normal 0.194922 0.980819 0
    outer loop
      vertex 51.0859 38.9545 2
      vertex 51.2912 38.9137 0
      vertex 51.0859 38.9545 0
    endloop
  endfacet
  facet normal 0.555362 0.831609 -0
    outer loop
      vertex 50.7 39.1144 0
      vertex 50.526 39.2306 2
      vertex 50.7 39.1144 2
    endloop
  endfacet
  facet normal 0.555362 0.831609 0
    outer loop
      vertex 50.526 39.2306 2
      vertex 50.7 39.1144 0
      vertex 50.526 39.2306 0
    endloop
  endfacet
  facet normal 0.997854 0.0654722 0
    outer loop
      vertex 49.9137 40.2912 2
      vertex 49.9 40.5 0
      vertex 49.9 40.5 2
    endloop
  endfacet
  facet normal 0.997854 0.0654722 0
    outer loop
      vertex 49.9 40.5 0
      vertex 49.9137 40.2912 2
      vertex 49.9137 40.2912 0
    endloop
  endfacet
  facet normal -0.831609 0.555362 0
    outer loop
      vertex 57.7694 39.526 0
      vertex 57.8856 39.7 2
      vertex 57.8856 39.7 0
    endloop
  endfacet
  facet normal -0.831609 0.555362 0
    outer loop
      vertex 57.8856 39.7 2
      vertex 57.7694 39.526 0
      vertex 57.7694 39.526 2
    endloop
  endfacet
  facet normal 0.997854 -0.0654722 0
    outer loop
      vertex 49.9 40.5 2
      vertex 49.9137 40.7088 0
      vertex 49.9137 40.7088 2
    endloop
  endfacet
  facet normal 0.997854 -0.0654722 0
    outer loop
      vertex 49.9137 40.7088 0
      vertex 49.9 40.5 2
      vertex 49.9 40.5 0
    endloop
  endfacet
  facet normal -0.0654722 0.997854 0
    outer loop
      vertex 56.7088 38.9137 0
      vertex 56.5 38.9 2
      vertex 56.7088 38.9137 2
    endloop
  endfacet
  facet normal -0.0654722 0.997854 0
    outer loop
      vertex 56.5 38.9 2
      vertex 56.7088 38.9137 0
      vertex 56.5 38.9 0
    endloop
  endfacet
  facet normal 0.0654722 0.997854 -0
    outer loop
      vertex 51.5 38.9 0
      vertex 51.2912 38.9137 2
      vertex 51.5 38.9 2
    endloop
  endfacet
  facet normal 0.0654722 0.997854 0
    outer loop
      vertex 51.2912 38.9137 2
      vertex 51.5 38.9 0
      vertex 51.2912 38.9137 0
    endloop
  endfacet
  facet normal -0.997854 -0.0654722 0
    outer loop
      vertex 58.1 40.5 0
      vertex 58.0863 40.7088 2
      vertex 58.0863 40.7088 0
    endloop
  endfacet
  facet normal -0.997854 -0.0654722 0
    outer loop
      vertex 58.0863 40.7088 2
      vertex 58.1 40.5 0
      vertex 58.1 40.5 2
    endloop
  endfacet
  facet normal -0.442429 0.896803 0
    outer loop
      vertex 57.3 39.1144 0
      vertex 57.1123 39.0218 2
      vertex 57.3 39.1144 2
    endloop
  endfacet
  facet normal -0.442429 0.896803 0
    outer loop
      vertex 57.1123 39.0218 2
      vertex 57.3 39.1144 0
      vertex 57.1123 39.0218 0
    endloop
  endfacet
  facet normal 0 1 -0
    outer loop
      vertex 56.5 38.9 0
      vertex 51.5 38.9 2
      vertex 56.5 38.9 2
    endloop
  endfacet
  facet normal 0 1 0
    outer loop
      vertex 51.5 38.9 2
      vertex 56.5 38.9 0
      vertex 51.5 38.9 0
    endloop
  endfacet
  facet normal 0 -1 0
    outer loop
      vertex 51.5 42.1 0
      vertex 56.5 42.1 2
      vertex 51.5 42.1 2
    endloop
  endfacet
  facet normal 0 -1 -0
    outer loop
      vertex 56.5 42.1 2
      vertex 51.5 42.1 0
      vertex 56.5 42.1 0
    endloop
  endfacet
  facet normal 0.946901 -0.321526 0
    outer loop
      vertex 49.9545 40.9141 2
      vertex 50.0218 41.1123 0
      vertex 50.0218 41.1123 2
    endloop
  endfacet
  facet normal 0.946901 -0.321526 0
    outer loop
      vertex 50.0218 41.1123 0
      vertex 49.9545 40.9141 2
      vertex 49.9545 40.9141 0
    endloop
  endfacet
  facet normal 0.321526 0.946901 -0
    outer loop
      vertex 51.0859 38.9545 0
      vertex 50.8877 39.0218 2
      vertex 51.0859 38.9545 2
    endloop
  endfacet
  facet normal 0.321526 0.946901 0
    outer loop
      vertex 50.8877 39.0218 2
      vertex 51.0859 38.9545 0
      vertex 50.8877 39.0218 0
    endloop
  endfacet
  facet normal 0.321526 -0.946901 0
    outer loop
      vertex 50.8877 41.9782 0
      vertex 51.0859 42.0455 2
      vertex 50.8877 41.9782 2
    endloop
  endfacet
  facet normal 0.321526 -0.946901 0
    outer loop
      vertex 51.0859 42.0455 2
      vertex 50.8877 41.9782 0
      vertex 51.0859 42.0455 0
    endloop
  endfacet
  facet normal 0.194922 -0.980819 0
    outer loop
      vertex 51.0859 42.0455 0
      vertex 51.2912 42.0863 2
      vertex 51.0859 42.0455 2
    endloop
  endfacet
  facet normal 0.194922 -0.980819 0
    outer loop
      vertex 51.2912 42.0863 2
      vertex 51.0859 42.0455 0
      vertex 51.2912 42.0863 0
    endloop
  endfacet
  facet normal -0.194922 0.980819 0
    outer loop
      vertex 56.9141 38.9545 0
      vertex 56.7088 38.9137 2
      vertex 56.9141 38.9545 2
    endloop
  endfacet
  facet normal -0.194922 0.980819 0
    outer loop
      vertex 56.7088 38.9137 2
      vertex 56.9141 38.9545 0
      vertex 56.7088 38.9137 0
    endloop
  endfacet
  facet normal -0.831609 -0.555362 0
    outer loop
      vertex 57.8856 41.3 0
      vertex 57.7694 41.474 2
      vertex 57.7694 41.474 0
    endloop
  endfacet
  facet normal -0.831609 -0.555362 0
    outer loop
      vertex 57.7694 41.474 2
      vertex 57.8856 41.3 0
      vertex 57.8856 41.3 2
    endloop
  endfacet
  facet normal 0.659248 0.751925 -0
    outer loop
      vertex 50.526 39.2306 0
      vertex 50.3686 39.3686 2
      vertex 50.526 39.2306 2
    endloop
  endfacet
  facet normal 0.659248 0.751925 0
    outer loop
      vertex 50.3686 39.3686 2
      vertex 50.526 39.2306 0
      vertex 50.3686 39.3686 0
    endloop
  endfacet
  facet normal 0.751925 0.659248 0
    outer loop
      vertex 50.3686 39.3686 2
      vertex 50.2306 39.526 0
      vertex 50.2306 39.526 2
    endloop
  endfacet
  facet normal 0.751925 0.659248 0
    outer loop
      vertex 50.2306 39.526 0
      vertex 50.3686 39.3686 2
      vertex 50.3686 39.3686 0
    endloop
  endfacet
  facet normal 0.980819 0.194922 0
    outer loop
      vertex 49.9545 40.0859 2
      vertex 49.9137 40.2912 0
      vertex 49.9137 40.2912 2
    endloop
  endfacet
  facet normal 0.980819 0.194922 0
    outer loop
      vertex 49.9137 40.2912 0
      vertex 49.9545 40.0859 2
      vertex 49.9545 40.0859 0
    endloop
  endfacet
  facet normal 0.831609 0.555362 0
    outer loop
      vertex 50.2306 39.526 2
      vertex 50.1144 39.7 0
      vertex 50.1144 39.7 2
    endloop
  endfacet
  facet normal 0.831609 0.555362 0
    outer loop
      vertex 50.1144 39.7 0
      vertex 50.2306 39.526 2
      vertex 50.2306 39.526 0
    endloop
  endfacet
  facet normal -0.751925 -0.659248 0
    outer loop
      vertex 57.7694 41.474 0
      vertex 57.6314 41.6314 2
      vertex 57.6314 41.6314 0
    endloop
  endfacet
  facet normal -0.751925 -0.659248 0
    outer loop
      vertex 57.6314 41.6314 2
      vertex 57.7694 41.474 0
      vertex 57.7694 41.474 2
    endloop
  endfacet
  facet normal -0.321526 0.946901 0
    outer loop
      vertex 57.1123 39.0218 0
      vertex 56.9141 38.9545 2
      vertex 57.1123 39.0218 2
    endloop
  endfacet
  facet normal -0.321526 0.946901 0
    outer loop
      vertex 56.9141 38.9545 2
      vertex 57.1123 39.0218 0
      vertex 56.9141 38.9545 0
    endloop
  endfacet
  facet normal -0.194922 -0.980819 0
    outer loop
      vertex 56.7088 42.0863 0
      vertex 56.9141 42.0455 2
      vertex 56.7088 42.0863 2
    endloop
  endfacet
  facet normal -0.194922 -0.980819 -0
    outer loop
      vertex 56.9141 42.0455 2
      vertex 56.7088 42.0863 0
      vertex 56.9141 42.0455 0
    endloop
  endfacet
  facet normal 0.980819 -0.194922 0
    outer loop
      vertex 49.9137 40.7088 2
      vertex 49.9545 40.9141 0
      vertex 49.9545 40.9141 2
    endloop
  endfacet
  facet normal 0.980819 -0.194922 0
    outer loop
      vertex 49.9545 40.9141 0
      vertex 49.9137 40.7088 2
      vertex 49.9137 40.7088 0
    endloop
  endfacet
  facet normal 0.555362 -0.831609 0
    outer loop
      vertex 50.526 41.7694 0
      vertex 50.7 41.8856 2
      vertex 50.526 41.7694 2
    endloop
  endfacet
  facet normal 0.555362 -0.831609 0
    outer loop
      vertex 50.7 41.8856 2
      vertex 50.526 41.7694 0
      vertex 50.7 41.8856 0
    endloop
  endfacet
  facet normal 0.896803 0.442429 0
    outer loop
      vertex 50.1144 39.7 2
      vertex 50.0218 39.8877 0
      vertex 50.0218 39.8877 2
    endloop
  endfacet
  facet normal 0.896803 0.442429 0
    outer loop
      vertex 50.0218 39.8877 0
      vertex 50.1144 39.7 2
      vertex 50.1144 39.7 0
    endloop
  endfacet
  facet normal -0.555362 -0.831609 0
    outer loop
      vertex 57.3 41.8856 0
      vertex 57.474 41.7694 2
      vertex 57.3 41.8856 2
    endloop
  endfacet
  facet normal -0.555362 -0.831609 -0
    outer loop
      vertex 57.474 41.7694 2
      vertex 57.3 41.8856 0
      vertex 57.474 41.7694 0
    endloop
  endfacet
  facet normal 0.946901 0.321526 0
    outer loop
      vertex 50.0218 39.8877 2
      vertex 49.9545 40.0859 0
      vertex 49.9545 40.0859 2
    endloop
  endfacet
  facet normal 0.946901 0.321526 0
    outer loop
      vertex 49.9545 40.0859 0
      vertex 50.0218 39.8877 2
      vertex 50.0218 39.8877 0
    endloop
  endfacet
  facet normal -0.0654722 -0.997854 0
    outer loop
      vertex 56.5 42.1 0
      vertex 56.7088 42.0863 2
      vertex 56.5 42.1 2
    endloop
  endfacet
  facet normal -0.0654722 -0.997854 -0
    outer loop
      vertex 56.7088 42.0863 2
      vertex 56.5 42.1 0
      vertex 56.7088 42.0863 0
    endloop
  endfacet
  facet normal 0.831609 -0.555362 0
    outer loop
      vertex 50.1144 41.3 2
      vertex 50.2306 41.474 0
      vertex 50.2306 41.474 2
    endloop
  endfacet
  facet normal 0.831609 -0.555362 0
    outer loop
      vertex 50.2306 41.474 0
      vertex 50.1144 41.3 2
      vertex 50.1144 41.3 0
    endloop
  endfacet
  facet normal -0.997854 0.0654722 0
    outer loop
      vertex 58.0863 40.2912 0
      vertex 58.1 40.5 2
      vertex 58.1 40.5 0
    endloop
  endfacet
  facet normal -0.997854 0.0654722 0
    outer loop
      vertex 58.1 40.5 2
      vertex 58.0863 40.2912 0
      vertex 58.0863 40.2912 2
    endloop
  endfacet
  facet normal -0.980819 -0.194922 0
    outer loop
      vertex 58.0863 40.7088 0
      vertex 58.0455 40.9141 2
      vertex 58.0455 40.9141 0
    endloop
  endfacet
  facet normal -0.980819 -0.194922 0
    outer loop
      vertex 58.0455 40.9141 2
      vertex 58.0863 40.7088 0
      vertex 58.0863 40.7088 2
    endloop
  endfacet
  facet normal -0.321526 -0.946901 0
    outer loop
      vertex 56.9141 42.0455 0
      vertex 57.1123 41.9782 2
      vertex 56.9141 42.0455 2
    endloop
  endfacet
  facet normal -0.321526 -0.946901 -0
    outer loop
      vertex 57.1123 41.9782 2
      vertex 56.9141 42.0455 0
      vertex 57.1123 41.9782 0
    endloop
  endfacet
  facet normal 0.896803 -0.442429 0
    outer loop
      vertex 50.0218 41.1123 2
      vertex 50.1144 41.3 0
      vertex 50.1144 41.3 2
    endloop
  endfacet
  facet normal 0.896803 -0.442429 0
    outer loop
      vertex 50.1144 41.3 0
      vertex 50.0218 41.1123 2
      vertex 50.0218 41.1123 0
    endloop
  endfacet
  facet normal 0.0654722 -0.997854 0
    outer loop
      vertex 51.2912 42.0863 0
      vertex 51.5 42.1 2
      vertex 51.2912 42.0863 2
    endloop
  endfacet
  facet normal 0.0654722 -0.997854 0
    outer loop
      vertex 51.5 42.1 2
      vertex 51.2912 42.0863 0
      vertex 51.5 42.1 0
    endloop
  endfacet
  facet normal 0.751925 -0.659248 0
    outer loop
      vertex 50.2306 41.474 2
      vertex 50.3686 41.6314 0
      vertex 50.3686 41.6314 2
    endloop
  endfacet
  facet normal 0.751925 -0.659248 0
    outer loop
      vertex 50.3686 41.6314 0
      vertex 50.2306 41.474 2
      vertex 50.2306 41.474 0
    endloop
  endfacet
  facet normal 0.442429 -0.896803 0
    outer loop
      vertex 50.7 41.8856 0
      vertex 50.8877 41.9782 2
      vertex 50.7 41.8856 2
    endloop
  endfacet
  facet normal 0.442429 -0.896803 0
    outer loop
      vertex 50.8877 41.9782 2
      vertex 50.7 41.8856 0
      vertex 50.8877 41.9782 0
    endloop
  endfacet
  facet normal -0.980819 0.194922 0
    outer loop
      vertex 58.0455 40.0859 0
      vertex 58.0863 40.2912 2
      vertex 58.0863 40.2912 0
    endloop
  endfacet
  facet normal -0.980819 0.194922 0
    outer loop
      vertex 58.0863 40.2912 2
      vertex 58.0455 40.0859 0
      vertex 58.0455 40.0859 2
    endloop
  endfacet
  facet normal -0.896803 0.442429 0
    outer loop
      vertex 57.8856 39.7 0
      vertex 57.9782 39.8877 2
      vertex 57.9782 39.8877 0
    endloop
  endfacet
  facet normal -0.896803 0.442429 0
    outer loop
      vertex 57.9782 39.8877 2
      vertex 57.8856 39.7 0
      vertex 57.8856 39.7 2
    endloop
  endfacet
  facet normal 0.659248 -0.751925 0
    outer loop
      vertex 50.3686 41.6314 0
      vertex 50.526 41.7694 2
      vertex 50.3686 41.6314 2
    endloop
  endfacet
  facet normal 0.659248 -0.751925 0
    outer loop
      vertex 50.526 41.7694 2
      vertex 50.3686 41.6314 0
      vertex 50.526 41.7694 0
    endloop
  endfacet
  facet normal 0.442429 0.896803 -0
    outer loop
      vertex 50.8877 39.0218 0
      vertex 50.7 39.1144 2
      vertex 50.8877 39.0218 2
    endloop
  endfacet
  facet normal 0.442429 0.896803 0
    outer loop
      vertex 50.7 39.1144 2
      vertex 50.8877 39.0218 0
      vertex 50.7 39.1144 0
    endloop
  endfacet
  facet normal -0.946901 -0.321526 0
    outer loop
      vertex 58.0455 40.9141 0
      vertex 57.9782 41.1123 2
      vertex 57.9782 41.1123 0
    endloop
  endfacet
  facet normal -0.946901 -0.321526 0
    outer loop
      vertex 57.9782 41.1123 2
      vertex 58.0455 40.9141 0
      vertex 58.0455 40.9141 2
    endloop
  endfacet
  facet normal -0.555362 0.831609 0
    outer loop
      vertex 57.474 39.2306 0
      vertex 57.3 39.1144 2
      vertex 57.474 39.2306 2
    endloop
  endfacet
  facet normal -0.555362 0.831609 0
    outer loop
      vertex 57.3 39.1144 2
      vertex 57.474 39.2306 0
      vertex 57.3 39.1144 0
    endloop
  endfacet
  facet normal -0.896803 -0.442429 0
    outer loop
      vertex 57.9782 41.1123 0
      vertex 57.8856 41.3 2
      vertex 57.8856 41.3 0
    endloop
  endfacet
  facet normal -0.896803 -0.442429 0
    outer loop
      vertex 57.8856 41.3 2
      vertex 57.9782 41.1123 0
      vertex 57.9782 41.1123 2
    endloop
  endfacet
  facet normal -0.442429 -0.896803 0
    outer loop
      vertex 57.1123 41.9782 0
      vertex 57.3 41.8856 2
      vertex 57.1123 41.9782 2
    endloop
  endfacet
  facet normal -0.442429 -0.896803 -0
    outer loop
      vertex 57.3 41.8856 2
      vertex 57.1123 41.9782 0
      vertex 57.3 41.8856 0
    endloop
  endfacet
  facet normal -0.659248 0.751925 0
    outer loop
      vertex 57.6314 39.3686 0
      vertex 57.474 39.2306 2
      vertex 57.6314 39.3686 2
    endloop
  endfacet
  facet normal -0.659248 0.751925 0
    outer loop
      vertex 57.474 39.2306 2
      vertex 57.6314 39.3686 0
      vertex 57.474 39.2306 0
    endloop
  endfacet
  facet normal -0.751925 0.659248 0
    outer loop
      vertex 57.6314 39.3686 0
      vertex 57.7694 39.526 2
      vertex 57.7694 39.526 0
    endloop
  endfacet
  facet normal -0.751925 0.659248 0
    outer loop
      vertex 57.7694 39.526 2
      vertex 57.6314 39.3686 0
      vertex 57.6314 39.3686 2
    endloop
  endfacet
  facet normal -0.946901 0.321526 0
    outer loop
      vertex 57.9782 39.8877 0
      vertex 58.0455 40.0859 2
      vertex 58.0455 40.0859 0
    endloop
  endfacet
  facet normal -0.946901 0.321526 0
    outer loop
      vertex 58.0455 40.0859 2
      vertex 57.9782 39.8877 0
      vertex 57.9782 39.8877 2
    endloop
  endfacet
  facet normal -0.659248 -0.751925 0
    outer loop
      vertex 57.474 41.7694 0
      vertex 57.6314 41.6314 2
      vertex 57.474 41.7694 2
    endloop
  endfacet
  facet normal -0.659248 -0.751925 -0
    outer loop
      vertex 57.6314 41.6314 2
      vertex 57.474 41.7694 0
      vertex 57.6314 41.6314 0
    endloop
  endfacet
  facet normal -0.707107 -0.707107 0
    outer loop
      vertex 70 32 2
      vertex 67 35 12
      vertex 67 35 2
    endloop
  endfacet
  facet normal -0.707107 -0.707107 0
    outer loop
      vertex 67 35 12
      vertex 70 32 2
      vertex 70 32 12
    endloop
  endfacet
  facet normal 0.707107 -0.707107 0
    outer loop
      vertex 2 32 12
      vertex 5 35 2
      vertex 5 35 12
    endloop
  endfacet
  facet normal 0.707107 -0.707107 0
    outer loop
      vertex 5 35 2
      vertex 2 32 12
      vertex 2 32 2
    endloop
  endfacet
  facet normal 1 0 0
    outer loop
      vertex 2 27.5 4
      vertex 2 32 12
      vertex 2 27.5 10.2
    endloop
  endfacet
  facet normal 1 -0 0
    outer loop
      vertex 2 5 12
      vertex 2 27.5 10.2
      vertex 2 32 12
    endloop
  endfacet
  facet normal 1 0 0
    outer loop
      vertex 2 7.5 10.2
      vertex 2 5 12
      vertex 2 7.5 4
    endloop
  endfacet
  facet normal 1 0 0
    outer loop
      vertex 2 27.5 10.2
      vertex 2 5 12
      vertex 2 7.5 10.2
    endloop
  endfacet
  facet normal 1 0 0
    outer loop
      vertex 2 32 12
      vertex 2 27.5 4
      vertex 2 32 2
    endloop
  endfacet
  facet normal 1 0 0
    outer loop
      vertex 2 5 2
      vertex 2 27.5 4
      vertex 2 7.5 4
    endloop
  endfacet
  facet normal 1 0 0
    outer loop
      vertex 2 27.5 4
      vertex 2 5 2
      vertex 2 32 2
    endloop
  endfacet
  facet normal 1 0 0
    outer loop
      vertex 2 5 2
      vertex 2 7.5 4
      vertex 2 5 12
    endloop
  endfacet
  facet normal 0.707107 0.707107 0
    outer loop
      vertex 5 2 12
      vertex 2 5 2
      vertex 2 5 12
    endloop
  endfacet
  facet normal 0.707107 0.707107 0
    outer loop
      vertex 2 5 2
      vertex 5 2 12
      vertex 5 2 2
    endloop
  endfacet
  facet normal -1 0 0
    outer loop
      vertex 70 32 2
      vertex 70 27.5 4.5
      vertex 70 32 12
    endloop
  endfacet
  facet normal -1 0 0
    outer loop
      vertex 70 5 2
      vertex 70 27.5 4.5
      vertex 70 32 2
    endloop
  endfacet
  facet normal -1 0 0
    outer loop
      vertex 70 5 12
      vertex 70 7.5 4.5
      vertex 70 5 2
    endloop
  endfacet
  facet normal -1 -0 0
    outer loop
      vertex 70 27.5 4.5
      vertex 70 5 2
      vertex 70 7.5 4.5
    endloop
  endfacet
  facet normal -1 0 0
    outer loop
      vertex 70 27.5 10.5
      vertex 70 32 12
      vertex 70 27.5 4.5
    endloop
  endfacet
  facet normal -1 0 0
    outer loop
      vertex 70 5 12
      vertex 70 27.5 10.5
      vertex 70 7.5 10.5
    endloop
  endfacet
  facet normal -1 0 0
    outer loop
      vertex 70 27.5 10.5
      vertex 70 5 12
      vertex 70 32 12
    endloop
  endfacet
  facet normal -1 0 0
    outer loop
      vertex 70 7.5 4.5
      vertex 70 5 12
      vertex 70 7.5 10.5
    endloop
  endfacet
  facet normal 0 1 -0
    outer loop
      vertex 38.9 2 4.5
      vertex 23.5 2 11.7
      vertex 38.9 2 11.7
    endloop
  endfacet
  facet normal 0 1 0
    outer loop
      vertex 23.5 2 11.7
      vertex 38.9 2 4.5
      vertex 23.5 2 4.5
    endloop
  endfacet
  facet normal 0 1 -0
    outer loop
      vertex 51.5 2 4.5
      vertex 49.4 2 11.7
      vertex 51.5 2 11.7
    endloop
  endfacet
  facet normal 0 1 0
    outer loop
      vertex 49.4 2 11.7
      vertex 51.5 2 4.5
      vertex 49.4 2 4.5
    endloop
  endfacet
  facet normal 0 1 0
    outer loop
      vertex 51.5 2 11.7
      vertex 67 2 12
      vertex 62.5 2 11.7
    endloop
  endfacet
  facet normal 0 1 0
    outer loop
      vertex 67 2 12
      vertex 62.5 2 4.5
      vertex 62.5 2 11.7
    endloop
  endfacet
  facet normal 0 1 0
    outer loop
      vertex 67 2 2
      vertex 51.5 2 4.5
      vertex 62.5 2 4.5
    endloop
  endfacet
  facet normal 0 1 0
    outer loop
      vertex 51.5 2 4.5
      vertex 67 2 2
      vertex 49.4 2 4.5
    endloop
  endfacet
  facet normal 0 1 0
    outer loop
      vertex 49.4 2 4.5
      vertex 67 2 2
      vertex 38.9 2 4.5
    endloop
  endfacet
  facet normal 0 1 0
    outer loop
      vertex 5 2 2
      vertex 38.9 2 4.5
      vertex 67 2 2
    endloop
  endfacet
  facet normal 0 1 0
    outer loop
      vertex 38.9 2 4.5
      vertex 5 2 2
      vertex 23.5 2 4.5
    endloop
  endfacet
  facet normal 0 1 -0
    outer loop
      vertex 67 2 2
      vertex 62.5 2 4.5
      vertex 67 2 12
    endloop
  endfacet
  facet normal 0 1 0
    outer loop
      vertex 49.4 2 11.7
      vertex 67 2 12
      vertex 51.5 2 11.7
    endloop
  endfacet
  facet normal 0 1 0
    outer loop
      vertex 67 2 12
      vertex 49.4 2 11.7
      vertex 5 2 12
    endloop
  endfacet
  facet normal 0 1 -0
    outer loop
      vertex 38.9 2 11.7
      vertex 5 2 12
      vertex 49.4 2 11.7
    endloop
  endfacet
  facet normal 0 1 -0
    outer loop
      vertex 23.5 2 11.7
      vertex 5 2 12
      vertex 38.9 2 11.7
    endloop
  endfacet
  facet normal 0 1 -0
    outer loop
      vertex 8.3 2 11.7
      vertex 5 2 12
      vertex 23.5 2 11.7
    endloop
  endfacet
  facet normal 0 1 -0
    outer loop
      vertex 8.3 2 4.5
      vertex 5 2 12
      vertex 8.3 2 11.7
    endloop
  endfacet
  facet normal 0 1 0
    outer loop
      vertex 8.3 2 4.5
      vertex 5 2 2
      vertex 5 2 12
    endloop
  endfacet
  facet normal 0 1 0
    outer loop
      vertex 23.5 2 4.5
      vertex 5 2 2
      vertex 8.3 2 4.5
    endloop
  endfacet
  facet normal -0 0 1
    outer loop
      vertex 9.77164 28.8519 2
      vertex 27.0905 26.561 2
      vertex 9.89778 29.2235 2
    endloop
  endfacet
  facet normal 0 0 1
    outer loop
      vertex 27.0905 10.439 2
      vertex 9.97433 7.39158 2
      vertex 10 7 2
    endloop
  endfacet
  facet normal -0 0 1
    outer loop
      vertex 9.59808 28.5 2
      vertex 27.0905 26.561 2
      vertex 9.77164 28.8519 2
    endloop
  endfacet
  facet normal 0 0 1
    outer loop
      vertex 27.0905 10.439 2
      vertex 9.89778 7.77646 2
      vertex 9.97433 7.39158 2
    endloop
  endfacet
  facet normal -0 0 1
    outer loop
      vertex 9.38006 28.1737 2
      vertex 27.0905 26.561 2
      vertex 9.59808 28.5 2
    endloop
  endfacet
  facet normal 0 0 1
    outer loop
      vertex 27.0905 10.439 2
      vertex 9.77164 8.14805 2
      vertex 9.89778 7.77646 2
    endloop
  endfacet
  facet normal -0 0 1
    outer loop
      vertex 9.12132 27.8787 2
      vertex 27.0905 26.561 2
      vertex 9.38006 28.1737 2
    endloop
  endfacet
  facet normal 0 0 1
    outer loop
      vertex 27.0905 10.439 2
      vertex 9.59808 8.5 2
      vertex 9.77164 8.14805 2
    endloop
  endfacet
  facet normal 0 0 1
    outer loop
      vertex 27.0905 26.561 2
      vertex 9.12132 27.8787 2
      vertex 27.0905 10.439 2
    endloop
  endfacet
  facet normal 0 0 1
    outer loop
      vertex 27.0905 10.439 2
      vertex 9.38006 8.82628 2
      vertex 9.59808 8.5 2
    endloop
  endfacet
  facet normal 0 0 1
    outer loop
      vertex 9.12132 9.12132 2
      vertex 27.0905 10.439 2
      vertex 9.12132 27.8787 2
    endloop
  endfacet
  facet normal 0 0 1
    outer loop
      vertex 27.0905 10.439 2
      vertex 9.12132 9.12132 2
      vertex 9.38006 8.82628 2
    endloop
  endfacet
  facet normal -0 0 1
    outer loop
      vertex 8.82628 27.6199 2
      vertex 9.12132 9.12132 2
      vertex 9.12132 27.8787 2
    endloop
  endfacet
  facet normal 0 0 1
    outer loop
      vertex 8.82628 27.6199 2
      vertex 8.82628 9.38006 2
      vertex 9.12132 9.12132 2
    endloop
  endfacet
  facet normal -0 0 1
    outer loop
      vertex 8.5 27.4019 2
      vertex 8.82628 9.38006 2
      vertex 8.82628 27.6199 2
    endloop
  endfacet
  facet normal 0 0 1
    outer loop
      vertex 8.5 27.4019 2
      vertex 8.5 9.59808 2
      vertex 8.82628 9.38006 2
    endloop
  endfacet
  facet normal -0 0 1
    outer loop
      vertex 8.14805 27.2284 2
      vertex 8.5 9.59808 2
      vertex 8.5 27.4019 2
    endloop
  endfacet
  facet normal 0 0 1
    outer loop
      vertex 8.14805 27.2284 2
      vertex 8.14805 9.77164 2
      vertex 8.5 9.59808 2
    endloop
  endfacet
  facet normal -0 0 1
    outer loop
      vertex 7.77646 27.1022 2
      vertex 8.14805 9.77164 2
      vertex 8.14805 27.2284 2
    endloop
  endfacet
  facet normal 0 0 1
    outer loop
      vertex 7.77646 27.1022 2
      vertex 7.77646 9.89778 2
      vertex 8.14805 9.77164 2
    endloop
  endfacet
  facet normal -0 0 1
    outer loop
      vertex 7.39158 27.0257 2
      vertex 7.77646 9.89778 2
      vertex 7.77646 27.1022 2
    endloop
  endfacet
  facet normal 0 0 1
    outer loop
      vertex 7.39158 27.0257 2
      vertex 7.39158 9.97433 2
      vertex 7.77646 9.89778 2
    endloop
  endfacet
  facet normal -0 0 1
    outer loop
      vertex 7 27 2
      vertex 7.39158 9.97433 2
      vertex 7.39158 27.0257 2
    endloop
  endfacet
  facet normal 0 0 1
    outer loop
      vertex 7 27 2
      vertex 7 10 2
      vertex 7.39158 9.97433 2
    endloop
  endfacet
  facet normal 0 0 1
    outer loop
      vertex 6.60842 27.0257 2
      vertex 7 10 2
      vertex 7 27 2
    endloop
  endfacet
  facet normal 0 0 1
    outer loop
      vertex 6.60842 27.0257 2
      vertex 6.60842 9.97433 2
      vertex 7 10 2
    endloop
  endfacet
  facet normal 0 0 1
    outer loop
      vertex 6.22354 27.1022 2
      vertex 6.60842 9.97433 2
      vertex 6.60842 27.0257 2
    endloop
  endfacet
  facet normal 0 0 1
    outer loop
      vertex 6.22354 27.1022 2
      vertex 6.22354 9.89778 2
      vertex 6.60842 9.97433 2
    endloop
  endfacet
  facet normal 0 0 1
    outer loop
      vertex 5.85195 27.2284 2
      vertex 6.22354 9.89778 2
      vertex 6.22354 27.1022 2
    endloop
  endfacet
  facet normal 0 0 1
    outer loop
      vertex 5.85195 27.2284 2
      vertex 5.85195 9.77164 2
      vertex 6.22354 9.89778 2
    endloop
  endfacet
  facet normal 0 0 1
    outer loop
      vertex 5.5 27.4019 2
      vertex 5.85195 9.77164 2
      vertex 5.85195 27.2284 2
    endloop
  endfacet
  facet normal 0 0 1
    outer loop
      vertex 5.5 27.4019 2
      vertex 5.5 9.59808 2
      vertex 5.85195 9.77164 2
    endloop
  endfacet
  facet normal 0 0 1
    outer loop
      vertex 5.17372 27.6199 2
      vertex 5.5 9.59808 2
      vertex 5.5 27.4019 2
    endloop
  endfacet
  facet normal 0 0 1
    outer loop
      vertex 5.17372 27.6199 2
      vertex 5.17372 9.38006 2
      vertex 5.5 9.59808 2
    endloop
  endfacet
  facet normal 0 0 1
    outer loop
      vertex 4.87868 27.8787 2
      vertex 5.17372 9.38006 2
      vertex 5.17372 27.6199 2
    endloop
  endfacet
  facet normal 0 0 1
    outer loop
      vertex 4.87868 27.8787 2
      vertex 4.87868 9.12132 2
      vertex 5.17372 9.38006 2
    endloop
  endfacet
  facet normal 0 0 1
    outer loop
      vertex 4.61994 28.1737 2
      vertex 4.87868 9.12132 2
      vertex 4.87868 27.8787 2
    endloop
  endfacet
  facet normal 0 0 1
    outer loop
      vertex 4.61994 28.1737 2
      vertex 4.61994 8.82628 2
      vertex 4.87868 9.12132 2
    endloop
  endfacet
  facet normal 0 0 1
    outer loop
      vertex 4.40192 28.5 2
      vertex 4.61994 8.82628 2
      vertex 4.61994 28.1737 2
    endloop
  endfacet
  facet normal 0 0 1
    outer loop
      vertex 4.40192 28.5 2
      vertex 4.40192 8.5 2
      vertex 4.61994 8.82628 2
    endloop
  endfacet
  facet normal 0 0 1
    outer loop
      vertex 2 32 2
      vertex 4.40192 28.5 2
      vertex 4.22836 28.8519 2
    endloop
  endfacet
  facet normal 0 0 1
    outer loop
      vertex 4.40192 28.5 2
      vertex 2 32 2
      vertex 4.40192 8.5 2
    endloop
  endfacet
  facet normal 0 0 1
    outer loop
      vertex 2 32 2
      vertex 4.22836 28.8519 2
      vertex 4.10222 29.2235 2
    endloop
  endfacet
  facet normal 0 0 1
    outer loop
      vertex 2 5 2
      vertex 4.40192 8.5 2
      vertex 2 32 2
    endloop
  endfacet
  facet normal 0 0 1
    outer loop
      vertex 2 32 2
      vertex 4.10222 29.2235 2
      vertex 4.02567 29.6084 2
    endloop
  endfacet
  facet normal 0 0 1
    outer loop
      vertex 4.40192 8.5 2
      vertex 2 5 2
      vertex 4.22836 8.14805 2
    endloop
  endfacet
  facet normal 0 0 1
    outer loop
      vertex 2 32 2
      vertex 4.02567 29.6084 2
      vertex 4 30 2
    endloop
  endfacet
  facet normal 0 0 1
    outer loop
      vertex 4.22836 8.14805 2
      vertex 2 5 2
      vertex 4.10222 7.77646 2
    endloop
  endfacet
  facet normal 0 0 1
    outer loop
      vertex 44.9095 26.561 2
      vertex 36.8485 18.5 2
      vertex 44.9095 10.439 2
    endloop
  endfacet
  facet normal 0 0 1
    outer loop
      vertex 67.7716 28.8519 2
      vertex 70 32 2
      vertex 67.8978 29.2235 2
    endloop
  endfacet
  facet normal 0 0 1
    outer loop
      vertex 70 5 2
      vertex 67.9743 7.39158 2
      vertex 68 7 2
    endloop
  endfacet
  facet normal 0 0 1
    outer loop
      vertex 67.5981 28.5 2
      vertex 70 32 2
      vertex 67.7716 28.8519 2
    endloop
  endfacet
  facet normal 0 0 1
    outer loop
      vertex 70 5 2
      vertex 67.8978 7.77646 2
      vertex 67.9743 7.39158 2
    endloop
  endfacet
  facet normal 0 0 1
    outer loop
      vertex 70 32 2
      vertex 67.5981 28.5 2
      vertex 70 5 2
    endloop
  endfacet
  facet normal 0 0 1
    outer loop
      vertex 70 5 2
      vertex 67.7716 8.14805 2
      vertex 67.8978 7.77646 2
    endloop
  endfacet
  facet normal -0 0 1
    outer loop
      vertex 67.5981 8.5 2
      vertex 70 5 2
      vertex 67.5981 28.5 2
    endloop
  endfacet
  facet normal 0 0 1
    outer loop
      vertex 70 5 2
      vertex 67.5981 8.5 2
      vertex 67.7716 8.14805 2
    endloop
  endfacet
  facet normal -0 0 1
    outer loop
      vertex 67.3801 28.1737 2
      vertex 67.5981 8.5 2
      vertex 67.5981 28.5 2
    endloop
  endfacet
  facet normal 0 0 1
    outer loop
      vertex 67.3801 28.1737 2
      vertex 67.3801 8.82628 2
      vertex 67.5981 8.5 2
    endloop
  endfacet
  facet normal -0 0 1
    outer loop
      vertex 67.1213 27.8787 2
      vertex 67.3801 8.82628 2
      vertex 67.3801 28.1737 2
    endloop
  endfacet
  facet normal 0 0 1
    outer loop
      vertex 67.1213 27.8787 2
      vertex 67.1213 9.12132 2
      vertex 67.3801 8.82628 2
    endloop
  endfacet
  facet normal -0 0 1
    outer loop
      vertex 66.8263 27.6199 2
      vertex 67.1213 9.12132 2
      vertex 67.1213 27.8787 2
    endloop
  endfacet
  facet normal 0 0 1
    outer loop
      vertex 66.8263 27.6199 2
      vertex 66.8263 9.38006 2
      vertex 67.1213 9.12132 2
    endloop
  endfacet
  facet normal -0 0 1
    outer loop
      vertex 66.5 27.4019 2
      vertex 66.8263 9.38006 2
      vertex 66.8263 27.6199 2
    endloop
  endfacet
  facet normal 0 0 1
    outer loop
      vertex 66.5 27.4019 2
      vertex 66.5 9.59808 2
      vertex 66.8263 9.38006 2
    endloop
  endfacet
  facet normal -0 0 1
    outer loop
      vertex 66.148 27.2284 2
      vertex 66.5 9.59808 2
      vertex 66.5 27.4019 2
    endloop
  endfacet
  facet normal 0 0 1
    outer loop
      vertex 66.148 27.2284 2
      vertex 66.148 9.77164 2
      vertex 66.5 9.59808 2
    endloop
  endfacet
  facet normal -0 0 1
    outer loop
      vertex 65.7765 27.1022 2
      vertex 66.148 9.77164 2
      vertex 66.148 27.2284 2
    endloop
  endfacet
  facet normal 0 0 1
    outer loop
      vertex 65.7765 27.1022 2
      vertex 65.7765 9.89778 2
      vertex 66.148 9.77164 2
    endloop
  endfacet
  facet normal -0 0 1
    outer loop
      vertex 65.3916 27.0257 2
      vertex 65.7765 9.89778 2
      vertex 65.7765 27.1022 2
    endloop
  endfacet
  facet normal 0 0 1
    outer loop
      vertex 65.3916 27.0257 2
      vertex 65.3916 9.97433 2
      vertex 65.7765 9.89778 2
    endloop
  endfacet
  facet normal -0 0 1
    outer loop
      vertex 65 27 2
      vertex 65.3916 9.97433 2
      vertex 65.3916 27.0257 2
    endloop
  endfacet
  facet normal 0 0 1
    outer loop
      vertex 65 27 2
      vertex 65 10 2
      vertex 65.3916 9.97433 2
    endloop
  endfacet
  facet normal 0 0 1
    outer loop
      vertex 64.6084 27.0257 2
      vertex 65 10 2
      vertex 65 27 2
    endloop
  endfacet
  facet normal 0 0 1
    outer loop
      vertex 64.6084 27.0257 2
      vertex 64.6084 9.97433 2
      vertex 65 10 2
    endloop
  endfacet
  facet normal 0 0 1
    outer loop
      vertex 64.2235 27.1022 2
      vertex 64.6084 9.97433 2
      vertex 64.6084 27.0257 2
    endloop
  endfacet
  facet normal 0 0 1
    outer loop
      vertex 64.2235 27.1022 2
      vertex 64.2235 9.89778 2
      vertex 64.6084 9.97433 2
    endloop
  endfacet
  facet normal 0 0 1
    outer loop
      vertex 63.852 27.2284 2
      vertex 64.2235 9.89778 2
      vertex 64.2235 27.1022 2
    endloop
  endfacet
  facet normal 0 0 1
    outer loop
      vertex 63.852 27.2284 2
      vertex 63.852 9.77164 2
      vertex 64.2235 9.89778 2
    endloop
  endfacet
  facet normal 0 0 1
    outer loop
      vertex 63.5 27.4019 2
      vertex 63.852 9.77164 2
      vertex 63.852 27.2284 2
    endloop
  endfacet
  facet normal 0 0 1
    outer loop
      vertex 63.5 27.4019 2
      vertex 63.5 9.59808 2
      vertex 63.852 9.77164 2
    endloop
  endfacet
  facet normal 0 0 1
    outer loop
      vertex 63.1737 27.6199 2
      vertex 63.5 9.59808 2
      vertex 63.5 27.4019 2
    endloop
  endfacet
  facet normal 0 0 1
    outer loop
      vertex 63.1737 27.6199 2
      vertex 63.1737 9.38006 2
      vertex 63.5 9.59808 2
    endloop
  endfacet
  facet normal 0 0 1
    outer loop
      vertex 62.8787 27.8787 2
      vertex 63.1737 9.38006 2
      vertex 63.1737 27.6199 2
    endloop
  endfacet
  facet normal 0 0 1
    outer loop
      vertex 62.8787 27.8787 2
      vertex 62.8787 9.12132 2
      vertex 63.1737 9.38006 2
    endloop
  endfacet
  facet normal 0 0 1
    outer loop
      vertex 44.9095 26.561 2
      vertex 62.8787 27.8787 2
      vertex 62.6199 28.1737 2
    endloop
  endfacet
  facet normal 0 0 1
    outer loop
      vertex 62.8787 27.8787 2
      vertex 44.9095 26.561 2
      vertex 62.8787 9.12132 2
    endloop
  endfacet
  facet normal 0 0 1
    outer loop
      vertex 44.9095 26.561 2
      vertex 62.6199 28.1737 2
      vertex 62.4019 28.5 2
    endloop
  endfacet
  facet normal -0 0 1
    outer loop
      vertex 44.9095 10.439 2
      vertex 62.8787 9.12132 2
      vertex 44.9095 26.561 2
    endloop
  endfacet
  facet normal 0 0 1
    outer loop
      vertex 44.9095 26.561 2
      vertex 62.4019 28.5 2
      vertex 62.2284 28.8519 2
    endloop
  endfacet
  facet normal 0 0 1
    outer loop
      vertex 62.8787 9.12132 2
      vertex 44.9095 10.439 2
      vertex 62.6199 8.82628 2
    endloop
  endfacet
  facet normal 0 0 1
    outer loop
      vertex 44.9095 26.561 2
      vertex 62.2284 28.8519 2
      vertex 62.1022 29.2235 2
    endloop
  endfacet
  facet normal 0 0 1
    outer loop
      vertex 62.6199 8.82628 2
      vertex 44.9095 10.439 2
      vertex 62.4019 8.5 2
    endloop
  endfacet
  facet normal 0 0 1
    outer loop
      vertex 44.9095 26.561 2
      vertex 62.1022 29.2235 2
      vertex 62.0257 29.6084 2
    endloop
  endfacet
  facet normal 0 0 1
    outer loop
      vertex 62.4019 8.5 2
      vertex 44.9095 10.439 2
      vertex 62.2284 8.14805 2
    endloop
  endfacet
  facet normal 0 0 1
    outer loop
      vertex 44.9095 26.561 2
      vertex 62.0257 29.6084 2
      vertex 62 30 2
    endloop
  endfacet
  facet normal 0 0 1
    outer loop
      vertex 62.2284 8.14805 2
      vertex 44.9095 10.439 2
      vertex 62.1022 7.77646 2
    endloop
  endfacet
  facet normal 0 0 1
    outer loop
      vertex 67.9743 29.6084 2
      vertex 70 32 2
      vertex 68 30 2
    endloop
  endfacet
  facet normal 0 0 1
    outer loop
      vertex 70 32 2
      vertex 67.9743 30.3916 2
      vertex 68 30 2
    endloop
  endfacet
  facet normal 0 0 1
    outer loop
      vertex 70 32 2
      vertex 67.8978 30.7765 2
      vertex 67.9743 30.3916 2
    endloop
  endfacet
  facet normal 0 0 1
    outer loop
      vertex 70 32 2
      vertex 67.7716 31.148 2
      vertex 67.8978 30.7765 2
    endloop
  endfacet
  facet normal 0 0 1
    outer loop
      vertex 70 32 2
      vertex 67.5981 31.5 2
      vertex 67.7716 31.148 2
    endloop
  endfacet
  facet normal 0 0 1
    outer loop
      vertex 70 32 2
      vertex 67.3801 31.8263 2
      vertex 67.5981 31.5 2
    endloop
  endfacet
  facet normal 0 0 1
    outer loop
      vertex 70 32 2
      vertex 67.1213 32.1213 2
      vertex 67.3801 31.8263 2
    endloop
  endfacet
  facet normal 0 0 1
    outer loop
      vertex 67 35 2
      vertex 67.1213 32.1213 2
      vertex 70 32 2
    endloop
  endfacet
  facet normal 0 0 1
    outer loop
      vertex 67 35 2
      vertex 66.8263 32.3801 2
      vertex 67.1213 32.1213 2
    endloop
  endfacet
  facet normal 0 0 1
    outer loop
      vertex 67 35 2
      vertex 66.5 32.5981 2
      vertex 66.8263 32.3801 2
    endloop
  endfacet
  facet normal 0 0 1
    outer loop
      vertex 67 35 2
      vertex 66.148 32.7716 2
      vertex 66.5 32.5981 2
    endloop
  endfacet
  facet normal 0 0 1
    outer loop
      vertex 67 35 2
      vertex 65.7765 32.8978 2
      vertex 66.148 32.7716 2
    endloop
  endfacet
  facet normal 0 0 1
    outer loop
      vertex 67 35 2
      vertex 65.3916 32.9743 2
      vertex 65.7765 32.8978 2
    endloop
  endfacet
  facet normal 0 0 1
    outer loop
      vertex 67 35 2
      vertex 65 33 2
      vertex 65.3916 32.9743 2
    endloop
  endfacet
  facet normal 0 0 1
    outer loop
      vertex 67 35 2
      vertex 64.6084 32.9743 2
      vertex 65 33 2
    endloop
  endfacet
  facet normal 0 0 1
    outer loop
      vertex 67 35 2
      vertex 64.2235 32.8978 2
      vertex 64.6084 32.9743 2
    endloop
  endfacet
  facet normal 0 0 1
    outer loop
      vertex 67 35 2
      vertex 63.852 32.7716 2
      vertex 64.2235 32.8978 2
    endloop
  endfacet
  facet normal 0 0 1
    outer loop
      vertex 67 35 2
      vertex 63.5 32.5981 2
      vertex 63.852 32.7716 2
    endloop
  endfacet
  facet normal 0 0 1
    outer loop
      vertex 44.061 27.4095 2
      vertex 63.5 32.5981 2
      vertex 67 35 2
    endloop
  endfacet
  facet normal 0 0 1
    outer loop
      vertex 62.1022 7.77646 2
      vertex 44.9095 10.439 2
      vertex 62.0257 7.39158 2
    endloop
  endfacet
  facet normal 0 0 1
    outer loop
      vertex 62.0257 30.3916 2
      vertex 44.9095 26.561 2
      vertex 62 30 2
    endloop
  endfacet
  facet normal 0 0 1
    outer loop
      vertex 62.1022 30.7765 2
      vertex 44.9095 26.561 2
      vertex 62.0257 30.3916 2
    endloop
  endfacet
  facet normal 0 0 1
    outer loop
      vertex 62.2284 31.148 2
      vertex 44.9095 26.561 2
      vertex 62.1022 30.7765 2
    endloop
  endfacet
  facet normal 0 0 1
    outer loop
      vertex 44.061 27.4095 2
      vertex 62.2284 31.148 2
      vertex 62.4019 31.5 2
    endloop
  endfacet
  facet normal 0 0 1
    outer loop
      vertex 44.061 27.4095 2
      vertex 62.4019 31.5 2
      vertex 62.6199 31.8263 2
    endloop
  endfacet
  facet normal 0 0 1
    outer loop
      vertex 44.061 27.4095 2
      vertex 62.6199 31.8263 2
      vertex 62.8787 32.1213 2
    endloop
  endfacet
  facet normal 0 0 1
    outer loop
      vertex 44.061 27.4095 2
      vertex 62.8787 32.1213 2
      vertex 63.1737 32.3801 2
    endloop
  endfacet
  facet normal 0 0 1
    outer loop
      vertex 63.5 32.5981 2
      vertex 44.061 27.4095 2
      vertex 63.1737 32.3801 2
    endloop
  endfacet
  facet normal 0 0 1
    outer loop
      vertex 62.2284 31.148 2
      vertex 44.061 27.4095 2
      vertex 44.9095 26.561 2
    endloop
  endfacet
  facet normal 0 0 1
    outer loop
      vertex 44.061 27.4095 2
      vertex 27.939 27.4095 2
      vertex 36 19.3485 2
    endloop
  endfacet
  facet normal 0 0 1
    outer loop
      vertex 67 35 2
      vertex 27.939 27.4095 2
      vertex 44.061 27.4095 2
    endloop
  endfacet
  facet normal -0 0 1
    outer loop
      vertex 9.97433 29.6084 2
      vertex 27.0905 26.561 2
      vertex 10 30 2
    endloop
  endfacet
  facet normal 0 0 1
    outer loop
      vertex 9.77164 31.148 2
      vertex 27.0905 26.561 2
      vertex 27.939 27.4095 2
    endloop
  endfacet
  facet normal -0 0 1
    outer loop
      vertex 5 35 2
      vertex 27.939 27.4095 2
      vertex 67 35 2
    endloop
  endfacet
  facet normal 0 0 1
    outer loop
      vertex 27.0905 26.561 2
      vertex 9.97433 30.3916 2
      vertex 10 30 2
    endloop
  endfacet
  facet normal 0 0 1
    outer loop
      vertex 27.0905 26.561 2
      vertex 9.89778 30.7765 2
      vertex 9.97433 30.3916 2
    endloop
  endfacet
  facet normal 0 0 1
    outer loop
      vertex 27.0905 26.561 2
      vertex 9.77164 31.148 2
      vertex 9.89778 30.7765 2
    endloop
  endfacet
  facet normal 0 0 1
    outer loop
      vertex 27.939 27.4095 2
      vertex 9.59808 31.5 2
      vertex 9.77164 31.148 2
    endloop
  endfacet
  facet normal 0 0 1
    outer loop
      vertex 27.939 27.4095 2
      vertex 9.38006 31.8263 2
      vertex 9.59808 31.5 2
    endloop
  endfacet
  facet normal 0 0 1
    outer loop
      vertex 27.939 27.4095 2
      vertex 9.12132 32.1213 2
      vertex 9.38006 31.8263 2
    endloop
  endfacet
  facet normal 0 0 1
    outer loop
      vertex 27.939 27.4095 2
      vertex 8.82628 32.3801 2
      vertex 9.12132 32.1213 2
    endloop
  endfacet
  facet normal 0 0 1
    outer loop
      vertex 27.939 27.4095 2
      vertex 8.5 32.5981 2
      vertex 8.82628 32.3801 2
    endloop
  endfacet
  facet normal 0 0 1
    outer loop
      vertex 27.939 27.4095 2
      vertex 5 35 2
      vertex 8.5 32.5981 2
    endloop
  endfacet
  facet normal 0 0 1
    outer loop
      vertex 8.5 32.5981 2
      vertex 5 35 2
      vertex 8.14805 32.7716 2
    endloop
  endfacet
  facet normal 0 0 1
    outer loop
      vertex 8.14805 32.7716 2
      vertex 5 35 2
      vertex 7.77646 32.8978 2
    endloop
  endfacet
  facet normal 0 0 1
    outer loop
      vertex 7.77646 32.8978 2
      vertex 5 35 2
      vertex 7.39158 32.9743 2
    endloop
  endfacet
  facet normal 0 0 1
    outer loop
      vertex 7.39158 32.9743 2
      vertex 5 35 2
      vertex 7 33 2
    endloop
  endfacet
  facet normal 0 0 1
    outer loop
      vertex 5 35 2
      vertex 6.60842 32.9743 2
      vertex 7 33 2
    endloop
  endfacet
  facet normal 0 0 1
    outer loop
      vertex 5 35 2
      vertex 6.22354 32.8978 2
      vertex 6.60842 32.9743 2
    endloop
  endfacet
  facet normal 0 0 1
    outer loop
      vertex 5 35 2
      vertex 5.85195 32.7716 2
      vertex 6.22354 32.8978 2
    endloop
  endfacet
  facet normal 0 0 1
    outer loop
      vertex 5 35 2
      vertex 5.5 32.5981 2
      vertex 5.85195 32.7716 2
    endloop
  endfacet
  facet normal 0 0 1
    outer loop
      vertex 5 35 2
      vertex 5.17372 32.3801 2
      vertex 5.5 32.5981 2
    endloop
  endfacet
  facet normal 0 0 1
    outer loop
      vertex 5 35 2
      vertex 4.87868 32.1213 2
      vertex 5.17372 32.3801 2
    endloop
  endfacet
  facet normal 0 0 1
    outer loop
      vertex 2 32 2
      vertex 4.87868 32.1213 2
      vertex 5 35 2
    endloop
  endfacet
  facet normal 0 0 1
    outer loop
      vertex 4.87868 32.1213 2
      vertex 2 32 2
      vertex 4.61994 31.8263 2
    endloop
  endfacet
  facet normal 0 0 1
    outer loop
      vertex 4.61994 31.8263 2
      vertex 2 32 2
      vertex 4.40192 31.5 2
    endloop
  endfacet
  facet normal 0 0 1
    outer loop
      vertex 4.40192 31.5 2
      vertex 2 32 2
      vertex 4.22836 31.148 2
    endloop
  endfacet
  facet normal 0 0 1
    outer loop
      vertex 4.10222 7.77646 2
      vertex 2 5 2
      vertex 4.02567 7.39158 2
    endloop
  endfacet
  facet normal 0 0 1
    outer loop
      vertex 4.02567 30.3916 2
      vertex 2 32 2
      vertex 4 30 2
    endloop
  endfacet
  facet normal 0 0 1
    outer loop
      vertex 4.10222 30.7765 2
      vertex 2 32 2
      vertex 4.02567 30.3916 2
    endloop
  endfacet
  facet normal 0 0 1
    outer loop
      vertex 4.22836 31.148 2
      vertex 2 32 2
      vertex 4.10222 30.7765 2
    endloop
  endfacet
  facet normal 0 0 1
    outer loop
      vertex 67.8978 29.2235 2
      vertex 70 32 2
      vertex 67.9743 29.6084 2
    endloop
  endfacet
  facet normal -0 0 1
    outer loop
      vertex 67.9743 6.60842 2
      vertex 70 5 2
      vertex 68 7 2
    endloop
  endfacet
  facet normal -0 0 1
    outer loop
      vertex 67.8978 6.22354 2
      vertex 70 5 2
      vertex 67.9743 6.60842 2
    endloop
  endfacet
  facet normal -0 0 1
    outer loop
      vertex 67.7716 5.85195 2
      vertex 70 5 2
      vertex 67.8978 6.22354 2
    endloop
  endfacet
  facet normal -0 0 1
    outer loop
      vertex 67.5981 5.5 2
      vertex 70 5 2
      vertex 67.7716 5.85195 2
    endloop
  endfacet
  facet normal -0 0 1
    outer loop
      vertex 67.3801 5.17372 2
      vertex 70 5 2
      vertex 67.5981 5.5 2
    endloop
  endfacet
  facet normal 0 0 1
    outer loop
      vertex 67.1213 4.87868 2
      vertex 70 5 2
      vertex 67.3801 5.17372 2
    endloop
  endfacet
  facet normal -0 0 1
    outer loop
      vertex 67.1213 4.87868 2
      vertex 67 2 2
      vertex 70 5 2
    endloop
  endfacet
  facet normal -0 0 1
    outer loop
      vertex 66.8263 4.61994 2
      vertex 67 2 2
      vertex 67.1213 4.87868 2
    endloop
  endfacet
  facet normal -0 0 1
    outer loop
      vertex 66.5 4.40192 2
      vertex 67 2 2
      vertex 66.8263 4.61994 2
    endloop
  endfacet
  facet normal -0 0 1
    outer loop
      vertex 66.148 4.22836 2
      vertex 67 2 2
      vertex 66.5 4.40192 2
    endloop
  endfacet
  facet normal -0 0 1
    outer loop
      vertex 65.7765 4.10222 2
      vertex 67 2 2
      vertex 66.148 4.22836 2
    endloop
  endfacet
  facet normal -0 0 1
    outer loop
      vertex 65.3916 4.02567 2
      vertex 67 2 2
      vertex 65.7765 4.10222 2
    endloop
  endfacet
  facet normal -0 0 1
    outer loop
      vertex 65 4 2
      vertex 67 2 2
      vertex 65.3916 4.02567 2
    endloop
  endfacet
  facet normal 0 0 1
    outer loop
      vertex 64.6084 4.02567 2
      vertex 67 2 2
      vertex 65 4 2
    endloop
  endfacet
  facet normal 0 0 1
    outer loop
      vertex 64.2235 4.10222 2
      vertex 67 2 2
      vertex 64.6084 4.02567 2
    endloop
  endfacet
  facet normal 0 0 1
    outer loop
      vertex 63.852 4.22836 2
      vertex 67 2 2
      vertex 64.2235 4.10222 2
    endloop
  endfacet
  facet normal 0 0 1
    outer loop
      vertex 63.5 4.40192 2
      vertex 67 2 2
      vertex 63.852 4.22836 2
    endloop
  endfacet
  facet normal 0 0 1
    outer loop
      vertex 44.061 9.59045 2
      vertex 63.5 4.40192 2
      vertex 63.1737 4.61994 2
    endloop
  endfacet
  facet normal 0 0 1
    outer loop
      vertex 62.0257 7.39158 2
      vertex 44.9095 10.439 2
      vertex 62 7 2
    endloop
  endfacet
  facet normal 0 0 1
    outer loop
      vertex 62 7 2
      vertex 44.9095 10.439 2
      vertex 62.0257 6.60842 2
    endloop
  endfacet
  facet normal 0 0 1
    outer loop
      vertex 62.0257 6.60842 2
      vertex 44.9095 10.439 2
      vertex 62.1022 6.22354 2
    endloop
  endfacet
  facet normal 0 0 1
    outer loop
      vertex 62.1022 6.22354 2
      vertex 44.9095 10.439 2
      vertex 62.2284 5.85195 2
    endloop
  endfacet
  facet normal -0 0 1
    outer loop
      vertex 44.061 9.59045 2
      vertex 62.2284 5.85195 2
      vertex 44.9095 10.439 2
    endloop
  endfacet
  facet normal 0 0 1
    outer loop
      vertex 62.2284 5.85195 2
      vertex 44.061 9.59045 2
      vertex 62.4019 5.5 2
    endloop
  endfacet
  facet normal 0 0 1
    outer loop
      vertex 62.4019 5.5 2
      vertex 44.061 9.59045 2
      vertex 62.6199 5.17372 2
    endloop
  endfacet
  facet normal 0 0 1
    outer loop
      vertex 62.6199 5.17372 2
      vertex 44.061 9.59045 2
      vertex 62.8787 4.87868 2
    endloop
  endfacet
  facet normal 0 0 1
    outer loop
      vertex 62.8787 4.87868 2
      vertex 44.061 9.59045 2
      vertex 63.1737 4.61994 2
    endloop
  endfacet
  facet normal 0 0 1
    outer loop
      vertex 63.5 4.40192 2
      vertex 44.061 9.59045 2
      vertex 67 2 2
    endloop
  endfacet
  facet normal 0 0 1
    outer loop
      vertex 27.939 9.59045 2
      vertex 44.061 9.59045 2
      vertex 36 17.6515 2
    endloop
  endfacet
  facet normal -0 0 1
    outer loop
      vertex 27.939 9.59045 2
      vertex 67 2 2
      vertex 44.061 9.59045 2
    endloop
  endfacet
  facet normal -0 0 1
    outer loop
      vertex 9.89778 29.2235 2
      vertex 27.0905 26.561 2
      vertex 9.97433 29.6084 2
    endloop
  endfacet
  facet normal 0 0 1
    outer loop
      vertex 9.97433 6.60842 2
      vertex 27.0905 10.439 2
      vertex 10 7 2
    endloop
  endfacet
  facet normal 0 0 1
    outer loop
      vertex 9.89778 6.22354 2
      vertex 27.0905 10.439 2
      vertex 9.97433 6.60842 2
    endloop
  endfacet
  facet normal 0 0 1
    outer loop
      vertex 9.77164 5.85195 2
      vertex 27.0905 10.439 2
      vertex 9.89778 6.22354 2
    endloop
  endfacet
  facet normal 0 0 1
    outer loop
      vertex 27.0905 10.439 2
      vertex 9.77164 5.85195 2
      vertex 27.939 9.59045 2
    endloop
  endfacet
  facet normal 0 0 1
    outer loop
      vertex 9.59808 5.5 2
      vertex 27.939 9.59045 2
      vertex 9.77164 5.85195 2
    endloop
  endfacet
  facet normal 0 0 1
    outer loop
      vertex 9.38006 5.17372 2
      vertex 27.939 9.59045 2
      vertex 9.59808 5.5 2
    endloop
  endfacet
  facet normal 0 0 1
    outer loop
      vertex 9.12132 4.87868 2
      vertex 27.939 9.59045 2
      vertex 9.38006 5.17372 2
    endloop
  endfacet
  facet normal 0 0 1
    outer loop
      vertex 8.82628 4.61994 2
      vertex 27.939 9.59045 2
      vertex 9.12132 4.87868 2
    endloop
  endfacet
  facet normal 0 0 1
    outer loop
      vertex 8.5 4.40192 2
      vertex 27.939 9.59045 2
      vertex 8.82628 4.61994 2
    endloop
  endfacet
  facet normal 0 0 1
    outer loop
      vertex 5 2 2
      vertex 27.939 9.59045 2
      vertex 8.5 4.40192 2
    endloop
  endfacet
  facet normal 0 0 1
    outer loop
      vertex 5 2 2
      vertex 8.5 4.40192 2
      vertex 8.14805 4.22836 2
    endloop
  endfacet
  facet normal 0 0 1
    outer loop
      vertex 5 2 2
      vertex 8.14805 4.22836 2
      vertex 7.77646 4.10222 2
    endloop
  endfacet
  facet normal 0 0 1
    outer loop
      vertex 5 2 2
      vertex 7.77646 4.10222 2
      vertex 7.39158 4.02567 2
    endloop
  endfacet
  facet normal 0 0 1
    outer loop
      vertex 5 2 2
      vertex 7.39158 4.02567 2
      vertex 7 4 2
    endloop
  endfacet
  facet normal 0 0 1
    outer loop
      vertex 27.939 9.59045 2
      vertex 5 2 2
      vertex 67 2 2
    endloop
  endfacet
  facet normal 0 0 1
    outer loop
      vertex 6.60842 4.02567 2
      vertex 5 2 2
      vertex 7 4 2
    endloop
  endfacet
  facet normal 0 0 1
    outer loop
      vertex 6.22354 4.10222 2
      vertex 5 2 2
      vertex 6.60842 4.02567 2
    endloop
  endfacet
  facet normal 0 0 1
    outer loop
      vertex 5.85195 4.22836 2
      vertex 5 2 2
      vertex 6.22354 4.10222 2
    endloop
  endfacet
  facet normal 0 0 1
    outer loop
      vertex 5.5 4.40192 2
      vertex 5 2 2
      vertex 5.85195 4.22836 2
    endloop
  endfacet
  facet normal 0 0 1
    outer loop
      vertex 5.17372 4.61994 2
      vertex 5 2 2
      vertex 5.5 4.40192 2
    endloop
  endfacet
  facet normal 0 0 1
    outer loop
      vertex 4.87868 4.87868 2
      vertex 5 2 2
      vertex 5.17372 4.61994 2
    endloop
  endfacet
  facet normal -0 0 1
    outer loop
      vertex 2 5 2
      vertex 4.87868 4.87868 2
      vertex 4.61994 5.17372 2
    endloop
  endfacet
  facet normal 0 0 1
    outer loop
      vertex 2 5 2
      vertex 4.61994 5.17372 2
      vertex 4.40192 5.5 2
    endloop
  endfacet
  facet normal 0 0 1
    outer loop
      vertex 2 5 2
      vertex 4.40192 5.5 2
      vertex 4.22836 5.85195 2
    endloop
  endfacet
  facet normal 0 0 1
    outer loop
      vertex 2 5 2
      vertex 4.22836 5.85195 2
      vertex 4.10222 6.22354 2
    endloop
  endfacet
  facet normal 0 0 1
    outer loop
      vertex 4.02567 7.39158 2
      vertex 2 5 2
      vertex 4 7 2
    endloop
  endfacet
  facet normal 0 0 1
    outer loop
      vertex 4.87868 4.87868 2
      vertex 2 5 2
      vertex 5 2 2
    endloop
  endfacet
  facet normal 0 0 1
    outer loop
      vertex 4.02567 6.60842 2
      vertex 2 5 2
      vertex 4.10222 6.22354 2
    endloop
  endfacet
  facet normal 0 0 1
    outer loop
      vertex 4 7 2
      vertex 2 5 2
      vertex 4.02567 6.60842 2
    endloop
  endfacet
  facet normal 0 0 1
    outer loop
      vertex 35.1515 18.5 2
      vertex 27.0905 26.561 2
      vertex 27.0905 10.439 2
    endloop
  endfacet
  facet normal 0 -1 0
    outer loop
      vertex 5 35 2
      vertex 67 35 12
      vertex 5 35 12
    endloop
  endfacet
  facet normal 0 -1 -0
    outer loop
      vertex 67 35 12
      vertex 5 35 2
      vertex 67 35 2
    endloop
  endfacet
  facet normal -0.707107 0.707107 0
    outer loop
      vertex 67 2 2
      vertex 70 5 12
      vertex 70 5 2
    endloop
  endfacet
  facet normal -0.707107 0.707107 0
    outer loop
      vertex 70 5 12
      vertex 67 2 2
      vertex 67 2 12
    endloop
  endfacet
  facet normal -1 0 0
    outer loop
      vertex 23.5 0 4.5
      vertex 23.5 2 11.7
      vertex 23.5 2 4.5
    endloop
  endfacet
  facet normal -1 -0 0
    outer loop
      vertex 23.5 2 11.7
      vertex 23.5 0 4.5
      vertex 23.5 0 11.7
    endloop
  endfacet
  facet normal 0 0 -1
    outer loop
      vertex 8.3 0 11.7
      vertex 23.5 2 11.7
      vertex 23.5 0 11.7
    endloop
  endfacet
  facet normal -0 0 -1
    outer loop
      vertex 23.5 2 11.7
      vertex 8.3 0 11.7
      vertex 8.3 2 11.7
    endloop
  endfacet
  facet normal -0 0 1
    outer loop
      vertex 8.3 2 4.5
      vertex 23.5 0 4.5
      vertex 23.5 2 4.5
    endloop
  endfacet
  facet normal 0 0 1
    outer loop
      vertex 23.5 0 4.5
      vertex 8.3 2 4.5
      vertex 8.3 0 4.5
    endloop
  endfacet
  facet normal 1 -0 0
    outer loop
      vertex 8.3 0 11.7
      vertex 8.3 2 4.5
      vertex 8.3 2 11.7
    endloop
  endfacet
  facet normal 1 0 0
    outer loop
      vertex 8.3 2 4.5
      vertex 8.3 0 11.7
      vertex 8.3 0 4.5
    endloop
  endfacet
  facet normal -1 0 0
    outer loop
      vertex 49.4 0 4.5
      vertex 49.4 2 11.7
      vertex 49.4 2 4.5
    endloop
  endfacet
  facet normal -1 -0 0
    outer loop
      vertex 49.4 2 11.7
      vertex 49.4 0 4.5
      vertex 49.4 0 11.7
    endloop
  endfacet
  facet normal 0 0 -1
    outer loop
      vertex 38.9 0 11.7
      vertex 49.4 2 11.7
      vertex 49.4 0 11.7
    endloop
  endfacet
  facet normal -0 0 -1
    outer loop
      vertex 49.4 2 11.7
      vertex 38.9 0 11.7
      vertex 38.9 2 11.7
    endloop
  endfacet
  facet normal -0 0 1
    outer loop
      vertex 38.9 2 4.5
      vertex 49.4 0 4.5
      vertex 49.4 2 4.5
    endloop
  endfacet
  facet normal 0 0 1
    outer loop
      vertex 49.4 0 4.5
      vertex 38.9 2 4.5
      vertex 38.9 0 4.5
    endloop
  endfacet
  facet normal 1 -0 0
    outer loop
      vertex 38.9 0 11.7
      vertex 38.9 2 4.5
      vertex 38.9 2 11.7
    endloop
  endfacet
  facet normal 1 0 0
    outer loop
      vertex 38.9 2 4.5
      vertex 38.9 0 11.7
      vertex 38.9 0 4.5
    endloop
  endfacet
  facet normal -1 0 0
    outer loop
      vertex 62.5 0 4.5
      vertex 62.5 2 11.7
      vertex 62.5 2 4.5
    endloop
  endfacet
  facet normal -1 -0 0
    outer loop
      vertex 62.5 2 11.7
      vertex 62.5 0 4.5
      vertex 62.5 0 11.7
    endloop
  endfacet
  facet normal 0 0 -1
    outer loop
      vertex 51.5 0 11.7
      vertex 62.5 2 11.7
      vertex 62.5 0 11.7
    endloop
  endfacet
  facet normal -0 0 -1
    outer loop
      vertex 62.5 2 11.7
      vertex 51.5 0 11.7
      vertex 51.5 2 11.7
    endloop
  endfacet
  facet normal -0 0 1
    outer loop
      vertex 51.5 2 4.5
      vertex 62.5 0 4.5
      vertex 62.5 2 4.5
    endloop
  endfacet
  facet normal 0 0 1
    outer loop
      vertex 62.5 0 4.5
      vertex 51.5 2 4.5
      vertex 51.5 0 4.5
    endloop
  endfacet
  facet normal 1 -0 0
    outer loop
      vertex 51.5 0 11.7
      vertex 51.5 2 4.5
      vertex 51.5 2 11.7
    endloop
  endfacet
  facet normal 1 0 0
    outer loop
      vertex 51.5 2 4.5
      vertex 51.5 0 11.7
      vertex 51.5 0 4.5
    endloop
  endfacet
  facet normal 0 0 -1
    outer loop
      vertex 0 7.5 10.2
      vertex 2 27.5 10.2
      vertex 2 7.5 10.2
    endloop
  endfacet
  facet normal -0 0 -1
    outer loop
      vertex 2 27.5 10.2
      vertex 0 7.5 10.2
      vertex 0 27.5 10.2
    endloop
  endfacet
  facet normal -0 0 1
    outer loop
      vertex 0 27.5 4
      vertex 2 7.5 4
      vertex 2 27.5 4
    endloop
  endfacet
  facet normal 0 0 1
    outer loop
      vertex 2 7.5 4
      vertex 0 27.5 4
      vertex 0 7.5 4
    endloop
  endfacet
  facet normal 0 -1 0
    outer loop
      vertex 0 27.5 4
      vertex 2 27.5 10.2
      vertex 0 27.5 10.2
    endloop
  endfacet
  facet normal 0 -1 -0
    outer loop
      vertex 2 27.5 10.2
      vertex 0 27.5 4
      vertex 2 27.5 4
    endloop
  endfacet
  facet normal 0 1 -0
    outer loop
      vertex 2 7.5 4
      vertex 0 7.5 10.2
      vertex 2 7.5 10.2
    endloop
  endfacet
  facet normal 0 1 0
    outer loop
      vertex 0 7.5 10.2
      vertex 2 7.5 4
      vertex 0 7.5 4
    endloop
  endfacet
  facet normal 0 0 -1
    outer loop
      vertex 70 7.5 10.5
      vertex 72 27.5 10.5
      vertex 72 7.5 10.5
    endloop
  endfacet
  facet normal -0 0 -1
    outer loop
      vertex 72 27.5 10.5
      vertex 70 7.5 10.5
      vertex 70 27.5 10.5
    endloop
  endfacet
  facet normal -0 0 1
    outer loop
      vertex 70 27.5 4.5
      vertex 72 7.5 4.5
      vertex 72 27.5 4.5
    endloop
  endfacet
  facet normal 0 0 1
    outer loop
      vertex 72 7.5 4.5
      vertex 70 27.5 4.5
      vertex 70 7.5 4.5
    endloop
  endfacet
  facet normal 0 -1 0
    outer loop
      vertex 70 27.5 4.5
      vertex 72 27.5 10.5
      vertex 70 27.5 10.5
    endloop
  endfacet
  facet normal 0 -1 -0
    outer loop
      vertex 72 27.5 10.5
      vertex 70 27.5 4.5
      vertex 72 27.5 4.5
    endloop
  endfacet
  facet normal 0 1 -0
    outer loop
      vertex 72 7.5 4.5
      vertex 70 7.5 10.5
      vertex 72 7.5 10.5
    endloop
  endfacet
  facet normal 0 1 0
    outer loop
      vertex 70 7.5 10.5
      vertex 72 7.5 4.5
      vertex 70 7.5 4.5
    endloop
  endfacet
  facet normal -0.442283 0.896875 0
    outer loop
      vertex 5.85195 9.77164 2
      vertex 5.5 9.59808 5.5
      vertex 5.85195 9.77164 5.5
    endloop
  endfacet
  facet normal -0.442283 0.896875 0
    outer loop
      vertex 5.5 9.59808 5.5
      vertex 5.85195 9.77164 2
      vertex 5.5 9.59808 2
    endloop
  endfacet
  facet normal 0.831462 0.555582 0
    outer loop
      vertex 9.59808 8.5 5.5
      vertex 9.38006 8.82628 2
      vertex 9.38006 8.82628 5.5
    endloop
  endfacet
  facet normal 0.831462 0.555582 0
    outer loop
      vertex 9.38006 8.82628 2
      vertex 9.59808 8.5 5.5
      vertex 9.59808 8.5 2
    endloop
  endfacet
  facet normal 0.980789 0.195072 0
    outer loop
      vertex 9.97433 7.39158 5.5
      vertex 9.89778 7.77646 2
      vertex 9.89778 7.77646 5.5
    endloop
  endfacet
  facet normal 0.980789 0.195072 0
    outer loop
      vertex 9.89778 7.77646 2
      vertex 9.97433 7.39158 5.5
      vertex 9.97433 7.39158 2
    endloop
  endfacet
  facet normal -0.195072 -0.980789 0
    outer loop
      vertex 6.22354 4.10222 2
      vertex 6.60842 4.02567 5.5
      vertex 6.22354 4.10222 5.5
    endloop
  endfacet
  facet normal -0.195072 -0.980789 -0
    outer loop
      vertex 6.60842 4.02567 5.5
      vertex 6.22354 4.10222 2
      vertex 6.60842 4.02567 2
    endloop
  endfacet
  facet normal 0.442283 -0.896875 0
    outer loop
      vertex 8.14805 4.22836 2
      vertex 8.5 4.40192 5.5
      vertex 8.14805 4.22836 5.5
    endloop
  endfacet
  facet normal 0.442283 -0.896875 0
    outer loop
      vertex 8.5 4.40192 5.5
      vertex 8.14805 4.22836 2
      vertex 8.5 4.40192 2
    endloop
  endfacet
  facet normal 0.555582 0.831462 -0
    outer loop
      vertex 8.82628 9.38006 2
      vertex 8.5 9.59808 5.5
      vertex 8.82628 9.38006 5.5
    endloop
  endfacet
  facet normal 0.555582 0.831462 0
    outer loop
      vertex 8.5 9.59808 5.5
      vertex 8.82628 9.38006 2
      vertex 8.5 9.59808 2
    endloop
  endfacet
  facet normal 0.442283 0.896875 -0
    outer loop
      vertex 8.5 9.59808 2
      vertex 8.14805 9.77164 5.5
      vertex 8.5 9.59808 5.5
    endloop
  endfacet
  facet normal 0.442283 0.896875 0
    outer loop
      vertex 8.14805 9.77164 5.5
      vertex 8.5 9.59808 2
      vertex 8.14805 9.77164 2
    endloop
  endfacet
  facet normal 0.659341 0.751844 -0
    outer loop
      vertex 9.12132 9.12132 2
      vertex 8.82628 9.38006 5.5
      vertex 9.12132 9.12132 5.5
    endloop
  endfacet
  facet normal 0.659341 0.751844 0
    outer loop
      vertex 8.82628 9.38006 5.5
      vertex 9.12132 9.12132 2
      vertex 8.82628 9.38006 2
    endloop
  endfacet
  facet normal 0.195072 -0.980789 0
    outer loop
      vertex 7.39158 4.02567 2
      vertex 7.77646 4.10222 5.5
      vertex 7.39158 4.02567 5.5
    endloop
  endfacet
  facet normal 0.195072 -0.980789 0
    outer loop
      vertex 7.77646 4.10222 5.5
      vertex 7.39158 4.02567 2
      vertex 7.77646 4.10222 2
    endloop
  endfacet
  facet normal -0.980789 -0.195072 0
    outer loop
      vertex 4.10222 6.22354 2
      vertex 4.02567 6.60842 5.5
      vertex 4.02567 6.60842 2
    endloop
  endfacet
  facet normal -0.980789 -0.195072 0
    outer loop
      vertex 4.02567 6.60842 5.5
      vertex 4.10222 6.22354 2
      vertex 4.10222 6.22354 5.5
    endloop
  endfacet
  facet normal 0.946928 0.321444 0
    outer loop
      vertex 9.89778 7.77646 5.5
      vertex 9.77164 8.14805 2
      vertex 9.77164 8.14805 5.5
    endloop
  endfacet
  facet normal 0.946928 0.321444 0
    outer loop
      vertex 9.77164 8.14805 2
      vertex 9.89778 7.77646 5.5
      vertex 9.89778 7.77646 2
    endloop
  endfacet
  facet normal -0.896875 -0.442283 0
    outer loop
      vertex 4.40192 5.5 2
      vertex 4.22836 5.85195 5.5
      vertex 4.22836 5.85195 2
    endloop
  endfacet
  facet normal -0.896875 -0.442283 0
    outer loop
      vertex 4.22836 5.85195 5.5
      vertex 4.40192 5.5 2
      vertex 4.40192 5.5 5.5
    endloop
  endfacet
  facet normal 0.555582 -0.831462 0
    outer loop
      vertex 8.5 4.40192 2
      vertex 8.82628 4.61994 5.5
      vertex 8.5 4.40192 5.5
    endloop
  endfacet
  facet normal 0.555582 -0.831462 0
    outer loop
      vertex 8.82628 4.61994 5.5
      vertex 8.5 4.40192 2
      vertex 8.82628 4.61994 2
    endloop
  endfacet
  facet normal 0.997858 0.0654145 0
    outer loop
      vertex 10 7 5.5
      vertex 9.97433 7.39158 2
      vertex 9.97433 7.39158 5.5
    endloop
  endfacet
  facet normal 0.997858 0.0654145 0
    outer loop
      vertex 9.97433 7.39158 2
      vertex 10 7 5.5
      vertex 10 7 2
    endloop
  endfacet
  facet normal 0.0654145 0.997858 -0
    outer loop
      vertex 7.39158 9.97433 2
      vertex 7 10 5.5
      vertex 7.39158 9.97433 5.5
    endloop
  endfacet
  facet normal 0.0654145 0.997858 0
    outer loop
      vertex 7 10 5.5
      vertex 7.39158 9.97433 2
      vertex 7 10 2
    endloop
  endfacet
  facet normal 0.831462 -0.555582 0
    outer loop
      vertex 9.38006 5.17372 5.5
      vertex 9.59808 5.5 2
      vertex 9.59808 5.5 5.5
    endloop
  endfacet
  facet normal 0.831462 -0.555582 0
    outer loop
      vertex 9.59808 5.5 2
      vertex 9.38006 5.17372 5.5
      vertex 9.38006 5.17372 2
    endloop
  endfacet
  facet normal 0.751844 0.659341 0
    outer loop
      vertex 9.38006 8.82628 5.5
      vertex 9.12132 9.12132 2
      vertex 9.12132 9.12132 5.5
    endloop
  endfacet
  facet normal 0.751844 0.659341 0
    outer loop
      vertex 9.12132 9.12132 2
      vertex 9.38006 8.82628 5.5
      vertex 9.38006 8.82628 2
    endloop
  endfacet
  facet normal 0.751844 -0.659341 0
    outer loop
      vertex 9.12132 4.87868 5.5
      vertex 9.38006 5.17372 2
      vertex 9.38006 5.17372 5.5
    endloop
  endfacet
  facet normal 0.751844 -0.659341 0
    outer loop
      vertex 9.38006 5.17372 2
      vertex 9.12132 4.87868 5.5
      vertex 9.12132 4.87868 2
    endloop
  endfacet
  facet normal -0.0654145 -0.997858 0
    outer loop
      vertex 6.60842 4.02567 2
      vertex 7 4 5.5
      vertex 6.60842 4.02567 5.5
    endloop
  endfacet
  facet normal -0.0654145 -0.997858 -0
    outer loop
      vertex 7 4 5.5
      vertex 6.60842 4.02567 2
      vertex 7 4 2
    endloop
  endfacet
  facet normal -0.946928 -0.321444 0
    outer loop
      vertex 4.22836 5.85195 2
      vertex 4.10222 6.22354 5.5
      vertex 4.10222 6.22354 2
    endloop
  endfacet
  facet normal -0.946928 -0.321444 0
    outer loop
      vertex 4.10222 6.22354 5.5
      vertex 4.22836 5.85195 2
      vertex 4.22836 5.85195 5.5
    endloop
  endfacet
  facet normal -0.997858 0.0654145 0
    outer loop
      vertex 4 7 2
      vertex 4.02567 7.39158 5.5
      vertex 4.02567 7.39158 2
    endloop
  endfacet
  facet normal -0.997858 0.0654145 0
    outer loop
      vertex 4.02567 7.39158 5.5
      vertex 4 7 2
      vertex 4 7 5.5
    endloop
  endfacet
  facet normal -0.321444 0.946928 0
    outer loop
      vertex 6.22354 9.89778 2
      vertex 5.85195 9.77164 5.5
      vertex 6.22354 9.89778 5.5
    endloop
  endfacet
  facet normal -0.321444 0.946928 0
    outer loop
      vertex 5.85195 9.77164 5.5
      vertex 6.22354 9.89778 2
      vertex 5.85195 9.77164 2
    endloop
  endfacet
  facet normal -0.195072 0.980789 0
    outer loop
      vertex 6.60842 9.97433 2
      vertex 6.22354 9.89778 5.5
      vertex 6.60842 9.97433 5.5
    endloop
  endfacet
  facet normal -0.195072 0.980789 0
    outer loop
      vertex 6.22354 9.89778 5.5
      vertex 6.60842 9.97433 2
      vertex 6.22354 9.89778 2
    endloop
  endfacet
  facet normal -0.831462 -0.555582 0
    outer loop
      vertex 4.61994 5.17372 2
      vertex 4.40192 5.5 5.5
      vertex 4.40192 5.5 2
    endloop
  endfacet
  facet normal -0.831462 -0.555582 0
    outer loop
      vertex 4.40192 5.5 5.5
      vertex 4.61994 5.17372 2
      vertex 4.61994 5.17372 5.5
    endloop
  endfacet
  facet normal 0.659341 -0.751844 0
    outer loop
      vertex 8.82628 4.61994 2
      vertex 9.12132 4.87868 5.5
      vertex 8.82628 4.61994 5.5
    endloop
  endfacet
  facet normal 0.659341 -0.751844 0
    outer loop
      vertex 9.12132 4.87868 5.5
      vertex 8.82628 4.61994 2
      vertex 9.12132 4.87868 2
    endloop
  endfacet
  facet normal -0.751844 0.659341 0
    outer loop
      vertex 4.61994 8.82628 2
      vertex 4.87868 9.12132 5.5
      vertex 4.87868 9.12132 2
    endloop
  endfacet
  facet normal -0.751844 0.659341 0
    outer loop
      vertex 4.87868 9.12132 5.5
      vertex 4.61994 8.82628 2
      vertex 4.61994 8.82628 5.5
    endloop
  endfacet
  facet normal 0.0654145 -0.997858 0
    outer loop
      vertex 7 4 2
      vertex 7.39158 4.02567 5.5
      vertex 7 4 5.5
    endloop
  endfacet
  facet normal 0.0654145 -0.997858 0
    outer loop
      vertex 7.39158 4.02567 5.5
      vertex 7 4 2
      vertex 7.39158 4.02567 2
    endloop
  endfacet
  facet normal 0.321444 0.946928 -0
    outer loop
      vertex 8.14805 9.77164 2
      vertex 7.77646 9.89778 5.5
      vertex 8.14805 9.77164 5.5
    endloop
  endfacet
  facet normal 0.321444 0.946928 0
    outer loop
      vertex 7.77646 9.89778 5.5
      vertex 8.14805 9.77164 2
      vertex 7.77646 9.89778 2
    endloop
  endfacet
  facet normal 0.896875 -0.442283 0
    outer loop
      vertex 9.59808 5.5 5.5
      vertex 9.77164 5.85195 2
      vertex 9.77164 5.85195 5.5
    endloop
  endfacet
  facet normal 0.896875 -0.442283 0
    outer loop
      vertex 9.77164 5.85195 2
      vertex 9.59808 5.5 5.5
      vertex 9.59808 5.5 2
    endloop
  endfacet
  facet normal 0.946928 -0.321444 0
    outer loop
      vertex 9.77164 5.85195 5.5
      vertex 9.89778 6.22354 2
      vertex 9.89778 6.22354 5.5
    endloop
  endfacet
  facet normal 0.946928 -0.321444 0
    outer loop
      vertex 9.89778 6.22354 2
      vertex 9.77164 5.85195 5.5
      vertex 9.77164 5.85195 2
    endloop
  endfacet
  facet normal -0.896875 0.442283 0
    outer loop
      vertex 4.22836 8.14805 2
      vertex 4.40192 8.5 5.5
      vertex 4.40192 8.5 2
    endloop
  endfacet
  facet normal -0.896875 0.442283 0
    outer loop
      vertex 4.40192 8.5 5.5
      vertex 4.22836 8.14805 2
      vertex 4.22836 8.14805 5.5
    endloop
  endfacet
  facet normal -0.980789 0.195072 0
    outer loop
      vertex 4.02567 7.39158 2
      vertex 4.10222 7.77646 5.5
      vertex 4.10222 7.77646 2
    endloop
  endfacet
  facet normal -0.980789 0.195072 0
    outer loop
      vertex 4.10222 7.77646 5.5
      vertex 4.02567 7.39158 2
      vertex 4.02567 7.39158 5.5
    endloop
  endfacet
  facet normal 0.896875 0.442283 0
    outer loop
      vertex 9.77164 8.14805 5.5
      vertex 9.59808 8.5 2
      vertex 9.59808 8.5 5.5
    endloop
  endfacet
  facet normal 0.896875 0.442283 0
    outer loop
      vertex 9.59808 8.5 2
      vertex 9.77164 8.14805 5.5
      vertex 9.77164 8.14805 2
    endloop
  endfacet
  facet normal 0.997858 -0.0654145 0
    outer loop
      vertex 9.97433 6.60842 5.5
      vertex 10 7 2
      vertex 10 7 5.5
    endloop
  endfacet
  facet normal 0.997858 -0.0654145 0
    outer loop
      vertex 10 7 2
      vertex 9.97433 6.60842 5.5
      vertex 9.97433 6.60842 2
    endloop
  endfacet
  facet normal -0.555582 0.831462 0
    outer loop
      vertex 5.5 9.59808 2
      vertex 5.17372 9.38006 5.5
      vertex 5.5 9.59808 5.5
    endloop
  endfacet
  facet normal -0.555582 0.831462 0
    outer loop
      vertex 5.17372 9.38006 5.5
      vertex 5.5 9.59808 2
      vertex 5.17372 9.38006 2
    endloop
  endfacet
  facet normal 0.195072 0.980789 -0
    outer loop
      vertex 7.77646 9.89778 2
      vertex 7.39158 9.97433 5.5
      vertex 7.77646 9.89778 5.5
    endloop
  endfacet
  facet normal 0.195072 0.980789 0
    outer loop
      vertex 7.39158 9.97433 5.5
      vertex 7.77646 9.89778 2
      vertex 7.39158 9.97433 2
    endloop
  endfacet
  facet normal -0.997858 -0.0654145 0
    outer loop
      vertex 4.02567 6.60842 2
      vertex 4 7 5.5
      vertex 4 7 2
    endloop
  endfacet
  facet normal -0.997858 -0.0654145 0
    outer loop
      vertex 4 7 5.5
      vertex 4.02567 6.60842 2
      vertex 4.02567 6.60842 5.5
    endloop
  endfacet
  facet normal -0.659341 -0.751844 0
    outer loop
      vertex 4.87868 4.87868 2
      vertex 5.17372 4.61994 5.5
      vertex 4.87868 4.87868 5.5
    endloop
  endfacet
  facet normal -0.659341 -0.751844 -0
    outer loop
      vertex 5.17372 4.61994 5.5
      vertex 4.87868 4.87868 2
      vertex 5.17372 4.61994 2
    endloop
  endfacet
  facet normal -0.946928 0.321444 0
    outer loop
      vertex 4.10222 7.77646 2
      vertex 4.22836 8.14805 5.5
      vertex 4.22836 8.14805 2
    endloop
  endfacet
  facet normal -0.946928 0.321444 0
    outer loop
      vertex 4.22836 8.14805 5.5
      vertex 4.10222 7.77646 2
      vertex 4.10222 7.77646 5.5
    endloop
  endfacet
  facet normal 0.980789 -0.195072 0
    outer loop
      vertex 9.89778 6.22354 5.5
      vertex 9.97433 6.60842 2
      vertex 9.97433 6.60842 5.5
    endloop
  endfacet
  facet normal 0.980789 -0.195072 0
    outer loop
      vertex 9.97433 6.60842 2
      vertex 9.89778 6.22354 5.5
      vertex 9.89778 6.22354 2
    endloop
  endfacet
  facet normal -0.831462 0.555582 0
    outer loop
      vertex 4.40192 8.5 2
      vertex 4.61994 8.82628 5.5
      vertex 4.61994 8.82628 2
    endloop
  endfacet
  facet normal -0.831462 0.555582 0
    outer loop
      vertex 4.61994 8.82628 5.5
      vertex 4.40192 8.5 2
      vertex 4.40192 8.5 5.5
    endloop
  endfacet
  facet normal -0.659341 0.751844 0
    outer loop
      vertex 5.17372 9.38006 2
      vertex 4.87868 9.12132 5.5
      vertex 5.17372 9.38006 5.5
    endloop
  endfacet
  facet normal -0.659341 0.751844 0
    outer loop
      vertex 4.87868 9.12132 5.5
      vertex 5.17372 9.38006 2
      vertex 4.87868 9.12132 2
    endloop
  endfacet
  facet normal -0.0654145 0.997858 0
    outer loop
      vertex 7 10 2
      vertex 6.60842 9.97433 5.5
      vertex 7 10 5.5
    endloop
  endfacet
  facet normal -0.0654145 0.997858 0
    outer loop
      vertex 6.60842 9.97433 5.5
      vertex 7 10 2
      vertex 6.60842 9.97433 2
    endloop
  endfacet
  facet normal 0.321444 -0.946928 0
    outer loop
      vertex 7.77646 4.10222 2
      vertex 8.14805 4.22836 5.5
      vertex 7.77646 4.10222 5.5
    endloop
  endfacet
  facet normal 0.321444 -0.946928 0
    outer loop
      vertex 8.14805 4.22836 5.5
      vertex 7.77646 4.10222 2
      vertex 8.14805 4.22836 2
    endloop
  endfacet
  facet normal -0.555582 -0.831462 0
    outer loop
      vertex 5.17372 4.61994 2
      vertex 5.5 4.40192 5.5
      vertex 5.17372 4.61994 5.5
    endloop
  endfacet
  facet normal -0.555582 -0.831462 -0
    outer loop
      vertex 5.5 4.40192 5.5
      vertex 5.17372 4.61994 2
      vertex 5.5 4.40192 2
    endloop
  endfacet
  facet normal -0.751844 -0.659341 0
    outer loop
      vertex 4.87868 4.87868 2
      vertex 4.61994 5.17372 5.5
      vertex 4.61994 5.17372 2
    endloop
  endfacet
  facet normal -0.751844 -0.659341 0
    outer loop
      vertex 4.61994 5.17372 5.5
      vertex 4.87868 4.87868 2
      vertex 4.87868 4.87868 5.5
    endloop
  endfacet
  facet normal 0 0 1
    outer loop
      vertex 8 7 5.5
      vertex 10 7 5.5
      vertex 9.97433 7.39158 5.5
    endloop
  endfacet
  facet normal 0 0 1
    outer loop
      vertex 7.99144 7.13053 5.5
      vertex 9.97433 7.39158 5.5
      vertex 9.89778 7.77646 5.5
    endloop
  endfacet
  facet normal 0 0 1
    outer loop
      vertex 10 7 5.5
      vertex 8 7 5.5
      vertex 9.97433 6.60842 5.5
    endloop
  endfacet
  facet normal 0 0 1
    outer loop
      vertex 7.96593 7.25882 5.5
      vertex 9.89778 7.77646 5.5
      vertex 9.77164 8.14805 5.5
    endloop
  endfacet
  facet normal -0 0 1
    outer loop
      vertex 7.99144 6.86947 5.5
      vertex 9.97433 6.60842 5.5
      vertex 8 7 5.5
    endloop
  endfacet
  facet normal 0 0 1
    outer loop
      vertex 7.92388 7.38268 5.5
      vertex 9.77164 8.14805 5.5
      vertex 9.59808 8.5 5.5
    endloop
  endfacet
  facet normal 0 0 1
    outer loop
      vertex 9.97433 6.60842 5.5
      vertex 7.99144 6.86947 5.5
      vertex 9.89778 6.22354 5.5
    endloop
  endfacet
  facet normal 0 0 1
    outer loop
      vertex 7.86602 7.5 5.5
      vertex 9.59808 8.5 5.5
      vertex 9.38006 8.82628 5.5
    endloop
  endfacet
  facet normal -0 0 1
    outer loop
      vertex 7.96593 6.74118 5.5
      vertex 9.89778 6.22354 5.5
      vertex 7.99144 6.86947 5.5
    endloop
  endfacet
  facet normal 0 0 1
    outer loop
      vertex 7.79335 7.60876 5.5
      vertex 9.38006 8.82628 5.5
      vertex 9.12132 9.12132 5.5
    endloop
  endfacet
  facet normal 0 0 1
    outer loop
      vertex 9.89778 6.22354 5.5
      vertex 7.96593 6.74118 5.5
      vertex 9.77164 5.85195 5.5
    endloop
  endfacet
  facet normal 0 0 1
    outer loop
      vertex 7.70711 7.70711 5.5
      vertex 9.12132 9.12132 5.5
      vertex 8.82628 9.38006 5.5
    endloop
  endfacet
  facet normal -0 0 1
    outer loop
      vertex 7.92388 6.61732 5.5
      vertex 9.77164 5.85195 5.5
      vertex 7.96593 6.74118 5.5
    endloop
  endfacet
  facet normal 0 0 1
    outer loop
      vertex 7.60876 7.79335 5.5
      vertex 8.82628 9.38006 5.5
      vertex 8.5 9.59808 5.5
    endloop
  endfacet
  facet normal 0 0 1
    outer loop
      vertex 9.77164 5.85195 5.5
      vertex 7.92388 6.61732 5.5
      vertex 9.59808 5.5 5.5
    endloop
  endfacet
  facet normal 0 0 1
    outer loop
      vertex 7.5 7.86602 5.5
      vertex 8.5 9.59808 5.5
      vertex 8.14805 9.77164 5.5
    endloop
  endfacet
  facet normal -0 0 1
    outer loop
      vertex 7.86602 6.5 5.5
      vertex 9.59808 5.5 5.5
      vertex 7.92388 6.61732 5.5
    endloop
  endfacet
  facet normal 0 0 1
    outer loop
      vertex 9.59808 5.5 5.5
      vertex 7.86602 6.5 5.5
      vertex 9.38006 5.17372 5.5
    endloop
  endfacet
  facet normal 0 0 1
    outer loop
      vertex 9.97433 7.39158 5.5
      vertex 7.99144 7.13053 5.5
      vertex 8 7 5.5
    endloop
  endfacet
  facet normal 0 0 1
    outer loop
      vertex 9.89778 7.77646 5.5
      vertex 7.96593 7.25882 5.5
      vertex 7.99144 7.13053 5.5
    endloop
  endfacet
  facet normal 0 0 1
    outer loop
      vertex 9.77164 8.14805 5.5
      vertex 7.92388 7.38268 5.5
      vertex 7.96593 7.25882 5.5
    endloop
  endfacet
  facet normal 0 0 1
    outer loop
      vertex 9.59808 8.5 5.5
      vertex 7.86602 7.5 5.5
      vertex 7.92388 7.38268 5.5
    endloop
  endfacet
  facet normal 0 0 1
    outer loop
      vertex 9.38006 8.82628 5.5
      vertex 7.79335 7.60876 5.5
      vertex 7.86602 7.5 5.5
    endloop
  endfacet
  facet normal 0 0 1
    outer loop
      vertex 7.38268 7.92388 5.5
      vertex 8.14805 9.77164 5.5
      vertex 7.77646 9.89778 5.5
    endloop
  endfacet
  facet normal 0 0 1
    outer loop
      vertex 9.12132 9.12132 5.5
      vertex 7.70711 7.70711 5.5
      vertex 7.79335 7.60876 5.5
    endloop
  endfacet
  facet normal 0 0 1
    outer loop
      vertex 8.82628 9.38006 5.5
      vertex 7.60876 7.79335 5.5
      vertex 7.70711 7.70711 5.5
    endloop
  endfacet
  facet normal 0 0 1
    outer loop
      vertex 8.5 9.59808 5.5
      vertex 7.5 7.86602 5.5
      vertex 7.60876 7.79335 5.5
    endloop
  endfacet
  facet normal 0 0 1
    outer loop
      vertex 7.25882 7.96593 5.5
      vertex 7.77646 9.89778 5.5
      vertex 7.39158 9.97433 5.5
    endloop
  endfacet
  facet normal 0 0 1
    outer loop
      vertex 8.14805 9.77164 5.5
      vertex 7.38268 7.92388 5.5
      vertex 7.5 7.86602 5.5
    endloop
  endfacet
  facet normal 0 0 1
    outer loop
      vertex 7.77646 9.89778 5.5
      vertex 7.25882 7.96593 5.5
      vertex 7.38268 7.92388 5.5
    endloop
  endfacet
  facet normal 0 0 1
    outer loop
      vertex 7.39158 9.97433 5.5
      vertex 7.13053 7.99144 5.5
      vertex 7.25882 7.96593 5.5
    endloop
  endfacet
  facet normal 0 0 1
    outer loop
      vertex 7 10 5.5
      vertex 7.13053 7.99144 5.5
      vertex 7.39158 9.97433 5.5
    endloop
  endfacet
  facet normal 0 0 1
    outer loop
      vertex 7 10 5.5
      vertex 7 8 5.5
      vertex 7.13053 7.99144 5.5
    endloop
  endfacet
  facet normal 0 0 1
    outer loop
      vertex 7 10 5.5
      vertex 6.86947 7.99144 5.5
      vertex 7 8 5.5
    endloop
  endfacet
  facet normal -0 0 1
    outer loop
      vertex 6.60842 9.97433 5.5
      vertex 6.86947 7.99144 5.5
      vertex 7 10 5.5
    endloop
  endfacet
  facet normal 0 0 1
    outer loop
      vertex 6.86947 7.99144 5.5
      vertex 6.60842 9.97433 5.5
      vertex 6.74118 7.96593 5.5
    endloop
  endfacet
  facet normal -0 0 1
    outer loop
      vertex 6.22354 9.89778 5.5
      vertex 6.74118 7.96593 5.5
      vertex 6.60842 9.97433 5.5
    endloop
  endfacet
  facet normal 0 0 1
    outer loop
      vertex 6.74118 7.96593 5.5
      vertex 6.22354 9.89778 5.5
      vertex 6.61732 7.92388 5.5
    endloop
  endfacet
  facet normal -0 0 1
    outer loop
      vertex 5.85195 9.77164 5.5
      vertex 6.61732 7.92388 5.5
      vertex 6.22354 9.89778 5.5
    endloop
  endfacet
  facet normal 0 0 1
    outer loop
      vertex 6.61732 7.92388 5.5
      vertex 5.85195 9.77164 5.5
      vertex 6.5 7.86602 5.5
    endloop
  endfacet
  facet normal -0 0 1
    outer loop
      vertex 5.5 9.59808 5.5
      vertex 6.5 7.86602 5.5
      vertex 5.85195 9.77164 5.5
    endloop
  endfacet
  facet normal 0 0 1
    outer loop
      vertex 6.5 7.86602 5.5
      vertex 5.5 9.59808 5.5
      vertex 6.39124 7.79335 5.5
    endloop
  endfacet
  facet normal -0 0 1
    outer loop
      vertex 5.17372 9.38006 5.5
      vertex 6.39124 7.79335 5.5
      vertex 5.5 9.59808 5.5
    endloop
  endfacet
  facet normal 0 0 1
    outer loop
      vertex 6.39124 7.79335 5.5
      vertex 5.17372 9.38006 5.5
      vertex 6.29289 7.70711 5.5
    endloop
  endfacet
  facet normal -0 0 1
    outer loop
      vertex 4.87868 9.12132 5.5
      vertex 6.29289 7.70711 5.5
      vertex 5.17372 9.38006 5.5
    endloop
  endfacet
  facet normal 0 0 1
    outer loop
      vertex 6.29289 7.70711 5.5
      vertex 4.87868 9.12132 5.5
      vertex 6.20665 7.60876 5.5
    endloop
  endfacet
  facet normal 0 0 1
    outer loop
      vertex 6.20665 7.60876 5.5
      vertex 4.61994 8.82628 5.5
      vertex 6.13397 7.5 5.5
    endloop
  endfacet
  facet normal -0 0 1
    outer loop
      vertex 4.61994 8.82628 5.5
      vertex 6.20665 7.60876 5.5
      vertex 4.87868 9.12132 5.5
    endloop
  endfacet
  facet normal -0 0 1
    outer loop
      vertex 7.79335 6.39124 5.5
      vertex 9.38006 5.17372 5.5
      vertex 7.86602 6.5 5.5
    endloop
  endfacet
  facet normal 0 0 1
    outer loop
      vertex 9.38006 5.17372 5.5
      vertex 7.79335 6.39124 5.5
      vertex 9.12132 4.87868 5.5
    endloop
  endfacet
  facet normal -0 0 1
    outer loop
      vertex 7.70711 6.29289 5.5
      vertex 9.12132 4.87868 5.5
      vertex 7.79335 6.39124 5.5
    endloop
  endfacet
  facet normal 0 0 1
    outer loop
      vertex 9.12132 4.87868 5.5
      vertex 7.70711 6.29289 5.5
      vertex 8.82628 4.61994 5.5
    endloop
  endfacet
  facet normal -0 0 1
    outer loop
      vertex 7.60876 6.20665 5.5
      vertex 8.82628 4.61994 5.5
      vertex 7.70711 6.29289 5.5
    endloop
  endfacet
  facet normal 0 0 1
    outer loop
      vertex 8.82628 4.61994 5.5
      vertex 7.60876 6.20665 5.5
      vertex 8.5 4.40192 5.5
    endloop
  endfacet
  facet normal -0 0 1
    outer loop
      vertex 7.5 6.13397 5.5
      vertex 8.5 4.40192 5.5
      vertex 7.60876 6.20665 5.5
    endloop
  endfacet
  facet normal 0 0 1
    outer loop
      vertex 8.5 4.40192 5.5
      vertex 7.5 6.13397 5.5
      vertex 8.14805 4.22836 5.5
    endloop
  endfacet
  facet normal -0 0 1
    outer loop
      vertex 7.38268 6.07612 5.5
      vertex 8.14805 4.22836 5.5
      vertex 7.5 6.13397 5.5
    endloop
  endfacet
  facet normal 0 0 1
    outer loop
      vertex 8.14805 4.22836 5.5
      vertex 7.38268 6.07612 5.5
      vertex 7.77646 4.10222 5.5
    endloop
  endfacet
  facet normal -0 0 1
    outer loop
      vertex 7.25882 6.03407 5.5
      vertex 7.77646 4.10222 5.5
      vertex 7.38268 6.07612 5.5
    endloop
  endfacet
  facet normal 0 0 1
    outer loop
      vertex 7.77646 4.10222 5.5
      vertex 7.25882 6.03407 5.5
      vertex 7.39158 4.02567 5.5
    endloop
  endfacet
  facet normal -0 0 1
    outer loop
      vertex 7.13053 6.00855 5.5
      vertex 7.39158 4.02567 5.5
      vertex 7.25882 6.03407 5.5
    endloop
  endfacet
  facet normal -0 0 1
    outer loop
      vertex 7 6 5.5
      vertex 7.39158 4.02567 5.5
      vertex 7.13053 6.00855 5.5
    endloop
  endfacet
  facet normal 0 0 1
    outer loop
      vertex 7 6 5.5
      vertex 7 4 5.5
      vertex 7.39158 4.02567 5.5
    endloop
  endfacet
  facet normal 0 0 1
    outer loop
      vertex 6.86947 6.00855 5.5
      vertex 7 4 5.5
      vertex 7 6 5.5
    endloop
  endfacet
  facet normal 0 0 1
    outer loop
      vertex 6.60842 4.02567 5.5
      vertex 6.86947 6.00855 5.5
      vertex 6.74118 6.03407 5.5
    endloop
  endfacet
  facet normal 0 0 1
    outer loop
      vertex 6.22354 4.10222 5.5
      vertex 6.74118 6.03407 5.5
      vertex 6.61732 6.07612 5.5
    endloop
  endfacet
  facet normal 0 0 1
    outer loop
      vertex 6.86947 6.00855 5.5
      vertex 6.60842 4.02567 5.5
      vertex 7 4 5.5
    endloop
  endfacet
  facet normal 0 0 1
    outer loop
      vertex 5.85195 4.22836 5.5
      vertex 6.61732 6.07612 5.5
      vertex 6.5 6.13397 5.5
    endloop
  endfacet
  facet normal 0 0 1
    outer loop
      vertex 5.5 4.40192 5.5
      vertex 6.5 6.13397 5.5
      vertex 6.39124 6.20665 5.5
    endloop
  endfacet
  facet normal 0 0 1
    outer loop
      vertex 5.17372 4.61994 5.5
      vertex 6.39124 6.20665 5.5
      vertex 6.29289 6.29289 5.5
    endloop
  endfacet
  facet normal 0 0 1
    outer loop
      vertex 6.74118 6.03407 5.5
      vertex 6.22354 4.10222 5.5
      vertex 6.60842 4.02567 5.5
    endloop
  endfacet
  facet normal 0 0 1
    outer loop
      vertex 4.87868 4.87868 5.5
      vertex 6.29289 6.29289 5.5
      vertex 6.20665 6.39124 5.5
    endloop
  endfacet
  facet normal 0 0 1
    outer loop
      vertex 4.61994 5.17372 5.5
      vertex 6.20665 6.39124 5.5
      vertex 6.13397 6.5 5.5
    endloop
  endfacet
  facet normal 0 0 1
    outer loop
      vertex 4.40192 5.5 5.5
      vertex 6.13397 6.5 5.5
      vertex 6.07612 6.61732 5.5
    endloop
  endfacet
  facet normal 0 0 1
    outer loop
      vertex 4.22836 5.85195 5.5
      vertex 6.07612 6.61732 5.5
      vertex 6.03407 6.74118 5.5
    endloop
  endfacet
  facet normal 0 0 1
    outer loop
      vertex 4.10222 6.22354 5.5
      vertex 6.03407 6.74118 5.5
      vertex 6.00855 6.86947 5.5
    endloop
  endfacet
  facet normal 0 0 1
    outer loop
      vertex 6.61732 6.07612 5.5
      vertex 5.85195 4.22836 5.5
      vertex 6.22354 4.10222 5.5
    endloop
  endfacet
  facet normal 0 0 1
    outer loop
      vertex 4.02567 6.60842 5.5
      vertex 6.00855 6.86947 5.5
      vertex 6 7 5.5
    endloop
  endfacet
  facet normal -0 0 1
    outer loop
      vertex 4.40192 8.5 5.5
      vertex 6.13397 7.5 5.5
      vertex 4.61994 8.82628 5.5
    endloop
  endfacet
  facet normal 0 0 1
    outer loop
      vertex 6.13397 7.5 5.5
      vertex 4.40192 8.5 5.5
      vertex 6.07612 7.38268 5.5
    endloop
  endfacet
  facet normal 0 0 1
    outer loop
      vertex 6.5 6.13397 5.5
      vertex 5.5 4.40192 5.5
      vertex 5.85195 4.22836 5.5
    endloop
  endfacet
  facet normal -0 0 1
    outer loop
      vertex 4.22836 8.14805 5.5
      vertex 6.07612 7.38268 5.5
      vertex 4.40192 8.5 5.5
    endloop
  endfacet
  facet normal 0 0 1
    outer loop
      vertex 6.39124 6.20665 5.5
      vertex 5.17372 4.61994 5.5
      vertex 5.5 4.40192 5.5
    endloop
  endfacet
  facet normal 0 0 1
    outer loop
      vertex 6.07612 7.38268 5.5
      vertex 4.22836 8.14805 5.5
      vertex 6.03407 7.25882 5.5
    endloop
  endfacet
  facet normal 0 0 1
    outer loop
      vertex 6.29289 6.29289 5.5
      vertex 4.87868 4.87868 5.5
      vertex 5.17372 4.61994 5.5
    endloop
  endfacet
  facet normal -0 0 1
    outer loop
      vertex 4.10222 7.77646 5.5
      vertex 6.03407 7.25882 5.5
      vertex 4.22836 8.14805 5.5
    endloop
  endfacet
  facet normal 0 0 1
    outer loop
      vertex 6.20665 6.39124 5.5
      vertex 4.61994 5.17372 5.5
      vertex 4.87868 4.87868 5.5
    endloop
  endfacet
  facet normal 0 0 1
    outer loop
      vertex 6.03407 7.25882 5.5
      vertex 4.10222 7.77646 5.5
      vertex 6.00855 7.13053 5.5
    endloop
  endfacet
  facet normal 0 0 1
    outer loop
      vertex 6.13397 6.5 5.5
      vertex 4.40192 5.5 5.5
      vertex 4.61994 5.17372 5.5
    endloop
  endfacet
  facet normal -0 0 1
    outer loop
      vertex 4.02567 7.39158 5.5
      vertex 6.00855 7.13053 5.5
      vertex 4.10222 7.77646 5.5
    endloop
  endfacet
  facet normal 0 0 1
    outer loop
      vertex 6.07612 6.61732 5.5
      vertex 4.22836 5.85195 5.5
      vertex 4.40192 5.5 5.5
    endloop
  endfacet
  facet normal 0 0 1
    outer loop
      vertex 6.00855 7.13053 5.5
      vertex 4.02567 7.39158 5.5
      vertex 6 7 5.5
    endloop
  endfacet
  facet normal 0 0 1
    outer loop
      vertex 6.03407 6.74118 5.5
      vertex 4.10222 6.22354 5.5
      vertex 4.22836 5.85195 5.5
    endloop
  endfacet
  facet normal 0 0 1
    outer loop
      vertex 4 7 5.5
      vertex 6 7 5.5
      vertex 4.02567 7.39158 5.5
    endloop
  endfacet
  facet normal 0 0 1
    outer loop
      vertex 6.00855 6.86947 5.5
      vertex 4.02567 6.60842 5.5
      vertex 4.10222 6.22354 5.5
    endloop
  endfacet
  facet normal 0 0 1
    outer loop
      vertex 6 7 5.5
      vertex 4 7 5.5
      vertex 4.02567 6.60842 5.5
    endloop
  endfacet
  facet normal -0.321444 -0.946928 0
    outer loop
      vertex 5.85195 4.22836 2
      vertex 6.22354 4.10222 5.5
      vertex 5.85195 4.22836 5.5
    endloop
  endfacet
  facet normal -0.321444 -0.946928 -0
    outer loop
      vertex 6.22354 4.10222 5.5
      vertex 5.85195 4.22836 2
      vertex 6.22354 4.10222 2
    endloop
  endfacet
  facet normal -0.442283 -0.896875 0
    outer loop
      vertex 5.5 4.40192 2
      vertex 5.85195 4.22836 5.5
      vertex 5.5 4.40192 5.5
    endloop
  endfacet
  facet normal -0.442283 -0.896875 -0
    outer loop
      vertex 5.85195 4.22836 5.5
      vertex 5.5 4.40192 2
      vertex 5.85195 4.22836 2
    endloop
  endfacet
  facet normal -0.442233 0.8969 0
    outer loop
      vertex 63.852 9.77164 2
      vertex 63.5 9.59808 5.5
      vertex 63.852 9.77164 5.5
    endloop
  endfacet
  facet normal -0.442233 0.8969 0
    outer loop
      vertex 63.5 9.59808 5.5
      vertex 63.852 9.77164 2
      vertex 63.5 9.59808 2
    endloop
  endfacet
  facet normal 0.831485 0.555547 0
    outer loop
      vertex 67.5981 8.5 5.5
      vertex 67.3801 8.82628 2
      vertex 67.3801 8.82628 5.5
    endloop
  endfacet
  facet normal 0.831485 0.555547 0
    outer loop
      vertex 67.3801 8.82628 2
      vertex 67.5981 8.5 5.5
      vertex 67.5981 8.5 2
    endloop
  endfacet
  facet normal 0.980813 0.19495 0
    outer loop
      vertex 67.9743 7.39158 5.5
      vertex 67.8978 7.77646 2
      vertex 67.8978 7.77646 5.5
    endloop
  endfacet
  facet normal 0.980813 0.19495 0
    outer loop
      vertex 67.8978 7.77646 2
      vertex 67.9743 7.39158 5.5
      vertex 67.9743 7.39158 2
    endloop
  endfacet
  facet normal -0.195062 -0.980791 0
    outer loop
      vertex 64.2235 4.10222 2
      vertex 64.6084 4.02567 5.5
      vertex 64.2235 4.10222 5.5
    endloop
  endfacet
  facet normal -0.195062 -0.980791 -0
    outer loop
      vertex 64.6084 4.02567 5.5
      vertex 64.2235 4.10222 2
      vertex 64.6084 4.02567 2
    endloop
  endfacet
  facet normal 0.442233 -0.8969 0
    outer loop
      vertex 66.148 4.22836 2
      vertex 66.5 4.40192 5.5
      vertex 66.148 4.22836 5.5
    endloop
  endfacet
  facet normal 0.442233 -0.8969 0
    outer loop
      vertex 66.5 4.40192 5.5
      vertex 66.148 4.22836 2
      vertex 66.5 4.40192 2
    endloop
  endfacet
  facet normal 0.555558 0.831477 -0
    outer loop
      vertex 66.8263 9.38006 2
      vertex 66.5 9.59808 5.5
      vertex 66.8263 9.38006 5.5
    endloop
  endfacet
  facet normal 0.555558 0.831477 0
    outer loop
      vertex 66.5 9.59808 5.5
      vertex 66.8263 9.38006 2
      vertex 66.5 9.59808 2
    endloop
  endfacet
  facet normal 0.442233 0.8969 -0
    outer loop
      vertex 66.5 9.59808 2
      vertex 66.148 9.77164 5.5
      vertex 66.5 9.59808 5.5
    endloop
  endfacet
  facet normal 0.442233 0.8969 0
    outer loop
      vertex 66.148 9.77164 5.5
      vertex 66.5 9.59808 2
      vertex 66.148 9.77164 2
    endloop
  endfacet
  facet normal 0.659392 0.751799 -0
    outer loop
      vertex 67.1213 9.12132 2
      vertex 66.8263 9.38006 5.5
      vertex 67.1213 9.12132 5.5
    endloop
  endfacet
  facet normal 0.659392 0.751799 0
    outer loop
      vertex 66.8263 9.38006 5.5
      vertex 67.1213 9.12132 2
      vertex 66.8263 9.38006 2
    endloop
  endfacet
  facet normal 0.195062 -0.980791 0
    outer loop
      vertex 65.3916 4.02567 2
      vertex 65.7765 4.10222 5.5
      vertex 65.3916 4.02567 5.5
    endloop
  endfacet
  facet normal 0.195062 -0.980791 0
    outer loop
      vertex 65.7765 4.10222 5.5
      vertex 65.3916 4.02567 2
      vertex 65.7765 4.10222 2
    endloop
  endfacet
  facet normal -0.980813 -0.19495 0
    outer loop
      vertex 62.1022 6.22354 2
      vertex 62.0257 6.60842 5.5
      vertex 62.0257 6.60842 2
    endloop
  endfacet
  facet normal -0.980813 -0.19495 0
    outer loop
      vertex 62.0257 6.60842 5.5
      vertex 62.1022 6.22354 2
      vertex 62.1022 6.22354 5.5
    endloop
  endfacet
  facet normal 0.946882 0.321582 0
    outer loop
      vertex 67.8978 7.77646 5.5
      vertex 67.7716 8.14805 2
      vertex 67.7716 8.14805 5.5
    endloop
  endfacet
  facet normal 0.946882 0.321582 0
    outer loop
      vertex 67.7716 8.14805 2
      vertex 67.8978 7.77646 5.5
      vertex 67.8978 7.77646 2
    endloop
  endfacet
  facet normal -0.896936 -0.44216 0
    outer loop
      vertex 62.4019 5.5 2
      vertex 62.2284 5.85195 5.5
      vertex 62.2284 5.85195 2
    endloop
  endfacet
  facet normal -0.896936 -0.44216 0
    outer loop
      vertex 62.2284 5.85195 5.5
      vertex 62.4019 5.5 2
      vertex 62.4019 5.5 5.5
    endloop
  endfacet
  facet normal 0.555558 -0.831477 0
    outer loop
      vertex 66.5 4.40192 2
      vertex 66.8263 4.61994 5.5
      vertex 66.5 4.40192 5.5
    endloop
  endfacet
  facet normal 0.555558 -0.831477 0
    outer loop
      vertex 66.8263 4.61994 5.5
      vertex 66.5 4.40192 2
      vertex 66.8263 4.61994 2
    endloop
  endfacet
  facet normal 0.997853 0.0654906 0
    outer loop
      vertex 68 7 5.5
      vertex 67.9743 7.39158 2
      vertex 67.9743 7.39158 5.5
    endloop
  endfacet
  facet normal 0.997853 0.0654906 0
    outer loop
      vertex 67.9743 7.39158 2
      vertex 68 7 5.5
      vertex 68 7 2
    endloop
  endfacet
  facet normal 0.0654112 0.997858 -0
    outer loop
      vertex 65.3916 9.97433 2
      vertex 65 10 5.5
      vertex 65.3916 9.97433 5.5
    endloop
  endfacet
  facet normal 0.0654112 0.997858 0
    outer loop
      vertex 65 10 5.5
      vertex 65.3916 9.97433 2
      vertex 65 10 2
    endloop
  endfacet
  facet normal 0.831485 -0.555547 0
    outer loop
      vertex 67.3801 5.17372 5.5
      vertex 67.5981 5.5 2
      vertex 67.5981 5.5 5.5
    endloop
  endfacet
  facet normal 0.831485 -0.555547 0
    outer loop
      vertex 67.5981 5.5 2
      vertex 67.3801 5.17372 5.5
      vertex 67.3801 5.17372 2
    endloop
  endfacet
  facet normal 0.751768 0.659428 0
    outer loop
      vertex 67.3801 8.82628 5.5
      vertex 67.1213 9.12132 2
      vertex 67.1213 9.12132 5.5
    endloop
  endfacet
  facet normal 0.751768 0.659428 0
    outer loop
      vertex 67.1213 9.12132 2
      vertex 67.3801 8.82628 5.5
      vertex 67.3801 8.82628 2
    endloop
  endfacet
  facet normal 0.751768 -0.659428 0
    outer loop
      vertex 67.1213 4.87868 5.5
      vertex 67.3801 5.17372 2
      vertex 67.3801 5.17372 5.5
    endloop
  endfacet
  facet normal 0.751768 -0.659428 0
    outer loop
      vertex 67.3801 5.17372 2
      vertex 67.1213 4.87868 5.5
      vertex 67.1213 4.87868 2
    endloop
  endfacet
  facet normal -0.0654112 -0.997858 0
    outer loop
      vertex 64.6084 4.02567 2
      vertex 65 4 5.5
      vertex 64.6084 4.02567 5.5
    endloop
  endfacet
  facet normal -0.0654112 -0.997858 -0
    outer loop
      vertex 65 4 5.5
      vertex 64.6084 4.02567 2
      vertex 65 4 2
    endloop
  endfacet
  facet normal -0.946882 -0.321582 0
    outer loop
      vertex 62.2284 5.85195 2
      vertex 62.1022 6.22354 5.5
      vertex 62.1022 6.22354 2
    endloop
  endfacet
  facet normal -0.946882 -0.321582 0
    outer loop
      vertex 62.1022 6.22354 5.5
      vertex 62.2284 5.85195 2
      vertex 62.2284 5.85195 5.5
    endloop
  endfacet
  facet normal -0.997853 0.0654906 0
    outer loop
      vertex 62 7 2
      vertex 62.0257 7.39158 5.5
      vertex 62.0257 7.39158 2
    endloop
  endfacet
  facet normal -0.997853 0.0654906 0
    outer loop
      vertex 62.0257 7.39158 5.5
      vertex 62 7 2
      vertex 62 7 5.5
    endloop
  endfacet
  facet normal -0.321514 0.946905 0
    outer loop
      vertex 64.2235 9.89778 2
      vertex 63.852 9.77164 5.5
      vertex 64.2235 9.89778 5.5
    endloop
  endfacet
  facet normal -0.321514 0.946905 0
    outer loop
      vertex 63.852 9.77164 5.5
      vertex 64.2235 9.89778 2
      vertex 63.852 9.77164 2
    endloop
  endfacet
  facet normal -0.195062 0.980791 0
    outer loop
      vertex 64.6084 9.97433 2
      vertex 64.2235 9.89778 5.5
      vertex 64.6084 9.97433 5.5
    endloop
  endfacet
  facet normal -0.195062 0.980791 0
    outer loop
      vertex 64.2235 9.89778 5.5
      vertex 64.6084 9.97433 2
      vertex 64.2235 9.89778 2
    endloop
  endfacet
  facet normal -0.831485 -0.555547 0
    outer loop
      vertex 62.6199 5.17372 2
      vertex 62.4019 5.5 5.5
      vertex 62.4019 5.5 2
    endloop
  endfacet
  facet normal -0.831485 -0.555547 0
    outer loop
      vertex 62.4019 5.5 5.5
      vertex 62.6199 5.17372 2
      vertex 62.6199 5.17372 5.5
    endloop
  endfacet
  facet normal 0.659392 -0.751799 0
    outer loop
      vertex 66.8263 4.61994 2
      vertex 67.1213 4.87868 5.5
      vertex 66.8263 4.61994 5.5
    endloop
  endfacet
  facet normal 0.659392 -0.751799 0
    outer loop
      vertex 67.1213 4.87868 5.5
      vertex 66.8263 4.61994 2
      vertex 67.1213 4.87868 2
    endloop
  endfacet
  facet normal -0.751768 0.659428 0
    outer loop
      vertex 62.6199 8.82628 2
      vertex 62.8787 9.12132 5.5
      vertex 62.8787 9.12132 2
    endloop
  endfacet
  facet normal -0.751768 0.659428 0
    outer loop
      vertex 62.8787 9.12132 5.5
      vertex 62.6199 8.82628 2
      vertex 62.6199 8.82628 5.5
    endloop
  endfacet
  facet normal 0.0654112 -0.997858 0
    outer loop
      vertex 65 4 2
      vertex 65.3916 4.02567 5.5
      vertex 65 4 5.5
    endloop
  endfacet
  facet normal 0.0654112 -0.997858 0
    outer loop
      vertex 65.3916 4.02567 5.5
      vertex 65 4 2
      vertex 65.3916 4.02567 2
    endloop
  endfacet
  facet normal 0.321514 0.946905 -0
    outer loop
      vertex 66.148 9.77164 2
      vertex 65.7765 9.89778 5.5
      vertex 66.148 9.77164 5.5
    endloop
  endfacet
  facet normal 0.321514 0.946905 0
    outer loop
      vertex 65.7765 9.89778 5.5
      vertex 66.148 9.77164 2
      vertex 65.7765 9.89778 2
    endloop
  endfacet
  facet normal 0.896936 -0.44216 0
    outer loop
      vertex 67.5981 5.5 5.5
      vertex 67.7716 5.85195 2
      vertex 67.7716 5.85195 5.5
    endloop
  endfacet
  facet normal 0.896936 -0.44216 0
    outer loop
      vertex 67.7716 5.85195 2
      vertex 67.5981 5.5 5.5
      vertex 67.5981 5.5 2
    endloop
  endfacet
  facet normal 0.946882 -0.321582 0
    outer loop
      vertex 67.7716 5.85195 5.5
      vertex 67.8978 6.22354 2
      vertex 67.8978 6.22354 5.5
    endloop
  endfacet
  facet normal 0.946882 -0.321582 0
    outer loop
      vertex 67.8978 6.22354 2
      vertex 67.7716 5.85195 5.5
      vertex 67.7716 5.85195 2
    endloop
  endfacet
  facet normal -0.896936 0.44216 0
    outer loop
      vertex 62.2284 8.14805 2
      vertex 62.4019 8.5 5.5
      vertex 62.4019 8.5 2
    endloop
  endfacet
  facet normal -0.896936 0.44216 0
    outer loop
      vertex 62.4019 8.5 5.5
      vertex 62.2284 8.14805 2
      vertex 62.2284 8.14805 5.5
    endloop
  endfacet
  facet normal -0.980813 0.19495 0
    outer loop
      vertex 62.0257 7.39158 2
      vertex 62.1022 7.77646 5.5
      vertex 62.1022 7.77646 2
    endloop
  endfacet
  facet normal -0.980813 0.19495 0
    outer loop
      vertex 62.1022 7.77646 5.5
      vertex 62.0257 7.39158 2
      vertex 62.0257 7.39158 5.5
    endloop
  endfacet
  facet normal 0.896936 0.44216 0
    outer loop
      vertex 67.7716 8.14805 5.5
      vertex 67.5981 8.5 2
      vertex 67.5981 8.5 5.5
    endloop
  endfacet
  facet normal 0.896936 0.44216 0
    outer loop
      vertex 67.5981 8.5 2
      vertex 67.7716 8.14805 5.5
      vertex 67.7716 8.14805 2
    endloop
  endfacet
  facet normal 0.997853 -0.0654906 0
    outer loop
      vertex 67.9743 6.60842 5.5
      vertex 68 7 2
      vertex 68 7 5.5
    endloop
  endfacet
  facet normal 0.997853 -0.0654906 0
    outer loop
      vertex 68 7 2
      vertex 67.9743 6.60842 5.5
      vertex 67.9743 6.60842 2
    endloop
  endfacet
  facet normal -0.555558 0.831477 0
    outer loop
      vertex 63.5 9.59808 2
      vertex 63.1737 9.38006 5.5
      vertex 63.5 9.59808 5.5
    endloop
  endfacet
  facet normal -0.555558 0.831477 0
    outer loop
      vertex 63.1737 9.38006 5.5
      vertex 63.5 9.59808 2
      vertex 63.1737 9.38006 2
    endloop
  endfacet
  facet normal 0.195062 0.980791 -0
    outer loop
      vertex 65.7765 9.89778 2
      vertex 65.3916 9.97433 5.5
      vertex 65.7765 9.89778 5.5
    endloop
  endfacet
  facet normal 0.195062 0.980791 0
    outer loop
      vertex 65.3916 9.97433 5.5
      vertex 65.7765 9.89778 2
      vertex 65.3916 9.97433 2
    endloop
  endfacet
  facet normal -0.997853 -0.0654906 0
    outer loop
      vertex 62.0257 6.60842 2
      vertex 62 7 5.5
      vertex 62 7 2
    endloop
  endfacet
  facet normal -0.997853 -0.0654906 0
    outer loop
      vertex 62 7 5.5
      vertex 62.0257 6.60842 2
      vertex 62.0257 6.60842 5.5
    endloop
  endfacet
  facet normal -0.659392 -0.751799 0
    outer loop
      vertex 62.8787 4.87868 2
      vertex 63.1737 4.61994 5.5
      vertex 62.8787 4.87868 5.5
    endloop
  endfacet
  facet normal -0.659392 -0.751799 -0
    outer loop
      vertex 63.1737 4.61994 5.5
      vertex 62.8787 4.87868 2
      vertex 63.1737 4.61994 2
    endloop
  endfacet
  facet normal -0.946882 0.321582 0
    outer loop
      vertex 62.1022 7.77646 2
      vertex 62.2284 8.14805 5.5
      vertex 62.2284 8.14805 2
    endloop
  endfacet
  facet normal -0.946882 0.321582 0
    outer loop
      vertex 62.2284 8.14805 5.5
      vertex 62.1022 7.77646 2
      vertex 62.1022 7.77646 5.5
    endloop
  endfacet
  facet normal 0.980813 -0.19495 0
    outer loop
      vertex 67.8978 6.22354 5.5
      vertex 67.9743 6.60842 2
      vertex 67.9743 6.60842 5.5
    endloop
  endfacet
  facet normal 0.980813 -0.19495 0
    outer loop
      vertex 67.9743 6.60842 2
      vertex 67.8978 6.22354 5.5
      vertex 67.8978 6.22354 2
    endloop
  endfacet
  facet normal -0.831485 0.555547 0
    outer loop
      vertex 62.4019 8.5 2
      vertex 62.6199 8.82628 5.5
      vertex 62.6199 8.82628 2
    endloop
  endfacet
  facet normal -0.831485 0.555547 0
    outer loop
      vertex 62.6199 8.82628 5.5
      vertex 62.4019 8.5 2
      vertex 62.4019 8.5 5.5
    endloop
  endfacet
  facet normal -0.659392 0.751799 0
    outer loop
      vertex 63.1737 9.38006 2
      vertex 62.8787 9.12132 5.5
      vertex 63.1737 9.38006 5.5
    endloop
  endfacet
  facet normal -0.659392 0.751799 0
    outer loop
      vertex 62.8787 9.12132 5.5
      vertex 63.1737 9.38006 2
      vertex 62.8787 9.12132 2
    endloop
  endfacet
  facet normal -0.0654112 0.997858 0
    outer loop
      vertex 65 10 2
      vertex 64.6084 9.97433 5.5
      vertex 65 10 5.5
    endloop
  endfacet
  facet normal -0.0654112 0.997858 0
    outer loop
      vertex 64.6084 9.97433 5.5
      vertex 65 10 2
      vertex 64.6084 9.97433 2
    endloop
  endfacet
  facet normal 0.321514 -0.946905 0
    outer loop
      vertex 65.7765 4.10222 2
      vertex 66.148 4.22836 5.5
      vertex 65.7765 4.10222 5.5
    endloop
  endfacet
  facet normal 0.321514 -0.946905 0
    outer loop
      vertex 66.148 4.22836 5.5
      vertex 65.7765 4.10222 2
      vertex 66.148 4.22836 2
    endloop
  endfacet
  facet normal -0.555558 -0.831477 0
    outer loop
      vertex 63.1737 4.61994 2
      vertex 63.5 4.40192 5.5
      vertex 63.1737 4.61994 5.5
    endloop
  endfacet
  facet normal -0.555558 -0.831477 -0
    outer loop
      vertex 63.5 4.40192 5.5
      vertex 63.1737 4.61994 2
      vertex 63.5 4.40192 2
    endloop
  endfacet
  facet normal -0.751768 -0.659428 0
    outer loop
      vertex 62.8787 4.87868 2
      vertex 62.6199 5.17372 5.5
      vertex 62.6199 5.17372 2
    endloop
  endfacet
  facet normal -0.751768 -0.659428 0
    outer loop
      vertex 62.6199 5.17372 5.5
      vertex 62.8787 4.87868 2
      vertex 62.8787 4.87868 5.5
    endloop
  endfacet
  facet normal 0 0 1
    outer loop
      vertex 66 7 5.5
      vertex 68 7 5.5
      vertex 67.9743 7.39158 5.5
    endloop
  endfacet
  facet normal 0 0 1
    outer loop
      vertex 65.9914 7.13053 5.5
      vertex 67.9743 7.39158 5.5
      vertex 67.8978 7.77646 5.5
    endloop
  endfacet
  facet normal 0 0 1
    outer loop
      vertex 68 7 5.5
      vertex 66 7 5.5
      vertex 67.9743 6.60842 5.5
    endloop
  endfacet
  facet normal 0 0 1
    outer loop
      vertex 65.9659 7.25882 5.5
      vertex 67.8978 7.77646 5.5
      vertex 67.7716 8.14805 5.5
    endloop
  endfacet
  facet normal -0 0 1
    outer loop
      vertex 65.9914 6.86947 5.5
      vertex 67.9743 6.60842 5.5
      vertex 66 7 5.5
    endloop
  endfacet
  facet normal 0 0 1
    outer loop
      vertex 65.9239 7.38268 5.5
      vertex 67.7716 8.14805 5.5
      vertex 67.5981 8.5 5.5
    endloop
  endfacet
  facet normal 0 0 1
    outer loop
      vertex 67.9743 6.60842 5.5
      vertex 65.9914 6.86947 5.5
      vertex 67.8978 6.22354 5.5
    endloop
  endfacet
  facet normal 0 0 1
    outer loop
      vertex 65.866 7.5 5.5
      vertex 67.5981 8.5 5.5
      vertex 67.3801 8.82628 5.5
    endloop
  endfacet
  facet normal -0 0 1
    outer loop
      vertex 65.9659 6.74118 5.5
      vertex 67.8978 6.22354 5.5
      vertex 65.9914 6.86947 5.5
    endloop
  endfacet
  facet normal 0 0 1
    outer loop
      vertex 65.7934 7.60876 5.5
      vertex 67.3801 8.82628 5.5
      vertex 67.1213 9.12132 5.5
    endloop
  endfacet
  facet normal 0 0 1
    outer loop
      vertex 67.8978 6.22354 5.5
      vertex 65.9659 6.74118 5.5
      vertex 67.7716 5.85195 5.5
    endloop
  endfacet
  facet normal 0 0 1
    outer loop
      vertex 65.7071 7.70711 5.5
      vertex 67.1213 9.12132 5.5
      vertex 66.8263 9.38006 5.5
    endloop
  endfacet
  facet normal -0 0 1
    outer loop
      vertex 65.9239 6.61732 5.5
      vertex 67.7716 5.85195 5.5
      vertex 65.9659 6.74118 5.5
    endloop
  endfacet
  facet normal 0 0 1
    outer loop
      vertex 65.6088 7.79335 5.5
      vertex 66.8263 9.38006 5.5
      vertex 66.5 9.59808 5.5
    endloop
  endfacet
  facet normal 0 0 1
    outer loop
      vertex 67.7716 5.85195 5.5
      vertex 65.9239 6.61732 5.5
      vertex 67.5981 5.5 5.5
    endloop
  endfacet
  facet normal 0 0 1
    outer loop
      vertex 65.5 7.86602 5.5
      vertex 66.5 9.59808 5.5
      vertex 66.148 9.77164 5.5
    endloop
  endfacet
  facet normal -0 0 1
    outer loop
      vertex 65.866 6.5 5.5
      vertex 67.5981 5.5 5.5
      vertex 65.9239 6.61732 5.5
    endloop
  endfacet
  facet normal 0 0 1
    outer loop
      vertex 67.5981 5.5 5.5
      vertex 65.866 6.5 5.5
      vertex 67.3801 5.17372 5.5
    endloop
  endfacet
  facet normal 0 0 1
    outer loop
      vertex 67.9743 7.39158 5.5
      vertex 65.9914 7.13053 5.5
      vertex 66 7 5.5
    endloop
  endfacet
  facet normal 0 0 1
    outer loop
      vertex 67.8978 7.77646 5.5
      vertex 65.9659 7.25882 5.5
      vertex 65.9914 7.13053 5.5
    endloop
  endfacet
  facet normal 0 0 1
    outer loop
      vertex 67.7716 8.14805 5.5
      vertex 65.9239 7.38268 5.5
      vertex 65.9659 7.25882 5.5
    endloop
  endfacet
  facet normal 0 0 1
    outer loop
      vertex 67.5981 8.5 5.5
      vertex 65.866 7.5 5.5
      vertex 65.9239 7.38268 5.5
    endloop
  endfacet
  facet normal 0 0 1
    outer loop
      vertex 67.3801 8.82628 5.5
      vertex 65.7934 7.60876 5.5
      vertex 65.866 7.5 5.5
    endloop
  endfacet
  facet normal 0 0 1
    outer loop
      vertex 65.3827 7.92388 5.5
      vertex 66.148 9.77164 5.5
      vertex 65.7765 9.89778 5.5
    endloop
  endfacet
  facet normal 0 0 1
    outer loop
      vertex 67.1213 9.12132 5.5
      vertex 65.7071 7.70711 5.5
      vertex 65.7934 7.60876 5.5
    endloop
  endfacet
  facet normal 0 0 1
    outer loop
      vertex 66.8263 9.38006 5.5
      vertex 65.6088 7.79335 5.5
      vertex 65.7071 7.70711 5.5
    endloop
  endfacet
  facet normal 0 0 1
    outer loop
      vertex 66.5 9.59808 5.5
      vertex 65.5 7.86602 5.5
      vertex 65.6088 7.79335 5.5
    endloop
  endfacet
  facet normal 0 0 1
    outer loop
      vertex 65.2588 7.96593 5.5
      vertex 65.7765 9.89778 5.5
      vertex 65.3916 9.97433 5.5
    endloop
  endfacet
  facet normal 0 0 1
    outer loop
      vertex 66.148 9.77164 5.5
      vertex 65.3827 7.92388 5.5
      vertex 65.5 7.86602 5.5
    endloop
  endfacet
  facet normal 0 0 1
    outer loop
      vertex 65.7765 9.89778 5.5
      vertex 65.2588 7.96593 5.5
      vertex 65.3827 7.92388 5.5
    endloop
  endfacet
  facet normal 0 0 1
    outer loop
      vertex 65.3916 9.97433 5.5
      vertex 65.1305 7.99144 5.5
      vertex 65.2588 7.96593 5.5
    endloop
  endfacet
  facet normal 0 0 1
    outer loop
      vertex 65 10 5.5
      vertex 65.1305 7.99144 5.5
      vertex 65.3916 9.97433 5.5
    endloop
  endfacet
  facet normal 0 0 1
    outer loop
      vertex 65 10 5.5
      vertex 65 8 5.5
      vertex 65.1305 7.99144 5.5
    endloop
  endfacet
  facet normal 0 0 1
    outer loop
      vertex 65 10 5.5
      vertex 64.8695 7.99144 5.5
      vertex 65 8 5.5
    endloop
  endfacet
  facet normal -0 0 1
    outer loop
      vertex 64.6084 9.97433 5.5
      vertex 64.8695 7.99144 5.5
      vertex 65 10 5.5
    endloop
  endfacet
  facet normal 0 0 1
    outer loop
      vertex 64.8695 7.99144 5.5
      vertex 64.6084 9.97433 5.5
      vertex 64.7412 7.96593 5.5
    endloop
  endfacet
  facet normal -0 0 1
    outer loop
      vertex 64.2235 9.89778 5.5
      vertex 64.7412 7.96593 5.5
      vertex 64.6084 9.97433 5.5
    endloop
  endfacet
  facet normal 0 0 1
    outer loop
      vertex 64.7412 7.96593 5.5
      vertex 64.2235 9.89778 5.5
      vertex 64.6173 7.92388 5.5
    endloop
  endfacet
  facet normal -0 0 1
    outer loop
      vertex 63.852 9.77164 5.5
      vertex 64.6173 7.92388 5.5
      vertex 64.2235 9.89778 5.5
    endloop
  endfacet
  facet normal 0 0 1
    outer loop
      vertex 64.6173 7.92388 5.5
      vertex 63.852 9.77164 5.5
      vertex 64.5 7.86602 5.5
    endloop
  endfacet
  facet normal -0 0 1
    outer loop
      vertex 63.5 9.59808 5.5
      vertex 64.5 7.86602 5.5
      vertex 63.852 9.77164 5.5
    endloop
  endfacet
  facet normal 0 0 1
    outer loop
      vertex 64.5 7.86602 5.5
      vertex 63.5 9.59808 5.5
      vertex 64.3912 7.79335 5.5
    endloop
  endfacet
  facet normal -0 0 1
    outer loop
      vertex 63.1737 9.38006 5.5
      vertex 64.3912 7.79335 5.5
      vertex 63.5 9.59808 5.5
    endloop
  endfacet
  facet normal 0 0 1
    outer loop
      vertex 64.3912 7.79335 5.5
      vertex 63.1737 9.38006 5.5
      vertex 64.2929 7.70711 5.5
    endloop
  endfacet
  facet normal -0 0 1
    outer loop
      vertex 62.8787 9.12132 5.5
      vertex 64.2929 7.70711 5.5
      vertex 63.1737 9.38006 5.5
    endloop
  endfacet
  facet normal 0 0 1
    outer loop
      vertex 64.2929 7.70711 5.5
      vertex 62.8787 9.12132 5.5
      vertex 64.2066 7.60876 5.5
    endloop
  endfacet
  facet normal 0 0 1
    outer loop
      vertex 64.2066 7.60876 5.5
      vertex 62.6199 8.82628 5.5
      vertex 64.134 7.5 5.5
    endloop
  endfacet
  facet normal -0 0 1
    outer loop
      vertex 62.6199 8.82628 5.5
      vertex 64.2066 7.60876 5.5
      vertex 62.8787 9.12132 5.5
    endloop
  endfacet
  facet normal -0 0 1
    outer loop
      vertex 65.7934 6.39124 5.5
      vertex 67.3801 5.17372 5.5
      vertex 65.866 6.5 5.5
    endloop
  endfacet
  facet normal 0 0 1
    outer loop
      vertex 67.3801 5.17372 5.5
      vertex 65.7934 6.39124 5.5
      vertex 67.1213 4.87868 5.5
    endloop
  endfacet
  facet normal -0 0 1
    outer loop
      vertex 65.7071 6.29289 5.5
      vertex 67.1213 4.87868 5.5
      vertex 65.7934 6.39124 5.5
    endloop
  endfacet
  facet normal 0 0 1
    outer loop
      vertex 67.1213 4.87868 5.5
      vertex 65.7071 6.29289 5.5
      vertex 66.8263 4.61994 5.5
    endloop
  endfacet
  facet normal -0 0 1
    outer loop
      vertex 65.6088 6.20665 5.5
      vertex 66.8263 4.61994 5.5
      vertex 65.7071 6.29289 5.5
    endloop
  endfacet
  facet normal 0 0 1
    outer loop
      vertex 66.8263 4.61994 5.5
      vertex 65.6088 6.20665 5.5
      vertex 66.5 4.40192 5.5
    endloop
  endfacet
  facet normal -0 0 1
    outer loop
      vertex 65.5 6.13397 5.5
      vertex 66.5 4.40192 5.5
      vertex 65.6088 6.20665 5.5
    endloop
  endfacet
  facet normal 0 0 1
    outer loop
      vertex 66.5 4.40192 5.5
      vertex 65.5 6.13397 5.5
      vertex 66.148 4.22836 5.5
    endloop
  endfacet
  facet normal -0 0 1
    outer loop
      vertex 65.3827 6.07612 5.5
      vertex 66.148 4.22836 5.5
      vertex 65.5 6.13397 5.5
    endloop
  endfacet
  facet normal 0 0 1
    outer loop
      vertex 66.148 4.22836 5.5
      vertex 65.3827 6.07612 5.5
      vertex 65.7765 4.10222 5.5
    endloop
  endfacet
  facet normal -0 0 1
    outer loop
      vertex 65.2588 6.03407 5.5
      vertex 65.7765 4.10222 5.5
      vertex 65.3827 6.07612 5.5
    endloop
  endfacet
  facet normal 0 0 1
    outer loop
      vertex 65.7765 4.10222 5.5
      vertex 65.2588 6.03407 5.5
      vertex 65.3916 4.02567 5.5
    endloop
  endfacet
  facet normal -0 0 1
    outer loop
      vertex 65.1305 6.00855 5.5
      vertex 65.3916 4.02567 5.5
      vertex 65.2588 6.03407 5.5
    endloop
  endfacet
  facet normal -0 0 1
    outer loop
      vertex 65 6 5.5
      vertex 65.3916 4.02567 5.5
      vertex 65.1305 6.00855 5.5
    endloop
  endfacet
  facet normal 0 0 1
    outer loop
      vertex 65 6 5.5
      vertex 65 4 5.5
      vertex 65.3916 4.02567 5.5
    endloop
  endfacet
  facet normal 0 0 1
    outer loop
      vertex 64.8695 6.00855 5.5
      vertex 65 4 5.5
      vertex 65 6 5.5
    endloop
  endfacet
  facet normal 0 0 1
    outer loop
      vertex 64.6084 4.02567 5.5
      vertex 64.8695 6.00855 5.5
      vertex 64.7412 6.03407 5.5
    endloop
  endfacet
  facet normal 0 0 1
    outer loop
      vertex 64.2235 4.10222 5.5
      vertex 64.7412 6.03407 5.5
      vertex 64.6173 6.07612 5.5
    endloop
  endfacet
  facet normal 0 0 1
    outer loop
      vertex 64.8695 6.00855 5.5
      vertex 64.6084 4.02567 5.5
      vertex 65 4 5.5
    endloop
  endfacet
  facet normal 0 0 1
    outer loop
      vertex 63.852 4.22836 5.5
      vertex 64.6173 6.07612 5.5
      vertex 64.5 6.13397 5.5
    endloop
  endfacet
  facet normal 0 0 1
    outer loop
      vertex 63.5 4.40192 5.5
      vertex 64.5 6.13397 5.5
      vertex 64.3912 6.20665 5.5
    endloop
  endfacet
  facet normal 0 0 1
    outer loop
      vertex 63.1737 4.61994 5.5
      vertex 64.3912 6.20665 5.5
      vertex 64.2929 6.29289 5.5
    endloop
  endfacet
  facet normal 0 0 1
    outer loop
      vertex 64.7412 6.03407 5.5
      vertex 64.2235 4.10222 5.5
      vertex 64.6084 4.02567 5.5
    endloop
  endfacet
  facet normal 0 0 1
    outer loop
      vertex 62.8787 4.87868 5.5
      vertex 64.2929 6.29289 5.5
      vertex 64.2066 6.39124 5.5
    endloop
  endfacet
  facet normal 0 0 1
    outer loop
      vertex 62.6199 5.17372 5.5
      vertex 64.2066 6.39124 5.5
      vertex 64.134 6.5 5.5
    endloop
  endfacet
  facet normal 0 0 1
    outer loop
      vertex 62.4019 5.5 5.5
      vertex 64.134 6.5 5.5
      vertex 64.0761 6.61732 5.5
    endloop
  endfacet
  facet normal 0 0 1
    outer loop
      vertex 62.2284 5.85195 5.5
      vertex 64.0761 6.61732 5.5
      vertex 64.0341 6.74118 5.5
    endloop
  endfacet
  facet normal 0 0 1
    outer loop
      vertex 62.1022 6.22354 5.5
      vertex 64.0341 6.74118 5.5
      vertex 64.0086 6.86947 5.5
    endloop
  endfacet
  facet normal 0 0 1
    outer loop
      vertex 64.6173 6.07612 5.5
      vertex 63.852 4.22836 5.5
      vertex 64.2235 4.10222 5.5
    endloop
  endfacet
  facet normal 0 0 1
    outer loop
      vertex 62.0257 6.60842 5.5
      vertex 64.0086 6.86947 5.5
      vertex 64 7 5.5
    endloop
  endfacet
  facet normal -0 0 1
    outer loop
      vertex 62.4019 8.5 5.5
      vertex 64.134 7.5 5.5
      vertex 62.6199 8.82628 5.5
    endloop
  endfacet
  facet normal 0 0 1
    outer loop
      vertex 64.134 7.5 5.5
      vertex 62.4019 8.5 5.5
      vertex 64.0761 7.38268 5.5
    endloop
  endfacet
  facet normal 0 0 1
    outer loop
      vertex 64.5 6.13397 5.5
      vertex 63.5 4.40192 5.5
      vertex 63.852 4.22836 5.5
    endloop
  endfacet
  facet normal -0 0 1
    outer loop
      vertex 62.2284 8.14805 5.5
      vertex 64.0761 7.38268 5.5
      vertex 62.4019 8.5 5.5
    endloop
  endfacet
  facet normal 0 0 1
    outer loop
      vertex 64.3912 6.20665 5.5
      vertex 63.1737 4.61994 5.5
      vertex 63.5 4.40192 5.5
    endloop
  endfacet
  facet normal 0 0 1
    outer loop
      vertex 64.0761 7.38268 5.5
      vertex 62.2284 8.14805 5.5
      vertex 64.0341 7.25882 5.5
    endloop
  endfacet
  facet normal 0 0 1
    outer loop
      vertex 64.2929 6.29289 5.5
      vertex 62.8787 4.87868 5.5
      vertex 63.1737 4.61994 5.5
    endloop
  endfacet
  facet normal -0 0 1
    outer loop
      vertex 62.1022 7.77646 5.5
      vertex 64.0341 7.25882 5.5
      vertex 62.2284 8.14805 5.5
    endloop
  endfacet
  facet normal 0 0 1
    outer loop
      vertex 64.2066 6.39124 5.5
      vertex 62.6199 5.17372 5.5
      vertex 62.8787 4.87868 5.5
    endloop
  endfacet
  facet normal 0 0 1
    outer loop
      vertex 64.0341 7.25882 5.5
      vertex 62.1022 7.77646 5.5
      vertex 64.0086 7.13053 5.5
    endloop
  endfacet
  facet normal 0 0 1
    outer loop
      vertex 64.134 6.5 5.5
      vertex 62.4019 5.5 5.5
      vertex 62.6199 5.17372 5.5
    endloop
  endfacet
  facet normal -0 0 1
    outer loop
      vertex 62.0257 7.39158 5.5
      vertex 64.0086 7.13053 5.5
      vertex 62.1022 7.77646 5.5
    endloop
  endfacet
  facet normal 0 0 1
    outer loop
      vertex 64.0761 6.61732 5.5
      vertex 62.2284 5.85195 5.5
      vertex 62.4019 5.5 5.5
    endloop
  endfacet
  facet normal 0 0 1
    outer loop
      vertex 64.0086 7.13053 5.5
      vertex 62.0257 7.39158 5.5
      vertex 64 7 5.5
    endloop
  endfacet
  facet normal 0 0 1
    outer loop
      vertex 64.0341 6.74118 5.5
      vertex 62.1022 6.22354 5.5
      vertex 62.2284 5.85195 5.5
    endloop
  endfacet
  facet normal 0 0 1
    outer loop
      vertex 62 7 5.5
      vertex 64 7 5.5
      vertex 62.0257 7.39158 5.5
    endloop
  endfacet
  facet normal 0 0 1
    outer loop
      vertex 64.0086 6.86947 5.5
      vertex 62.0257 6.60842 5.5
      vertex 62.1022 6.22354 5.5
    endloop
  endfacet
  facet normal 0 0 1
    outer loop
      vertex 64 7 5.5
      vertex 62 7 5.5
      vertex 62.0257 6.60842 5.5
    endloop
  endfacet
  facet normal -0.321514 -0.946905 0
    outer loop
      vertex 63.852 4.22836 2
      vertex 64.2235 4.10222 5.5
      vertex 63.852 4.22836 5.5
    endloop
  endfacet
  facet normal -0.321514 -0.946905 -0
    outer loop
      vertex 64.2235 4.10222 5.5
      vertex 63.852 4.22836 2
      vertex 64.2235 4.10222 2
    endloop
  endfacet
  facet normal -0.442233 -0.8969 0
    outer loop
      vertex 63.5 4.40192 2
      vertex 63.852 4.22836 5.5
      vertex 63.5 4.40192 5.5
    endloop
  endfacet
  facet normal -0.442233 -0.8969 -0
    outer loop
      vertex 63.852 4.22836 5.5
      vertex 63.5 4.40192 2
      vertex 63.852 4.22836 2
    endloop
  endfacet
  facet normal -0.44216 0.896936 0
    outer loop
      vertex 5.85195 32.7716 2
      vertex 5.5 32.5981 5.5
      vertex 5.85195 32.7716 5.5
    endloop
  endfacet
  facet normal -0.44216 0.896936 0
    outer loop
      vertex 5.5 32.5981 5.5
      vertex 5.85195 32.7716 2
      vertex 5.5 32.5981 2
    endloop
  endfacet
  facet normal 0.831477 0.555558 0
    outer loop
      vertex 9.59808 31.5 5.5
      vertex 9.38006 31.8263 2
      vertex 9.38006 31.8263 5.5
    endloop
  endfacet
  facet normal 0.831477 0.555558 0
    outer loop
      vertex 9.38006 31.8263 2
      vertex 9.59808 31.5 5.5
      vertex 9.59808 31.5 2
    endloop
  endfacet
  facet normal 0.980791 0.195062 0
    outer loop
      vertex 9.97433 30.3916 5.5
      vertex 9.89778 30.7765 2
      vertex 9.89778 30.7765 5.5
    endloop
  endfacet
  facet normal 0.980791 0.195062 0
    outer loop
      vertex 9.89778 30.7765 2
      vertex 9.97433 30.3916 5.5
      vertex 9.97433 30.3916 2
    endloop
  endfacet
  facet normal -0.19495 -0.980813 0
    outer loop
      vertex 6.22354 27.1022 2
      vertex 6.60842 27.0257 5.5
      vertex 6.22354 27.1022 5.5
    endloop
  endfacet
  facet normal -0.19495 -0.980813 -0
    outer loop
      vertex 6.60842 27.0257 5.5
      vertex 6.22354 27.1022 2
      vertex 6.60842 27.0257 2
    endloop
  endfacet
  facet normal -0.0654906 0.997853 0
    outer loop
      vertex 7 33 2
      vertex 6.60842 32.9743 5.5
      vertex 7 33 5.5
    endloop
  endfacet
  facet normal -0.0654906 0.997853 0
    outer loop
      vertex 6.60842 32.9743 5.5
      vertex 7 33 2
      vertex 6.60842 32.9743 2
    endloop
  endfacet
  facet normal 0.44216 -0.896936 0
    outer loop
      vertex 8.14805 27.2284 2
      vertex 8.5 27.4019 5.5
      vertex 8.14805 27.2284 5.5
    endloop
  endfacet
  facet normal 0.44216 -0.896936 0
    outer loop
      vertex 8.5 27.4019 5.5
      vertex 8.14805 27.2284 2
      vertex 8.5 27.4019 2
    endloop
  endfacet
  facet normal 0.555547 0.831485 -0
    outer loop
      vertex 8.82628 32.3801 2
      vertex 8.5 32.5981 5.5
      vertex 8.82628 32.3801 5.5
    endloop
  endfacet
  facet normal 0.555547 0.831485 0
    outer loop
      vertex 8.5 32.5981 5.5
      vertex 8.82628 32.3801 2
      vertex 8.5 32.5981 2
    endloop
  endfacet
  facet normal 0.44216 0.896936 -0
    outer loop
      vertex 8.5 32.5981 2
      vertex 8.14805 32.7716 5.5
      vertex 8.5 32.5981 5.5
    endloop
  endfacet
  facet normal 0.44216 0.896936 0
    outer loop
      vertex 8.14805 32.7716 5.5
      vertex 8.5 32.5981 2
      vertex 8.14805 32.7716 2
    endloop
  endfacet
  facet normal 0.659428 0.751768 -0
    outer loop
      vertex 9.12132 32.1213 2
      vertex 8.82628 32.3801 5.5
      vertex 9.12132 32.1213 5.5
    endloop
  endfacet
  facet normal 0.659428 0.751768 0
    outer loop
      vertex 8.82628 32.3801 5.5
      vertex 9.12132 32.1213 2
      vertex 8.82628 32.3801 2
    endloop
  endfacet
  facet normal 0.19495 -0.980813 0
    outer loop
      vertex 7.39158 27.0257 2
      vertex 7.77646 27.1022 5.5
      vertex 7.39158 27.0257 5.5
    endloop
  endfacet
  facet normal 0.19495 -0.980813 0
    outer loop
      vertex 7.77646 27.1022 5.5
      vertex 7.39158 27.0257 2
      vertex 7.77646 27.1022 2
    endloop
  endfacet
  facet normal -0.980791 -0.195062 0
    outer loop
      vertex 4.10222 29.2235 2
      vertex 4.02567 29.6084 5.5
      vertex 4.02567 29.6084 2
    endloop
  endfacet
  facet normal -0.980791 -0.195062 0
    outer loop
      vertex 4.02567 29.6084 5.5
      vertex 4.10222 29.2235 2
      vertex 4.10222 29.2235 5.5
    endloop
  endfacet
  facet normal 0.946905 0.321514 0
    outer loop
      vertex 9.89778 30.7765 5.5
      vertex 9.77164 31.148 2
      vertex 9.77164 31.148 5.5
    endloop
  endfacet
  facet normal 0.946905 0.321514 0
    outer loop
      vertex 9.77164 31.148 2
      vertex 9.89778 30.7765 5.5
      vertex 9.89778 30.7765 2
    endloop
  endfacet
  facet normal -0.89685 -0.442334 0
    outer loop
      vertex 4.40192 28.5 2
      vertex 4.22836 28.8519 5.5
      vertex 4.22836 28.8519 2
    endloop
  endfacet
  facet normal -0.89685 -0.442334 0
    outer loop
      vertex 4.22836 28.8519 5.5
      vertex 4.40192 28.5 2
      vertex 4.40192 28.5 5.5
    endloop
  endfacet
  facet normal 0.555547 -0.831485 0
    outer loop
      vertex 8.5 27.4019 2
      vertex 8.82628 27.6199 5.5
      vertex 8.5 27.4019 5.5
    endloop
  endfacet
  facet normal 0.555547 -0.831485 0
    outer loop
      vertex 8.82628 27.6199 5.5
      vertex 8.5 27.4019 2
      vertex 8.82628 27.6199 2
    endloop
  endfacet
  facet normal 0.997858 0.0654112 0
    outer loop
      vertex 10 30 5.5
      vertex 9.97433 30.3916 2
      vertex 9.97433 30.3916 5.5
    endloop
  endfacet
  facet normal 0.997858 0.0654112 0
    outer loop
      vertex 9.97433 30.3916 2
      vertex 10 30 5.5
      vertex 10 30 2
    endloop
  endfacet
  facet normal 0.0654906 0.997853 -0
    outer loop
      vertex 7.39158 32.9743 2
      vertex 7 33 5.5
      vertex 7.39158 32.9743 5.5
    endloop
  endfacet
  facet normal 0.0654906 0.997853 0
    outer loop
      vertex 7 33 5.5
      vertex 7.39158 32.9743 2
      vertex 7 33 2
    endloop
  endfacet
  facet normal 0.831477 -0.555558 0
    outer loop
      vertex 9.38006 28.1737 5.5
      vertex 9.59808 28.5 2
      vertex 9.59808 28.5 5.5
    endloop
  endfacet
  facet normal 0.831477 -0.555558 0
    outer loop
      vertex 9.59808 28.5 2
      vertex 9.38006 28.1737 5.5
      vertex 9.38006 28.1737 2
    endloop
  endfacet
  facet normal 0.751799 0.659392 0
    outer loop
      vertex 9.38006 31.8263 5.5
      vertex 9.12132 32.1213 2
      vertex 9.12132 32.1213 5.5
    endloop
  endfacet
  facet normal 0.751799 0.659392 0
    outer loop
      vertex 9.12132 32.1213 2
      vertex 9.38006 31.8263 5.5
      vertex 9.38006 31.8263 2
    endloop
  endfacet
  facet normal 0.751799 -0.659392 0
    outer loop
      vertex 9.12132 27.8787 5.5
      vertex 9.38006 28.1737 2
      vertex 9.38006 28.1737 5.5
    endloop
  endfacet
  facet normal 0.751799 -0.659392 0
    outer loop
      vertex 9.38006 28.1737 2
      vertex 9.12132 27.8787 5.5
      vertex 9.12132 27.8787 2
    endloop
  endfacet
  facet normal -0.0654906 -0.997853 0
    outer loop
      vertex 6.60842 27.0257 2
      vertex 7 27 5.5
      vertex 6.60842 27.0257 5.5
    endloop
  endfacet
  facet normal -0.0654906 -0.997853 -0
    outer loop
      vertex 7 27 5.5
      vertex 6.60842 27.0257 2
      vertex 7 27 2
    endloop
  endfacet
  facet normal -0.946931 -0.321437 0
    outer loop
      vertex 4.22836 28.8519 2
      vertex 4.10222 29.2235 5.5
      vertex 4.10222 29.2235 2
    endloop
  endfacet
  facet normal -0.946931 -0.321437 0
    outer loop
      vertex 4.10222 29.2235 5.5
      vertex 4.22836 28.8519 2
      vertex 4.22836 28.8519 5.5
    endloop
  endfacet
  facet normal -0.997858 0.0654112 0
    outer loop
      vertex 4 30 2
      vertex 4.02567 30.3916 5.5
      vertex 4.02567 30.3916 2
    endloop
  endfacet
  facet normal -0.997858 0.0654112 0
    outer loop
      vertex 4.02567 30.3916 5.5
      vertex 4 30 2
      vertex 4 30 5.5
    endloop
  endfacet
  facet normal -0.321582 0.946882 0
    outer loop
      vertex 6.22354 32.8978 2
      vertex 5.85195 32.7716 5.5
      vertex 6.22354 32.8978 5.5
    endloop
  endfacet
  facet normal -0.321582 0.946882 0
    outer loop
      vertex 5.85195 32.7716 5.5
      vertex 6.22354 32.8978 2
      vertex 5.85195 32.7716 2
    endloop
  endfacet
  facet normal -0.19495 0.980813 0
    outer loop
      vertex 6.60842 32.9743 2
      vertex 6.22354 32.8978 5.5
      vertex 6.60842 32.9743 5.5
    endloop
  endfacet
  facet normal -0.19495 0.980813 0
    outer loop
      vertex 6.22354 32.8978 5.5
      vertex 6.60842 32.9743 2
      vertex 6.22354 32.8978 2
    endloop
  endfacet
  facet normal -0.831477 -0.555558 0
    outer loop
      vertex 4.61994 28.1737 2
      vertex 4.40192 28.5 5.5
      vertex 4.40192 28.5 2
    endloop
  endfacet
  facet normal -0.831477 -0.555558 0
    outer loop
      vertex 4.40192 28.5 5.5
      vertex 4.61994 28.1737 2
      vertex 4.61994 28.1737 5.5
    endloop
  endfacet
  facet normal 0.659428 -0.751768 0
    outer loop
      vertex 8.82628 27.6199 2
      vertex 9.12132 27.8787 5.5
      vertex 8.82628 27.6199 5.5
    endloop
  endfacet
  facet normal 0.659428 -0.751768 0
    outer loop
      vertex 9.12132 27.8787 5.5
      vertex 8.82628 27.6199 2
      vertex 9.12132 27.8787 2
    endloop
  endfacet
  facet normal -0.751799 0.659392 0
    outer loop
      vertex 4.61994 31.8263 2
      vertex 4.87868 32.1213 5.5
      vertex 4.87868 32.1213 2
    endloop
  endfacet
  facet normal -0.751799 0.659392 0
    outer loop
      vertex 4.87868 32.1213 5.5
      vertex 4.61994 31.8263 2
      vertex 4.61994 31.8263 5.5
    endloop
  endfacet
  facet normal 0.0654906 -0.997853 0
    outer loop
      vertex 7 27 2
      vertex 7.39158 27.0257 5.5
      vertex 7 27 5.5
    endloop
  endfacet
  facet normal 0.0654906 -0.997853 0
    outer loop
      vertex 7.39158 27.0257 5.5
      vertex 7 27 2
      vertex 7.39158 27.0257 2
    endloop
  endfacet
  facet normal 0.321582 0.946882 -0
    outer loop
      vertex 8.14805 32.7716 2
      vertex 7.77646 32.8978 5.5
      vertex 8.14805 32.7716 5.5
    endloop
  endfacet
  facet normal 0.321582 0.946882 0
    outer loop
      vertex 7.77646 32.8978 5.5
      vertex 8.14805 32.7716 2
      vertex 7.77646 32.8978 2
    endloop
  endfacet
  facet normal 0.89685 -0.442334 0
    outer loop
      vertex 9.59808 28.5 5.5
      vertex 9.77164 28.8519 2
      vertex 9.77164 28.8519 5.5
    endloop
  endfacet
  facet normal 0.89685 -0.442334 0
    outer loop
      vertex 9.77164 28.8519 2
      vertex 9.59808 28.5 5.5
      vertex 9.59808 28.5 2
    endloop
  endfacet
  facet normal 0.946931 -0.321437 0
    outer loop
      vertex 9.77164 28.8519 5.5
      vertex 9.89778 29.2235 2
      vertex 9.89778 29.2235 5.5
    endloop
  endfacet
  facet normal 0.946931 -0.321437 0
    outer loop
      vertex 9.89778 29.2235 2
      vertex 9.77164 28.8519 5.5
      vertex 9.77164 28.8519 2
    endloop
  endfacet
  facet normal -0.8969 0.442233 0
    outer loop
      vertex 4.22836 31.148 2
      vertex 4.40192 31.5 5.5
      vertex 4.40192 31.5 2
    endloop
  endfacet
  facet normal -0.8969 0.442233 0
    outer loop
      vertex 4.40192 31.5 5.5
      vertex 4.22836 31.148 2
      vertex 4.22836 31.148 5.5
    endloop
  endfacet
  facet normal -0.980791 0.195062 0
    outer loop
      vertex 4.02567 30.3916 2
      vertex 4.10222 30.7765 5.5
      vertex 4.10222 30.7765 2
    endloop
  endfacet
  facet normal -0.980791 0.195062 0
    outer loop
      vertex 4.10222 30.7765 5.5
      vertex 4.02567 30.3916 2
      vertex 4.02567 30.3916 5.5
    endloop
  endfacet
  facet normal 0.8969 0.442233 0
    outer loop
      vertex 9.77164 31.148 5.5
      vertex 9.59808 31.5 2
      vertex 9.59808 31.5 5.5
    endloop
  endfacet
  facet normal 0.8969 0.442233 0
    outer loop
      vertex 9.59808 31.5 2
      vertex 9.77164 31.148 5.5
      vertex 9.77164 31.148 2
    endloop
  endfacet
  facet normal 0.997858 -0.0654112 0
    outer loop
      vertex 9.97433 29.6084 5.5
      vertex 10 30 2
      vertex 10 30 5.5
    endloop
  endfacet
  facet normal 0.997858 -0.0654112 0
    outer loop
      vertex 10 30 2
      vertex 9.97433 29.6084 5.5
      vertex 9.97433 29.6084 2
    endloop
  endfacet
  facet normal -0.555547 0.831485 0
    outer loop
      vertex 5.5 32.5981 2
      vertex 5.17372 32.3801 5.5
      vertex 5.5 32.5981 5.5
    endloop
  endfacet
  facet normal -0.555547 0.831485 0
    outer loop
      vertex 5.17372 32.3801 5.5
      vertex 5.5 32.5981 2
      vertex 5.17372 32.3801 2
    endloop
  endfacet
  facet normal 0.19495 0.980813 -0
    outer loop
      vertex 7.77646 32.8978 2
      vertex 7.39158 32.9743 5.5
      vertex 7.77646 32.8978 5.5
    endloop
  endfacet
  facet normal 0.19495 0.980813 0
    outer loop
      vertex 7.39158 32.9743 5.5
      vertex 7.77646 32.8978 2
      vertex 7.39158 32.9743 2
    endloop
  endfacet
  facet normal -0.997858 -0.0654112 0
    outer loop
      vertex 4.02567 29.6084 2
      vertex 4 30 5.5
      vertex 4 30 2
    endloop
  endfacet
  facet normal -0.997858 -0.0654112 0
    outer loop
      vertex 4 30 5.5
      vertex 4.02567 29.6084 2
      vertex 4.02567 29.6084 5.5
    endloop
  endfacet
  facet normal -0.659428 -0.751768 0
    outer loop
      vertex 4.87868 27.8787 2
      vertex 5.17372 27.6199 5.5
      vertex 4.87868 27.8787 5.5
    endloop
  endfacet
  facet normal -0.659428 -0.751768 -0
    outer loop
      vertex 5.17372 27.6199 5.5
      vertex 4.87868 27.8787 2
      vertex 5.17372 27.6199 2
    endloop
  endfacet
  facet normal -0.946905 0.321514 0
    outer loop
      vertex 4.10222 30.7765 2
      vertex 4.22836 31.148 5.5
      vertex 4.22836 31.148 2
    endloop
  endfacet
  facet normal -0.946905 0.321514 0
    outer loop
      vertex 4.22836 31.148 5.5
      vertex 4.10222 30.7765 2
      vertex 4.10222 30.7765 5.5
    endloop
  endfacet
  facet normal 0.980791 -0.195062 0
    outer loop
      vertex 9.89778 29.2235 5.5
      vertex 9.97433 29.6084 2
      vertex 9.97433 29.6084 5.5
    endloop
  endfacet
  facet normal 0.980791 -0.195062 0
    outer loop
      vertex 9.97433 29.6084 2
      vertex 9.89778 29.2235 5.5
      vertex 9.89778 29.2235 2
    endloop
  endfacet
  facet normal -0.831477 0.555558 0
    outer loop
      vertex 4.40192 31.5 2
      vertex 4.61994 31.8263 5.5
      vertex 4.61994 31.8263 2
    endloop
  endfacet
  facet normal -0.831477 0.555558 0
    outer loop
      vertex 4.61994 31.8263 5.5
      vertex 4.40192 31.5 2
      vertex 4.40192 31.5 5.5
    endloop
  endfacet
  facet normal -0.659428 0.751768 0
    outer loop
      vertex 5.17372 32.3801 2
      vertex 4.87868 32.1213 5.5
      vertex 5.17372 32.3801 5.5
    endloop
  endfacet
  facet normal -0.659428 0.751768 0
    outer loop
      vertex 4.87868 32.1213 5.5
      vertex 5.17372 32.3801 2
      vertex 4.87868 32.1213 2
    endloop
  endfacet
  facet normal 0.321582 -0.946882 0
    outer loop
      vertex 7.77646 27.1022 2
      vertex 8.14805 27.2284 5.5
      vertex 7.77646 27.1022 5.5
    endloop
  endfacet
  facet normal 0.321582 -0.946882 0
    outer loop
      vertex 8.14805 27.2284 5.5
      vertex 7.77646 27.1022 2
      vertex 8.14805 27.2284 2
    endloop
  endfacet
  facet normal -0.555547 -0.831485 0
    outer loop
      vertex 5.17372 27.6199 2
      vertex 5.5 27.4019 5.5
      vertex 5.17372 27.6199 5.5
    endloop
  endfacet
  facet normal -0.555547 -0.831485 -0
    outer loop
      vertex 5.5 27.4019 5.5
      vertex 5.17372 27.6199 2
      vertex 5.5 27.4019 2
    endloop
  endfacet
  facet normal -0.751799 -0.659392 0
    outer loop
      vertex 4.87868 27.8787 2
      vertex 4.61994 28.1737 5.5
      vertex 4.61994 28.1737 2
    endloop
  endfacet
  facet normal -0.751799 -0.659392 0
    outer loop
      vertex 4.61994 28.1737 5.5
      vertex 4.87868 27.8787 2
      vertex 4.87868 27.8787 5.5
    endloop
  endfacet
  facet normal 0 0 1
    outer loop
      vertex 8 30 5.5
      vertex 10 30 5.5
      vertex 9.97433 30.3916 5.5
    endloop
  endfacet
  facet normal 0 0 1
    outer loop
      vertex 7.99144 30.1305 5.5
      vertex 9.97433 30.3916 5.5
      vertex 9.89778 30.7765 5.5
    endloop
  endfacet
  facet normal 0 0 1
    outer loop
      vertex 10 30 5.5
      vertex 8 30 5.5
      vertex 9.97433 29.6084 5.5
    endloop
  endfacet
  facet normal 0 0 1
    outer loop
      vertex 7.96593 30.2588 5.5
      vertex 9.89778 30.7765 5.5
      vertex 9.77164 31.148 5.5
    endloop
  endfacet
  facet normal -0 0 1
    outer loop
      vertex 7.99144 29.8695 5.5
      vertex 9.97433 29.6084 5.5
      vertex 8 30 5.5
    endloop
  endfacet
  facet normal 0 0 1
    outer loop
      vertex 7.92388 30.3827 5.5
      vertex 9.77164 31.148 5.5
      vertex 9.59808 31.5 5.5
    endloop
  endfacet
  facet normal 0 0 1
    outer loop
      vertex 9.97433 29.6084 5.5
      vertex 7.99144 29.8695 5.5
      vertex 9.89778 29.2235 5.5
    endloop
  endfacet
  facet normal 0 0 1
    outer loop
      vertex 7.86602 30.5 5.5
      vertex 9.59808 31.5 5.5
      vertex 9.38006 31.8263 5.5
    endloop
  endfacet
  facet normal -0 0 1
    outer loop
      vertex 7.96593 29.7412 5.5
      vertex 9.89778 29.2235 5.5
      vertex 7.99144 29.8695 5.5
    endloop
  endfacet
  facet normal 0 0 1
    outer loop
      vertex 7.79335 30.6088 5.5
      vertex 9.38006 31.8263 5.5
      vertex 9.12132 32.1213 5.5
    endloop
  endfacet
  facet normal 0 0 1
    outer loop
      vertex 9.89778 29.2235 5.5
      vertex 7.96593 29.7412 5.5
      vertex 9.77164 28.8519 5.5
    endloop
  endfacet
  facet normal 0 0 1
    outer loop
      vertex 7.70711 30.7071 5.5
      vertex 9.12132 32.1213 5.5
      vertex 8.82628 32.3801 5.5
    endloop
  endfacet
  facet normal -0 0 1
    outer loop
      vertex 7.92388 29.6173 5.5
      vertex 9.77164 28.8519 5.5
      vertex 7.96593 29.7412 5.5
    endloop
  endfacet
  facet normal 0 0 1
    outer loop
      vertex 7.60876 30.7934 5.5
      vertex 8.82628 32.3801 5.5
      vertex 8.5 32.5981 5.5
    endloop
  endfacet
  facet normal 0 0 1
    outer loop
      vertex 9.77164 28.8519 5.5
      vertex 7.92388 29.6173 5.5
      vertex 9.59808 28.5 5.5
    endloop
  endfacet
  facet normal 0 0 1
    outer loop
      vertex 7.5 30.866 5.5
      vertex 8.5 32.5981 5.5
      vertex 8.14805 32.7716 5.5
    endloop
  endfacet
  facet normal -0 0 1
    outer loop
      vertex 7.86602 29.5 5.5
      vertex 9.59808 28.5 5.5
      vertex 7.92388 29.6173 5.5
    endloop
  endfacet
  facet normal 0 0 1
    outer loop
      vertex 9.59808 28.5 5.5
      vertex 7.86602 29.5 5.5
      vertex 9.38006 28.1737 5.5
    endloop
  endfacet
  facet normal 0 0 1
    outer loop
      vertex 9.97433 30.3916 5.5
      vertex 7.99144 30.1305 5.5
      vertex 8 30 5.5
    endloop
  endfacet
  facet normal 0 0 1
    outer loop
      vertex 9.89778 30.7765 5.5
      vertex 7.96593 30.2588 5.5
      vertex 7.99144 30.1305 5.5
    endloop
  endfacet
  facet normal 0 0 1
    outer loop
      vertex 9.77164 31.148 5.5
      vertex 7.92388 30.3827 5.5
      vertex 7.96593 30.2588 5.5
    endloop
  endfacet
  facet normal 0 0 1
    outer loop
      vertex 9.59808 31.5 5.5
      vertex 7.86602 30.5 5.5
      vertex 7.92388 30.3827 5.5
    endloop
  endfacet
  facet normal 0 0 1
    outer loop
      vertex 9.38006 31.8263 5.5
      vertex 7.79335 30.6088 5.5
      vertex 7.86602 30.5 5.5
    endloop
  endfacet
  facet normal 0 0 1
    outer loop
      vertex 7.38268 30.9239 5.5
      vertex 8.14805 32.7716 5.5
      vertex 7.77646 32.8978 5.5
    endloop
  endfacet
  facet normal 0 0 1
    outer loop
      vertex 9.12132 32.1213 5.5
      vertex 7.70711 30.7071 5.5
      vertex 7.79335 30.6088 5.5
    endloop
  endfacet
  facet normal 0 0 1
    outer loop
      vertex 8.82628 32.3801 5.5
      vertex 7.60876 30.7934 5.5
      vertex 7.70711 30.7071 5.5
    endloop
  endfacet
  facet normal 0 0 1
    outer loop
      vertex 8.5 32.5981 5.5
      vertex 7.5 30.866 5.5
      vertex 7.60876 30.7934 5.5
    endloop
  endfacet
  facet normal 0 0 1
    outer loop
      vertex 7.25882 30.9659 5.5
      vertex 7.77646 32.8978 5.5
      vertex 7.39158 32.9743 5.5
    endloop
  endfacet
  facet normal 0 0 1
    outer loop
      vertex 8.14805 32.7716 5.5
      vertex 7.38268 30.9239 5.5
      vertex 7.5 30.866 5.5
    endloop
  endfacet
  facet normal 0 0 1
    outer loop
      vertex 7.77646 32.8978 5.5
      vertex 7.25882 30.9659 5.5
      vertex 7.38268 30.9239 5.5
    endloop
  endfacet
  facet normal 0 0 1
    outer loop
      vertex 7.39158 32.9743 5.5
      vertex 7.13053 30.9914 5.5
      vertex 7.25882 30.9659 5.5
    endloop
  endfacet
  facet normal 0 0 1
    outer loop
      vertex 7 33 5.5
      vertex 7.13053 30.9914 5.5
      vertex 7.39158 32.9743 5.5
    endloop
  endfacet
  facet normal 0 0 1
    outer loop
      vertex 7 33 5.5
      vertex 7 31 5.5
      vertex 7.13053 30.9914 5.5
    endloop
  endfacet
  facet normal 0 0 1
    outer loop
      vertex 7 33 5.5
      vertex 6.86947 30.9914 5.5
      vertex 7 31 5.5
    endloop
  endfacet
  facet normal -0 0 1
    outer loop
      vertex 6.60842 32.9743 5.5
      vertex 6.86947 30.9914 5.5
      vertex 7 33 5.5
    endloop
  endfacet
  facet normal 0 0 1
    outer loop
      vertex 6.86947 30.9914 5.5
      vertex 6.60842 32.9743 5.5
      vertex 6.74118 30.9659 5.5
    endloop
  endfacet
  facet normal -0 0 1
    outer loop
      vertex 6.22354 32.8978 5.5
      vertex 6.74118 30.9659 5.5
      vertex 6.60842 32.9743 5.5
    endloop
  endfacet
  facet normal 0 0 1
    outer loop
      vertex 6.74118 30.9659 5.5
      vertex 6.22354 32.8978 5.5
      vertex 6.61732 30.9239 5.5
    endloop
  endfacet
  facet normal -0 0 1
    outer loop
      vertex 5.85195 32.7716 5.5
      vertex 6.61732 30.9239 5.5
      vertex 6.22354 32.8978 5.5
    endloop
  endfacet
  facet normal 0 0 1
    outer loop
      vertex 6.61732 30.9239 5.5
      vertex 5.85195 32.7716 5.5
      vertex 6.5 30.866 5.5
    endloop
  endfacet
  facet normal -0 0 1
    outer loop
      vertex 5.5 32.5981 5.5
      vertex 6.5 30.866 5.5
      vertex 5.85195 32.7716 5.5
    endloop
  endfacet
  facet normal 0 0 1
    outer loop
      vertex 6.5 30.866 5.5
      vertex 5.5 32.5981 5.5
      vertex 6.39124 30.7934 5.5
    endloop
  endfacet
  facet normal -0 0 1
    outer loop
      vertex 5.17372 32.3801 5.5
      vertex 6.39124 30.7934 5.5
      vertex 5.5 32.5981 5.5
    endloop
  endfacet
  facet normal 0 0 1
    outer loop
      vertex 6.39124 30.7934 5.5
      vertex 5.17372 32.3801 5.5
      vertex 6.29289 30.7071 5.5
    endloop
  endfacet
  facet normal -0 0 1
    outer loop
      vertex 4.87868 32.1213 5.5
      vertex 6.29289 30.7071 5.5
      vertex 5.17372 32.3801 5.5
    endloop
  endfacet
  facet normal 0 0 1
    outer loop
      vertex 6.29289 30.7071 5.5
      vertex 4.87868 32.1213 5.5
      vertex 6.20665 30.6088 5.5
    endloop
  endfacet
  facet normal 0 0 1
    outer loop
      vertex 6.20665 30.6088 5.5
      vertex 4.61994 31.8263 5.5
      vertex 6.13397 30.5 5.5
    endloop
  endfacet
  facet normal -0 0 1
    outer loop
      vertex 4.61994 31.8263 5.5
      vertex 6.20665 30.6088 5.5
      vertex 4.87868 32.1213 5.5
    endloop
  endfacet
  facet normal -0 0 1
    outer loop
      vertex 7.79335 29.3912 5.5
      vertex 9.38006 28.1737 5.5
      vertex 7.86602 29.5 5.5
    endloop
  endfacet
  facet normal 0 0 1
    outer loop
      vertex 9.38006 28.1737 5.5
      vertex 7.79335 29.3912 5.5
      vertex 9.12132 27.8787 5.5
    endloop
  endfacet
  facet normal -0 0 1
    outer loop
      vertex 7.70711 29.2929 5.5
      vertex 9.12132 27.8787 5.5
      vertex 7.79335 29.3912 5.5
    endloop
  endfacet
  facet normal 0 0 1
    outer loop
      vertex 9.12132 27.8787 5.5
      vertex 7.70711 29.2929 5.5
      vertex 8.82628 27.6199 5.5
    endloop
  endfacet
  facet normal -0 0 1
    outer loop
      vertex 7.60876 29.2066 5.5
      vertex 8.82628 27.6199 5.5
      vertex 7.70711 29.2929 5.5
    endloop
  endfacet
  facet normal 0 0 1
    outer loop
      vertex 8.82628 27.6199 5.5
      vertex 7.60876 29.2066 5.5
      vertex 8.5 27.4019 5.5
    endloop
  endfacet
  facet normal -0 0 1
    outer loop
      vertex 7.5 29.134 5.5
      vertex 8.5 27.4019 5.5
      vertex 7.60876 29.2066 5.5
    endloop
  endfacet
  facet normal 0 0 1
    outer loop
      vertex 8.5 27.4019 5.5
      vertex 7.5 29.134 5.5
      vertex 8.14805 27.2284 5.5
    endloop
  endfacet
  facet normal -0 0 1
    outer loop
      vertex 7.38268 29.0761 5.5
      vertex 8.14805 27.2284 5.5
      vertex 7.5 29.134 5.5
    endloop
  endfacet
  facet normal 0 0 1
    outer loop
      vertex 8.14805 27.2284 5.5
      vertex 7.38268 29.0761 5.5
      vertex 7.77646 27.1022 5.5
    endloop
  endfacet
  facet normal -0 0 1
    outer loop
      vertex 7.25882 29.0341 5.5
      vertex 7.77646 27.1022 5.5
      vertex 7.38268 29.0761 5.5
    endloop
  endfacet
  facet normal 0 0 1
    outer loop
      vertex 7.77646 27.1022 5.5
      vertex 7.25882 29.0341 5.5
      vertex 7.39158 27.0257 5.5
    endloop
  endfacet
  facet normal -0 0 1
    outer loop
      vertex 7.13053 29.0086 5.5
      vertex 7.39158 27.0257 5.5
      vertex 7.25882 29.0341 5.5
    endloop
  endfacet
  facet normal -0 0 1
    outer loop
      vertex 7 29 5.5
      vertex 7.39158 27.0257 5.5
      vertex 7.13053 29.0086 5.5
    endloop
  endfacet
  facet normal 0 0 1
    outer loop
      vertex 7 29 5.5
      vertex 7 27 5.5
      vertex 7.39158 27.0257 5.5
    endloop
  endfacet
  facet normal 0 0 1
    outer loop
      vertex 6.86947 29.0086 5.5
      vertex 7 27 5.5
      vertex 7 29 5.5
    endloop
  endfacet
  facet normal 0 0 1
    outer loop
      vertex 6.60842 27.0257 5.5
      vertex 6.86947 29.0086 5.5
      vertex 6.74118 29.0341 5.5
    endloop
  endfacet
  facet normal 0 0 1
    outer loop
      vertex 6.22354 27.1022 5.5
      vertex 6.74118 29.0341 5.5
      vertex 6.61732 29.0761 5.5
    endloop
  endfacet
  facet normal 0 0 1
    outer loop
      vertex 6.86947 29.0086 5.5
      vertex 6.60842 27.0257 5.5
      vertex 7 27 5.5
    endloop
  endfacet
  facet normal 0 0 1
    outer loop
      vertex 5.85195 27.2284 5.5
      vertex 6.61732 29.0761 5.5
      vertex 6.5 29.134 5.5
    endloop
  endfacet
  facet normal 0 0 1
    outer loop
      vertex 5.5 27.4019 5.5
      vertex 6.5 29.134 5.5
      vertex 6.39124 29.2066 5.5
    endloop
  endfacet
  facet normal 0 0 1
    outer loop
      vertex 5.17372 27.6199 5.5
      vertex 6.39124 29.2066 5.5
      vertex 6.29289 29.2929 5.5
    endloop
  endfacet
  facet normal 0 0 1
    outer loop
      vertex 6.74118 29.0341 5.5
      vertex 6.22354 27.1022 5.5
      vertex 6.60842 27.0257 5.5
    endloop
  endfacet
  facet normal 0 0 1
    outer loop
      vertex 4.87868 27.8787 5.5
      vertex 6.29289 29.2929 5.5
      vertex 6.20665 29.3912 5.5
    endloop
  endfacet
  facet normal 0 0 1
    outer loop
      vertex 4.61994 28.1737 5.5
      vertex 6.20665 29.3912 5.5
      vertex 6.13397 29.5 5.5
    endloop
  endfacet
  facet normal 0 0 1
    outer loop
      vertex 4.40192 28.5 5.5
      vertex 6.13397 29.5 5.5
      vertex 6.07612 29.6173 5.5
    endloop
  endfacet
  facet normal 0 0 1
    outer loop
      vertex 4.22836 28.8519 5.5
      vertex 6.07612 29.6173 5.5
      vertex 6.03407 29.7412 5.5
    endloop
  endfacet
  facet normal 0 0 1
    outer loop
      vertex 4.10222 29.2235 5.5
      vertex 6.03407 29.7412 5.5
      vertex 6.00855 29.8695 5.5
    endloop
  endfacet
  facet normal 0 0 1
    outer loop
      vertex 6.61732 29.0761 5.5
      vertex 5.85195 27.2284 5.5
      vertex 6.22354 27.1022 5.5
    endloop
  endfacet
  facet normal 0 0 1
    outer loop
      vertex 4.02567 29.6084 5.5
      vertex 6.00855 29.8695 5.5
      vertex 6 30 5.5
    endloop
  endfacet
  facet normal -0 0 1
    outer loop
      vertex 4.40192 31.5 5.5
      vertex 6.13397 30.5 5.5
      vertex 4.61994 31.8263 5.5
    endloop
  endfacet
  facet normal 0 0 1
    outer loop
      vertex 6.13397 30.5 5.5
      vertex 4.40192 31.5 5.5
      vertex 6.07612 30.3827 5.5
    endloop
  endfacet
  facet normal 0 0 1
    outer loop
      vertex 6.5 29.134 5.5
      vertex 5.5 27.4019 5.5
      vertex 5.85195 27.2284 5.5
    endloop
  endfacet
  facet normal -0 0 1
    outer loop
      vertex 4.22836 31.148 5.5
      vertex 6.07612 30.3827 5.5
      vertex 4.40192 31.5 5.5
    endloop
  endfacet
  facet normal 0 0 1
    outer loop
      vertex 6.39124 29.2066 5.5
      vertex 5.17372 27.6199 5.5
      vertex 5.5 27.4019 5.5
    endloop
  endfacet
  facet normal 0 0 1
    outer loop
      vertex 6.07612 30.3827 5.5
      vertex 4.22836 31.148 5.5
      vertex 6.03407 30.2588 5.5
    endloop
  endfacet
  facet normal 0 0 1
    outer loop
      vertex 6.29289 29.2929 5.5
      vertex 4.87868 27.8787 5.5
      vertex 5.17372 27.6199 5.5
    endloop
  endfacet
  facet normal -0 0 1
    outer loop
      vertex 4.10222 30.7765 5.5
      vertex 6.03407 30.2588 5.5
      vertex 4.22836 31.148 5.5
    endloop
  endfacet
  facet normal 0 0 1
    outer loop
      vertex 6.20665 29.3912 5.5
      vertex 4.61994 28.1737 5.5
      vertex 4.87868 27.8787 5.5
    endloop
  endfacet
  facet normal 0 0 1
    outer loop
      vertex 6.03407 30.2588 5.5
      vertex 4.10222 30.7765 5.5
      vertex 6.00855 30.1305 5.5
    endloop
  endfacet
  facet normal 0 0 1
    outer loop
      vertex 6.13397 29.5 5.5
      vertex 4.40192 28.5 5.5
      vertex 4.61994 28.1737 5.5
    endloop
  endfacet
  facet normal -0 0 1
    outer loop
      vertex 4.02567 30.3916 5.5
      vertex 6.00855 30.1305 5.5
      vertex 4.10222 30.7765 5.5
    endloop
  endfacet
  facet normal 0 0 1
    outer loop
      vertex 6.07612 29.6173 5.5
      vertex 4.22836 28.8519 5.5
      vertex 4.40192 28.5 5.5
    endloop
  endfacet
  facet normal 0 0 1
    outer loop
      vertex 6.00855 30.1305 5.5
      vertex 4.02567 30.3916 5.5
      vertex 6 30 5.5
    endloop
  endfacet
  facet normal 0 0 1
    outer loop
      vertex 6.03407 29.7412 5.5
      vertex 4.10222 29.2235 5.5
      vertex 4.22836 28.8519 5.5
    endloop
  endfacet
  facet normal 0 0 1
    outer loop
      vertex 4 30 5.5
      vertex 6 30 5.5
      vertex 4.02567 30.3916 5.5
    endloop
  endfacet
  facet normal 0 0 1
    outer loop
      vertex 6.00855 29.8695 5.5
      vertex 4.02567 29.6084 5.5
      vertex 4.10222 29.2235 5.5
    endloop
  endfacet
  facet normal 0 0 1
    outer loop
      vertex 6 30 5.5
      vertex 4 30 5.5
      vertex 4.02567 29.6084 5.5
    endloop
  endfacet
  facet normal -0.321582 -0.946882 0
    outer loop
      vertex 5.85195 27.2284 2
      vertex 6.22354 27.1022 5.5
      vertex 5.85195 27.2284 5.5
    endloop
  endfacet
  facet normal -0.321582 -0.946882 -0
    outer loop
      vertex 6.22354 27.1022 5.5
      vertex 5.85195 27.2284 2
      vertex 6.22354 27.1022 2
    endloop
  endfacet
  facet normal -0.44216 -0.896936 0
    outer loop
      vertex 5.5 27.4019 2
      vertex 5.85195 27.2284 5.5
      vertex 5.5 27.4019 5.5
    endloop
  endfacet
  facet normal -0.44216 -0.896936 -0
    outer loop
      vertex 5.85195 27.2284 5.5
      vertex 5.5 27.4019 2
      vertex 5.85195 27.2284 2
    endloop
  endfacet
  facet normal -0.44211 0.896961 0
    outer loop
      vertex 63.852 32.7716 2
      vertex 63.5 32.5981 5.5
      vertex 63.852 32.7716 5.5
    endloop
  endfacet
  facet normal -0.44211 0.896961 0
    outer loop
      vertex 63.5 32.5981 5.5
      vertex 63.852 32.7716 2
      vertex 63.5 32.5981 2
    endloop
  endfacet
  facet normal 0.831501 0.555523 0
    outer loop
      vertex 67.5981 31.5 5.5
      vertex 67.3801 31.8263 2
      vertex 67.3801 31.8263 5.5
    endloop
  endfacet
  facet normal 0.831501 0.555523 0
    outer loop
      vertex 67.3801 31.8263 2
      vertex 67.5981 31.5 5.5
      vertex 67.5981 31.5 2
    endloop
  endfacet
  facet normal 0.980815 0.19494 0
    outer loop
      vertex 67.9743 30.3916 5.5
      vertex 67.8978 30.7765 2
      vertex 67.8978 30.7765 5.5
    endloop
  endfacet
  facet normal 0.980815 0.19494 0
    outer loop
      vertex 67.8978 30.7765 2
      vertex 67.9743 30.3916 5.5
      vertex 67.9743 30.3916 2
    endloop
  endfacet
  facet normal -0.19494 -0.980815 0
    outer loop
      vertex 64.2235 27.1022 2
      vertex 64.6084 27.0257 5.5
      vertex 64.2235 27.1022 5.5
    endloop
  endfacet
  facet normal -0.19494 -0.980815 -0
    outer loop
      vertex 64.6084 27.0257 5.5
      vertex 64.2235 27.1022 2
      vertex 64.6084 27.0257 2
    endloop
  endfacet
  facet normal -0.0654873 0.997853 0
    outer loop
      vertex 65 33 2
      vertex 64.6084 32.9743 5.5
      vertex 65 33 5.5
    endloop
  endfacet
  facet normal -0.0654873 0.997853 0
    outer loop
      vertex 64.6084 32.9743 5.5
      vertex 65 33 2
      vertex 64.6084 32.9743 2
    endloop
  endfacet
  facet normal 0.44211 -0.896961 0
    outer loop
      vertex 66.148 27.2284 2
      vertex 66.5 27.4019 5.5
      vertex 66.148 27.2284 5.5
    endloop
  endfacet
  facet normal 0.44211 -0.896961 0
    outer loop
      vertex 66.5 27.4019 5.5
      vertex 66.148 27.2284 2
      vertex 66.5 27.4019 2
    endloop
  endfacet
  facet normal 0.555523 0.831501 -0
    outer loop
      vertex 66.8263 32.3801 2
      vertex 66.5 32.5981 5.5
      vertex 66.8263 32.3801 5.5
    endloop
  endfacet
  facet normal 0.555523 0.831501 0
    outer loop
      vertex 66.5 32.5981 5.5
      vertex 66.8263 32.3801 2
      vertex 66.5 32.5981 2
    endloop
  endfacet
  facet normal 0.44211 0.896961 -0
    outer loop
      vertex 66.5 32.5981 2
      vertex 66.148 32.7716 5.5
      vertex 66.5 32.5981 5.5
    endloop
  endfacet
  facet normal 0.44211 0.896961 0
    outer loop
      vertex 66.148 32.7716 5.5
      vertex 66.5 32.5981 2
      vertex 66.148 32.7716 2
    endloop
  endfacet
  facet normal 0.659478 0.751724 -0
    outer loop
      vertex 67.1213 32.1213 2
      vertex 66.8263 32.3801 5.5
      vertex 67.1213 32.1213 5.5
    endloop
  endfacet
  facet normal 0.659478 0.751724 0
    outer loop
      vertex 66.8263 32.3801 5.5
      vertex 67.1213 32.1213 2
      vertex 66.8263 32.3801 2
    endloop
  endfacet
  facet normal 0.19494 -0.980815 0
    outer loop
      vertex 65.3916 27.0257 2
      vertex 65.7765 27.1022 5.5
      vertex 65.3916 27.0257 5.5
    endloop
  endfacet
  facet normal 0.19494 -0.980815 0
    outer loop
      vertex 65.7765 27.1022 5.5
      vertex 65.3916 27.0257 2
      vertex 65.7765 27.1022 2
    endloop
  endfacet
  facet normal -0.980815 -0.19494 0
    outer loop
      vertex 62.1022 29.2235 2
      vertex 62.0257 29.6084 5.5
      vertex 62.0257 29.6084 2
    endloop
  endfacet
  facet normal -0.980815 -0.19494 0
    outer loop
      vertex 62.0257 29.6084 5.5
      vertex 62.1022 29.2235 2
      vertex 62.1022 29.2235 5.5
    endloop
  endfacet
  facet normal 0.946858 0.321651 0
    outer loop
      vertex 67.8978 30.7765 5.5
      vertex 67.7716 31.148 2
      vertex 67.7716 31.148 5.5
    endloop
  endfacet
  facet normal 0.946858 0.321651 0
    outer loop
      vertex 67.7716 31.148 2
      vertex 67.8978 30.7765 5.5
      vertex 67.8978 30.7765 2
    endloop
  endfacet
  facet normal -0.896911 -0.442211 0
    outer loop
      vertex 62.4019 28.5 2
      vertex 62.2284 28.8519 5.5
      vertex 62.2284 28.8519 2
    endloop
  endfacet
  facet normal -0.896911 -0.442211 0
    outer loop
      vertex 62.2284 28.8519 5.5
      vertex 62.4019 28.5 2
      vertex 62.4019 28.5 5.5
    endloop
  endfacet
  facet normal 0.555523 -0.831501 0
    outer loop
      vertex 66.5 27.4019 2
      vertex 66.8263 27.6199 5.5
      vertex 66.5 27.4019 5.5
    endloop
  endfacet
  facet normal 0.555523 -0.831501 0
    outer loop
      vertex 66.8263 27.6199 5.5
      vertex 66.5 27.4019 2
      vertex 66.8263 27.6199 2
    endloop
  endfacet
  facet normal 0.997853 0.0654873 0
    outer loop
      vertex 68 30 5.5
      vertex 67.9743 30.3916 2
      vertex 67.9743 30.3916 5.5
    endloop
  endfacet
  facet normal 0.997853 0.0654873 0
    outer loop
      vertex 67.9743 30.3916 2
      vertex 68 30 5.5
      vertex 68 30 2
    endloop
  endfacet
  facet normal 0.0654873 0.997853 -0
    outer loop
      vertex 65.3916 32.9743 2
      vertex 65 33 5.5
      vertex 65.3916 32.9743 5.5
    endloop
  endfacet
  facet normal 0.0654873 0.997853 0
    outer loop
      vertex 65 33 5.5
      vertex 65.3916 32.9743 2
      vertex 65 33 2
    endloop
  endfacet
  facet normal 0.831501 -0.555523 0
    outer loop
      vertex 67.3801 28.1737 5.5
      vertex 67.5981 28.5 2
      vertex 67.5981 28.5 5.5
    endloop
  endfacet
  facet normal 0.831501 -0.555523 0
    outer loop
      vertex 67.5981 28.5 2
      vertex 67.3801 28.1737 5.5
      vertex 67.3801 28.1737 2
    endloop
  endfacet
  facet normal 0.751724 0.659478 0
    outer loop
      vertex 67.3801 31.8263 5.5
      vertex 67.1213 32.1213 2
      vertex 67.1213 32.1213 5.5
    endloop
  endfacet
  facet normal 0.751724 0.659478 0
    outer loop
      vertex 67.1213 32.1213 2
      vertex 67.3801 31.8263 5.5
      vertex 67.3801 31.8263 2
    endloop
  endfacet
  facet normal 0.751724 -0.659478 0
    outer loop
      vertex 67.1213 27.8787 5.5
      vertex 67.3801 28.1737 2
      vertex 67.3801 28.1737 5.5
    endloop
  endfacet
  facet normal 0.751724 -0.659478 0
    outer loop
      vertex 67.3801 28.1737 2
      vertex 67.1213 27.8787 5.5
      vertex 67.1213 27.8787 2
    endloop
  endfacet
  facet normal -0.0654873 -0.997853 0
    outer loop
      vertex 64.6084 27.0257 2
      vertex 65 27 5.5
      vertex 64.6084 27.0257 5.5
    endloop
  endfacet
  facet normal -0.0654873 -0.997853 -0
    outer loop
      vertex 65 27 5.5
      vertex 64.6084 27.0257 2
      vertex 65 27 2
    endloop
  endfacet
  facet normal -0.946885 -0.321574 0
    outer loop
      vertex 62.2284 28.8519 2
      vertex 62.1022 29.2235 5.5
      vertex 62.1022 29.2235 2
    endloop
  endfacet
  facet normal -0.946885 -0.321574 0
    outer loop
      vertex 62.1022 29.2235 5.5
      vertex 62.2284 28.8519 2
      vertex 62.2284 28.8519 5.5
    endloop
  endfacet
  facet normal -0.997853 0.0654873 0
    outer loop
      vertex 62 30 2
      vertex 62.0257 30.3916 5.5
      vertex 62.0257 30.3916 2
    endloop
  endfacet
  facet normal -0.997853 0.0654873 0
    outer loop
      vertex 62.0257 30.3916 5.5
      vertex 62 30 2
      vertex 62 30 5.5
    endloop
  endfacet
  facet normal -0.321651 0.946858 0
    outer loop
      vertex 64.2235 32.8978 2
      vertex 63.852 32.7716 5.5
      vertex 64.2235 32.8978 5.5
    endloop
  endfacet
  facet normal -0.321651 0.946858 0
    outer loop
      vertex 63.852 32.7716 5.5
      vertex 64.2235 32.8978 2
      vertex 63.852 32.7716 2
    endloop
  endfacet
  facet normal -0.19494 0.980815 0
    outer loop
      vertex 64.6084 32.9743 2
      vertex 64.2235 32.8978 5.5
      vertex 64.6084 32.9743 5.5
    endloop
  endfacet
  facet normal -0.19494 0.980815 0
    outer loop
      vertex 64.2235 32.8978 5.5
      vertex 64.6084 32.9743 2
      vertex 64.2235 32.8978 2
    endloop
  endfacet
  facet normal -0.831501 -0.555523 0
    outer loop
      vertex 62.6199 28.1737 2
      vertex 62.4019 28.5 5.5
      vertex 62.4019 28.5 2
    endloop
  endfacet
  facet normal -0.831501 -0.555523 0
    outer loop
      vertex 62.4019 28.5 5.5
      vertex 62.6199 28.1737 2
      vertex 62.6199 28.1737 5.5
    endloop
  endfacet
  facet normal -0.751724 0.659478 0
    outer loop
      vertex 62.6199 31.8263 2
      vertex 62.8787 32.1213 5.5
      vertex 62.8787 32.1213 2
    endloop
  endfacet
  facet normal -0.751724 0.659478 0
    outer loop
      vertex 62.8787 32.1213 5.5
      vertex 62.6199 31.8263 2
      vertex 62.6199 31.8263 5.5
    endloop
  endfacet
  facet normal 0.0654873 -0.997853 0
    outer loop
      vertex 65 27 2
      vertex 65.3916 27.0257 5.5
      vertex 65 27 5.5
    endloop
  endfacet
  facet normal 0.0654873 -0.997853 0
    outer loop
      vertex 65.3916 27.0257 5.5
      vertex 65 27 2
      vertex 65.3916 27.0257 2
    endloop
  endfacet
  facet normal 0.321651 0.946858 -0
    outer loop
      vertex 66.148 32.7716 2
      vertex 65.7765 32.8978 5.5
      vertex 66.148 32.7716 5.5
    endloop
  endfacet
  facet normal 0.321651 0.946858 0
    outer loop
      vertex 65.7765 32.8978 5.5
      vertex 66.148 32.7716 2
      vertex 65.7765 32.8978 2
    endloop
  endfacet
  facet normal 0.896911 -0.442211 0
    outer loop
      vertex 67.5981 28.5 5.5
      vertex 67.7716 28.8519 2
      vertex 67.7716 28.8519 5.5
    endloop
  endfacet
  facet normal 0.896911 -0.442211 0
    outer loop
      vertex 67.7716 28.8519 2
      vertex 67.5981 28.5 5.5
      vertex 67.5981 28.5 2
    endloop
  endfacet
  facet normal 0.946885 -0.321574 0
    outer loop
      vertex 67.7716 28.8519 5.5
      vertex 67.8978 29.2235 2
      vertex 67.8978 29.2235 5.5
    endloop
  endfacet
  facet normal 0.946885 -0.321574 0
    outer loop
      vertex 67.8978 29.2235 2
      vertex 67.7716 28.8519 5.5
      vertex 67.7716 28.8519 2
    endloop
  endfacet
  facet normal -0.896961 0.44211 0
    outer loop
      vertex 62.2284 31.148 2
      vertex 62.4019 31.5 5.5
      vertex 62.4019 31.5 2
    endloop
  endfacet
  facet normal -0.896961 0.44211 0
    outer loop
      vertex 62.4019 31.5 5.5
      vertex 62.2284 31.148 2
      vertex 62.2284 31.148 5.5
    endloop
  endfacet
  facet normal -0.980815 0.19494 0
    outer loop
      vertex 62.0257 30.3916 2
      vertex 62.1022 30.7765 5.5
      vertex 62.1022 30.7765 2
    endloop
  endfacet
  facet normal -0.980815 0.19494 0
    outer loop
      vertex 62.1022 30.7765 5.5
      vertex 62.0257 30.3916 2
      vertex 62.0257 30.3916 5.5
    endloop
  endfacet
  facet normal 0.896961 0.44211 0
    outer loop
      vertex 67.7716 31.148 5.5
      vertex 67.5981 31.5 2
      vertex 67.5981 31.5 5.5
    endloop
  endfacet
  facet normal 0.896961 0.44211 0
    outer loop
      vertex 67.5981 31.5 2
      vertex 67.7716 31.148 5.5
      vertex 67.7716 31.148 2
    endloop
  endfacet
  facet normal 0.997853 -0.0654873 0
    outer loop
      vertex 67.9743 29.6084 5.5
      vertex 68 30 2
      vertex 68 30 5.5
    endloop
  endfacet
  facet normal 0.997853 -0.0654873 0
    outer loop
      vertex 68 30 2
      vertex 67.9743 29.6084 5.5
      vertex 67.9743 29.6084 2
    endloop
  endfacet
  facet normal -0.555523 0.831501 0
    outer loop
      vertex 63.5 32.5981 2
      vertex 63.1737 32.3801 5.5
      vertex 63.5 32.5981 5.5
    endloop
  endfacet
  facet normal -0.555523 0.831501 0
    outer loop
      vertex 63.1737 32.3801 5.5
      vertex 63.5 32.5981 2
      vertex 63.1737 32.3801 2
    endloop
  endfacet
  facet normal 0.19494 0.980815 -0
    outer loop
      vertex 65.7765 32.8978 2
      vertex 65.3916 32.9743 5.5
      vertex 65.7765 32.8978 5.5
    endloop
  endfacet
  facet normal 0.19494 0.980815 0
    outer loop
      vertex 65.3916 32.9743 5.5
      vertex 65.7765 32.8978 2
      vertex 65.3916 32.9743 2
    endloop
  endfacet
  facet normal -0.997853 -0.0654873 0
    outer loop
      vertex 62.0257 29.6084 2
      vertex 62 30 5.5
      vertex 62 30 2
    endloop
  endfacet
  facet normal -0.997853 -0.0654873 0
    outer loop
      vertex 62 30 5.5
      vertex 62.0257 29.6084 2
      vertex 62.0257 29.6084 5.5
    endloop
  endfacet
  facet normal -0.659478 -0.751724 0
    outer loop
      vertex 62.8787 27.8787 2
      vertex 63.1737 27.6199 5.5
      vertex 62.8787 27.8787 5.5
    endloop
  endfacet
  facet normal -0.659478 -0.751724 -0
    outer loop
      vertex 63.1737 27.6199 5.5
      vertex 62.8787 27.8787 2
      vertex 63.1737 27.6199 2
    endloop
  endfacet
  facet normal -0.946858 0.321651 0
    outer loop
      vertex 62.1022 30.7765 2
      vertex 62.2284 31.148 5.5
      vertex 62.2284 31.148 2
    endloop
  endfacet
  facet normal -0.946858 0.321651 0
    outer loop
      vertex 62.2284 31.148 5.5
      vertex 62.1022 30.7765 2
      vertex 62.1022 30.7765 5.5
    endloop
  endfacet
  facet normal 0.980815 -0.19494 0
    outer loop
      vertex 67.8978 29.2235 5.5
      vertex 67.9743 29.6084 2
      vertex 67.9743 29.6084 5.5
    endloop
  endfacet
  facet normal 0.980815 -0.19494 0
    outer loop
      vertex 67.9743 29.6084 2
      vertex 67.8978 29.2235 5.5
      vertex 67.8978 29.2235 2
    endloop
  endfacet
  facet normal -0.831501 0.555523 0
    outer loop
      vertex 62.4019 31.5 2
      vertex 62.6199 31.8263 5.5
      vertex 62.6199 31.8263 2
    endloop
  endfacet
  facet normal -0.831501 0.555523 0
    outer loop
      vertex 62.6199 31.8263 5.5
      vertex 62.4019 31.5 2
      vertex 62.4019 31.5 5.5
    endloop
  endfacet
  facet normal -0.659478 0.751724 0
    outer loop
      vertex 63.1737 32.3801 2
      vertex 62.8787 32.1213 5.5
      vertex 63.1737 32.3801 5.5
    endloop
  endfacet
  facet normal -0.659478 0.751724 0
    outer loop
      vertex 62.8787 32.1213 5.5
      vertex 63.1737 32.3801 2
      vertex 62.8787 32.1213 2
    endloop
  endfacet
  facet normal 0.321651 -0.946858 0
    outer loop
      vertex 65.7765 27.1022 2
      vertex 66.148 27.2284 5.5
      vertex 65.7765 27.1022 5.5
    endloop
  endfacet
  facet normal 0.321651 -0.946858 0
    outer loop
      vertex 66.148 27.2284 5.5
      vertex 65.7765 27.1022 2
      vertex 66.148 27.2284 2
    endloop
  endfacet
  facet normal -0.555523 -0.831501 0
    outer loop
      vertex 63.1737 27.6199 2
      vertex 63.5 27.4019 5.5
      vertex 63.1737 27.6199 5.5
    endloop
  endfacet
  facet normal -0.555523 -0.831501 -0
    outer loop
      vertex 63.5 27.4019 5.5
      vertex 63.1737 27.6199 2
      vertex 63.5 27.4019 2
    endloop
  endfacet
  facet normal -0.751724 -0.659478 0
    outer loop
      vertex 62.8787 27.8787 2
      vertex 62.6199 28.1737 5.5
      vertex 62.6199 28.1737 2
    endloop
  endfacet
  facet normal -0.751724 -0.659478 0
    outer loop
      vertex 62.6199 28.1737 5.5
      vertex 62.8787 27.8787 2
      vertex 62.8787 27.8787 5.5
    endloop
  endfacet
  facet normal 0 0 1
    outer loop
      vertex 66 30 5.5
      vertex 68 30 5.5
      vertex 67.9743 30.3916 5.5
    endloop
  endfacet
  facet normal 0 0 1
    outer loop
      vertex 65.9914 30.1305 5.5
      vertex 67.9743 30.3916 5.5
      vertex 67.8978 30.7765 5.5
    endloop
  endfacet
  facet normal 0 0 1
    outer loop
      vertex 68 30 5.5
      vertex 66 30 5.5
      vertex 67.9743 29.6084 5.5
    endloop
  endfacet
  facet normal 0 0 1
    outer loop
      vertex 65.9659 30.2588 5.5
      vertex 67.8978 30.7765 5.5
      vertex 67.7716 31.148 5.5
    endloop
  endfacet
  facet normal -0 0 1
    outer loop
      vertex 65.9914 29.8695 5.5
      vertex 67.9743 29.6084 5.5
      vertex 66 30 5.5
    endloop
  endfacet
  facet normal 0 0 1
    outer loop
      vertex 65.9239 30.3827 5.5
      vertex 67.7716 31.148 5.5
      vertex 67.5981 31.5 5.5
    endloop
  endfacet
  facet normal 0 0 1
    outer loop
      vertex 67.9743 29.6084 5.5
      vertex 65.9914 29.8695 5.5
      vertex 67.8978 29.2235 5.5
    endloop
  endfacet
  facet normal 0 0 1
    outer loop
      vertex 65.866 30.5 5.5
      vertex 67.5981 31.5 5.5
      vertex 67.3801 31.8263 5.5
    endloop
  endfacet
  facet normal -0 0 1
    outer loop
      vertex 65.9659 29.7412 5.5
      vertex 67.8978 29.2235 5.5
      vertex 65.9914 29.8695 5.5
    endloop
  endfacet
  facet normal 0 0 1
    outer loop
      vertex 65.7934 30.6088 5.5
      vertex 67.3801 31.8263 5.5
      vertex 67.1213 32.1213 5.5
    endloop
  endfacet
  facet normal 0 0 1
    outer loop
      vertex 67.8978 29.2235 5.5
      vertex 65.9659 29.7412 5.5
      vertex 67.7716 28.8519 5.5
    endloop
  endfacet
  facet normal 0 0 1
    outer loop
      vertex 65.7071 30.7071 5.5
      vertex 67.1213 32.1213 5.5
      vertex 66.8263 32.3801 5.5
    endloop
  endfacet
  facet normal -0 0 1
    outer loop
      vertex 65.9239 29.6173 5.5
      vertex 67.7716 28.8519 5.5
      vertex 65.9659 29.7412 5.5
    endloop
  endfacet
  facet normal 0 0 1
    outer loop
      vertex 65.6088 30.7934 5.5
      vertex 66.8263 32.3801 5.5
      vertex 66.5 32.5981 5.5
    endloop
  endfacet
  facet normal 0 0 1
    outer loop
      vertex 67.7716 28.8519 5.5
      vertex 65.9239 29.6173 5.5
      vertex 67.5981 28.5 5.5
    endloop
  endfacet
  facet normal 0 0 1
    outer loop
      vertex 65.5 30.866 5.5
      vertex 66.5 32.5981 5.5
      vertex 66.148 32.7716 5.5
    endloop
  endfacet
  facet normal -0 0 1
    outer loop
      vertex 65.866 29.5 5.5
      vertex 67.5981 28.5 5.5
      vertex 65.9239 29.6173 5.5
    endloop
  endfacet
  facet normal 0 0 1
    outer loop
      vertex 67.5981 28.5 5.5
      vertex 65.866 29.5 5.5
      vertex 67.3801 28.1737 5.5
    endloop
  endfacet
  facet normal 0 0 1
    outer loop
      vertex 67.9743 30.3916 5.5
      vertex 65.9914 30.1305 5.5
      vertex 66 30 5.5
    endloop
  endfacet
  facet normal 0 0 1
    outer loop
      vertex 67.8978 30.7765 5.5
      vertex 65.9659 30.2588 5.5
      vertex 65.9914 30.1305 5.5
    endloop
  endfacet
  facet normal 0 0 1
    outer loop
      vertex 67.7716 31.148 5.5
      vertex 65.9239 30.3827 5.5
      vertex 65.9659 30.2588 5.5
    endloop
  endfacet
  facet normal 0 0 1
    outer loop
      vertex 67.5981 31.5 5.5
      vertex 65.866 30.5 5.5
      vertex 65.9239 30.3827 5.5
    endloop
  endfacet
  facet normal 0 0 1
    outer loop
      vertex 67.3801 31.8263 5.5
      vertex 65.7934 30.6088 5.5
      vertex 65.866 30.5 5.5
    endloop
  endfacet
  facet normal 0 0 1
    outer loop
      vertex 65.3827 30.9239 5.5
      vertex 66.148 32.7716 5.5
      vertex 65.7765 32.8978 5.5
    endloop
  endfacet
  facet normal 0 0 1
    outer loop
      vertex 67.1213 32.1213 5.5
      vertex 65.7071 30.7071 5.5
      vertex 65.7934 30.6088 5.5
    endloop
  endfacet
  facet normal 0 0 1
    outer loop
      vertex 66.8263 32.3801 5.5
      vertex 65.6088 30.7934 5.5
      vertex 65.7071 30.7071 5.5
    endloop
  endfacet
  facet normal 0 0 1
    outer loop
      vertex 66.5 32.5981 5.5
      vertex 65.5 30.866 5.5
      vertex 65.6088 30.7934 5.5
    endloop
  endfacet
  facet normal 0 0 1
    outer loop
      vertex 65.2588 30.9659 5.5
      vertex 65.7765 32.8978 5.5
      vertex 65.3916 32.9743 5.5
    endloop
  endfacet
  facet normal 0 0 1
    outer loop
      vertex 66.148 32.7716 5.5
      vertex 65.3827 30.9239 5.5
      vertex 65.5 30.866 5.5
    endloop
  endfacet
  facet normal 0 0 1
    outer loop
      vertex 65.7765 32.8978 5.5
      vertex 65.2588 30.9659 5.5
      vertex 65.3827 30.9239 5.5
    endloop
  endfacet
  facet normal 0 0 1
    outer loop
      vertex 65.3916 32.9743 5.5
      vertex 65.1305 30.9914 5.5
      vertex 65.2588 30.9659 5.5
    endloop
  endfacet
  facet normal 0 0 1
    outer loop
      vertex 65 33 5.5
      vertex 65.1305 30.9914 5.5
      vertex 65.3916 32.9743 5.5
    endloop
  endfacet
  facet normal 0 0 1
    outer loop
      vertex 65 33 5.5
      vertex 65 31 5.5
      vertex 65.1305 30.9914 5.5
    endloop
  endfacet
  facet normal 0 0 1
    outer loop
      vertex 65 33 5.5
      vertex 64.8695 30.9914 5.5
      vertex 65 31 5.5
    endloop
  endfacet
  facet normal -0 0 1
    outer loop
      vertex 64.6084 32.9743 5.5
      vertex 64.8695 30.9914 5.5
      vertex 65 33 5.5
    endloop
  endfacet
  facet normal 0 0 1
    outer loop
      vertex 64.8695 30.9914 5.5
      vertex 64.6084 32.9743 5.5
      vertex 64.7412 30.9659 5.5
    endloop
  endfacet
  facet normal -0 0 1
    outer loop
      vertex 64.2235 32.8978 5.5
      vertex 64.7412 30.9659 5.5
      vertex 64.6084 32.9743 5.5
    endloop
  endfacet
  facet normal 0 0 1
    outer loop
      vertex 64.7412 30.9659 5.5
      vertex 64.2235 32.8978 5.5
      vertex 64.6173 30.9239 5.5
    endloop
  endfacet
  facet normal -0 0 1
    outer loop
      vertex 63.852 32.7716 5.5
      vertex 64.6173 30.9239 5.5
      vertex 64.2235 32.8978 5.5
    endloop
  endfacet
  facet normal 0 0 1
    outer loop
      vertex 64.6173 30.9239 5.5
      vertex 63.852 32.7716 5.5
      vertex 64.5 30.866 5.5
    endloop
  endfacet
  facet normal -0 0 1
    outer loop
      vertex 63.5 32.5981 5.5
      vertex 64.5 30.866 5.5
      vertex 63.852 32.7716 5.5
    endloop
  endfacet
  facet normal 0 0 1
    outer loop
      vertex 64.5 30.866 5.5
      vertex 63.5 32.5981 5.5
      vertex 64.3912 30.7934 5.5
    endloop
  endfacet
  facet normal -0 0 1
    outer loop
      vertex 63.1737 32.3801 5.5
      vertex 64.3912 30.7934 5.5
      vertex 63.5 32.5981 5.5
    endloop
  endfacet
  facet normal 0 0 1
    outer loop
      vertex 64.3912 30.7934 5.5
      vertex 63.1737 32.3801 5.5
      vertex 64.2929 30.7071 5.5
    endloop
  endfacet
  facet normal -0 0 1
    outer loop
      vertex 62.8787 32.1213 5.5
      vertex 64.2929 30.7071 5.5
      vertex 63.1737 32.3801 5.5
    endloop
  endfacet
  facet normal 0 0 1
    outer loop
      vertex 64.2929 30.7071 5.5
      vertex 62.8787 32.1213 5.5
      vertex 64.2066 30.6088 5.5
    endloop
  endfacet
  facet normal 0 0 1
    outer loop
      vertex 64.2066 30.6088 5.5
      vertex 62.6199 31.8263 5.5
      vertex 64.134 30.5 5.5
    endloop
  endfacet
  facet normal -0 0 1
    outer loop
      vertex 62.6199 31.8263 5.5
      vertex 64.2066 30.6088 5.5
      vertex 62.8787 32.1213 5.5
    endloop
  endfacet
  facet normal -0 0 1
    outer loop
      vertex 65.7934 29.3912 5.5
      vertex 67.3801 28.1737 5.5
      vertex 65.866 29.5 5.5
    endloop
  endfacet
  facet normal 0 0 1
    outer loop
      vertex 67.3801 28.1737 5.5
      vertex 65.7934 29.3912 5.5
      vertex 67.1213 27.8787 5.5
    endloop
  endfacet
  facet normal -0 0 1
    outer loop
      vertex 65.7071 29.2929 5.5
      vertex 67.1213 27.8787 5.5
      vertex 65.7934 29.3912 5.5
    endloop
  endfacet
  facet normal 0 0 1
    outer loop
      vertex 67.1213 27.8787 5.5
      vertex 65.7071 29.2929 5.5
      vertex 66.8263 27.6199 5.5
    endloop
  endfacet
  facet normal -0 0 1
    outer loop
      vertex 65.6088 29.2066 5.5
      vertex 66.8263 27.6199 5.5
      vertex 65.7071 29.2929 5.5
    endloop
  endfacet
  facet normal 0 0 1
    outer loop
      vertex 66.8263 27.6199 5.5
      vertex 65.6088 29.2066 5.5
      vertex 66.5 27.4019 5.5
    endloop
  endfacet
  facet normal -0 0 1
    outer loop
      vertex 65.5 29.134 5.5
      vertex 66.5 27.4019 5.5
      vertex 65.6088 29.2066 5.5
    endloop
  endfacet
  facet normal 0 0 1
    outer loop
      vertex 66.5 27.4019 5.5
      vertex 65.5 29.134 5.5
      vertex 66.148 27.2284 5.5
    endloop
  endfacet
  facet normal -0 0 1
    outer loop
      vertex 65.3827 29.0761 5.5
      vertex 66.148 27.2284 5.5
      vertex 65.5 29.134 5.5
    endloop
  endfacet
  facet normal 0 0 1
    outer loop
      vertex 66.148 27.2284 5.5
      vertex 65.3827 29.0761 5.5
      vertex 65.7765 27.1022 5.5
    endloop
  endfacet
  facet normal -0 0 1
    outer loop
      vertex 65.2588 29.0341 5.5
      vertex 65.7765 27.1022 5.5
      vertex 65.3827 29.0761 5.5
    endloop
  endfacet
  facet normal 0 0 1
    outer loop
      vertex 65.7765 27.1022 5.5
      vertex 65.2588 29.0341 5.5
      vertex 65.3916 27.0257 5.5
    endloop
  endfacet
  facet normal -0 0 1
    outer loop
      vertex 65.1305 29.0086 5.5
      vertex 65.3916 27.0257 5.5
      vertex 65.2588 29.0341 5.5
    endloop
  endfacet
  facet normal -0 0 1
    outer loop
      vertex 65 29 5.5
      vertex 65.3916 27.0257 5.5
      vertex 65.1305 29.0086 5.5
    endloop
  endfacet
  facet normal 0 0 1
    outer loop
      vertex 65 29 5.5
      vertex 65 27 5.5
      vertex 65.3916 27.0257 5.5
    endloop
  endfacet
  facet normal 0 0 1
    outer loop
      vertex 64.8695 29.0086 5.5
      vertex 65 27 5.5
      vertex 65 29 5.5
    endloop
  endfacet
  facet normal 0 0 1
    outer loop
      vertex 64.6084 27.0257 5.5
      vertex 64.8695 29.0086 5.5
      vertex 64.7412 29.0341 5.5
    endloop
  endfacet
  facet normal 0 0 1
    outer loop
      vertex 64.2235 27.1022 5.5
      vertex 64.7412 29.0341 5.5
      vertex 64.6173 29.0761 5.5
    endloop
  endfacet
  facet normal 0 0 1
    outer loop
      vertex 64.8695 29.0086 5.5
      vertex 64.6084 27.0257 5.5
      vertex 65 27 5.5
    endloop
  endfacet
  facet normal 0 0 1
    outer loop
      vertex 63.852 27.2284 5.5
      vertex 64.6173 29.0761 5.5
      vertex 64.5 29.134 5.5
    endloop
  endfacet
  facet normal 0 0 1
    outer loop
      vertex 63.5 27.4019 5.5
      vertex 64.5 29.134 5.5
      vertex 64.3912 29.2066 5.5
    endloop
  endfacet
  facet normal 0 0 1
    outer loop
      vertex 63.1737 27.6199 5.5
      vertex 64.3912 29.2066 5.5
      vertex 64.2929 29.2929 5.5
    endloop
  endfacet
  facet normal 0 0 1
    outer loop
      vertex 64.7412 29.0341 5.5
      vertex 64.2235 27.1022 5.5
      vertex 64.6084 27.0257 5.5
    endloop
  endfacet
  facet normal 0 0 1
    outer loop
      vertex 62.8787 27.8787 5.5
      vertex 64.2929 29.2929 5.5
      vertex 64.2066 29.3912 5.5
    endloop
  endfacet
  facet normal 0 0 1
    outer loop
      vertex 62.6199 28.1737 5.5
      vertex 64.2066 29.3912 5.5
      vertex 64.134 29.5 5.5
    endloop
  endfacet
  facet normal 0 0 1
    outer loop
      vertex 62.4019 28.5 5.5
      vertex 64.134 29.5 5.5
      vertex 64.0761 29.6173 5.5
    endloop
  endfacet
  facet normal 0 0 1
    outer loop
      vertex 62.2284 28.8519 5.5
      vertex 64.0761 29.6173 5.5
      vertex 64.0341 29.7412 5.5
    endloop
  endfacet
  facet normal 0 0 1
    outer loop
      vertex 62.1022 29.2235 5.5
      vertex 64.0341 29.7412 5.5
      vertex 64.0086 29.8695 5.5
    endloop
  endfacet
  facet normal 0 0 1
    outer loop
      vertex 64.6173 29.0761 5.5
      vertex 63.852 27.2284 5.5
      vertex 64.2235 27.1022 5.5
    endloop
  endfacet
  facet normal 0 0 1
    outer loop
      vertex 62.0257 29.6084 5.5
      vertex 64.0086 29.8695 5.5
      vertex 64 30 5.5
    endloop
  endfacet
  facet normal -0 0 1
    outer loop
      vertex 62.4019 31.5 5.5
      vertex 64.134 30.5 5.5
      vertex 62.6199 31.8263 5.5
    endloop
  endfacet
  facet normal 0 0 1
    outer loop
      vertex 64.134 30.5 5.5
      vertex 62.4019 31.5 5.5
      vertex 64.0761 30.3827 5.5
    endloop
  endfacet
  facet normal 0 0 1
    outer loop
      vertex 64.5 29.134 5.5
      vertex 63.5 27.4019 5.5
      vertex 63.852 27.2284 5.5
    endloop
  endfacet
  facet normal -0 0 1
    outer loop
      vertex 62.2284 31.148 5.5
      vertex 64.0761 30.3827 5.5
      vertex 62.4019 31.5 5.5
    endloop
  endfacet
  facet normal 0 0 1
    outer loop
      vertex 64.3912 29.2066 5.5
      vertex 63.1737 27.6199 5.5
      vertex 63.5 27.4019 5.5
    endloop
  endfacet
  facet normal 0 0 1
    outer loop
      vertex 64.0761 30.3827 5.5
      vertex 62.2284 31.148 5.5
      vertex 64.0341 30.2588 5.5
    endloop
  endfacet
  facet normal 0 0 1
    outer loop
      vertex 64.2929 29.2929 5.5
      vertex 62.8787 27.8787 5.5
      vertex 63.1737 27.6199 5.5
    endloop
  endfacet
  facet normal -0 0 1
    outer loop
      vertex 62.1022 30.7765 5.5
      vertex 64.0341 30.2588 5.5
      vertex 62.2284 31.148 5.5
    endloop
  endfacet
  facet normal 0 0 1
    outer loop
      vertex 64.2066 29.3912 5.5
      vertex 62.6199 28.1737 5.5
      vertex 62.8787 27.8787 5.5
    endloop
  endfacet
  facet normal 0 0 1
    outer loop
      vertex 64.0341 30.2588 5.5
      vertex 62.1022 30.7765 5.5
      vertex 64.0086 30.1305 5.5
    endloop
  endfacet
  facet normal 0 0 1
    outer loop
      vertex 64.134 29.5 5.5
      vertex 62.4019 28.5 5.5
      vertex 62.6199 28.1737 5.5
    endloop
  endfacet
  facet normal -0 0 1
    outer loop
      vertex 62.0257 30.3916 5.5
      vertex 64.0086 30.1305 5.5
      vertex 62.1022 30.7765 5.5
    endloop
  endfacet
  facet normal 0 0 1
    outer loop
      vertex 64.0761 29.6173 5.5
      vertex 62.2284 28.8519 5.5
      vertex 62.4019 28.5 5.5
    endloop
  endfacet
  facet normal 0 0 1
    outer loop
      vertex 64.0086 30.1305 5.5
      vertex 62.0257 30.3916 5.5
      vertex 64 30 5.5
    endloop
  endfacet
  facet normal 0 0 1
    outer loop
      vertex 64.0341 29.7412 5.5
      vertex 62.1022 29.2235 5.5
      vertex 62.2284 28.8519 5.5
    endloop
  endfacet
  facet normal 0 0 1
    outer loop
      vertex 62 30 5.5
      vertex 64 30 5.5
      vertex 62.0257 30.3916 5.5
    endloop
  endfacet
  facet normal 0 0 1
    outer loop
      vertex 64.0086 29.8695 5.5
      vertex 62.0257 29.6084 5.5
      vertex 62.1022 29.2235 5.5
    endloop
  endfacet
  facet normal 0 0 1
    outer loop
      vertex 64 30 5.5
      vertex 62 30 5.5
      vertex 62.0257 29.6084 5.5
    endloop
  endfacet
  facet normal 0.659478 -0.751724 0
    outer loop
      vertex 66.8263 27.6199 2
      vertex 67.1213 27.8787 5.5
      vertex 66.8263 27.6199 5.5
    endloop
  endfacet
  facet normal 0.659478 -0.751724 0
    outer loop
      vertex 67.1213 27.8787 5.5
      vertex 66.8263 27.6199 2
      vertex 67.1213 27.8787 2
    endloop
  endfacet
  facet normal -0.321651 -0.946858 0
    outer loop
      vertex 63.852 27.2284 2
      vertex 64.2235 27.1022 5.5
      vertex 63.852 27.2284 5.5
    endloop
  endfacet
  facet normal -0.321651 -0.946858 -0
    outer loop
      vertex 64.2235 27.1022 5.5
      vertex 63.852 27.2284 2
      vertex 64.2235 27.1022 2
    endloop
  endfacet
  facet normal -0.44211 -0.896961 0
    outer loop
      vertex 63.5 27.4019 2
      vertex 63.852 27.2284 5.5
      vertex 63.5 27.4019 5.5
    endloop
  endfacet
  facet normal -0.44211 -0.896961 -0
    outer loop
      vertex 63.852 27.2284 5.5
      vertex 63.5 27.4019 2
      vertex 63.852 27.2284 2
    endloop
  endfacet
  facet normal 0 0 1
    outer loop
      vertex 44.061 27.4095 2.4
      vertex 36.8485 18.5 2.4
      vertex 44.9095 26.561 2.4
    endloop
  endfacet
  facet normal 0 -0 1
    outer loop
      vertex 36.8485 18.5 2.4
      vertex 44.061 27.4095 2.4
      vertex 36 19.3485 2.4
    endloop
  endfacet
  facet normal 0 0 1
    outer loop
      vertex 36.8485 18.5 2.4
      vertex 44.061 9.59045 2.4
      vertex 44.9095 10.439 2.4
    endloop
  endfacet
  facet normal 0 0 1
    outer loop
      vertex 36 17.6515 2.4
      vertex 36.8485 18.5 2.4
      vertex 36 19.3485 2.4
    endloop
  endfacet
  facet normal 0 0 1
    outer loop
      vertex 36.8485 18.5 2.4
      vertex 36 17.6515 2.4
      vertex 44.061 9.59045 2.4
    endloop
  endfacet
  facet normal 0 0 1
    outer loop
      vertex 36 19.3485 2.4
      vertex 35.1515 18.5 2.4
      vertex 36 17.6515 2.4
    endloop
  endfacet
  facet normal 0 0 1
    outer loop
      vertex 27.939 27.4095 2.4
      vertex 35.1515 18.5 2.4
      vertex 36 19.3485 2.4
    endloop
  endfacet
  facet normal 0 0 1
    outer loop
      vertex 35.1515 18.5 2.4
      vertex 27.939 27.4095 2.4
      vertex 27.0905 26.561 2.4
    endloop
  endfacet
  facet normal 0 0 1
    outer loop
      vertex 35.1515 18.5 2.4
      vertex 27.939 9.59045 2.4
      vertex 36 17.6515 2.4
    endloop
  endfacet
  facet normal 0 -0 1
    outer loop
      vertex 27.939 9.59045 2.4
      vertex 35.1515 18.5 2.4
      vertex 27.0905 10.439 2.4
    endloop
  endfacet
  facet normal -0.707107 -0.707107 0
    outer loop
      vertex 35.1515 18.5 2
      vertex 27.0905 26.561 2.4
      vertex 27.0905 26.561 2
    endloop
  endfacet
  facet normal -0.707107 -0.707107 0
    outer loop
      vertex 27.0905 26.561 2.4
      vertex 35.1515 18.5 2
      vertex 35.1515 18.5 2.4
    endloop
  endfacet
  facet normal -0.707109 -0.707105 0
    outer loop
      vertex 44.061 9.59045 2
      vertex 36 17.6515 2.4
      vertex 36 17.6515 2
    endloop
  endfacet
  facet normal -0.707109 -0.707105 0
    outer loop
      vertex 36 17.6515 2.4
      vertex 44.061 9.59045 2
      vertex 44.061 9.59045 2.4
    endloop
  endfacet
  facet normal -0.707107 0.707107 0
    outer loop
      vertex 27.0905 26.561 2
      vertex 27.939 27.4095 2.4
      vertex 27.939 27.4095 2
    endloop
  endfacet
  facet normal -0.707107 0.707107 0
    outer loop
      vertex 27.939 27.4095 2.4
      vertex 27.0905 26.561 2
      vertex 27.0905 26.561 2.4
    endloop
  endfacet
  facet normal 0.707128 -0.707086 0
    outer loop
      vertex 44.061 9.59045 2
      vertex 44.9095 10.439 2.4
      vertex 44.061 9.59045 2.4
    endloop
  endfacet
  facet normal 0.707128 -0.707086 0
    outer loop
      vertex 44.9095 10.439 2.4
      vertex 44.061 9.59045 2
      vertex 44.9095 10.439 2
    endloop
  endfacet
  facet normal 0.707107 0.707107 0
    outer loop
      vertex 36 19.3485 2.4
      vertex 27.939 27.4095 2
      vertex 27.939 27.4095 2.4
    endloop
  endfacet
  facet normal 0.707107 0.707107 0
    outer loop
      vertex 27.939 27.4095 2
      vertex 36 19.3485 2.4
      vertex 36 19.3485 2
    endloop
  endfacet
  facet normal 0.707107 0.707107 -0
    outer loop
      vertex 44.9095 10.439 2
      vertex 36.8485 18.5 2.4
      vertex 44.9095 10.439 2.4
    endloop
  endfacet
  facet normal 0.707107 0.707107 0
    outer loop
      vertex 36.8485 18.5 2.4
      vertex 44.9095 10.439 2
      vertex 36.8485 18.5 2
    endloop
  endfacet
  facet normal 0.707107 -0.707107 0
    outer loop
      vertex 36.8485 18.5 2
      vertex 44.9095 26.561 2.4
      vertex 36.8485 18.5 2.4
    endloop
  endfacet
  facet normal 0.707107 -0.707107 0
    outer loop
      vertex 44.9095 26.561 2.4
      vertex 36.8485 18.5 2
      vertex 44.9095 26.561 2
    endloop
  endfacet
  facet normal 0.707109 -0.707105 0
    outer loop
      vertex 27.939 9.59045 2.4
      vertex 36 17.6515 2
      vertex 36 17.6515 2.4
    endloop
  endfacet
  facet normal 0.707109 -0.707105 0
    outer loop
      vertex 36 17.6515 2
      vertex 27.939 9.59045 2.4
      vertex 27.939 9.59045 2
    endloop
  endfacet
  facet normal -0.707107 0.707107 0
    outer loop
      vertex 36 19.3485 2
      vertex 44.061 27.4095 2.4
      vertex 44.061 27.4095 2
    endloop
  endfacet
  facet normal -0.707107 0.707107 0
    outer loop
      vertex 44.061 27.4095 2.4
      vertex 36 19.3485 2
      vertex 36 19.3485 2.4
    endloop
  endfacet
  facet normal -0.707107 0.707107 0
    outer loop
      vertex 27.0905 10.439 2
      vertex 35.1515 18.5 2.4
      vertex 35.1515 18.5 2
    endloop
  endfacet
  facet normal -0.707107 0.707107 0
    outer loop
      vertex 35.1515 18.5 2.4
      vertex 27.0905 10.439 2
      vertex 27.0905 10.439 2.4
    endloop
  endfacet
  facet normal 0.707107 0.707107 0
    outer loop
      vertex 44.9095 26.561 2.4
      vertex 44.061 27.4095 2
      vertex 44.061 27.4095 2.4
    endloop
  endfacet
  facet normal 0.707107 0.707107 0
    outer loop
      vertex 44.061 27.4095 2
      vertex 44.9095 26.561 2.4
      vertex 44.9095 26.561 2
    endloop
  endfacet
  facet normal -0.707128 -0.707086 0
    outer loop
      vertex 27.939 9.59045 2
      vertex 27.0905 10.439 2.4
      vertex 27.0905 10.439 2
    endloop
  endfacet
  facet normal -0.707128 -0.707086 0
    outer loop
      vertex 27.0905 10.439 2.4
      vertex 27.939 9.59045 2
      vertex 27.939 9.59045 2.4
    endloop
  endfacet
  facet normal -0.75188 0.6593 0
    outer loop
      vertex 7.70711 6.29289 1.9
      vertex 7.79335 6.39124 5.5
      vertex 7.79335 6.39124 1.9
    endloop
  endfacet
  facet normal -0.75188 0.6593 0
    outer loop
      vertex 7.79335 6.39124 5.5
      vertex 7.70711 6.29289 1.9
      vertex 7.70711 6.29289 5.5
    endloop
  endfacet
  facet normal 0.946918 -0.321475 0
    outer loop
      vertex 6.03407 7.25882 5.5
      vertex 6.07612 7.38268 1.9
      vertex 6.07612 7.38268 5.5
    endloop
  endfacet
  facet normal 0.946918 -0.321475 0
    outer loop
      vertex 6.07612 7.38268 1.9
      vertex 6.03407 7.25882 5.5
      vertex 6.03407 7.25882 1.9
    endloop
  endfacet
  facet normal -0.89686 -0.442314 0
    outer loop
      vertex 7.92388 7.38268 1.9
      vertex 7.86602 7.5 5.5
      vertex 7.86602 7.5 1.9
    endloop
  endfacet
  facet normal -0.89686 -0.442314 0
    outer loop
      vertex 7.86602 7.5 5.5
      vertex 7.92388 7.38268 1.9
      vertex 7.92388 7.38268 5.5
    endloop
  endfacet
  facet normal -0.831474 -0.555564 0
    outer loop
      vertex 7.86602 7.5 1.9
      vertex 7.79335 7.60876 5.5
      vertex 7.79335 7.60876 1.9
    endloop
  endfacet
  facet normal -0.831474 -0.555564 0
    outer loop
      vertex 7.79335 7.60876 5.5
      vertex 7.86602 7.5 1.9
      vertex 7.86602 7.5 5.5
    endloop
  endfacet
  facet normal -0.980798 -0.195028 0
    outer loop
      vertex 7.99144 7.13053 1.9
      vertex 7.96593 7.25882 5.5
      vertex 7.96593 7.25882 1.9
    endloop
  endfacet
  facet normal -0.980798 -0.195028 0
    outer loop
      vertex 7.96593 7.25882 5.5
      vertex 7.99144 7.13053 1.9
      vertex 7.99144 7.13053 5.5
    endloop
  endfacet
  facet normal 0.195102 0.980783 -0
    outer loop
      vertex 6.86947 6.00855 1.9
      vertex 6.74118 6.03407 5.5
      vertex 6.86947 6.00855 5.5
    endloop
  endfacet
  facet normal 0.195102 0.980783 0
    outer loop
      vertex 6.74118 6.03407 5.5
      vertex 6.86947 6.00855 1.9
      vertex 6.74118 6.03407 1.9
    endloop
  endfacet
  facet normal 0 0 1
    outer loop
      vertex 7.99144 7.13053 1.9
      vertex 7.99144 6.86947 1.9
      vertex 8 7 1.9
    endloop
  endfacet
  facet normal 0 0 1
    outer loop
      vertex 7.96593 7.25882 1.9
      vertex 7.99144 6.86947 1.9
      vertex 7.99144 7.13053 1.9
    endloop
  endfacet
  facet normal 0 0 1
    outer loop
      vertex 7.96593 7.25882 1.9
      vertex 7.96593 6.74118 1.9
      vertex 7.99144 6.86947 1.9
    endloop
  endfacet
  facet normal 0 0 1
    outer loop
      vertex 7.92388 7.38268 1.9
      vertex 7.96593 6.74118 1.9
      vertex 7.96593 7.25882 1.9
    endloop
  endfacet
  facet normal 0 0 1
    outer loop
      vertex 7.92388 7.38268 1.9
      vertex 7.92388 6.61732 1.9
      vertex 7.96593 6.74118 1.9
    endloop
  endfacet
  facet normal 0 0 1
    outer loop
      vertex 7.86602 7.5 1.9
      vertex 7.92388 6.61732 1.9
      vertex 7.92388 7.38268 1.9
    endloop
  endfacet
  facet normal 0 0 1
    outer loop
      vertex 7.86602 7.5 1.9
      vertex 7.86602 6.5 1.9
      vertex 7.92388 6.61732 1.9
    endloop
  endfacet
  facet normal 0 0 1
    outer loop
      vertex 7.79335 7.60876 1.9
      vertex 7.86602 6.5 1.9
      vertex 7.86602 7.5 1.9
    endloop
  endfacet
  facet normal 0 0 1
    outer loop
      vertex 7.79335 7.60876 1.9
      vertex 7.79335 6.39124 1.9
      vertex 7.86602 6.5 1.9
    endloop
  endfacet
  facet normal 0 0 1
    outer loop
      vertex 7.70711 7.70711 1.9
      vertex 7.79335 6.39124 1.9
      vertex 7.79335 7.60876 1.9
    endloop
  endfacet
  facet normal 0 0 1
    outer loop
      vertex 7.70711 7.70711 1.9
      vertex 7.70711 6.29289 1.9
      vertex 7.79335 6.39124 1.9
    endloop
  endfacet
  facet normal 0 0 1
    outer loop
      vertex 7.60876 7.79335 1.9
      vertex 7.70711 6.29289 1.9
      vertex 7.70711 7.70711 1.9
    endloop
  endfacet
  facet normal 0 0 1
    outer loop
      vertex 7.60876 7.79335 1.9
      vertex 7.60876 6.20665 1.9
      vertex 7.70711 6.29289 1.9
    endloop
  endfacet
  facet normal 0 0 1
    outer loop
      vertex 7.5 7.86602 1.9
      vertex 7.60876 6.20665 1.9
      vertex 7.60876 7.79335 1.9
    endloop
  endfacet
  facet normal 0 0 1
    outer loop
      vertex 7.5 7.86602 1.9
      vertex 7.5 6.13397 1.9
      vertex 7.60876 6.20665 1.9
    endloop
  endfacet
  facet normal 0 0 1
    outer loop
      vertex 7.38268 7.92388 1.9
      vertex 7.5 6.13397 1.9
      vertex 7.5 7.86602 1.9
    endloop
  endfacet
  facet normal 0 0 1
    outer loop
      vertex 7.38268 7.92388 1.9
      vertex 7.38268 6.07612 1.9
      vertex 7.5 6.13397 1.9
    endloop
  endfacet
  facet normal 0 0 1
    outer loop
      vertex 7.25882 7.96593 1.9
      vertex 7.38268 6.07612 1.9
      vertex 7.38268 7.92388 1.9
    endloop
  endfacet
  facet normal 0 0 1
    outer loop
      vertex 7.25882 7.96593 1.9
      vertex 7.25882 6.03407 1.9
      vertex 7.38268 6.07612 1.9
    endloop
  endfacet
  facet normal 0 0 1
    outer loop
      vertex 7.13053 7.99144 1.9
      vertex 7.25882 6.03407 1.9
      vertex 7.25882 7.96593 1.9
    endloop
  endfacet
  facet normal 0 0 1
    outer loop
      vertex 7.13053 7.99144 1.9
      vertex 7.13053 6.00855 1.9
      vertex 7.25882 6.03407 1.9
    endloop
  endfacet
  facet normal 0 0 1
    outer loop
      vertex 7 8 1.9
      vertex 7.13053 6.00855 1.9
      vertex 7.13053 7.99144 1.9
    endloop
  endfacet
  facet normal 0 0 1
    outer loop
      vertex 7 8 1.9
      vertex 7 6 1.9
      vertex 7.13053 6.00855 1.9
    endloop
  endfacet
  facet normal -0 0 1
    outer loop
      vertex 6.86947 7.99144 1.9
      vertex 7 6 1.9
      vertex 7 8 1.9
    endloop
  endfacet
  facet normal 0 0 1
    outer loop
      vertex 6.86947 7.99144 1.9
      vertex 6.86947 6.00855 1.9
      vertex 7 6 1.9
    endloop
  endfacet
  facet normal -0 0 1
    outer loop
      vertex 6.74118 7.96593 1.9
      vertex 6.86947 6.00855 1.9
      vertex 6.86947 7.99144 1.9
    endloop
  endfacet
  facet normal 0 0 1
    outer loop
      vertex 6.74118 7.96593 1.9
      vertex 6.74118 6.03407 1.9
      vertex 6.86947 6.00855 1.9
    endloop
  endfacet
  facet normal -0 0 1
    outer loop
      vertex 6.61732 7.92388 1.9
      vertex 6.74118 6.03407 1.9
      vertex 6.74118 7.96593 1.9
    endloop
  endfacet
  facet normal 0 0 1
    outer loop
      vertex 6.61732 7.92388 1.9
      vertex 6.61732 6.07612 1.9
      vertex 6.74118 6.03407 1.9
    endloop
  endfacet
  facet normal -0 0 1
    outer loop
      vertex 6.5 7.86602 1.9
      vertex 6.61732 6.07612 1.9
      vertex 6.61732 7.92388 1.9
    endloop
  endfacet
  facet normal 0 0 1
    outer loop
      vertex 6.5 7.86602 1.9
      vertex 6.5 6.13397 1.9
      vertex 6.61732 6.07612 1.9
    endloop
  endfacet
  facet normal -0 0 1
    outer loop
      vertex 6.39124 7.79335 1.9
      vertex 6.5 6.13397 1.9
      vertex 6.5 7.86602 1.9
    endloop
  endfacet
  facet normal 0 0 1
    outer loop
      vertex 6.39124 7.79335 1.9
      vertex 6.39124 6.20665 1.9
      vertex 6.5 6.13397 1.9
    endloop
  endfacet
  facet normal -0 0 1
    outer loop
      vertex 6.29289 7.70711 1.9
      vertex 6.39124 6.20665 1.9
      vertex 6.39124 7.79335 1.9
    endloop
  endfacet
  facet normal 0 0 1
    outer loop
      vertex 6.29289 7.70711 1.9
      vertex 6.29289 6.29289 1.9
      vertex 6.39124 6.20665 1.9
    endloop
  endfacet
  facet normal -0 0 1
    outer loop
      vertex 6.20665 7.60876 1.9
      vertex 6.29289 6.29289 1.9
      vertex 6.29289 7.70711 1.9
    endloop
  endfacet
  facet normal 0 0 1
    outer loop
      vertex 6.20665 7.60876 1.9
      vertex 6.20665 6.39124 1.9
      vertex 6.29289 6.29289 1.9
    endloop
  endfacet
  facet normal -0 0 1
    outer loop
      vertex 6.13397 7.5 1.9
      vertex 6.20665 6.39124 1.9
      vertex 6.20665 7.60876 1.9
    endloop
  endfacet
  facet normal 0 0 1
    outer loop
      vertex 6.13397 7.5 1.9
      vertex 6.13397 6.5 1.9
      vertex 6.20665 6.39124 1.9
    endloop
  endfacet
  facet normal -0 0 1
    outer loop
      vertex 6.07612 7.38268 1.9
      vertex 6.13397 6.5 1.9
      vertex 6.13397 7.5 1.9
    endloop
  endfacet
  facet normal 0 0 1
    outer loop
      vertex 6.07612 7.38268 1.9
      vertex 6.07612 6.61732 1.9
      vertex 6.13397 6.5 1.9
    endloop
  endfacet
  facet normal -0 0 1
    outer loop
      vertex 6.03407 7.25882 1.9
      vertex 6.07612 6.61732 1.9
      vertex 6.07612 7.38268 1.9
    endloop
  endfacet
  facet normal 0 0 1
    outer loop
      vertex 6.03407 7.25882 1.9
      vertex 6.03407 6.74118 1.9
      vertex 6.07612 6.61732 1.9
    endloop
  endfacet
  facet normal -0 0 1
    outer loop
      vertex 6.00855 7.13053 1.9
      vertex 6.03407 6.74118 1.9
      vertex 6.03407 7.25882 1.9
    endloop
  endfacet
  facet normal 0 0 1
    outer loop
      vertex 6.00855 7.13053 1.9
      vertex 6.00855 6.86947 1.9
      vertex 6.03407 6.74118 1.9
    endloop
  endfacet
  facet normal 0 -0 1
    outer loop
      vertex 6.00855 6.86947 1.9
      vertex 6.00855 7.13053 1.9
      vertex 6 7 1.9
    endloop
  endfacet
  facet normal -0.6593 -0.75188 0
    outer loop
      vertex 7.60876 7.79335 1.9
      vertex 7.70711 7.70711 5.5
      vertex 7.60876 7.79335 5.5
    endloop
  endfacet
  facet normal -0.6593 -0.75188 -0
    outer loop
      vertex 7.70711 7.70711 5.5
      vertex 7.60876 7.79335 1.9
      vertex 7.70711 7.70711 1.9
    endloop
  endfacet
  facet normal -0.831474 0.555564 0
    outer loop
      vertex 7.79335 6.39124 1.9
      vertex 7.86602 6.5 5.5
      vertex 7.86602 6.5 1.9
    endloop
  endfacet
  facet normal -0.831474 0.555564 0
    outer loop
      vertex 7.86602 6.5 5.5
      vertex 7.79335 6.39124 1.9
      vertex 7.79335 6.39124 5.5
    endloop
  endfacet
  facet normal 0.75188 -0.6593 0
    outer loop
      vertex 6.20665 7.60876 5.5
      vertex 6.29289 7.70711 1.9
      vertex 6.29289 7.70711 5.5
    endloop
  endfacet
  facet normal 0.75188 -0.6593 0
    outer loop
      vertex 6.29289 7.70711 1.9
      vertex 6.20665 7.60876 5.5
      vertex 6.20665 7.60876 1.9
    endloop
  endfacet
  facet normal -0.195102 0.980783 0
    outer loop
      vertex 7.25882 6.03407 1.9
      vertex 7.13053 6.00855 5.5
      vertex 7.25882 6.03407 5.5
    endloop
  endfacet
  facet normal -0.195102 0.980783 0
    outer loop
      vertex 7.13053 6.00855 5.5
      vertex 7.25882 6.03407 1.9
      vertex 7.13053 6.00855 1.9
    endloop
  endfacet
  facet normal 0.980783 0.195102 0
    outer loop
      vertex 6.03407 6.74118 5.5
      vertex 6.00855 6.86947 1.9
      vertex 6.00855 6.86947 5.5
    endloop
  endfacet
  facet normal 0.980783 0.195102 0
    outer loop
      vertex 6.00855 6.86947 1.9
      vertex 6.03407 6.74118 5.5
      vertex 6.03407 6.74118 1.9
    endloop
  endfacet
  facet normal 0.89689 0.442253 0
    outer loop
      vertex 6.13397 6.5 5.5
      vertex 6.07612 6.61732 1.9
      vertex 6.07612 6.61732 5.5
    endloop
  endfacet
  facet normal 0.89689 0.442253 0
    outer loop
      vertex 6.07612 6.61732 1.9
      vertex 6.13397 6.5 5.5
      vertex 6.13397 6.5 1.9
    endloop
  endfacet
  facet normal -0.997857 -0.0654382 0
    outer loop
      vertex 8 7 1.9
      vertex 7.99144 7.13053 5.5
      vertex 7.99144 7.13053 1.9
    endloop
  endfacet
  facet normal -0.997857 -0.0654382 0
    outer loop
      vertex 7.99144 7.13053 5.5
      vertex 8 7 1.9
      vertex 8 7 5.5
    endloop
  endfacet
  facet normal 0.980783 -0.195102 0
    outer loop
      vertex 6.00855 7.13053 5.5
      vertex 6.03407 7.25882 1.9
      vertex 6.03407 7.25882 5.5
    endloop
  endfacet
  facet normal 0.980783 -0.195102 0
    outer loop
      vertex 6.03407 7.25882 1.9
      vertex 6.00855 7.13053 5.5
      vertex 6.00855 7.13053 1.9
    endloop
  endfacet
  facet normal 0.831438 0.555617 0
    outer loop
      vertex 6.20665 6.39124 5.5
      vertex 6.13397 6.5 1.9
      vertex 6.13397 6.5 5.5
    endloop
  endfacet
  facet normal 0.831438 0.555617 0
    outer loop
      vertex 6.13397 6.5 1.9
      vertex 6.20665 6.39124 5.5
      vertex 6.20665 6.39124 1.9
    endloop
  endfacet
  facet normal 0.195028 -0.980798 0
    outer loop
      vertex 6.74118 7.96593 1.9
      vertex 6.86947 7.99144 5.5
      vertex 6.74118 7.96593 5.5
    endloop
  endfacet
  facet normal 0.195028 -0.980798 0
    outer loop
      vertex 6.86947 7.99144 5.5
      vertex 6.74118 7.96593 1.9
      vertex 6.86947 7.99144 1.9
    endloop
  endfacet
  facet normal 0.0653621 0.997862 -0
    outer loop
      vertex 7 6 1.9
      vertex 6.86947 6.00855 5.5
      vertex 7 6 5.5
    endloop
  endfacet
  facet normal 0.0653621 0.997862 0
    outer loop
      vertex 6.86947 6.00855 5.5
      vertex 7 6 1.9
      vertex 6.86947 6.00855 1.9
    endloop
  endfacet
  facet normal -0.0654382 -0.997857 0
    outer loop
      vertex 7 8 1.9
      vertex 7.13053 7.99144 5.5
      vertex 7 8 5.5
    endloop
  endfacet
  facet normal -0.0654382 -0.997857 -0
    outer loop
      vertex 7.13053 7.99144 5.5
      vertex 7 8 1.9
      vertex 7.13053 7.99144 1.9
    endloop
  endfacet
  facet normal -0.89686 0.442314 0
    outer loop
      vertex 7.86602 6.5 1.9
      vertex 7.92388 6.61732 5.5
      vertex 7.92388 6.61732 1.9
    endloop
  endfacet
  facet normal -0.89686 0.442314 0
    outer loop
      vertex 7.92388 6.61732 5.5
      vertex 7.86602 6.5 1.9
      vertex 7.86602 6.5 5.5
    endloop
  endfacet
  facet normal 0.321475 -0.946918 0
    outer loop
      vertex 6.61732 7.92388 1.9
      vertex 6.74118 7.96593 5.5
      vertex 6.61732 7.92388 5.5
    endloop
  endfacet
  facet normal 0.321475 -0.946918 0
    outer loop
      vertex 6.74118 7.96593 5.5
      vertex 6.61732 7.92388 1.9
      vertex 6.74118 7.96593 1.9
    endloop
  endfacet
  facet normal -0.75188 -0.6593 0
    outer loop
      vertex 7.79335 7.60876 1.9
      vertex 7.70711 7.70711 5.5
      vertex 7.70711 7.70711 1.9
    endloop
  endfacet
  facet normal -0.75188 -0.6593 0
    outer loop
      vertex 7.70711 7.70711 5.5
      vertex 7.79335 7.60876 1.9
      vertex 7.79335 7.60876 5.5
    endloop
  endfacet
  facet normal -0.321475 -0.946918 0
    outer loop
      vertex 7.25882 7.96593 1.9
      vertex 7.38268 7.92388 5.5
      vertex 7.25882 7.96593 5.5
    endloop
  endfacet
  facet normal -0.321475 -0.946918 -0
    outer loop
      vertex 7.38268 7.92388 5.5
      vertex 7.25882 7.96593 1.9
      vertex 7.38268 7.92388 1.9
    endloop
  endfacet
  facet normal -0.0653621 0.997862 0
    outer loop
      vertex 7.13053 6.00855 1.9
      vertex 7 6 5.5
      vertex 7.13053 6.00855 5.5
    endloop
  endfacet
  facet normal -0.0653621 0.997862 0
    outer loop
      vertex 7 6 5.5
      vertex 7.13053 6.00855 1.9
      vertex 7 6 1.9
    endloop
  endfacet
  facet normal -0.555617 0.831438 0
    outer loop
      vertex 7.60876 6.20665 1.9
      vertex 7.5 6.13397 5.5
      vertex 7.60876 6.20665 5.5
    endloop
  endfacet
  facet normal -0.555617 0.831438 0
    outer loop
      vertex 7.5 6.13397 5.5
      vertex 7.60876 6.20665 1.9
      vertex 7.5 6.13397 1.9
    endloop
  endfacet
  facet normal -0.442314 -0.89686 0
    outer loop
      vertex 7.38268 7.92388 1.9
      vertex 7.5 7.86602 5.5
      vertex 7.38268 7.92388 5.5
    endloop
  endfacet
  facet normal -0.442314 -0.89686 -0
    outer loop
      vertex 7.5 7.86602 5.5
      vertex 7.38268 7.92388 1.9
      vertex 7.5 7.86602 1.9
    endloop
  endfacet
  facet normal -0.555564 -0.831474 0
    outer loop
      vertex 7.5 7.86602 1.9
      vertex 7.60876 7.79335 5.5
      vertex 7.5 7.86602 5.5
    endloop
  endfacet
  facet normal -0.555564 -0.831474 -0
    outer loop
      vertex 7.60876 7.79335 5.5
      vertex 7.5 7.86602 1.9
      vertex 7.60876 7.79335 1.9
    endloop
  endfacet
  facet normal 0.946918 0.321475 0
    outer loop
      vertex 6.07612 6.61732 5.5
      vertex 6.03407 6.74118 1.9
      vertex 6.03407 6.74118 5.5
    endloop
  endfacet
  facet normal 0.946918 0.321475 0
    outer loop
      vertex 6.03407 6.74118 1.9
      vertex 6.07612 6.61732 5.5
      vertex 6.07612 6.61732 1.9
    endloop
  endfacet
  facet normal 0.89689 -0.442253 0
    outer loop
      vertex 6.07612 7.38268 5.5
      vertex 6.13397 7.5 1.9
      vertex 6.13397 7.5 5.5
    endloop
  endfacet
  facet normal 0.89689 -0.442253 0
    outer loop
      vertex 6.13397 7.5 1.9
      vertex 6.07612 7.38268 5.5
      vertex 6.07612 7.38268 1.9
    endloop
  endfacet
  facet normal -0.946918 -0.321475 0
    outer loop
      vertex 7.96593 7.25882 1.9
      vertex 7.92388 7.38268 5.5
      vertex 7.92388 7.38268 1.9
    endloop
  endfacet
  facet normal -0.946918 -0.321475 0
    outer loop
      vertex 7.92388 7.38268 5.5
      vertex 7.96593 7.25882 1.9
      vertex 7.96593 7.25882 5.5
    endloop
  endfacet
  facet normal 0.997862 -0.0653621 0
    outer loop
      vertex 6 7 5.5
      vertex 6.00855 7.13053 1.9
      vertex 6.00855 7.13053 5.5
    endloop
  endfacet
  facet normal 0.997862 -0.0653621 0
    outer loop
      vertex 6.00855 7.13053 1.9
      vertex 6 7 5.5
      vertex 6 7 1.9
    endloop
  endfacet
  facet normal -0.442253 0.89689 0
    outer loop
      vertex 7.5 6.13397 1.9
      vertex 7.38268 6.07612 5.5
      vertex 7.5 6.13397 5.5
    endloop
  endfacet
  facet normal -0.442253 0.89689 0
    outer loop
      vertex 7.38268 6.07612 5.5
      vertex 7.5 6.13397 1.9
      vertex 7.38268 6.07612 1.9
    endloop
  endfacet
  facet normal 0.442314 -0.89686 0
    outer loop
      vertex 6.5 7.86602 1.9
      vertex 6.61732 7.92388 5.5
      vertex 6.5 7.86602 5.5
    endloop
  endfacet
  facet normal 0.442314 -0.89686 0
    outer loop
      vertex 6.61732 7.92388 5.5
      vertex 6.5 7.86602 1.9
      vertex 6.61732 7.92388 1.9
    endloop
  endfacet
  facet normal 0.555564 -0.831474 0
    outer loop
      vertex 6.39124 7.79335 1.9
      vertex 6.5 7.86602 5.5
      vertex 6.39124 7.79335 5.5
    endloop
  endfacet
  facet normal 0.555564 -0.831474 0
    outer loop
      vertex 6.5 7.86602 5.5
      vertex 6.39124 7.79335 1.9
      vertex 6.5 7.86602 1.9
    endloop
  endfacet
  facet normal -0.195028 -0.980798 0
    outer loop
      vertex 7.13053 7.99144 1.9
      vertex 7.25882 7.96593 5.5
      vertex 7.13053 7.99144 5.5
    endloop
  endfacet
  facet normal -0.195028 -0.980798 -0
    outer loop
      vertex 7.25882 7.96593 5.5
      vertex 7.13053 7.99144 1.9
      vertex 7.25882 7.96593 1.9
    endloop
  endfacet
  facet normal -0.6593 0.75188 0
    outer loop
      vertex 7.70711 6.29289 1.9
      vertex 7.60876 6.20665 5.5
      vertex 7.70711 6.29289 5.5
    endloop
  endfacet
  facet normal -0.6593 0.75188 0
    outer loop
      vertex 7.60876 6.20665 5.5
      vertex 7.70711 6.29289 1.9
      vertex 7.60876 6.20665 1.9
    endloop
  endfacet
  facet normal 0.6593 0.75188 -0
    outer loop
      vertex 6.39124 6.20665 1.9
      vertex 6.29289 6.29289 5.5
      vertex 6.39124 6.20665 5.5
    endloop
  endfacet
  facet normal 0.6593 0.75188 0
    outer loop
      vertex 6.29289 6.29289 5.5
      vertex 6.39124 6.20665 1.9
      vertex 6.29289 6.29289 1.9
    endloop
  endfacet
  facet normal -0.997857 0.0654382 0
    outer loop
      vertex 7.99144 6.86947 1.9
      vertex 8 7 5.5
      vertex 8 7 1.9
    endloop
  endfacet
  facet normal -0.997857 0.0654382 0
    outer loop
      vertex 8 7 5.5
      vertex 7.99144 6.86947 1.9
      vertex 7.99144 6.86947 5.5
    endloop
  endfacet
  facet normal -0.980798 0.195028 0
    outer loop
      vertex 7.96593 6.74118 1.9
      vertex 7.99144 6.86947 5.5
      vertex 7.99144 6.86947 1.9
    endloop
  endfacet
  facet normal -0.980798 0.195028 0
    outer loop
      vertex 7.99144 6.86947 5.5
      vertex 7.96593 6.74118 1.9
      vertex 7.96593 6.74118 5.5
    endloop
  endfacet
  facet normal 0.997862 0.0653621 0
    outer loop
      vertex 6.00855 6.86947 5.5
      vertex 6 7 1.9
      vertex 6 7 5.5
    endloop
  endfacet
  facet normal 0.997862 0.0653621 0
    outer loop
      vertex 6 7 1.9
      vertex 6.00855 6.86947 5.5
      vertex 6.00855 6.86947 1.9
    endloop
  endfacet
  facet normal -0.946918 0.321475 0
    outer loop
      vertex 7.92388 6.61732 1.9
      vertex 7.96593 6.74118 5.5
      vertex 7.96593 6.74118 1.9
    endloop
  endfacet
  facet normal -0.946918 0.321475 0
    outer loop
      vertex 7.96593 6.74118 5.5
      vertex 7.92388 6.61732 1.9
      vertex 7.92388 6.61732 5.5
    endloop
  endfacet
  facet normal 0.831438 -0.555617 0
    outer loop
      vertex 6.13397 7.5 5.5
      vertex 6.20665 7.60876 1.9
      vertex 6.20665 7.60876 5.5
    endloop
  endfacet
  facet normal 0.831438 -0.555617 0
    outer loop
      vertex 6.20665 7.60876 1.9
      vertex 6.13397 7.5 5.5
      vertex 6.13397 7.5 1.9
    endloop
  endfacet
  facet normal 0.6593 -0.75188 0
    outer loop
      vertex 6.29289 7.70711 1.9
      vertex 6.39124 7.79335 5.5
      vertex 6.29289 7.70711 5.5
    endloop
  endfacet
  facet normal 0.6593 -0.75188 0
    outer loop
      vertex 6.39124 7.79335 5.5
      vertex 6.29289 7.70711 1.9
      vertex 6.39124 7.79335 1.9
    endloop
  endfacet
  facet normal 0.0654382 -0.997857 0
    outer loop
      vertex 6.86947 7.99144 1.9
      vertex 7 8 5.5
      vertex 6.86947 7.99144 5.5
    endloop
  endfacet
  facet normal 0.0654382 -0.997857 0
    outer loop
      vertex 7 8 5.5
      vertex 6.86947 7.99144 1.9
      vertex 7 8 1.9
    endloop
  endfacet
  facet normal -0.321475 0.946918 0
    outer loop
      vertex 7.38268 6.07612 1.9
      vertex 7.25882 6.03407 5.5
      vertex 7.38268 6.07612 5.5
    endloop
  endfacet
  facet normal -0.321475 0.946918 0
    outer loop
      vertex 7.25882 6.03407 5.5
      vertex 7.38268 6.07612 1.9
      vertex 7.25882 6.03407 1.9
    endloop
  endfacet
  facet normal 0.555617 0.831438 -0
    outer loop
      vertex 6.5 6.13397 1.9
      vertex 6.39124 6.20665 5.5
      vertex 6.5 6.13397 5.5
    endloop
  endfacet
  facet normal 0.555617 0.831438 0
    outer loop
      vertex 6.39124 6.20665 5.5
      vertex 6.5 6.13397 1.9
      vertex 6.39124 6.20665 1.9
    endloop
  endfacet
  facet normal 0.75188 0.6593 0
    outer loop
      vertex 6.29289 6.29289 5.5
      vertex 6.20665 6.39124 1.9
      vertex 6.20665 6.39124 5.5
    endloop
  endfacet
  facet normal 0.75188 0.6593 0
    outer loop
      vertex 6.20665 6.39124 1.9
      vertex 6.29289 6.29289 5.5
      vertex 6.29289 6.29289 1.9
    endloop
  endfacet
  facet normal 0.321475 0.946918 -0
    outer loop
      vertex 6.74118 6.03407 1.9
      vertex 6.61732 6.07612 5.5
      vertex 6.74118 6.03407 5.5
    endloop
  endfacet
  facet normal 0.321475 0.946918 0
    outer loop
      vertex 6.61732 6.07612 5.5
      vertex 6.74118 6.03407 1.9
      vertex 6.61732 6.07612 1.9
    endloop
  endfacet
  facet normal 0.442253 0.89689 -0
    outer loop
      vertex 6.61732 6.07612 1.9
      vertex 6.5 6.13397 5.5
      vertex 6.61732 6.07612 5.5
    endloop
  endfacet
  facet normal 0.442253 0.89689 0
    outer loop
      vertex 6.5 6.13397 5.5
      vertex 6.61732 6.07612 1.9
      vertex 6.5 6.13397 1.9
    endloop
  endfacet
  facet normal -0.751653 0.659559 0
    outer loop
      vertex 65.7071 6.29289 1.9
      vertex 65.7934 6.39124 5.5
      vertex 65.7934 6.39124 1.9
    endloop
  endfacet
  facet normal -0.751653 0.659559 0
    outer loop
      vertex 65.7934 6.39124 5.5
      vertex 65.7071 6.29289 1.9
      vertex 65.7071 6.29289 5.5
    endloop
  endfacet
  facet normal 0.947034 -0.321132 0
    outer loop
      vertex 64.0341 7.25882 5.5
      vertex 64.0761 7.38268 1.9
      vertex 64.0761 7.38268 5.5
    endloop
  endfacet
  facet normal 0.947034 -0.321132 0
    outer loop
      vertex 64.0761 7.38268 1.9
      vertex 64.0341 7.25882 5.5
      vertex 64.0341 7.25882 1.9
    endloop
  endfacet
  facet normal -0.896739 -0.44256 0
    outer loop
      vertex 65.9239 7.38268 1.9
      vertex 65.866 7.5 5.5
      vertex 65.866 7.5 1.9
    endloop
  endfacet
  facet normal -0.896739 -0.44256 0
    outer loop
      vertex 65.866 7.5 5.5
      vertex 65.9239 7.38268 1.9
      vertex 65.9239 7.38268 5.5
    endloop
  endfacet
  facet normal -0.831721 -0.555194 0
    outer loop
      vertex 65.866 7.5 1.9
      vertex 65.7934 7.60876 5.5
      vertex 65.7934 7.60876 1.9
    endloop
  endfacet
  facet normal -0.831721 -0.555194 0
    outer loop
      vertex 65.7934 7.60876 5.5
      vertex 65.866 7.5 1.9
      vertex 65.866 7.5 5.5
    endloop
  endfacet
  facet normal -0.980812 -0.194955 0
    outer loop
      vertex 65.9914 7.13053 1.9
      vertex 65.9659 7.25882 5.5
      vertex 65.9659 7.25882 1.9
    endloop
  endfacet
  facet normal -0.980812 -0.194955 0
    outer loop
      vertex 65.9659 7.25882 5.5
      vertex 65.9914 7.13053 1.9
      vertex 65.9914 7.13053 5.5
    endloop
  endfacet
  facet normal 0.195087 0.980786 -0
    outer loop
      vertex 64.8695 6.00855 1.9
      vertex 64.7412 6.03407 5.5
      vertex 64.8695 6.00855 5.5
    endloop
  endfacet
  facet normal 0.195087 0.980786 0
    outer loop
      vertex 64.7412 6.03407 5.5
      vertex 64.8695 6.00855 1.9
      vertex 64.7412 6.03407 1.9
    endloop
  endfacet
  facet normal 0 0 1
    outer loop
      vertex 65.9914 7.13053 1.9
      vertex 65.9914 6.86947 1.9
      vertex 66 7 1.9
    endloop
  endfacet
  facet normal 0 0 1
    outer loop
      vertex 65.9659 7.25882 1.9
      vertex 65.9914 6.86947 1.9
      vertex 65.9914 7.13053 1.9
    endloop
  endfacet
  facet normal 0 0 1
    outer loop
      vertex 65.9659 7.25882 1.9
      vertex 65.9659 6.74118 1.9
      vertex 65.9914 6.86947 1.9
    endloop
  endfacet
  facet normal 0 0 1
    outer loop
      vertex 65.9239 7.38268 1.9
      vertex 65.9659 6.74118 1.9
      vertex 65.9659 7.25882 1.9
    endloop
  endfacet
  facet normal 0 0 1
    outer loop
      vertex 65.9239 7.38268 1.9
      vertex 65.9239 6.61732 1.9
      vertex 65.9659 6.74118 1.9
    endloop
  endfacet
  facet normal 0 0 1
    outer loop
      vertex 65.866 7.5 1.9
      vertex 65.9239 6.61732 1.9
      vertex 65.9239 7.38268 1.9
    endloop
  endfacet
  facet normal 0 0 1
    outer loop
      vertex 65.866 7.5 1.9
      vertex 65.866 6.5 1.9
      vertex 65.9239 6.61732 1.9
    endloop
  endfacet
  facet normal 0 0 1
    outer loop
      vertex 65.7934 7.60876 1.9
      vertex 65.866 6.5 1.9
      vertex 65.866 7.5 1.9
    endloop
  endfacet
  facet normal 0 0 1
    outer loop
      vertex 65.7934 7.60876 1.9
      vertex 65.7934 6.39124 1.9
      vertex 65.866 6.5 1.9
    endloop
  endfacet
  facet normal 0 0 1
    outer loop
      vertex 65.7071 7.70711 1.9
      vertex 65.7934 6.39124 1.9
      vertex 65.7934 7.60876 1.9
    endloop
  endfacet
  facet normal 0 0 1
    outer loop
      vertex 65.7071 7.70711 1.9
      vertex 65.7071 6.29289 1.9
      vertex 65.7934 6.39124 1.9
    endloop
  endfacet
  facet normal 0 0 1
    outer loop
      vertex 65.6088 7.79335 1.9
      vertex 65.7071 6.29289 1.9
      vertex 65.7071 7.70711 1.9
    endloop
  endfacet
  facet normal 0 0 1
    outer loop
      vertex 65.6088 7.79335 1.9
      vertex 65.6088 6.20665 1.9
      vertex 65.7071 6.29289 1.9
    endloop
  endfacet
  facet normal 0 0 1
    outer loop
      vertex 65.5 7.86602 1.9
      vertex 65.6088 6.20665 1.9
      vertex 65.6088 7.79335 1.9
    endloop
  endfacet
  facet normal 0 0 1
    outer loop
      vertex 65.5 7.86602 1.9
      vertex 65.5 6.13397 1.9
      vertex 65.6088 6.20665 1.9
    endloop
  endfacet
  facet normal 0 0 1
    outer loop
      vertex 65.3827 7.92388 1.9
      vertex 65.5 6.13397 1.9
      vertex 65.5 7.86602 1.9
    endloop
  endfacet
  facet normal 0 0 1
    outer loop
      vertex 65.3827 7.92388 1.9
      vertex 65.3827 6.07612 1.9
      vertex 65.5 6.13397 1.9
    endloop
  endfacet
  facet normal 0 0 1
    outer loop
      vertex 65.2588 7.96593 1.9
      vertex 65.3827 6.07612 1.9
      vertex 65.3827 7.92388 1.9
    endloop
  endfacet
  facet normal 0 0 1
    outer loop
      vertex 65.2588 7.96593 1.9
      vertex 65.2588 6.03407 1.9
      vertex 65.3827 6.07612 1.9
    endloop
  endfacet
  facet normal 0 0 1
    outer loop
      vertex 65.1305 7.99144 1.9
      vertex 65.2588 6.03407 1.9
      vertex 65.2588 7.96593 1.9
    endloop
  endfacet
  facet normal 0 0 1
    outer loop
      vertex 65.1305 7.99144 1.9
      vertex 65.1305 6.00855 1.9
      vertex 65.2588 6.03407 1.9
    endloop
  endfacet
  facet normal 0 0 1
    outer loop
      vertex 65 8 1.9
      vertex 65.1305 6.00855 1.9
      vertex 65.1305 7.99144 1.9
    endloop
  endfacet
  facet normal 0 0 1
    outer loop
      vertex 65 8 1.9
      vertex 65 6 1.9
      vertex 65.1305 6.00855 1.9
    endloop
  endfacet
  facet normal -0 0 1
    outer loop
      vertex 64.8695 7.99144 1.9
      vertex 65 6 1.9
      vertex 65 8 1.9
    endloop
  endfacet
  facet normal 0 0 1
    outer loop
      vertex 64.8695 7.99144 1.9
      vertex 64.8695 6.00855 1.9
      vertex 65 6 1.9
    endloop
  endfacet
  facet normal -0 0 1
    outer loop
      vertex 64.7412 7.96593 1.9
      vertex 64.8695 6.00855 1.9
      vertex 64.8695 7.99144 1.9
    endloop
  endfacet
  facet normal 0 0 1
    outer loop
      vertex 64.7412 7.96593 1.9
      vertex 64.7412 6.03407 1.9
      vertex 64.8695 6.00855 1.9
    endloop
  endfacet
  facet normal -0 0 1
    outer loop
      vertex 64.6173 7.92388 1.9
      vertex 64.7412 6.03407 1.9
      vertex 64.7412 7.96593 1.9
    endloop
  endfacet
  facet normal 0 0 1
    outer loop
      vertex 64.6173 7.92388 1.9
      vertex 64.6173 6.07612 1.9
      vertex 64.7412 6.03407 1.9
    endloop
  endfacet
  facet normal -0 0 1
    outer loop
      vertex 64.5 7.86602 1.9
      vertex 64.6173 6.07612 1.9
      vertex 64.6173 7.92388 1.9
    endloop
  endfacet
  facet normal 0 0 1
    outer loop
      vertex 64.5 7.86602 1.9
      vertex 64.5 6.13397 1.9
      vertex 64.6173 6.07612 1.9
    endloop
  endfacet
  facet normal -0 0 1
    outer loop
      vertex 64.3912 7.79335 1.9
      vertex 64.5 6.13397 1.9
      vertex 64.5 7.86602 1.9
    endloop
  endfacet
  facet normal 0 0 1
    outer loop
      vertex 64.3912 7.79335 1.9
      vertex 64.3912 6.20665 1.9
      vertex 64.5 6.13397 1.9
    endloop
  endfacet
  facet normal -0 0 1
    outer loop
      vertex 64.2929 7.70711 1.9
      vertex 64.3912 6.20665 1.9
      vertex 64.3912 7.79335 1.9
    endloop
  endfacet
  facet normal 0 0 1
    outer loop
      vertex 64.2929 7.70711 1.9
      vertex 64.2929 6.29289 1.9
      vertex 64.3912 6.20665 1.9
    endloop
  endfacet
  facet normal -0 0 1
    outer loop
      vertex 64.2066 7.60876 1.9
      vertex 64.2929 6.29289 1.9
      vertex 64.2929 7.70711 1.9
    endloop
  endfacet
  facet normal 0 0 1
    outer loop
      vertex 64.2066 7.60876 1.9
      vertex 64.2066 6.39124 1.9
      vertex 64.2929 6.29289 1.9
    endloop
  endfacet
  facet normal -0 0 1
    outer loop
      vertex 64.134 7.5 1.9
      vertex 64.2066 6.39124 1.9
      vertex 64.2066 7.60876 1.9
    endloop
  endfacet
  facet normal 0 0 1
    outer loop
      vertex 64.134 7.5 1.9
      vertex 64.134 6.5 1.9
      vertex 64.2066 6.39124 1.9
    endloop
  endfacet
  facet normal -0 0 1
    outer loop
      vertex 64.0761 7.38268 1.9
      vertex 64.134 6.5 1.9
      vertex 64.134 7.5 1.9
    endloop
  endfacet
  facet normal 0 0 1
    outer loop
      vertex 64.0761 7.38268 1.9
      vertex 64.0761 6.61732 1.9
      vertex 64.134 6.5 1.9
    endloop
  endfacet
  facet normal -0 0 1
    outer loop
      vertex 64.0341 7.25882 1.9
      vertex 64.0761 6.61732 1.9
      vertex 64.0761 7.38268 1.9
    endloop
  endfacet
  facet normal 0 0 1
    outer loop
      vertex 64.0341 7.25882 1.9
      vertex 64.0341 6.74118 1.9
      vertex 64.0761 6.61732 1.9
    endloop
  endfacet
  facet normal -0 0 1
    outer loop
      vertex 64.0086 7.13053 1.9
      vertex 64.0341 6.74118 1.9
      vertex 64.0341 7.25882 1.9
    endloop
  endfacet
  facet normal 0 0 1
    outer loop
      vertex 64.0086 7.13053 1.9
      vertex 64.0086 6.86947 1.9
      vertex 64.0341 6.74118 1.9
    endloop
  endfacet
  facet normal 0 -0 1
    outer loop
      vertex 64.0086 6.86947 1.9
      vertex 64.0086 7.13053 1.9
      vertex 64 7 1.9
    endloop
  endfacet
  facet normal -0.659489 -0.751714 0
    outer loop
      vertex 65.6088 7.79335 1.9
      vertex 65.7071 7.70711 5.5
      vertex 65.6088 7.79335 5.5
    endloop
  endfacet
  facet normal -0.659489 -0.751714 -0
    outer loop
      vertex 65.7071 7.70711 5.5
      vertex 65.6088 7.79335 1.9
      vertex 65.7071 7.70711 1.9
    endloop
  endfacet
  facet normal -0.831721 0.555194 0
    outer loop
      vertex 65.7934 6.39124 1.9
      vertex 65.866 6.5 5.5
      vertex 65.866 6.5 1.9
    endloop
  endfacet
  facet normal -0.831721 0.555194 0
    outer loop
      vertex 65.866 6.5 5.5
      vertex 65.7934 6.39124 1.9
      vertex 65.7934 6.39124 5.5
    endloop
  endfacet
  facet normal 0.751653 -0.659559 0
    outer loop
      vertex 64.2066 7.60876 5.5
      vertex 64.2929 7.70711 1.9
      vertex 64.2929 7.70711 5.5
    endloop
  endfacet
  facet normal 0.751653 -0.659559 0
    outer loop
      vertex 64.2929 7.70711 1.9
      vertex 64.2066 7.60876 5.5
      vertex 64.2066 7.60876 1.9
    endloop
  endfacet
  facet normal -0.195087 0.980786 0
    outer loop
      vertex 65.2588 6.03407 1.9
      vertex 65.1305 6.00855 5.5
      vertex 65.2588 6.03407 5.5
    endloop
  endfacet
  facet normal -0.195087 0.980786 0
    outer loop
      vertex 65.1305 6.00855 5.5
      vertex 65.2588 6.03407 1.9
      vertex 65.1305 6.00855 1.9
    endloop
  endfacet
  facet normal 0.980812 0.194955 0
    outer loop
      vertex 64.0341 6.74118 5.5
      vertex 64.0086 6.86947 1.9
      vertex 64.0086 6.86947 5.5
    endloop
  endfacet
  facet normal 0.980812 0.194955 0
    outer loop
      vertex 64.0086 6.86947 1.9
      vertex 64.0341 6.74118 5.5
      vertex 64.0341 6.74118 1.9
    endloop
  endfacet
  facet normal 0.896739 0.44256 0
    outer loop
      vertex 64.134 6.5 5.5
      vertex 64.0761 6.61732 1.9
      vertex 64.0761 6.61732 5.5
    endloop
  endfacet
  facet normal 0.896739 0.44256 0
    outer loop
      vertex 64.0761 6.61732 1.9
      vertex 64.134 6.5 5.5
      vertex 64.134 6.5 1.9
    endloop
  endfacet
  facet normal -0.997837 -0.0657427 0
    outer loop
      vertex 66 7 1.9
      vertex 65.9914 7.13053 5.5
      vertex 65.9914 7.13053 1.9
    endloop
  endfacet
  facet normal -0.997837 -0.0657427 0
    outer loop
      vertex 65.9914 7.13053 5.5
      vertex 66 7 1.9
      vertex 66 7 5.5
    endloop
  endfacet
  facet normal 0.980812 -0.194955 0
    outer loop
      vertex 64.0086 7.13053 5.5
      vertex 64.0341 7.25882 1.9
      vertex 64.0341 7.25882 5.5
    endloop
  endfacet
  facet normal 0.980812 -0.194955 0
    outer loop
      vertex 64.0341 7.25882 1.9
      vertex 64.0086 7.13053 5.5
      vertex 64.0086 7.13053 1.9
    endloop
  endfacet
  facet normal 0.831721 0.555194 0
    outer loop
      vertex 64.2066 6.39124 5.5
      vertex 64.134 6.5 1.9
      vertex 64.134 6.5 5.5
    endloop
  endfacet
  facet normal 0.831721 0.555194 0
    outer loop
      vertex 64.134 6.5 1.9
      vertex 64.2066 6.39124 5.5
      vertex 64.2066 6.39124 1.9
    endloop
  endfacet
  facet normal 0.195013 -0.980801 0
    outer loop
      vertex 64.7412 7.96593 1.9
      vertex 64.8695 7.99144 5.5
      vertex 64.7412 7.96593 5.5
    endloop
  endfacet
  facet normal 0.195013 -0.980801 0
    outer loop
      vertex 64.8695 7.99144 5.5
      vertex 64.7412 7.96593 1.9
      vertex 64.8695 7.99144 1.9
    endloop
  endfacet
  facet normal 0.0653771 0.997861 -0
    outer loop
      vertex 65 6 1.9
      vertex 64.8695 6.00855 5.5
      vertex 65 6 5.5
    endloop
  endfacet
  facet normal 0.0653771 0.997861 0
    outer loop
      vertex 64.8695 6.00855 5.5
      vertex 65 6 1.9
      vertex 64.8695 6.00855 1.9
    endloop
  endfacet
  facet normal -0.0654532 -0.997856 0
    outer loop
      vertex 65 8 1.9
      vertex 65.1305 7.99144 5.5
      vertex 65 8 5.5
    endloop
  endfacet
  facet normal -0.0654532 -0.997856 -0
    outer loop
      vertex 65.1305 7.99144 5.5
      vertex 65 8 1.9
      vertex 65.1305 7.99144 1.9
    endloop
  endfacet
  facet normal -0.896739 0.44256 0
    outer loop
      vertex 65.866 6.5 1.9
      vertex 65.9239 6.61732 5.5
      vertex 65.9239 6.61732 1.9
    endloop
  endfacet
  facet normal -0.896739 0.44256 0
    outer loop
      vertex 65.9239 6.61732 5.5
      vertex 65.866 6.5 1.9
      vertex 65.866 6.5 5.5
    endloop
  endfacet
  facet normal 0.321382 -0.94695 0
    outer loop
      vertex 64.6173 7.92388 1.9
      vertex 64.7412 7.96593 5.5
      vertex 64.6173 7.92388 5.5
    endloop
  endfacet
  facet normal 0.321382 -0.94695 0
    outer loop
      vertex 64.7412 7.96593 5.5
      vertex 64.6173 7.92388 1.9
      vertex 64.7412 7.96593 1.9
    endloop
  endfacet
  facet normal -0.751653 -0.659559 0
    outer loop
      vertex 65.7934 7.60876 1.9
      vertex 65.7071 7.70711 5.5
      vertex 65.7071 7.70711 1.9
    endloop
  endfacet
  facet normal -0.751653 -0.659559 0
    outer loop
      vertex 65.7071 7.70711 5.5
      vertex 65.7934 7.60876 1.9
      vertex 65.7934 7.60876 5.5
    endloop
  endfacet
  facet normal -0.321382 -0.94695 0
    outer loop
      vertex 65.2588 7.96593 1.9
      vertex 65.3827 7.92388 5.5
      vertex 65.2588 7.96593 5.5
    endloop
  endfacet
  facet normal -0.321382 -0.94695 -0
    outer loop
      vertex 65.3827 7.92388 5.5
      vertex 65.2588 7.96593 1.9
      vertex 65.3827 7.92388 1.9
    endloop
  endfacet
  facet normal -0.0653771 0.997861 0
    outer loop
      vertex 65.1305 6.00855 1.9
      vertex 65 6 5.5
      vertex 65.1305 6.00855 5.5
    endloop
  endfacet
  facet normal -0.0653771 0.997861 0
    outer loop
      vertex 65 6 5.5
      vertex 65.1305 6.00855 1.9
      vertex 65 6 1.9
    endloop
  endfacet
  facet normal -0.555476 0.831533 0
    outer loop
      vertex 65.6088 6.20665 1.9
      vertex 65.5 6.13397 5.5
      vertex 65.6088 6.20665 5.5
    endloop
  endfacet
  facet normal -0.555476 0.831533 0
    outer loop
      vertex 65.5 6.13397 5.5
      vertex 65.6088 6.20665 1.9
      vertex 65.5 6.13397 1.9
    endloop
  endfacet
  facet normal -0.442375 -0.89683 0
    outer loop
      vertex 65.3827 7.92388 1.9
      vertex 65.5 7.86602 5.5
      vertex 65.3827 7.92388 5.5
    endloop
  endfacet
  facet normal -0.442375 -0.89683 -0
    outer loop
      vertex 65.5 7.86602 5.5
      vertex 65.3827 7.92388 1.9
      vertex 65.5 7.86602 1.9
    endloop
  endfacet
  facet normal -0.555423 -0.831568 0
    outer loop
      vertex 65.5 7.86602 1.9
      vertex 65.6088 7.79335 5.5
      vertex 65.5 7.86602 5.5
    endloop
  endfacet
  facet normal -0.555423 -0.831568 -0
    outer loop
      vertex 65.6088 7.79335 5.5
      vertex 65.5 7.86602 1.9
      vertex 65.6088 7.79335 1.9
    endloop
  endfacet
  facet normal 0.947034 0.321132 0
    outer loop
      vertex 64.0761 6.61732 5.5
      vertex 64.0341 6.74118 1.9
      vertex 64.0341 6.74118 5.5
    endloop
  endfacet
  facet normal 0.947034 0.321132 0
    outer loop
      vertex 64.0341 6.74118 1.9
      vertex 64.0761 6.61732 5.5
      vertex 64.0761 6.61732 1.9
    endloop
  endfacet
  facet normal 0.896739 -0.44256 0
    outer loop
      vertex 64.0761 7.38268 5.5
      vertex 64.134 7.5 1.9
      vertex 64.134 7.5 5.5
    endloop
  endfacet
  facet normal 0.896739 -0.44256 0
    outer loop
      vertex 64.134 7.5 1.9
      vertex 64.0761 7.38268 5.5
      vertex 64.0761 7.38268 1.9
    endloop
  endfacet
  facet normal -0.947034 -0.321132 0
    outer loop
      vertex 65.9659 7.25882 1.9
      vertex 65.9239 7.38268 5.5
      vertex 65.9239 7.38268 1.9
    endloop
  endfacet
  facet normal -0.947034 -0.321132 0
    outer loop
      vertex 65.9239 7.38268 5.5
      vertex 65.9659 7.25882 1.9
      vertex 65.9659 7.25882 5.5
    endloop
  endfacet
  facet normal 0.997837 -0.0657427 0
    outer loop
      vertex 64 7 5.5
      vertex 64.0086 7.13053 1.9
      vertex 64.0086 7.13053 5.5
    endloop
  endfacet
  facet normal 0.997837 -0.0657427 0
    outer loop
      vertex 64.0086 7.13053 1.9
      vertex 64 7 5.5
      vertex 64 7 1.9
    endloop
  endfacet
  facet normal -0.442314 0.89686 0
    outer loop
      vertex 65.5 6.13397 1.9
      vertex 65.3827 6.07612 5.5
      vertex 65.5 6.13397 5.5
    endloop
  endfacet
  facet normal -0.442314 0.89686 0
    outer loop
      vertex 65.3827 6.07612 5.5
      vertex 65.5 6.13397 1.9
      vertex 65.3827 6.07612 1.9
    endloop
  endfacet
  facet normal 0.442375 -0.89683 0
    outer loop
      vertex 64.5 7.86602 1.9
      vertex 64.6173 7.92388 5.5
      vertex 64.5 7.86602 5.5
    endloop
  endfacet
  facet normal 0.442375 -0.89683 0
    outer loop
      vertex 64.6173 7.92388 5.5
      vertex 64.5 7.86602 1.9
      vertex 64.6173 7.92388 1.9
    endloop
  endfacet
  facet normal 0.555423 -0.831568 0
    outer loop
      vertex 64.3912 7.79335 1.9
      vertex 64.5 7.86602 5.5
      vertex 64.3912 7.79335 5.5
    endloop
  endfacet
  facet normal 0.555423 -0.831568 0
    outer loop
      vertex 64.5 7.86602 5.5
      vertex 64.3912 7.79335 1.9
      vertex 64.5 7.86602 1.9
    endloop
  endfacet
  facet normal -0.195013 -0.980801 0
    outer loop
      vertex 65.1305 7.99144 1.9
      vertex 65.2588 7.96593 5.5
      vertex 65.1305 7.99144 5.5
    endloop
  endfacet
  facet normal -0.195013 -0.980801 -0
    outer loop
      vertex 65.2588 7.96593 5.5
      vertex 65.1305 7.99144 1.9
      vertex 65.2588 7.96593 1.9
    endloop
  endfacet
  facet normal -0.659489 0.751714 0
    outer loop
      vertex 65.7071 6.29289 1.9
      vertex 65.6088 6.20665 5.5
      vertex 65.7071 6.29289 5.5
    endloop
  endfacet
  facet normal -0.659489 0.751714 0
    outer loop
      vertex 65.6088 6.20665 5.5
      vertex 65.7071 6.29289 1.9
      vertex 65.6088 6.20665 1.9
    endloop
  endfacet
  facet normal 0.659489 0.751714 -0
    outer loop
      vertex 64.3912 6.20665 1.9
      vertex 64.2929 6.29289 5.5
      vertex 64.3912 6.20665 5.5
    endloop
  endfacet
  facet normal 0.659489 0.751714 0
    outer loop
      vertex 64.2929 6.29289 5.5
      vertex 64.3912 6.20665 1.9
      vertex 64.2929 6.29289 1.9
    endloop
  endfacet
  facet normal -0.997837 0.0657427 0
    outer loop
      vertex 65.9914 6.86947 1.9
      vertex 66 7 5.5
      vertex 66 7 1.9
    endloop
  endfacet
  facet normal -0.997837 0.0657427 0
    outer loop
      vertex 66 7 5.5
      vertex 65.9914 6.86947 1.9
      vertex 65.9914 6.86947 5.5
    endloop
  endfacet
  facet normal 0.0654532 -0.997856 0
    outer loop
      vertex 64.8695 7.99144 1.9
      vertex 65 8 5.5
      vertex 64.8695 7.99144 5.5
    endloop
  endfacet
  facet normal 0.0654532 -0.997856 0
    outer loop
      vertex 65 8 5.5
      vertex 64.8695 7.99144 1.9
      vertex 65 8 1.9
    endloop
  endfacet
  facet normal -0.980812 0.194955 0
    outer loop
      vertex 65.9659 6.74118 1.9
      vertex 65.9914 6.86947 5.5
      vertex 65.9914 6.86947 1.9
    endloop
  endfacet
  facet normal -0.980812 0.194955 0
    outer loop
      vertex 65.9914 6.86947 5.5
      vertex 65.9659 6.74118 1.9
      vertex 65.9659 6.74118 5.5
    endloop
  endfacet
  facet normal 0.997837 0.0657427 0
    outer loop
      vertex 64.0086 6.86947 5.5
      vertex 64 7 1.9
      vertex 64 7 5.5
    endloop
  endfacet
  facet normal 0.997837 0.0657427 0
    outer loop
      vertex 64 7 1.9
      vertex 64.0086 6.86947 5.5
      vertex 64.0086 6.86947 1.9
    endloop
  endfacet
  facet normal -0.947034 0.321132 0
    outer loop
      vertex 65.9239 6.61732 1.9
      vertex 65.9659 6.74118 5.5
      vertex 65.9659 6.74118 1.9
    endloop
  endfacet
  facet normal -0.947034 0.321132 0
    outer loop
      vertex 65.9659 6.74118 5.5
      vertex 65.9239 6.61732 1.9
      vertex 65.9239 6.61732 5.5
    endloop
  endfacet
  facet normal 0.831721 -0.555194 0
    outer loop
      vertex 64.134 7.5 5.5
      vertex 64.2066 7.60876 1.9
      vertex 64.2066 7.60876 5.5
    endloop
  endfacet
  facet normal 0.831721 -0.555194 0
    outer loop
      vertex 64.2066 7.60876 1.9
      vertex 64.134 7.5 5.5
      vertex 64.134 7.5 1.9
    endloop
  endfacet
  facet normal 0.659489 -0.751714 0
    outer loop
      vertex 64.2929 7.70711 1.9
      vertex 64.3912 7.79335 5.5
      vertex 64.2929 7.70711 5.5
    endloop
  endfacet
  facet normal 0.659489 -0.751714 0
    outer loop
      vertex 64.3912 7.79335 5.5
      vertex 64.2929 7.70711 1.9
      vertex 64.3912 7.79335 1.9
    endloop
  endfacet
  facet normal -0.321382 0.94695 0
    outer loop
      vertex 65.3827 6.07612 1.9
      vertex 65.2588 6.03407 5.5
      vertex 65.3827 6.07612 5.5
    endloop
  endfacet
  facet normal -0.321382 0.94695 0
    outer loop
      vertex 65.2588 6.03407 5.5
      vertex 65.3827 6.07612 1.9
      vertex 65.2588 6.03407 1.9
    endloop
  endfacet
  facet normal 0.555476 0.831533 -0
    outer loop
      vertex 64.5 6.13397 1.9
      vertex 64.3912 6.20665 5.5
      vertex 64.5 6.13397 5.5
    endloop
  endfacet
  facet normal 0.555476 0.831533 0
    outer loop
      vertex 64.3912 6.20665 5.5
      vertex 64.5 6.13397 1.9
      vertex 64.3912 6.20665 1.9
    endloop
  endfacet
  facet normal 0.751653 0.659559 0
    outer loop
      vertex 64.2929 6.29289 5.5
      vertex 64.2066 6.39124 1.9
      vertex 64.2066 6.39124 5.5
    endloop
  endfacet
  facet normal 0.751653 0.659559 0
    outer loop
      vertex 64.2066 6.39124 1.9
      vertex 64.2929 6.29289 5.5
      vertex 64.2929 6.29289 1.9
    endloop
  endfacet
  facet normal 0.321382 0.94695 -0
    outer loop
      vertex 64.7412 6.03407 1.9
      vertex 64.6173 6.07612 5.5
      vertex 64.7412 6.03407 5.5
    endloop
  endfacet
  facet normal 0.321382 0.94695 0
    outer loop
      vertex 64.6173 6.07612 5.5
      vertex 64.7412 6.03407 1.9
      vertex 64.6173 6.07612 1.9
    endloop
  endfacet
  facet normal 0.442314 0.89686 -0
    outer loop
      vertex 64.6173 6.07612 1.9
      vertex 64.5 6.13397 5.5
      vertex 64.6173 6.07612 5.5
    endloop
  endfacet
  facet normal 0.442314 0.89686 0
    outer loop
      vertex 64.5 6.13397 5.5
      vertex 64.6173 6.07612 1.9
      vertex 64.5 6.13397 1.9
    endloop
  endfacet
  facet normal 0.0657427 0.997837 -0
    outer loop
      vertex 7 29 1.9
      vertex 6.86947 29.0086 5.5
      vertex 7 29 5.5
    endloop
  endfacet
  facet normal 0.0657427 0.997837 0
    outer loop
      vertex 6.86947 29.0086 5.5
      vertex 7 29 1.9
      vertex 6.86947 29.0086 1.9
    endloop
  endfacet
  facet normal 0.555194 -0.831721 0
    outer loop
      vertex 6.39124 30.7934 1.9
      vertex 6.5 30.866 5.5
      vertex 6.39124 30.7934 5.5
    endloop
  endfacet
  facet normal 0.555194 -0.831721 0
    outer loop
      vertex 6.5 30.866 5.5
      vertex 6.39124 30.7934 1.9
      vertex 6.5 30.866 1.9
    endloop
  endfacet
  facet normal -0.94695 0.321382 0
    outer loop
      vertex 7.92388 29.6173 1.9
      vertex 7.96593 29.7412 5.5
      vertex 7.96593 29.7412 1.9
    endloop
  endfacet
  facet normal -0.94695 0.321382 0
    outer loop
      vertex 7.96593 29.7412 5.5
      vertex 7.92388 29.6173 1.9
      vertex 7.92388 29.6173 5.5
    endloop
  endfacet
  facet normal -0.980801 -0.195013 0
    outer loop
      vertex 7.99144 30.1305 1.9
      vertex 7.96593 30.2588 5.5
      vertex 7.96593 30.2588 1.9
    endloop
  endfacet
  facet normal -0.980801 -0.195013 0
    outer loop
      vertex 7.96593 30.2588 5.5
      vertex 7.99144 30.1305 1.9
      vertex 7.99144 30.1305 5.5
    endloop
  endfacet
  facet normal 0.751714 0.659489 0
    outer loop
      vertex 6.29289 29.2929 5.5
      vertex 6.20665 29.3912 1.9
      vertex 6.20665 29.3912 5.5
    endloop
  endfacet
  facet normal 0.751714 0.659489 0
    outer loop
      vertex 6.20665 29.3912 1.9
      vertex 6.29289 29.2929 5.5
      vertex 6.29289 29.2929 1.9
    endloop
  endfacet
  facet normal 0.831533 0.555476 0
    outer loop
      vertex 6.20665 29.3912 5.5
      vertex 6.13397 29.5 1.9
      vertex 6.13397 29.5 5.5
    endloop
  endfacet
  facet normal 0.831533 0.555476 0
    outer loop
      vertex 6.13397 29.5 1.9
      vertex 6.20665 29.3912 5.5
      vertex 6.20665 29.3912 1.9
    endloop
  endfacet
  facet normal 0.751714 -0.659489 0
    outer loop
      vertex 6.20665 30.6088 5.5
      vertex 6.29289 30.7071 1.9
      vertex 6.29289 30.7071 5.5
    endloop
  endfacet
  facet normal 0.751714 -0.659489 0
    outer loop
      vertex 6.29289 30.7071 1.9
      vertex 6.20665 30.6088 5.5
      vertex 6.20665 30.6088 1.9
    endloop
  endfacet
  facet normal 0.194955 0.980812 -0
    outer loop
      vertex 6.86947 29.0086 1.9
      vertex 6.74118 29.0341 5.5
      vertex 6.86947 29.0086 5.5
    endloop
  endfacet
  facet normal 0.194955 0.980812 0
    outer loop
      vertex 6.74118 29.0341 5.5
      vertex 6.86947 29.0086 1.9
      vertex 6.74118 29.0341 1.9
    endloop
  endfacet
  facet normal 0.194955 -0.980812 0
    outer loop
      vertex 6.74118 30.9659 1.9
      vertex 6.86947 30.9914 5.5
      vertex 6.74118 30.9659 5.5
    endloop
  endfacet
  facet normal 0.194955 -0.980812 0
    outer loop
      vertex 6.86947 30.9914 5.5
      vertex 6.74118 30.9659 1.9
      vertex 6.86947 30.9914 1.9
    endloop
  endfacet
  facet normal -0.194955 0.980812 0
    outer loop
      vertex 7.25882 29.0341 1.9
      vertex 7.13053 29.0086 5.5
      vertex 7.25882 29.0341 5.5
    endloop
  endfacet
  facet normal -0.194955 0.980812 0
    outer loop
      vertex 7.13053 29.0086 5.5
      vertex 7.25882 29.0341 1.9
      vertex 7.13053 29.0086 1.9
    endloop
  endfacet
  facet normal -0.321132 -0.947034 0
    outer loop
      vertex 7.25882 30.9659 1.9
      vertex 7.38268 30.9239 5.5
      vertex 7.25882 30.9659 5.5
    endloop
  endfacet
  facet normal -0.321132 -0.947034 -0
    outer loop
      vertex 7.38268 30.9239 5.5
      vertex 7.25882 30.9659 1.9
      vertex 7.38268 30.9239 1.9
    endloop
  endfacet
  facet normal 0.89686 0.442314 0
    outer loop
      vertex 6.13397 29.5 5.5
      vertex 6.07612 29.6173 1.9
      vertex 6.07612 29.6173 5.5
    endloop
  endfacet
  facet normal 0.89686 0.442314 0
    outer loop
      vertex 6.07612 29.6173 1.9
      vertex 6.13397 29.5 5.5
      vertex 6.13397 29.5 1.9
    endloop
  endfacet
  facet normal 0.997861 -0.0653771 0
    outer loop
      vertex 6 30 5.5
      vertex 6.00855 30.1305 1.9
      vertex 6.00855 30.1305 5.5
    endloop
  endfacet
  facet normal 0.997861 -0.0653771 0
    outer loop
      vertex 6.00855 30.1305 1.9
      vertex 6 30 5.5
      vertex 6 30 1.9
    endloop
  endfacet
  facet normal -0.997856 -0.0654532 0
    outer loop
      vertex 8 30 1.9
      vertex 7.99144 30.1305 5.5
      vertex 7.99144 30.1305 1.9
    endloop
  endfacet
  facet normal -0.997856 -0.0654532 0
    outer loop
      vertex 7.99144 30.1305 5.5
      vertex 8 30 1.9
      vertex 8 30 5.5
    endloop
  endfacet
  facet normal -0.659559 -0.751653 0
    outer loop
      vertex 7.60876 30.7934 1.9
      vertex 7.70711 30.7071 5.5
      vertex 7.60876 30.7934 5.5
    endloop
  endfacet
  facet normal -0.659559 -0.751653 -0
    outer loop
      vertex 7.70711 30.7071 5.5
      vertex 7.60876 30.7934 1.9
      vertex 7.70711 30.7071 1.9
    endloop
  endfacet
  facet normal -0.321132 0.947034 0
    outer loop
      vertex 7.38268 29.0761 1.9
      vertex 7.25882 29.0341 5.5
      vertex 7.38268 29.0761 5.5
    endloop
  endfacet
  facet normal -0.321132 0.947034 0
    outer loop
      vertex 7.25882 29.0341 5.5
      vertex 7.38268 29.0761 1.9
      vertex 7.25882 29.0341 1.9
    endloop
  endfacet
  facet normal -0.997856 0.0654532 0
    outer loop
      vertex 7.99144 29.8695 1.9
      vertex 8 30 5.5
      vertex 8 30 1.9
    endloop
  endfacet
  facet normal -0.997856 0.0654532 0
    outer loop
      vertex 8 30 5.5
      vertex 7.99144 29.8695 1.9
      vertex 7.99144 29.8695 5.5
    endloop
  endfacet
  facet normal -0.555194 0.831721 0
    outer loop
      vertex 7.60876 29.2066 1.9
      vertex 7.5 29.134 5.5
      vertex 7.60876 29.2066 5.5
    endloop
  endfacet
  facet normal -0.555194 0.831721 0
    outer loop
      vertex 7.5 29.134 5.5
      vertex 7.60876 29.2066 1.9
      vertex 7.5 29.134 1.9
    endloop
  endfacet
  facet normal -0.0657427 -0.997837 0
    outer loop
      vertex 7 31 1.9
      vertex 7.13053 30.9914 5.5
      vertex 7 31 5.5
    endloop
  endfacet
  facet normal -0.0657427 -0.997837 -0
    outer loop
      vertex 7.13053 30.9914 5.5
      vertex 7 31 1.9
      vertex 7.13053 30.9914 1.9
    endloop
  endfacet
  facet normal 0.980786 -0.195087 0
    outer loop
      vertex 6.00855 30.1305 5.5
      vertex 6.03407 30.2588 1.9
      vertex 6.03407 30.2588 5.5
    endloop
  endfacet
  facet normal 0.980786 -0.195087 0
    outer loop
      vertex 6.03407 30.2588 1.9
      vertex 6.00855 30.1305 5.5
      vertex 6.00855 30.1305 1.9
    endloop
  endfacet
  facet normal 0.44256 -0.896739 0
    outer loop
      vertex 6.5 30.866 1.9
      vertex 6.61732 30.9239 5.5
      vertex 6.5 30.866 5.5
    endloop
  endfacet
  facet normal 0.44256 -0.896739 0
    outer loop
      vertex 6.61732 30.9239 5.5
      vertex 6.5 30.866 1.9
      vertex 6.61732 30.9239 1.9
    endloop
  endfacet
  facet normal -0.94695 -0.321382 0
    outer loop
      vertex 7.96593 30.2588 1.9
      vertex 7.92388 30.3827 5.5
      vertex 7.92388 30.3827 1.9
    endloop
  endfacet
  facet normal -0.94695 -0.321382 0
    outer loop
      vertex 7.92388 30.3827 5.5
      vertex 7.96593 30.2588 1.9
      vertex 7.96593 30.2588 5.5
    endloop
  endfacet
  facet normal 0.831533 -0.555476 0
    outer loop
      vertex 6.13397 30.5 5.5
      vertex 6.20665 30.6088 1.9
      vertex 6.20665 30.6088 5.5
    endloop
  endfacet
  facet normal 0.831533 -0.555476 0
    outer loop
      vertex 6.20665 30.6088 1.9
      vertex 6.13397 30.5 5.5
      vertex 6.13397 30.5 1.9
    endloop
  endfacet
  facet normal 0.980786 0.195087 0
    outer loop
      vertex 6.03407 29.7412 5.5
      vertex 6.00855 29.8695 1.9
      vertex 6.00855 29.8695 5.5
    endloop
  endfacet
  facet normal 0.980786 0.195087 0
    outer loop
      vertex 6.00855 29.8695 1.9
      vertex 6.03407 29.7412 5.5
      vertex 6.03407 29.7412 1.9
    endloop
  endfacet
  facet normal 0.659559 0.751653 -0
    outer loop
      vertex 6.39124 29.2066 1.9
      vertex 6.29289 29.2929 5.5
      vertex 6.39124 29.2066 5.5
    endloop
  endfacet
  facet normal 0.659559 0.751653 0
    outer loop
      vertex 6.29289 29.2929 5.5
      vertex 6.39124 29.2066 1.9
      vertex 6.29289 29.2929 1.9
    endloop
  endfacet
  facet normal 0.94695 -0.321382 0
    outer loop
      vertex 6.03407 30.2588 5.5
      vertex 6.07612 30.3827 1.9
      vertex 6.07612 30.3827 5.5
    endloop
  endfacet
  facet normal 0.94695 -0.321382 0
    outer loop
      vertex 6.07612 30.3827 1.9
      vertex 6.03407 30.2588 5.5
      vertex 6.03407 30.2588 1.9
    endloop
  endfacet
  facet normal 0.997861 0.0653771 0
    outer loop
      vertex 6.00855 29.8695 5.5
      vertex 6 30 1.9
      vertex 6 30 5.5
    endloop
  endfacet
  facet normal 0.997861 0.0653771 0
    outer loop
      vertex 6 30 1.9
      vertex 6.00855 29.8695 5.5
      vertex 6.00855 29.8695 1.9
    endloop
  endfacet
  facet normal -0.980801 0.195013 0
    outer loop
      vertex 7.96593 29.7412 1.9
      vertex 7.99144 29.8695 5.5
      vertex 7.99144 29.8695 1.9
    endloop
  endfacet
  facet normal -0.980801 0.195013 0
    outer loop
      vertex 7.99144 29.8695 5.5
      vertex 7.96593 29.7412 1.9
      vertex 7.96593 29.7412 5.5
    endloop
  endfacet
  facet normal -0.44256 -0.896739 0
    outer loop
      vertex 7.38268 30.9239 1.9
      vertex 7.5 30.866 5.5
      vertex 7.38268 30.9239 5.5
    endloop
  endfacet
  facet normal -0.44256 -0.896739 -0
    outer loop
      vertex 7.5 30.866 5.5
      vertex 7.38268 30.9239 1.9
      vertex 7.5 30.866 1.9
    endloop
  endfacet
  facet normal 0.89686 -0.442314 0
    outer loop
      vertex 6.07612 30.3827 5.5
      vertex 6.13397 30.5 1.9
      vertex 6.13397 30.5 5.5
    endloop
  endfacet
  facet normal 0.89686 -0.442314 0
    outer loop
      vertex 6.13397 30.5 1.9
      vertex 6.07612 30.3827 5.5
      vertex 6.07612 30.3827 1.9
    endloop
  endfacet
  facet normal -0.555194 -0.831721 0
    outer loop
      vertex 7.5 30.866 1.9
      vertex 7.60876 30.7934 5.5
      vertex 7.5 30.866 5.5
    endloop
  endfacet
  facet normal -0.555194 -0.831721 -0
    outer loop
      vertex 7.60876 30.7934 5.5
      vertex 7.5 30.866 1.9
      vertex 7.60876 30.7934 1.9
    endloop
  endfacet
  facet normal 0.321132 -0.947034 0
    outer loop
      vertex 6.61732 30.9239 1.9
      vertex 6.74118 30.9659 5.5
      vertex 6.61732 30.9239 5.5
    endloop
  endfacet
  facet normal 0.321132 -0.947034 0
    outer loop
      vertex 6.74118 30.9659 5.5
      vertex 6.61732 30.9239 1.9
      vertex 6.74118 30.9659 1.9
    endloop
  endfacet
  facet normal 0.659559 -0.751653 0
    outer loop
      vertex 6.29289 30.7071 1.9
      vertex 6.39124 30.7934 5.5
      vertex 6.29289 30.7071 5.5
    endloop
  endfacet
  facet normal 0.659559 -0.751653 0
    outer loop
      vertex 6.39124 30.7934 5.5
      vertex 6.29289 30.7071 1.9
      vertex 6.39124 30.7934 1.9
    endloop
  endfacet
  facet normal -0.831568 0.555423 0
    outer loop
      vertex 7.79335 29.3912 1.9
      vertex 7.86602 29.5 5.5
      vertex 7.86602 29.5 1.9
    endloop
  endfacet
  facet normal -0.831568 0.555423 0
    outer loop
      vertex 7.86602 29.5 5.5
      vertex 7.79335 29.3912 1.9
      vertex 7.79335 29.3912 5.5
    endloop
  endfacet
  facet normal -0.0657427 0.997837 0
    outer loop
      vertex 7.13053 29.0086 1.9
      vertex 7 29 5.5
      vertex 7.13053 29.0086 5.5
    endloop
  endfacet
  facet normal -0.0657427 0.997837 0
    outer loop
      vertex 7 29 5.5
      vertex 7.13053 29.0086 1.9
      vertex 7 29 1.9
    endloop
  endfacet
  facet normal 0.0657427 -0.997837 0
    outer loop
      vertex 6.86947 30.9914 1.9
      vertex 7 31 5.5
      vertex 6.86947 30.9914 5.5
    endloop
  endfacet
  facet normal 0.0657427 -0.997837 0
    outer loop
      vertex 7 31 5.5
      vertex 6.86947 30.9914 1.9
      vertex 7 31 1.9
    endloop
  endfacet
  facet normal 0 0 1
    outer loop
      vertex 7.99144 30.1305 1.9
      vertex 7.99144 29.8695 1.9
      vertex 8 30 1.9
    endloop
  endfacet
  facet normal 0 0 1
    outer loop
      vertex 7.96593 30.2588 1.9
      vertex 7.99144 29.8695 1.9
      vertex 7.99144 30.1305 1.9
    endloop
  endfacet
  facet normal 0 0 1
    outer loop
      vertex 7.96593 30.2588 1.9
      vertex 7.96593 29.7412 1.9
      vertex 7.99144 29.8695 1.9
    endloop
  endfacet
  facet normal 0 0 1
    outer loop
      vertex 7.92388 30.3827 1.9
      vertex 7.96593 29.7412 1.9
      vertex 7.96593 30.2588 1.9
    endloop
  endfacet
  facet normal 0 0 1
    outer loop
      vertex 7.92388 30.3827 1.9
      vertex 7.92388 29.6173 1.9
      vertex 7.96593 29.7412 1.9
    endloop
  endfacet
  facet normal 0 0 1
    outer loop
      vertex 7.86602 30.5 1.9
      vertex 7.92388 29.6173 1.9
      vertex 7.92388 30.3827 1.9
    endloop
  endfacet
  facet normal 0 0 1
    outer loop
      vertex 7.86602 30.5 1.9
      vertex 7.86602 29.5 1.9
      vertex 7.92388 29.6173 1.9
    endloop
  endfacet
  facet normal 0 0 1
    outer loop
      vertex 7.79335 30.6088 1.9
      vertex 7.86602 29.5 1.9
      vertex 7.86602 30.5 1.9
    endloop
  endfacet
  facet normal 0 0 1
    outer loop
      vertex 7.79335 30.6088 1.9
      vertex 7.79335 29.3912 1.9
      vertex 7.86602 29.5 1.9
    endloop
  endfacet
  facet normal 0 0 1
    outer loop
      vertex 7.70711 30.7071 1.9
      vertex 7.79335 29.3912 1.9
      vertex 7.79335 30.6088 1.9
    endloop
  endfacet
  facet normal 0 0 1
    outer loop
      vertex 7.70711 30.7071 1.9
      vertex 7.70711 29.2929 1.9
      vertex 7.79335 29.3912 1.9
    endloop
  endfacet
  facet normal 0 0 1
    outer loop
      vertex 7.60876 30.7934 1.9
      vertex 7.70711 29.2929 1.9
      vertex 7.70711 30.7071 1.9
    endloop
  endfacet
  facet normal 0 0 1
    outer loop
      vertex 7.60876 30.7934 1.9
      vertex 7.60876 29.2066 1.9
      vertex 7.70711 29.2929 1.9
    endloop
  endfacet
  facet normal 0 0 1
    outer loop
      vertex 7.5 30.866 1.9
      vertex 7.60876 29.2066 1.9
      vertex 7.60876 30.7934 1.9
    endloop
  endfacet
  facet normal 0 0 1
    outer loop
      vertex 7.5 30.866 1.9
      vertex 7.5 29.134 1.9
      vertex 7.60876 29.2066 1.9
    endloop
  endfacet
  facet normal 0 0 1
    outer loop
      vertex 7.38268 30.9239 1.9
      vertex 7.5 29.134 1.9
      vertex 7.5 30.866 1.9
    endloop
  endfacet
  facet normal 0 0 1
    outer loop
      vertex 7.38268 30.9239 1.9
      vertex 7.38268 29.0761 1.9
      vertex 7.5 29.134 1.9
    endloop
  endfacet
  facet normal 0 0 1
    outer loop
      vertex 7.25882 30.9659 1.9
      vertex 7.38268 29.0761 1.9
      vertex 7.38268 30.9239 1.9
    endloop
  endfacet
  facet normal 0 0 1
    outer loop
      vertex 7.25882 30.9659 1.9
      vertex 7.25882 29.0341 1.9
      vertex 7.38268 29.0761 1.9
    endloop
  endfacet
  facet normal 0 0 1
    outer loop
      vertex 7.13053 30.9914 1.9
      vertex 7.25882 29.0341 1.9
      vertex 7.25882 30.9659 1.9
    endloop
  endfacet
  facet normal 0 0 1
    outer loop
      vertex 7.13053 30.9914 1.9
      vertex 7.13053 29.0086 1.9
      vertex 7.25882 29.0341 1.9
    endloop
  endfacet
  facet normal 0 0 1
    outer loop
      vertex 7 31 1.9
      vertex 7.13053 29.0086 1.9
      vertex 7.13053 30.9914 1.9
    endloop
  endfacet
  facet normal 0 0 1
    outer loop
      vertex 7 31 1.9
      vertex 7 29 1.9
      vertex 7.13053 29.0086 1.9
    endloop
  endfacet
  facet normal -0 0 1
    outer loop
      vertex 6.86947 30.9914 1.9
      vertex 7 29 1.9
      vertex 7 31 1.9
    endloop
  endfacet
  facet normal 0 0 1
    outer loop
      vertex 6.86947 30.9914 1.9
      vertex 6.86947 29.0086 1.9
      vertex 7 29 1.9
    endloop
  endfacet
  facet normal -0 0 1
    outer loop
      vertex 6.74118 30.9659 1.9
      vertex 6.86947 29.0086 1.9
      vertex 6.86947 30.9914 1.9
    endloop
  endfacet
  facet normal 0 0 1
    outer loop
      vertex 6.74118 30.9659 1.9
      vertex 6.74118 29.0341 1.9
      vertex 6.86947 29.0086 1.9
    endloop
  endfacet
  facet normal -0 0 1
    outer loop
      vertex 6.61732 30.9239 1.9
      vertex 6.74118 29.0341 1.9
      vertex 6.74118 30.9659 1.9
    endloop
  endfacet
  facet normal 0 0 1
    outer loop
      vertex 6.61732 30.9239 1.9
      vertex 6.61732 29.0761 1.9
      vertex 6.74118 29.0341 1.9
    endloop
  endfacet
  facet normal -0 0 1
    outer loop
      vertex 6.5 30.866 1.9
      vertex 6.61732 29.0761 1.9
      vertex 6.61732 30.9239 1.9
    endloop
  endfacet
  facet normal 0 0 1
    outer loop
      vertex 6.5 30.866 1.9
      vertex 6.5 29.134 1.9
      vertex 6.61732 29.0761 1.9
    endloop
  endfacet
  facet normal -0 0 1
    outer loop
      vertex 6.39124 30.7934 1.9
      vertex 6.5 29.134 1.9
      vertex 6.5 30.866 1.9
    endloop
  endfacet
  facet normal 0 0 1
    outer loop
      vertex 6.39124 30.7934 1.9
      vertex 6.39124 29.2066 1.9
      vertex 6.5 29.134 1.9
    endloop
  endfacet
  facet normal -0 0 1
    outer loop
      vertex 6.29289 30.7071 1.9
      vertex 6.39124 29.2066 1.9
      vertex 6.39124 30.7934 1.9
    endloop
  endfacet
  facet normal 0 0 1
    outer loop
      vertex 6.29289 30.7071 1.9
      vertex 6.29289 29.2929 1.9
      vertex 6.39124 29.2066 1.9
    endloop
  endfacet
  facet normal -0 0 1
    outer loop
      vertex 6.20665 30.6088 1.9
      vertex 6.29289 29.2929 1.9
      vertex 6.29289 30.7071 1.9
    endloop
  endfacet
  facet normal 0 0 1
    outer loop
      vertex 6.20665 30.6088 1.9
      vertex 6.20665 29.3912 1.9
      vertex 6.29289 29.2929 1.9
    endloop
  endfacet
  facet normal -0 0 1
    outer loop
      vertex 6.13397 30.5 1.9
      vertex 6.20665 29.3912 1.9
      vertex 6.20665 30.6088 1.9
    endloop
  endfacet
  facet normal 0 0 1
    outer loop
      vertex 6.13397 30.5 1.9
      vertex 6.13397 29.5 1.9
      vertex 6.20665 29.3912 1.9
    endloop
  endfacet
  facet normal -0 0 1
    outer loop
      vertex 6.07612 30.3827 1.9
      vertex 6.13397 29.5 1.9
      vertex 6.13397 30.5 1.9
    endloop
  endfacet
  facet normal 0 0 1
    outer loop
      vertex 6.07612 30.3827 1.9
      vertex 6.07612 29.6173 1.9
      vertex 6.13397 29.5 1.9
    endloop
  endfacet
  facet normal -0 0 1
    outer loop
      vertex 6.03407 30.2588 1.9
      vertex 6.07612 29.6173 1.9
      vertex 6.07612 30.3827 1.9
    endloop
  endfacet
  facet normal 0 0 1
    outer loop
      vertex 6.03407 30.2588 1.9
      vertex 6.03407 29.7412 1.9
      vertex 6.07612 29.6173 1.9
    endloop
  endfacet
  facet normal -0 0 1
    outer loop
      vertex 6.00855 30.1305 1.9
      vertex 6.03407 29.7412 1.9
      vertex 6.03407 30.2588 1.9
    endloop
  endfacet
  facet normal 0 0 1
    outer loop
      vertex 6.00855 30.1305 1.9
      vertex 6.00855 29.8695 1.9
      vertex 6.03407 29.7412 1.9
    endloop
  endfacet
  facet normal 0 -0 1
    outer loop
      vertex 6.00855 29.8695 1.9
      vertex 6.00855 30.1305 1.9
      vertex 6 30 1.9
    endloop
  endfacet
  facet normal -0.831568 -0.555423 0
    outer loop
      vertex 7.86602 30.5 1.9
      vertex 7.79335 30.6088 5.5
      vertex 7.79335 30.6088 1.9
    endloop
  endfacet
  facet normal -0.831568 -0.555423 0
    outer loop
      vertex 7.79335 30.6088 5.5
      vertex 7.86602 30.5 1.9
      vertex 7.86602 30.5 5.5
    endloop
  endfacet
  facet normal -0.751714 0.659489 0
    outer loop
      vertex 7.70711 29.2929 1.9
      vertex 7.79335 29.3912 5.5
      vertex 7.79335 29.3912 1.9
    endloop
  endfacet
  facet normal -0.751714 0.659489 0
    outer loop
      vertex 7.79335 29.3912 5.5
      vertex 7.70711 29.2929 1.9
      vertex 7.70711 29.2929 5.5
    endloop
  endfacet
  facet normal -0.89683 -0.442375 0
    outer loop
      vertex 7.92388 30.3827 1.9
      vertex 7.86602 30.5 5.5
      vertex 7.86602 30.5 1.9
    endloop
  endfacet
  facet normal -0.89683 -0.442375 0
    outer loop
      vertex 7.86602 30.5 5.5
      vertex 7.92388 30.3827 1.9
      vertex 7.92388 30.3827 5.5
    endloop
  endfacet
  facet normal -0.751714 -0.659489 0
    outer loop
      vertex 7.79335 30.6088 1.9
      vertex 7.70711 30.7071 5.5
      vertex 7.70711 30.7071 1.9
    endloop
  endfacet
  facet normal -0.751714 -0.659489 0
    outer loop
      vertex 7.70711 30.7071 5.5
      vertex 7.79335 30.6088 1.9
      vertex 7.79335 30.6088 5.5
    endloop
  endfacet
  facet normal 0.94695 0.321382 0
    outer loop
      vertex 6.07612 29.6173 5.5
      vertex 6.03407 29.7412 1.9
      vertex 6.03407 29.7412 5.5
    endloop
  endfacet
  facet normal 0.94695 0.321382 0
    outer loop
      vertex 6.03407 29.7412 1.9
      vertex 6.07612 29.6173 5.5
      vertex 6.07612 29.6173 1.9
    endloop
  endfacet
  facet normal -0.194955 -0.980812 0
    outer loop
      vertex 7.13053 30.9914 1.9
      vertex 7.25882 30.9659 5.5
      vertex 7.13053 30.9914 5.5
    endloop
  endfacet
  facet normal -0.194955 -0.980812 -0
    outer loop
      vertex 7.25882 30.9659 5.5
      vertex 7.13053 30.9914 1.9
      vertex 7.25882 30.9659 1.9
    endloop
  endfacet
  facet normal -0.89683 0.442375 0
    outer loop
      vertex 7.86602 29.5 1.9
      vertex 7.92388 29.6173 5.5
      vertex 7.92388 29.6173 1.9
    endloop
  endfacet
  facet normal -0.89683 0.442375 0
    outer loop
      vertex 7.92388 29.6173 5.5
      vertex 7.86602 29.5 1.9
      vertex 7.86602 29.5 5.5
    endloop
  endfacet
  facet normal -0.44256 0.896739 0
    outer loop
      vertex 7.5 29.134 1.9
      vertex 7.38268 29.0761 5.5
      vertex 7.5 29.134 5.5
    endloop
  endfacet
  facet normal -0.44256 0.896739 0
    outer loop
      vertex 7.38268 29.0761 5.5
      vertex 7.5 29.134 1.9
      vertex 7.38268 29.0761 1.9
    endloop
  endfacet
  facet normal 0.555194 0.831721 -0
    outer loop
      vertex 6.5 29.134 1.9
      vertex 6.39124 29.2066 5.5
      vertex 6.5 29.134 5.5
    endloop
  endfacet
  facet normal 0.555194 0.831721 0
    outer loop
      vertex 6.39124 29.2066 5.5
      vertex 6.5 29.134 1.9
      vertex 6.39124 29.2066 1.9
    endloop
  endfacet
  facet normal -0.659559 0.751653 0
    outer loop
      vertex 7.70711 29.2929 1.9
      vertex 7.60876 29.2066 5.5
      vertex 7.70711 29.2929 5.5
    endloop
  endfacet
  facet normal -0.659559 0.751653 0
    outer loop
      vertex 7.60876 29.2066 5.5
      vertex 7.70711 29.2929 1.9
      vertex 7.60876 29.2066 1.9
    endloop
  endfacet
  facet normal 0.44256 0.896739 -0
    outer loop
      vertex 6.61732 29.0761 1.9
      vertex 6.5 29.134 5.5
      vertex 6.61732 29.0761 5.5
    endloop
  endfacet
  facet normal 0.44256 0.896739 0
    outer loop
      vertex 6.5 29.134 5.5
      vertex 6.61732 29.0761 1.9
      vertex 6.5 29.134 1.9
    endloop
  endfacet
  facet normal 0.321132 0.947034 -0
    outer loop
      vertex 6.74118 29.0341 1.9
      vertex 6.61732 29.0761 5.5
      vertex 6.74118 29.0341 5.5
    endloop
  endfacet
  facet normal 0.321132 0.947034 0
    outer loop
      vertex 6.61732 29.0761 5.5
      vertex 6.74118 29.0341 1.9
      vertex 6.61732 29.0761 1.9
    endloop
  endfacet
  facet normal 0.947066 0.321039 0
    outer loop
      vertex 64.0761 29.6173 5.5
      vertex 64.0341 29.7412 1.9
      vertex 64.0341 29.7412 5.5
    endloop
  endfacet
  facet normal 0.947066 0.321039 0
    outer loop
      vertex 64.0341 29.7412 1.9
      vertex 64.0761 29.6173 5.5
      vertex 64.0761 29.6173 1.9
    endloop
  endfacet
  facet normal -0.19494 0.980815 0
    outer loop
      vertex 65.2588 29.0341 1.9
      vertex 65.1305 29.0086 5.5
      vertex 65.2588 29.0341 5.5
    endloop
  endfacet
  facet normal -0.19494 0.980815 0
    outer loop
      vertex 65.1305 29.0086 5.5
      vertex 65.2588 29.0341 1.9
      vertex 65.1305 29.0086 1.9
    endloop
  endfacet
  facet normal -0.980815 -0.19494 0
    outer loop
      vertex 65.9914 30.1305 1.9
      vertex 65.9659 30.2588 5.5
      vertex 65.9659 30.2588 1.9
    endloop
  endfacet
  facet normal -0.980815 -0.19494 0
    outer loop
      vertex 65.9659 30.2588 5.5
      vertex 65.9914 30.1305 1.9
      vertex 65.9914 30.1305 5.5
    endloop
  endfacet
  facet normal -0.997836 -0.0657577 0
    outer loop
      vertex 66 30 1.9
      vertex 65.9914 30.1305 5.5
      vertex 65.9914 30.1305 1.9
    endloop
  endfacet
  facet normal -0.997836 -0.0657577 0
    outer loop
      vertex 65.9914 30.1305 5.5
      vertex 66 30 1.9
      vertex 66 30 5.5
    endloop
  endfacet
  facet normal 0.442621 -0.896709 0
    outer loop
      vertex 64.5 30.866 1.9
      vertex 64.6173 30.9239 5.5
      vertex 64.5 30.866 5.5
    endloop
  endfacet
  facet normal 0.442621 -0.896709 0
    outer loop
      vertex 64.6173 30.9239 5.5
      vertex 64.5 30.866 1.9
      vertex 64.6173 30.9239 1.9
    endloop
  endfacet
  facet normal -0.896709 0.442621 0
    outer loop
      vertex 65.866 29.5 1.9
      vertex 65.9239 29.6173 5.5
      vertex 65.9239 29.6173 1.9
    endloop
  endfacet
  facet normal -0.896709 0.442621 0
    outer loop
      vertex 65.9239 29.6173 5.5
      vertex 65.866 29.5 1.9
      vertex 65.866 29.5 5.5
    endloop
  endfacet
  facet normal -0.997836 0.0657577 0
    outer loop
      vertex 65.9914 29.8695 1.9
      vertex 66 30 5.5
      vertex 66 30 1.9
    endloop
  endfacet
  facet normal -0.997836 0.0657577 0
    outer loop
      vertex 66 30 5.5
      vertex 65.9914 29.8695 1.9
      vertex 65.9914 29.8695 5.5
    endloop
  endfacet
  facet normal -0.659749 -0.751486 0
    outer loop
      vertex 65.6088 30.7934 1.9
      vertex 65.7071 30.7071 5.5
      vertex 65.6088 30.7934 5.5
    endloop
  endfacet
  facet normal -0.659749 -0.751486 -0
    outer loop
      vertex 65.7071 30.7071 5.5
      vertex 65.6088 30.7934 1.9
      vertex 65.7071 30.7071 1.9
    endloop
  endfacet
  facet normal 0.659749 -0.751486 0
    outer loop
      vertex 64.2929 30.7071 1.9
      vertex 64.3912 30.7934 5.5
      vertex 64.2929 30.7071 5.5
    endloop
  endfacet
  facet normal 0.659749 -0.751486 0
    outer loop
      vertex 64.3912 30.7934 5.5
      vertex 64.2929 30.7071 1.9
      vertex 64.3912 30.7934 1.9
    endloop
  endfacet
  facet normal -0.0657577 -0.997836 0
    outer loop
      vertex 65 31 1.9
      vertex 65.1305 30.9914 5.5
      vertex 65 31 5.5
    endloop
  endfacet
  facet normal -0.0657577 -0.997836 -0
    outer loop
      vertex 65.1305 30.9914 5.5
      vertex 65 31 1.9
      vertex 65.1305 30.9914 1.9
    endloop
  endfacet
  facet normal 0.997836 -0.0657577 0
    outer loop
      vertex 64 30 5.5
      vertex 64.0086 30.1305 1.9
      vertex 64.0086 30.1305 5.5
    endloop
  endfacet
  facet normal 0.997836 -0.0657577 0
    outer loop
      vertex 64.0086 30.1305 1.9
      vertex 64 30 5.5
      vertex 64 30 1.9
    endloop
  endfacet
  facet normal 0.751486 0.659749 0
    outer loop
      vertex 64.2929 29.2929 5.5
      vertex 64.2066 29.3912 1.9
      vertex 64.2066 29.3912 5.5
    endloop
  endfacet
  facet normal 0.751486 0.659749 0
    outer loop
      vertex 64.2066 29.3912 1.9
      vertex 64.2929 29.2929 5.5
      vertex 64.2929 29.2929 1.9
    endloop
  endfacet
  facet normal 0.980815 0.19494 0
    outer loop
      vertex 64.0341 29.7412 5.5
      vertex 64.0086 29.8695 1.9
      vertex 64.0086 29.8695 5.5
    endloop
  endfacet
  facet normal 0.980815 0.19494 0
    outer loop
      vertex 64.0086 29.8695 1.9
      vertex 64.0341 29.7412 5.5
      vertex 64.0341 29.7412 1.9
    endloop
  endfacet
  facet normal -0.831815 0.555053 0
    outer loop
      vertex 65.7934 29.3912 1.9
      vertex 65.866 29.5 5.5
      vertex 65.866 29.5 1.9
    endloop
  endfacet
  facet normal -0.831815 0.555053 0
    outer loop
      vertex 65.866 29.5 5.5
      vertex 65.7934 29.3912 1.9
      vertex 65.7934 29.3912 5.5
    endloop
  endfacet
  facet normal 0.896709 -0.442621 0
    outer loop
      vertex 64.0761 30.3827 5.5
      vertex 64.134 30.5 1.9
      vertex 64.134 30.5 5.5
    endloop
  endfacet
  facet normal 0.896709 -0.442621 0
    outer loop
      vertex 64.134 30.5 1.9
      vertex 64.0761 30.3827 5.5
      vertex 64.0761 30.3827 1.9
    endloop
  endfacet
  facet normal 0.831815 0.555053 0
    outer loop
      vertex 64.2066 29.3912 5.5
      vertex 64.134 29.5 1.9
      vertex 64.134 29.5 5.5
    endloop
  endfacet
  facet normal 0.831815 0.555053 0
    outer loop
      vertex 64.134 29.5 1.9
      vertex 64.2066 29.3912 5.5
      vertex 64.2066 29.3912 1.9
    endloop
  endfacet
  facet normal 0.831815 -0.555053 0
    outer loop
      vertex 64.134 30.5 5.5
      vertex 64.2066 30.6088 1.9
      vertex 64.2066 30.6088 5.5
    endloop
  endfacet
  facet normal 0.831815 -0.555053 0
    outer loop
      vertex 64.2066 30.6088 1.9
      vertex 64.134 30.5 5.5
      vertex 64.134 30.5 1.9
    endloop
  endfacet
  facet normal 0.0657577 -0.997836 0
    outer loop
      vertex 64.8695 30.9914 1.9
      vertex 65 31 5.5
      vertex 64.8695 30.9914 5.5
    endloop
  endfacet
  facet normal 0.0657577 -0.997836 0
    outer loop
      vertex 65 31 5.5
      vertex 64.8695 30.9914 1.9
      vertex 65 31 1.9
    endloop
  endfacet
  facet normal 0.321039 -0.947066 0
    outer loop
      vertex 64.6173 30.9239 1.9
      vertex 64.7412 30.9659 5.5
      vertex 64.6173 30.9239 5.5
    endloop
  endfacet
  facet normal 0.321039 -0.947066 0
    outer loop
      vertex 64.7412 30.9659 5.5
      vertex 64.6173 30.9239 1.9
      vertex 64.7412 30.9659 1.9
    endloop
  endfacet
  facet normal 0.321039 0.947066 -0
    outer loop
      vertex 64.7412 29.0341 1.9
      vertex 64.6173 29.0761 5.5
      vertex 64.7412 29.0341 5.5
    endloop
  endfacet
  facet normal 0.321039 0.947066 0
    outer loop
      vertex 64.6173 29.0761 5.5
      vertex 64.7412 29.0341 1.9
      vertex 64.6173 29.0761 1.9
    endloop
  endfacet
  facet normal -0.442621 -0.896709 0
    outer loop
      vertex 65.3827 30.9239 1.9
      vertex 65.5 30.866 5.5
      vertex 65.3827 30.9239 5.5
    endloop
  endfacet
  facet normal -0.442621 -0.896709 -0
    outer loop
      vertex 65.5 30.866 5.5
      vertex 65.3827 30.9239 1.9
      vertex 65.5 30.866 1.9
    endloop
  endfacet
  facet normal -0.0657577 0.997836 0
    outer loop
      vertex 65.1305 29.0086 1.9
      vertex 65 29 5.5
      vertex 65.1305 29.0086 5.5
    endloop
  endfacet
  facet normal -0.0657577 0.997836 0
    outer loop
      vertex 65 29 5.5
      vertex 65.1305 29.0086 1.9
      vertex 65 29 1.9
    endloop
  endfacet
  facet normal -0.555053 0.831815 0
    outer loop
      vertex 65.6088 29.2066 1.9
      vertex 65.5 29.134 5.5
      vertex 65.6088 29.2066 5.5
    endloop
  endfacet
  facet normal -0.555053 0.831815 0
    outer loop
      vertex 65.5 29.134 5.5
      vertex 65.6088 29.2066 1.9
      vertex 65.5 29.134 1.9
    endloop
  endfacet
  facet normal -0.980815 0.19494 0
    outer loop
      vertex 65.9659 29.7412 1.9
      vertex 65.9914 29.8695 5.5
      vertex 65.9914 29.8695 1.9
    endloop
  endfacet
  facet normal -0.980815 0.19494 0
    outer loop
      vertex 65.9914 29.8695 5.5
      vertex 65.9659 29.7412 1.9
      vertex 65.9659 29.7412 5.5
    endloop
  endfacet
  facet normal 0.751486 -0.659749 0
    outer loop
      vertex 64.2066 30.6088 5.5
      vertex 64.2929 30.7071 1.9
      vertex 64.2929 30.7071 5.5
    endloop
  endfacet
  facet normal 0.751486 -0.659749 0
    outer loop
      vertex 64.2929 30.7071 1.9
      vertex 64.2066 30.6088 5.5
      vertex 64.2066 30.6088 1.9
    endloop
  endfacet
  facet normal 0.980815 -0.19494 0
    outer loop
      vertex 64.0086 30.1305 5.5
      vertex 64.0341 30.2588 1.9
      vertex 64.0341 30.2588 5.5
    endloop
  endfacet
  facet normal 0.980815 -0.19494 0
    outer loop
      vertex 64.0341 30.2588 1.9
      vertex 64.0086 30.1305 5.5
      vertex 64.0086 30.1305 1.9
    endloop
  endfacet
  facet normal -0.831815 -0.555053 0
    outer loop
      vertex 65.866 30.5 1.9
      vertex 65.7934 30.6088 5.5
      vertex 65.7934 30.6088 1.9
    endloop
  endfacet
  facet normal -0.831815 -0.555053 0
    outer loop
      vertex 65.7934 30.6088 5.5
      vertex 65.866 30.5 1.9
      vertex 65.866 30.5 5.5
    endloop
  endfacet
  facet normal -0.555053 -0.831815 0
    outer loop
      vertex 65.5 30.866 1.9
      vertex 65.6088 30.7934 5.5
      vertex 65.5 30.866 5.5
    endloop
  endfacet
  facet normal -0.555053 -0.831815 -0
    outer loop
      vertex 65.6088 30.7934 5.5
      vertex 65.5 30.866 1.9
      vertex 65.6088 30.7934 1.9
    endloop
  endfacet
  facet normal 0.997836 0.0657577 0
    outer loop
      vertex 64.0086 29.8695 5.5
      vertex 64 30 1.9
      vertex 64 30 5.5
    endloop
  endfacet
  facet normal 0.997836 0.0657577 0
    outer loop
      vertex 64 30 1.9
      vertex 64.0086 29.8695 5.5
      vertex 64.0086 29.8695 1.9
    endloop
  endfacet
  facet normal -0.321039 -0.947066 0
    outer loop
      vertex 65.2588 30.9659 1.9
      vertex 65.3827 30.9239 5.5
      vertex 65.2588 30.9659 5.5
    endloop
  endfacet
  facet normal -0.321039 -0.947066 -0
    outer loop
      vertex 65.3827 30.9239 5.5
      vertex 65.2588 30.9659 1.9
      vertex 65.3827 30.9239 1.9
    endloop
  endfacet
  facet normal -0.659749 0.751486 0
    outer loop
      vertex 65.7071 29.2929 1.9
      vertex 65.6088 29.2066 5.5
      vertex 65.7071 29.2929 5.5
    endloop
  endfacet
  facet normal -0.659749 0.751486 0
    outer loop
      vertex 65.6088 29.2066 5.5
      vertex 65.7071 29.2929 1.9
      vertex 65.6088 29.2066 1.9
    endloop
  endfacet
  facet normal 0.19494 -0.980815 0
    outer loop
      vertex 64.7412 30.9659 1.9
      vertex 64.8695 30.9914 5.5
      vertex 64.7412 30.9659 5.5
    endloop
  endfacet
  facet normal 0.19494 -0.980815 0
    outer loop
      vertex 64.8695 30.9914 5.5
      vertex 64.7412 30.9659 1.9
      vertex 64.8695 30.9914 1.9
    endloop
  endfacet
  facet normal -0.896709 -0.442621 0
    outer loop
      vertex 65.9239 30.3827 1.9
      vertex 65.866 30.5 5.5
      vertex 65.866 30.5 1.9
    endloop
  endfacet
  facet normal -0.896709 -0.442621 0
    outer loop
      vertex 65.866 30.5 5.5
      vertex 65.9239 30.3827 1.9
      vertex 65.9239 30.3827 5.5
    endloop
  endfacet
  facet normal 0.555053 0.831815 -0
    outer loop
      vertex 64.5 29.134 1.9
      vertex 64.3912 29.2066 5.5
      vertex 64.5 29.134 5.5
    endloop
  endfacet
  facet normal 0.555053 0.831815 0
    outer loop
      vertex 64.3912 29.2066 5.5
      vertex 64.5 29.134 1.9
      vertex 64.3912 29.2066 1.9
    endloop
  endfacet
  facet normal 0.659749 0.751486 -0
    outer loop
      vertex 64.3912 29.2066 1.9
      vertex 64.2929 29.2929 5.5
      vertex 64.3912 29.2066 5.5
    endloop
  endfacet
  facet normal 0.659749 0.751486 0
    outer loop
      vertex 64.2929 29.2929 5.5
      vertex 64.3912 29.2066 1.9
      vertex 64.2929 29.2929 1.9
    endloop
  endfacet
  facet normal -0.751486 0.659749 0
    outer loop
      vertex 65.7071 29.2929 1.9
      vertex 65.7934 29.3912 5.5
      vertex 65.7934 29.3912 1.9
    endloop
  endfacet
  facet normal -0.751486 0.659749 0
    outer loop
      vertex 65.7934 29.3912 5.5
      vertex 65.7071 29.2929 1.9
      vertex 65.7071 29.2929 5.5
    endloop
  endfacet
  facet normal 0 0 1
    outer loop
      vertex 65.9914 30.1305 1.9
      vertex 65.9914 29.8695 1.9
      vertex 66 30 1.9
    endloop
  endfacet
  facet normal 0 0 1
    outer loop
      vertex 65.9659 30.2588 1.9
      vertex 65.9914 29.8695 1.9
      vertex 65.9914 30.1305 1.9
    endloop
  endfacet
  facet normal 0 0 1
    outer loop
      vertex 65.9659 30.2588 1.9
      vertex 65.9659 29.7412 1.9
      vertex 65.9914 29.8695 1.9
    endloop
  endfacet
  facet normal 0 0 1
    outer loop
      vertex 65.9239 30.3827 1.9
      vertex 65.9659 29.7412 1.9
      vertex 65.9659 30.2588 1.9
    endloop
  endfacet
  facet normal 0 0 1
    outer loop
      vertex 65.9239 30.3827 1.9
      vertex 65.9239 29.6173 1.9
      vertex 65.9659 29.7412 1.9
    endloop
  endfacet
  facet normal 0 0 1
    outer loop
      vertex 65.866 30.5 1.9
      vertex 65.9239 29.6173 1.9
      vertex 65.9239 30.3827 1.9
    endloop
  endfacet
  facet normal 0 0 1
    outer loop
      vertex 65.866 30.5 1.9
      vertex 65.866 29.5 1.9
      vertex 65.9239 29.6173 1.9
    endloop
  endfacet
  facet normal 0 0 1
    outer loop
      vertex 65.7934 30.6088 1.9
      vertex 65.866 29.5 1.9
      vertex 65.866 30.5 1.9
    endloop
  endfacet
  facet normal 0 0 1
    outer loop
      vertex 65.7934 30.6088 1.9
      vertex 65.7934 29.3912 1.9
      vertex 65.866 29.5 1.9
    endloop
  endfacet
  facet normal 0 0 1
    outer loop
      vertex 65.7071 30.7071 1.9
      vertex 65.7934 29.3912 1.9
      vertex 65.7934 30.6088 1.9
    endloop
  endfacet
  facet normal 0 0 1
    outer loop
      vertex 65.7071 30.7071 1.9
      vertex 65.7071 29.2929 1.9
      vertex 65.7934 29.3912 1.9
    endloop
  endfacet
  facet normal 0 0 1
    outer loop
      vertex 65.6088 30.7934 1.9
      vertex 65.7071 29.2929 1.9
      vertex 65.7071 30.7071 1.9
    endloop
  endfacet
  facet normal 0 0 1
    outer loop
      vertex 65.6088 30.7934 1.9
      vertex 65.6088 29.2066 1.9
      vertex 65.7071 29.2929 1.9
    endloop
  endfacet
  facet normal 0 0 1
    outer loop
      vertex 65.5 30.866 1.9
      vertex 65.6088 29.2066 1.9
      vertex 65.6088 30.7934 1.9
    endloop
  endfacet
  facet normal 0 0 1
    outer loop
      vertex 65.5 30.866 1.9
      vertex 65.5 29.134 1.9
      vertex 65.6088 29.2066 1.9
    endloop
  endfacet
  facet normal 0 0 1
    outer loop
      vertex 65.3827 30.9239 1.9
      vertex 65.5 29.134 1.9
      vertex 65.5 30.866 1.9
    endloop
  endfacet
  facet normal 0 0 1
    outer loop
      vertex 65.3827 30.9239 1.9
      vertex 65.3827 29.0761 1.9
      vertex 65.5 29.134 1.9
    endloop
  endfacet
  facet normal 0 0 1
    outer loop
      vertex 65.2588 30.9659 1.9
      vertex 65.3827 29.0761 1.9
      vertex 65.3827 30.9239 1.9
    endloop
  endfacet
  facet normal 0 0 1
    outer loop
      vertex 65.2588 30.9659 1.9
      vertex 65.2588 29.0341 1.9
      vertex 65.3827 29.0761 1.9
    endloop
  endfacet
  facet normal 0 0 1
    outer loop
      vertex 65.1305 30.9914 1.9
      vertex 65.2588 29.0341 1.9
      vertex 65.2588 30.9659 1.9
    endloop
  endfacet
  facet normal 0 0 1
    outer loop
      vertex 65.1305 30.9914 1.9
      vertex 65.1305 29.0086 1.9
      vertex 65.2588 29.0341 1.9
    endloop
  endfacet
  facet normal 0 0 1
    outer loop
      vertex 65 31 1.9
      vertex 65.1305 29.0086 1.9
      vertex 65.1305 30.9914 1.9
    endloop
  endfacet
  facet normal 0 0 1
    outer loop
      vertex 65 31 1.9
      vertex 65 29 1.9
      vertex 65.1305 29.0086 1.9
    endloop
  endfacet
  facet normal -0 0 1
    outer loop
      vertex 64.8695 30.9914 1.9
      vertex 65 29 1.9
      vertex 65 31 1.9
    endloop
  endfacet
  facet normal 0 0 1
    outer loop
      vertex 64.8695 30.9914 1.9
      vertex 64.8695 29.0086 1.9
      vertex 65 29 1.9
    endloop
  endfacet
  facet normal -0 0 1
    outer loop
      vertex 64.7412 30.9659 1.9
      vertex 64.8695 29.0086 1.9
      vertex 64.8695 30.9914 1.9
    endloop
  endfacet
  facet normal 0 0 1
    outer loop
      vertex 64.7412 30.9659 1.9
      vertex 64.7412 29.0341 1.9
      vertex 64.8695 29.0086 1.9
    endloop
  endfacet
  facet normal -0 0 1
    outer loop
      vertex 64.6173 30.9239 1.9
      vertex 64.7412 29.0341 1.9
      vertex 64.7412 30.9659 1.9
    endloop
  endfacet
  facet normal 0 0 1
    outer loop
      vertex 64.6173 30.9239 1.9
      vertex 64.6173 29.0761 1.9
      vertex 64.7412 29.0341 1.9
    endloop
  endfacet
  facet normal -0 0 1
    outer loop
      vertex 64.5 30.866 1.9
      vertex 64.6173 29.0761 1.9
      vertex 64.6173 30.9239 1.9
    endloop
  endfacet
  facet normal 0 0 1
    outer loop
      vertex 64.5 30.866 1.9
      vertex 64.5 29.134 1.9
      vertex 64.6173 29.0761 1.9
    endloop
  endfacet
  facet normal -0 0 1
    outer loop
      vertex 64.3912 30.7934 1.9
      vertex 64.5 29.134 1.9
      vertex 64.5 30.866 1.9
    endloop
  endfacet
  facet normal 0 0 1
    outer loop
      vertex 64.3912 30.7934 1.9
      vertex 64.3912 29.2066 1.9
      vertex 64.5 29.134 1.9
    endloop
  endfacet
  facet normal -0 0 1
    outer loop
      vertex 64.2929 30.7071 1.9
      vertex 64.3912 29.2066 1.9
      vertex 64.3912 30.7934 1.9
    endloop
  endfacet
  facet normal 0 0 1
    outer loop
      vertex 64.2929 30.7071 1.9
      vertex 64.2929 29.2929 1.9
      vertex 64.3912 29.2066 1.9
    endloop
  endfacet
  facet normal -0 0 1
    outer loop
      vertex 64.2066 30.6088 1.9
      vertex 64.2929 29.2929 1.9
      vertex 64.2929 30.7071 1.9
    endloop
  endfacet
  facet normal 0 0 1
    outer loop
      vertex 64.2066 30.6088 1.9
      vertex 64.2066 29.3912 1.9
      vertex 64.2929 29.2929 1.9
    endloop
  endfacet
  facet normal -0 0 1
    outer loop
      vertex 64.134 30.5 1.9
      vertex 64.2066 29.3912 1.9
      vertex 64.2066 30.6088 1.9
    endloop
  endfacet
  facet normal 0 0 1
    outer loop
      vertex 64.134 30.5 1.9
      vertex 64.134 29.5 1.9
      vertex 64.2066 29.3912 1.9
    endloop
  endfacet
  facet normal -0 0 1
    outer loop
      vertex 64.0761 30.3827 1.9
      vertex 64.134 29.5 1.9
      vertex 64.134 30.5 1.9
    endloop
  endfacet
  facet normal 0 0 1
    outer loop
      vertex 64.0761 30.3827 1.9
      vertex 64.0761 29.6173 1.9
      vertex 64.134 29.5 1.9
    endloop
  endfacet
  facet normal -0 0 1
    outer loop
      vertex 64.0341 30.2588 1.9
      vertex 64.0761 29.6173 1.9
      vertex 64.0761 30.3827 1.9
    endloop
  endfacet
  facet normal 0 0 1
    outer loop
      vertex 64.0341 30.2588 1.9
      vertex 64.0341 29.7412 1.9
      vertex 64.0761 29.6173 1.9
    endloop
  endfacet
  facet normal -0 0 1
    outer loop
      vertex 64.0086 30.1305 1.9
      vertex 64.0341 29.7412 1.9
      vertex 64.0341 30.2588 1.9
    endloop
  endfacet
  facet normal 0 0 1
    outer loop
      vertex 64.0086 30.1305 1.9
      vertex 64.0086 29.8695 1.9
      vertex 64.0341 29.7412 1.9
    endloop
  endfacet
  facet normal 0 -0 1
    outer loop
      vertex 64.0086 29.8695 1.9
      vertex 64.0086 30.1305 1.9
      vertex 64 30 1.9
    endloop
  endfacet
  facet normal 0.896709 0.442621 0
    outer loop
      vertex 64.134 29.5 5.5
      vertex 64.0761 29.6173 1.9
      vertex 64.0761 29.6173 5.5
    endloop
  endfacet
  facet normal 0.896709 0.442621 0
    outer loop
      vertex 64.0761 29.6173 1.9
      vertex 64.134 29.5 5.5
      vertex 64.134 29.5 1.9
    endloop
  endfacet
  facet normal 0.0657577 0.997836 -0
    outer loop
      vertex 65 29 1.9
      vertex 64.8695 29.0086 5.5
      vertex 65 29 5.5
    endloop
  endfacet
  facet normal 0.0657577 0.997836 0
    outer loop
      vertex 64.8695 29.0086 5.5
      vertex 65 29 1.9
      vertex 64.8695 29.0086 1.9
    endloop
  endfacet
  facet normal -0.751486 -0.659749 0
    outer loop
      vertex 65.7934 30.6088 1.9
      vertex 65.7071 30.7071 5.5
      vertex 65.7071 30.7071 1.9
    endloop
  endfacet
  facet normal -0.751486 -0.659749 0
    outer loop
      vertex 65.7071 30.7071 5.5
      vertex 65.7934 30.6088 1.9
      vertex 65.7934 30.6088 5.5
    endloop
  endfacet
  facet normal 0.555053 -0.831815 0
    outer loop
      vertex 64.3912 30.7934 1.9
      vertex 64.5 30.866 5.5
      vertex 64.3912 30.7934 5.5
    endloop
  endfacet
  facet normal 0.555053 -0.831815 0
    outer loop
      vertex 64.5 30.866 5.5
      vertex 64.3912 30.7934 1.9
      vertex 64.5 30.866 1.9
    endloop
  endfacet
  facet normal -0.947066 -0.321039 0
    outer loop
      vertex 65.9659 30.2588 1.9
      vertex 65.9239 30.3827 5.5
      vertex 65.9239 30.3827 1.9
    endloop
  endfacet
  facet normal -0.947066 -0.321039 0
    outer loop
      vertex 65.9239 30.3827 5.5
      vertex 65.9659 30.2588 1.9
      vertex 65.9659 30.2588 5.5
    endloop
  endfacet
  facet normal -0.321039 0.947066 0
    outer loop
      vertex 65.3827 29.0761 1.9
      vertex 65.2588 29.0341 5.5
      vertex 65.3827 29.0761 5.5
    endloop
  endfacet
  facet normal -0.321039 0.947066 0
    outer loop
      vertex 65.2588 29.0341 5.5
      vertex 65.3827 29.0761 1.9
      vertex 65.2588 29.0341 1.9
    endloop
  endfacet
  facet normal -0.442621 0.896709 0
    outer loop
      vertex 65.5 29.134 1.9
      vertex 65.3827 29.0761 5.5
      vertex 65.5 29.134 5.5
    endloop
  endfacet
  facet normal -0.442621 0.896709 0
    outer loop
      vertex 65.3827 29.0761 5.5
      vertex 65.5 29.134 1.9
      vertex 65.3827 29.0761 1.9
    endloop
  endfacet
  facet normal -0.947066 0.321039 0
    outer loop
      vertex 65.9239 29.6173 1.9
      vertex 65.9659 29.7412 5.5
      vertex 65.9659 29.7412 1.9
    endloop
  endfacet
  facet normal -0.947066 0.321039 0
    outer loop
      vertex 65.9659 29.7412 5.5
      vertex 65.9239 29.6173 1.9
      vertex 65.9239 29.6173 5.5
    endloop
  endfacet
  facet normal 0.19494 0.980815 -0
    outer loop
      vertex 64.8695 29.0086 1.9
      vertex 64.7412 29.0341 5.5
      vertex 64.8695 29.0086 5.5
    endloop
  endfacet
  facet normal 0.19494 0.980815 0
    outer loop
      vertex 64.7412 29.0341 5.5
      vertex 64.8695 29.0086 1.9
      vertex 64.7412 29.0341 1.9
    endloop
  endfacet
  facet normal -0.19494 -0.980815 0
    outer loop
      vertex 65.1305 30.9914 1.9
      vertex 65.2588 30.9659 5.5
      vertex 65.1305 30.9914 5.5
    endloop
  endfacet
  facet normal -0.19494 -0.980815 -0
    outer loop
      vertex 65.2588 30.9659 5.5
      vertex 65.1305 30.9914 1.9
      vertex 65.2588 30.9659 1.9
    endloop
  endfacet
  facet normal 0.442621 0.896709 -0
    outer loop
      vertex 64.6173 29.0761 1.9
      vertex 64.5 29.134 5.5
      vertex 64.6173 29.0761 5.5
    endloop
  endfacet
  facet normal 0.442621 0.896709 0
    outer loop
      vertex 64.5 29.134 5.5
      vertex 64.6173 29.0761 1.9
      vertex 64.5 29.134 1.9
    endloop
  endfacet
  facet normal 0.947066 -0.321039 0
    outer loop
      vertex 64.0341 30.2588 5.5
      vertex 64.0761 30.3827 1.9
      vertex 64.0761 30.3827 5.5
    endloop
  endfacet
  facet normal 0.947066 -0.321039 0
    outer loop
      vertex 64.0761 30.3827 1.9
      vertex 64.0341 30.2588 5.5
      vertex 64.0341 30.2588 1.9
    endloop
  endfacet
endsolid OpenSCAD_Model
