solid OpenSCAD_Model
  facet normal 0.707107 0.707107 0
    outer loop
      vertex 72 32 2.2
      vertex 67 37 0
      vertex 67 37 2.2
    endloop
  endfacet
  facet normal 0.707107 0.707107 0
    outer loop
      vertex 67 37 0
      vertex 72 32 2.2
      vertex 72 32 0
    endloop
  endfacet
  facet normal 0 0 1
    outer loop
      vertex 72 32 2.2
      vertex 69.75 31.75 2.2
      vertex 72 5 2.2
    endloop
  endfacet
  facet normal 0 0 1
    outer loop
      vertex 67 37 2.2
      vertex 69.75 31.75 2.2
      vertex 72 32 2.2
    endloop
  endfacet
  facet normal 0 0 1
    outer loop
      vertex 67 37 2.2
      vertex 66.75 34.75 2.2
      vertex 69.75 31.75 2.2
    endloop
  endfacet
  facet normal 0 0 1
    outer loop
      vertex 67 37 2.2
      vertex 5.25 34.75 2.2
      vertex 66.75 34.75 2.2
    endloop
  endfacet
  facet normal -0 0 1
    outer loop
      vertex 5 37 2.2
      vertex 5.25 34.75 2.2
      vertex 67 37 2.2
    endloop
  endfacet
  facet normal 0 0 1
    outer loop
      vertex 5 37 2.2
      vertex 2.25 31.75 2.2
      vertex 5.25 34.75 2.2
    endloop
  endfacet
  facet normal 0 0 1
    outer loop
      vertex 2.25 31.75 2.2
      vertex 0 32 2.2
      vertex 2.25 5.25 2.2
    endloop
  endfacet
  facet normal -0 0 1
    outer loop
      vertex 0 32 2.2
      vertex 2.25 31.75 2.2
      vertex 5 37 2.2
    endloop
  endfacet
  facet normal -0 0 1
    outer loop
      vertex 69.75 5.25 2.2
      vertex 72 5 2.2
      vertex 69.75 31.75 2.2
    endloop
  endfacet
  facet normal 0 0 1
    outer loop
      vertex 69.75 5.25 2.2
      vertex 67 0 2.2
      vertex 72 5 2.2
    endloop
  endfacet
  facet normal -0 0 1
    outer loop
      vertex 66.75 2.25 2.2
      vertex 67 0 2.2
      vertex 69.75 5.25 2.2
    endloop
  endfacet
  facet normal -0 0 1
    outer loop
      vertex 5.25 2.25 2.2
      vertex 67 0 2.2
      vertex 66.75 2.25 2.2
    endloop
  endfacet
  facet normal 0 0 1
    outer loop
      vertex 5.25 2.25 2.2
      vertex 5 0 2.2
      vertex 67 0 2.2
    endloop
  endfacet
  facet normal 0 0 1
    outer loop
      vertex 2.25 5.25 2.2
      vertex 5 0 2.2
      vertex 5.25 2.25 2.2
    endloop
  endfacet
  facet normal 0 0 1
    outer loop
      vertex 2.25 5.25 2.2
      vertex 0 5 2.2
      vertex 5 0 2.2
    endloop
  endfacet
  facet normal 0 0 1
    outer loop
      vertex 0 5 2.2
      vertex 2.25 5.25 2.2
      vertex 0 32 2.2
    endloop
  endfacet
  facet normal 0 0 1
    outer loop
      vertex 8.33962 29.4451 2.2
      vertex 63.6604 29.4451 2.2
      vertex 8.40059 29.6247 2.2
    endloop
  endfacet
  facet normal 0 0 1
    outer loop
      vertex 63.6604 7.55489 2.2
      vertex 8.43759 7.18926 2.2
      vertex 8.45 7 2.2
    endloop
  endfacet
  facet normal 0 0 1
    outer loop
      vertex 63.6604 29.4451 2.2
      vertex 8.33962 29.4451 2.2
      vertex 63.6604 7.55489 2.2
    endloop
  endfacet
  facet normal 0 0 1
    outer loop
      vertex 63.6604 7.55489 2.2
      vertex 8.40059 7.37529 2.2
      vertex 8.43759 7.18926 2.2
    endloop
  endfacet
  facet normal 0 0 1
    outer loop
      vertex 8.33962 7.55489 2.2
      vertex 63.6604 7.55489 2.2
      vertex 8.33962 29.4451 2.2
    endloop
  endfacet
  facet normal 0 0 1
    outer loop
      vertex 63.6604 7.55489 2.2
      vertex 8.33962 7.55489 2.2
      vertex 8.40059 7.37529 2.2
    endloop
  endfacet
  facet normal -0 0 1
    outer loop
      vertex 8.25574 29.275 2.2
      vertex 8.33962 7.55489 2.2
      vertex 8.33962 29.4451 2.2
    endloop
  endfacet
  facet normal 0 0 1
    outer loop
      vertex 8.25574 29.275 2.2
      vertex 8.25574 7.725 2.2
      vertex 8.33962 7.55489 2.2
    endloop
  endfacet
  facet normal -0 0 1
    outer loop
      vertex 8.15036 29.1173 2.2
      vertex 8.25574 7.725 2.2
      vertex 8.25574 29.275 2.2
    endloop
  endfacet
  facet normal 0 0 1
    outer loop
      vertex 8.15036 29.1173 2.2
      vertex 8.15036 7.8827 2.2
      vertex 8.25574 7.725 2.2
    endloop
  endfacet
  facet normal -0 0 1
    outer loop
      vertex 8.0253 28.9747 2.2
      vertex 8.15036 7.8827 2.2
      vertex 8.15036 29.1173 2.2
    endloop
  endfacet
  facet normal 0 0 1
    outer loop
      vertex 8.0253 28.9747 2.2
      vertex 8.0253 8.0253 2.2
      vertex 8.15036 7.8827 2.2
    endloop
  endfacet
  facet normal -0 0 1
    outer loop
      vertex 7.8827 28.8496 2.2
      vertex 8.0253 8.0253 2.2
      vertex 8.0253 28.9747 2.2
    endloop
  endfacet
  facet normal 0 0 1
    outer loop
      vertex 7.8827 28.8496 2.2
      vertex 7.8827 8.15036 2.2
      vertex 8.0253 8.0253 2.2
    endloop
  endfacet
  facet normal -0 0 1
    outer loop
      vertex 7.725 28.7443 2.2
      vertex 7.8827 8.15036 2.2
      vertex 7.8827 28.8496 2.2
    endloop
  endfacet
  facet normal 0 0 1
    outer loop
      vertex 7.725 28.7443 2.2
      vertex 7.725 8.25574 2.2
      vertex 7.8827 8.15036 2.2
    endloop
  endfacet
  facet normal -0 0 1
    outer loop
      vertex 7.55489 28.6604 2.2
      vertex 7.725 8.25574 2.2
      vertex 7.725 28.7443 2.2
    endloop
  endfacet
  facet normal 0 0 1
    outer loop
      vertex 7.55489 28.6604 2.2
      vertex 7.55489 8.33962 2.2
      vertex 7.725 8.25574 2.2
    endloop
  endfacet
  facet normal -0 0 1
    outer loop
      vertex 7.37529 28.5994 2.2
      vertex 7.55489 8.33962 2.2
      vertex 7.55489 28.6604 2.2
    endloop
  endfacet
  facet normal 0 0 1
    outer loop
      vertex 7.37529 28.5994 2.2
      vertex 7.37529 8.40059 2.2
      vertex 7.55489 8.33962 2.2
    endloop
  endfacet
  facet normal -0 0 1
    outer loop
      vertex 7.18926 28.5624 2.2
      vertex 7.37529 8.40059 2.2
      vertex 7.37529 28.5994 2.2
    endloop
  endfacet
  facet normal 0 0 1
    outer loop
      vertex 7.18926 28.5624 2.2
      vertex 7.18926 8.43759 2.2
      vertex 7.37529 8.40059 2.2
    endloop
  endfacet
  facet normal -0 0 1
    outer loop
      vertex 7 28.55 2.2
      vertex 7.18926 8.43759 2.2
      vertex 7.18926 28.5624 2.2
    endloop
  endfacet
  facet normal 0 0 1
    outer loop
      vertex 7 28.55 2.2
      vertex 7 8.45 2.2
      vertex 7.18926 8.43759 2.2
    endloop
  endfacet
  facet normal 0 0 1
    outer loop
      vertex 6.81074 28.5624 2.2
      vertex 7 8.45 2.2
      vertex 7 28.55 2.2
    endloop
  endfacet
  facet normal 0 0 1
    outer loop
      vertex 6.81074 28.5624 2.2
      vertex 6.81074 8.43759 2.2
      vertex 7 8.45 2.2
    endloop
  endfacet
  facet normal 0 0 1
    outer loop
      vertex 6.62471 28.5994 2.2
      vertex 6.81074 8.43759 2.2
      vertex 6.81074 28.5624 2.2
    endloop
  endfacet
  facet normal 0 0 1
    outer loop
      vertex 6.62471 28.5994 2.2
      vertex 6.62471 8.40059 2.2
      vertex 6.81074 8.43759 2.2
    endloop
  endfacet
  facet normal 0 0 1
    outer loop
      vertex 6.44511 28.6604 2.2
      vertex 6.62471 8.40059 2.2
      vertex 6.62471 28.5994 2.2
    endloop
  endfacet
  facet normal 0 0 1
    outer loop
      vertex 6.44511 28.6604 2.2
      vertex 6.44511 8.33962 2.2
      vertex 6.62471 8.40059 2.2
    endloop
  endfacet
  facet normal 0 0 1
    outer loop
      vertex 6.275 28.7443 2.2
      vertex 6.44511 8.33962 2.2
      vertex 6.44511 28.6604 2.2
    endloop
  endfacet
  facet normal 0 0 1
    outer loop
      vertex 6.275 28.7443 2.2
      vertex 6.275 8.25574 2.2
      vertex 6.44511 8.33962 2.2
    endloop
  endfacet
  facet normal 0 0 1
    outer loop
      vertex 6.1173 28.8496 2.2
      vertex 6.275 8.25574 2.2
      vertex 6.275 28.7443 2.2
    endloop
  endfacet
  facet normal 0 0 1
    outer loop
      vertex 6.1173 28.8496 2.2
      vertex 6.1173 8.15036 2.2
      vertex 6.275 8.25574 2.2
    endloop
  endfacet
  facet normal 0 0 1
    outer loop
      vertex 5.97469 28.9747 2.2
      vertex 6.1173 8.15036 2.2
      vertex 6.1173 28.8496 2.2
    endloop
  endfacet
  facet normal 0 0 1
    outer loop
      vertex 5.97469 28.9747 2.2
      vertex 5.97469 8.0253 2.2
      vertex 6.1173 8.15036 2.2
    endloop
  endfacet
  facet normal 0 0 1
    outer loop
      vertex 5.84964 29.1173 2.2
      vertex 5.97469 8.0253 2.2
      vertex 5.97469 28.9747 2.2
    endloop
  endfacet
  facet normal 0 0 1
    outer loop
      vertex 5.84964 29.1173 2.2
      vertex 5.84964 7.8827 2.2
      vertex 5.97469 8.0253 2.2
    endloop
  endfacet
  facet normal 0 0 1
    outer loop
      vertex 3.45 31.75 2.2
      vertex 5.84964 29.1173 2.2
      vertex 5.74426 29.275 2.2
    endloop
  endfacet
  facet normal 0 0 1
    outer loop
      vertex 5.84964 29.1173 2.2
      vertex 3.45 31.75 2.2
      vertex 5.84964 7.8827 2.2
    endloop
  endfacet
  facet normal 0 0 1
    outer loop
      vertex 3.45 31.75 2.2
      vertex 5.74426 29.275 2.2
      vertex 5.66037 29.4451 2.2
    endloop
  endfacet
  facet normal 0 0 1
    outer loop
      vertex 3.45 5.24998 2.2
      vertex 5.84964 7.8827 2.2
      vertex 3.45 31.75 2.2
    endloop
  endfacet
  facet normal 0 0 1
    outer loop
      vertex 3.45 31.75 2.2
      vertex 5.66037 29.4451 2.2
      vertex 5.59941 29.6247 2.2
    endloop
  endfacet
  facet normal 0 0 1
    outer loop
      vertex 5.84964 7.8827 2.2
      vertex 3.45 5.24998 2.2
      vertex 5.74426 7.725 2.2
    endloop
  endfacet
  facet normal 0 0 1
    outer loop
      vertex 3.45 31.75 2.2
      vertex 5.59941 29.6247 2.2
      vertex 5.5624 29.8107 2.2
    endloop
  endfacet
  facet normal 0 0 1
    outer loop
      vertex 5.74426 7.725 2.2
      vertex 3.45 5.24998 2.2
      vertex 5.66037 7.55489 2.2
    endloop
  endfacet
  facet normal 0 0 1
    outer loop
      vertex 3.45 31.75 2.2
      vertex 5.5624 29.8107 2.2
      vertex 5.55 30 2.2
    endloop
  endfacet
  facet normal 0 0 1
    outer loop
      vertex 5.66037 7.55489 2.2
      vertex 3.45 5.24998 2.2
      vertex 5.59941 7.37529 2.2
    endloop
  endfacet
  facet normal 0 0 1
    outer loop
      vertex 66.3396 29.4451 2.2
      vertex 68.55 31.75 2.2
      vertex 66.4006 29.6247 2.2
    endloop
  endfacet
  facet normal 0 0 1
    outer loop
      vertex 68.55 5.24998 2.2
      vertex 66.4376 7.18926 2.2
      vertex 66.45 7 2.2
    endloop
  endfacet
  facet normal 0 0 1
    outer loop
      vertex 66.2557 29.275 2.2
      vertex 68.55 31.75 2.2
      vertex 66.3396 29.4451 2.2
    endloop
  endfacet
  facet normal 0 0 1
    outer loop
      vertex 68.55 5.24998 2.2
      vertex 66.4006 7.37529 2.2
      vertex 66.4376 7.18926 2.2
    endloop
  endfacet
  facet normal 0 0 1
    outer loop
      vertex 66.1504 29.1173 2.2
      vertex 68.55 31.75 2.2
      vertex 66.2557 29.275 2.2
    endloop
  endfacet
  facet normal 0 0 1
    outer loop
      vertex 68.55 5.24998 2.2
      vertex 66.3396 7.55489 2.2
      vertex 66.4006 7.37529 2.2
    endloop
  endfacet
  facet normal 0 0 1
    outer loop
      vertex 68.55 31.75 2.2
      vertex 66.1504 29.1173 2.2
      vertex 68.55 5.24998 2.2
    endloop
  endfacet
  facet normal 0 0 1
    outer loop
      vertex 68.55 5.24998 2.2
      vertex 66.2557 7.725 2.2
      vertex 66.3396 7.55489 2.2
    endloop
  endfacet
  facet normal -0 0 1
    outer loop
      vertex 66.1504 7.8827 2.2
      vertex 68.55 5.24998 2.2
      vertex 66.1504 29.1173 2.2
    endloop
  endfacet
  facet normal 0 0 1
    outer loop
      vertex 68.55 5.24998 2.2
      vertex 66.1504 7.8827 2.2
      vertex 66.2557 7.725 2.2
    endloop
  endfacet
  facet normal -0 0 1
    outer loop
      vertex 66.0253 28.9747 2.2
      vertex 66.1504 7.8827 2.2
      vertex 66.1504 29.1173 2.2
    endloop
  endfacet
  facet normal 0 0 1
    outer loop
      vertex 66.0253 28.9747 2.2
      vertex 66.0253 8.0253 2.2
      vertex 66.1504 7.8827 2.2
    endloop
  endfacet
  facet normal -0 0 1
    outer loop
      vertex 65.8827 28.8496 2.2
      vertex 66.0253 8.0253 2.2
      vertex 66.0253 28.9747 2.2
    endloop
  endfacet
  facet normal 0 0 1
    outer loop
      vertex 65.8827 28.8496 2.2
      vertex 65.8827 8.15036 2.2
      vertex 66.0253 8.0253 2.2
    endloop
  endfacet
  facet normal -0 0 1
    outer loop
      vertex 65.725 28.7443 2.2
      vertex 65.8827 8.15036 2.2
      vertex 65.8827 28.8496 2.2
    endloop
  endfacet
  facet normal 0 0 1
    outer loop
      vertex 65.725 28.7443 2.2
      vertex 65.725 8.25574 2.2
      vertex 65.8827 8.15036 2.2
    endloop
  endfacet
  facet normal -0 0 1
    outer loop
      vertex 65.5549 28.6604 2.2
      vertex 65.725 8.25574 2.2
      vertex 65.725 28.7443 2.2
    endloop
  endfacet
  facet normal 0 0 1
    outer loop
      vertex 65.5549 28.6604 2.2
      vertex 65.5549 8.33962 2.2
      vertex 65.725 8.25574 2.2
    endloop
  endfacet
  facet normal -0 0 1
    outer loop
      vertex 65.3753 28.5994 2.2
      vertex 65.5549 8.33962 2.2
      vertex 65.5549 28.6604 2.2
    endloop
  endfacet
  facet normal 0 0 1
    outer loop
      vertex 65.3753 28.5994 2.2
      vertex 65.3753 8.40059 2.2
      vertex 65.5549 8.33962 2.2
    endloop
  endfacet
  facet normal -0 0 1
    outer loop
      vertex 65.1893 28.5624 2.2
      vertex 65.3753 8.40059 2.2
      vertex 65.3753 28.5994 2.2
    endloop
  endfacet
  facet normal 0 0 1
    outer loop
      vertex 65.1893 28.5624 2.2
      vertex 65.1893 8.43759 2.2
      vertex 65.3753 8.40059 2.2
    endloop
  endfacet
  facet normal -0 0 1
    outer loop
      vertex 65 28.55 2.2
      vertex 65.1893 8.43759 2.2
      vertex 65.1893 28.5624 2.2
    endloop
  endfacet
  facet normal 0 0 1
    outer loop
      vertex 65 28.55 2.2
      vertex 65 8.45 2.2
      vertex 65.1893 8.43759 2.2
    endloop
  endfacet
  facet normal 0 0 1
    outer loop
      vertex 64.8107 28.5624 2.2
      vertex 65 8.45 2.2
      vertex 65 28.55 2.2
    endloop
  endfacet
  facet normal 0 0 1
    outer loop
      vertex 64.8107 28.5624 2.2
      vertex 64.8107 8.43759 2.2
      vertex 65 8.45 2.2
    endloop
  endfacet
  facet normal 0 0 1
    outer loop
      vertex 64.6247 28.5994 2.2
      vertex 64.8107 8.43759 2.2
      vertex 64.8107 28.5624 2.2
    endloop
  endfacet
  facet normal 0 0 1
    outer loop
      vertex 64.6247 28.5994 2.2
      vertex 64.6247 8.40059 2.2
      vertex 64.8107 8.43759 2.2
    endloop
  endfacet
  facet normal 0 0 1
    outer loop
      vertex 64.4451 28.6604 2.2
      vertex 64.6247 8.40059 2.2
      vertex 64.6247 28.5994 2.2
    endloop
  endfacet
  facet normal 0 0 1
    outer loop
      vertex 64.4451 28.6604 2.2
      vertex 64.4451 8.33962 2.2
      vertex 64.6247 8.40059 2.2
    endloop
  endfacet
  facet normal 0 0 1
    outer loop
      vertex 64.275 28.7443 2.2
      vertex 64.4451 8.33962 2.2
      vertex 64.4451 28.6604 2.2
    endloop
  endfacet
  facet normal 0 0 1
    outer loop
      vertex 64.275 28.7443 2.2
      vertex 64.275 8.25574 2.2
      vertex 64.4451 8.33962 2.2
    endloop
  endfacet
  facet normal 0 0 1
    outer loop
      vertex 64.1173 28.8496 2.2
      vertex 64.275 8.25574 2.2
      vertex 64.275 28.7443 2.2
    endloop
  endfacet
  facet normal 0 0 1
    outer loop
      vertex 64.1173 28.8496 2.2
      vertex 64.1173 8.15036 2.2
      vertex 64.275 8.25574 2.2
    endloop
  endfacet
  facet normal 0 0 1
    outer loop
      vertex 63.9747 28.9747 2.2
      vertex 64.1173 8.15036 2.2
      vertex 64.1173 28.8496 2.2
    endloop
  endfacet
  facet normal 0 0 1
    outer loop
      vertex 63.9747 28.9747 2.2
      vertex 63.9747 8.0253 2.2
      vertex 64.1173 8.15036 2.2
    endloop
  endfacet
  facet normal 0 0 1
    outer loop
      vertex 63.8496 29.1173 2.2
      vertex 63.9747 8.0253 2.2
      vertex 63.9747 28.9747 2.2
    endloop
  endfacet
  facet normal 0 0 1
    outer loop
      vertex 63.8496 29.1173 2.2
      vertex 63.8496 7.8827 2.2
      vertex 63.9747 8.0253 2.2
    endloop
  endfacet
  facet normal 0 0 1
    outer loop
      vertex 63.7443 29.275 2.2
      vertex 63.8496 7.8827 2.2
      vertex 63.8496 29.1173 2.2
    endloop
  endfacet
  facet normal 0 0 1
    outer loop
      vertex 63.7443 29.275 2.2
      vertex 63.7443 7.725 2.2
      vertex 63.8496 7.8827 2.2
    endloop
  endfacet
  facet normal 0 0 1
    outer loop
      vertex 63.6604 29.4451 2.2
      vertex 63.7443 7.725 2.2
      vertex 63.7443 29.275 2.2
    endloop
  endfacet
  facet normal 0 0 1
    outer loop
      vertex 63.6604 29.4451 2.2
      vertex 63.6604 7.55489 2.2
      vertex 63.7443 7.725 2.2
    endloop
  endfacet
  facet normal 0 0 1
    outer loop
      vertex 63.5624 29.8107 2.2
      vertex 8.43759 29.8107 2.2
      vertex 63.5994 29.6247 2.2
    endloop
  endfacet
  facet normal 0 0 1
    outer loop
      vertex 8.40059 29.6247 2.2
      vertex 63.5994 29.6247 2.2
      vertex 8.43759 29.8107 2.2
    endloop
  endfacet
  facet normal 0 0 1
    outer loop
      vertex 8.43759 29.8107 2.2
      vertex 63.5624 29.8107 2.2
      vertex 8.45 30 2.2
    endloop
  endfacet
  facet normal 0 0 1
    outer loop
      vertex 63.5994 29.6247 2.2
      vertex 8.40059 29.6247 2.2
      vertex 63.6604 29.4451 2.2
    endloop
  endfacet
  facet normal -0 0 1
    outer loop
      vertex 8.45 30 2.2
      vertex 63.5624 29.8107 2.2
      vertex 63.55 30 2.2
    endloop
  endfacet
  facet normal 0 0 1
    outer loop
      vertex 63.6604 7.55489 2.2
      vertex 8.45 7 2.2
      vertex 63.5994 7.37529 2.2
    endloop
  endfacet
  facet normal 0 0 1
    outer loop
      vertex 66.0253 31.0253 2.2
      vertex 68.55 31.75 2.2
      vertex 66.75 33.55 2.2
    endloop
  endfacet
  facet normal 0 0 1
    outer loop
      vertex 66.4376 29.8107 2.2
      vertex 68.55 31.75 2.2
      vertex 66.45 30 2.2
    endloop
  endfacet
  facet normal 0 0 1
    outer loop
      vertex 66.4006 29.6247 2.2
      vertex 68.55 31.75 2.2
      vertex 66.4376 29.8107 2.2
    endloop
  endfacet
  facet normal 0 0 1
    outer loop
      vertex 68.55 31.75 2.2
      vertex 66.4376 30.1893 2.2
      vertex 66.45 30 2.2
    endloop
  endfacet
  facet normal 0 0 1
    outer loop
      vertex 68.55 31.75 2.2
      vertex 66.4006 30.3753 2.2
      vertex 66.4376 30.1893 2.2
    endloop
  endfacet
  facet normal 0 0 1
    outer loop
      vertex 68.55 31.75 2.2
      vertex 66.3396 30.5549 2.2
      vertex 66.4006 30.3753 2.2
    endloop
  endfacet
  facet normal 0 0 1
    outer loop
      vertex 68.55 31.75 2.2
      vertex 66.2557 30.725 2.2
      vertex 66.3396 30.5549 2.2
    endloop
  endfacet
  facet normal 0 0 1
    outer loop
      vertex 68.55 31.75 2.2
      vertex 66.1504 30.8827 2.2
      vertex 66.2557 30.725 2.2
    endloop
  endfacet
  facet normal 0 0 1
    outer loop
      vertex 68.55 31.75 2.2
      vertex 66.0253 31.0253 2.2
      vertex 66.1504 30.8827 2.2
    endloop
  endfacet
  facet normal 0 0 1
    outer loop
      vertex 66.75 33.55 2.2
      vertex 65.8827 31.1504 2.2
      vertex 66.0253 31.0253 2.2
    endloop
  endfacet
  facet normal 0 0 1
    outer loop
      vertex 66.75 33.55 2.2
      vertex 65.725 31.2557 2.2
      vertex 65.8827 31.1504 2.2
    endloop
  endfacet
  facet normal 0 0 1
    outer loop
      vertex 66.75 33.55 2.2
      vertex 65.5549 31.3396 2.2
      vertex 65.725 31.2557 2.2
    endloop
  endfacet
  facet normal 0 0 1
    outer loop
      vertex 66.75 33.55 2.2
      vertex 65.3753 31.4006 2.2
      vertex 65.5549 31.3396 2.2
    endloop
  endfacet
  facet normal 0 0 1
    outer loop
      vertex 66.75 33.55 2.2
      vertex 65.1893 31.4376 2.2
      vertex 65.3753 31.4006 2.2
    endloop
  endfacet
  facet normal 0 0 1
    outer loop
      vertex 66.75 33.55 2.2
      vertex 65 31.45 2.2
      vertex 65.1893 31.4376 2.2
    endloop
  endfacet
  facet normal 0 0 1
    outer loop
      vertex 66.75 33.55 2.2
      vertex 64.8107 31.4376 2.2
      vertex 65 31.45 2.2
    endloop
  endfacet
  facet normal 0 0 1
    outer loop
      vertex 66.75 33.55 2.2
      vertex 64.6247 31.4006 2.2
      vertex 64.8107 31.4376 2.2
    endloop
  endfacet
  facet normal 0 0 1
    outer loop
      vertex 66.75 33.55 2.2
      vertex 64.4451 31.3396 2.2
      vertex 64.6247 31.4006 2.2
    endloop
  endfacet
  facet normal 0 0 1
    outer loop
      vertex 66.75 33.55 2.2
      vertex 64.275 31.2557 2.2
      vertex 64.4451 31.3396 2.2
    endloop
  endfacet
  facet normal 0 0 1
    outer loop
      vertex 66.75 33.55 2.2
      vertex 64.1173 31.1504 2.2
      vertex 64.275 31.2557 2.2
    endloop
  endfacet
  facet normal 0 0 1
    outer loop
      vertex 7.8827 31.1504 2.2
      vertex 64.1173 31.1504 2.2
      vertex 66.75 33.55 2.2
    endloop
  endfacet
  facet normal 0 0 1
    outer loop
      vertex 63.5994 7.37529 2.2
      vertex 8.45 7 2.2
      vertex 63.5624 7.18926 2.2
    endloop
  endfacet
  facet normal 0 0 1
    outer loop
      vertex 63.5624 30.1893 2.2
      vertex 8.45 30 2.2
      vertex 63.55 30 2.2
    endloop
  endfacet
  facet normal 0 0 1
    outer loop
      vertex 8.43759 30.1893 2.2
      vertex 63.5624 30.1893 2.2
      vertex 63.5994 30.3753 2.2
    endloop
  endfacet
  facet normal 0 0 1
    outer loop
      vertex 8.40059 30.3753 2.2
      vertex 63.5994 30.3753 2.2
      vertex 63.6604 30.5549 2.2
    endloop
  endfacet
  facet normal 0 0 1
    outer loop
      vertex 8.33962 30.5549 2.2
      vertex 63.6604 30.5549 2.2
      vertex 63.7443 30.725 2.2
    endloop
  endfacet
  facet normal 0 0 1
    outer loop
      vertex 8.25574 30.725 2.2
      vertex 63.7443 30.725 2.2
      vertex 63.8496 30.8827 2.2
    endloop
  endfacet
  facet normal 0 0 1
    outer loop
      vertex 8.15036 30.8827 2.2
      vertex 63.8496 30.8827 2.2
      vertex 63.9747 31.0253 2.2
    endloop
  endfacet
  facet normal 0 0 1
    outer loop
      vertex 64.1173 31.1504 2.2
      vertex 7.8827 31.1504 2.2
      vertex 63.9747 31.0253 2.2
    endloop
  endfacet
  facet normal 0 0 1
    outer loop
      vertex 63.5624 30.1893 2.2
      vertex 8.43759 30.1893 2.2
      vertex 8.45 30 2.2
    endloop
  endfacet
  facet normal 0 0 1
    outer loop
      vertex 63.5994 30.3753 2.2
      vertex 8.40059 30.3753 2.2
      vertex 8.43759 30.1893 2.2
    endloop
  endfacet
  facet normal 0 0 1
    outer loop
      vertex 63.6604 30.5549 2.2
      vertex 8.33962 30.5549 2.2
      vertex 8.40059 30.3753 2.2
    endloop
  endfacet
  facet normal 0 0 1
    outer loop
      vertex 63.7443 30.725 2.2
      vertex 8.25574 30.725 2.2
      vertex 8.33962 30.5549 2.2
    endloop
  endfacet
  facet normal 0 0 1
    outer loop
      vertex 63.8496 30.8827 2.2
      vertex 8.15036 30.8827 2.2
      vertex 8.25574 30.725 2.2
    endloop
  endfacet
  facet normal 0 0 1
    outer loop
      vertex 63.9747 31.0253 2.2
      vertex 8.0253 31.0253 2.2
      vertex 8.15036 30.8827 2.2
    endloop
  endfacet
  facet normal 0 0 1
    outer loop
      vertex 63.9747 31.0253 2.2
      vertex 7.8827 31.1504 2.2
      vertex 8.0253 31.0253 2.2
    endloop
  endfacet
  facet normal -0 0 1
    outer loop
      vertex 5.24998 33.55 2.2
      vertex 7.8827 31.1504 2.2
      vertex 66.75 33.55 2.2
    endloop
  endfacet
  facet normal 0 0 1
    outer loop
      vertex 7.8827 31.1504 2.2
      vertex 5.24998 33.55 2.2
      vertex 7.725 31.2557 2.2
    endloop
  endfacet
  facet normal 0 0 1
    outer loop
      vertex 7.725 31.2557 2.2
      vertex 5.24998 33.55 2.2
      vertex 7.55489 31.3396 2.2
    endloop
  endfacet
  facet normal 0 0 1
    outer loop
      vertex 7.55489 31.3396 2.2
      vertex 5.24998 33.55 2.2
      vertex 7.37529 31.4006 2.2
    endloop
  endfacet
  facet normal 0 0 1
    outer loop
      vertex 7.37529 31.4006 2.2
      vertex 5.24998 33.55 2.2
      vertex 7.18926 31.4376 2.2
    endloop
  endfacet
  facet normal 0 0 1
    outer loop
      vertex 5.5624 30.1893 2.2
      vertex 3.45 31.75 2.2
      vertex 5.55 30 2.2
    endloop
  endfacet
  facet normal 0 0 1
    outer loop
      vertex 5.59941 30.3753 2.2
      vertex 3.45 31.75 2.2
      vertex 5.5624 30.1893 2.2
    endloop
  endfacet
  facet normal 0 0 1
    outer loop
      vertex 5.66037 30.5549 2.2
      vertex 3.45 31.75 2.2
      vertex 5.59941 30.3753 2.2
    endloop
  endfacet
  facet normal 0 0 1
    outer loop
      vertex 5.74426 30.725 2.2
      vertex 3.45 31.75 2.2
      vertex 5.66037 30.5549 2.2
    endloop
  endfacet
  facet normal 0 0 1
    outer loop
      vertex 5.84964 30.8827 2.2
      vertex 3.45 31.75 2.2
      vertex 5.74426 30.725 2.2
    endloop
  endfacet
  facet normal 0 0 1
    outer loop
      vertex 5.97469 31.0253 2.2
      vertex 3.45 31.75 2.2
      vertex 5.84964 30.8827 2.2
    endloop
  endfacet
  facet normal -0 0 1
    outer loop
      vertex 3.45 31.75 2.2
      vertex 5.97469 31.0253 2.2
      vertex 5.24998 33.55 2.2
    endloop
  endfacet
  facet normal 0 0 1
    outer loop
      vertex 6.1173 31.1504 2.2
      vertex 5.24998 33.55 2.2
      vertex 5.97469 31.0253 2.2
    endloop
  endfacet
  facet normal 0 0 1
    outer loop
      vertex 6.275 31.2557 2.2
      vertex 5.24998 33.55 2.2
      vertex 6.1173 31.1504 2.2
    endloop
  endfacet
  facet normal 0 0 1
    outer loop
      vertex 6.44511 31.3396 2.2
      vertex 5.24998 33.55 2.2
      vertex 6.275 31.2557 2.2
    endloop
  endfacet
  facet normal 0 0 1
    outer loop
      vertex 6.62471 31.4006 2.2
      vertex 5.24998 33.55 2.2
      vertex 6.44511 31.3396 2.2
    endloop
  endfacet
  facet normal 0 0 1
    outer loop
      vertex 6.81074 31.4376 2.2
      vertex 5.24998 33.55 2.2
      vertex 6.62471 31.4006 2.2
    endloop
  endfacet
  facet normal 0 0 1
    outer loop
      vertex 7 31.45 2.2
      vertex 5.24998 33.55 2.2
      vertex 6.81074 31.4376 2.2
    endloop
  endfacet
  facet normal 0 0 1
    outer loop
      vertex 7.18926 31.4376 2.2
      vertex 5.24998 33.55 2.2
      vertex 7 31.45 2.2
    endloop
  endfacet
  facet normal -0 0 1
    outer loop
      vertex 66.4376 6.81074 2.2
      vertex 68.55 5.24998 2.2
      vertex 66.45 7 2.2
    endloop
  endfacet
  facet normal -0 0 1
    outer loop
      vertex 66.4006 6.62471 2.2
      vertex 68.55 5.24998 2.2
      vertex 66.4376 6.81074 2.2
    endloop
  endfacet
  facet normal -0 0 1
    outer loop
      vertex 66.3396 6.44511 2.2
      vertex 68.55 5.24998 2.2
      vertex 66.4006 6.62471 2.2
    endloop
  endfacet
  facet normal -0 0 1
    outer loop
      vertex 66.2557 6.275 2.2
      vertex 68.55 5.24998 2.2
      vertex 66.3396 6.44511 2.2
    endloop
  endfacet
  facet normal -0 0 1
    outer loop
      vertex 66.1504 6.1173 2.2
      vertex 68.55 5.24998 2.2
      vertex 66.2557 6.275 2.2
    endloop
  endfacet
  facet normal -0 0 1
    outer loop
      vertex 66.0253 5.97469 2.2
      vertex 68.55 5.24998 2.2
      vertex 66.1504 6.1173 2.2
    endloop
  endfacet
  facet normal 0 0 1
    outer loop
      vertex 68.55 5.24998 2.2
      vertex 66.0253 5.97469 2.2
      vertex 66.75 3.45 2.2
    endloop
  endfacet
  facet normal -0 0 1
    outer loop
      vertex 65.8827 5.84964 2.2
      vertex 66.75 3.45 2.2
      vertex 66.0253 5.97469 2.2
    endloop
  endfacet
  facet normal -0 0 1
    outer loop
      vertex 65.725 5.74426 2.2
      vertex 66.75 3.45 2.2
      vertex 65.8827 5.84964 2.2
    endloop
  endfacet
  facet normal -0 0 1
    outer loop
      vertex 65.5549 5.66037 2.2
      vertex 66.75 3.45 2.2
      vertex 65.725 5.74426 2.2
    endloop
  endfacet
  facet normal -0 0 1
    outer loop
      vertex 65.3753 5.59941 2.2
      vertex 66.75 3.45 2.2
      vertex 65.5549 5.66037 2.2
    endloop
  endfacet
  facet normal -0 0 1
    outer loop
      vertex 65.1893 5.5624 2.2
      vertex 66.75 3.45 2.2
      vertex 65.3753 5.59941 2.2
    endloop
  endfacet
  facet normal -0 0 1
    outer loop
      vertex 65 5.55 2.2
      vertex 66.75 3.45 2.2
      vertex 65.1893 5.5624 2.2
    endloop
  endfacet
  facet normal 0 0 1
    outer loop
      vertex 64.8107 5.5624 2.2
      vertex 66.75 3.45 2.2
      vertex 65 5.55 2.2
    endloop
  endfacet
  facet normal 0 0 1
    outer loop
      vertex 64.6247 5.59941 2.2
      vertex 66.75 3.45 2.2
      vertex 64.8107 5.5624 2.2
    endloop
  endfacet
  facet normal 0 0 1
    outer loop
      vertex 64.4451 5.66037 2.2
      vertex 66.75 3.45 2.2
      vertex 64.6247 5.59941 2.2
    endloop
  endfacet
  facet normal 0 0 1
    outer loop
      vertex 64.275 5.74426 2.2
      vertex 66.75 3.45 2.2
      vertex 64.4451 5.66037 2.2
    endloop
  endfacet
  facet normal 0 0 1
    outer loop
      vertex 64.1173 5.84964 2.2
      vertex 66.75 3.45 2.2
      vertex 64.275 5.74426 2.2
    endloop
  endfacet
  facet normal 0 0 1
    outer loop
      vertex 7.8827 5.84964 2.2
      vertex 64.1173 5.84964 2.2
      vertex 63.9747 5.97469 2.2
    endloop
  endfacet
  facet normal 0 0 1
    outer loop
      vertex 63.5624 7.18926 2.2
      vertex 8.45 7 2.2
      vertex 63.55 7 2.2
    endloop
  endfacet
  facet normal 0 0 1
    outer loop
      vertex 63.55 7 2.2
      vertex 8.45 7 2.2
      vertex 63.5624 6.81074 2.2
    endloop
  endfacet
  facet normal 0 0 1
    outer loop
      vertex 8.43759 6.81074 2.2
      vertex 63.5624 6.81074 2.2
      vertex 8.45 7 2.2
    endloop
  endfacet
  facet normal 0 0 1
    outer loop
      vertex 63.5624 6.81074 2.2
      vertex 8.43759 6.81074 2.2
      vertex 63.5994 6.62471 2.2
    endloop
  endfacet
  facet normal 0 0 1
    outer loop
      vertex 8.40059 6.62471 2.2
      vertex 63.5994 6.62471 2.2
      vertex 8.43759 6.81074 2.2
    endloop
  endfacet
  facet normal 0 0 1
    outer loop
      vertex 63.5994 6.62471 2.2
      vertex 8.40059 6.62471 2.2
      vertex 63.6604 6.44511 2.2
    endloop
  endfacet
  facet normal 0 0 1
    outer loop
      vertex 8.33962 6.44511 2.2
      vertex 63.6604 6.44511 2.2
      vertex 8.40059 6.62471 2.2
    endloop
  endfacet
  facet normal 0 0 1
    outer loop
      vertex 63.6604 6.44511 2.2
      vertex 8.33962 6.44511 2.2
      vertex 63.7443 6.275 2.2
    endloop
  endfacet
  facet normal 0 0 1
    outer loop
      vertex 8.25574 6.275 2.2
      vertex 63.7443 6.275 2.2
      vertex 8.33962 6.44511 2.2
    endloop
  endfacet
  facet normal 0 0 1
    outer loop
      vertex 63.7443 6.275 2.2
      vertex 8.25574 6.275 2.2
      vertex 63.8496 6.1173 2.2
    endloop
  endfacet
  facet normal 0 0 1
    outer loop
      vertex 8.15036 6.1173 2.2
      vertex 63.8496 6.1173 2.2
      vertex 8.25574 6.275 2.2
    endloop
  endfacet
  facet normal 0 0 1
    outer loop
      vertex 63.8496 6.1173 2.2
      vertex 8.15036 6.1173 2.2
      vertex 63.9747 5.97469 2.2
    endloop
  endfacet
  facet normal 0 0 1
    outer loop
      vertex 8.0253 5.97469 2.2
      vertex 63.9747 5.97469 2.2
      vertex 8.15036 6.1173 2.2
    endloop
  endfacet
  facet normal 0 0 1
    outer loop
      vertex 7.8827 5.84964 2.2
      vertex 63.9747 5.97469 2.2
      vertex 8.0253 5.97469 2.2
    endloop
  endfacet
  facet normal 0 0 1
    outer loop
      vertex 64.1173 5.84964 2.2
      vertex 7.8827 5.84964 2.2
      vertex 66.75 3.45 2.2
    endloop
  endfacet
  facet normal 0 0 1
    outer loop
      vertex 5.24998 3.45 2.2
      vertex 7.8827 5.84964 2.2
      vertex 7.725 5.74426 2.2
    endloop
  endfacet
  facet normal 0 0 1
    outer loop
      vertex 5.24998 3.45 2.2
      vertex 7.725 5.74426 2.2
      vertex 7.55489 5.66037 2.2
    endloop
  endfacet
  facet normal 0 0 1
    outer loop
      vertex 5.24998 3.45 2.2
      vertex 7.55489 5.66037 2.2
      vertex 7.37529 5.59941 2.2
    endloop
  endfacet
  facet normal 0 0 1
    outer loop
      vertex 5.24998 3.45 2.2
      vertex 7.37529 5.59941 2.2
      vertex 7.18926 5.5624 2.2
    endloop
  endfacet
  facet normal 0 0 1
    outer loop
      vertex 5.24998 3.45 2.2
      vertex 7.18926 5.5624 2.2
      vertex 7 5.55 2.2
    endloop
  endfacet
  facet normal 0 0 1
    outer loop
      vertex 7.8827 5.84964 2.2
      vertex 5.24998 3.45 2.2
      vertex 66.75 3.45 2.2
    endloop
  endfacet
  facet normal 0 0 1
    outer loop
      vertex 6.81074 5.5624 2.2
      vertex 5.24998 3.45 2.2
      vertex 7 5.55 2.2
    endloop
  endfacet
  facet normal 0 0 1
    outer loop
      vertex 6.62471 5.59941 2.2
      vertex 5.24998 3.45 2.2
      vertex 6.81074 5.5624 2.2
    endloop
  endfacet
  facet normal 0 0 1
    outer loop
      vertex 6.44511 5.66037 2.2
      vertex 5.24998 3.45 2.2
      vertex 6.62471 5.59941 2.2
    endloop
  endfacet
  facet normal 0 0 1
    outer loop
      vertex 6.275 5.74426 2.2
      vertex 5.24998 3.45 2.2
      vertex 6.44511 5.66037 2.2
    endloop
  endfacet
  facet normal 0 0 1
    outer loop
      vertex 6.1173 5.84964 2.2
      vertex 5.24998 3.45 2.2
      vertex 6.275 5.74426 2.2
    endloop
  endfacet
  facet normal 0 0 1
    outer loop
      vertex 5.97469 5.97469 2.2
      vertex 5.24998 3.45 2.2
      vertex 6.1173 5.84964 2.2
    endloop
  endfacet
  facet normal 0 0 1
    outer loop
      vertex 3.45 5.24998 2.2
      vertex 5.97469 5.97469 2.2
      vertex 5.84964 6.1173 2.2
    endloop
  endfacet
  facet normal 0 0 1
    outer loop
      vertex 3.45 5.24998 2.2
      vertex 5.84964 6.1173 2.2
      vertex 5.74426 6.275 2.2
    endloop
  endfacet
  facet normal 0 0 1
    outer loop
      vertex 3.45 5.24998 2.2
      vertex 5.74426 6.275 2.2
      vertex 5.66037 6.44511 2.2
    endloop
  endfacet
  facet normal 0 0 1
    outer loop
      vertex 3.45 5.24998 2.2
      vertex 5.66037 6.44511 2.2
      vertex 5.59941 6.62471 2.2
    endloop
  endfacet
  facet normal 0 0 1
    outer loop
      vertex 3.45 5.24998 2.2
      vertex 5.59941 6.62471 2.2
      vertex 5.5624 6.81074 2.2
    endloop
  endfacet
  facet normal 0 0 1
    outer loop
      vertex 3.45 5.24998 2.2
      vertex 5.5624 6.81074 2.2
      vertex 5.55 7 2.2
    endloop
  endfacet
  facet normal 0 0 1
    outer loop
      vertex 5.59941 7.37529 2.2
      vertex 3.45 5.24998 2.2
      vertex 5.5624 7.18926 2.2
    endloop
  endfacet
  facet normal 0 0 1
    outer loop
      vertex 5.5624 7.18926 2.2
      vertex 3.45 5.24998 2.2
      vertex 5.55 7 2.2
    endloop
  endfacet
  facet normal 0 0 1
    outer loop
      vertex 5.97469 5.97469 2.2
      vertex 3.45 5.24998 2.2
      vertex 5.24998 3.45 2.2
    endloop
  endfacet
  facet normal -0.707107 -0.707107 0
    outer loop
      vertex 5 0 0
      vertex 0 5 2.2
      vertex 0 5 0
    endloop
  endfacet
  facet normal -0.707107 -0.707107 0
    outer loop
      vertex 0 5 2.2
      vertex 5 0 0
      vertex 5 0 2.2
    endloop
  endfacet
  facet normal 1 -0 0
    outer loop
      vertex 72 5 2.2
      vertex 72 32 0
      vertex 72 32 2.2
    endloop
  endfacet
  facet normal 1 0 0
    outer loop
      vertex 72 32 0
      vertex 72 5 2.2
      vertex 72 5 0
    endloop
  endfacet
  facet normal 0 -1 0
    outer loop
      vertex 5 0 0
      vertex 67 0 2.2
      vertex 5 0 2.2
    endloop
  endfacet
  facet normal 0 -1 -0
    outer loop
      vertex 67 0 2.2
      vertex 5 0 0
      vertex 67 0 0
    endloop
  endfacet
  facet normal -0.707107 0.707107 0
    outer loop
      vertex 0 32 0
      vertex 5 37 2.2
      vertex 5 37 0
    endloop
  endfacet
  facet normal -0.707107 0.707107 0
    outer loop
      vertex 5 37 2.2
      vertex 0 32 0
      vertex 0 32 2.2
    endloop
  endfacet
  facet normal 0 0 -1
    outer loop
      vertex 8.15036 7.8827 0
      vertex 10.7453 7.61164 0
      vertex 8.25574 7.725 0
    endloop
  endfacet
  facet normal 0 0 -1
    outer loop
      vertex 16.4695 18.9344 0
      vertex 8.43759 29.8107 0
      vertex 8.45 30 0
    endloop
  endfacet
  facet normal 0 0 -1
    outer loop
      vertex 8.0253 8.0253 0
      vertex 10.7453 7.61164 0
      vertex 8.15036 7.8827 0
    endloop
  endfacet
  facet normal 0 0 -1
    outer loop
      vertex 16.4695 18.9344 0
      vertex 8.40059 29.6247 0
      vertex 8.43759 29.8107 0
    endloop
  endfacet
  facet normal 0 0 -1
    outer loop
      vertex 7.8827 8.15036 0
      vertex 10.7453 7.61164 0
      vertex 8.0253 8.0253 0
    endloop
  endfacet
  facet normal 0 0 -1
    outer loop
      vertex 16.4695 18.9344 0
      vertex 8.33962 29.4451 0
      vertex 8.40059 29.6247 0
    endloop
  endfacet
  facet normal 0 0 -1
    outer loop
      vertex 7.725 8.25574 0
      vertex 10.7453 7.61164 0
      vertex 7.8827 8.15036 0
    endloop
  endfacet
  facet normal 0 0 -1
    outer loop
      vertex 16.4695 18.9344 0
      vertex 8.25574 29.275 0
      vertex 8.33962 29.4451 0
    endloop
  endfacet
  facet normal 0 0 -1
    outer loop
      vertex 10.7453 7.61164 0
      vertex 7.725 8.25574 0
      vertex 16.4695 13.7344 0
    endloop
  endfacet
  facet normal 0 0 -1
    outer loop
      vertex 16.4695 18.9344 0
      vertex 8.15036 29.1173 0
      vertex 8.25574 29.275 0
    endloop
  endfacet
  facet normal 0 0 -1
    outer loop
      vertex 7.55489 8.33962 0
      vertex 16.4695 13.7344 0
      vertex 7.725 8.25574 0
    endloop
  endfacet
  facet normal 0 0 -1
    outer loop
      vertex 16.4695 18.9344 0
      vertex 8.0253 28.9747 0
      vertex 8.15036 29.1173 0
    endloop
  endfacet
  facet normal 0 0 -1
    outer loop
      vertex 7.37529 8.40059 0
      vertex 16.4695 13.7344 0
      vertex 7.55489 8.33962 0
    endloop
  endfacet
  facet normal 0 0 -1
    outer loop
      vertex 16.4695 18.9344 0
      vertex 7.8827 28.8496 0
      vertex 8.0253 28.9747 0
    endloop
  endfacet
  facet normal -0 0 -1
    outer loop
      vertex 16.4695 13.7344 0
      vertex 7.37529 8.40059 0
      vertex 16.4695 16.3344 0
    endloop
  endfacet
  facet normal 0 0 -1
    outer loop
      vertex 16.4695 18.9344 0
      vertex 7.725 28.7443 0
      vertex 7.8827 28.8496 0
    endloop
  endfacet
  facet normal 0 0 -1
    outer loop
      vertex 7.18926 8.43759 0
      vertex 16.4695 16.3344 0
      vertex 7.37529 8.40059 0
    endloop
  endfacet
  facet normal 0 0 -1
    outer loop
      vertex 16.4695 18.9344 0
      vertex 7.55489 28.6604 0
      vertex 7.725 28.7443 0
    endloop
  endfacet
  facet normal 0 0 -1
    outer loop
      vertex 7 8.45 0
      vertex 16.4695 16.3344 0
      vertex 7.18926 8.43759 0
    endloop
  endfacet
  facet normal 0 0 -1
    outer loop
      vertex 16.4695 18.9344 0
      vertex 7.37529 28.5994 0
      vertex 7.55489 28.6604 0
    endloop
  endfacet
  facet normal -0 0 -1
    outer loop
      vertex 16.4695 16.3344 0
      vertex 7 8.45 0
      vertex 16.4695 18.9344 0
    endloop
  endfacet
  facet normal 0 0 -1
    outer loop
      vertex 16.4695 18.9344 0
      vertex 7.18926 28.5624 0
      vertex 7.37529 28.5994 0
    endloop
  endfacet
  facet normal 0 0 -1
    outer loop
      vertex 7 28.55 0
      vertex 16.4695 18.9344 0
      vertex 7 8.45 0
    endloop
  endfacet
  facet normal 0 0 -1
    outer loop
      vertex 16.4695 18.9344 0
      vertex 7 28.55 0
      vertex 7.18926 28.5624 0
    endloop
  endfacet
  facet normal 0 0 -1
    outer loop
      vertex 6.81074 8.43759 0
      vertex 7 28.55 0
      vertex 7 8.45 0
    endloop
  endfacet
  facet normal 0 0 -1
    outer loop
      vertex 6.81074 8.43759 0
      vertex 6.81074 28.5624 0
      vertex 7 28.55 0
    endloop
  endfacet
  facet normal 0 0 -1
    outer loop
      vertex 6.62471 8.40059 0
      vertex 6.81074 28.5624 0
      vertex 6.81074 8.43759 0
    endloop
  endfacet
  facet normal 0 0 -1
    outer loop
      vertex 6.62471 8.40059 0
      vertex 6.62471 28.5994 0
      vertex 6.81074 28.5624 0
    endloop
  endfacet
  facet normal 0 0 -1
    outer loop
      vertex 6.44511 8.33962 0
      vertex 6.62471 28.5994 0
      vertex 6.62471 8.40059 0
    endloop
  endfacet
  facet normal 0 0 -1
    outer loop
      vertex 6.44511 8.33962 0
      vertex 6.44511 28.6604 0
      vertex 6.62471 28.5994 0
    endloop
  endfacet
  facet normal 0 0 -1
    outer loop
      vertex 6.275 8.25574 0
      vertex 6.44511 28.6604 0
      vertex 6.44511 8.33962 0
    endloop
  endfacet
  facet normal 0 0 -1
    outer loop
      vertex 6.275 8.25574 0
      vertex 6.275 28.7443 0
      vertex 6.44511 28.6604 0
    endloop
  endfacet
  facet normal 0 0 -1
    outer loop
      vertex 6.1173 8.15036 0
      vertex 6.275 28.7443 0
      vertex 6.275 8.25574 0
    endloop
  endfacet
  facet normal 0 0 -1
    outer loop
      vertex 6.1173 8.15036 0
      vertex 6.1173 28.8496 0
      vertex 6.275 28.7443 0
    endloop
  endfacet
  facet normal 0 0 -1
    outer loop
      vertex 5.97469 8.0253 0
      vertex 6.1173 28.8496 0
      vertex 6.1173 8.15036 0
    endloop
  endfacet
  facet normal 0 0 -1
    outer loop
      vertex 5.97469 8.0253 0
      vertex 5.97469 28.9747 0
      vertex 6.1173 28.8496 0
    endloop
  endfacet
  facet normal 0 0 -1
    outer loop
      vertex 0 5 0
      vertex 5.97469 8.0253 0
      vertex 5.84964 7.8827 0
    endloop
  endfacet
  facet normal -0 0 -1
    outer loop
      vertex 5.97469 8.0253 0
      vertex 0 5 0
      vertex 5.97469 28.9747 0
    endloop
  endfacet
  facet normal 0 0 -1
    outer loop
      vertex 0 5 0
      vertex 5.84964 7.8827 0
      vertex 5.74426 7.725 0
    endloop
  endfacet
  facet normal 0 0 -1
    outer loop
      vertex 0 32 0
      vertex 5.97469 28.9747 0
      vertex 0 5 0
    endloop
  endfacet
  facet normal 0 0 -1
    outer loop
      vertex 0 5 0
      vertex 5.74426 7.725 0
      vertex 5.66037 7.55489 0
    endloop
  endfacet
  facet normal 0 0 -1
    outer loop
      vertex 5.97469 28.9747 0
      vertex 0 32 0
      vertex 5.84964 29.1173 0
    endloop
  endfacet
  facet normal 0 0 -1
    outer loop
      vertex 0 5 0
      vertex 5.66037 7.55489 0
      vertex 5.59941 7.37529 0
    endloop
  endfacet
  facet normal 0 0 -1
    outer loop
      vertex 5.84964 29.1173 0
      vertex 0 32 0
      vertex 5.74426 29.275 0
    endloop
  endfacet
  facet normal 0 0 -1
    outer loop
      vertex 0 5 0
      vertex 5.59941 7.37529 0
      vertex 5.5624 7.18926 0
    endloop
  endfacet
  facet normal 0 0 -1
    outer loop
      vertex 5.74426 29.275 0
      vertex 0 32 0
      vertex 5.66037 29.4451 0
    endloop
  endfacet
  facet normal 0 0 -1
    outer loop
      vertex 0 5 0
      vertex 5.5624 7.18926 0
      vertex 5.55 7 0
    endloop
  endfacet
  facet normal 0 0 -1
    outer loop
      vertex 5.66037 29.4451 0
      vertex 0 32 0
      vertex 5.59941 29.6247 0
    endloop
  endfacet
  facet normal 0 0 -1
    outer loop
      vertex 22.4928 5.86502 0
      vertex 21.7215 5.86502 0
      vertex 22.4928 7.86718 0
    endloop
  endfacet
  facet normal 0 0 -1
    outer loop
      vertex 24.4861 5.86502 0
      vertex 25.761 6.46517 0
      vertex 25.8644 5.86502 0
    endloop
  endfacet
  facet normal -0 0 -1
    outer loop
      vertex 25.761 6.46517 0
      vertex 24.4861 5.86502 0
      vertex 24.4861 6.46517 0
    endloop
  endfacet
  facet normal 0 0 -1
    outer loop
      vertex 33.6839 19.887 0
      vertex 27.4065 22.6818 0
      vertex 27.5305 23.2656 0
    endloop
  endfacet
  facet normal 0 0 -1
    outer loop
      vertex 27.2291 11.4473 0
      vertex 27.5585 7.86699 0
      vertex 27.4395 7.88593 0
    endloop
  endfacet
  facet normal 0 0 -1
    outer loop
      vertex 27.2291 11.4473 0
      vertex 27.4395 7.88593 0
      vertex 27.3105 7.8973 0
    endloop
  endfacet
  facet normal 0 0 -1
    outer loop
      vertex 27.5585 7.86699 0
      vertex 27.2291 11.4473 0
      vertex 27.5305 12.8656 0
    endloop
  endfacet
  facet normal 0 0 -1
    outer loop
      vertex 27.1716 7.90108 0
      vertex 27.2291 11.4473 0
      vertex 27.3105 7.8973 0
    endloop
  endfacet
  facet normal 0 0 -1
    outer loop
      vertex 27.0444 7.89775 0
      vertex 27.2291 11.4473 0
      vertex 27.1716 7.90108 0
    endloop
  endfacet
  facet normal 0 0 -1
    outer loop
      vertex 26.9253 7.88779 0
      vertex 27.2291 11.4473 0
      vertex 27.0444 7.89775 0
    endloop
  endfacet
  facet normal 0 0 -1
    outer loop
      vertex 26.8142 7.87119 0
      vertex 27.2291 11.4473 0
      vertex 26.9253 7.88779 0
    endloop
  endfacet
  facet normal 0 0 -1
    outer loop
      vertex 25.9339 7.86718 0
      vertex 26.8142 7.87119 0
      vertex 26.7113 7.84793 0
    endloop
  endfacet
  facet normal 0 0 -1
    outer loop
      vertex 25.9339 7.86718 0
      vertex 26.7113 7.84793 0
      vertex 26.6165 7.81804 0
    endloop
  endfacet
  facet normal 0 0 -1
    outer loop
      vertex 25.9339 7.86718 0
      vertex 26.6165 7.81804 0
      vertex 26.5297 7.78151 0
    endloop
  endfacet
  facet normal 0 0 -1
    outer loop
      vertex 25.9339 7.86718 0
      vertex 26.5297 7.78151 0
      vertex 26.4511 7.73833 0
    endloop
  endfacet
  facet normal 0 0 -1
    outer loop
      vertex 25.9339 7.86718 0
      vertex 26.4511 7.73833 0
      vertex 26.3803 7.6884 0
    endloop
  endfacet
  facet normal 0 0 -1
    outer loop
      vertex 25.9339 7.86718 0
      vertex 26.3803 7.6884 0
      vertex 26.3171 7.63163 0
    endloop
  endfacet
  facet normal 0 0 -1
    outer loop
      vertex 25.9339 7.86718 0
      vertex 26.3171 7.63163 0
      vertex 26.2616 7.56801 0
    endloop
  endfacet
  facet normal 0 0 -1
    outer loop
      vertex 25.9339 7.48065 0
      vertex 26.2616 7.56801 0
      vertex 26.2136 7.49753 0
    endloop
  endfacet
  facet normal 0 0 -1
    outer loop
      vertex 25.9339 7.48065 0
      vertex 26.2136 7.49753 0
      vertex 26.1733 7.4202 0
    endloop
  endfacet
  facet normal 0 0 -1
    outer loop
      vertex 25.9339 7.48065 0
      vertex 26.1733 7.4202 0
      vertex 26.1405 7.33603 0
    endloop
  endfacet
  facet normal 0 0 -1
    outer loop
      vertex 25.9339 7.48065 0
      vertex 26.1405 7.33603 0
      vertex 26.1154 7.245 0
    endloop
  endfacet
  facet normal -0 0 -1
    outer loop
      vertex 26.2616 7.56801 0
      vertex 25.9339 7.48065 0
      vertex 25.9339 7.86718 0
    endloop
  endfacet
  facet normal -0 0 -1
    outer loop
      vertex 26.8142 7.87119 0
      vertex 25.9339 7.86718 0
      vertex 27.2291 11.4473 0
    endloop
  endfacet
  facet normal 0 0 -1
    outer loop
      vertex 23.986 7.86718 0
      vertex 27.2291 11.4473 0
      vertex 25.9339 7.86718 0
    endloop
  endfacet
  facet normal 0 0 -1
    outer loop
      vertex 23.986 5.47849 0
      vertex 23.766 5.86502 0
      vertex 23.986 7.86718 0
    endloop
  endfacet
  facet normal 0 0 -1
    outer loop
      vertex 22.9929 7.86718 0
      vertex 23.766 5.86502 0
      vertex 22.9929 5.86502 0
    endloop
  endfacet
  facet normal 0 0 -1
    outer loop
      vertex 23.766 5.86502 0
      vertex 22.9929 7.86718 0
      vertex 23.986 7.86718 0
    endloop
  endfacet
  facet normal 0 0 -1
    outer loop
      vertex 22.9848 12.3495 0
      vertex 23.986 7.86718 0
      vertex 22.9929 7.86718 0
    endloop
  endfacet
  facet normal 0 0 -1
    outer loop
      vertex 23.986 7.86718 0
      vertex 22.9848 12.3495 0
      vertex 27.2291 11.4473 0
    endloop
  endfacet
  facet normal 0 0 -1
    outer loop
      vertex 22.4928 7.86718 0
      vertex 22.9848 12.3495 0
      vertex 22.9929 7.86718 0
    endloop
  endfacet
  facet normal 0 0 -1
    outer loop
      vertex 11.0097 7.01784 0
      vertex 22.4928 7.86718 0
      vertex 21.7215 5.86502 0
    endloop
  endfacet
  facet normal -0 0 -1
    outer loop
      vertex 22.4928 7.86718 0
      vertex 11.0097 7.01784 0
      vertex 22.9848 12.3495 0
    endloop
  endfacet
  facet normal 0 0 -1
    outer loop
      vertex 43.2019 5.47849 0
      vertex 42.8496 5.82604 0
      vertex 42.9192 7.47556 0
    endloop
  endfacet
  facet normal -0 0 -1
    outer loop
      vertex 42.9192 7.47556 0
      vertex 42.8496 5.82604 0
      vertex 41.5578 7.47556 0
    endloop
  endfacet
  facet normal 0 0 -1
    outer loop
      vertex 42.2936 5.87012 0
      vertex 41.1306 5.87012 0
      vertex 41.0018 7.51285 0
    endloop
  endfacet
  facet normal 0 0 -1
    outer loop
      vertex 39.6992 6.24134 0
      vertex 41.1306 5.87012 0
      vertex 39.7107 6.1897 0
    endloop
  endfacet
  facet normal 0 0 -1
    outer loop
      vertex 41.1306 5.87012 0
      vertex 39.6992 6.24134 0
      vertex 39.7798 6.88578 0
    endloop
  endfacet
  facet normal 0 0 -1
    outer loop
      vertex 39.6831 6.29038 0
      vertex 39.7798 6.88578 0
      vertex 39.6992 6.24134 0
    endloop
  endfacet
  facet normal 0 0 -1
    outer loop
      vertex 39.7798 6.88578 0
      vertex 39.6831 6.29038 0
      vertex 39.7457 6.83754 0
    endloop
  endfacet
  facet normal 0 0 -1
    outer loop
      vertex 39.6624 6.33683 0
      vertex 39.7457 6.83754 0
      vertex 39.6831 6.29038 0
    endloop
  endfacet
  facet normal 0 0 -1
    outer loop
      vertex 39.7457 6.83754 0
      vertex 39.6624 6.33683 0
      vertex 39.7055 6.7932 0
    endloop
  endfacet
  facet normal 0 0 -1
    outer loop
      vertex 39.637 6.38068 0
      vertex 39.7055 6.7932 0
      vertex 39.6624 6.33683 0
    endloop
  endfacet
  facet normal 0 0 -1
    outer loop
      vertex 39.7055 6.7932 0
      vertex 39.637 6.38068 0
      vertex 39.6593 6.75316 0
    endloop
  endfacet
  facet normal 0 0 -1
    outer loop
      vertex 39.6071 6.42194 0
      vertex 39.6593 6.75316 0
      vertex 39.637 6.38068 0
    endloop
  endfacet
  facet normal 0 0 -1
    outer loop
      vertex 39.6593 6.75316 0
      vertex 39.6071 6.42194 0
      vertex 39.6075 6.71778 0
    endloop
  endfacet
  facet normal 0 0 -1
    outer loop
      vertex 39.5725 6.46006 0
      vertex 39.6075 6.71778 0
      vertex 39.6071 6.42194 0
    endloop
  endfacet
  facet normal 0 0 -1
    outer loop
      vertex 39.5725 6.46006 0
      vertex 39.55 6.68709 0
      vertex 39.6075 6.71778 0
    endloop
  endfacet
  facet normal 0 0 -1
    outer loop
      vertex 39.5331 6.49446 0
      vertex 39.55 6.68709 0
      vertex 39.5725 6.46006 0
    endloop
  endfacet
  facet normal 0 0 -1
    outer loop
      vertex 39.4889 6.52516 0
      vertex 39.55 6.68709 0
      vertex 39.5331 6.49446 0
    endloop
  endfacet
  facet normal 0 0 -1
    outer loop
      vertex 39.4889 6.52516 0
      vertex 39.487 6.66104 0
      vertex 39.55 6.68709 0
    endloop
  endfacet
  facet normal 0 0 -1
    outer loop
      vertex 39.4398 6.55217 0
      vertex 39.487 6.66104 0
      vertex 39.4889 6.52516 0
    endloop
  endfacet
  facet normal 0 0 -1
    outer loop
      vertex 39.4398 6.55217 0
      vertex 39.4182 6.63968 0
      vertex 39.487 6.66104 0
    endloop
  endfacet
  facet normal 0 0 -1
    outer loop
      vertex 39.386 6.57547 0
      vertex 39.4182 6.63968 0
      vertex 39.4398 6.55217 0
    endloop
  endfacet
  facet normal 0 0 -1
    outer loop
      vertex 39.386 6.57547 0
      vertex 39.3439 6.62299 0
      vertex 39.4182 6.63968 0
    endloop
  endfacet
  facet normal 0 0 -1
    outer loop
      vertex 39.3273 6.59507 0
      vertex 39.3439 6.62299 0
      vertex 39.386 6.57547 0
    endloop
  endfacet
  facet normal 0 0 -1
    outer loop
      vertex 39.3439 6.62299 0
      vertex 39.3273 6.59507 0
      vertex 39.2639 6.61096 0
    endloop
  endfacet
  facet normal 0 0 -1
    outer loop
      vertex 37.3633 6.04134 0
      vertex 37.3508 6.85251 0
      vertex 37.3663 6.88324 0
    endloop
  endfacet
  facet normal 0 0 -1
    outer loop
      vertex 37.3633 6.04134 0
      vertex 37.3335 6.82309 0
      vertex 37.3508 6.85251 0
    endloop
  endfacet
  facet normal 0 0 -1
    outer loop
      vertex 37.3633 6.04134 0
      vertex 37.3146 6.795 0
      vertex 37.3335 6.82309 0
    endloop
  endfacet
  facet normal 0 0 -1
    outer loop
      vertex 37.3633 6.04134 0
      vertex 37.2941 6.76822 0
      vertex 37.3146 6.795 0
    endloop
  endfacet
  facet normal 0 0 -1
    outer loop
      vertex 37.3633 6.04134 0
      vertex 37.2719 6.74275 0
      vertex 37.2941 6.76822 0
    endloop
  endfacet
  facet normal 0 0 -1
    outer loop
      vertex 37.3633 6.04134 0
      vertex 37.248 6.7186 0
      vertex 37.2719 6.74275 0
    endloop
  endfacet
  facet normal 0 0 -1
    outer loop
      vertex 37.3633 6.04134 0
      vertex 37.222 6.69554 0
      vertex 37.248 6.7186 0
    endloop
  endfacet
  facet normal 0 0 -1
    outer loop
      vertex 37.3633 6.04134 0
      vertex 37.1935 6.6733 0
      vertex 37.222 6.69554 0
    endloop
  endfacet
  facet normal 0 0 -1
    outer loop
      vertex 37.3633 6.04134 0
      vertex 37.1625 6.65187 0
      vertex 37.1935 6.6733 0
    endloop
  endfacet
  facet normal 0 0 -1
    outer loop
      vertex 37.3633 6.04134 0
      vertex 37.129 6.63129 0
      vertex 37.1625 6.65187 0
    endloop
  endfacet
  facet normal 0 0 -1
    outer loop
      vertex 37.3633 6.04134 0
      vertex 37.0929 6.61154 0
      vertex 37.129 6.63129 0
    endloop
  endfacet
  facet normal 0 0 -1
    outer loop
      vertex 37.3633 6.04134 0
      vertex 37.0543 6.59261 0
      vertex 37.0929 6.61154 0
    endloop
  endfacet
  facet normal 0 0 -1
    outer loop
      vertex 37.3633 6.04134 0
      vertex 37.0132 6.57453 0
      vertex 37.0543 6.59261 0
    endloop
  endfacet
  facet normal 0 0 -1
    outer loop
      vertex 36.8784 6.10747 0
      vertex 37.0132 6.57453 0
      vertex 37.3633 6.04134 0
    endloop
  endfacet
  facet normal 0 0 -1
    outer loop
      vertex 37.0132 6.57453 0
      vertex 36.8784 6.10747 0
      vertex 36.9668 6.55661 0
    endloop
  endfacet
  facet normal 0 0 -1
    outer loop
      vertex 36.9668 6.55661 0
      vertex 36.8784 6.10747 0
      vertex 36.9124 6.53826 0
    endloop
  endfacet
  facet normal 0 0 -1
    outer loop
      vertex 36.5207 6.43975 0
      vertex 36.8784 6.10747 0
      vertex 36.8662 6.06494 0
    endloop
  endfacet
  facet normal 0 0 -1
    outer loop
      vertex 36.5207 6.43975 0
      vertex 36.8662 6.06494 0
      vertex 36.8508 6.02555 0
    endloop
  endfacet
  facet normal 0 0 -1
    outer loop
      vertex 36.8784 6.10747 0
      vertex 36.8501 6.51946 0
      vertex 36.9124 6.53826 0
    endloop
  endfacet
  facet normal 0 0 -1
    outer loop
      vertex 36.5207 6.43975 0
      vertex 36.8508 6.02555 0
      vertex 36.8323 5.98925 0
    endloop
  endfacet
  facet normal 0 0 -1
    outer loop
      vertex 36.5207 6.43975 0
      vertex 36.8323 5.98925 0
      vertex 36.8106 5.95607 0
    endloop
  endfacet
  facet normal 0 0 -1
    outer loop
      vertex 36.5207 6.43975 0
      vertex 36.8106 5.95607 0
      vertex 36.7858 5.92601 0
    endloop
  endfacet
  facet normal 0 0 -1
    outer loop
      vertex 36.8784 6.10747 0
      vertex 36.7797 6.5002 0
      vertex 36.8501 6.51946 0
    endloop
  endfacet
  facet normal 0 0 -1
    outer loop
      vertex 36.5207 6.43975 0
      vertex 36.7858 5.92601 0
      vertex 36.7578 5.89905 0
    endloop
  endfacet
  facet normal 0 0 -1
    outer loop
      vertex 36.5207 6.43975 0
      vertex 36.7578 5.89905 0
      vertex 36.7267 5.87522 0
    endloop
  endfacet
  facet normal 0 0 -1
    outer loop
      vertex 36.8784 6.10747 0
      vertex 36.7014 6.4805 0
      vertex 36.7797 6.5002 0
    endloop
  endfacet
  facet normal 0 0 -1
    outer loop
      vertex 36.5207 6.43975 0
      vertex 36.7267 5.87522 0
      vertex 36.692 5.85453 0
    endloop
  endfacet
  facet normal 0 0 -1
    outer loop
      vertex 36.4418 6.42226 0
      vertex 36.692 5.85453 0
      vertex 36.6532 5.83701 0
    endloop
  endfacet
  facet normal 0 0 -1
    outer loop
      vertex 36.8784 6.10747 0
      vertex 36.615 6.46035 0
      vertex 36.7014 6.4805 0
    endloop
  endfacet
  facet normal 0 0 -1
    outer loop
      vertex 36.4418 6.42226 0
      vertex 36.6532 5.83701 0
      vertex 36.6104 5.8227 0
    endloop
  endfacet
  facet normal 0 0 -1
    outer loop
      vertex 36.4418 6.42226 0
      vertex 36.6104 5.8227 0
      vertex 36.5635 5.81154 0
    endloop
  endfacet
  facet normal 0 0 -1
    outer loop
      vertex 36.8784 6.10747 0
      vertex 36.5207 6.43975 0
      vertex 36.615 6.46035 0
    endloop
  endfacet
  facet normal 0 0 -1
    outer loop
      vertex 36.4418 6.42226 0
      vertex 36.5635 5.81154 0
      vertex 36.5126 5.80359 0
    endloop
  endfacet
  facet normal 0 0 -1
    outer loop
      vertex 36.371 6.40563 0
      vertex 36.5126 5.80359 0
      vertex 36.4577 5.79882 0
    endloop
  endfacet
  facet normal 0 0 -1
    outer loop
      vertex 36.692 5.85453 0
      vertex 36.4418 6.42226 0
      vertex 36.5207 6.43975 0
    endloop
  endfacet
  facet normal 0 0 -1
    outer loop
      vertex 36.371 6.40563 0
      vertex 36.4577 5.79882 0
      vertex 36.3987 5.79721 0
    endloop
  endfacet
  facet normal 0 0 -1
    outer loop
      vertex 36.5126 5.80359 0
      vertex 36.371 6.40563 0
      vertex 36.4418 6.42226 0
    endloop
  endfacet
  facet normal 0 0 -1
    outer loop
      vertex 36.3987 5.79721 0
      vertex 36.308 6.38988 0
      vertex 36.371 6.40563 0
    endloop
  endfacet
  facet normal 0 0 -1
    outer loop
      vertex 36.2531 6.37499 0
      vertex 36.3987 5.79721 0
      vertex 36.2781 5.80303 0
    endloop
  endfacet
  facet normal 0 0 -1
    outer loop
      vertex 36.3987 5.79721 0
      vertex 36.2531 6.37499 0
      vertex 36.308 6.38988 0
    endloop
  endfacet
  facet normal 0 0 -1
    outer loop
      vertex 36.2781 5.80303 0
      vertex 36.206 6.36095 0
      vertex 36.2531 6.37499 0
    endloop
  endfacet
  facet normal 0 0 -1
    outer loop
      vertex 36.1761 5.82047 0
      vertex 36.206 6.36095 0
      vertex 36.2781 5.80303 0
    endloop
  endfacet
  facet normal 0 0 -1
    outer loop
      vertex 36.1761 5.82047 0
      vertex 36.167 6.3478 0
      vertex 36.206 6.36095 0
    endloop
  endfacet
  facet normal 0 0 -1
    outer loop
      vertex 36.1761 5.82047 0
      vertex 36.1358 6.3355 0
      vertex 36.167 6.3478 0
    endloop
  endfacet
  facet normal 0 0 -1
    outer loop
      vertex 36.1761 5.82047 0
      vertex 36.1097 6.32326 0
      vertex 36.1358 6.3355 0
    endloop
  endfacet
  facet normal 0 0 -1
    outer loop
      vertex 36.0927 5.84954 0
      vertex 36.1097 6.32326 0
      vertex 36.1761 5.82047 0
    endloop
  endfacet
  facet normal 0 0 -1
    outer loop
      vertex 36.0927 5.84954 0
      vertex 36.0854 6.31031 0
      vertex 36.1097 6.32326 0
    endloop
  endfacet
  facet normal 0 0 -1
    outer loop
      vertex 36.0927 5.84954 0
      vertex 36.063 6.29662 0
      vertex 36.0854 6.31031 0
    endloop
  endfacet
  facet normal 0 0 -1
    outer loop
      vertex 36.0927 5.84954 0
      vertex 36.0426 6.2822 0
      vertex 36.063 6.29662 0
    endloop
  endfacet
  facet normal 0 0 -1
    outer loop
      vertex 35.9443 6.08202 0
      vertex 36.0927 5.84954 0
      vertex 36.0278 5.89022 0
    endloop
  endfacet
  facet normal 0 0 -1
    outer loop
      vertex 36.0927 5.84954 0
      vertex 35.9443 6.08202 0
      vertex 36.0426 6.2822 0
    endloop
  endfacet
  facet normal 0 0 -1
    outer loop
      vertex 36.0426 6.2822 0
      vertex 35.9443 6.08202 0
      vertex 36.024 6.26706 0
    endloop
  endfacet
  facet normal 0 -0 -1
    outer loop
      vertex 35.9453 6.10797 0
      vertex 36.024 6.26706 0
      vertex 35.9443 6.08202 0
    endloop
  endfacet
  facet normal 0 0 -1
    outer loop
      vertex 35.9536 6.00646 0
      vertex 36.0278 5.89022 0
      vertex 35.9814 5.94252 0
    endloop
  endfacet
  facet normal 0 0 -1
    outer loop
      vertex 36.024 6.26706 0
      vertex 35.9453 6.10797 0
      vertex 36.0074 6.25121 0
    endloop
  endfacet
  facet normal 0 -0 -1
    outer loop
      vertex 35.9483 6.13254 0
      vertex 36.0074 6.25121 0
      vertex 35.9453 6.10797 0
    endloop
  endfacet
  facet normal 0 -0 -1
    outer loop
      vertex 35.9532 6.15572 0
      vertex 36.0074 6.25121 0
      vertex 35.9483 6.13254 0
    endloop
  endfacet
  facet normal 0 0 -1
    outer loop
      vertex 36.0278 5.89022 0
      vertex 35.9536 6.00646 0
      vertex 35.9443 6.08202 0
    endloop
  endfacet
  facet normal 0 0 -1
    outer loop
      vertex 36.0074 6.25121 0
      vertex 35.9532 6.15572 0
      vertex 35.9926 6.23462 0
    endloop
  endfacet
  facet normal 0 0 -1
    outer loop
      vertex 35.9798 6.21697 0
      vertex 35.9532 6.15572 0
      vertex 35.9601 6.17752 0
    endloop
  endfacet
  facet normal 0 0 -1
    outer loop
      vertex 35.9926 6.23462 0
      vertex 35.9532 6.15572 0
      vertex 35.9798 6.21697 0
    endloop
  endfacet
  facet normal 0 0 -1
    outer loop
      vertex 35.9798 6.21697 0
      vertex 35.9601 6.17752 0
      vertex 35.969 6.19794 0
    endloop
  endfacet
  facet normal 0 0 -1
    outer loop
      vertex 36.8611 7.02144 0
      vertex 36.9382 7.17937 0
      vertex 36.9345 7.15248 0
    endloop
  endfacet
  facet normal -0 0 -1
    outer loop
      vertex 36.9382 7.17937 0
      vertex 36.8611 7.02144 0
      vertex 36.9395 7.20771 0
    endloop
  endfacet
  facet normal 0 0 -1
    outer loop
      vertex 36.8611 7.02144 0
      vertex 36.9345 7.15248 0
      vertex 36.9284 7.12706 0
    endloop
  endfacet
  facet normal 0 0 -1
    outer loop
      vertex 36.8793 7.03987 0
      vertex 36.9284 7.12706 0
      vertex 36.9198 7.10308 0
    endloop
  endfacet
  facet normal 0 0 -1
    outer loop
      vertex 36.8793 7.03987 0
      vertex 36.9198 7.10308 0
      vertex 36.9087 7.08055 0
    endloop
  endfacet
  facet normal 0 0 -1
    outer loop
      vertex 36.9284 7.12706 0
      vertex 36.8793 7.03987 0
      vertex 36.8611 7.02144 0
    endloop
  endfacet
  facet normal 0 0 -1
    outer loop
      vertex 36.8793 7.03987 0
      vertex 36.9087 7.08055 0
      vertex 36.8952 7.0595 0
    endloop
  endfacet
  facet normal 0 0 -1
    outer loop
      vertex 36.8409 7.00389 0
      vertex 36.9395 7.20771 0
      vertex 36.8611 7.02144 0
    endloop
  endfacet
  facet normal 0 -0 -1
    outer loop
      vertex 36.8432 7.42235 0
      vertex 36.9395 7.20771 0
      vertex 36.8409 7.00389 0
    endloop
  endfacet
  facet normal 0 0 -1
    outer loop
      vertex 36.9288 7.29227 0
      vertex 36.8432 7.42235 0
      vertex 36.8967 7.36382 0
    endloop
  endfacet
  facet normal 0 0 -1
    outer loop
      vertex 36.9395 7.20771 0
      vertex 36.8432 7.42235 0
      vertex 36.9288 7.29227 0
    endloop
  endfacet
  facet normal 0 0 -1
    outer loop
      vertex 36.8186 6.98725 0
      vertex 36.8432 7.42235 0
      vertex 36.8409 7.00389 0
    endloop
  endfacet
  facet normal 0 0 -1
    outer loop
      vertex 36.7684 7.46788 0
      vertex 36.8186 6.98725 0
      vertex 36.7944 6.97151 0
    endloop
  endfacet
  facet normal 0 0 -1
    outer loop
      vertex 36.8186 6.98725 0
      vertex 36.7684 7.46788 0
      vertex 36.8432 7.42235 0
    endloop
  endfacet
  facet normal 0 0 -1
    outer loop
      vertex 36.7682 6.95667 0
      vertex 36.7684 7.46788 0
      vertex 36.7944 6.97151 0
    endloop
  endfacet
  facet normal 0 0 -1
    outer loop
      vertex 36.6722 7.50041 0
      vertex 36.7682 6.95667 0
      vertex 36.74 6.94272 0
    endloop
  endfacet
  facet normal 0 0 -1
    outer loop
      vertex 36.6722 7.50041 0
      vertex 36.74 6.94272 0
      vertex 36.7097 6.92968 0
    endloop
  endfacet
  facet normal 0 0 -1
    outer loop
      vertex 36.6722 7.50041 0
      vertex 36.7097 6.92968 0
      vertex 36.6744 6.91671 0
    endloop
  endfacet
  facet normal 0 0 -1
    outer loop
      vertex 36.7682 6.95667 0
      vertex 36.6722 7.50041 0
      vertex 36.7684 7.46788 0
    endloop
  endfacet
  facet normal 0 0 -1
    outer loop
      vertex 36.5546 7.51993 0
      vertex 36.6744 6.91671 0
      vertex 36.6308 6.90297 0
    endloop
  endfacet
  facet normal 0 0 -1
    outer loop
      vertex 36.5546 7.51993 0
      vertex 36.6308 6.90297 0
      vertex 36.5791 6.88848 0
    endloop
  endfacet
  facet normal 0 0 -1
    outer loop
      vertex 36.6744 6.91671 0
      vertex 36.5546 7.51993 0
      vertex 36.6722 7.50041 0
    endloop
  endfacet
  facet normal 0 0 -1
    outer loop
      vertex 36.5192 6.87322 0
      vertex 36.5546 7.51993 0
      vertex 36.5791 6.88848 0
    endloop
  endfacet
  facet normal 0 0 -1
    outer loop
      vertex 36.4156 7.52643 0
      vertex 36.5192 6.87322 0
      vertex 36.451 6.85718 0
    endloop
  endfacet
  facet normal 0 0 -1
    outer loop
      vertex 36.5192 6.87322 0
      vertex 36.4156 7.52643 0
      vertex 36.5546 7.51993 0
    endloop
  endfacet
  facet normal 0 0 -1
    outer loop
      vertex 36.3457 7.52468 0
      vertex 36.451 6.85718 0
      vertex 36.3747 6.8404 0
    endloop
  endfacet
  facet normal 0 0 -1
    outer loop
      vertex 36.451 6.85718 0
      vertex 36.3457 7.52468 0
      vertex 36.4156 7.52643 0
    endloop
  endfacet
  facet normal 0 0 -1
    outer loop
      vertex 36.2193 7.51071 0
      vertex 36.3747 6.8404 0
      vertex 36.2902 6.82285 0
    endloop
  endfacet
  facet normal 0 0 -1
    outer loop
      vertex 36.3747 6.8404 0
      vertex 36.2803 7.51944 0
      vertex 36.3457 7.52468 0
    endloop
  endfacet
  facet normal 0 0 -1
    outer loop
      vertex 36.3747 6.8404 0
      vertex 36.2193 7.51071 0
      vertex 36.2803 7.51944 0
    endloop
  endfacet
  facet normal 0 0 -1
    outer loop
      vertex 35.9157 7.34828 0
      vertex 36.2902 6.82285 0
      vertex 36.2169 6.80544 0
    endloop
  endfacet
  facet normal 0 0 -1
    outer loop
      vertex 36.2902 6.82285 0
      vertex 36.1629 7.49848 0
      vertex 36.2193 7.51071 0
    endloop
  endfacet
  facet normal 0 0 -1
    outer loop
      vertex 35.829 7.16533 0
      vertex 36.2169 6.80544 0
      vertex 36.1504 6.78902 0
    endloop
  endfacet
  facet normal 0 0 -1
    outer loop
      vertex 36.2902 6.82285 0
      vertex 36.111 7.48276 0
      vertex 36.1629 7.49848 0
    endloop
  endfacet
  facet normal 0 0 -1
    outer loop
      vertex 35.829 7.16533 0
      vertex 36.1504 6.78902 0
      vertex 36.0904 6.77361 0
    endloop
  endfacet
  facet normal 0 0 -1
    outer loop
      vertex 36.2902 6.82285 0
      vertex 36.0635 7.46353 0
      vertex 36.111 7.48276 0
    endloop
  endfacet
  facet normal 0 0 -1
    outer loop
      vertex 35.829 7.16533 0
      vertex 36.0904 6.77361 0
      vertex 36.0372 6.7592 0
    endloop
  endfacet
  facet normal 0 0 -1
    outer loop
      vertex 36.2902 6.82285 0
      vertex 36.0206 7.44083 0
      vertex 36.0635 7.46353 0
    endloop
  endfacet
  facet normal 0 0 -1
    outer loop
      vertex 35.829 7.16533 0
      vertex 36.0372 6.7592 0
      vertex 35.9905 6.74579 0
    endloop
  endfacet
  facet normal 0 0 -1
    outer loop
      vertex 36.2169 6.80544 0
      vertex 35.8647 7.26532 0
      vertex 35.8883 7.30893 0
    endloop
  endfacet
  facet normal 0 0 -1
    outer loop
      vertex 35.829 7.16533 0
      vertex 35.9905 6.74579 0
      vertex 35.9505 6.7334 0
    endloop
  endfacet
  facet normal 0 0 -1
    outer loop
      vertex 36.2169 6.80544 0
      vertex 35.845 7.21746 0
      vertex 35.8647 7.26532 0
    endloop
  endfacet
  facet normal 0 0 -1
    outer loop
      vertex 35.829 7.16533 0
      vertex 35.9505 6.7334 0
      vertex 35.9172 6.722 0
    endloop
  endfacet
  facet normal 0 0 -1
    outer loop
      vertex 36.2169 6.80544 0
      vertex 35.829 7.16533 0
      vertex 35.845 7.21746 0
    endloop
  endfacet
  facet normal 0 0 -1
    outer loop
      vertex 36.2902 6.82285 0
      vertex 35.9818 7.41423 0
      vertex 36.0206 7.44083 0
    endloop
  endfacet
  facet normal 0 0 -1
    outer loop
      vertex 35.829 7.16533 0
      vertex 35.9172 6.722 0
      vertex 35.8876 6.71083 0
    endloop
  endfacet
  facet normal 0 0 -1
    outer loop
      vertex 36.2902 6.82285 0
      vertex 35.9468 7.3834 0
      vertex 35.9818 7.41423 0
    endloop
  endfacet
  facet normal 0 0 -1
    outer loop
      vertex 35.829 7.16533 0
      vertex 35.8876 6.71083 0
      vertex 35.8588 6.69911 0
    endloop
  endfacet
  facet normal 0 0 -1
    outer loop
      vertex 36.2169 6.80544 0
      vertex 35.8883 7.30893 0
      vertex 35.9157 7.34828 0
    endloop
  endfacet
  facet normal 0 0 -1
    outer loop
      vertex 35.829 7.16533 0
      vertex 35.8588 6.69911 0
      vertex 35.8308 6.68683 0
    endloop
  endfacet
  facet normal 0 0 -1
    outer loop
      vertex 36.2902 6.82285 0
      vertex 35.9157 7.34828 0
      vertex 35.9468 7.3834 0
    endloop
  endfacet
  facet normal 0 0 -1
    outer loop
      vertex 35.8037 6.674 0
      vertex 35.829 7.16533 0
      vertex 35.8308 6.68683 0
    endloop
  endfacet
  facet normal 0 0 -1
    outer loop
      vertex 35.7774 6.6606 0
      vertex 35.829 7.16533 0
      vertex 35.8037 6.674 0
    endloop
  endfacet
  facet normal 0 0 -1
    outer loop
      vertex 35.7519 6.64667 0
      vertex 35.829 7.16533 0
      vertex 35.7774 6.6606 0
    endloop
  endfacet
  facet normal 0 0 -1
    outer loop
      vertex 35.7273 6.63217 0
      vertex 35.829 7.16533 0
      vertex 35.7519 6.64667 0
    endloop
  endfacet
  facet normal 0 0 -1
    outer loop
      vertex 35.3459 7.245 0
      vertex 35.7273 6.63217 0
      vertex 35.7036 6.61696 0
    endloop
  endfacet
  facet normal 0 0 -1
    outer loop
      vertex 35.3459 7.245 0
      vertex 35.7036 6.61696 0
      vertex 35.6809 6.60088 0
    endloop
  endfacet
  facet normal 0 0 -1
    outer loop
      vertex 35.0925 6.94663 0
      vertex 35.6809 6.60088 0
      vertex 35.6593 6.58394 0
    endloop
  endfacet
  facet normal 0 0 -1
    outer loop
      vertex 35.0925 6.94663 0
      vertex 35.6593 6.58394 0
      vertex 35.6387 6.56613 0
    endloop
  endfacet
  facet normal 0 0 -1
    outer loop
      vertex 35.0925 6.94663 0
      vertex 35.6387 6.56613 0
      vertex 35.6192 6.54747 0
    endloop
  endfacet
  facet normal 0 0 -1
    outer loop
      vertex 35.0925 6.94663 0
      vertex 35.6192 6.54747 0
      vertex 35.6007 6.52794 0
    endloop
  endfacet
  facet normal 0 0 -1
    outer loop
      vertex 35.0925 6.94663 0
      vertex 35.6007 6.52794 0
      vertex 35.5832 6.50754 0
    endloop
  endfacet
  facet normal 0 0 -1
    outer loop
      vertex 35.0925 6.94663 0
      vertex 35.5832 6.50754 0
      vertex 35.5668 6.48619 0
    endloop
  endfacet
  facet normal 0 0 -1
    outer loop
      vertex 35.0925 6.94663 0
      vertex 35.5668 6.48619 0
      vertex 35.5514 6.46381 0
    endloop
  endfacet
  facet normal 0 0 -1
    outer loop
      vertex 35.0925 6.94663 0
      vertex 35.5514 6.46381 0
      vertex 35.5372 6.44039 0
    endloop
  endfacet
  facet normal 0 0 -1
    outer loop
      vertex 35.0925 6.94663 0
      vertex 35.5372 6.44039 0
      vertex 35.524 6.41593 0
    endloop
  endfacet
  facet normal 0 0 -1
    outer loop
      vertex 35.0925 6.94663 0
      vertex 35.524 6.41593 0
      vertex 35.5119 6.39043 0
    endloop
  endfacet
  facet normal 0 0 -1
    outer loop
      vertex 35.0925 6.94663 0
      vertex 35.5119 6.39043 0
      vertex 35.5008 6.36389 0
    endloop
  endfacet
  facet normal 0 0 -1
    outer loop
      vertex 35.6809 6.60088 0
      vertex 35.0925 6.94663 0
      vertex 35.3459 7.245 0
    endloop
  endfacet
  facet normal 0 0 -1
    outer loop
      vertex 35.0925 6.94663 0
      vertex 35.5008 6.36389 0
      vertex 35.4908 6.33632 0
    endloop
  endfacet
  facet normal 0 0 -1
    outer loop
      vertex 35.0925 6.94663 0
      vertex 35.4908 6.33632 0
      vertex 35.4821 6.30764 0
    endloop
  endfacet
  facet normal 0 0 -1
    outer loop
      vertex 35.0925 6.94663 0
      vertex 35.4821 6.30764 0
      vertex 35.4746 6.27777 0
    endloop
  endfacet
  facet normal 0 0 -1
    outer loop
      vertex 35.0925 6.94663 0
      vertex 35.4746 6.27777 0
      vertex 35.4686 6.24675 0
    endloop
  endfacet
  facet normal 0 0 -1
    outer loop
      vertex 35.0925 6.94663 0
      vertex 35.4686 6.24675 0
      vertex 35.4638 6.21454 0
    endloop
  endfacet
  facet normal 0 0 -1
    outer loop
      vertex 35.0925 6.94663 0
      vertex 35.4638 6.21454 0
      vertex 35.4605 6.18116 0
    endloop
  endfacet
  facet normal 0 0 -1
    outer loop
      vertex 35.0925 6.94663 0
      vertex 35.4605 6.18116 0
      vertex 35.4585 6.14658 0
    endloop
  endfacet
  facet normal 0 0 -1
    outer loop
      vertex 35.0925 5.47849 0
      vertex 35.4585 6.14658 0
      vertex 35.4578 6.11084 0
    endloop
  endfacet
  facet normal -0 0 -1
    outer loop
      vertex 34.5895 6.99524 0
      vertex 33.5057 6.93305 0
      vertex 33.5085 7.01116 0
    endloop
  endfacet
  facet normal -0 0 -1
    outer loop
      vertex 30.2911 7.48065 0
      vertex 29.0094 5.47849 0
      vertex 29.0094 7.48065 0
    endloop
  endfacet
  facet normal 0 0 -1
    outer loop
      vertex 28.1329 6.04134 0
      vertex 28.1203 6.85251 0
      vertex 28.1359 6.88324 0
    endloop
  endfacet
  facet normal 0 0 -1
    outer loop
      vertex 28.1329 6.04134 0
      vertex 28.1031 6.82309 0
      vertex 28.1203 6.85251 0
    endloop
  endfacet
  facet normal 0 0 -1
    outer loop
      vertex 28.1329 6.04134 0
      vertex 28.0842 6.795 0
      vertex 28.1031 6.82309 0
    endloop
  endfacet
  facet normal 0 0 -1
    outer loop
      vertex 28.1329 6.04134 0
      vertex 28.0636 6.76822 0
      vertex 28.0842 6.795 0
    endloop
  endfacet
  facet normal 0 0 -1
    outer loop
      vertex 28.1329 6.04134 0
      vertex 28.0414 6.74275 0
      vertex 28.0636 6.76822 0
    endloop
  endfacet
  facet normal 0 0 -1
    outer loop
      vertex 28.1329 6.04134 0
      vertex 28.0175 6.7186 0
      vertex 28.0414 6.74275 0
    endloop
  endfacet
  facet normal 0 0 -1
    outer loop
      vertex 28.1329 6.04134 0
      vertex 27.9916 6.69554 0
      vertex 28.0175 6.7186 0
    endloop
  endfacet
  facet normal 0 0 -1
    outer loop
      vertex 28.1329 6.04134 0
      vertex 27.9631 6.6733 0
      vertex 27.9916 6.69554 0
    endloop
  endfacet
  facet normal 0 0 -1
    outer loop
      vertex 28.1329 6.04134 0
      vertex 27.9321 6.65187 0
      vertex 27.9631 6.6733 0
    endloop
  endfacet
  facet normal 0 0 -1
    outer loop
      vertex 28.1329 6.04134 0
      vertex 27.8985 6.63129 0
      vertex 27.9321 6.65187 0
    endloop
  endfacet
  facet normal 0 0 -1
    outer loop
      vertex 28.1329 6.04134 0
      vertex 27.8625 6.61154 0
      vertex 27.8985 6.63129 0
    endloop
  endfacet
  facet normal 0 0 -1
    outer loop
      vertex 28.1329 6.04134 0
      vertex 27.8239 6.59261 0
      vertex 27.8625 6.61154 0
    endloop
  endfacet
  facet normal 0 0 -1
    outer loop
      vertex 28.1329 6.04134 0
      vertex 27.7827 6.57453 0
      vertex 27.8239 6.59261 0
    endloop
  endfacet
  facet normal 0 0 -1
    outer loop
      vertex 27.648 6.10747 0
      vertex 27.7827 6.57453 0
      vertex 28.1329 6.04134 0
    endloop
  endfacet
  facet normal 0 0 -1
    outer loop
      vertex 27.7827 6.57453 0
      vertex 27.648 6.10747 0
      vertex 27.7364 6.55661 0
    endloop
  endfacet
  facet normal 0 0 -1
    outer loop
      vertex 27.7364 6.55661 0
      vertex 27.648 6.10747 0
      vertex 27.682 6.53826 0
    endloop
  endfacet
  facet normal 0 0 -1
    outer loop
      vertex 27.2903 6.43975 0
      vertex 27.648 6.10747 0
      vertex 27.6358 6.06494 0
    endloop
  endfacet
  facet normal 0 0 -1
    outer loop
      vertex 27.2903 6.43975 0
      vertex 27.6358 6.06494 0
      vertex 27.6204 6.02555 0
    endloop
  endfacet
  facet normal 0 0 -1
    outer loop
      vertex 27.648 6.10747 0
      vertex 27.6196 6.51946 0
      vertex 27.682 6.53826 0
    endloop
  endfacet
  facet normal 0 0 -1
    outer loop
      vertex 27.2903 6.43975 0
      vertex 27.6204 6.02555 0
      vertex 27.6019 5.98925 0
    endloop
  endfacet
  facet normal 0 0 -1
    outer loop
      vertex 27.2903 6.43975 0
      vertex 27.6019 5.98925 0
      vertex 27.5802 5.95607 0
    endloop
  endfacet
  facet normal 0 0 -1
    outer loop
      vertex 27.2903 6.43975 0
      vertex 27.5802 5.95607 0
      vertex 27.5553 5.92601 0
    endloop
  endfacet
  facet normal 0 0 -1
    outer loop
      vertex 27.648 6.10747 0
      vertex 27.5493 6.5002 0
      vertex 27.6196 6.51946 0
    endloop
  endfacet
  facet normal 0 0 -1
    outer loop
      vertex 27.2903 6.43975 0
      vertex 27.5553 5.92601 0
      vertex 27.5274 5.89905 0
    endloop
  endfacet
  facet normal 0 0 -1
    outer loop
      vertex 27.2903 6.43975 0
      vertex 27.5274 5.89905 0
      vertex 27.4962 5.87522 0
    endloop
  endfacet
  facet normal 0 0 -1
    outer loop
      vertex 27.648 6.10747 0
      vertex 27.4709 6.4805 0
      vertex 27.5493 6.5002 0
    endloop
  endfacet
  facet normal 0 0 -1
    outer loop
      vertex 27.2903 6.43975 0
      vertex 27.4962 5.87522 0
      vertex 27.4615 5.85453 0
    endloop
  endfacet
  facet normal 0 0 -1
    outer loop
      vertex 27.2114 6.42226 0
      vertex 27.4615 5.85453 0
      vertex 27.4228 5.83701 0
    endloop
  endfacet
  facet normal 0 0 -1
    outer loop
      vertex 27.648 6.10747 0
      vertex 27.3846 6.46035 0
      vertex 27.4709 6.4805 0
    endloop
  endfacet
  facet normal 0 0 -1
    outer loop
      vertex 27.2114 6.42226 0
      vertex 27.4228 5.83701 0
      vertex 27.38 5.8227 0
    endloop
  endfacet
  facet normal 0 0 -1
    outer loop
      vertex 27.2114 6.42226 0
      vertex 27.38 5.8227 0
      vertex 27.3331 5.81154 0
    endloop
  endfacet
  facet normal 0 0 -1
    outer loop
      vertex 27.648 6.10747 0
      vertex 27.2903 6.43975 0
      vertex 27.3846 6.46035 0
    endloop
  endfacet
  facet normal 0 0 -1
    outer loop
      vertex 27.2114 6.42226 0
      vertex 27.3331 5.81154 0
      vertex 27.2822 5.80359 0
    endloop
  endfacet
  facet normal 0 0 -1
    outer loop
      vertex 27.1405 6.40563 0
      vertex 27.2822 5.80359 0
      vertex 27.2272 5.79882 0
    endloop
  endfacet
  facet normal 0 0 -1
    outer loop
      vertex 27.4615 5.85453 0
      vertex 27.2114 6.42226 0
      vertex 27.2903 6.43975 0
    endloop
  endfacet
  facet normal 0 0 -1
    outer loop
      vertex 27.1405 6.40563 0
      vertex 27.2272 5.79882 0
      vertex 27.1682 5.79721 0
    endloop
  endfacet
  facet normal 0 0 -1
    outer loop
      vertex 27.2822 5.80359 0
      vertex 27.1405 6.40563 0
      vertex 27.2114 6.42226 0
    endloop
  endfacet
  facet normal 0 0 -1
    outer loop
      vertex 27.1682 5.79721 0
      vertex 27.0776 6.38988 0
      vertex 27.1405 6.40563 0
    endloop
  endfacet
  facet normal 0 0 -1
    outer loop
      vertex 27.0226 6.37499 0
      vertex 27.1682 5.79721 0
      vertex 27.0477 5.80303 0
    endloop
  endfacet
  facet normal 0 0 -1
    outer loop
      vertex 27.1682 5.79721 0
      vertex 27.0226 6.37499 0
      vertex 27.0776 6.38988 0
    endloop
  endfacet
  facet normal 0 0 -1
    outer loop
      vertex 27.0477 5.80303 0
      vertex 26.9756 6.36095 0
      vertex 27.0226 6.37499 0
    endloop
  endfacet
  facet normal 0 0 -1
    outer loop
      vertex 26.9457 5.82047 0
      vertex 26.9756 6.36095 0
      vertex 27.0477 5.80303 0
    endloop
  endfacet
  facet normal 0 0 -1
    outer loop
      vertex 26.9457 5.82047 0
      vertex 26.9365 6.3478 0
      vertex 26.9756 6.36095 0
    endloop
  endfacet
  facet normal 0 0 -1
    outer loop
      vertex 26.9457 5.82047 0
      vertex 26.9054 6.3355 0
      vertex 26.9365 6.3478 0
    endloop
  endfacet
  facet normal 0 0 -1
    outer loop
      vertex 26.9457 5.82047 0
      vertex 26.8793 6.32326 0
      vertex 26.9054 6.3355 0
    endloop
  endfacet
  facet normal 0 0 -1
    outer loop
      vertex 26.8622 5.84954 0
      vertex 26.8793 6.32326 0
      vertex 26.9457 5.82047 0
    endloop
  endfacet
  facet normal 0 0 -1
    outer loop
      vertex 26.8622 5.84954 0
      vertex 26.855 6.31031 0
      vertex 26.8793 6.32326 0
    endloop
  endfacet
  facet normal 0 0 -1
    outer loop
      vertex 26.8622 5.84954 0
      vertex 26.8326 6.29662 0
      vertex 26.855 6.31031 0
    endloop
  endfacet
  facet normal 0 0 -1
    outer loop
      vertex 26.8622 5.84954 0
      vertex 26.8121 6.2822 0
      vertex 26.8326 6.29662 0
    endloop
  endfacet
  facet normal 0 0 -1
    outer loop
      vertex 26.7139 6.08202 0
      vertex 26.8622 5.84954 0
      vertex 26.7973 5.89022 0
    endloop
  endfacet
  facet normal 0 0 -1
    outer loop
      vertex 26.8622 5.84954 0
      vertex 26.7139 6.08202 0
      vertex 26.8121 6.2822 0
    endloop
  endfacet
  facet normal 0 0 -1
    outer loop
      vertex 26.8121 6.2822 0
      vertex 26.7139 6.08202 0
      vertex 26.7936 6.26706 0
    endloop
  endfacet
  facet normal 0 -0 -1
    outer loop
      vertex 26.7149 6.10797 0
      vertex 26.7936 6.26706 0
      vertex 26.7139 6.08202 0
    endloop
  endfacet
  facet normal 0 0 -1
    outer loop
      vertex 26.7231 6.00646 0
      vertex 26.7973 5.89022 0
      vertex 26.751 5.94252 0
    endloop
  endfacet
  facet normal 0 0 -1
    outer loop
      vertex 26.7936 6.26706 0
      vertex 26.7149 6.10797 0
      vertex 26.7769 6.25121 0
    endloop
  endfacet
  facet normal 0 -0 -1
    outer loop
      vertex 26.7178 6.13254 0
      vertex 26.7769 6.25121 0
      vertex 26.7149 6.10797 0
    endloop
  endfacet
  facet normal 0 -0 -1
    outer loop
      vertex 26.7227 6.15572 0
      vertex 26.7769 6.25121 0
      vertex 26.7178 6.13254 0
    endloop
  endfacet
  facet normal 0 0 -1
    outer loop
      vertex 26.7973 5.89022 0
      vertex 26.7231 6.00646 0
      vertex 26.7139 6.08202 0
    endloop
  endfacet
  facet normal 0 0 -1
    outer loop
      vertex 26.7769 6.25121 0
      vertex 26.7227 6.15572 0
      vertex 26.7622 6.23462 0
    endloop
  endfacet
  facet normal 0 0 -1
    outer loop
      vertex 26.7385 6.19794 0
      vertex 26.7227 6.15572 0
      vertex 26.7296 6.17752 0
    endloop
  endfacet
  facet normal 0 0 -1
    outer loop
      vertex 26.7494 6.21697 0
      vertex 26.7227 6.15572 0
      vertex 26.7385 6.19794 0
    endloop
  endfacet
  facet normal 0 0 -1
    outer loop
      vertex 26.7622 6.23462 0
      vertex 26.7227 6.15572 0
      vertex 26.7494 6.21697 0
    endloop
  endfacet
  facet normal 0 0 -1
    outer loop
      vertex 27.6306 7.02144 0
      vertex 27.7078 7.17937 0
      vertex 27.7041 7.15248 0
    endloop
  endfacet
  facet normal -0 0 -1
    outer loop
      vertex 27.7078 7.17937 0
      vertex 27.6306 7.02144 0
      vertex 27.709 7.20771 0
    endloop
  endfacet
  facet normal 0 0 -1
    outer loop
      vertex 27.6306 7.02144 0
      vertex 27.7041 7.15248 0
      vertex 27.698 7.12706 0
    endloop
  endfacet
  facet normal 0 0 -1
    outer loop
      vertex 27.6488 7.03987 0
      vertex 27.698 7.12706 0
      vertex 27.6894 7.10308 0
    endloop
  endfacet
  facet normal 0 0 -1
    outer loop
      vertex 27.6488 7.03987 0
      vertex 27.6894 7.10308 0
      vertex 27.6783 7.08055 0
    endloop
  endfacet
  facet normal 0 0 -1
    outer loop
      vertex 27.698 7.12706 0
      vertex 27.6488 7.03987 0
      vertex 27.6306 7.02144 0
    endloop
  endfacet
  facet normal 0 0 -1
    outer loop
      vertex 27.6488 7.03987 0
      vertex 27.6783 7.08055 0
      vertex 27.6648 7.0595 0
    endloop
  endfacet
  facet normal 0 0 -1
    outer loop
      vertex 27.6104 7.00389 0
      vertex 27.709 7.20771 0
      vertex 27.6306 7.02144 0
    endloop
  endfacet
  facet normal 0 -0 -1
    outer loop
      vertex 27.6128 7.42235 0
      vertex 27.709 7.20771 0
      vertex 27.6104 7.00389 0
    endloop
  endfacet
  facet normal 0 0 -1
    outer loop
      vertex 27.6983 7.29227 0
      vertex 27.6128 7.42235 0
      vertex 27.6663 7.36382 0
    endloop
  endfacet
  facet normal 0 0 -1
    outer loop
      vertex 27.709 7.20771 0
      vertex 27.6128 7.42235 0
      vertex 27.6983 7.29227 0
    endloop
  endfacet
  facet normal 0 0 -1
    outer loop
      vertex 27.5882 6.98725 0
      vertex 27.6128 7.42235 0
      vertex 27.6104 7.00389 0
    endloop
  endfacet
  facet normal 0 0 -1
    outer loop
      vertex 27.538 7.46788 0
      vertex 27.5882 6.98725 0
      vertex 27.564 6.97151 0
    endloop
  endfacet
  facet normal 0 0 -1
    outer loop
      vertex 27.5882 6.98725 0
      vertex 27.538 7.46788 0
      vertex 27.6128 7.42235 0
    endloop
  endfacet
  facet normal 0 0 -1
    outer loop
      vertex 27.5378 6.95667 0
      vertex 27.538 7.46788 0
      vertex 27.564 6.97151 0
    endloop
  endfacet
  facet normal 0 0 -1
    outer loop
      vertex 27.4418 7.50041 0
      vertex 27.5378 6.95667 0
      vertex 27.5095 6.94272 0
    endloop
  endfacet
  facet normal 0 0 -1
    outer loop
      vertex 27.4418 7.50041 0
      vertex 27.5095 6.94272 0
      vertex 27.4793 6.92968 0
    endloop
  endfacet
  facet normal 0 0 -1
    outer loop
      vertex 27.4418 7.50041 0
      vertex 27.4793 6.92968 0
      vertex 27.444 6.91671 0
    endloop
  endfacet
  facet normal 0 0 -1
    outer loop
      vertex 27.5378 6.95667 0
      vertex 27.4418 7.50041 0
      vertex 27.538 7.46788 0
    endloop
  endfacet
  facet normal 0 0 -1
    outer loop
      vertex 27.3242 7.51993 0
      vertex 27.444 6.91671 0
      vertex 27.4004 6.90297 0
    endloop
  endfacet
  facet normal 0 0 -1
    outer loop
      vertex 27.3242 7.51993 0
      vertex 27.4004 6.90297 0
      vertex 27.3487 6.88848 0
    endloop
  endfacet
  facet normal 0 0 -1
    outer loop
      vertex 27.444 6.91671 0
      vertex 27.3242 7.51993 0
      vertex 27.4418 7.50041 0
    endloop
  endfacet
  facet normal 0 0 -1
    outer loop
      vertex 27.2887 6.87322 0
      vertex 27.3242 7.51993 0
      vertex 27.3487 6.88848 0
    endloop
  endfacet
  facet normal 0 0 -1
    outer loop
      vertex 27.1852 7.52643 0
      vertex 27.2887 6.87322 0
      vertex 27.2206 6.85718 0
    endloop
  endfacet
  facet normal 0 0 -1
    outer loop
      vertex 27.2887 6.87322 0
      vertex 27.1852 7.52643 0
      vertex 27.3242 7.51993 0
    endloop
  endfacet
  facet normal 0 0 -1
    outer loop
      vertex 27.1152 7.52468 0
      vertex 27.2206 6.85718 0
      vertex 27.1443 6.8404 0
    endloop
  endfacet
  facet normal 0 0 -1
    outer loop
      vertex 27.2206 6.85718 0
      vertex 27.1152 7.52468 0
      vertex 27.1852 7.52643 0
    endloop
  endfacet
  facet normal 0 0 -1
    outer loop
      vertex 26.9889 7.51071 0
      vertex 27.1443 6.8404 0
      vertex 27.0597 6.82285 0
    endloop
  endfacet
  facet normal 0 0 -1
    outer loop
      vertex 27.1443 6.8404 0
      vertex 27.0498 7.51944 0
      vertex 27.1152 7.52468 0
    endloop
  endfacet
  facet normal 0 0 -1
    outer loop
      vertex 27.1443 6.8404 0
      vertex 26.9889 7.51071 0
      vertex 27.0498 7.51944 0
    endloop
  endfacet
  facet normal 0 0 -1
    outer loop
      vertex 26.6852 7.34828 0
      vertex 27.0597 6.82285 0
      vertex 26.9865 6.80544 0
    endloop
  endfacet
  facet normal 0 0 -1
    outer loop
      vertex 27.0597 6.82285 0
      vertex 26.9325 7.49848 0
      vertex 26.9889 7.51071 0
    endloop
  endfacet
  facet normal 0 0 -1
    outer loop
      vertex 26.5986 7.16533 0
      vertex 26.9865 6.80544 0
      vertex 26.9199 6.78902 0
    endloop
  endfacet
  facet normal 0 0 -1
    outer loop
      vertex 27.0597 6.82285 0
      vertex 26.8805 7.48276 0
      vertex 26.9325 7.49848 0
    endloop
  endfacet
  facet normal 0 0 -1
    outer loop
      vertex 26.5986 7.16533 0
      vertex 26.9199 6.78902 0
      vertex 26.86 6.77361 0
    endloop
  endfacet
  facet normal 0 0 -1
    outer loop
      vertex 27.0597 6.82285 0
      vertex 26.8331 7.46353 0
      vertex 26.8805 7.48276 0
    endloop
  endfacet
  facet normal 0 0 -1
    outer loop
      vertex 26.5986 7.16533 0
      vertex 26.86 6.77361 0
      vertex 26.8067 6.7592 0
    endloop
  endfacet
  facet normal 0 0 -1
    outer loop
      vertex 27.0597 6.82285 0
      vertex 26.7901 7.44083 0
      vertex 26.8331 7.46353 0
    endloop
  endfacet
  facet normal 0 0 -1
    outer loop
      vertex 26.5986 7.16533 0
      vertex 26.8067 6.7592 0
      vertex 26.7601 6.74579 0
    endloop
  endfacet
  facet normal 0 0 -1
    outer loop
      vertex 26.9865 6.80544 0
      vertex 26.6343 7.26532 0
      vertex 26.6579 7.30893 0
    endloop
  endfacet
  facet normal 0 0 -1
    outer loop
      vertex 26.5986 7.16533 0
      vertex 26.7601 6.74579 0
      vertex 26.7201 6.7334 0
    endloop
  endfacet
  facet normal 0 0 -1
    outer loop
      vertex 26.9865 6.80544 0
      vertex 26.6145 7.21746 0
      vertex 26.6343 7.26532 0
    endloop
  endfacet
  facet normal 0 0 -1
    outer loop
      vertex 26.5986 7.16533 0
      vertex 26.7201 6.7334 0
      vertex 26.6867 6.722 0
    endloop
  endfacet
  facet normal 0 0 -1
    outer loop
      vertex 26.9865 6.80544 0
      vertex 26.5986 7.16533 0
      vertex 26.6145 7.21746 0
    endloop
  endfacet
  facet normal 0 0 -1
    outer loop
      vertex 27.0597 6.82285 0
      vertex 26.7514 7.41423 0
      vertex 26.7901 7.44083 0
    endloop
  endfacet
  facet normal 0 0 -1
    outer loop
      vertex 26.5986 7.16533 0
      vertex 26.6867 6.722 0
      vertex 26.6571 6.71083 0
    endloop
  endfacet
  facet normal 0 0 -1
    outer loop
      vertex 27.0597 6.82285 0
      vertex 26.7164 7.3834 0
      vertex 26.7514 7.41423 0
    endloop
  endfacet
  facet normal 0 0 -1
    outer loop
      vertex 26.5986 7.16533 0
      vertex 26.6571 6.71083 0
      vertex 26.6283 6.69911 0
    endloop
  endfacet
  facet normal 0 0 -1
    outer loop
      vertex 26.9865 6.80544 0
      vertex 26.6579 7.30893 0
      vertex 26.6852 7.34828 0
    endloop
  endfacet
  facet normal 0 0 -1
    outer loop
      vertex 26.5986 7.16533 0
      vertex 26.6283 6.69911 0
      vertex 26.6004 6.68683 0
    endloop
  endfacet
  facet normal 0 0 -1
    outer loop
      vertex 27.0597 6.82285 0
      vertex 26.6852 7.34828 0
      vertex 26.7164 7.3834 0
    endloop
  endfacet
  facet normal 0 0 -1
    outer loop
      vertex 26.5732 6.674 0
      vertex 26.5986 7.16533 0
      vertex 26.6004 6.68683 0
    endloop
  endfacet
  facet normal 0 0 -1
    outer loop
      vertex 26.547 6.6606 0
      vertex 26.5986 7.16533 0
      vertex 26.5732 6.674 0
    endloop
  endfacet
  facet normal 0 0 -1
    outer loop
      vertex 26.5215 6.64667 0
      vertex 26.5986 7.16533 0
      vertex 26.547 6.6606 0
    endloop
  endfacet
  facet normal 0 0 -1
    outer loop
      vertex 26.4969 6.63217 0
      vertex 26.5986 7.16533 0
      vertex 26.5215 6.64667 0
    endloop
  endfacet
  facet normal 0 0 -1
    outer loop
      vertex 26.1154 7.245 0
      vertex 26.4969 6.63217 0
      vertex 26.4732 6.61696 0
    endloop
  endfacet
  facet normal 0 0 -1
    outer loop
      vertex 26.1154 7.245 0
      vertex 26.4732 6.61696 0
      vertex 26.4505 6.60088 0
    endloop
  endfacet
  facet normal 0 0 -1
    outer loop
      vertex 26.1154 7.245 0
      vertex 26.4505 6.60088 0
      vertex 26.4289 6.58394 0
    endloop
  endfacet
  facet normal 0 0 -1
    outer loop
      vertex 26.1154 7.245 0
      vertex 26.4289 6.58394 0
      vertex 26.4083 6.56613 0
    endloop
  endfacet
  facet normal 0 0 -1
    outer loop
      vertex 25.761 6.85167 0
      vertex 26.4083 6.56613 0
      vertex 26.3887 6.54747 0
    endloop
  endfacet
  facet normal 0 0 -1
    outer loop
      vertex 25.761 6.85167 0
      vertex 26.3887 6.54747 0
      vertex 26.3702 6.52794 0
    endloop
  endfacet
  facet normal 0 0 -1
    outer loop
      vertex 25.761 6.85167 0
      vertex 26.3702 6.52794 0
      vertex 26.3528 6.50754 0
    endloop
  endfacet
  facet normal 0 0 -1
    outer loop
      vertex 25.761 6.85167 0
      vertex 26.3528 6.50754 0
      vertex 26.3363 6.48619 0
    endloop
  endfacet
  facet normal 0 0 -1
    outer loop
      vertex 25.761 6.85167 0
      vertex 26.3363 6.48619 0
      vertex 26.321 6.46381 0
    endloop
  endfacet
  facet normal 0 0 -1
    outer loop
      vertex 25.761 6.46517 0
      vertex 26.321 6.46381 0
      vertex 26.3067 6.44039 0
    endloop
  endfacet
  facet normal 0 0 -1
    outer loop
      vertex 25.761 6.46517 0
      vertex 26.3067 6.44039 0
      vertex 26.2935 6.41593 0
    endloop
  endfacet
  facet normal 0 0 -1
    outer loop
      vertex 25.761 6.46517 0
      vertex 26.2935 6.41593 0
      vertex 26.2814 6.39043 0
    endloop
  endfacet
  facet normal 0 0 -1
    outer loop
      vertex 25.761 6.46517 0
      vertex 26.2814 6.39043 0
      vertex 26.2704 6.36389 0
    endloop
  endfacet
  facet normal 0 0 -1
    outer loop
      vertex 26.4969 6.63217 0
      vertex 26.1154 7.245 0
      vertex 26.5986 7.16533 0
    endloop
  endfacet
  facet normal 0 0 -1
    outer loop
      vertex 25.761 6.46517 0
      vertex 26.2704 6.36389 0
      vertex 26.2604 6.33632 0
    endloop
  endfacet
  facet normal 0 0 -1
    outer loop
      vertex 25.761 6.46517 0
      vertex 26.2604 6.33632 0
      vertex 26.2516 6.30764 0
    endloop
  endfacet
  facet normal 0 0 -1
    outer loop
      vertex 25.761 6.46517 0
      vertex 26.2516 6.30764 0
      vertex 26.2442 6.27777 0
    endloop
  endfacet
  facet normal 0 0 -1
    outer loop
      vertex 25.761 6.46517 0
      vertex 26.2442 6.27777 0
      vertex 26.2381 6.24675 0
    endloop
  endfacet
  facet normal 0 0 -1
    outer loop
      vertex 25.761 6.46517 0
      vertex 26.2381 6.24675 0
      vertex 26.2334 6.21454 0
    endloop
  endfacet
  facet normal 0 0 -1
    outer loop
      vertex 25.761 6.46517 0
      vertex 26.2334 6.21454 0
      vertex 26.23 6.18116 0
    endloop
  endfacet
  facet normal 0 0 -1
    outer loop
      vertex 25.761 6.46517 0
      vertex 26.23 6.18116 0
      vertex 26.228 6.14658 0
    endloop
  endfacet
  facet normal 0 0 -1
    outer loop
      vertex 25.8644 5.86502 0
      vertex 26.228 6.14658 0
      vertex 26.2273 6.11084 0
    endloop
  endfacet
  facet normal 0 0 -1
    outer loop
      vertex 26.321 6.46381 0
      vertex 25.761 6.46517 0
      vertex 25.761 6.85167 0
    endloop
  endfacet
  facet normal 0 0 -1
    outer loop
      vertex 26.4083 6.56613 0
      vertex 25.761 6.85167 0
      vertex 26.1154 7.245 0
    endloop
  endfacet
  facet normal -0 0 -1
    outer loop
      vertex 26.1154 7.245 0
      vertex 25.761 6.85167 0
      vertex 25.9339 7.48065 0
    endloop
  endfacet
  facet normal 0 0 -1
    outer loop
      vertex 24.4861 7.48065 0
      vertex 25.761 6.85167 0
      vertex 24.4861 6.85167 0
    endloop
  endfacet
  facet normal 0 0 -1
    outer loop
      vertex 25.761 6.85167 0
      vertex 24.4861 7.48065 0
      vertex 25.9339 7.48065 0
    endloop
  endfacet
  facet normal 0 0 -1
    outer loop
      vertex 8.25574 7.725 0
      vertex 10.7453 7.61164 0
      vertex 8.33962 7.55489 0
    endloop
  endfacet
  facet normal 0 0 -1
    outer loop
      vertex 8.43759 7.18926 0
      vertex 10.7453 7.61164 0
      vertex 8.45 7 0
    endloop
  endfacet
  facet normal 0 0 -1
    outer loop
      vertex 8.33962 7.55489 0
      vertex 10.7453 7.61164 0
      vertex 8.40059 7.37529 0
    endloop
  endfacet
  facet normal 0 0 -1
    outer loop
      vertex 8.40059 7.37529 0
      vertex 10.7453 7.61164 0
      vertex 8.43759 7.18926 0
    endloop
  endfacet
  facet normal 0 0 -1
    outer loop
      vertex 10.7453 7.61164 0
      vertex 16.4695 13.7344 0
      vertex 21.9031 12.5794 0
    endloop
  endfacet
  facet normal 0 0 -1
    outer loop
      vertex 16.4695 16.3344 0
      vertex 24.1567 13.5828 0
      vertex 16.7709 15.1527 0
    endloop
  endfacet
  facet normal 0 0 -1
    outer loop
      vertex 24.1567 13.5828 0
      vertex 16.4695 16.3344 0
      vertex 25.8557 14.3392 0
    endloop
  endfacet
  facet normal 0 0 -1
    outer loop
      vertex 16.4695 16.3344 0
      vertex 16.7709 15.1527 0
      vertex 16.4695 13.7344 0
    endloop
  endfacet
  facet normal 0 0 -1
    outer loop
      vertex 28.8909 18.8608 0
      vertex 27.2291 19.2473 0
      vertex 27.5305 20.6656 0
    endloop
  endfacet
  facet normal 0 0 -1
    outer loop
      vertex 16.7709 20.3527 0
      vertex 27.2291 19.2473 0
      vertex 27.5305 18.0656 0
    endloop
  endfacet
  facet normal 0 0 -1
    outer loop
      vertex 16.7709 20.3527 0
      vertex 16.4695 21.5344 0
      vertex 27.2291 19.2473 0
    endloop
  endfacet
  facet normal 0 0 -1
    outer loop
      vertex 16.4695 21.5344 0
      vertex 16.7709 20.3527 0
      vertex 16.4695 18.9344 0
    endloop
  endfacet
  facet normal 0 0 -1
    outer loop
      vertex 28.8909 18.8608 0
      vertex 27.2291 16.6473 0
      vertex 27.5305 18.0656 0
    endloop
  endfacet
  facet normal 0 0 -1
    outer loop
      vertex 26.7395 15.6338 0
      vertex 27.2291 16.6473 0
      vertex 28.8909 18.8608 0
    endloop
  endfacet
  facet normal 0 0 -1
    outer loop
      vertex 16.7709 17.7527 0
      vertex 27.2291 16.6473 0
      vertex 26.7395 15.6338 0
    endloop
  endfacet
  facet normal 0 0 -1
    outer loop
      vertex 16.7709 17.7527 0
      vertex 16.4695 18.9344 0
      vertex 27.2291 16.6473 0
    endloop
  endfacet
  facet normal 0 0 -1
    outer loop
      vertex 16.4695 18.9344 0
      vertex 16.7709 17.7527 0
      vertex 16.4695 16.3344 0
    endloop
  endfacet
  facet normal 0 0 -1
    outer loop
      vertex 27.2291 19.2473 0
      vertex 28.8909 18.8608 0
      vertex 27.5305 18.0656 0
    endloop
  endfacet
  facet normal 0 0 -1
    outer loop
      vertex 27.5305 20.6656 0
      vertex 32.6122 19.6526 0
      vertex 28.8909 18.8608 0
    endloop
  endfacet
  facet normal 0 0 -1
    outer loop
      vertex 27.5305 20.6656 0
      vertex 27.2683 22.0318 0
      vertex 32.6122 19.6526 0
    endloop
  endfacet
  facet normal 0 0 -1
    outer loop
      vertex 27.5305 20.6656 0
      vertex 27.2291 21.8473 0
      vertex 27.2683 22.0318 0
    endloop
  endfacet
  facet normal 0 0 -1
    outer loop
      vertex 16.7709 22.9527 0
      vertex 27.2291 21.8473 0
      vertex 27.5305 20.6656 0
    endloop
  endfacet
  facet normal 0 0 -1
    outer loop
      vertex 16.7709 22.9527 0
      vertex 16.4695 24.1344 0
      vertex 27.2291 21.8473 0
    endloop
  endfacet
  facet normal 0 0 -1
    outer loop
      vertex 16.4695 24.1344 0
      vertex 16.7709 22.9527 0
      vertex 16.4695 21.5344 0
    endloop
  endfacet
  facet normal -0 0 -1
    outer loop
      vertex 44.5935 22.6818 0
      vertex 38.3161 19.887 0
      vertex 44.4695 23.2656 0
    endloop
  endfacet
  facet normal 0 0 -1
    outer loop
      vertex 43.702 5.86502 0
      vertex 44.9769 6.46517 0
      vertex 45.0803 5.86502 0
    endloop
  endfacet
  facet normal -0 0 -1
    outer loop
      vertex 44.9769 6.46517 0
      vertex 43.702 5.86502 0
      vertex 43.702 6.46517 0
    endloop
  endfacet
  facet normal 0 0 -1
    outer loop
      vertex 55.2291 22.9527 0
      vertex 55.5305 24.1344 0
      vertex 55.5305 21.5344 0
    endloop
  endfacet
  facet normal -0 0 -1
    outer loop
      vertex 55.2291 22.9527 0
      vertex 44.7709 21.8473 0
      vertex 55.5305 24.1344 0
    endloop
  endfacet
  facet normal 0 0 -1
    outer loop
      vertex 44.4695 20.6656 0
      vertex 44.7709 21.8473 0
      vertex 55.2291 22.9527 0
    endloop
  endfacet
  facet normal 0 0 -1
    outer loop
      vertex 44.4695 20.6656 0
      vertex 44.7317 22.0318 0
      vertex 44.7709 21.8473 0
    endloop
  endfacet
  facet normal 0 0 -1
    outer loop
      vertex 39.3878 19.6526 0
      vertex 44.4695 20.6656 0
      vertex 43.1091 18.8608 0
    endloop
  endfacet
  facet normal -0 0 -1
    outer loop
      vertex 44.4695 20.6656 0
      vertex 39.3878 19.6526 0
      vertex 44.7317 22.0318 0
    endloop
  endfacet
  facet normal 0 0 -1
    outer loop
      vertex 55.2291 20.3527 0
      vertex 55.5305 21.5344 0
      vertex 55.5305 18.9344 0
    endloop
  endfacet
  facet normal -0 0 -1
    outer loop
      vertex 55.2291 20.3527 0
      vertex 44.7709 19.2473 0
      vertex 55.5305 21.5344 0
    endloop
  endfacet
  facet normal 0 0 -1
    outer loop
      vertex 44.4695 18.0656 0
      vertex 44.7709 19.2473 0
      vertex 55.2291 20.3527 0
    endloop
  endfacet
  facet normal 0 0 -1
    outer loop
      vertex 43.1091 18.8608 0
      vertex 44.7709 19.2473 0
      vertex 44.4695 18.0656 0
    endloop
  endfacet
  facet normal 0 0 -1
    outer loop
      vertex 55.2291 17.7527 0
      vertex 55.5305 18.9344 0
      vertex 55.5305 16.3344 0
    endloop
  endfacet
  facet normal 0 0 -1
    outer loop
      vertex 44.7709 16.6473 0
      vertex 55.2291 17.7527 0
      vertex 45.2605 15.6338 0
    endloop
  endfacet
  facet normal -0 0 -1
    outer loop
      vertex 55.2291 17.7527 0
      vertex 44.7709 16.6473 0
      vertex 55.5305 18.9344 0
    endloop
  endfacet
  facet normal -0 0 -1
    outer loop
      vertex 44.7709 19.2473 0
      vertex 43.1091 18.8608 0
      vertex 44.4695 20.6656 0
    endloop
  endfacet
  facet normal 0 0 -1
    outer loop
      vertex 44.7709 16.6473 0
      vertex 43.1091 18.8608 0
      vertex 44.4695 18.0656 0
    endloop
  endfacet
  facet normal 0 0 -1
    outer loop
      vertex 43.1091 18.8608 0
      vertex 44.7709 16.6473 0
      vertex 45.2605 15.6338 0
    endloop
  endfacet
  facet normal 0 0 -1
    outer loop
      vertex 55.2291 15.1527 0
      vertex 55.5305 16.3344 0
      vertex 55.5305 13.7344 0
    endloop
  endfacet
  facet normal 0 0 -1
    outer loop
      vertex 47.8433 13.5828 0
      vertex 55.5305 16.3344 0
      vertex 55.2291 15.1527 0
    endloop
  endfacet
  facet normal 0 0 -1
    outer loop
      vertex 55.5305 16.3344 0
      vertex 47.8433 13.5828 0
      vertex 46.1443 14.3392 0
    endloop
  endfacet
  facet normal 0 0 -1
    outer loop
      vertex 55.5305 21.5344 0
      vertex 64.8107 28.5624 0
      vertex 55.5305 18.9344 0
    endloop
  endfacet
  facet normal 0 -0 -1
    outer loop
      vertex 55.5305 13.7344 0
      vertex 61.2547 7.61164 0
      vertex 50.0969 12.5794 0
    endloop
  endfacet
  facet normal 0 0 -1
    outer loop
      vertex 66.3396 7.55489 0
      vertex 72 5 0
      vertex 66.4006 7.37529 0
    endloop
  endfacet
  facet normal 0 0 -1
    outer loop
      vertex 72 32 0
      vertex 66.4376 29.8107 0
      vertex 66.45 30 0
    endloop
  endfacet
  facet normal 0 0 -1
    outer loop
      vertex 66.2557 7.725 0
      vertex 72 5 0
      vertex 66.3396 7.55489 0
    endloop
  endfacet
  facet normal 0 0 -1
    outer loop
      vertex 72 32 0
      vertex 66.4006 29.6247 0
      vertex 66.4376 29.8107 0
    endloop
  endfacet
  facet normal 0 0 -1
    outer loop
      vertex 66.1504 7.8827 0
      vertex 72 5 0
      vertex 66.2557 7.725 0
    endloop
  endfacet
  facet normal 0 0 -1
    outer loop
      vertex 72 32 0
      vertex 66.3396 29.4451 0
      vertex 66.4006 29.6247 0
    endloop
  endfacet
  facet normal 0 0 -1
    outer loop
      vertex 66.0253 8.0253 0
      vertex 72 5 0
      vertex 66.1504 7.8827 0
    endloop
  endfacet
  facet normal 0 0 -1
    outer loop
      vertex 72 32 0
      vertex 66.2557 29.275 0
      vertex 66.3396 29.4451 0
    endloop
  endfacet
  facet normal 0 0 -1
    outer loop
      vertex 72 5 0
      vertex 66.0253 8.0253 0
      vertex 72 32 0
    endloop
  endfacet
  facet normal 0 0 -1
    outer loop
      vertex 72 32 0
      vertex 66.1504 29.1173 0
      vertex 66.2557 29.275 0
    endloop
  endfacet
  facet normal 0 0 -1
    outer loop
      vertex 66.0253 28.9747 0
      vertex 72 32 0
      vertex 66.0253 8.0253 0
    endloop
  endfacet
  facet normal 0 0 -1
    outer loop
      vertex 72 32 0
      vertex 66.0253 28.9747 0
      vertex 66.1504 29.1173 0
    endloop
  endfacet
  facet normal 0 0 -1
    outer loop
      vertex 65.8827 8.15036 0
      vertex 66.0253 28.9747 0
      vertex 66.0253 8.0253 0
    endloop
  endfacet
  facet normal 0 0 -1
    outer loop
      vertex 65.8827 8.15036 0
      vertex 65.8827 28.8496 0
      vertex 66.0253 28.9747 0
    endloop
  endfacet
  facet normal 0 0 -1
    outer loop
      vertex 65.725 8.25574 0
      vertex 65.8827 28.8496 0
      vertex 65.8827 8.15036 0
    endloop
  endfacet
  facet normal 0 0 -1
    outer loop
      vertex 65.725 8.25574 0
      vertex 65.725 28.7443 0
      vertex 65.8827 28.8496 0
    endloop
  endfacet
  facet normal 0 0 -1
    outer loop
      vertex 65.5549 8.33962 0
      vertex 65.725 28.7443 0
      vertex 65.725 8.25574 0
    endloop
  endfacet
  facet normal 0 0 -1
    outer loop
      vertex 65.5549 8.33962 0
      vertex 65.5549 28.6604 0
      vertex 65.725 28.7443 0
    endloop
  endfacet
  facet normal 0 0 -1
    outer loop
      vertex 65.3753 8.40059 0
      vertex 65.5549 28.6604 0
      vertex 65.5549 8.33962 0
    endloop
  endfacet
  facet normal 0 0 -1
    outer loop
      vertex 65.3753 8.40059 0
      vertex 65.3753 28.5994 0
      vertex 65.5549 28.6604 0
    endloop
  endfacet
  facet normal 0 0 -1
    outer loop
      vertex 65.1893 8.43759 0
      vertex 65.3753 28.5994 0
      vertex 65.3753 8.40059 0
    endloop
  endfacet
  facet normal 0 0 -1
    outer loop
      vertex 65.1893 8.43759 0
      vertex 65.1893 28.5624 0
      vertex 65.3753 28.5994 0
    endloop
  endfacet
  facet normal 0 0 -1
    outer loop
      vertex 65 8.45 0
      vertex 65.1893 28.5624 0
      vertex 65.1893 8.43759 0
    endloop
  endfacet
  facet normal 0 0 -1
    outer loop
      vertex 65 8.45 0
      vertex 65 28.55 0
      vertex 65.1893 28.5624 0
    endloop
  endfacet
  facet normal 0 0 -1
    outer loop
      vertex 64.6247 8.40059 0
      vertex 55.5305 16.3344 0
      vertex 64.8107 8.43759 0
    endloop
  endfacet
  facet normal 0 0 -1
    outer loop
      vertex 64.8107 8.43759 0
      vertex 55.5305 16.3344 0
      vertex 65 8.45 0
    endloop
  endfacet
  facet normal 0 0 -1
    outer loop
      vertex 55.5305 16.3344 0
      vertex 64.6247 8.40059 0
      vertex 55.5305 13.7344 0
    endloop
  endfacet
  facet normal 0 0 -1
    outer loop
      vertex 55.5305 18.9344 0
      vertex 65 8.45 0
      vertex 55.5305 16.3344 0
    endloop
  endfacet
  facet normal 0 0 -1
    outer loop
      vertex 55.5305 13.7344 0
      vertex 64.6247 8.40059 0
      vertex 64.4451 8.33962 0
    endloop
  endfacet
  facet normal 0 0 -1
    outer loop
      vertex 65 8.45 0
      vertex 55.5305 18.9344 0
      vertex 65 28.55 0
    endloop
  endfacet
  facet normal 0 0 -1
    outer loop
      vertex 55.5305 13.7344 0
      vertex 64.275 8.25574 0
      vertex 61.2547 7.61164 0
    endloop
  endfacet
  facet normal 0 0 -1
    outer loop
      vertex 64.275 8.25574 0
      vertex 55.5305 13.7344 0
      vertex 64.4451 8.33962 0
    endloop
  endfacet
  facet normal 0 0 -1
    outer loop
      vertex 61.2547 7.61164 0
      vertex 64.275 8.25574 0
      vertex 64.1173 8.15036 0
    endloop
  endfacet
  facet normal -0 0 -1
    outer loop
      vertex 65 28.55 0
      vertex 55.5305 18.9344 0
      vertex 64.8107 28.5624 0
    endloop
  endfacet
  facet normal 0 0 -1
    outer loop
      vertex 61.2547 7.61164 0
      vertex 64.1173 8.15036 0
      vertex 63.9747 8.0253 0
    endloop
  endfacet
  facet normal 0 0 -1
    outer loop
      vertex 64.4451 28.6604 0
      vertex 61.2547 29.3884 0
      vertex 64.275 28.7443 0
    endloop
  endfacet
  facet normal 0 0 -1
    outer loop
      vertex 61.2547 7.61164 0
      vertex 63.9747 8.0253 0
      vertex 63.8496 7.8827 0
    endloop
  endfacet
  facet normal 0 0 -1
    outer loop
      vertex 64.275 28.7443 0
      vertex 61.2547 29.3884 0
      vertex 64.1173 28.8496 0
    endloop
  endfacet
  facet normal 0 0 -1
    outer loop
      vertex 61.2547 7.61164 0
      vertex 63.8496 7.8827 0
      vertex 63.7443 7.725 0
    endloop
  endfacet
  facet normal 0 0 -1
    outer loop
      vertex 64.1173 28.8496 0
      vertex 61.2547 29.3884 0
      vertex 63.9747 28.9747 0
    endloop
  endfacet
  facet normal 0 0 -1
    outer loop
      vertex 61.2547 7.61164 0
      vertex 63.7443 7.725 0
      vertex 63.6604 7.55489 0
    endloop
  endfacet
  facet normal 0 0 -1
    outer loop
      vertex 63.9747 28.9747 0
      vertex 61.2547 29.3884 0
      vertex 63.8496 29.1173 0
    endloop
  endfacet
  facet normal 0 0 -1
    outer loop
      vertex 61.2547 7.61164 0
      vertex 63.6604 7.55489 0
      vertex 63.5994 7.37529 0
    endloop
  endfacet
  facet normal 0 0 -1
    outer loop
      vertex 63.8496 29.1173 0
      vertex 61.2547 29.3884 0
      vertex 63.7443 29.275 0
    endloop
  endfacet
  facet normal 0 0 -1
    outer loop
      vertex 61.2547 7.61164 0
      vertex 63.5994 7.37529 0
      vertex 63.5624 7.18926 0
    endloop
  endfacet
  facet normal 0 0 -1
    outer loop
      vertex 63.7443 29.275 0
      vertex 61.2547 29.3884 0
      vertex 63.6604 29.4451 0
    endloop
  endfacet
  facet normal 0 0 -1
    outer loop
      vertex 61.2547 7.61164 0
      vertex 63.5624 7.18926 0
      vertex 63.55 7 0
    endloop
  endfacet
  facet normal -0 0 -1
    outer loop
      vertex 63.6604 29.4451 0
      vertex 61.2547 29.3884 0
      vertex 63.5994 29.6247 0
    endloop
  endfacet
  facet normal 0 0 -1
    outer loop
      vertex 66.0253 5.97469 0
      vertex 72 5 0
      vertex 67 0 0
    endloop
  endfacet
  facet normal 0 0 -1
    outer loop
      vertex 66.4376 7.18926 0
      vertex 72 5 0
      vertex 66.45 7 0
    endloop
  endfacet
  facet normal 0 0 -1
    outer loop
      vertex 66.4006 7.37529 0
      vertex 72 5 0
      vertex 66.4376 7.18926 0
    endloop
  endfacet
  facet normal 0 0 -1
    outer loop
      vertex 72 5 0
      vertex 66.4376 6.81074 0
      vertex 66.45 7 0
    endloop
  endfacet
  facet normal 0 0 -1
    outer loop
      vertex 72 5 0
      vertex 66.4006 6.62471 0
      vertex 66.4376 6.81074 0
    endloop
  endfacet
  facet normal 0 0 -1
    outer loop
      vertex 72 5 0
      vertex 66.3396 6.44511 0
      vertex 66.4006 6.62471 0
    endloop
  endfacet
  facet normal 0 0 -1
    outer loop
      vertex 72 5 0
      vertex 66.2557 6.275 0
      vertex 66.3396 6.44511 0
    endloop
  endfacet
  facet normal 0 0 -1
    outer loop
      vertex 72 5 0
      vertex 66.1504 6.1173 0
      vertex 66.2557 6.275 0
    endloop
  endfacet
  facet normal 0 0 -1
    outer loop
      vertex 72 5 0
      vertex 66.0253 5.97469 0
      vertex 66.1504 6.1173 0
    endloop
  endfacet
  facet normal 0 0 -1
    outer loop
      vertex 67 0 0
      vertex 65.8827 5.84964 0
      vertex 66.0253 5.97469 0
    endloop
  endfacet
  facet normal 0 0 -1
    outer loop
      vertex 67 0 0
      vertex 65.725 5.74426 0
      vertex 65.8827 5.84964 0
    endloop
  endfacet
  facet normal 0 0 -1
    outer loop
      vertex 67 0 0
      vertex 65.5549 5.66037 0
      vertex 65.725 5.74426 0
    endloop
  endfacet
  facet normal 0 0 -1
    outer loop
      vertex 67 0 0
      vertex 65.3753 5.59941 0
      vertex 65.5549 5.66037 0
    endloop
  endfacet
  facet normal 0 0 -1
    outer loop
      vertex 67 0 0
      vertex 65.1893 5.5624 0
      vertex 65.3753 5.59941 0
    endloop
  endfacet
  facet normal 0 0 -1
    outer loop
      vertex 67 0 0
      vertex 65 5.55 0
      vertex 65.1893 5.5624 0
    endloop
  endfacet
  facet normal 0 0 -1
    outer loop
      vertex 67 0 0
      vertex 64.8107 5.5624 0
      vertex 65 5.55 0
    endloop
  endfacet
  facet normal 0 0 -1
    outer loop
      vertex 67 0 0
      vertex 64.6247 5.59941 0
      vertex 64.8107 5.5624 0
    endloop
  endfacet
  facet normal 0 0 -1
    outer loop
      vertex 67 0 0
      vertex 64.4451 5.66037 0
      vertex 64.6247 5.59941 0
    endloop
  endfacet
  facet normal 0 0 -1
    outer loop
      vertex 67 0 0
      vertex 64.275 5.74426 0
      vertex 64.4451 5.66037 0
    endloop
  endfacet
  facet normal 0 0 -1
    outer loop
      vertex 67 0 0
      vertex 64.1173 5.84964 0
      vertex 64.275 5.74426 0
    endloop
  endfacet
  facet normal 0 0 -1
    outer loop
      vertex 60.9903 7.01784 0
      vertex 64.1173 5.84964 0
      vertex 67 0 0
    endloop
  endfacet
  facet normal 0 0 -1
    outer loop
      vertex 64.1173 5.84964 0
      vertex 60.9903 7.01784 0
      vertex 63.9747 5.97469 0
    endloop
  endfacet
  facet normal 0 0 -1
    outer loop
      vertex 63.9747 5.97469 0
      vertex 60.9903 7.01784 0
      vertex 63.8496 6.1173 0
    endloop
  endfacet
  facet normal -0 0 -1
    outer loop
      vertex 63.5994 29.6247 0
      vertex 61.2547 29.3884 0
      vertex 63.5624 29.8107 0
    endloop
  endfacet
  facet normal 0 0 -1
    outer loop
      vertex 63.5624 6.81074 0
      vertex 61.2547 7.61164 0
      vertex 63.55 7 0
    endloop
  endfacet
  facet normal 0 0 -1
    outer loop
      vertex 60.9903 7.01784 0
      vertex 63.5624 6.81074 0
      vertex 63.5994 6.62471 0
    endloop
  endfacet
  facet normal 0 0 -1
    outer loop
      vertex 60.9903 7.01784 0
      vertex 63.5994 6.62471 0
      vertex 63.6604 6.44511 0
    endloop
  endfacet
  facet normal 0 0 -1
    outer loop
      vertex 60.9903 7.01784 0
      vertex 63.6604 6.44511 0
      vertex 63.7443 6.275 0
    endloop
  endfacet
  facet normal 0 0 -1
    outer loop
      vertex 63.8496 6.1173 0
      vertex 60.9903 7.01784 0
      vertex 63.7443 6.275 0
    endloop
  endfacet
  facet normal 0 0 -1
    outer loop
      vertex 63.5624 6.81074 0
      vertex 60.9903 7.01784 0
      vertex 61.2547 7.61164 0
    endloop
  endfacet
  facet normal 0 0 -1
    outer loop
      vertex 49.8189 5.68204 0
      vertex 60.9903 7.01784 0
      vertex 67 0 0
    endloop
  endfacet
  facet normal 0 0 -1
    outer loop
      vertex 60.9903 7.01784 0
      vertex 50.2283 6.5045 0
      vertex 50.2349 6.66182 0
    endloop
  endfacet
  facet normal 0 0 -1
    outer loop
      vertex 60.9903 7.01784 0
      vertex 50.2088 6.35707 0
      vertex 50.2283 6.5045 0
    endloop
  endfacet
  facet normal 0 0 -1
    outer loop
      vertex 60.9903 7.01784 0
      vertex 50.1762 6.21956 0
      vertex 50.2088 6.35707 0
    endloop
  endfacet
  facet normal 0 0 -1
    outer loop
      vertex 60.9903 7.01784 0
      vertex 50.1305 6.09192 0
      vertex 50.1762 6.21956 0
    endloop
  endfacet
  facet normal 0 0 -1
    outer loop
      vertex 60.9903 7.01784 0
      vertex 50.0718 5.97418 0
      vertex 50.1305 6.09192 0
    endloop
  endfacet
  facet normal 0 0 -1
    outer loop
      vertex 60.9903 7.01784 0
      vertex 50.0001 5.86634 0
      vertex 50.0718 5.97418 0
    endloop
  endfacet
  facet normal 0 0 -1
    outer loop
      vertex 60.9903 7.01784 0
      vertex 49.9153 5.76839 0
      vertex 50.0001 5.86634 0
    endloop
  endfacet
  facet normal 0 0 -1
    outer loop
      vertex 60.9903 7.01784 0
      vertex 49.8189 5.68204 0
      vertex 49.9153 5.76839 0
    endloop
  endfacet
  facet normal 0 0 -1
    outer loop
      vertex 67 0 0
      vertex 49.7124 5.60897 0
      vertex 49.8189 5.68204 0
    endloop
  endfacet
  facet normal 0 0 -1
    outer loop
      vertex 67 0 0
      vertex 49.5958 5.54918 0
      vertex 49.7124 5.60897 0
    endloop
  endfacet
  facet normal 0 0 -1
    outer loop
      vertex 67 0 0
      vertex 49.469 5.50267 0
      vertex 49.5958 5.54918 0
    endloop
  endfacet
  facet normal 0 0 -1
    outer loop
      vertex 67 0 0
      vertex 49.3321 5.46947 0
      vertex 49.469 5.50267 0
    endloop
  endfacet
  facet normal 0 0 -1
    outer loop
      vertex 67 0 0
      vertex 49.185 5.44954 0
      vertex 49.3321 5.46947 0
    endloop
  endfacet
  facet normal 0 0 -1
    outer loop
      vertex 67 0 0
      vertex 49.0278 5.44289 0
      vertex 49.185 5.44954 0
    endloop
  endfacet
  facet normal 0 0 -1
    outer loop
      vertex 67 0 0
      vertex 48.8706 5.44947 0
      vertex 49.0278 5.44289 0
    endloop
  endfacet
  facet normal 0 0 -1
    outer loop
      vertex 46.657 5.47849 0
      vertex 48.8706 5.44947 0
      vertex 67 0 0
    endloop
  endfacet
  facet normal 0 -0 -1
    outer loop
      vertex 46.7751 5.48224 0
      vertex 48.8706 5.44947 0
      vertex 46.657 5.47849 0
    endloop
  endfacet
  facet normal 0 0 -1
    outer loop
      vertex 47.4761 6.51395 0
      vertex 47.8224 6.66182 0
      vertex 47.8289 6.50278 0
    endloop
  endfacet
  facet normal 0 0 -1
    outer loop
      vertex 47.5372 6.3283 0
      vertex 47.8484 6.35404 0
      vertex 47.5459 6.26081 0
    endloop
  endfacet
  facet normal 0 0 -1
    outer loop
      vertex 47.881 6.21561 0
      vertex 47.5459 6.26081 0
      vertex 47.8484 6.35404 0
    endloop
  endfacet
  facet normal 0 0 -1
    outer loop
      vertex 47.5459 6.26081 0
      vertex 47.881 6.21561 0
      vertex 47.5488 6.19052 0
    endloop
  endfacet
  facet normal 0 0 -1
    outer loop
      vertex 47.544 6.09546 0
      vertex 47.881 6.21561 0
      vertex 47.9265 6.0875 0
    endloop
  endfacet
  facet normal 0 0 -1
    outer loop
      vertex 47.5298 6.00695 0
      vertex 47.9265 6.0875 0
      vertex 47.985 5.9697 0
    endloop
  endfacet
  facet normal 0 0 -1
    outer loop
      vertex 47.4729 5.84952 0
      vertex 47.985 5.9697 0
      vertex 48.0566 5.8622 0
    endloop
  endfacet
  facet normal 0 0 -1
    outer loop
      vertex 47.4303 5.78063 0
      vertex 48.0566 5.8622 0
      vertex 48.1412 5.76502 0
    endloop
  endfacet
  facet normal 0 0 -1
    outer loop
      vertex 47.3781 5.71826 0
      vertex 48.1412 5.76502 0
      vertex 48.2373 5.67955 0
    endloop
  endfacet
  facet normal 0 0 -1
    outer loop
      vertex 47.881 6.21561 0
      vertex 47.544 6.09546 0
      vertex 47.5488 6.19052 0
    endloop
  endfacet
  facet normal 0 0 -1
    outer loop
      vertex 47.3165 5.66245 0
      vertex 48.2373 5.67955 0
      vertex 48.3436 5.60724 0
    endloop
  endfacet
  facet normal -0 0 -1
    outer loop
      vertex 47.9265 6.0875 0
      vertex 47.5298 6.00695 0
      vertex 47.544 6.09546 0
    endloop
  endfacet
  facet normal 0 0 -1
    outer loop
      vertex 47.1679 5.57234 0
      vertex 48.3436 5.60724 0
      vertex 48.4601 5.54808 0
    endloop
  endfacet
  facet normal -0 0 -1
    outer loop
      vertex 47.985 5.9697 0
      vertex 47.5061 5.92496 0
      vertex 47.5298 6.00695 0
    endloop
  endfacet
  facet normal 0 0 -1
    outer loop
      vertex 47.985 5.9697 0
      vertex 47.4729 5.84952 0
      vertex 47.5061 5.92496 0
    endloop
  endfacet
  facet normal 0 0 -1
    outer loop
      vertex 47.0816 5.53856 0
      vertex 48.4601 5.54808 0
      vertex 48.5868 5.50206 0
    endloop
  endfacet
  facet normal 0 0 -1
    outer loop
      vertex 48.0566 5.8622 0
      vertex 47.4303 5.78063 0
      vertex 47.4729 5.84952 0
    endloop
  endfacet
  facet normal 0 -0 -1
    outer loop
      vertex 46.8852 5.49352 0
      vertex 48.7236 5.4692 0
      vertex 46.7751 5.48224 0
    endloop
  endfacet
  facet normal -0 0 -1
    outer loop
      vertex 48.1412 5.76502 0
      vertex 47.3781 5.71826 0
      vertex 47.4303 5.78063 0
    endloop
  endfacet
  facet normal -0 0 -1
    outer loop
      vertex 48.2373 5.67955 0
      vertex 47.3165 5.66245 0
      vertex 47.3781 5.71826 0
    endloop
  endfacet
  facet normal 0 0 -1
    outer loop
      vertex 48.3436 5.60724 0
      vertex 47.2462 5.61364 0
      vertex 47.3165 5.66245 0
    endloop
  endfacet
  facet normal -0 0 -1
    outer loop
      vertex 48.3436 5.60724 0
      vertex 47.1679 5.57234 0
      vertex 47.2462 5.61364 0
    endloop
  endfacet
  facet normal -0 0 -1
    outer loop
      vertex 48.4601 5.54808 0
      vertex 47.0816 5.53856 0
      vertex 47.1679 5.57234 0
    endloop
  endfacet
  facet normal 0 0 -1
    outer loop
      vertex 48.5868 5.50206 0
      vertex 46.9874 5.51229 0
      vertex 47.0816 5.53856 0
    endloop
  endfacet
  facet normal 0 0 -1
    outer loop
      vertex 48.7236 5.4692 0
      vertex 46.9874 5.51229 0
      vertex 48.5868 5.50206 0
    endloop
  endfacet
  facet normal 0 -0 -1
    outer loop
      vertex 46.9874 5.51229 0
      vertex 48.7236 5.4692 0
      vertex 46.8852 5.49352 0
    endloop
  endfacet
  facet normal 0 0 -1
    outer loop
      vertex 48.8706 5.44947 0
      vertex 46.7751 5.48224 0
      vertex 48.7236 5.4692 0
    endloop
  endfacet
  facet normal 0 0 -1
    outer loop
      vertex 67 0 0
      vertex 45.4635 5.47849 0
      vertex 46.657 5.47849 0
    endloop
  endfacet
  facet normal 0 0 -1
    outer loop
      vertex 44.9769 6.85167 0
      vertex 45.4635 7.86718 0
      vertex 45.4635 5.47849 0
    endloop
  endfacet
  facet normal 0 0 -1
    outer loop
      vertex 45.0803 5.86502 0
      vertex 45.4635 5.47849 0
      vertex 45.0803 5.47849 0
    endloop
  endfacet
  facet normal 0 0 -1
    outer loop
      vertex 67 0 0
      vertex 45.0803 5.47849 0
      vertex 45.4635 5.47849 0
    endloop
  endfacet
  facet normal 0 0 -1
    outer loop
      vertex 67 0 0
      vertex 43.2019 5.47849 0
      vertex 45.0803 5.47849 0
    endloop
  endfacet
  facet normal 0 0 -1
    outer loop
      vertex 43.2019 5.47849 0
      vertex 42.9192 7.47556 0
      vertex 43.2019 7.86718 0
    endloop
  endfacet
  facet normal 0 0 -1
    outer loop
      vertex 42.8496 5.82604 0
      vertex 43.2019 5.47849 0
      vertex 42.8496 5.47849 0
    endloop
  endfacet
  facet normal 0 0 -1
    outer loop
      vertex 67 0 0
      vertex 42.8496 5.47849 0
      vertex 43.2019 5.47849 0
    endloop
  endfacet
  facet normal 0 0 -1
    outer loop
      vertex 67 0 0
      vertex 41.1306 5.47849 0
      vertex 42.8496 5.47849 0
    endloop
  endfacet
  facet normal 0 0 -1
    outer loop
      vertex 39.7015 5.92095 0
      vertex 41.1306 5.87012 0
      vertex 41.1306 5.47849 0
    endloop
  endfacet
  facet normal 0 0 -1
    outer loop
      vertex 39.8522 7.27564 0
      vertex 41.0018 7.51285 0
      vertex 39.8572 7.18566 0
    endloop
  endfacet
  facet normal 0 -0 -1
    outer loop
      vertex 39.8293 6.99401 0
      vertex 41.1306 5.87012 0
      vertex 39.8077 6.93793 0
    endloop
  endfacet
  facet normal 0 0 -1
    outer loop
      vertex 41.0018 7.51285 0
      vertex 39.8541 7.11786 0
      vertex 39.8572 7.18566 0
    endloop
  endfacet
  facet normal 0 0 -1
    outer loop
      vertex 41.0018 7.51285 0
      vertex 39.8448 7.05397 0
      vertex 39.8541 7.11786 0
    endloop
  endfacet
  facet normal 0 0 -1
    outer loop
      vertex 41.0018 7.51285 0
      vertex 39.8293 6.99401 0
      vertex 39.8448 7.05397 0
    endloop
  endfacet
  facet normal 0 0 -1
    outer loop
      vertex 41.1306 5.87012 0
      vertex 39.8293 6.99401 0
      vertex 41.0018 7.51285 0
    endloop
  endfacet
  facet normal 0 0 -1
    outer loop
      vertex 41.1306 5.87012 0
      vertex 39.7798 6.88578 0
      vertex 39.8077 6.93793 0
    endloop
  endfacet
  facet normal 0 0 -1
    outer loop
      vertex 39.7176 6.13547 0
      vertex 41.1306 5.87012 0
      vertex 39.7199 6.07865 0
    endloop
  endfacet
  facet normal 0 0 -1
    outer loop
      vertex 39.7107 6.1897 0
      vertex 41.1306 5.87012 0
      vertex 39.7176 6.13547 0
    endloop
  endfacet
  facet normal 0 0 -1
    outer loop
      vertex 41.1306 5.87012 0
      vertex 39.7153 5.99684 0
      vertex 39.7199 6.07865 0
    endloop
  endfacet
  facet normal 0 0 -1
    outer loop
      vertex 41.1306 5.87012 0
      vertex 39.7015 5.92095 0
      vertex 39.7153 5.99684 0
    endloop
  endfacet
  facet normal 0 0 -1
    outer loop
      vertex 41.1306 5.47849 0
      vertex 39.6786 5.85097 0
      vertex 39.7015 5.92095 0
    endloop
  endfacet
  facet normal 0 0 -1
    outer loop
      vertex 41.1306 5.47849 0
      vertex 39.6465 5.78691 0
      vertex 39.6786 5.85097 0
    endloop
  endfacet
  facet normal 0 0 -1
    outer loop
      vertex 38.8332 5.47849 0
      vertex 41.1306 5.47849 0
      vertex 67 0 0
    endloop
  endfacet
  facet normal 0 0 -1
    outer loop
      vertex 41.1306 5.47849 0
      vertex 39.6053 5.72878 0
      vertex 39.6465 5.78691 0
    endloop
  endfacet
  facet normal 0 0 -1
    outer loop
      vertex 41.1306 5.47849 0
      vertex 39.5548 5.67655 0
      vertex 39.6053 5.72878 0
    endloop
  endfacet
  facet normal 0 0 -1
    outer loop
      vertex 41.1306 5.47849 0
      vertex 39.4953 5.63025 0
      vertex 39.5548 5.67655 0
    endloop
  endfacet
  facet normal 0 0 -1
    outer loop
      vertex 41.1306 5.47849 0
      vertex 39.4267 5.58998 0
      vertex 39.4953 5.63025 0
    endloop
  endfacet
  facet normal 0 0 -1
    outer loop
      vertex 41.1306 5.47849 0
      vertex 39.3495 5.55591 0
      vertex 39.4267 5.58998 0
    endloop
  endfacet
  facet normal 0 0 -1
    outer loop
      vertex 41.1306 5.47849 0
      vertex 39.2636 5.52805 0
      vertex 39.3495 5.55591 0
    endloop
  endfacet
  facet normal 0 0 -1
    outer loop
      vertex 41.1306 5.47849 0
      vertex 39.1691 5.50637 0
      vertex 39.2636 5.52805 0
    endloop
  endfacet
  facet normal 0 0 -1
    outer loop
      vertex 41.1306 5.47849 0
      vertex 39.0658 5.49088 0
      vertex 39.1691 5.50637 0
    endloop
  endfacet
  facet normal 0 0 -1
    outer loop
      vertex 41.1306 5.47849 0
      vertex 38.9539 5.48159 0
      vertex 39.0658 5.49088 0
    endloop
  endfacet
  facet normal 0 0 -1
    outer loop
      vertex 41.1306 5.47849 0
      vertex 38.8332 5.47849 0
      vertex 38.9539 5.48159 0
    endloop
  endfacet
  facet normal 0 0 -1
    outer loop
      vertex 36.5312 5.44573 0
      vertex 38.8332 5.47849 0
      vertex 67 0 0
    endloop
  endfacet
  facet normal 0 0 -1
    outer loop
      vertex 37.4176 7.05739 0
      vertex 37.7397 7.86718 0
      vertex 37.7397 5.47849 0
    endloop
  endfacet
  facet normal 0 0 -1
    outer loop
      vertex 37.7397 7.86718 0
      vertex 37.4251 7.13697 0
      vertex 37.426 7.17888 0
    endloop
  endfacet
  facet normal 0 0 -1
    outer loop
      vertex 37.7397 7.86718 0
      vertex 37.4223 7.09647 0
      vertex 37.4251 7.13697 0
    endloop
  endfacet
  facet normal 0 0 -1
    outer loop
      vertex 37.7397 7.86718 0
      vertex 37.4176 7.05739 0
      vertex 37.4223 7.09647 0
    endloop
  endfacet
  facet normal 0 0 -1
    outer loop
      vertex 37.7397 5.47849 0
      vertex 37.4111 7.01975 0
      vertex 37.4176 7.05739 0
    endloop
  endfacet
  facet normal 0 0 -1
    outer loop
      vertex 37.7397 5.47849 0
      vertex 37.4026 6.98351 0
      vertex 37.4111 7.01975 0
    endloop
  endfacet
  facet normal 0 0 -1
    outer loop
      vertex 37.7397 5.47849 0
      vertex 37.3924 6.94869 0
      vertex 37.4026 6.98351 0
    endloop
  endfacet
  facet normal 0 0 -1
    outer loop
      vertex 37.7397 5.47849 0
      vertex 37.3802 6.91529 0
      vertex 37.3924 6.94869 0
    endloop
  endfacet
  facet normal 0 0 -1
    outer loop
      vertex 37.3633 6.04134 0
      vertex 37.3802 6.91529 0
      vertex 37.7397 5.47849 0
    endloop
  endfacet
  facet normal 0 0 -1
    outer loop
      vertex 37.3802 6.91529 0
      vertex 37.3633 6.04134 0
      vertex 37.3663 6.88324 0
    endloop
  endfacet
  facet normal 0 0 -1
    outer loop
      vertex 37.7397 5.47849 0
      vertex 37.3416 5.95349 0
      vertex 37.3633 6.04134 0
    endloop
  endfacet
  facet normal 0 0 -1
    outer loop
      vertex 37.7397 5.47849 0
      vertex 37.3135 5.87305 0
      vertex 37.3416 5.95349 0
    endloop
  endfacet
  facet normal 0 0 -1
    outer loop
      vertex 37.7397 5.47849 0
      vertex 37.2789 5.80002 0
      vertex 37.3135 5.87305 0
    endloop
  endfacet
  facet normal 0 0 -1
    outer loop
      vertex 37.7397 5.47849 0
      vertex 37.2379 5.73439 0
      vertex 37.2789 5.80002 0
    endloop
  endfacet
  facet normal 0 0 -1
    outer loop
      vertex 37.7397 5.47849 0
      vertex 37.1904 5.67617 0
      vertex 37.2379 5.73439 0
    endloop
  endfacet
  facet normal 0 0 -1
    outer loop
      vertex 37.7397 5.47849 0
      vertex 37.1364 5.62534 0
      vertex 37.1904 5.67617 0
    endloop
  endfacet
  facet normal 0 0 -1
    outer loop
      vertex 37.7397 5.47849 0
      vertex 37.0759 5.58193 0
      vertex 37.1364 5.62534 0
    endloop
  endfacet
  facet normal -0 0 -1
    outer loop
      vertex 38.8332 5.47849 0
      vertex 36.5312 5.44573 0
      vertex 37.7397 5.47849 0
    endloop
  endfacet
  facet normal 0 0 -1
    outer loop
      vertex 37.7397 5.47849 0
      vertex 37.0077 5.54503 0
      vertex 37.0759 5.58193 0
    endloop
  endfacet
  facet normal 0 0 -1
    outer loop
      vertex 37.7397 5.47849 0
      vertex 36.9305 5.51383 0
      vertex 37.0077 5.54503 0
    endloop
  endfacet
  facet normal 0 0 -1
    outer loop
      vertex 37.7397 5.47849 0
      vertex 36.8442 5.48828 0
      vertex 36.9305 5.51383 0
    endloop
  endfacet
  facet normal -0 0 -1
    outer loop
      vertex 37.7397 5.47849 0
      vertex 36.7489 5.46843 0
      vertex 36.8442 5.48828 0
    endloop
  endfacet
  facet normal 0 0 -1
    outer loop
      vertex 37.7397 5.47849 0
      vertex 36.6446 5.45424 0
      vertex 36.7489 5.46843 0
    endloop
  endfacet
  facet normal 0 0 -1
    outer loop
      vertex 37.7397 5.47849 0
      vertex 36.5312 5.44573 0
      vertex 36.6446 5.45424 0
    endloop
  endfacet
  facet normal 0 0 -1
    outer loop
      vertex 67 0 0
      vertex 36.4088 5.44289 0
      vertex 36.5312 5.44573 0
    endloop
  endfacet
  facet normal 0 0 -1
    outer loop
      vertex 5 0 0
      vertex 36.4088 5.44289 0
      vertex 67 0 0
    endloop
  endfacet
  facet normal -0 0 -1
    outer loop
      vertex 36.4088 5.44289 0
      vertex 5 0 0
      vertex 36.2806 5.44641 0
    endloop
  endfacet
  facet normal 0 -0 -1
    outer loop
      vertex 34.5924 5.47849 0
      vertex 36.2806 5.44641 0
      vertex 5 0 0
    endloop
  endfacet
  facet normal 0 0 -1
    outer loop
      vertex 35.0925 5.47849 0
      vertex 35.4578 6.11084 0
      vertex 35.4627 6.02143 0
    endloop
  endfacet
  facet normal -0 0 -1
    outer loop
      vertex 35.4585 6.14658 0
      vertex 35.0925 5.47849 0
      vertex 35.0925 6.94663 0
    endloop
  endfacet
  facet normal -0 0 -1
    outer loop
      vertex 35.4776 5.9382 0
      vertex 35.0925 5.47849 0
      vertex 35.4627 6.02143 0
    endloop
  endfacet
  facet normal -0 0 -1
    outer loop
      vertex 35.5025 5.86116 0
      vertex 35.0925 5.47849 0
      vertex 35.4776 5.9382 0
    endloop
  endfacet
  facet normal -0 0 -1
    outer loop
      vertex 35.5372 5.79033 0
      vertex 35.0925 5.47849 0
      vertex 35.5025 5.86116 0
    endloop
  endfacet
  facet normal -0 0 -1
    outer loop
      vertex 35.5819 5.72568 0
      vertex 35.0925 5.47849 0
      vertex 35.5372 5.79033 0
    endloop
  endfacet
  facet normal -0 0 -1
    outer loop
      vertex 35.6365 5.66722 0
      vertex 35.0925 5.47849 0
      vertex 35.5819 5.72568 0
    endloop
  endfacet
  facet normal -0 0 -1
    outer loop
      vertex 35.701 5.61496 0
      vertex 35.0925 5.47849 0
      vertex 35.6365 5.66722 0
    endloop
  endfacet
  facet normal -0 0 -1
    outer loop
      vertex 35.7751 5.56932 0
      vertex 35.0925 5.47849 0
      vertex 35.701 5.61496 0
    endloop
  endfacet
  facet normal -0 0 -1
    outer loop
      vertex 35.8581 5.53069 0
      vertex 35.0925 5.47849 0
      vertex 35.7751 5.56932 0
    endloop
  endfacet
  facet normal -0 0 -1
    outer loop
      vertex 35.9502 5.49909 0
      vertex 35.0925 5.47849 0
      vertex 35.8581 5.53069 0
    endloop
  endfacet
  facet normal 0 0 -1
    outer loop
      vertex 36.0513 5.47451 0
      vertex 35.0925 5.47849 0
      vertex 35.9502 5.49909 0
    endloop
  endfacet
  facet normal 0 0 -1
    outer loop
      vertex 36.1614 5.45694 0
      vertex 35.0925 5.47849 0
      vertex 36.0513 5.47451 0
    endloop
  endfacet
  facet normal -0 -0 -1
    outer loop
      vertex 35.0925 5.47849 0
      vertex 36.2806 5.44641 0
      vertex 34.5924 5.47849 0
    endloop
  endfacet
  facet normal 0 0 -1
    outer loop
      vertex 33.5057 5.47849 0
      vertex 34.5924 6.91611 0
      vertex 34.5924 5.47849 0
    endloop
  endfacet
  facet normal 0 0 -1
    outer loop
      vertex 33.5057 6.93305 0
      vertex 34.5924 6.91611 0
      vertex 33.5057 5.47849 0
    endloop
  endfacet
  facet normal 0 0 -1
    outer loop
      vertex 34.5895 6.99524 0
      vertex 33.5085 7.01116 0
      vertex 34.5807 7.06896 0
    endloop
  endfacet
  facet normal 0 -0 -1
    outer loop
      vertex 34.1104 7.50635 0
      vertex 34.5807 7.06896 0
      vertex 33.5085 7.01116 0
    endloop
  endfacet
  facet normal 0 0 -1
    outer loop
      vertex 34.5807 7.06896 0
      vertex 34.1104 7.50635 0
      vertex 34.5659 7.13724 0
    endloop
  endfacet
  facet normal -0 -0 -1
    outer loop
      vertex 34.1793 7.49695 0
      vertex 34.5659 7.13724 0
      vertex 34.1104 7.50635 0
    endloop
  endfacet
  facet normal 0 0 -1
    outer loop
      vertex 34.5659 7.13724 0
      vertex 34.1793 7.49695 0
      vertex 34.5454 7.20009 0
    endloop
  endfacet
  facet normal -0 -0 -1
    outer loop
      vertex 34.2432 7.4813 0
      vertex 34.5454 7.20009 0
      vertex 34.1793 7.49695 0
    endloop
  endfacet
  facet normal 0 0 -1
    outer loop
      vertex 34.5454 7.20009 0
      vertex 34.2432 7.4813 0
      vertex 34.5189 7.25751 0
    endloop
  endfacet
  facet normal 0 0 -1
    outer loop
      vertex 34.4865 7.3095 0
      vertex 34.2432 7.4813 0
      vertex 34.4483 7.35605 0
    endloop
  endfacet
  facet normal 0 0 -1
    outer loop
      vertex 34.4483 7.35605 0
      vertex 34.2432 7.4813 0
      vertex 34.4046 7.39676 0
    endloop
  endfacet
  facet normal 0 0 -1
    outer loop
      vertex 34.3559 7.4312 0
      vertex 34.2432 7.4813 0
      vertex 34.3021 7.45938 0
    endloop
  endfacet
  facet normal 0 0 -1
    outer loop
      vertex 34.4046 7.39676 0
      vertex 34.2432 7.4813 0
      vertex 34.3559 7.4312 0
    endloop
  endfacet
  facet normal 0 0 -1
    outer loop
      vertex 34.5189 7.25751 0
      vertex 34.2432 7.4813 0
      vertex 34.4865 7.3095 0
    endloop
  endfacet
  facet normal -0 0 -1
    outer loop
      vertex 34.1104 7.50635 0
      vertex 33.5085 7.01116 0
      vertex 34.0364 7.50948 0
    endloop
  endfacet
  facet normal 0 -0 -1
    outer loop
      vertex 33.5167 7.0837 0
      vertex 34.0364 7.50948 0
      vertex 33.5085 7.01116 0
    endloop
  endfacet
  facet normal 0 0 -1
    outer loop
      vertex 34.0364 7.50948 0
      vertex 33.5167 7.0837 0
      vertex 33.9644 7.50649 0
    endloop
  endfacet
  facet normal 0 -0 -1
    outer loop
      vertex 33.5305 7.15067 0
      vertex 33.9644 7.50649 0
      vertex 33.5167 7.0837 0
    endloop
  endfacet
  facet normal 0 0 -1
    outer loop
      vertex 33.9644 7.50649 0
      vertex 33.5305 7.15067 0
      vertex 33.8975 7.49752 0
    endloop
  endfacet
  facet normal 0 0 -1
    outer loop
      vertex 33.8975 7.49752 0
      vertex 33.5305 7.15067 0
      vertex 33.8358 7.48255 0
    endloop
  endfacet
  facet normal 0 -0 -1
    outer loop
      vertex 33.5497 7.21207 0
      vertex 33.8358 7.48255 0
      vertex 33.5305 7.15067 0
    endloop
  endfacet
  facet normal 0 0 -1
    outer loop
      vertex 33.8358 7.48255 0
      vertex 33.5497 7.21207 0
      vertex 33.7792 7.4616 0
    endloop
  endfacet
  facet normal 0 0 -1
    outer loop
      vertex 33.7792 7.4616 0
      vertex 33.5497 7.21207 0
      vertex 33.7278 7.43466 0
    endloop
  endfacet
  facet normal 0 0 -1
    outer loop
      vertex 33.7278 7.43466 0
      vertex 33.5497 7.21207 0
      vertex 33.6816 7.40174 0
    endloop
  endfacet
  facet normal 0 0 -1
    outer loop
      vertex 33.6816 7.40174 0
      vertex 33.5497 7.21207 0
      vertex 33.6405 7.36283 0
    endloop
  endfacet
  facet normal 0 0 -1
    outer loop
      vertex 33.6405 7.36283 0
      vertex 33.5497 7.21207 0
      vertex 33.6048 7.31815 0
    endloop
  endfacet
  facet normal 0 0 -1
    outer loop
      vertex 33.6048 7.31815 0
      vertex 33.5497 7.21207 0
      vertex 33.5745 7.26789 0
    endloop
  endfacet
  facet normal 0 0 -1
    outer loop
      vertex 33.5057 6.93305 0
      vertex 34.5895 6.99524 0
      vertex 34.5924 6.91611 0
    endloop
  endfacet
  facet normal 0 0 -1
    outer loop
      vertex 36.2806 5.44641 0
      vertex 35.0925 5.47849 0
      vertex 36.1614 5.45694 0
    endloop
  endfacet
  facet normal -0 0 -1
    outer loop
      vertex 34.5924 5.47849 0
      vertex 5 0 0
      vertex 33.5057 5.47849 0
    endloop
  endfacet
  facet normal 0 0 -1
    outer loop
      vertex 31.8962 5.47849 0
      vertex 33.0056 6.97205 0
      vertex 33.0056 5.47849 0
    endloop
  endfacet
  facet normal -0 0 -1
    outer loop
      vertex 33.0056 6.97205 0
      vertex 31.8962 5.47849 0
      vertex 32.7642 7.86718 0
    endloop
  endfacet
  facet normal -0 0 -1
    outer loop
      vertex 33.5057 5.47849 0
      vertex 5 0 0
      vertex 33.0056 5.47849 0
    endloop
  endfacet
  facet normal -0 0 -1
    outer loop
      vertex 33.0056 5.47849 0
      vertex 5 0 0
      vertex 31.8962 5.47849 0
    endloop
  endfacet
  facet normal 0 0 -1
    outer loop
      vertex 31.3062 5.47849 0
      vertex 30.2911 7.48065 0
      vertex 30.4348 7.86718 0
    endloop
  endfacet
  facet normal 0 0 -1
    outer loop
      vertex 31.3062 5.47849 0
      vertex 29.0094 5.47849 0
      vertex 30.2911 7.48065 0
    endloop
  endfacet
  facet normal -0 0 -1
    outer loop
      vertex 31.8962 5.47849 0
      vertex 5 0 0
      vertex 31.3062 5.47849 0
    endloop
  endfacet
  facet normal -0 0 -1
    outer loop
      vertex 31.3062 5.47849 0
      vertex 5 0 0
      vertex 29.0094 5.47849 0
    endloop
  endfacet
  facet normal 0 0 -1
    outer loop
      vertex 28.1872 7.05739 0
      vertex 28.5093 7.86718 0
      vertex 28.5093 5.47849 0
    endloop
  endfacet
  facet normal 0 0 -1
    outer loop
      vertex 28.5093 7.86718 0
      vertex 28.1946 7.13697 0
      vertex 28.1956 7.17888 0
    endloop
  endfacet
  facet normal 0 0 -1
    outer loop
      vertex 28.5093 7.86718 0
      vertex 28.1918 7.09647 0
      vertex 28.1946 7.13697 0
    endloop
  endfacet
  facet normal 0 0 -1
    outer loop
      vertex 28.5093 7.86718 0
      vertex 28.1872 7.05739 0
      vertex 28.1918 7.09647 0
    endloop
  endfacet
  facet normal 0 0 -1
    outer loop
      vertex 28.5093 5.47849 0
      vertex 28.1806 7.01975 0
      vertex 28.1872 7.05739 0
    endloop
  endfacet
  facet normal 0 0 -1
    outer loop
      vertex 28.5093 5.47849 0
      vertex 28.1722 6.98351 0
      vertex 28.1806 7.01975 0
    endloop
  endfacet
  facet normal 0 0 -1
    outer loop
      vertex 28.5093 5.47849 0
      vertex 28.1619 6.94869 0
      vertex 28.1722 6.98351 0
    endloop
  endfacet
  facet normal 0 0 -1
    outer loop
      vertex 28.5093 5.47849 0
      vertex 28.1498 6.91529 0
      vertex 28.1619 6.94869 0
    endloop
  endfacet
  facet normal 0 0 -1
    outer loop
      vertex 28.1329 6.04134 0
      vertex 28.1498 6.91529 0
      vertex 28.5093 5.47849 0
    endloop
  endfacet
  facet normal 0 0 -1
    outer loop
      vertex 28.1498 6.91529 0
      vertex 28.1329 6.04134 0
      vertex 28.1359 6.88324 0
    endloop
  endfacet
  facet normal 0 0 -1
    outer loop
      vertex 28.5093 5.47849 0
      vertex 28.1112 5.95349 0
      vertex 28.1329 6.04134 0
    endloop
  endfacet
  facet normal 0 0 -1
    outer loop
      vertex 28.5093 5.47849 0
      vertex 28.0831 5.87305 0
      vertex 28.1112 5.95349 0
    endloop
  endfacet
  facet normal 0 0 -1
    outer loop
      vertex 28.5093 5.47849 0
      vertex 28.0485 5.80002 0
      vertex 28.0831 5.87305 0
    endloop
  endfacet
  facet normal 0 0 -1
    outer loop
      vertex 28.5093 5.47849 0
      vertex 28.0075 5.73439 0
      vertex 28.0485 5.80002 0
    endloop
  endfacet
  facet normal 0 0 -1
    outer loop
      vertex 28.5093 5.47849 0
      vertex 27.9599 5.67617 0
      vertex 28.0075 5.73439 0
    endloop
  endfacet
  facet normal 0 0 -1
    outer loop
      vertex 28.5093 5.47849 0
      vertex 27.9059 5.62534 0
      vertex 27.9599 5.67617 0
    endloop
  endfacet
  facet normal 0 0 -1
    outer loop
      vertex 28.5093 5.47849 0
      vertex 27.8455 5.58193 0
      vertex 27.9059 5.62534 0
    endloop
  endfacet
  facet normal 0 0 -1
    outer loop
      vertex 28.5093 5.47849 0
      vertex 27.7773 5.54503 0
      vertex 27.8455 5.58193 0
    endloop
  endfacet
  facet normal 0 -0 -1
    outer loop
      vertex 27.3008 5.44573 0
      vertex 29.0094 5.47849 0
      vertex 5 0 0
    endloop
  endfacet
  facet normal 0 0 -1
    outer loop
      vertex 28.5093 5.47849 0
      vertex 27.7 5.51383 0
      vertex 27.7773 5.54503 0
    endloop
  endfacet
  facet normal 0 0 -1
    outer loop
      vertex 28.5093 5.47849 0
      vertex 27.6138 5.48828 0
      vertex 27.7 5.51383 0
    endloop
  endfacet
  facet normal -0 0 -1
    outer loop
      vertex 28.5093 5.47849 0
      vertex 27.5185 5.46843 0
      vertex 27.6138 5.48828 0
    endloop
  endfacet
  facet normal 0 0 -1
    outer loop
      vertex 28.5093 5.47849 0
      vertex 27.4141 5.45424 0
      vertex 27.5185 5.46843 0
    endloop
  endfacet
  facet normal -0 0 -1
    outer loop
      vertex 29.0094 5.47849 0
      vertex 27.3008 5.44573 0
      vertex 28.5093 5.47849 0
    endloop
  endfacet
  facet normal 0 0 -1
    outer loop
      vertex 28.5093 5.47849 0
      vertex 27.3008 5.44573 0
      vertex 27.4141 5.45424 0
    endloop
  endfacet
  facet normal 0 0 -1
    outer loop
      vertex 27.3008 5.44573 0
      vertex 5 0 0
      vertex 27.1784 5.44289 0
    endloop
  endfacet
  facet normal -0 0 -1
    outer loop
      vertex 27.1784 5.44289 0
      vertex 5 0 0
      vertex 27.0502 5.44641 0
    endloop
  endfacet
  facet normal -0 0 -1
    outer loop
      vertex 26.2472 5.9382 0
      vertex 25.8644 5.86502 0
      vertex 26.2323 6.02143 0
    endloop
  endfacet
  facet normal -0 0 -1
    outer loop
      vertex 26.228 6.14658 0
      vertex 25.8644 5.86502 0
      vertex 25.761 6.46517 0
    endloop
  endfacet
  facet normal 0 0 -1
    outer loop
      vertex 26.272 5.86116 0
      vertex 25.8644 5.86502 0
      vertex 26.2472 5.9382 0
    endloop
  endfacet
  facet normal -0 0 -1
    outer loop
      vertex 26.2323 6.02143 0
      vertex 25.8644 5.86502 0
      vertex 26.2273 6.11084 0
    endloop
  endfacet
  facet normal 0 0 -1
    outer loop
      vertex 26.3068 5.79033 0
      vertex 25.8644 5.86502 0
      vertex 26.272 5.86116 0
    endloop
  endfacet
  facet normal 0 0 -1
    outer loop
      vertex 25.8644 5.86502 0
      vertex 26.3068 5.79033 0
      vertex 25.8644 5.47849 0
    endloop
  endfacet
  facet normal -0 0 -1
    outer loop
      vertex 26.3514 5.72568 0
      vertex 25.8644 5.47849 0
      vertex 26.3068 5.79033 0
    endloop
  endfacet
  facet normal -0 0 -1
    outer loop
      vertex 26.4061 5.66722 0
      vertex 25.8644 5.47849 0
      vertex 26.3514 5.72568 0
    endloop
  endfacet
  facet normal -0 0 -1
    outer loop
      vertex 26.4706 5.61496 0
      vertex 25.8644 5.47849 0
      vertex 26.4061 5.66722 0
    endloop
  endfacet
  facet normal -0 0 -1
    outer loop
      vertex 26.5446 5.56932 0
      vertex 25.8644 5.47849 0
      vertex 26.4706 5.61496 0
    endloop
  endfacet
  facet normal -0 0 -1
    outer loop
      vertex 26.6277 5.53069 0
      vertex 25.8644 5.47849 0
      vertex 26.5446 5.56932 0
    endloop
  endfacet
  facet normal -0 0 -1
    outer loop
      vertex 26.7198 5.49909 0
      vertex 25.8644 5.47849 0
      vertex 26.6277 5.53069 0
    endloop
  endfacet
  facet normal 0 0 -1
    outer loop
      vertex 26.8209 5.47451 0
      vertex 25.8644 5.47849 0
      vertex 26.7198 5.49909 0
    endloop
  endfacet
  facet normal 0 0 -1
    outer loop
      vertex 26.931 5.45694 0
      vertex 25.8644 5.47849 0
      vertex 26.8209 5.47451 0
    endloop
  endfacet
  facet normal 0 -0 -1
    outer loop
      vertex 25.8644 5.47849 0
      vertex 27.0502 5.44641 0
      vertex 5 0 0
    endloop
  endfacet
  facet normal 0 0 -1
    outer loop
      vertex 27.0502 5.44641 0
      vertex 25.8644 5.47849 0
      vertex 26.931 5.45694 0
    endloop
  endfacet
  facet normal 0 0 -1
    outer loop
      vertex 23.766 5.86502 0
      vertex 23.986 5.47849 0
      vertex 23.766 5.47849 0
    endloop
  endfacet
  facet normal -0 0 -1
    outer loop
      vertex 25.8644 5.47849 0
      vertex 5 0 0
      vertex 23.986 5.47849 0
    endloop
  endfacet
  facet normal -0 0 -1
    outer loop
      vertex 23.986 5.47849 0
      vertex 5 0 0
      vertex 23.766 5.47849 0
    endloop
  endfacet
  facet normal 0 0 -1
    outer loop
      vertex 21.7215 5.47849 0
      vertex 11.0097 7.01784 0
      vertex 21.7215 5.86502 0
    endloop
  endfacet
  facet normal -0 -0 -1
    outer loop
      vertex 10.7453 29.3884 0
      vertex 16.4695 21.5344 0
      vertex 8.45 30 0
    endloop
  endfacet
  facet normal 0 0 -1
    outer loop
      vertex 8.43759 6.81074 0
      vertex 10.7453 7.61164 0
      vertex 11.0097 7.01784 0
    endloop
  endfacet
  facet normal 0 0 -1
    outer loop
      vertex 5 0 0
      vertex 11.0097 7.01784 0
      vertex 21.7215 5.47849 0
    endloop
  endfacet
  facet normal -0 0 -1
    outer loop
      vertex 23.766 5.47849 0
      vertex 5 0 0
      vertex 21.7215 5.47849 0
    endloop
  endfacet
  facet normal 0 0 -1
    outer loop
      vertex 10.7453 7.61164 0
      vertex 8.43759 6.81074 0
      vertex 8.45 7 0
    endloop
  endfacet
  facet normal 0 0 -1
    outer loop
      vertex 11.0097 7.01784 0
      vertex 8.40059 6.62471 0
      vertex 8.43759 6.81074 0
    endloop
  endfacet
  facet normal 0 0 -1
    outer loop
      vertex 11.0097 7.01784 0
      vertex 8.33962 6.44511 0
      vertex 8.40059 6.62471 0
    endloop
  endfacet
  facet normal 0 0 -1
    outer loop
      vertex 11.0097 7.01784 0
      vertex 8.25574 6.275 0
      vertex 8.33962 6.44511 0
    endloop
  endfacet
  facet normal 0 0 -1
    outer loop
      vertex 11.0097 7.01784 0
      vertex 8.15036 6.1173 0
      vertex 8.25574 6.275 0
    endloop
  endfacet
  facet normal 0 -0 -1
    outer loop
      vertex 7.8827 5.84964 0
      vertex 11.0097 7.01784 0
      vertex 5 0 0
    endloop
  endfacet
  facet normal 0 0 -1
    outer loop
      vertex 11.0097 7.01784 0
      vertex 8.0253 5.97469 0
      vertex 8.15036 6.1173 0
    endloop
  endfacet
  facet normal 0 0 -1
    outer loop
      vertex 11.0097 7.01784 0
      vertex 7.8827 5.84964 0
      vertex 8.0253 5.97469 0
    endloop
  endfacet
  facet normal 0 0 -1
    outer loop
      vertex 7.8827 5.84964 0
      vertex 5 0 0
      vertex 7.725 5.74426 0
    endloop
  endfacet
  facet normal 0 0 -1
    outer loop
      vertex 7.725 5.74426 0
      vertex 5 0 0
      vertex 7.55489 5.66037 0
    endloop
  endfacet
  facet normal 0 0 -1
    outer loop
      vertex 7.55489 5.66037 0
      vertex 5 0 0
      vertex 7.37529 5.59941 0
    endloop
  endfacet
  facet normal 0 0 -1
    outer loop
      vertex 7.37529 5.59941 0
      vertex 5 0 0
      vertex 7.18926 5.5624 0
    endloop
  endfacet
  facet normal 0 0 -1
    outer loop
      vertex 7.18926 5.5624 0
      vertex 5 0 0
      vertex 7 5.55 0
    endloop
  endfacet
  facet normal -0 0 -1
    outer loop
      vertex 5.5624 6.81074 0
      vertex 0 5 0
      vertex 5.55 7 0
    endloop
  endfacet
  facet normal -0 0 -1
    outer loop
      vertex 5.59941 6.62471 0
      vertex 0 5 0
      vertex 5.5624 6.81074 0
    endloop
  endfacet
  facet normal -0 0 -1
    outer loop
      vertex 5.66037 6.44511 0
      vertex 0 5 0
      vertex 5.59941 6.62471 0
    endloop
  endfacet
  facet normal -0 0 -1
    outer loop
      vertex 5.74426 6.275 0
      vertex 0 5 0
      vertex 5.66037 6.44511 0
    endloop
  endfacet
  facet normal -0 0 -1
    outer loop
      vertex 5.84964 6.1173 0
      vertex 0 5 0
      vertex 5.74426 6.275 0
    endloop
  endfacet
  facet normal -0 0 -1
    outer loop
      vertex 5.97469 5.97469 0
      vertex 0 5 0
      vertex 5.84964 6.1173 0
    endloop
  endfacet
  facet normal 0 0 -1
    outer loop
      vertex 0 5 0
      vertex 5.97469 5.97469 0
      vertex 5 0 0
    endloop
  endfacet
  facet normal -0 0 -1
    outer loop
      vertex 6.1173 5.84964 0
      vertex 5 0 0
      vertex 5.97469 5.97469 0
    endloop
  endfacet
  facet normal -0 0 -1
    outer loop
      vertex 6.275 5.74426 0
      vertex 5 0 0
      vertex 6.1173 5.84964 0
    endloop
  endfacet
  facet normal -0 0 -1
    outer loop
      vertex 6.44511 5.66037 0
      vertex 5 0 0
      vertex 6.275 5.74426 0
    endloop
  endfacet
  facet normal -0 0 -1
    outer loop
      vertex 6.62471 5.59941 0
      vertex 5 0 0
      vertex 6.44511 5.66037 0
    endloop
  endfacet
  facet normal -0 0 -1
    outer loop
      vertex 6.81074 5.5624 0
      vertex 5 0 0
      vertex 6.62471 5.59941 0
    endloop
  endfacet
  facet normal -0 0 -1
    outer loop
      vertex 7 5.55 0
      vertex 5 0 0
      vertex 6.81074 5.5624 0
    endloop
  endfacet
  facet normal 0 0 -1
    outer loop
      vertex 66.4376 30.1893 0
      vertex 72 32 0
      vertex 66.45 30 0
    endloop
  endfacet
  facet normal 0 0 -1
    outer loop
      vertex 66.4006 30.3753 0
      vertex 72 32 0
      vertex 66.4376 30.1893 0
    endloop
  endfacet
  facet normal 0 0 -1
    outer loop
      vertex 66.3396 30.5549 0
      vertex 72 32 0
      vertex 66.4006 30.3753 0
    endloop
  endfacet
  facet normal 0 0 -1
    outer loop
      vertex 66.2557 30.725 0
      vertex 72 32 0
      vertex 66.3396 30.5549 0
    endloop
  endfacet
  facet normal 0 0 -1
    outer loop
      vertex 66.1504 30.8827 0
      vertex 72 32 0
      vertex 66.2557 30.725 0
    endloop
  endfacet
  facet normal 0 0 -1
    outer loop
      vertex 66.0253 31.0253 0
      vertex 72 32 0
      vertex 66.1504 30.8827 0
    endloop
  endfacet
  facet normal -0 0 -1
    outer loop
      vertex 72 32 0
      vertex 66.0253 31.0253 0
      vertex 67 37 0
    endloop
  endfacet
  facet normal 0 0 -1
    outer loop
      vertex 65.8827 31.1504 0
      vertex 67 37 0
      vertex 66.0253 31.0253 0
    endloop
  endfacet
  facet normal 0 0 -1
    outer loop
      vertex 65.725 31.2557 0
      vertex 67 37 0
      vertex 65.8827 31.1504 0
    endloop
  endfacet
  facet normal 0 0 -1
    outer loop
      vertex 65.5549 31.3396 0
      vertex 67 37 0
      vertex 65.725 31.2557 0
    endloop
  endfacet
  facet normal 0 0 -1
    outer loop
      vertex 65.3753 31.4006 0
      vertex 67 37 0
      vertex 65.5549 31.3396 0
    endloop
  endfacet
  facet normal 0 0 -1
    outer loop
      vertex 65.1893 31.4376 0
      vertex 67 37 0
      vertex 65.3753 31.4006 0
    endloop
  endfacet
  facet normal 0 0 -1
    outer loop
      vertex 65 31.45 0
      vertex 67 37 0
      vertex 65.1893 31.4376 0
    endloop
  endfacet
  facet normal 0 0 -1
    outer loop
      vertex 64.8107 31.4376 0
      vertex 67 37 0
      vertex 65 31.45 0
    endloop
  endfacet
  facet normal 0 0 -1
    outer loop
      vertex 64.6247 31.4006 0
      vertex 67 37 0
      vertex 64.8107 31.4376 0
    endloop
  endfacet
  facet normal 0 0 -1
    outer loop
      vertex 64.4451 31.3396 0
      vertex 67 37 0
      vertex 64.6247 31.4006 0
    endloop
  endfacet
  facet normal 0 0 -1
    outer loop
      vertex 64.275 31.2557 0
      vertex 67 37 0
      vertex 64.4451 31.3396 0
    endloop
  endfacet
  facet normal 0 0 -1
    outer loop
      vertex 64.1173 31.1504 0
      vertex 67 37 0
      vertex 64.275 31.2557 0
    endloop
  endfacet
  facet normal 0 0 -1
    outer loop
      vertex 60.9903 29.9822 0
      vertex 64.1173 31.1504 0
      vertex 63.9747 31.0253 0
    endloop
  endfacet
  facet normal 0 0 -1
    outer loop
      vertex 60.9903 29.9822 0
      vertex 63.9747 31.0253 0
      vertex 63.8496 30.8827 0
    endloop
  endfacet
  facet normal 0 0 -1
    outer loop
      vertex 60.9903 29.9822 0
      vertex 63.8496 30.8827 0
      vertex 63.7443 30.725 0
    endloop
  endfacet
  facet normal -0 0 -1
    outer loop
      vertex 63.5624 29.8107 0
      vertex 61.2547 29.3884 0
      vertex 63.55 30 0
    endloop
  endfacet
  facet normal -0 0 -1
    outer loop
      vertex 63.55 30 0
      vertex 61.2547 29.3884 0
      vertex 63.5624 30.1893 0
    endloop
  endfacet
  facet normal 0 0 -1
    outer loop
      vertex 60.9903 29.9822 0
      vertex 63.5624 30.1893 0
      vertex 61.2547 29.3884 0
    endloop
  endfacet
  facet normal -0 0 -1
    outer loop
      vertex 63.5624 30.1893 0
      vertex 60.9903 29.9822 0
      vertex 63.5994 30.3753 0
    endloop
  endfacet
  facet normal -0 0 -1
    outer loop
      vertex 63.5994 30.3753 0
      vertex 60.9903 29.9822 0
      vertex 63.6604 30.5549 0
    endloop
  endfacet
  facet normal -0 0 -1
    outer loop
      vertex 63.6604 30.5549 0
      vertex 60.9903 29.9822 0
      vertex 63.7443 30.725 0
    endloop
  endfacet
  facet normal -0 0 -1
    outer loop
      vertex 64.1173 31.1504 0
      vertex 60.9903 29.9822 0
      vertex 67 37 0
    endloop
  endfacet
  facet normal 0 0 -1
    outer loop
      vertex 36 30.0139 0
      vertex 60.9903 29.9822 0
      vertex 47.216 23.8494 0
    endloop
  endfacet
  facet normal 0 0 -1
    outer loop
      vertex 37.5747 27.7642 0
      vertex 47.216 23.8494 0
      vertex 44.4695 23.2656 0
    endloop
  endfacet
  facet normal 0 0 -1
    outer loop
      vertex 37.5747 27.7642 0
      vertex 44.4695 23.2656 0
      vertex 38.3161 19.887 0
    endloop
  endfacet
  facet normal 0 0 -1
    outer loop
      vertex 47.216 23.8494 0
      vertex 37.5747 27.7642 0
      vertex 36 30.0139 0
    endloop
  endfacet
  facet normal 0 0 -1
    outer loop
      vertex 60.9903 29.9822 0
      vertex 36 30.0139 0
      vertex 67 37 0
    endloop
  endfacet
  facet normal 0 0 -1
    outer loop
      vertex 27.5305 23.2656 0
      vertex 34.4253 27.7642 0
      vertex 33.6839 19.887 0
    endloop
  endfacet
  facet normal 0 0 -1
    outer loop
      vertex 24.784 23.8494 0
      vertex 34.4253 27.7642 0
      vertex 27.5305 23.2656 0
    endloop
  endfacet
  facet normal -0 0 -1
    outer loop
      vertex 34.4253 27.7642 0
      vertex 24.784 23.8494 0
      vertex 36 30.0139 0
    endloop
  endfacet
  facet normal 0 0 -1
    outer loop
      vertex 11.0097 29.9822 0
      vertex 36 30.0139 0
      vertex 24.784 23.8494 0
    endloop
  endfacet
  facet normal 0 0 -1
    outer loop
      vertex 5 37 0
      vertex 36 30.0139 0
      vertex 11.0097 29.9822 0
    endloop
  endfacet
  facet normal 0 0 -1
    outer loop
      vertex 16.4695 21.5344 0
      vertex 10.7453 29.3884 0
      vertex 16.4695 24.1344 0
    endloop
  endfacet
  facet normal 0 0 -1
    outer loop
      vertex 8.43759 30.1893 0
      vertex 10.7453 29.3884 0
      vertex 8.45 30 0
    endloop
  endfacet
  facet normal 0 0 -1
    outer loop
      vertex 10.7453 29.3884 0
      vertex 8.43759 30.1893 0
      vertex 11.0097 29.9822 0
    endloop
  endfacet
  facet normal 0 0 -1
    outer loop
      vertex 8.40059 30.3753 0
      vertex 11.0097 29.9822 0
      vertex 8.43759 30.1893 0
    endloop
  endfacet
  facet normal 0 0 -1
    outer loop
      vertex 8.33962 30.5549 0
      vertex 11.0097 29.9822 0
      vertex 8.40059 30.3753 0
    endloop
  endfacet
  facet normal 0 0 -1
    outer loop
      vertex 8.25574 30.725 0
      vertex 11.0097 29.9822 0
      vertex 8.33962 30.5549 0
    endloop
  endfacet
  facet normal 0 0 -1
    outer loop
      vertex 8.15036 30.8827 0
      vertex 11.0097 29.9822 0
      vertex 8.25574 30.725 0
    endloop
  endfacet
  facet normal 0 0 -1
    outer loop
      vertex 8.0253 31.0253 0
      vertex 11.0097 29.9822 0
      vertex 8.15036 30.8827 0
    endloop
  endfacet
  facet normal 0 0 -1
    outer loop
      vertex 7.8827 31.1504 0
      vertex 11.0097 29.9822 0
      vertex 8.0253 31.0253 0
    endloop
  endfacet
  facet normal 0 0 -1
    outer loop
      vertex 11.0097 29.9822 0
      vertex 7.8827 31.1504 0
      vertex 5 37 0
    endloop
  endfacet
  facet normal 0 0 -1
    outer loop
      vertex 5 37 0
      vertex 7.8827 31.1504 0
      vertex 7.725 31.2557 0
    endloop
  endfacet
  facet normal 0 0 -1
    outer loop
      vertex 5 37 0
      vertex 7.725 31.2557 0
      vertex 7.55489 31.3396 0
    endloop
  endfacet
  facet normal 0 0 -1
    outer loop
      vertex 5 37 0
      vertex 7.55489 31.3396 0
      vertex 7.37529 31.4006 0
    endloop
  endfacet
  facet normal 0 0 -1
    outer loop
      vertex 5 37 0
      vertex 7.37529 31.4006 0
      vertex 7.18926 31.4376 0
    endloop
  endfacet
  facet normal 0 0 -1
    outer loop
      vertex 5 37 0
      vertex 7.18926 31.4376 0
      vertex 7 31.45 0
    endloop
  endfacet
  facet normal 0 0 -1
    outer loop
      vertex 5 37 0
      vertex 7 31.45 0
      vertex 6.81074 31.4376 0
    endloop
  endfacet
  facet normal 0 0 -1
    outer loop
      vertex 36 30.0139 0
      vertex 5 37 0
      vertex 67 37 0
    endloop
  endfacet
  facet normal 0 0 -1
    outer loop
      vertex 6.62471 31.4006 0
      vertex 5 37 0
      vertex 6.81074 31.4376 0
    endloop
  endfacet
  facet normal 0 0 -1
    outer loop
      vertex 6.44511 31.3396 0
      vertex 5 37 0
      vertex 6.62471 31.4006 0
    endloop
  endfacet
  facet normal 0 0 -1
    outer loop
      vertex 6.275 31.2557 0
      vertex 5 37 0
      vertex 6.44511 31.3396 0
    endloop
  endfacet
  facet normal 0 0 -1
    outer loop
      vertex 6.1173 31.1504 0
      vertex 5 37 0
      vertex 6.275 31.2557 0
    endloop
  endfacet
  facet normal 0 0 -1
    outer loop
      vertex 5.97469 31.0253 0
      vertex 5 37 0
      vertex 6.1173 31.1504 0
    endloop
  endfacet
  facet normal 0 0 -1
    outer loop
      vertex 0 32 0
      vertex 5.97469 31.0253 0
      vertex 5.84964 30.8827 0
    endloop
  endfacet
  facet normal 0 0 -1
    outer loop
      vertex 0 32 0
      vertex 5.84964 30.8827 0
      vertex 5.74426 30.725 0
    endloop
  endfacet
  facet normal 0 0 -1
    outer loop
      vertex 0 32 0
      vertex 5.74426 30.725 0
      vertex 5.66037 30.5549 0
    endloop
  endfacet
  facet normal 0 0 -1
    outer loop
      vertex 0 32 0
      vertex 5.66037 30.5549 0
      vertex 5.59941 30.3753 0
    endloop
  endfacet
  facet normal 0 0 -1
    outer loop
      vertex 0 32 0
      vertex 5.59941 30.3753 0
      vertex 5.5624 30.1893 0
    endloop
  endfacet
  facet normal 0 0 -1
    outer loop
      vertex 0 32 0
      vertex 5.5624 30.1893 0
      vertex 5.55 30 0
    endloop
  endfacet
  facet normal 0 0 -1
    outer loop
      vertex 5.59941 29.6247 0
      vertex 0 32 0
      vertex 5.5624 29.8107 0
    endloop
  endfacet
  facet normal 0 0 -1
    outer loop
      vertex 5.5624 29.8107 0
      vertex 0 32 0
      vertex 5.55 30 0
    endloop
  endfacet
  facet normal 0 0 -1
    outer loop
      vertex 5.97469 31.0253 0
      vertex 0 32 0
      vertex 5 37 0
    endloop
  endfacet
  facet normal -0 0 -1
    outer loop
      vertex 64.8107 28.5624 0
      vertex 55.5305 21.5344 0
      vertex 64.6247 28.5994 0
    endloop
  endfacet
  facet normal -0 0 -1
    outer loop
      vertex 64.6247 28.5994 0
      vertex 55.5305 21.5344 0
      vertex 64.4451 28.6604 0
    endloop
  endfacet
  facet normal 0 0 -1
    outer loop
      vertex 55.5305 24.1344 0
      vertex 64.4451 28.6604 0
      vertex 55.5305 21.5344 0
    endloop
  endfacet
  facet normal -0 0 -1
    outer loop
      vertex 64.4451 28.6604 0
      vertex 55.5305 24.1344 0
      vertex 61.2547 29.3884 0
    endloop
  endfacet
  facet normal 0 0 -1
    outer loop
      vertex 55.2291 25.5527 0
      vertex 61.2547 29.3884 0
      vertex 55.5305 24.1344 0
    endloop
  endfacet
  facet normal 0 0 -1
    outer loop
      vertex 61.2547 29.3884 0
      vertex 55.2291 25.5527 0
      vertex 50.274 24.4994 0
    endloop
  endfacet
  facet normal 0 0 -1
    outer loop
      vertex 50.2318 6.76653 0
      vertex 60.9903 7.01784 0
      vertex 50.2349 6.66182 0
    endloop
  endfacet
  facet normal 0 0 -1
    outer loop
      vertex 50.2228 6.8676 0
      vertex 60.9903 7.01784 0
      vertex 50.2318 6.76653 0
    endloop
  endfacet
  facet normal 0 0 -1
    outer loop
      vertex 50.2078 6.965 0
      vertex 60.9903 7.01784 0
      vertex 50.2228 6.8676 0
    endloop
  endfacet
  facet normal 0 0 -1
    outer loop
      vertex 50.1867 7.05872 0
      vertex 60.9903 7.01784 0
      vertex 50.2078 6.965 0
    endloop
  endfacet
  facet normal 0 0 -1
    outer loop
      vertex 50.1596 7.14879 0
      vertex 60.9903 7.01784 0
      vertex 50.1867 7.05872 0
    endloop
  endfacet
  facet normal 0 0 -1
    outer loop
      vertex 50.1265 7.23517 0
      vertex 60.9903 7.01784 0
      vertex 50.1596 7.14879 0
    endloop
  endfacet
  facet normal 0 0 -1
    outer loop
      vertex 50.0874 7.3179 0
      vertex 60.9903 7.01784 0
      vertex 50.1265 7.23517 0
    endloop
  endfacet
  facet normal 0 0 -1
    outer loop
      vertex 50.0426 7.39608 0
      vertex 60.9903 7.01784 0
      vertex 50.0874 7.3179 0
    endloop
  endfacet
  facet normal 0 0 -1
    outer loop
      vertex 49.0152 12.3495 0
      vertex 50.0426 7.39608 0
      vertex 49.9927 7.46881 0
    endloop
  endfacet
  facet normal 0 0 -1
    outer loop
      vertex 49.0152 12.3495 0
      vertex 49.9927 7.46881 0
      vertex 49.9376 7.53612 0
    endloop
  endfacet
  facet normal 0 0 -1
    outer loop
      vertex 49.0152 12.3495 0
      vertex 49.9376 7.53612 0
      vertex 49.8773 7.59801 0
    endloop
  endfacet
  facet normal 0 0 -1
    outer loop
      vertex 49.0152 12.3495 0
      vertex 49.8773 7.59801 0
      vertex 49.8118 7.65445 0
    endloop
  endfacet
  facet normal 0 0 -1
    outer loop
      vertex 49.0152 12.3495 0
      vertex 49.8118 7.65445 0
      vertex 49.7411 7.70546 0
    endloop
  endfacet
  facet normal 0 0 -1
    outer loop
      vertex 49.0152 12.3495 0
      vertex 49.7411 7.70546 0
      vertex 49.6652 7.75106 0
    endloop
  endfacet
  facet normal 0 0 -1
    outer loop
      vertex 49.0152 12.3495 0
      vertex 49.6652 7.75106 0
      vertex 49.5849 7.79085 0
    endloop
  endfacet
  facet normal 0 0 -1
    outer loop
      vertex 49.0152 12.3495 0
      vertex 49.5849 7.79085 0
      vertex 49.5008 7.82454 0
    endloop
  endfacet
  facet normal 0 0 -1
    outer loop
      vertex 49.0152 12.3495 0
      vertex 49.5008 7.82454 0
      vertex 49.413 7.8521 0
    endloop
  endfacet
  facet normal 0 0 -1
    outer loop
      vertex 49.0152 12.3495 0
      vertex 49.413 7.8521 0
      vertex 49.3215 7.87352 0
    endloop
  endfacet
  facet normal 0 0 -1
    outer loop
      vertex 49.0152 12.3495 0
      vertex 49.3215 7.87352 0
      vertex 49.2262 7.88883 0
    endloop
  endfacet
  facet normal 0 0 -1
    outer loop
      vertex 49.0152 12.3495 0
      vertex 49.2262 7.88883 0
      vertex 49.1272 7.89801 0
    endloop
  endfacet
  facet normal 0 0 -1
    outer loop
      vertex 50.0426 7.39608 0
      vertex 49.0152 12.3495 0
      vertex 60.9903 7.01784 0
    endloop
  endfacet
  facet normal 0 0 -1
    outer loop
      vertex 49.0244 7.90108 0
      vertex 49.0152 12.3495 0
      vertex 49.1272 7.89801 0
    endloop
  endfacet
  facet normal 0 0 -1
    outer loop
      vertex 48.8686 7.89432 0
      vertex 49.0152 12.3495 0
      vertex 49.0244 7.90108 0
    endloop
  endfacet
  facet normal 0 0 -1
    outer loop
      vertex 48.7227 7.87403 0
      vertex 49.0152 12.3495 0
      vertex 48.8686 7.89432 0
    endloop
  endfacet
  facet normal 0 0 -1
    outer loop
      vertex 47.6674 7.86718 0
      vertex 48.7227 7.87403 0
      vertex 48.5867 7.84021 0
    endloop
  endfacet
  facet normal 0 0 -1
    outer loop
      vertex 47.6674 7.86718 0
      vertex 48.5867 7.84021 0
      vertex 48.4606 7.79286 0
    endloop
  endfacet
  facet normal 0 0 -1
    outer loop
      vertex 47.6674 7.86718 0
      vertex 48.4606 7.79286 0
      vertex 48.3445 7.73198 0
    endloop
  endfacet
  facet normal 0 0 -1
    outer loop
      vertex 47.6674 7.86718 0
      vertex 48.3445 7.73198 0
      vertex 48.2383 7.65758 0
    endloop
  endfacet
  facet normal 0 0 -1
    outer loop
      vertex 47.6674 7.86718 0
      vertex 48.2383 7.65758 0
      vertex 48.142 7.56966 0
    endloop
  endfacet
  facet normal 0 0 -1
    outer loop
      vertex 47.6674 7.86718 0
      vertex 48.142 7.56966 0
      vertex 48.0572 7.46996 0
    endloop
  endfacet
  facet normal 0 0 -1
    outer loop
      vertex 47.6674 7.86718 0
      vertex 48.0572 7.46996 0
      vertex 47.9855 7.36026 0
    endloop
  endfacet
  facet normal 0 0 -1
    outer loop
      vertex 47.6674 7.86718 0
      vertex 47.9855 7.36026 0
      vertex 47.9268 7.24057 0
    endloop
  endfacet
  facet normal 0 0 -1
    outer loop
      vertex 47.6674 7.86718 0
      vertex 47.9268 7.24057 0
      vertex 47.8811 7.11089 0
    endloop
  endfacet
  facet normal 0 0 -1
    outer loop
      vertex 47.6674 7.86718 0
      vertex 47.8811 7.11089 0
      vertex 47.8485 6.97119 0
    endloop
  endfacet
  facet normal 0 0 -1
    outer loop
      vertex 47.6674 7.86718 0
      vertex 47.8289 6.82149 0
      vertex 47.8224 6.66182 0
    endloop
  endfacet
  facet normal 0 0 -1
    outer loop
      vertex 47.6674 7.86718 0
      vertex 47.8485 6.97119 0
      vertex 47.8289 6.82149 0
    endloop
  endfacet
  facet normal -0 0 -1
    outer loop
      vertex 48.7227 7.87403 0
      vertex 47.6674 7.86718 0
      vertex 49.0152 12.3495 0
    endloop
  endfacet
  facet normal 0 0 -1
    outer loop
      vertex 47.1046 7.86718 0
      vertex 49.0152 12.3495 0
      vertex 47.6674 7.86718 0
    endloop
  endfacet
  facet normal 0 0 -1
    outer loop
      vertex 45.9637 7.86718 0
      vertex 47.1046 7.86718 0
      vertex 46.5502 6.96018 0
    endloop
  endfacet
  facet normal 0 0 -1
    outer loop
      vertex 45.9637 7.86718 0
      vertex 46.5502 6.96018 0
      vertex 45.9637 6.96018 0
    endloop
  endfacet
  facet normal 0 0 -1
    outer loop
      vertex 44.7709 11.4473 0
      vertex 47.1046 7.86718 0
      vertex 45.9637 7.86718 0
    endloop
  endfacet
  facet normal 0 0 -1
    outer loop
      vertex 44.7709 11.4473 0
      vertex 45.9637 7.86718 0
      vertex 45.4635 7.86718 0
    endloop
  endfacet
  facet normal 0 0 -1
    outer loop
      vertex 45.1498 7.86718 0
      vertex 45.4635 7.86718 0
      vertex 45.1498 7.48065 0
    endloop
  endfacet
  facet normal 0 0 -1
    outer loop
      vertex 44.7709 11.4473 0
      vertex 45.4635 7.86718 0
      vertex 45.1498 7.86718 0
    endloop
  endfacet
  facet normal 0 0 -1
    outer loop
      vertex 47.1046 7.86718 0
      vertex 44.7709 11.4473 0
      vertex 49.0152 12.3495 0
    endloop
  endfacet
  facet normal 0 0 -1
    outer loop
      vertex 43.2019 7.86718 0
      vertex 44.7709 11.4473 0
      vertex 45.1498 7.86718 0
    endloop
  endfacet
  facet normal 0 0 -1
    outer loop
      vertex 42.9192 7.86718 0
      vertex 44.7709 11.4473 0
      vertex 43.2019 7.86718 0
    endloop
  endfacet
  facet normal 0 0 -1
    outer loop
      vertex 47.5226 6.39298 0
      vertex 47.8484 6.35404 0
      vertex 47.5372 6.3283 0
    endloop
  endfacet
  facet normal 0 0 -1
    outer loop
      vertex 47.8484 6.35404 0
      vertex 47.5226 6.39298 0
      vertex 47.8289 6.50278 0
    endloop
  endfacet
  facet normal 0 0 -1
    outer loop
      vertex 47.5023 6.45487 0
      vertex 47.8289 6.50278 0
      vertex 47.5226 6.39298 0
    endloop
  endfacet
  facet normal 0 0 -1
    outer loop
      vertex 47.4761 6.51395 0
      vertex 47.8289 6.50278 0
      vertex 47.5023 6.45487 0
    endloop
  endfacet
  facet normal 0 0 -1
    outer loop
      vertex 47.8224 6.66182 0
      vertex 47.4761 6.51395 0
      vertex 47.4441 6.57022 0
    endloop
  endfacet
  facet normal 0 0 -1
    outer loop
      vertex 47.8224 6.66182 0
      vertex 47.4441 6.57022 0
      vertex 47.4064 6.62369 0
    endloop
  endfacet
  facet normal -0 0 -1
    outer loop
      vertex 47.8224 6.66182 0
      vertex 47.4064 6.62369 0
      vertex 47.3636 6.67322 0
    endloop
  endfacet
  facet normal 0 0 -1
    outer loop
      vertex 47.3168 6.71764 0
      vertex 47.8224 6.66182 0
      vertex 47.3636 6.67322 0
    endloop
  endfacet
  facet normal 0 0 -1
    outer loop
      vertex 47.2659 6.75699 0
      vertex 47.8224 6.66182 0
      vertex 47.3168 6.71764 0
    endloop
  endfacet
  facet normal 0 0 -1
    outer loop
      vertex 47.8224 6.66182 0
      vertex 47.2659 6.75699 0
      vertex 47.6674 7.86718 0
    endloop
  endfacet
  facet normal 0 0 -1
    outer loop
      vertex 47.211 6.79126 0
      vertex 47.6674 7.86718 0
      vertex 47.2659 6.75699 0
    endloop
  endfacet
  facet normal 0 0 -1
    outer loop
      vertex 47.1519 6.82044 0
      vertex 47.6674 7.86718 0
      vertex 47.211 6.79126 0
    endloop
  endfacet
  facet normal 0 0 -1
    outer loop
      vertex 47.0887 6.84455 0
      vertex 47.6674 7.86718 0
      vertex 47.1519 6.82044 0
    endloop
  endfacet
  facet normal 0 0 -1
    outer loop
      vertex 47.6674 7.86718 0
      vertex 47.0887 6.84455 0
      vertex 47.0215 6.86356 0
    endloop
  endfacet
  facet normal 0 0 -1
    outer loop
      vertex 44.9769 6.46517 0
      vertex 45.4635 5.47849 0
      vertex 45.0803 5.86502 0
    endloop
  endfacet
  facet normal 0 0 -1
    outer loop
      vertex 44.9769 6.85167 0
      vertex 45.4635 5.47849 0
      vertex 44.9769 6.46517 0
    endloop
  endfacet
  facet normal 0 0 -1
    outer loop
      vertex 45.4635 7.86718 0
      vertex 44.9769 6.85167 0
      vertex 45.1498 7.48065 0
    endloop
  endfacet
  facet normal 0 0 -1
    outer loop
      vertex 43.702 7.48065 0
      vertex 44.9769 6.85167 0
      vertex 43.702 6.85167 0
    endloop
  endfacet
  facet normal 0 0 -1
    outer loop
      vertex 44.9769 6.85167 0
      vertex 43.702 7.48065 0
      vertex 45.1498 7.48065 0
    endloop
  endfacet
  facet normal 0 0 -1
    outer loop
      vertex 44.4695 12.8656 0
      vertex 45.0626 14.1093 0
      vertex 46.7616 13.3529 0
    endloop
  endfacet
  facet normal 0 0 -1
    outer loop
      vertex 45.0626 14.1093 0
      vertex 44.4695 12.8656 0
      vertex 44.7709 14.0473 0
    endloop
  endfacet
  facet normal 0 0 -1
    outer loop
      vertex 44.4695 12.8656 0
      vertex 44.7259 14.2592 0
      vertex 44.7709 14.0473 0
    endloop
  endfacet
  facet normal 0 0 -1
    outer loop
      vertex 41.0018 7.86718 0
      vertex 44.7709 11.4473 0
      vertex 42.9192 7.86718 0
    endloop
  endfacet
  facet normal 0 0 -1
    outer loop
      vertex 42.9192 7.86718 0
      vertex 43.2019 7.86718 0
      vertex 42.9192 7.47556 0
    endloop
  endfacet
  facet normal -0 0 -1
    outer loop
      vertex 44.7709 11.4473 0
      vertex 41.0018 7.86718 0
      vertex 44.4695 12.8656 0
    endloop
  endfacet
  facet normal 0 -0 -1
    outer loop
      vertex 41.8941 15.52 0
      vertex 44.4695 12.8656 0
      vertex 41.0018 7.86718 0
    endloop
  endfacet
  facet normal 0 0 -1
    outer loop
      vertex 44.4695 12.8656 0
      vertex 41.8941 15.52 0
      vertex 44.7259 14.2592 0
    endloop
  endfacet
  facet normal 0 0 -1
    outer loop
      vertex 39.8373 7.35962 0
      vertex 41.0018 7.51285 0
      vertex 39.8522 7.27564 0
    endloop
  endfacet
  facet normal 0 0 -1
    outer loop
      vertex 39.8124 7.43756 0
      vertex 41.0018 7.51285 0
      vertex 39.8373 7.35962 0
    endloop
  endfacet
  facet normal -0 0 -1
    outer loop
      vertex 41.0018 7.51285 0
      vertex 39.8124 7.43756 0
      vertex 41.0018 7.86718 0
    endloop
  endfacet
  facet normal 0 0 -1
    outer loop
      vertex 39.7775 7.50949 0
      vertex 41.0018 7.86718 0
      vertex 39.8124 7.43756 0
    endloop
  endfacet
  facet normal 0 0 -1
    outer loop
      vertex 39.7327 7.57541 0
      vertex 41.0018 7.86718 0
      vertex 39.7775 7.50949 0
    endloop
  endfacet
  facet normal 0 0 -1
    outer loop
      vertex 39.6778 7.6353 0
      vertex 41.0018 7.86718 0
      vertex 39.7327 7.57541 0
    endloop
  endfacet
  facet normal 0 0 -1
    outer loop
      vertex 39.6131 7.68918 0
      vertex 41.0018 7.86718 0
      vertex 39.6778 7.6353 0
    endloop
  endfacet
  facet normal 0 0 -1
    outer loop
      vertex 39.5394 7.73641 0
      vertex 41.0018 7.86718 0
      vertex 39.6131 7.68918 0
    endloop
  endfacet
  facet normal 0 0 -1
    outer loop
      vertex 39.4581 7.77637 0
      vertex 41.0018 7.86718 0
      vertex 39.5394 7.73641 0
    endloop
  endfacet
  facet normal 0 0 -1
    outer loop
      vertex 39.3689 7.80905 0
      vertex 41.0018 7.86718 0
      vertex 39.4581 7.77637 0
    endloop
  endfacet
  facet normal 0 0 -1
    outer loop
      vertex 39.2721 7.83449 0
      vertex 41.0018 7.86718 0
      vertex 39.3689 7.80905 0
    endloop
  endfacet
  facet normal -0 0 -1
    outer loop
      vertex 41.0018 7.86718 0
      vertex 39.2721 7.83449 0
      vertex 41.8941 15.52 0
    endloop
  endfacet
  facet normal 0 0 -1
    outer loop
      vertex 39.1674 7.85265 0
      vertex 41.8941 15.52 0
      vertex 39.2721 7.83449 0
    endloop
  endfacet
  facet normal 0 0 -1
    outer loop
      vertex 39.0551 7.86354 0
      vertex 41.8941 15.52 0
      vertex 39.1674 7.85265 0
    endloop
  endfacet
  facet normal 0 0 -1
    outer loop
      vertex 38.935 7.86718 0
      vertex 41.8941 15.52 0
      vertex 39.0551 7.86354 0
    endloop
  endfacet
  facet normal 0 0 -1
    outer loop
      vertex 37.7397 7.86718 0
      vertex 41.8941 15.52 0
      vertex 38.935 7.86718 0
    endloop
  endfacet
  facet normal 0 0 -1
    outer loop
      vertex 37.4207 7.27577 0
      vertex 37.7397 7.86718 0
      vertex 37.426 7.17888 0
    endloop
  endfacet
  facet normal 0 0 -1
    outer loop
      vertex 37.4048 7.36592 0
      vertex 37.7397 7.86718 0
      vertex 37.4207 7.27577 0
    endloop
  endfacet
  facet normal 0 0 -1
    outer loop
      vertex 37.3782 7.44931 0
      vertex 37.7397 7.86718 0
      vertex 37.4048 7.36592 0
    endloop
  endfacet
  facet normal 0 0 -1
    outer loop
      vertex 37.341 7.52597 0
      vertex 37.7397 7.86718 0
      vertex 37.3782 7.44931 0
    endloop
  endfacet
  facet normal 0 0 -1
    outer loop
      vertex 37.2932 7.59587 0
      vertex 37.7397 7.86718 0
      vertex 37.341 7.52597 0
    endloop
  endfacet
  facet normal 0 0 -1
    outer loop
      vertex 37.2348 7.65905 0
      vertex 37.7397 7.86718 0
      vertex 37.2932 7.59587 0
    endloop
  endfacet
  facet normal 0 0 -1
    outer loop
      vertex 37.1658 7.71546 0
      vertex 37.7397 7.86718 0
      vertex 37.2348 7.65905 0
    endloop
  endfacet
  facet normal 0 0 -1
    outer loop
      vertex 37.0864 7.7647 0
      vertex 37.7397 7.86718 0
      vertex 37.1658 7.71546 0
    endloop
  endfacet
  facet normal 0 0 -1
    outer loop
      vertex 36.9972 7.80637 0
      vertex 37.7397 7.86718 0
      vertex 37.0864 7.7647 0
    endloop
  endfacet
  facet normal 0 0 -1
    outer loop
      vertex 36.898 7.84047 0
      vertex 37.7397 7.86718 0
      vertex 36.9972 7.80637 0
    endloop
  endfacet
  facet normal 0 0 -1
    outer loop
      vertex 36.7889 7.86699 0
      vertex 37.7397 7.86718 0
      vertex 36.898 7.84047 0
    endloop
  endfacet
  facet normal 0 0 -1
    outer loop
      vertex 36.6699 7.88593 0
      vertex 37.7397 7.86718 0
      vertex 36.7889 7.86699 0
    endloop
  endfacet
  facet normal 0 0 -1
    outer loop
      vertex 37.7397 7.86718 0
      vertex 36.6699 7.88593 0
      vertex 41.8941 15.52 0
    endloop
  endfacet
  facet normal 0 0 -1
    outer loop
      vertex 36.5409 7.8973 0
      vertex 41.8941 15.52 0
      vertex 36.6699 7.88593 0
    endloop
  endfacet
  facet normal 0 0 -1
    outer loop
      vertex 36.402 7.90108 0
      vertex 41.8941 15.52 0
      vertex 36.5409 7.8973 0
    endloop
  endfacet
  facet normal 0 0 -1
    outer loop
      vertex 36.2748 7.89775 0
      vertex 41.8941 15.52 0
      vertex 36.402 7.90108 0
    endloop
  endfacet
  facet normal 0 0 -1
    outer loop
      vertex 30.1059 15.52 0
      vertex 36.2748 7.89775 0
      vertex 36.1557 7.88779 0
    endloop
  endfacet
  facet normal 0 0 -1
    outer loop
      vertex 30.1059 15.52 0
      vertex 36.1557 7.88779 0
      vertex 36.0447 7.87119 0
    endloop
  endfacet
  facet normal 0 0 -1
    outer loop
      vertex 34.4169 7.85515 0
      vertex 36.0447 7.87119 0
      vertex 35.9418 7.84793 0
    endloop
  endfacet
  facet normal 0 0 -1
    outer loop
      vertex 34.4169 7.85515 0
      vertex 35.9418 7.84793 0
      vertex 35.8469 7.81804 0
    endloop
  endfacet
  facet normal 0 0 -1
    outer loop
      vertex 34.5296 7.81943 0
      vertex 35.8469 7.81804 0
      vertex 35.7602 7.78151 0
    endloop
  endfacet
  facet normal 0 0 -1
    outer loop
      vertex 34.633 7.7735 0
      vertex 35.7602 7.78151 0
      vertex 35.6815 7.73833 0
    endloop
  endfacet
  facet normal 0 0 -1
    outer loop
      vertex 34.7271 7.71736 0
      vertex 35.6815 7.73833 0
      vertex 35.6108 7.6884 0
    endloop
  endfacet
  facet normal 0 0 -1
    outer loop
      vertex 34.812 7.65103 0
      vertex 35.6108 7.6884 0
      vertex 35.5476 7.63163 0
    endloop
  endfacet
  facet normal 0 0 -1
    outer loop
      vertex 34.8864 7.57541 0
      vertex 35.5476 7.63163 0
      vertex 35.492 7.56801 0
    endloop
  endfacet
  facet normal 0 0 -1
    outer loop
      vertex 35.7273 6.63217 0
      vertex 35.3459 7.245 0
      vertex 35.829 7.16533 0
    endloop
  endfacet
  facet normal 0 0 -1
    outer loop
      vertex 35.0868 7.07227 0
      vertex 35.3459 7.245 0
      vertex 35.0925 6.94663 0
    endloop
  endfacet
  facet normal 0 0 -1
    outer loop
      vertex 35.0696 7.18958 0
      vertex 35.3459 7.245 0
      vertex 35.0868 7.07227 0
    endloop
  endfacet
  facet normal 0 0 -1
    outer loop
      vertex 35.041 7.29854 0
      vertex 35.3459 7.245 0
      vertex 35.0696 7.18958 0
    endloop
  endfacet
  facet normal 0 0 -1
    outer loop
      vertex 35.3459 7.245 0
      vertex 35.041 7.29854 0
      vertex 35.371 7.33603 0
    endloop
  endfacet
  facet normal 0 0 -1
    outer loop
      vertex 35.0009 7.39917 0
      vertex 35.371 7.33603 0
      vertex 35.041 7.29854 0
    endloop
  endfacet
  facet normal 0 0 -1
    outer loop
      vertex 35.371 7.33603 0
      vertex 35.0009 7.39917 0
      vertex 35.4037 7.4202 0
    endloop
  endfacet
  facet normal 0 0 -1
    outer loop
      vertex 34.9494 7.49147 0
      vertex 35.4037 7.4202 0
      vertex 35.0009 7.39917 0
    endloop
  endfacet
  facet normal 0 0 -1
    outer loop
      vertex 35.4037 7.4202 0
      vertex 34.9494 7.49147 0
      vertex 35.4441 7.49753 0
    endloop
  endfacet
  facet normal -0 0 -1
    outer loop
      vertex 35.4441 7.49753 0
      vertex 34.9494 7.49147 0
      vertex 35.492 7.56801 0
    endloop
  endfacet
  facet normal 0 0 -1
    outer loop
      vertex 34.8864 7.57541 0
      vertex 35.492 7.56801 0
      vertex 34.9494 7.49147 0
    endloop
  endfacet
  facet normal -0 0 -1
    outer loop
      vertex 35.5476 7.63163 0
      vertex 34.8864 7.57541 0
      vertex 34.812 7.65103 0
    endloop
  endfacet
  facet normal -0 0 -1
    outer loop
      vertex 35.6108 7.6884 0
      vertex 34.812 7.65103 0
      vertex 34.7271 7.71736 0
    endloop
  endfacet
  facet normal -0 0 -1
    outer loop
      vertex 35.6815 7.73833 0
      vertex 34.7271 7.71736 0
      vertex 34.633 7.7735 0
    endloop
  endfacet
  facet normal -0 0 -1
    outer loop
      vertex 35.7602 7.78151 0
      vertex 34.633 7.7735 0
      vertex 34.5296 7.81943 0
    endloop
  endfacet
  facet normal 0 0 -1
    outer loop
      vertex 35.8469 7.81804 0
      vertex 34.5296 7.81943 0
      vertex 34.4169 7.85515 0
    endloop
  endfacet
  facet normal -0 0 -1
    outer loop
      vertex 36.0447 7.87119 0
      vertex 34.4169 7.85515 0
      vertex 34.2948 7.88066 0
    endloop
  endfacet
  facet normal 0 0 -1
    outer loop
      vertex 36.0447 7.87119 0
      vertex 34.2948 7.88066 0
      vertex 30.1059 15.52 0
    endloop
  endfacet
  facet normal 0 0 -1
    outer loop
      vertex 30.1059 15.52 0
      vertex 34.2948 7.88066 0
      vertex 34.1635 7.89598 0
    endloop
  endfacet
  facet normal 0 0 -1
    outer loop
      vertex 30.1059 15.52 0
      vertex 34.1635 7.89598 0
      vertex 34.0228 7.90108 0
    endloop
  endfacet
  facet normal 0 0 -1
    outer loop
      vertex 30.1059 15.52 0
      vertex 34.0228 7.90108 0
      vertex 33.8866 7.89617 0
    endloop
  endfacet
  facet normal 0 0 -1
    outer loop
      vertex 30.1059 15.52 0
      vertex 33.8866 7.89617 0
      vertex 33.7598 7.88143 0
    endloop
  endfacet
  facet normal 0 0 -1
    outer loop
      vertex 32.7642 7.86718 0
      vertex 33.7598 7.88143 0
      vertex 33.6424 7.85686 0
    endloop
  endfacet
  facet normal 0 0 -1
    outer loop
      vertex 32.7642 7.86718 0
      vertex 33.6424 7.85686 0
      vertex 33.5345 7.82248 0
    endloop
  endfacet
  facet normal 0 0 -1
    outer loop
      vertex 32.7642 7.86718 0
      vertex 33.5345 7.82248 0
      vertex 33.4361 7.77826 0
    endloop
  endfacet
  facet normal 0 0 -1
    outer loop
      vertex 32.7642 7.86718 0
      vertex 33.4361 7.77826 0
      vertex 33.3471 7.72422 0
    endloop
  endfacet
  facet normal 0 0 -1
    outer loop
      vertex 32.7642 7.86718 0
      vertex 33.3471 7.72422 0
      vertex 33.2675 7.66036 0
    endloop
  endfacet
  facet normal 0 0 -1
    outer loop
      vertex 32.7642 7.86718 0
      vertex 33.011 7.09571 0
      vertex 33.0056 6.97205 0
    endloop
  endfacet
  facet normal 0 0 -1
    outer loop
      vertex 32.7642 7.86718 0
      vertex 33.027 7.21091 0
      vertex 33.011 7.09571 0
    endloop
  endfacet
  facet normal 0 0 -1
    outer loop
      vertex 32.7642 7.86718 0
      vertex 33.0537 7.31769 0
      vertex 33.027 7.21091 0
    endloop
  endfacet
  facet normal 0 0 -1
    outer loop
      vertex 32.7642 7.86718 0
      vertex 33.0911 7.41602 0
      vertex 33.0537 7.31769 0
    endloop
  endfacet
  facet normal 0 0 -1
    outer loop
      vertex 32.7642 7.86718 0
      vertex 33.1393 7.50591 0
      vertex 33.0911 7.41602 0
    endloop
  endfacet
  facet normal 0 0 -1
    outer loop
      vertex 32.7642 7.86718 0
      vertex 33.198 7.58734 0
      vertex 33.1393 7.50591 0
    endloop
  endfacet
  facet normal 0 0 -1
    outer loop
      vertex 32.7642 7.86718 0
      vertex 33.2675 7.66036 0
      vertex 33.198 7.58734 0
    endloop
  endfacet
  facet normal -0 0 -1
    outer loop
      vertex 33.7598 7.88143 0
      vertex 32.7642 7.86718 0
      vertex 30.1059 15.52 0
    endloop
  endfacet
  facet normal 0 0 -1
    outer loop
      vertex 30.1059 15.52 0
      vertex 32.7642 7.86718 0
      vertex 32.2691 7.86718 0
    endloop
  endfacet
  facet normal 0 0 -1
    outer loop
      vertex 31.1468 7.25685 0
      vertex 32.2691 7.86718 0
      vertex 32.0572 7.25685 0
    endloop
  endfacet
  facet normal 0 0 -1
    outer loop
      vertex 30.9349 7.86718 0
      vertex 32.2691 7.86718 0
      vertex 31.1468 7.25685 0
    endloop
  endfacet
  facet normal 0 0 -1
    outer loop
      vertex 30.1059 15.52 0
      vertex 32.2691 7.86718 0
      vertex 30.9349 7.86718 0
    endloop
  endfacet
  facet normal 0 0 -1
    outer loop
      vertex 27.5305 12.8656 0
      vertex 30.9349 7.86718 0
      vertex 30.4348 7.86718 0
    endloop
  endfacet
  facet normal 0 0 -1
    outer loop
      vertex 30.2911 7.86718 0
      vertex 30.4348 7.86718 0
      vertex 30.2911 7.48065 0
    endloop
  endfacet
  facet normal 0 0 -1
    outer loop
      vertex 27.5305 12.8656 0
      vertex 30.4348 7.86718 0
      vertex 30.2911 7.86718 0
    endloop
  endfacet
  facet normal 0 0 -1
    outer loop
      vertex 36.2748 7.89775 0
      vertex 30.1059 15.52 0
      vertex 41.8941 15.52 0
    endloop
  endfacet
  facet normal 0 0 -1
    outer loop
      vertex 27.5305 12.8656 0
      vertex 30.2911 7.86718 0
      vertex 28.5093 7.86718 0
    endloop
  endfacet
  facet normal 0 0 -1
    outer loop
      vertex 28.1903 7.27577 0
      vertex 28.5093 7.86718 0
      vertex 28.1956 7.17888 0
    endloop
  endfacet
  facet normal 0 0 -1
    outer loop
      vertex 28.1743 7.36592 0
      vertex 28.5093 7.86718 0
      vertex 28.1903 7.27577 0
    endloop
  endfacet
  facet normal 0 0 -1
    outer loop
      vertex 28.1478 7.44931 0
      vertex 28.5093 7.86718 0
      vertex 28.1743 7.36592 0
    endloop
  endfacet
  facet normal 0 0 -1
    outer loop
      vertex 28.1106 7.52597 0
      vertex 28.5093 7.86718 0
      vertex 28.1478 7.44931 0
    endloop
  endfacet
  facet normal 0 0 -1
    outer loop
      vertex 28.0628 7.59587 0
      vertex 28.5093 7.86718 0
      vertex 28.1106 7.52597 0
    endloop
  endfacet
  facet normal 0 0 -1
    outer loop
      vertex 28.0044 7.65905 0
      vertex 28.5093 7.86718 0
      vertex 28.0628 7.59587 0
    endloop
  endfacet
  facet normal 0 0 -1
    outer loop
      vertex 27.9353 7.71546 0
      vertex 28.5093 7.86718 0
      vertex 28.0044 7.65905 0
    endloop
  endfacet
  facet normal 0 0 -1
    outer loop
      vertex 27.856 7.7647 0
      vertex 28.5093 7.86718 0
      vertex 27.9353 7.71546 0
    endloop
  endfacet
  facet normal 0 0 -1
    outer loop
      vertex 27.7668 7.80637 0
      vertex 28.5093 7.86718 0
      vertex 27.856 7.7647 0
    endloop
  endfacet
  facet normal 0 0 -1
    outer loop
      vertex 27.6676 7.84047 0
      vertex 28.5093 7.86718 0
      vertex 27.7668 7.80637 0
    endloop
  endfacet
  facet normal 0 0 -1
    outer loop
      vertex 27.5585 7.86699 0
      vertex 28.5093 7.86718 0
      vertex 27.6676 7.84047 0
    endloop
  endfacet
  facet normal -0 0 -1
    outer loop
      vertex 28.5093 7.86718 0
      vertex 27.5585 7.86699 0
      vertex 27.5305 12.8656 0
    endloop
  endfacet
  facet normal 0 0 -1
    outer loop
      vertex 30.9349 7.86718 0
      vertex 27.5305 12.8656 0
      vertex 30.1059 15.52 0
    endloop
  endfacet
  facet normal 0 0 -1
    outer loop
      vertex 27.5305 12.8656 0
      vertex 27.2741 14.2592 0
      vertex 30.1059 15.52 0
    endloop
  endfacet
  facet normal 0 0 -1
    outer loop
      vertex 27.5305 12.8656 0
      vertex 27.2291 14.0473 0
      vertex 27.2741 14.2592 0
    endloop
  endfacet
  facet normal 0 0 -1
    outer loop
      vertex 27.5305 12.8656 0
      vertex 26.9374 14.1093 0
      vertex 27.2291 14.0473 0
    endloop
  endfacet
  facet normal 0 -0 -1
    outer loop
      vertex 26.9374 14.1093 0
      vertex 27.5305 12.8656 0
      vertex 25.2384 13.3529 0
    endloop
  endfacet
  facet normal 0 0 -1
    outer loop
      vertex 16.4695 18.9344 0
      vertex 8.45 30 0
      vertex 16.4695 21.5344 0
    endloop
  endfacet
  facet normal 0 0 -1
    outer loop
      vertex 16.7709 25.5527 0
      vertex 10.7453 29.3884 0
      vertex 21.726 24.4994 0
    endloop
  endfacet
  facet normal 0 0 -1
    outer loop
      vertex 16.4695 24.1344 0
      vertex 10.7453 29.3884 0
      vertex 16.7709 25.5527 0
    endloop
  endfacet
  facet normal 0 0 -1
    outer loop
      vertex 28.5078 15.52 0
      vertex 27.4412 15.0451 0
      vertex 27.5305 15.4656 0
    endloop
  endfacet
  facet normal -0 0 -1
    outer loop
      vertex 28.5078 15.52 0
      vertex 27.5305 15.4656 0
      vertex 27.2748 15.52 0
    endloop
  endfacet
  facet normal 0 0 -1
    outer loop
      vertex 44.5588 15.0451 0
      vertex 43.4922 15.52 0
      vertex 44.4695 15.4656 0
    endloop
  endfacet
  facet normal -0 0 -1
    outer loop
      vertex 44.7252 15.52 0
      vertex 44.4695 15.4656 0
      vertex 43.4922 15.52 0
    endloop
  endfacet
  facet normal 0 0 -1
    outer loop
      vertex 31.591 5.88367 0
      vertex 31.6368 5.96337 0
      vertex 31.6012 5.84638 0
    endloop
  endfacet
  facet normal 0 0 -1
    outer loop
      vertex 31.586 5.90146 0
      vertex 31.6368 5.96337 0
      vertex 31.591 5.88367 0
    endloop
  endfacet
  facet normal 0 0 -1
    outer loop
      vertex 31.5808 5.91994 0
      vertex 31.6368 5.96337 0
      vertex 31.586 5.90146 0
    endloop
  endfacet
  facet normal 0 0 -1
    outer loop
      vertex 31.5752 5.93911 0
      vertex 31.6368 5.96337 0
      vertex 31.5808 5.91994 0
    endloop
  endfacet
  facet normal 0 0 -1
    outer loop
      vertex 31.5694 5.95897 0
      vertex 31.6368 5.96337 0
      vertex 31.5752 5.93911 0
    endloop
  endfacet
  facet normal 0 0 -1
    outer loop
      vertex 31.5633 5.97953 0
      vertex 31.6368 5.96337 0
      vertex 31.5694 5.95897 0
    endloop
  endfacet
  facet normal 0 0 -1
    outer loop
      vertex 31.5569 6.00077 0
      vertex 31.6368 5.96337 0
      vertex 31.5633 5.97953 0
    endloop
  endfacet
  facet normal 0 0 -1
    outer loop
      vertex 31.5503 6.02269 0
      vertex 31.6368 5.96337 0
      vertex 31.5569 6.00077 0
    endloop
  endfacet
  facet normal 0 0 -1
    outer loop
      vertex 31.5385 6.0593 0
      vertex 31.6368 5.96337 0
      vertex 31.5503 6.02269 0
    endloop
  endfacet
  facet normal 0 0 -1
    outer loop
      vertex 31.6368 5.96337 0
      vertex 31.5385 6.0593 0
      vertex 31.7097 6.19393 0
    endloop
  endfacet
  facet normal 0 0 -1
    outer loop
      vertex 31.5168 6.12455 0
      vertex 31.7097 6.19393 0
      vertex 31.5385 6.0593 0
    endloop
  endfacet
  facet normal 0 0 -1
    outer loop
      vertex 31.4851 6.21845 0
      vertex 31.7097 6.19393 0
      vertex 31.5168 6.12455 0
    endloop
  endfacet
  facet normal 0 0 -1
    outer loop
      vertex 31.4435 6.34099 0
      vertex 31.7097 6.19393 0
      vertex 31.4851 6.21845 0
    endloop
  endfacet
  facet normal 0 0 -1
    outer loop
      vertex 31.3918 6.49219 0
      vertex 31.7097 6.19393 0
      vertex 31.4435 6.34099 0
    endloop
  endfacet
  facet normal 0 0 -1
    outer loop
      vertex 31.7097 6.19393 0
      vertex 31.3918 6.49219 0
      vertex 31.9453 6.88051 0
    endloop
  endfacet
  facet normal 0 0 -1
    outer loop
      vertex 31.3303 6.67203 0
      vertex 31.9453 6.88051 0
      vertex 31.3918 6.49219 0
    endloop
  endfacet
  facet normal -0 0 -1
    outer loop
      vertex 31.9453 6.88051 0
      vertex 31.3303 6.67203 0
      vertex 31.2587 6.88051 0
    endloop
  endfacet
  facet normal 0 0 -1
    outer loop
      vertex 39.0077 5.87192 0
      vertex 39.2164 6.14644 0
      vertex 39.2143 6.10233 0
    endloop
  endfacet
  facet normal 0 0 -1
    outer loop
      vertex 39.2164 6.14644 0
      vertex 39.0172 6.41736 0
      vertex 39.2144 6.18708 0
    endloop
  endfacet
  facet normal 0 0 -1
    outer loop
      vertex 39.0471 5.88437 0
      vertex 39.2143 6.10233 0
      vertex 39.208 6.06203 0
    endloop
  endfacet
  facet normal -0 -0 -1
    outer loop
      vertex 39.0564 6.40381 0
      vertex 39.2144 6.18708 0
      vertex 39.0172 6.41736 0
    endloop
  endfacet
  facet normal 0 0 -1
    outer loop
      vertex 39.0825 5.8996 0
      vertex 39.208 6.06203 0
      vertex 39.1975 6.02553 0
    endloop
  endfacet
  facet normal 0 0 -1
    outer loop
      vertex 39.2143 6.10233 0
      vertex 39.0471 5.88437 0
      vertex 39.0077 5.87192 0
    endloop
  endfacet
  facet normal 0 0 -1
    outer loop
      vertex 39.1138 5.91759 0
      vertex 39.1975 6.02553 0
      vertex 39.1829 5.99283 0
    endloop
  endfacet
  facet normal 0 0 -1
    outer loop
      vertex 39.2144 6.18708 0
      vertex 39.0564 6.40381 0
      vertex 39.2086 6.2247 0
    endloop
  endfacet
  facet normal 0 0 -1
    outer loop
      vertex 39.1138 5.91759 0
      vertex 39.1829 5.99283 0
      vertex 39.164 5.96395 0
    endloop
  endfacet
  facet normal 0 0 -1
    outer loop
      vertex 39.208 6.06203 0
      vertex 39.0825 5.8996 0
      vertex 39.0471 5.88437 0
    endloop
  endfacet
  facet normal 0 0 -1
    outer loop
      vertex 39.1138 5.91759 0
      vertex 39.164 5.96395 0
      vertex 39.141 5.93888 0
    endloop
  endfacet
  facet normal -0 -0 -1
    outer loop
      vertex 39.0908 6.38726 0
      vertex 39.1988 6.25933 0
      vertex 39.0564 6.40381 0
    endloop
  endfacet
  facet normal 0 0 -1
    outer loop
      vertex 39.1975 6.02553 0
      vertex 39.1138 5.91759 0
      vertex 39.0825 5.8996 0
    endloop
  endfacet
  facet normal 0 0 -1
    outer loop
      vertex 39.1988 6.25933 0
      vertex 39.0908 6.38726 0
      vertex 39.1851 6.29094 0
    endloop
  endfacet
  facet normal 0 0 -1
    outer loop
      vertex 39.146 6.34511 0
      vertex 39.0908 6.38726 0
      vertex 39.1206 6.36769 0
    endloop
  endfacet
  facet normal 0 0 -1
    outer loop
      vertex 39.1675 6.31954 0
      vertex 39.0908 6.38726 0
      vertex 39.146 6.34511 0
    endloop
  endfacet
  facet normal 0 0 -1
    outer loop
      vertex 39.1851 6.29094 0
      vertex 39.0908 6.38726 0
      vertex 39.1675 6.31954 0
    endloop
  endfacet
  facet normal 0 0 -1
    outer loop
      vertex 39.2086 6.2247 0
      vertex 39.0564 6.40381 0
      vertex 39.1988 6.25933 0
    endloop
  endfacet
  facet normal -0 0 -1
    outer loop
      vertex 39.2164 6.14644 0
      vertex 39.0077 5.87192 0
      vertex 39.0172 6.41736 0
    endloop
  endfacet
  facet normal 0 0 -1
    outer loop
      vertex 39.0077 5.87192 0
      vertex 38.9732 6.42791 0
      vertex 39.0172 6.41736 0
    endloop
  endfacet
  facet normal 0 0 -1
    outer loop
      vertex 38.9642 5.86223 0
      vertex 38.9732 6.42791 0
      vertex 39.0077 5.87192 0
    endloop
  endfacet
  facet normal 0 0 -1
    outer loop
      vertex 38.9642 5.86223 0
      vertex 38.9245 6.43543 0
      vertex 38.9732 6.42791 0
    endloop
  endfacet
  facet normal 0 0 -1
    outer loop
      vertex 38.9167 5.8553 0
      vertex 38.9245 6.43543 0
      vertex 38.9642 5.86223 0
    endloop
  endfacet
  facet normal 0 0 -1
    outer loop
      vertex 38.9167 5.8553 0
      vertex 38.8711 6.43994 0
      vertex 38.9245 6.43543 0
    endloop
  endfacet
  facet normal 0 0 -1
    outer loop
      vertex 38.8651 5.85115 0
      vertex 38.8711 6.43994 0
      vertex 38.9167 5.8553 0
    endloop
  endfacet
  facet normal 0 0 -1
    outer loop
      vertex 38.8651 5.85115 0
      vertex 38.8129 6.44144 0
      vertex 38.8711 6.43994 0
    endloop
  endfacet
  facet normal 0 0 -1
    outer loop
      vertex 38.8095 5.84976 0
      vertex 38.8129 6.44144 0
      vertex 38.8651 5.85115 0
    endloop
  endfacet
  facet normal 0 0 -1
    outer loop
      vertex 38.2399 5.84976 0
      vertex 38.8129 6.44144 0
      vertex 38.8095 5.84976 0
    endloop
  endfacet
  facet normal -0 0 -1
    outer loop
      vertex 38.8129 6.44144 0
      vertex 38.2399 5.84976 0
      vertex 38.2399 6.44144 0
    endloop
  endfacet
  facet normal 0 0 -1
    outer loop
      vertex 39.1254 7.46739 0
      vertex 39.3531 7.19478 0
      vertex 39.3554 7.14669 0
    endloop
  endfacet
  facet normal 0 0 -1
    outer loop
      vertex 39.1982 6.87265 0
      vertex 39.3554 7.14669 0
      vertex 39.3456 7.05762 0
    endloop
  endfacet
  facet normal 0 -0 -1
    outer loop
      vertex 39.1254 7.46739 0
      vertex 39.3554 7.14669 0
      vertex 39.1098 6.83841 0
    endloop
  endfacet
  facet normal -0 -0 -1
    outer loop
      vertex 39.1703 7.45136 0
      vertex 39.3463 7.23932 0
      vertex 39.1254 7.46739 0
    endloop
  endfacet
  facet normal 0 0 -1
    outer loop
      vertex 39.267 6.92061 0
      vertex 39.3456 7.05762 0
      vertex 39.3161 6.98227 0
    endloop
  endfacet
  facet normal 0 0 -1
    outer loop
      vertex 39.3554 7.14669 0
      vertex 39.1982 6.87265 0
      vertex 39.1098 6.83841 0
    endloop
  endfacet
  facet normal -0 -0 -1
    outer loop
      vertex 39.21 7.43177 0
      vertex 39.335 7.28031 0
      vertex 39.1703 7.45136 0
    endloop
  endfacet
  facet normal 0 0 -1
    outer loop
      vertex 39.3456 7.05762 0
      vertex 39.267 6.92061 0
      vertex 39.1982 6.87265 0
    endloop
  endfacet
  facet normal 0 0 -1
    outer loop
      vertex 39.335 7.28031 0
      vertex 39.21 7.43177 0
      vertex 39.3191 7.31772 0
    endloop
  endfacet
  facet normal 0 0 -1
    outer loop
      vertex 39.2738 7.38187 0
      vertex 39.21 7.43177 0
      vertex 39.2444 7.4086 0
    endloop
  endfacet
  facet normal 0 0 -1
    outer loop
      vertex 39.2987 7.35158 0
      vertex 39.21 7.43177 0
      vertex 39.2738 7.38187 0
    endloop
  endfacet
  facet normal 0 0 -1
    outer loop
      vertex 39.3191 7.31772 0
      vertex 39.21 7.43177 0
      vertex 39.2987 7.35158 0
    endloop
  endfacet
  facet normal 0 0 -1
    outer loop
      vertex 39.3463 7.23932 0
      vertex 39.1703 7.45136 0
      vertex 39.335 7.28031 0
    endloop
  endfacet
  facet normal 0 0 -1
    outer loop
      vertex 39.3531 7.19478 0
      vertex 39.1254 7.46739 0
      vertex 39.3463 7.23932 0
    endloop
  endfacet
  facet normal 0 0 -1
    outer loop
      vertex 39.1098 6.83841 0
      vertex 39.0751 7.47988 0
      vertex 39.1254 7.46739 0
    endloop
  endfacet
  facet normal 0 0 -1
    outer loop
      vertex 39.1098 6.83841 0
      vertex 39.0195 7.48877 0
      vertex 39.0751 7.47988 0
    endloop
  endfacet
  facet normal 0 0 -1
    outer loop
      vertex 39.0017 6.81786 0
      vertex 39.0195 7.48877 0
      vertex 39.1098 6.83841 0
    endloop
  endfacet
  facet normal 0 0 -1
    outer loop
      vertex 39.0017 6.81786 0
      vertex 38.9587 7.49413 0
      vertex 39.0195 7.48877 0
    endloop
  endfacet
  facet normal 0 0 -1
    outer loop
      vertex 39.0017 6.81786 0
      vertex 38.8926 7.4959 0
      vertex 38.9587 7.49413 0
    endloop
  endfacet
  facet normal 0 0 -1
    outer loop
      vertex 38.8739 6.81101 0
      vertex 38.8926 7.4959 0
      vertex 39.0017 6.81786 0
    endloop
  endfacet
  facet normal 0 0 -1
    outer loop
      vertex 38.2399 7.4959 0
      vertex 38.8739 6.81101 0
      vertex 38.2399 6.81101 0
    endloop
  endfacet
  facet normal 0 0 -1
    outer loop
      vertex 38.8739 6.81101 0
      vertex 38.2399 7.4959 0
      vertex 38.8926 7.4959 0
    endloop
  endfacet
  facet normal 0 0 -1
    outer loop
      vertex 46.7795 6.55454 0
      vertex 47.043 6.25823 0
      vertex 47.0453 6.21086 0
    endloop
  endfacet
  facet normal 0 0 -1
    outer loop
      vertex 46.8204 5.89481 0
      vertex 47.0453 6.21086 0
      vertex 47.0363 6.11957 0
    endloop
  endfacet
  facet normal 0 0 -1
    outer loop
      vertex 46.7795 6.55454 0
      vertex 47.0453 6.21086 0
      vertex 46.8204 5.89481 0
    endloop
  endfacet
  facet normal 0 0 -1
    outer loop
      vertex 47.043 6.25823 0
      vertex 46.8251 6.54097 0
      vertex 47.0364 6.30249 0
    endloop
  endfacet
  facet normal 0 0 -1
    outer loop
      vertex 46.9013 5.92993 0
      vertex 47.0363 6.11957 0
      vertex 47.0093 6.0423 0
    endloop
  endfacet
  facet normal -0 -0 -1
    outer loop
      vertex 46.8665 6.52353 0
      vertex 47.0364 6.30249 0
      vertex 46.8251 6.54097 0
    endloop
  endfacet
  facet normal 0 0 -1
    outer loop
      vertex 47.0364 6.30249 0
      vertex 46.8665 6.52353 0
      vertex 47.0253 6.34363 0
    endloop
  endfacet
  facet normal 0 0 -1
    outer loop
      vertex 46.9013 5.92993 0
      vertex 47.0093 6.0423 0
      vertex 46.9643 5.9791 0
    endloop
  endfacet
  facet normal 0 0 -1
    outer loop
      vertex 47.0363 6.11957 0
      vertex 46.9013 5.92993 0
      vertex 46.8204 5.89481 0
    endloop
  endfacet
  facet normal 0 0 -1
    outer loop
      vertex 47.0098 6.38166 0
      vertex 46.8665 6.52353 0
      vertex 46.9899 6.41657 0
    endloop
  endfacet
  facet normal 0 0 -1
    outer loop
      vertex 46.9899 6.41657 0
      vertex 46.8665 6.52353 0
      vertex 46.9655 6.44837 0
    endloop
  endfacet
  facet normal 0 0 -1
    outer loop
      vertex 46.9655 6.44837 0
      vertex 46.9037 6.50223 0
      vertex 46.9368 6.47704 0
    endloop
  endfacet
  facet normal 0 0 -1
    outer loop
      vertex 46.9655 6.44837 0
      vertex 46.8665 6.52353 0
      vertex 46.9037 6.50223 0
    endloop
  endfacet
  facet normal 0 0 -1
    outer loop
      vertex 47.0253 6.34363 0
      vertex 46.8665 6.52353 0
      vertex 47.0098 6.38166 0
    endloop
  endfacet
  facet normal 0 0 -1
    outer loop
      vertex 47.043 6.25823 0
      vertex 46.7795 6.55454 0
      vertex 46.8251 6.54097 0
    endloop
  endfacet
  facet normal 0 0 -1
    outer loop
      vertex 46.7214 5.87374 0
      vertex 46.7795 6.55454 0
      vertex 46.8204 5.89481 0
    endloop
  endfacet
  facet normal -0 0 -1
    outer loop
      vertex 46.7795 6.55454 0
      vertex 46.7214 5.87374 0
      vertex 46.7299 6.56423 0
    endloop
  endfacet
  facet normal 0 0 -1
    outer loop
      vertex 46.7214 5.87374 0
      vertex 46.676 6.57003 0
      vertex 46.7299 6.56423 0
    endloop
  endfacet
  facet normal 0 0 -1
    outer loop
      vertex 46.6045 5.86672 0
      vertex 46.676 6.57003 0
      vertex 46.7214 5.87374 0
    endloop
  endfacet
  facet normal -0 0 -1
    outer loop
      vertex 46.676 6.57003 0
      vertex 46.6045 5.86672 0
      vertex 46.6181 6.57196 0
    endloop
  endfacet
  facet normal 0 0 -1
    outer loop
      vertex 45.9637 6.57196 0
      vertex 46.6045 5.86672 0
      vertex 45.9637 5.86672 0
    endloop
  endfacet
  facet normal 0 0 -1
    outer loop
      vertex 46.6045 5.86672 0
      vertex 45.9637 6.57196 0
      vertex 46.6181 6.57196 0
    endloop
  endfacet
  facet normal 0 0 -1
    outer loop
      vertex 48.326 6.66182 0
      vertex 49.7246 6.66182 0
      vertex 49.7208 6.5548 0
    endloop
  endfacet
  facet normal 0 0 -1
    outer loop
      vertex 49.7246 6.66182 0
      vertex 48.326 6.66182 0
      vertex 49.7209 6.77379 0
    endloop
  endfacet
  facet normal 0 0 -1
    outer loop
      vertex 48.3297 6.55393 0
      vertex 49.7208 6.5548 0
      vertex 49.7096 6.45458 0
    endloop
  endfacet
  facet normal 0 -0 -1
    outer loop
      vertex 48.3298 6.77077 0
      vertex 49.7209 6.77379 0
      vertex 48.326 6.66182 0
    endloop
  endfacet
  facet normal 0 0 -1
    outer loop
      vertex 48.3409 6.45305 0
      vertex 49.7096 6.45458 0
      vertex 49.6909 6.36119 0
    endloop
  endfacet
  facet normal 0 -0 -1
    outer loop
      vertex 48.3412 6.87293 0
      vertex 49.7209 6.77379 0
      vertex 48.3298 6.77077 0
    endloop
  endfacet
  facet normal 0 0 -1
    outer loop
      vertex 48.3596 6.35921 0
      vertex 49.6909 6.36119 0
      vertex 49.6648 6.27462 0
    endloop
  endfacet
  facet normal 0 0 -1
    outer loop
      vertex 49.7209 6.77379 0
      vertex 48.3412 6.87293 0
      vertex 49.7097 6.87825 0
    endloop
  endfacet
  facet normal 0 0 -1
    outer loop
      vertex 49.1192 5.8407 0
      vertex 49.6648 6.27462 0
      vertex 49.6312 6.19484 0
    endloop
  endfacet
  facet normal 0 -0 -1
    outer loop
      vertex 48.3604 6.96826 0
      vertex 49.7097 6.87825 0
      vertex 48.3412 6.87293 0
    endloop
  endfacet
  facet normal 0 0 -1
    outer loop
      vertex 49.1192 5.8407 0
      vertex 49.6312 6.19484 0
      vertex 49.5901 6.12191 0
    endloop
  endfacet
  facet normal 0 0 -1
    outer loop
      vertex 49.7097 6.87825 0
      vertex 48.3604 6.96826 0
      vertex 49.6911 6.97516 0
    endloop
  endfacet
  facet normal 0 0 -1
    outer loop
      vertex 49.2047 5.85414 0
      vertex 49.5901 6.12191 0
      vertex 49.5415 6.05577 0
    endloop
  endfacet
  facet normal 0 -0 -1
    outer loop
      vertex 48.3871 7.05678 0
      vertex 49.6911 6.97516 0
      vertex 48.3604 6.96826 0
    endloop
  endfacet
  facet normal 0 0 -1
    outer loop
      vertex 49.2047 5.85414 0
      vertex 49.5415 6.05577 0
      vertex 49.4862 5.99752 0
    endloop
  endfacet
  facet normal 0 0 -1
    outer loop
      vertex 49.6911 6.97516 0
      vertex 48.3871 7.05678 0
      vertex 49.6651 7.06453 0
    endloop
  endfacet
  facet normal 0 0 -1
    outer loop
      vertex 49.2047 5.85414 0
      vertex 49.4862 5.99752 0
      vertex 49.4248 5.94823 0
    endloop
  endfacet
  facet normal 0 -0 -1
    outer loop
      vertex 49.0244 7.50778 0
      vertex 49.6651 7.06453 0
      vertex 48.3871 7.05678 0
    endloop
  endfacet
  facet normal 0 0 -1
    outer loop
      vertex 49.2047 5.85414 0
      vertex 49.4248 5.94823 0
      vertex 49.3575 5.90792 0
    endloop
  endfacet
  facet normal 0 0 -1
    outer loop
      vertex 49.2047 5.85414 0
      vertex 49.3575 5.90792 0
      vertex 49.2841 5.87654 0
    endloop
  endfacet
  facet normal 0 0 -1
    outer loop
      vertex 49.6316 7.14635 0
      vertex 49.1172 7.50328 0
      vertex 49.5907 7.22064 0
    endloop
  endfacet
  facet normal 0 0 -1
    outer loop
      vertex 49.5901 6.12191 0
      vertex 49.2047 5.85414 0
      vertex 49.1192 5.8407 0
    endloop
  endfacet
  facet normal -0 -0 -1
    outer loop
      vertex 49.2037 7.48979 0
      vertex 49.5907 7.22064 0
      vertex 49.1172 7.50328 0
    endloop
  endfacet
  facet normal 0 0 -1
    outer loop
      vertex 49.6648 6.27462 0
      vertex 49.1192 5.8407 0
      vertex 49.0278 5.83622 0
    endloop
  endfacet
  facet normal 0 0 -1
    outer loop
      vertex 49.5907 7.22064 0
      vertex 49.2037 7.48979 0
      vertex 49.5423 7.28739 0
    endloop
  endfacet
  facet normal -0 0 -1
    outer loop
      vertex 49.6648 6.27462 0
      vertex 49.0278 5.83622 0
      vertex 48.3596 6.35921 0
    endloop
  endfacet
  facet normal 0 0 -1
    outer loop
      vertex 49.5423 7.28739 0
      vertex 49.2037 7.48979 0
      vertex 49.4871 7.34586 0
    endloop
  endfacet
  facet normal 0 0 -1
    outer loop
      vertex 48.3596 6.35921 0
      vertex 49.0278 5.83622 0
      vertex 48.935 5.84067 0
    endloop
  endfacet
  facet normal 0 0 -1
    outer loop
      vertex 49.4257 7.39533 0
      vertex 49.2037 7.48979 0
      vertex 49.3579 7.43581 0
    endloop
  endfacet
  facet normal 0 0 -1
    outer loop
      vertex 49.3579 7.43581 0
      vertex 49.2037 7.48979 0
      vertex 49.284 7.4673 0
    endloop
  endfacet
  facet normal 0 0 -1
    outer loop
      vertex 48.3857 6.27239 0
      vertex 48.935 5.84067 0
      vertex 48.8484 5.85401 0
    endloop
  endfacet
  facet normal 0 0 -1
    outer loop
      vertex 49.4871 7.34586 0
      vertex 49.2037 7.48979 0
      vertex 49.4257 7.39533 0
    endloop
  endfacet
  facet normal 0 0 -1
    outer loop
      vertex 48.4194 6.19258 0
      vertex 48.8484 5.85401 0
      vertex 48.7681 5.87624 0
    endloop
  endfacet
  facet normal 0 0 -1
    outer loop
      vertex 49.6651 7.06453 0
      vertex 49.1172 7.50328 0
      vertex 49.6316 7.14635 0
    endloop
  endfacet
  facet normal 0 0 -1
    outer loop
      vertex 48.4194 6.19258 0
      vertex 48.7681 5.87624 0
      vertex 48.694 5.90735 0
    endloop
  endfacet
  facet normal -0 -0 -1
    outer loop
      vertex 49.1172 7.50328 0
      vertex 49.6651 7.06453 0
      vertex 49.0244 7.50778 0
    endloop
  endfacet
  facet normal 0 0 -1
    outer loop
      vertex 48.4194 6.19258 0
      vertex 48.694 5.90735 0
      vertex 48.6261 5.94738 0
    endloop
  endfacet
  facet normal 0 -0 -1
    outer loop
      vertex 48.4215 7.13849 0
      vertex 49.0244 7.50778 0
      vertex 48.3871 7.05678 0
    endloop
  endfacet
  facet normal 0 0 -1
    outer loop
      vertex 48.4194 6.19258 0
      vertex 48.6261 5.94738 0
      vertex 48.5645 5.99628 0
    endloop
  endfacet
  facet normal 0 0 -1
    outer loop
      vertex 49.0244 7.50778 0
      vertex 48.4215 7.13849 0
      vertex 48.9347 7.50316 0
    endloop
  endfacet
  facet normal 0 0 -1
    outer loop
      vertex 48.4194 6.19258 0
      vertex 48.5645 5.99628 0
      vertex 48.509 6.05406 0
    endloop
  endfacet
  facet normal 0 -0 -1
    outer loop
      vertex 48.4636 7.21338 0
      vertex 48.9347 7.50316 0
      vertex 48.4215 7.13849 0
    endloop
  endfacet
  facet normal 0 0 -1
    outer loop
      vertex 48.4194 6.19258 0
      vertex 48.509 6.05406 0
      vertex 48.4605 6.11981 0
    endloop
  endfacet
  facet normal 0 0 -1
    outer loop
      vertex 48.9347 7.50316 0
      vertex 48.4636 7.21338 0
      vertex 48.8505 7.48931 0
    endloop
  endfacet
  facet normal 0 0 -1
    outer loop
      vertex 48.8484 5.85401 0
      vertex 48.4194 6.19258 0
      vertex 48.3857 6.27239 0
    endloop
  endfacet
  facet normal 0 0 -1
    outer loop
      vertex 48.8505 7.48931 0
      vertex 48.4636 7.21338 0
      vertex 48.7719 7.4662 0
    endloop
  endfacet
  facet normal 0 0 -1
    outer loop
      vertex 48.935 5.84067 0
      vertex 48.3857 6.27239 0
      vertex 48.3596 6.35921 0
    endloop
  endfacet
  facet normal 0 0 -1
    outer loop
      vertex 48.5696 7.34149 0
      vertex 48.4636 7.21338 0
      vertex 48.5133 7.28145 0
    endloop
  endfacet
  facet normal -0 0 -1
    outer loop
      vertex 49.6909 6.36119 0
      vertex 48.3596 6.35921 0
      vertex 48.3409 6.45305 0
    endloop
  endfacet
  facet normal 0 0 -1
    outer loop
      vertex 48.6989 7.43387 0
      vertex 48.4636 7.21338 0
      vertex 48.6315 7.39231 0
    endloop
  endfacet
  facet normal -0 0 -1
    outer loop
      vertex 49.7096 6.45458 0
      vertex 48.3409 6.45305 0
      vertex 48.3297 6.55393 0
    endloop
  endfacet
  facet normal 0 0 -1
    outer loop
      vertex 48.6315 7.39231 0
      vertex 48.4636 7.21338 0
      vertex 48.5696 7.34149 0
    endloop
  endfacet
  facet normal -0 0 -1
    outer loop
      vertex 49.7208 6.5548 0
      vertex 48.3297 6.55393 0
      vertex 48.326 6.66182 0
    endloop
  endfacet
  facet normal 0 0 -1
    outer loop
      vertex 48.7719 7.4662 0
      vertex 48.4636 7.21338 0
      vertex 48.6989 7.43387 0
    endloop
  endfacet
  facet normal 0 1 -0
    outer loop
      vertex 67 37 0
      vertex 5 37 2.2
      vertex 67 37 2.2
    endloop
  endfacet
  facet normal 0 1 0
    outer loop
      vertex 5 37 2.2
      vertex 67 37 0
      vertex 5 37 0
    endloop
  endfacet
  facet normal -1 0 0
    outer loop
      vertex 0 5 0
      vertex 0 32 2.2
      vertex 0 32 0
    endloop
  endfacet
  facet normal -1 -0 0
    outer loop
      vertex 0 32 2.2
      vertex 0 5 0
      vertex 0 5 2.2
    endloop
  endfacet
  facet normal 0.707107 -0.707107 0
    outer loop
      vertex 67 0 2.2
      vertex 72 5 0
      vertex 72 5 2.2
    endloop
  endfacet
  facet normal 0.707107 -0.707107 0
    outer loop
      vertex 72 5 0
      vertex 67 0 2.2
      vertex 67 0 0
    endloop
  endfacet
  facet normal 0 0 1
    outer loop
      vertex 69.75 31.75 4.6
      vertex 68.55 31.75 4.6
      vertex 69.75 5.25 4.6
    endloop
  endfacet
  facet normal 0 0 1
    outer loop
      vertex 66.75 34.75 4.6
      vertex 68.55 31.75 4.6
      vertex 69.75 31.75 4.6
    endloop
  endfacet
  facet normal 0 0 1
    outer loop
      vertex 66.75 34.75 4.6
      vertex 66.75 33.55 4.6
      vertex 68.55 31.75 4.6
    endloop
  endfacet
  facet normal -0 0 1
    outer loop
      vertex 5.25 34.75 4.6
      vertex 66.75 33.55 4.6
      vertex 66.75 34.75 4.6
    endloop
  endfacet
  facet normal 0 0 1
    outer loop
      vertex 5.25 34.75 4.6
      vertex 5.24998 33.55 4.6
      vertex 66.75 33.55 4.6
    endloop
  endfacet
  facet normal 0 0 1
    outer loop
      vertex 5.25 34.75 4.6
      vertex 3.45 31.75 4.6
      vertex 5.24998 33.55 4.6
    endloop
  endfacet
  facet normal 0 0 1
    outer loop
      vertex 3.45 31.75 4.6
      vertex 2.25 31.75 4.6
      vertex 3.45 5.24998 4.6
    endloop
  endfacet
  facet normal 0 0 1
    outer loop
      vertex 2.25 31.75 4.6
      vertex 3.45 31.75 4.6
      vertex 5.25 34.75 4.6
    endloop
  endfacet
  facet normal 0 0 1
    outer loop
      vertex 68.55 5.24998 4.6
      vertex 69.75 5.25 4.6
      vertex 68.55 31.75 4.6
    endloop
  endfacet
  facet normal -0 0 1
    outer loop
      vertex 68.55 5.24998 4.6
      vertex 66.75 2.25 4.6
      vertex 69.75 5.25 4.6
    endloop
  endfacet
  facet normal -0 0 1
    outer loop
      vertex 66.75 3.45 4.6
      vertex 66.75 2.25 4.6
      vertex 68.55 5.24998 4.6
    endloop
  endfacet
  facet normal 0 0 1
    outer loop
      vertex 66.75 3.45 4.6
      vertex 5.25 2.25 4.6
      vertex 66.75 2.25 4.6
    endloop
  endfacet
  facet normal -0 0 1
    outer loop
      vertex 5.24998 3.45 4.6
      vertex 5.25 2.25 4.6
      vertex 66.75 3.45 4.6
    endloop
  endfacet
  facet normal 0 0 1
    outer loop
      vertex 3.45 5.24998 4.6
      vertex 5.25 2.25 4.6
      vertex 5.24998 3.45 4.6
    endloop
  endfacet
  facet normal 0 0 1
    outer loop
      vertex 3.45 5.24998 4.6
      vertex 2.25 5.25 4.6
      vertex 5.25 2.25 4.6
    endloop
  endfacet
  facet normal -0 0 1
    outer loop
      vertex 2.25 5.25 4.6
      vertex 3.45 5.24998 4.6
      vertex 2.25 31.75 4.6
    endloop
  endfacet
  facet normal 1 -0 0
    outer loop
      vertex 69.75 5.25 4.6
      vertex 69.75 31.75 2.2
      vertex 69.75 31.75 4.6
    endloop
  endfacet
  facet normal 1 0 0
    outer loop
      vertex 69.75 31.75 2.2
      vertex 69.75 5.25 4.6
      vertex 69.75 5.25 2.2
    endloop
  endfacet
  facet normal 0.707107 0.707107 0
    outer loop
      vertex 69.75 31.75 4.6
      vertex 66.75 34.75 2.2
      vertex 66.75 34.75 4.6
    endloop
  endfacet
  facet normal 0.707107 0.707107 0
    outer loop
      vertex 66.75 34.75 2.2
      vertex 69.75 31.75 4.6
      vertex 69.75 31.75 2.2
    endloop
  endfacet
  facet normal 0 1 -0
    outer loop
      vertex 66.75 34.75 2.2
      vertex 5.25 34.75 4.6
      vertex 66.75 34.75 4.6
    endloop
  endfacet
  facet normal 0 1 0
    outer loop
      vertex 5.25 34.75 4.6
      vertex 66.75 34.75 2.2
      vertex 5.25 34.75 2.2
    endloop
  endfacet
  facet normal -0.707107 0.707107 0
    outer loop
      vertex 2.25 31.75 2.2
      vertex 5.25 34.75 4.6
      vertex 5.25 34.75 2.2
    endloop
  endfacet
  facet normal -0.707107 0.707107 0
    outer loop
      vertex 5.25 34.75 4.6
      vertex 2.25 31.75 2.2
      vertex 2.25 31.75 4.6
    endloop
  endfacet
  facet normal -1 0 0
    outer loop
      vertex 2.25 5.25 2.2
      vertex 2.25 31.75 4.6
      vertex 2.25 31.75 2.2
    endloop
  endfacet
  facet normal -1 -0 0
    outer loop
      vertex 2.25 31.75 4.6
      vertex 2.25 5.25 2.2
      vertex 2.25 5.25 4.6
    endloop
  endfacet
  facet normal -0.707107 -0.707107 0
    outer loop
      vertex 5.25 2.25 2.2
      vertex 2.25 5.25 4.6
      vertex 2.25 5.25 2.2
    endloop
  endfacet
  facet normal -0.707107 -0.707107 0
    outer loop
      vertex 2.25 5.25 4.6
      vertex 5.25 2.25 2.2
      vertex 5.25 2.25 4.6
    endloop
  endfacet
  facet normal 0 -1 0
    outer loop
      vertex 5.25 2.25 2.2
      vertex 66.75 2.25 4.6
      vertex 5.25 2.25 4.6
    endloop
  endfacet
  facet normal 0 -1 -0
    outer loop
      vertex 66.75 2.25 4.6
      vertex 5.25 2.25 2.2
      vertex 66.75 2.25 2.2
    endloop
  endfacet
  facet normal 0.707107 -0.707107 0
    outer loop
      vertex 66.75 2.25 4.6
      vertex 69.75 5.25 2.2
      vertex 69.75 5.25 4.6
    endloop
  endfacet
  facet normal 0.707107 -0.707107 0
    outer loop
      vertex 69.75 5.25 2.2
      vertex 66.75 2.25 4.6
      vertex 66.75 2.25 2.2
    endloop
  endfacet
  facet normal 0.707107 0.707107 0
    outer loop
      vertex 5.24998 3.45 4.6
      vertex 3.45 5.24998 2.2
      vertex 3.45 5.24998 4.6
    endloop
  endfacet
  facet normal 0.707107 0.707107 0
    outer loop
      vertex 3.45 5.24998 2.2
      vertex 5.24998 3.45 4.6
      vertex 5.24998 3.45 2.2
    endloop
  endfacet
  facet normal 1 -0 0
    outer loop
      vertex 3.45 5.24998 4.6
      vertex 3.45 31.75 2.2
      vertex 3.45 31.75 4.6
    endloop
  endfacet
  facet normal 1 0 0
    outer loop
      vertex 3.45 31.75 2.2
      vertex 3.45 5.24998 4.6
      vertex 3.45 5.24998 2.2
    endloop
  endfacet
  facet normal 0.707111 -0.707103 0
    outer loop
      vertex 3.45 31.75 4.6
      vertex 5.24998 33.55 2.2
      vertex 5.24998 33.55 4.6
    endloop
  endfacet
  facet normal 0.707111 -0.707103 0
    outer loop
      vertex 5.24998 33.55 2.2
      vertex 3.45 31.75 4.6
      vertex 3.45 31.75 2.2
    endloop
  endfacet
  facet normal 0 -1 0
    outer loop
      vertex 5.24998 33.55 2.2
      vertex 66.75 33.55 4.6
      vertex 5.24998 33.55 4.6
    endloop
  endfacet
  facet normal 0 -1 -0
    outer loop
      vertex 66.75 33.55 4.6
      vertex 5.24998 33.55 2.2
      vertex 66.75 33.55 2.2
    endloop
  endfacet
  facet normal -0.707107 -0.707107 0
    outer loop
      vertex 68.55 31.75 2.2
      vertex 66.75 33.55 4.6
      vertex 66.75 33.55 2.2
    endloop
  endfacet
  facet normal -0.707107 -0.707107 0
    outer loop
      vertex 66.75 33.55 4.6
      vertex 68.55 31.75 2.2
      vertex 68.55 31.75 4.6
    endloop
  endfacet
  facet normal -1 0 0
    outer loop
      vertex 68.55 5.24998 2.2
      vertex 68.55 31.75 4.6
      vertex 68.55 31.75 2.2
    endloop
  endfacet
  facet normal -1 -0 0
    outer loop
      vertex 68.55 31.75 4.6
      vertex 68.55 5.24998 2.2
      vertex 68.55 5.24998 4.6
    endloop
  endfacet
  facet normal -0.707103 0.707111 0
    outer loop
      vertex 68.55 5.24998 2.2
      vertex 66.75 3.45 4.6
      vertex 68.55 5.24998 4.6
    endloop
  endfacet
  facet normal -0.707103 0.707111 0
    outer loop
      vertex 66.75 3.45 4.6
      vertex 68.55 5.24998 2.2
      vertex 66.75 3.45 2.2
    endloop
  endfacet
  facet normal 0 1 -0
    outer loop
      vertex 66.75 3.45 2.2
      vertex 5.24998 3.45 4.6
      vertex 66.75 3.45 4.6
    endloop
  endfacet
  facet normal 0 1 0
    outer loop
      vertex 5.24998 3.45 4.6
      vertex 66.75 3.45 2.2
      vertex 5.24998 3.45 2.2
    endloop
  endfacet
  facet normal -0.659355 -0.751832 0
    outer loop
      vertex 7.8827 8.15036 0
      vertex 8.0253 8.0253 2.2
      vertex 7.8827 8.15036 2.2
    endloop
  endfacet
  facet normal -0.659355 -0.751832 -0
    outer loop
      vertex 8.0253 8.0253 2.2
      vertex 7.8827 8.15036 0
      vertex 8.0253 8.0253 0
    endloop
  endfacet
  facet normal -0.946924 0.321458 0
    outer loop
      vertex 8.33962 6.44511 0
      vertex 8.40059 6.62471 2.2
      vertex 8.40059 6.62471 0
    endloop
  endfacet
  facet normal -0.946924 0.321458 0
    outer loop
      vertex 8.40059 6.62471 2.2
      vertex 8.33962 6.44511 0
      vertex 8.33962 6.44511 2.2
    endloop
  endfacet
  facet normal -0.659325 0.751858 0
    outer loop
      vertex 8.0253 5.97469 0
      vertex 7.8827 5.84964 2.2
      vertex 8.0253 5.97469 2.2
    endloop
  endfacet
  facet normal -0.659325 0.751858 0
    outer loop
      vertex 7.8827 5.84964 2.2
      vertex 8.0253 5.97469 0
      vertex 7.8827 5.84964 0
    endloop
  endfacet
  facet normal 0.997861 0.0653782 0
    outer loop
      vertex 5.5624 6.81074 2.2
      vertex 5.55 7 0
      vertex 5.55 7 2.2
    endloop
  endfacet
  facet normal 0.997861 0.0653782 0
    outer loop
      vertex 5.55 7 0
      vertex 5.5624 6.81074 2.2
      vertex 5.5624 6.81074 0
    endloop
  endfacet
  facet normal 0.321458 -0.946924 0
    outer loop
      vertex 6.44511 8.33962 0
      vertex 6.62471 8.40059 2.2
      vertex 6.44511 8.33962 2.2
    endloop
  endfacet
  facet normal 0.321458 -0.946924 0
    outer loop
      vertex 6.62471 8.40059 2.2
      vertex 6.44511 8.33962 0
      vertex 6.62471 8.40059 0
    endloop
  endfacet
  facet normal 0.659299 0.751881 -0
    outer loop
      vertex 6.1173 5.84964 0
      vertex 5.97469 5.97469 2.2
      vertex 6.1173 5.84964 2.2
    endloop
  endfacet
  facet normal 0.659299 0.751881 0
    outer loop
      vertex 5.97469 5.97469 2.2
      vertex 6.1173 5.84964 0
      vertex 5.97469 5.97469 0
    endloop
  endfacet
  facet normal -0.997857 -0.0654307 0
    outer loop
      vertex 8.45 7 0
      vertex 8.43759 7.18926 2.2
      vertex 8.43759 7.18926 0
    endloop
  endfacet
  facet normal -0.997857 -0.0654307 0
    outer loop
      vertex 8.43759 7.18926 2.2
      vertex 8.45 7 0
      vertex 8.45 7 2.2
    endloop
  endfacet
  facet normal 0.751858 -0.659325 0
    outer loop
      vertex 5.84964 7.8827 2.2
      vertex 5.97469 8.0253 0
      vertex 5.97469 8.0253 2.2
    endloop
  endfacet
  facet normal 0.751858 -0.659325 0
    outer loop
      vertex 5.97469 8.0253 0
      vertex 5.84964 7.8827 2.2
      vertex 5.84964 7.8827 0
    endloop
  endfacet
  facet normal -0.83145 -0.5556 0
    outer loop
      vertex 8.25574 7.725 0
      vertex 8.15036 7.8827 2.2
      vertex 8.15036 7.8827 0
    endloop
  endfacet
  facet normal -0.83145 -0.5556 0
    outer loop
      vertex 8.15036 7.8827 2.2
      vertex 8.25574 7.725 0
      vertex 8.25574 7.725 2.2
    endloop
  endfacet
  facet normal -0.980789 -0.195072 0
    outer loop
      vertex 8.43759 7.18926 0
      vertex 8.40059 7.37529 2.2
      vertex 8.40059 7.37529 0
    endloop
  endfacet
  facet normal -0.980789 -0.195072 0
    outer loop
      vertex 8.40059 7.37529 2.2
      vertex 8.43759 7.18926 0
      vertex 8.43759 7.18926 2.2
    endloop
  endfacet
  facet normal 0.980779 0.195122 0
    outer loop
      vertex 5.59941 6.62471 2.2
      vertex 5.5624 6.81074 0
      vertex 5.5624 6.81074 2.2
    endloop
  endfacet
  facet normal 0.980779 0.195122 0
    outer loop
      vertex 5.5624 6.81074 0
      vertex 5.59941 6.62471 2.2
      vertex 5.59941 6.62471 0
    endloop
  endfacet
  facet normal 0.442251 -0.896891 0
    outer loop
      vertex 6.275 8.25574 0
      vertex 6.44511 8.33962 2.2
      vertex 6.275 8.25574 2.2
    endloop
  endfacet
  facet normal 0.442251 -0.896891 0
    outer loop
      vertex 6.44511 8.33962 2.2
      vertex 6.275 8.25574 0
      vertex 6.44511 8.33962 0
    endloop
  endfacet
  facet normal -0.5556 -0.83145 0
    outer loop
      vertex 7.725 8.25574 0
      vertex 7.8827 8.15036 2.2
      vertex 7.725 8.25574 2.2
    endloop
  endfacet
  facet normal -0.5556 -0.83145 -0
    outer loop
      vertex 7.8827 8.15036 2.2
      vertex 7.725 8.25574 0
      vertex 7.8827 8.15036 0
    endloop
  endfacet
  facet normal 0.195072 -0.980789 0
    outer loop
      vertex 6.62471 8.40059 0
      vertex 6.81074 8.43759 2.2
      vertex 6.62471 8.40059 2.2
    endloop
  endfacet
  facet normal 0.195072 -0.980789 0
    outer loop
      vertex 6.81074 8.43759 2.2
      vertex 6.62471 8.40059 0
      vertex 6.81074 8.43759 0
    endloop
  endfacet
  facet normal -0.751832 -0.659355 0
    outer loop
      vertex 8.15036 7.8827 0
      vertex 8.0253 8.0253 2.2
      vertex 8.0253 8.0253 0
    endloop
  endfacet
  facet normal -0.751832 -0.659355 0
    outer loop
      vertex 8.0253 8.0253 2.2
      vertex 8.15036 7.8827 0
      vertex 8.15036 7.8827 2.2
    endloop
  endfacet
  facet normal -0.896891 0.442251 0
    outer loop
      vertex 8.25574 6.275 0
      vertex 8.33962 6.44511 2.2
      vertex 8.33962 6.44511 0
    endloop
  endfacet
  facet normal -0.896891 0.442251 0
    outer loop
      vertex 8.33962 6.44511 2.2
      vertex 8.25574 6.275 0
      vertex 8.25574 6.275 2.2
    endloop
  endfacet
  facet normal -0.83145 0.5556 0
    outer loop
      vertex 8.15036 6.1173 0
      vertex 8.25574 6.275 2.2
      vertex 8.25574 6.275 0
    endloop
  endfacet
  facet normal -0.83145 0.5556 0
    outer loop
      vertex 8.25574 6.275 2.2
      vertex 8.15036 6.1173 0
      vertex 8.15036 6.1173 2.2
    endloop
  endfacet
  facet normal -0.997857 0.0654307 0
    outer loop
      vertex 8.43759 6.81074 0
      vertex 8.45 7 2.2
      vertex 8.45 7 0
    endloop
  endfacet
  facet normal -0.997857 0.0654307 0
    outer loop
      vertex 8.45 7 2.2
      vertex 8.43759 6.81074 0
      vertex 8.43759 6.81074 2.2
    endloop
  endfacet
  facet normal -0.442293 0.896871 0
    outer loop
      vertex 7.725 5.74426 0
      vertex 7.55489 5.66037 2.2
      vertex 7.725 5.74426 2.2
    endloop
  endfacet
  facet normal -0.442293 0.896871 0
    outer loop
      vertex 7.55489 5.66037 2.2
      vertex 7.725 5.74426 0
      vertex 7.55489 5.66037 0
    endloop
  endfacet
  facet normal 0.997861 -0.0653782 0
    outer loop
      vertex 5.55 7 2.2
      vertex 5.5624 7.18926 0
      vertex 5.5624 7.18926 2.2
    endloop
  endfacet
  facet normal 0.997861 -0.0653782 0
    outer loop
      vertex 5.5624 7.18926 0
      vertex 5.55 7 2.2
      vertex 5.55 7 0
    endloop
  endfacet
  facet normal 0.0654307 -0.997857 0
    outer loop
      vertex 6.81074 8.43759 0
      vertex 7 8.45 2.2
      vertex 6.81074 8.43759 2.2
    endloop
  endfacet
  facet normal 0.0654307 -0.997857 0
    outer loop
      vertex 7 8.45 2.2
      vertex 6.81074 8.43759 0
      vertex 7 8.45 0
    endloop
  endfacet
  facet normal -0.5556 0.83145 0
    outer loop
      vertex 7.8827 5.84964 0
      vertex 7.725 5.74426 2.2
      vertex 7.8827 5.84964 2.2
    endloop
  endfacet
  facet normal -0.5556 0.83145 0
    outer loop
      vertex 7.725 5.74426 2.2
      vertex 7.8827 5.84964 0
      vertex 7.725 5.74426 0
    endloop
  endfacet
  facet normal -0.321458 -0.946924 0
    outer loop
      vertex 7.37529 8.40059 0
      vertex 7.55489 8.33962 2.2
      vertex 7.37529 8.40059 2.2
    endloop
  endfacet
  facet normal -0.321458 -0.946924 -0
    outer loop
      vertex 7.55489 8.33962 2.2
      vertex 7.37529 8.40059 0
      vertex 7.55489 8.33962 0
    endloop
  endfacet
  facet normal -0.0654307 -0.997857 0
    outer loop
      vertex 7 8.45 0
      vertex 7.18926 8.43759 2.2
      vertex 7 8.45 2.2
    endloop
  endfacet
  facet normal -0.0654307 -0.997857 -0
    outer loop
      vertex 7.18926 8.43759 2.2
      vertex 7 8.45 0
      vertex 7.18926 8.43759 0
    endloop
  endfacet
  facet normal -0.442251 -0.896891 0
    outer loop
      vertex 7.55489 8.33962 0
      vertex 7.725 8.25574 2.2
      vertex 7.55489 8.33962 2.2
    endloop
  endfacet
  facet normal -0.442251 -0.896891 -0
    outer loop
      vertex 7.725 8.25574 2.2
      vertex 7.55489 8.33962 0
      vertex 7.725 8.25574 0
    endloop
  endfacet
  facet normal 0.896871 0.442293 0
    outer loop
      vertex 5.74426 6.275 2.2
      vertex 5.66037 6.44511 0
      vertex 5.66037 6.44511 2.2
    endloop
  endfacet
  facet normal 0.896871 0.442293 0
    outer loop
      vertex 5.66037 6.44511 0
      vertex 5.74426 6.275 2.2
      vertex 5.74426 6.275 0
    endloop
  endfacet
  facet normal -0.195122 0.980779 0
    outer loop
      vertex 7.37529 5.59941 0
      vertex 7.18926 5.5624 2.2
      vertex 7.37529 5.59941 2.2
    endloop
  endfacet
  facet normal -0.195122 0.980779 0
    outer loop
      vertex 7.18926 5.5624 2.2
      vertex 7.37529 5.59941 0
      vertex 7.18926 5.5624 0
    endloop
  endfacet
  facet normal -0.195072 -0.980789 0
    outer loop
      vertex 7.18926 8.43759 0
      vertex 7.37529 8.40059 2.2
      vertex 7.18926 8.43759 2.2
    endloop
  endfacet
  facet normal -0.195072 -0.980789 -0
    outer loop
      vertex 7.37529 8.40059 2.2
      vertex 7.18926 8.43759 0
      vertex 7.37529 8.40059 0
    endloop
  endfacet
  facet normal -0.321411 0.94694 0
    outer loop
      vertex 7.55489 5.66037 0
      vertex 7.37529 5.59941 2.2
      vertex 7.55489 5.66037 2.2
    endloop
  endfacet
  facet normal -0.321411 0.94694 0
    outer loop
      vertex 7.37529 5.59941 2.2
      vertex 7.55489 5.66037 0
      vertex 7.37529 5.59941 0
    endloop
  endfacet
  facet normal -0.980789 0.195072 0
    outer loop
      vertex 8.40059 6.62471 0
      vertex 8.43759 6.81074 2.2
      vertex 8.43759 6.81074 0
    endloop
  endfacet
  facet normal -0.980789 0.195072 0
    outer loop
      vertex 8.43759 6.81074 2.2
      vertex 8.40059 6.62471 0
      vertex 8.40059 6.62471 2.2
    endloop
  endfacet
  facet normal -0.0653782 0.997861 0
    outer loop
      vertex 7.18926 5.5624 0
      vertex 7 5.55 2.2
      vertex 7.18926 5.5624 2.2
    endloop
  endfacet
  facet normal -0.0653782 0.997861 0
    outer loop
      vertex 7 5.55 2.2
      vertex 7.18926 5.5624 0
      vertex 7 5.55 0
    endloop
  endfacet
  facet normal 0.94694 -0.321411 0
    outer loop
      vertex 5.59941 7.37529 2.2
      vertex 5.66037 7.55489 0
      vertex 5.66037 7.55489 2.2
    endloop
  endfacet
  facet normal 0.94694 -0.321411 0
    outer loop
      vertex 5.66037 7.55489 0
      vertex 5.59941 7.37529 2.2
      vertex 5.59941 7.37529 0
    endloop
  endfacet
  facet normal -0.946924 -0.321458 0
    outer loop
      vertex 8.40059 7.37529 0
      vertex 8.33962 7.55489 2.2
      vertex 8.33962 7.55489 0
    endloop
  endfacet
  facet normal -0.946924 -0.321458 0
    outer loop
      vertex 8.33962 7.55489 2.2
      vertex 8.40059 7.37529 0
      vertex 8.40059 7.37529 2.2
    endloop
  endfacet
  facet normal 0.751881 0.659299 0
    outer loop
      vertex 5.97469 5.97469 2.2
      vertex 5.84964 6.1173 0
      vertex 5.84964 6.1173 2.2
    endloop
  endfacet
  facet normal 0.751881 0.659299 0
    outer loop
      vertex 5.84964 6.1173 0
      vertex 5.97469 5.97469 2.2
      vertex 5.97469 5.97469 0
    endloop
  endfacet
  facet normal -0.896891 -0.442251 0
    outer loop
      vertex 8.33962 7.55489 0
      vertex 8.25574 7.725 2.2
      vertex 8.25574 7.725 0
    endloop
  endfacet
  facet normal -0.896891 -0.442251 0
    outer loop
      vertex 8.25574 7.725 2.2
      vertex 8.33962 7.55489 0
      vertex 8.33962 7.55489 2.2
    endloop
  endfacet
  facet normal -0.751854 0.659329 0
    outer loop
      vertex 8.0253 5.97469 0
      vertex 8.15036 6.1173 2.2
      vertex 8.15036 6.1173 0
    endloop
  endfacet
  facet normal -0.751854 0.659329 0
    outer loop
      vertex 8.15036 6.1173 2.2
      vertex 8.0253 5.97469 0
      vertex 8.0253 5.97469 2.2
    endloop
  endfacet
  facet normal 0.659329 -0.751854 0
    outer loop
      vertex 5.97469 8.0253 0
      vertex 6.1173 8.15036 2.2
      vertex 5.97469 8.0253 2.2
    endloop
  endfacet
  facet normal 0.659329 -0.751854 0
    outer loop
      vertex 6.1173 8.15036 2.2
      vertex 5.97469 8.0253 0
      vertex 6.1173 8.15036 0
    endloop
  endfacet
  facet normal 0.83145 0.5556 0
    outer loop
      vertex 5.84964 6.1173 2.2
      vertex 5.74426 6.275 0
      vertex 5.74426 6.275 2.2
    endloop
  endfacet
  facet normal 0.83145 0.5556 0
    outer loop
      vertex 5.74426 6.275 0
      vertex 5.84964 6.1173 2.2
      vertex 5.84964 6.1173 0
    endloop
  endfacet
  facet normal 0.0653782 0.997861 -0
    outer loop
      vertex 7 5.55 0
      vertex 6.81074 5.5624 2.2
      vertex 7 5.55 2.2
    endloop
  endfacet
  facet normal 0.0653782 0.997861 0
    outer loop
      vertex 6.81074 5.5624 2.2
      vertex 7 5.55 0
      vertex 6.81074 5.5624 0
    endloop
  endfacet
  facet normal 0.980779 -0.195122 0
    outer loop
      vertex 5.5624 7.18926 2.2
      vertex 5.59941 7.37529 0
      vertex 5.59941 7.37529 2.2
    endloop
  endfacet
  facet normal 0.980779 -0.195122 0
    outer loop
      vertex 5.59941 7.37529 0
      vertex 5.5624 7.18926 2.2
      vertex 5.5624 7.18926 0
    endloop
  endfacet
  facet normal 0.94694 0.321411 0
    outer loop
      vertex 5.66037 6.44511 2.2
      vertex 5.59941 6.62471 0
      vertex 5.59941 6.62471 2.2
    endloop
  endfacet
  facet normal 0.94694 0.321411 0
    outer loop
      vertex 5.59941 6.62471 0
      vertex 5.66037 6.44511 2.2
      vertex 5.66037 6.44511 0
    endloop
  endfacet
  facet normal 0.5556 -0.83145 0
    outer loop
      vertex 6.1173 8.15036 0
      vertex 6.275 8.25574 2.2
      vertex 6.1173 8.15036 2.2
    endloop
  endfacet
  facet normal 0.5556 -0.83145 0
    outer loop
      vertex 6.275 8.25574 2.2
      vertex 6.1173 8.15036 0
      vertex 6.275 8.25574 0
    endloop
  endfacet
  facet normal 0.5556 0.83145 -0
    outer loop
      vertex 6.275 5.74426 0
      vertex 6.1173 5.84964 2.2
      vertex 6.275 5.74426 2.2
    endloop
  endfacet
  facet normal 0.5556 0.83145 0
    outer loop
      vertex 6.1173 5.84964 2.2
      vertex 6.275 5.74426 0
      vertex 6.1173 5.84964 0
    endloop
  endfacet
  facet normal 0.83145 -0.5556 0
    outer loop
      vertex 5.74426 7.725 2.2
      vertex 5.84964 7.8827 0
      vertex 5.84964 7.8827 2.2
    endloop
  endfacet
  facet normal 0.83145 -0.5556 0
    outer loop
      vertex 5.84964 7.8827 0
      vertex 5.74426 7.725 2.2
      vertex 5.74426 7.725 0
    endloop
  endfacet
  facet normal 0.442293 0.896871 -0
    outer loop
      vertex 6.44511 5.66037 0
      vertex 6.275 5.74426 2.2
      vertex 6.44511 5.66037 2.2
    endloop
  endfacet
  facet normal 0.442293 0.896871 0
    outer loop
      vertex 6.275 5.74426 2.2
      vertex 6.44511 5.66037 0
      vertex 6.275 5.74426 0
    endloop
  endfacet
  facet normal 0.896871 -0.442293 0
    outer loop
      vertex 5.66037 7.55489 2.2
      vertex 5.74426 7.725 0
      vertex 5.74426 7.725 2.2
    endloop
  endfacet
  facet normal 0.896871 -0.442293 0
    outer loop
      vertex 5.74426 7.725 0
      vertex 5.66037 7.55489 2.2
      vertex 5.66037 7.55489 0
    endloop
  endfacet
  facet normal 0.195122 0.980779 -0
    outer loop
      vertex 6.81074 5.5624 0
      vertex 6.62471 5.59941 2.2
      vertex 6.81074 5.5624 2.2
    endloop
  endfacet
  facet normal 0.195122 0.980779 0
    outer loop
      vertex 6.62471 5.59941 2.2
      vertex 6.81074 5.5624 0
      vertex 6.62471 5.59941 0
    endloop
  endfacet
  facet normal 0.321411 0.94694 -0
    outer loop
      vertex 6.62471 5.59941 0
      vertex 6.44511 5.66037 2.2
      vertex 6.62471 5.59941 2.2
    endloop
  endfacet
  facet normal 0.321411 0.94694 0
    outer loop
      vertex 6.44511 5.66037 2.2
      vertex 6.62471 5.59941 0
      vertex 6.44511 5.66037 0
    endloop
  endfacet
  facet normal -0.659355 -0.751832 0
    outer loop
      vertex 65.8827 8.15036 0
      vertex 66.0253 8.0253 2.2
      vertex 65.8827 8.15036 2.2
    endloop
  endfacet
  facet normal -0.659355 -0.751832 -0
    outer loop
      vertex 66.0253 8.0253 2.2
      vertex 65.8827 8.15036 0
      vertex 66.0253 8.0253 0
    endloop
  endfacet
  facet normal 0.442272 -0.896881 0
    outer loop
      vertex 64.275 8.25574 0
      vertex 64.4451 8.33962 2.2
      vertex 64.275 8.25574 2.2
    endloop
  endfacet
  facet normal 0.442272 -0.896881 0
    outer loop
      vertex 64.4451 8.33962 2.2
      vertex 64.275 8.25574 0
      vertex 64.4451 8.33962 0
    endloop
  endfacet
  facet normal -0.946876 -0.3216 0
    outer loop
      vertex 66.4006 7.37529 0
      vertex 66.3396 7.55489 2.2
      vertex 66.3396 7.55489 0
    endloop
  endfacet
  facet normal -0.946876 -0.3216 0
    outer loop
      vertex 66.3396 7.55489 2.2
      vertex 66.4006 7.37529 0
      vertex 66.4006 7.37529 2.2
    endloop
  endfacet
  facet normal -0.321411 0.94694 0
    outer loop
      vertex 65.5549 5.66037 0
      vertex 65.3753 5.59941 2.2
      vertex 65.5549 5.66037 2.2
    endloop
  endfacet
  facet normal -0.321411 0.94694 0
    outer loop
      vertex 65.3753 5.59941 2.2
      vertex 65.5549 5.66037 0
      vertex 65.3753 5.59941 0
    endloop
  endfacet
  facet normal 0.997861 -0.0653782 0
    outer loop
      vertex 63.55 7 2.2
      vertex 63.5624 7.18926 0
      vertex 63.5624 7.18926 2.2
    endloop
  endfacet
  facet normal 0.997861 -0.0653782 0
    outer loop
      vertex 63.5624 7.18926 0
      vertex 63.55 7 2.2
      vertex 63.55 7 0
    endloop
  endfacet
  facet normal -0.751727 -0.659474 0
    outer loop
      vertex 66.1504 7.8827 0
      vertex 66.0253 8.0253 2.2
      vertex 66.0253 8.0253 0
    endloop
  endfacet
  facet normal -0.751727 -0.659474 0
    outer loop
      vertex 66.0253 8.0253 2.2
      vertex 66.1504 7.8827 0
      vertex 66.1504 7.8827 2.2
    endloop
  endfacet
  facet normal -0.997861 -0.0653782 0
    outer loop
      vertex 66.45 7 0
      vertex 66.4376 7.18926 2.2
      vertex 66.4376 7.18926 0
    endloop
  endfacet
  facet normal -0.997861 -0.0653782 0
    outer loop
      vertex 66.4376 7.18926 2.2
      vertex 66.45 7 0
      vertex 66.45 7 2.2
    endloop
  endfacet
  facet normal -0.831644 -0.555309 0
    outer loop
      vertex 66.2557 7.725 0
      vertex 66.1504 7.8827 2.2
      vertex 66.1504 7.8827 0
    endloop
  endfacet
  facet normal -0.831644 -0.555309 0
    outer loop
      vertex 66.1504 7.8827 2.2
      vertex 66.2557 7.725 0
      vertex 66.2557 7.725 2.2
    endloop
  endfacet
  facet normal -0.442314 0.89686 0
    outer loop
      vertex 65.725 5.74426 0
      vertex 65.5549 5.66037 2.2
      vertex 65.725 5.74426 2.2
    endloop
  endfacet
  facet normal -0.442314 0.89686 0
    outer loop
      vertex 65.5549 5.66037 2.2
      vertex 65.725 5.74426 0
      vertex 65.5549 5.66037 0
    endloop
  endfacet
  facet normal 0.89685 -0.442335 0
    outer loop
      vertex 63.6604 7.55489 2.2
      vertex 63.7443 7.725 0
      vertex 63.7443 7.725 2.2
    endloop
  endfacet
  facet normal 0.89685 -0.442335 0
    outer loop
      vertex 63.7443 7.725 0
      vertex 63.6604 7.55489 2.2
      vertex 63.6604 7.55489 0
    endloop
  endfacet
  facet normal -0.980789 -0.195072 0
    outer loop
      vertex 66.4376 7.18926 0
      vertex 66.4006 7.37529 2.2
      vertex 66.4006 7.37529 0
    endloop
  endfacet
  facet normal -0.980789 -0.195072 0
    outer loop
      vertex 66.4006 7.37529 2.2
      vertex 66.4376 7.18926 0
      vertex 66.4376 7.18926 2.2
    endloop
  endfacet
  facet normal 0.0653644 0.997861 -0
    outer loop
      vertex 65 5.55 0
      vertex 64.8107 5.5624 2.2
      vertex 65 5.55 2.2
    endloop
  endfacet
  facet normal 0.0653644 0.997861 0
    outer loop
      vertex 64.8107 5.5624 2.2
      vertex 65 5.55 0
      vertex 64.8107 5.5624 0
    endloop
  endfacet
  facet normal -0.75175 0.659448 0
    outer loop
      vertex 66.0253 5.97469 0
      vertex 66.1504 6.1173 2.2
      vertex 66.1504 6.1173 0
    endloop
  endfacet
  facet normal -0.75175 0.659448 0
    outer loop
      vertex 66.1504 6.1173 2.2
      vertex 66.0253 5.97469 0
      vertex 66.0253 5.97469 2.2
    endloop
  endfacet
  facet normal -0.89685 0.442335 0
    outer loop
      vertex 66.2557 6.275 0
      vertex 66.3396 6.44511 2.2
      vertex 66.3396 6.44511 0
    endloop
  endfacet
  facet normal -0.89685 0.442335 0
    outer loop
      vertex 66.3396 6.44511 2.2
      vertex 66.2557 6.275 0
      vertex 66.2557 6.275 2.2
    endloop
  endfacet
  facet normal -0.442272 -0.896881 0
    outer loop
      vertex 65.5549 8.33962 0
      vertex 65.725 8.25574 2.2
      vertex 65.5549 8.33962 2.2
    endloop
  endfacet
  facet normal -0.442272 -0.896881 -0
    outer loop
      vertex 65.725 8.25574 2.2
      vertex 65.5549 8.33962 0
      vertex 65.725 8.25574 0
    endloop
  endfacet
  facet normal 0.75175 0.659448 0
    outer loop
      vertex 63.9747 5.97469 2.2
      vertex 63.8496 6.1173 0
      vertex 63.8496 6.1173 2.2
    endloop
  endfacet
  facet normal 0.75175 0.659448 0
    outer loop
      vertex 63.8496 6.1173 0
      vertex 63.9747 5.97469 2.2
      vertex 63.9747 5.97469 0
    endloop
  endfacet
  facet normal -0.0654169 -0.997858 0
    outer loop
      vertex 65 8.45 0
      vertex 65.1893 8.43759 2.2
      vertex 65 8.45 2.2
    endloop
  endfacet
  facet normal -0.0654169 -0.997858 -0
    outer loop
      vertex 65.1893 8.43759 2.2
      vertex 65 8.45 0
      vertex 65.1893 8.43759 0
    endloop
  endfacet
  facet normal -0.0653644 0.997861 0
    outer loop
      vertex 65.1893 5.5624 0
      vertex 65 5.55 2.2
      vertex 65.1893 5.5624 2.2
    endloop
  endfacet
  facet normal -0.0653644 0.997861 0
    outer loop
      vertex 65 5.55 2.2
      vertex 65.1893 5.5624 0
      vertex 65 5.55 0
    endloop
  endfacet
  facet normal -0.195153 0.980773 0
    outer loop
      vertex 65.3753 5.59941 0
      vertex 65.1893 5.5624 2.2
      vertex 65.3753 5.59941 2.2
    endloop
  endfacet
  facet normal -0.195153 0.980773 0
    outer loop
      vertex 65.1893 5.5624 2.2
      vertex 65.3753 5.59941 0
      vertex 65.1893 5.5624 0
    endloop
  endfacet
  facet normal 0.321458 -0.946924 0
    outer loop
      vertex 64.4451 8.33962 0
      vertex 64.6247 8.40059 2.2
      vertex 64.4451 8.33962 2.2
    endloop
  endfacet
  facet normal 0.321458 -0.946924 0
    outer loop
      vertex 64.6247 8.40059 2.2
      vertex 64.4451 8.33962 0
      vertex 64.6247 8.40059 0
    endloop
  endfacet
  facet normal 0.5556 0.83145 -0
    outer loop
      vertex 64.275 5.74426 0
      vertex 64.1173 5.84964 2.2
      vertex 64.275 5.74426 2.2
    endloop
  endfacet
  facet normal 0.5556 0.83145 0
    outer loop
      vertex 64.1173 5.84964 2.2
      vertex 64.275 5.74426 0
      vertex 64.1173 5.84964 0
    endloop
  endfacet
  facet normal 0.980789 -0.195072 0
    outer loop
      vertex 63.5624 7.18926 2.2
      vertex 63.5994 7.37529 0
      vertex 63.5994 7.37529 2.2
    endloop
  endfacet
  facet normal 0.980789 -0.195072 0
    outer loop
      vertex 63.5994 7.37529 0
      vertex 63.5624 7.18926 2.2
      vertex 63.5624 7.18926 0
    endloop
  endfacet
  facet normal 0.195102 -0.980783 0
    outer loop
      vertex 64.6247 8.40059 0
      vertex 64.8107 8.43759 2.2
      vertex 64.6247 8.40059 2.2
    endloop
  endfacet
  facet normal 0.195102 -0.980783 0
    outer loop
      vertex 64.8107 8.43759 2.2
      vertex 64.6247 8.40059 0
      vertex 64.8107 8.43759 0
    endloop
  endfacet
  facet normal 0.89685 0.442335 0
    outer loop
      vertex 63.7443 6.275 2.2
      vertex 63.6604 6.44511 0
      vertex 63.6604 6.44511 2.2
    endloop
  endfacet
  facet normal 0.89685 0.442335 0
    outer loop
      vertex 63.6604 6.44511 0
      vertex 63.7443 6.275 2.2
      vertex 63.7443 6.275 0
    endloop
  endfacet
  facet normal -0.5556 -0.83145 0
    outer loop
      vertex 65.725 8.25574 0
      vertex 65.8827 8.15036 2.2
      vertex 65.725 8.25574 2.2
    endloop
  endfacet
  facet normal -0.5556 -0.83145 -0
    outer loop
      vertex 65.8827 8.15036 2.2
      vertex 65.725 8.25574 0
      vertex 65.8827 8.15036 0
    endloop
  endfacet
  facet normal 0.751727 -0.659474 0
    outer loop
      vertex 63.8496 7.8827 2.2
      vertex 63.9747 8.0253 0
      vertex 63.9747 8.0253 2.2
    endloop
  endfacet
  facet normal 0.751727 -0.659474 0
    outer loop
      vertex 63.9747 8.0253 0
      vertex 63.8496 7.8827 2.2
      vertex 63.8496 7.8827 0
    endloop
  endfacet
  facet normal -0.980789 0.195072 0
    outer loop
      vertex 66.4006 6.62471 0
      vertex 66.4376 6.81074 2.2
      vertex 66.4376 6.81074 0
    endloop
  endfacet
  facet normal -0.980789 0.195072 0
    outer loop
      vertex 66.4376 6.81074 2.2
      vertex 66.4006 6.62471 0
      vertex 66.4006 6.62471 2.2
    endloop
  endfacet
  facet normal -0.997861 0.0653782 0
    outer loop
      vertex 66.4376 6.81074 0
      vertex 66.45 7 2.2
      vertex 66.45 7 0
    endloop
  endfacet
  facet normal -0.997861 0.0653782 0
    outer loop
      vertex 66.45 7 2.2
      vertex 66.4376 6.81074 0
      vertex 66.4376 6.81074 2.2
    endloop
  endfacet
  facet normal 0.442314 0.89686 -0
    outer loop
      vertex 64.4451 5.66037 0
      vertex 64.275 5.74426 2.2
      vertex 64.4451 5.66037 2.2
    endloop
  endfacet
  facet normal 0.442314 0.89686 0
    outer loop
      vertex 64.275 5.74426 2.2
      vertex 64.4451 5.66037 0
      vertex 64.275 5.74426 0
    endloop
  endfacet
  facet normal -0.946876 0.3216 0
    outer loop
      vertex 66.3396 6.44511 0
      vertex 66.4006 6.62471 2.2
      vertex 66.4006 6.62471 0
    endloop
  endfacet
  facet normal -0.946876 0.3216 0
    outer loop
      vertex 66.4006 6.62471 2.2
      vertex 66.3396 6.44511 0
      vertex 66.3396 6.44511 2.2
    endloop
  endfacet
  facet normal 0.997861 0.0653782 0
    outer loop
      vertex 63.5624 6.81074 2.2
      vertex 63.55 7 0
      vertex 63.55 7 2.2
    endloop
  endfacet
  facet normal 0.997861 0.0653782 0
    outer loop
      vertex 63.55 7 0
      vertex 63.5624 6.81074 2.2
      vertex 63.5624 6.81074 0
    endloop
  endfacet
  facet normal 0.831644 0.555309 0
    outer loop
      vertex 63.8496 6.1173 2.2
      vertex 63.7443 6.275 0
      vertex 63.7443 6.275 2.2
    endloop
  endfacet
  facet normal 0.831644 0.555309 0
    outer loop
      vertex 63.7443 6.275 0
      vertex 63.8496 6.1173 2.2
      vertex 63.8496 6.1173 0
    endloop
  endfacet
  facet normal 0.321411 0.94694 -0
    outer loop
      vertex 64.6247 5.59941 0
      vertex 64.4451 5.66037 2.2
      vertex 64.6247 5.59941 2.2
    endloop
  endfacet
  facet normal 0.321411 0.94694 0
    outer loop
      vertex 64.4451 5.66037 2.2
      vertex 64.6247 5.59941 0
      vertex 64.4451 5.66037 0
    endloop
  endfacet
  facet normal -0.659325 0.751858 0
    outer loop
      vertex 66.0253 5.97469 0
      vertex 65.8827 5.84964 2.2
      vertex 66.0253 5.97469 2.2
    endloop
  endfacet
  facet normal -0.659325 0.751858 0
    outer loop
      vertex 65.8827 5.84964 2.2
      vertex 66.0253 5.97469 0
      vertex 65.8827 5.84964 0
    endloop
  endfacet
  facet normal -0.321458 -0.946924 0
    outer loop
      vertex 65.3753 8.40059 0
      vertex 65.5549 8.33962 2.2
      vertex 65.3753 8.40059 2.2
    endloop
  endfacet
  facet normal -0.321458 -0.946924 -0
    outer loop
      vertex 65.5549 8.33962 2.2
      vertex 65.3753 8.40059 0
      vertex 65.5549 8.33962 0
    endloop
  endfacet
  facet normal 0.0654169 -0.997858 0
    outer loop
      vertex 64.8107 8.43759 0
      vertex 65 8.45 2.2
      vertex 64.8107 8.43759 2.2
    endloop
  endfacet
  facet normal 0.0654169 -0.997858 0
    outer loop
      vertex 65 8.45 2.2
      vertex 64.8107 8.43759 0
      vertex 65 8.45 0
    endloop
  endfacet
  facet normal -0.831644 0.555309 0
    outer loop
      vertex 66.1504 6.1173 0
      vertex 66.2557 6.275 2.2
      vertex 66.2557 6.275 0
    endloop
  endfacet
  facet normal -0.831644 0.555309 0
    outer loop
      vertex 66.2557 6.275 2.2
      vertex 66.1504 6.1173 0
      vertex 66.1504 6.1173 2.2
    endloop
  endfacet
  facet normal -0.89685 -0.442335 0
    outer loop
      vertex 66.3396 7.55489 0
      vertex 66.2557 7.725 2.2
      vertex 66.2557 7.725 0
    endloop
  endfacet
  facet normal -0.89685 -0.442335 0
    outer loop
      vertex 66.2557 7.725 2.2
      vertex 66.3396 7.55489 0
      vertex 66.3396 7.55489 2.2
    endloop
  endfacet
  facet normal 0.946876 0.3216 0
    outer loop
      vertex 63.6604 6.44511 2.2
      vertex 63.5994 6.62471 0
      vertex 63.5994 6.62471 2.2
    endloop
  endfacet
  facet normal 0.946876 0.3216 0
    outer loop
      vertex 63.5994 6.62471 0
      vertex 63.6604 6.44511 2.2
      vertex 63.6604 6.44511 0
    endloop
  endfacet
  facet normal 0.980789 0.195072 0
    outer loop
      vertex 63.5994 6.62471 2.2
      vertex 63.5624 6.81074 0
      vertex 63.5624 6.81074 2.2
    endloop
  endfacet
  facet normal 0.980789 0.195072 0
    outer loop
      vertex 63.5624 6.81074 0
      vertex 63.5994 6.62471 2.2
      vertex 63.5994 6.62471 0
    endloop
  endfacet
  facet normal 0.946876 -0.3216 0
    outer loop
      vertex 63.5994 7.37529 2.2
      vertex 63.6604 7.55489 0
      vertex 63.6604 7.55489 2.2
    endloop
  endfacet
  facet normal 0.946876 -0.3216 0
    outer loop
      vertex 63.6604 7.55489 0
      vertex 63.5994 7.37529 2.2
      vertex 63.5994 7.37529 0
    endloop
  endfacet
  facet normal 0.659325 0.751858 -0
    outer loop
      vertex 64.1173 5.84964 0
      vertex 63.9747 5.97469 2.2
      vertex 64.1173 5.84964 2.2
    endloop
  endfacet
  facet normal 0.659325 0.751858 0
    outer loop
      vertex 63.9747 5.97469 2.2
      vertex 64.1173 5.84964 0
      vertex 63.9747 5.97469 0
    endloop
  endfacet
  facet normal -0.5556 0.83145 0
    outer loop
      vertex 65.8827 5.84964 0
      vertex 65.725 5.74426 2.2
      vertex 65.8827 5.84964 2.2
    endloop
  endfacet
  facet normal -0.5556 0.83145 0
    outer loop
      vertex 65.725 5.74426 2.2
      vertex 65.8827 5.84964 0
      vertex 65.725 5.74426 0
    endloop
  endfacet
  facet normal 0.5556 -0.83145 0
    outer loop
      vertex 64.1173 8.15036 0
      vertex 64.275 8.25574 2.2
      vertex 64.1173 8.15036 2.2
    endloop
  endfacet
  facet normal 0.5556 -0.83145 0
    outer loop
      vertex 64.275 8.25574 2.2
      vertex 64.1173 8.15036 0
      vertex 64.275 8.25574 0
    endloop
  endfacet
  facet normal 0.659355 -0.751832 0
    outer loop
      vertex 63.9747 8.0253 0
      vertex 64.1173 8.15036 2.2
      vertex 63.9747 8.0253 2.2
    endloop
  endfacet
  facet normal 0.659355 -0.751832 0
    outer loop
      vertex 64.1173 8.15036 2.2
      vertex 63.9747 8.0253 0
      vertex 64.1173 8.15036 0
    endloop
  endfacet
  facet normal 0.831644 -0.555309 0
    outer loop
      vertex 63.7443 7.725 2.2
      vertex 63.8496 7.8827 0
      vertex 63.8496 7.8827 2.2
    endloop
  endfacet
  facet normal 0.831644 -0.555309 0
    outer loop
      vertex 63.8496 7.8827 0
      vertex 63.7443 7.725 2.2
      vertex 63.7443 7.725 0
    endloop
  endfacet
  facet normal 0.195153 0.980773 -0
    outer loop
      vertex 64.8107 5.5624 0
      vertex 64.6247 5.59941 2.2
      vertex 64.8107 5.5624 2.2
    endloop
  endfacet
  facet normal 0.195153 0.980773 0
    outer loop
      vertex 64.6247 5.59941 2.2
      vertex 64.8107 5.5624 0
      vertex 64.6247 5.59941 0
    endloop
  endfacet
  facet normal -0.195102 -0.980783 0
    outer loop
      vertex 65.1893 8.43759 0
      vertex 65.3753 8.40059 2.2
      vertex 65.1893 8.43759 2.2
    endloop
  endfacet
  facet normal -0.195102 -0.980783 -0
    outer loop
      vertex 65.3753 8.40059 2.2
      vertex 65.1893 8.43759 0
      vertex 65.3753 8.40059 0
    endloop
  endfacet
  facet normal -0.659474 -0.751727 0
    outer loop
      vertex 7.8827 31.1504 0
      vertex 8.0253 31.0253 2.2
      vertex 7.8827 31.1504 2.2
    endloop
  endfacet
  facet normal -0.659474 -0.751727 -0
    outer loop
      vertex 8.0253 31.0253 2.2
      vertex 7.8827 31.1504 0
      vertex 8.0253 31.0253 0
    endloop
  endfacet
  facet normal -0.946924 0.321458 0
    outer loop
      vertex 8.33962 29.4451 0
      vertex 8.40059 29.6247 2.2
      vertex 8.40059 29.6247 0
    endloop
  endfacet
  facet normal -0.946924 0.321458 0
    outer loop
      vertex 8.40059 29.6247 2.2
      vertex 8.33962 29.4451 0
      vertex 8.33962 29.4451 2.2
    endloop
  endfacet
  facet normal -0.659474 0.751727 0
    outer loop
      vertex 8.0253 28.9747 0
      vertex 7.8827 28.8496 2.2
      vertex 8.0253 28.9747 2.2
    endloop
  endfacet
  facet normal -0.659474 0.751727 0
    outer loop
      vertex 7.8827 28.8496 2.2
      vertex 8.0253 28.9747 0
      vertex 7.8827 28.8496 0
    endloop
  endfacet
  facet normal 0.997861 0.0653644 0
    outer loop
      vertex 5.5624 29.8107 2.2
      vertex 5.55 30 0
      vertex 5.55 30 2.2
    endloop
  endfacet
  facet normal 0.997861 0.0653644 0
    outer loop
      vertex 5.55 30 0
      vertex 5.5624 29.8107 2.2
      vertex 5.5624 29.8107 0
    endloop
  endfacet
  facet normal 0.3216 -0.946876 0
    outer loop
      vertex 6.44511 31.3396 0
      vertex 6.62471 31.4006 2.2
      vertex 6.44511 31.3396 2.2
    endloop
  endfacet
  facet normal 0.3216 -0.946876 0
    outer loop
      vertex 6.62471 31.4006 2.2
      vertex 6.44511 31.3396 0
      vertex 6.62471 31.4006 0
    endloop
  endfacet
  facet normal 0.659448 0.75175 -0
    outer loop
      vertex 6.1173 28.8496 0
      vertex 5.97469 28.9747 2.2
      vertex 6.1173 28.8496 2.2
    endloop
  endfacet
  facet normal 0.659448 0.75175 0
    outer loop
      vertex 5.97469 28.9747 2.2
      vertex 6.1173 28.8496 0
      vertex 5.97469 28.9747 0
    endloop
  endfacet
  facet normal -0.997858 -0.0654169 0
    outer loop
      vertex 8.45 30 0
      vertex 8.43759 30.1893 2.2
      vertex 8.43759 30.1893 0
    endloop
  endfacet
  facet normal -0.997858 -0.0654169 0
    outer loop
      vertex 8.43759 30.1893 2.2
      vertex 8.45 30 0
      vertex 8.45 30 2.2
    endloop
  endfacet
  facet normal 0.751858 -0.659325 0
    outer loop
      vertex 5.84964 30.8827 2.2
      vertex 5.97469 31.0253 0
      vertex 5.97469 31.0253 2.2
    endloop
  endfacet
  facet normal 0.751858 -0.659325 0
    outer loop
      vertex 5.97469 31.0253 0
      vertex 5.84964 30.8827 2.2
      vertex 5.84964 30.8827 0
    endloop
  endfacet
  facet normal -0.83145 -0.5556 0
    outer loop
      vertex 8.25574 30.725 0
      vertex 8.15036 30.8827 2.2
      vertex 8.15036 30.8827 0
    endloop
  endfacet
  facet normal -0.83145 -0.5556 0
    outer loop
      vertex 8.15036 30.8827 2.2
      vertex 8.25574 30.725 0
      vertex 8.25574 30.725 2.2
    endloop
  endfacet
  facet normal -0.980783 -0.195102 0
    outer loop
      vertex 8.43759 30.1893 0
      vertex 8.40059 30.3753 2.2
      vertex 8.40059 30.3753 0
    endloop
  endfacet
  facet normal -0.980783 -0.195102 0
    outer loop
      vertex 8.40059 30.3753 2.2
      vertex 8.43759 30.1893 0
      vertex 8.43759 30.1893 2.2
    endloop
  endfacet
  facet normal 0.980773 0.195153 0
    outer loop
      vertex 5.59941 29.6247 2.2
      vertex 5.5624 29.8107 0
      vertex 5.5624 29.8107 2.2
    endloop
  endfacet
  facet normal 0.980773 0.195153 0
    outer loop
      vertex 5.5624 29.8107 0
      vertex 5.59941 29.6247 2.2
      vertex 5.59941 29.6247 0
    endloop
  endfacet
  facet normal -0.195072 -0.980789 0
    outer loop
      vertex 7.18926 31.4376 0
      vertex 7.37529 31.4006 2.2
      vertex 7.18926 31.4376 2.2
    endloop
  endfacet
  facet normal -0.195072 -0.980789 -0
    outer loop
      vertex 7.37529 31.4006 2.2
      vertex 7.18926 31.4376 0
      vertex 7.37529 31.4006 0
    endloop
  endfacet
  facet normal 0.442335 -0.89685 0
    outer loop
      vertex 6.275 31.2557 0
      vertex 6.44511 31.3396 2.2
      vertex 6.275 31.2557 2.2
    endloop
  endfacet
  facet normal 0.442335 -0.89685 0
    outer loop
      vertex 6.44511 31.3396 2.2
      vertex 6.275 31.2557 0
      vertex 6.44511 31.3396 0
    endloop
  endfacet
  facet normal -0.555309 -0.831644 0
    outer loop
      vertex 7.725 31.2557 0
      vertex 7.8827 31.1504 2.2
      vertex 7.725 31.2557 2.2
    endloop
  endfacet
  facet normal -0.555309 -0.831644 -0
    outer loop
      vertex 7.8827 31.1504 2.2
      vertex 7.725 31.2557 0
      vertex 7.8827 31.1504 0
    endloop
  endfacet
  facet normal -0.751832 0.659355 0
    outer loop
      vertex 8.0253 28.9747 0
      vertex 8.15036 29.1173 2.2
      vertex 8.15036 29.1173 0
    endloop
  endfacet
  facet normal -0.751832 0.659355 0
    outer loop
      vertex 8.15036 29.1173 2.2
      vertex 8.0253 28.9747 0
      vertex 8.0253 28.9747 2.2
    endloop
  endfacet
  facet normal 0.195072 -0.980789 0
    outer loop
      vertex 6.62471 31.4006 0
      vertex 6.81074 31.4376 2.2
      vertex 6.62471 31.4006 2.2
    endloop
  endfacet
  facet normal 0.195072 -0.980789 0
    outer loop
      vertex 6.81074 31.4376 2.2
      vertex 6.62471 31.4006 0
      vertex 6.81074 31.4376 0
    endloop
  endfacet
  facet normal -0.751832 -0.659355 0
    outer loop
      vertex 8.15036 30.8827 0
      vertex 8.0253 31.0253 2.2
      vertex 8.0253 31.0253 0
    endloop
  endfacet
  facet normal -0.751832 -0.659355 0
    outer loop
      vertex 8.0253 31.0253 2.2
      vertex 8.15036 30.8827 0
      vertex 8.15036 30.8827 2.2
    endloop
  endfacet
  facet normal -0.896881 0.442272 0
    outer loop
      vertex 8.25574 29.275 0
      vertex 8.33962 29.4451 2.2
      vertex 8.33962 29.4451 0
    endloop
  endfacet
  facet normal -0.896881 0.442272 0
    outer loop
      vertex 8.33962 29.4451 2.2
      vertex 8.25574 29.275 0
      vertex 8.25574 29.275 2.2
    endloop
  endfacet
  facet normal -0.946924 -0.321458 0
    outer loop
      vertex 8.40059 30.3753 0
      vertex 8.33962 30.5549 2.2
      vertex 8.33962 30.5549 0
    endloop
  endfacet
  facet normal -0.946924 -0.321458 0
    outer loop
      vertex 8.33962 30.5549 2.2
      vertex 8.40059 30.3753 0
      vertex 8.40059 30.3753 2.2
    endloop
  endfacet
  facet normal -0.83145 0.5556 0
    outer loop
      vertex 8.15036 29.1173 0
      vertex 8.25574 29.275 2.2
      vertex 8.25574 29.275 0
    endloop
  endfacet
  facet normal -0.83145 0.5556 0
    outer loop
      vertex 8.25574 29.275 2.2
      vertex 8.15036 29.1173 0
      vertex 8.15036 29.1173 2.2
    endloop
  endfacet
  facet normal -0.997858 0.0654169 0
    outer loop
      vertex 8.43759 29.8107 0
      vertex 8.45 30 2.2
      vertex 8.45 30 0
    endloop
  endfacet
  facet normal -0.997858 0.0654169 0
    outer loop
      vertex 8.45 30 2.2
      vertex 8.43759 29.8107 0
      vertex 8.43759 29.8107 2.2
    endloop
  endfacet
  facet normal -0.442335 0.89685 0
    outer loop
      vertex 7.725 28.7443 0
      vertex 7.55489 28.6604 2.2
      vertex 7.725 28.7443 2.2
    endloop
  endfacet
  facet normal -0.442335 0.89685 0
    outer loop
      vertex 7.55489 28.6604 2.2
      vertex 7.725 28.7443 0
      vertex 7.55489 28.6604 0
    endloop
  endfacet
  facet normal 0.997861 -0.0653644 0
    outer loop
      vertex 5.55 30 2.2
      vertex 5.5624 30.1893 0
      vertex 5.5624 30.1893 2.2
    endloop
  endfacet
  facet normal 0.997861 -0.0653644 0
    outer loop
      vertex 5.5624 30.1893 0
      vertex 5.55 30 2.2
      vertex 5.55 30 0
    endloop
  endfacet
  facet normal 0.0653782 -0.997861 0
    outer loop
      vertex 6.81074 31.4376 0
      vertex 7 31.45 2.2
      vertex 6.81074 31.4376 2.2
    endloop
  endfacet
  facet normal 0.0653782 -0.997861 0
    outer loop
      vertex 7 31.45 2.2
      vertex 6.81074 31.4376 0
      vertex 7 31.45 0
    endloop
  endfacet
  facet normal -0.555309 0.831644 0
    outer loop
      vertex 7.8827 28.8496 0
      vertex 7.725 28.7443 2.2
      vertex 7.8827 28.8496 2.2
    endloop
  endfacet
  facet normal -0.555309 0.831644 0
    outer loop
      vertex 7.725 28.7443 2.2
      vertex 7.8827 28.8496 0
      vertex 7.725 28.7443 0
    endloop
  endfacet
  facet normal -0.3216 -0.946876 0
    outer loop
      vertex 7.37529 31.4006 0
      vertex 7.55489 31.3396 2.2
      vertex 7.37529 31.4006 2.2
    endloop
  endfacet
  facet normal -0.3216 -0.946876 -0
    outer loop
      vertex 7.55489 31.3396 2.2
      vertex 7.37529 31.4006 0
      vertex 7.55489 31.3396 0
    endloop
  endfacet
  facet normal -0.0653782 -0.997861 0
    outer loop
      vertex 7 31.45 0
      vertex 7.18926 31.4376 2.2
      vertex 7 31.45 2.2
    endloop
  endfacet
  facet normal -0.0653782 -0.997861 -0
    outer loop
      vertex 7.18926 31.4376 2.2
      vertex 7 31.45 0
      vertex 7.18926 31.4376 0
    endloop
  endfacet
  facet normal -0.442335 -0.89685 0
    outer loop
      vertex 7.55489 31.3396 0
      vertex 7.725 31.2557 2.2
      vertex 7.55489 31.3396 2.2
    endloop
  endfacet
  facet normal -0.442335 -0.89685 -0
    outer loop
      vertex 7.725 31.2557 2.2
      vertex 7.55489 31.3396 0
      vertex 7.725 31.2557 0
    endloop
  endfacet
  facet normal 0.89686 0.442314 0
    outer loop
      vertex 5.74426 29.275 2.2
      vertex 5.66037 29.4451 0
      vertex 5.66037 29.4451 2.2
    endloop
  endfacet
  facet normal 0.89686 0.442314 0
    outer loop
      vertex 5.66037 29.4451 0
      vertex 5.74426 29.275 2.2
      vertex 5.74426 29.275 0
    endloop
  endfacet
  facet normal -0.195072 0.980789 0
    outer loop
      vertex 7.37529 28.5994 0
      vertex 7.18926 28.5624 2.2
      vertex 7.37529 28.5994 2.2
    endloop
  endfacet
  facet normal -0.195072 0.980789 0
    outer loop
      vertex 7.18926 28.5624 2.2
      vertex 7.37529 28.5994 0
      vertex 7.18926 28.5624 0
    endloop
  endfacet
  facet normal -0.3216 0.946876 0
    outer loop
      vertex 7.55489 28.6604 0
      vertex 7.37529 28.5994 2.2
      vertex 7.55489 28.6604 2.2
    endloop
  endfacet
  facet normal -0.3216 0.946876 0
    outer loop
      vertex 7.37529 28.5994 2.2
      vertex 7.55489 28.6604 0
      vertex 7.37529 28.5994 0
    endloop
  endfacet
  facet normal -0.980783 0.195102 0
    outer loop
      vertex 8.40059 29.6247 0
      vertex 8.43759 29.8107 2.2
      vertex 8.43759 29.8107 0
    endloop
  endfacet
  facet normal -0.980783 0.195102 0
    outer loop
      vertex 8.43759 29.8107 2.2
      vertex 8.40059 29.6247 0
      vertex 8.40059 29.6247 2.2
    endloop
  endfacet
  facet normal -0.0653782 0.997861 0
    outer loop
      vertex 7.18926 28.5624 0
      vertex 7 28.55 2.2
      vertex 7.18926 28.5624 2.2
    endloop
  endfacet
  facet normal -0.0653782 0.997861 0
    outer loop
      vertex 7 28.55 2.2
      vertex 7.18926 28.5624 0
      vertex 7 28.55 0
    endloop
  endfacet
  facet normal 0.94694 -0.321411 0
    outer loop
      vertex 5.59941 30.3753 2.2
      vertex 5.66037 30.5549 0
      vertex 5.66037 30.5549 2.2
    endloop
  endfacet
  facet normal 0.94694 -0.321411 0
    outer loop
      vertex 5.66037 30.5549 0
      vertex 5.59941 30.3753 2.2
      vertex 5.59941 30.3753 0
    endloop
  endfacet
  facet normal 0.751858 0.659325 0
    outer loop
      vertex 5.97469 28.9747 2.2
      vertex 5.84964 29.1173 0
      vertex 5.84964 29.1173 2.2
    endloop
  endfacet
  facet normal 0.751858 0.659325 0
    outer loop
      vertex 5.84964 29.1173 0
      vertex 5.97469 28.9747 2.2
      vertex 5.97469 28.9747 0
    endloop
  endfacet
  facet normal -0.896881 -0.442272 0
    outer loop
      vertex 8.33962 30.5549 0
      vertex 8.25574 30.725 2.2
      vertex 8.25574 30.725 0
    endloop
  endfacet
  facet normal -0.896881 -0.442272 0
    outer loop
      vertex 8.25574 30.725 2.2
      vertex 8.33962 30.5549 0
      vertex 8.33962 30.5549 2.2
    endloop
  endfacet
  facet normal 0.659448 -0.75175 0
    outer loop
      vertex 5.97469 31.0253 0
      vertex 6.1173 31.1504 2.2
      vertex 5.97469 31.0253 2.2
    endloop
  endfacet
  facet normal 0.659448 -0.75175 0
    outer loop
      vertex 6.1173 31.1504 2.2
      vertex 5.97469 31.0253 0
      vertex 6.1173 31.1504 0
    endloop
  endfacet
  facet normal 0.83145 0.5556 0
    outer loop
      vertex 5.84964 29.1173 2.2
      vertex 5.74426 29.275 0
      vertex 5.74426 29.275 2.2
    endloop
  endfacet
  facet normal 0.83145 0.5556 0
    outer loop
      vertex 5.74426 29.275 0
      vertex 5.84964 29.1173 2.2
      vertex 5.84964 29.1173 0
    endloop
  endfacet
  facet normal 0.0653782 0.997861 -0
    outer loop
      vertex 7 28.55 0
      vertex 6.81074 28.5624 2.2
      vertex 7 28.55 2.2
    endloop
  endfacet
  facet normal 0.0653782 0.997861 0
    outer loop
      vertex 6.81074 28.5624 2.2
      vertex 7 28.55 0
      vertex 6.81074 28.5624 0
    endloop
  endfacet
  facet normal 0.980773 -0.195153 0
    outer loop
      vertex 5.5624 30.1893 2.2
      vertex 5.59941 30.3753 0
      vertex 5.59941 30.3753 2.2
    endloop
  endfacet
  facet normal 0.980773 -0.195153 0
    outer loop
      vertex 5.59941 30.3753 0
      vertex 5.5624 30.1893 2.2
      vertex 5.5624 30.1893 0
    endloop
  endfacet
  facet normal 0.3216 0.946876 -0
    outer loop
      vertex 6.62471 28.5994 0
      vertex 6.44511 28.6604 2.2
      vertex 6.62471 28.5994 2.2
    endloop
  endfacet
  facet normal 0.3216 0.946876 0
    outer loop
      vertex 6.44511 28.6604 2.2
      vertex 6.62471 28.5994 0
      vertex 6.44511 28.6604 0
    endloop
  endfacet
  facet normal 0.94694 0.321411 0
    outer loop
      vertex 5.66037 29.4451 2.2
      vertex 5.59941 29.6247 0
      vertex 5.59941 29.6247 2.2
    endloop
  endfacet
  facet normal 0.94694 0.321411 0
    outer loop
      vertex 5.59941 29.6247 0
      vertex 5.66037 29.4451 2.2
      vertex 5.66037 29.4451 0
    endloop
  endfacet
  facet normal 0.555309 -0.831644 0
    outer loop
      vertex 6.1173 31.1504 0
      vertex 6.275 31.2557 2.2
      vertex 6.1173 31.1504 2.2
    endloop
  endfacet
  facet normal 0.555309 -0.831644 0
    outer loop
      vertex 6.275 31.2557 2.2
      vertex 6.1173 31.1504 0
      vertex 6.275 31.2557 0
    endloop
  endfacet
  facet normal 0.555309 0.831644 -0
    outer loop
      vertex 6.275 28.7443 0
      vertex 6.1173 28.8496 2.2
      vertex 6.275 28.7443 2.2
    endloop
  endfacet
  facet normal 0.555309 0.831644 0
    outer loop
      vertex 6.1173 28.8496 2.2
      vertex 6.275 28.7443 0
      vertex 6.1173 28.8496 0
    endloop
  endfacet
  facet normal 0.83145 -0.5556 0
    outer loop
      vertex 5.74426 30.725 2.2
      vertex 5.84964 30.8827 0
      vertex 5.84964 30.8827 2.2
    endloop
  endfacet
  facet normal 0.83145 -0.5556 0
    outer loop
      vertex 5.84964 30.8827 0
      vertex 5.74426 30.725 2.2
      vertex 5.74426 30.725 0
    endloop
  endfacet
  facet normal 0.442335 0.89685 -0
    outer loop
      vertex 6.44511 28.6604 0
      vertex 6.275 28.7443 2.2
      vertex 6.44511 28.6604 2.2
    endloop
  endfacet
  facet normal 0.442335 0.89685 0
    outer loop
      vertex 6.275 28.7443 2.2
      vertex 6.44511 28.6604 0
      vertex 6.275 28.7443 0
    endloop
  endfacet
  facet normal 0.89686 -0.442314 0
    outer loop
      vertex 5.66037 30.5549 2.2
      vertex 5.74426 30.725 0
      vertex 5.74426 30.725 2.2
    endloop
  endfacet
  facet normal 0.89686 -0.442314 0
    outer loop
      vertex 5.74426 30.725 0
      vertex 5.66037 30.5549 2.2
      vertex 5.66037 30.5549 0
    endloop
  endfacet
  facet normal 0.195072 0.980789 -0
    outer loop
      vertex 6.81074 28.5624 0
      vertex 6.62471 28.5994 2.2
      vertex 6.81074 28.5624 2.2
    endloop
  endfacet
  facet normal 0.195072 0.980789 0
    outer loop
      vertex 6.62471 28.5994 2.2
      vertex 6.81074 28.5624 0
      vertex 6.62471 28.5994 0
    endloop
  endfacet
  facet normal -0.659474 -0.751727 0
    outer loop
      vertex 65.8827 31.1504 0
      vertex 66.0253 31.0253 2.2
      vertex 65.8827 31.1504 2.2
    endloop
  endfacet
  facet normal -0.659474 -0.751727 -0
    outer loop
      vertex 66.0253 31.0253 2.2
      vertex 65.8827 31.1504 0
      vertex 66.0253 31.0253 0
    endloop
  endfacet
  facet normal -0.946876 0.3216 0
    outer loop
      vertex 66.3396 29.4451 0
      vertex 66.4006 29.6247 2.2
      vertex 66.4006 29.6247 0
    endloop
  endfacet
  facet normal -0.946876 0.3216 0
    outer loop
      vertex 66.4006 29.6247 2.2
      vertex 66.3396 29.4451 0
      vertex 66.3396 29.4451 2.2
    endloop
  endfacet
  facet normal 0.997861 0.0653644 0
    outer loop
      vertex 63.5624 29.8107 2.2
      vertex 63.55 30 0
      vertex 63.55 30 2.2
    endloop
  endfacet
  facet normal 0.997861 0.0653644 0
    outer loop
      vertex 63.55 30 0
      vertex 63.5624 29.8107 2.2
      vertex 63.5624 29.8107 0
    endloop
  endfacet
  facet normal 0.3216 -0.946876 0
    outer loop
      vertex 64.4451 31.3396 0
      vertex 64.6247 31.4006 2.2
      vertex 64.4451 31.3396 2.2
    endloop
  endfacet
  facet normal 0.3216 -0.946876 0
    outer loop
      vertex 64.6247 31.4006 2.2
      vertex 64.4451 31.3396 0
      vertex 64.6247 31.4006 0
    endloop
  endfacet
  facet normal 0.659474 0.751727 -0
    outer loop
      vertex 64.1173 28.8496 0
      vertex 63.9747 28.9747 2.2
      vertex 64.1173 28.8496 2.2
    endloop
  endfacet
  facet normal 0.659474 0.751727 0
    outer loop
      vertex 63.9747 28.9747 2.2
      vertex 64.1173 28.8496 0
      vertex 63.9747 28.9747 0
    endloop
  endfacet
  facet normal -0.997861 -0.0653644 0
    outer loop
      vertex 66.45 30 0
      vertex 66.4376 30.1893 2.2
      vertex 66.4376 30.1893 0
    endloop
  endfacet
  facet normal -0.997861 -0.0653644 0
    outer loop
      vertex 66.4376 30.1893 2.2
      vertex 66.45 30 0
      vertex 66.45 30 2.2
    endloop
  endfacet
  facet normal 0.751727 -0.659474 0
    outer loop
      vertex 63.8496 30.8827 2.2
      vertex 63.9747 31.0253 0
      vertex 63.9747 31.0253 2.2
    endloop
  endfacet
  facet normal 0.751727 -0.659474 0
    outer loop
      vertex 63.9747 31.0253 0
      vertex 63.8496 30.8827 2.2
      vertex 63.8496 30.8827 0
    endloop
  endfacet
  facet normal -0.831644 -0.555309 0
    outer loop
      vertex 66.2557 30.725 0
      vertex 66.1504 30.8827 2.2
      vertex 66.1504 30.8827 0
    endloop
  endfacet
  facet normal -0.831644 -0.555309 0
    outer loop
      vertex 66.1504 30.8827 2.2
      vertex 66.2557 30.725 0
      vertex 66.2557 30.725 2.2
    endloop
  endfacet
  facet normal 0.195102 -0.980783 0
    outer loop
      vertex 64.6247 31.4006 0
      vertex 64.8107 31.4376 2.2
      vertex 64.6247 31.4006 2.2
    endloop
  endfacet
  facet normal 0.195102 -0.980783 0
    outer loop
      vertex 64.8107 31.4376 2.2
      vertex 64.6247 31.4006 0
      vertex 64.8107 31.4376 0
    endloop
  endfacet
  facet normal -0.980783 -0.195102 0
    outer loop
      vertex 66.4376 30.1893 0
      vertex 66.4006 30.3753 2.2
      vertex 66.4006 30.3753 0
    endloop
  endfacet
  facet normal -0.980783 -0.195102 0
    outer loop
      vertex 66.4006 30.3753 2.2
      vertex 66.4376 30.1893 0
      vertex 66.4376 30.1893 2.2
    endloop
  endfacet
  facet normal 0.980783 0.195102 0
    outer loop
      vertex 63.5994 29.6247 2.2
      vertex 63.5624 29.8107 0
      vertex 63.5624 29.8107 2.2
    endloop
  endfacet
  facet normal 0.980783 0.195102 0
    outer loop
      vertex 63.5624 29.8107 0
      vertex 63.5994 29.6247 2.2
      vertex 63.5994 29.6247 0
    endloop
  endfacet
  facet normal 0.442356 -0.896839 0
    outer loop
      vertex 64.275 31.2557 0
      vertex 64.4451 31.3396 2.2
      vertex 64.275 31.2557 2.2
    endloop
  endfacet
  facet normal 0.442356 -0.896839 0
    outer loop
      vertex 64.4451 31.3396 2.2
      vertex 64.275 31.2557 0
      vertex 64.4451 31.3396 0
    endloop
  endfacet
  facet normal -0.555309 -0.831644 0
    outer loop
      vertex 65.725 31.2557 0
      vertex 65.8827 31.1504 2.2
      vertex 65.725 31.2557 2.2
    endloop
  endfacet
  facet normal -0.555309 -0.831644 -0
    outer loop
      vertex 65.8827 31.1504 2.2
      vertex 65.725 31.2557 0
      vertex 65.8827 31.1504 0
    endloop
  endfacet
  facet normal -0.751727 -0.659474 0
    outer loop
      vertex 66.1504 30.8827 0
      vertex 66.0253 31.0253 2.2
      vertex 66.0253 31.0253 0
    endloop
  endfacet
  facet normal -0.751727 -0.659474 0
    outer loop
      vertex 66.0253 31.0253 2.2
      vertex 66.1504 30.8827 0
      vertex 66.1504 30.8827 2.2
    endloop
  endfacet
  facet normal -0.896839 0.442356 0
    outer loop
      vertex 66.2557 29.275 0
      vertex 66.3396 29.4451 2.2
      vertex 66.3396 29.4451 0
    endloop
  endfacet
  facet normal -0.896839 0.442356 0
    outer loop
      vertex 66.3396 29.4451 2.2
      vertex 66.2557 29.275 0
      vertex 66.2557 29.275 2.2
    endloop
  endfacet
  facet normal -0.831644 0.555309 0
    outer loop
      vertex 66.1504 29.1173 0
      vertex 66.2557 29.275 2.2
      vertex 66.2557 29.275 0
    endloop
  endfacet
  facet normal -0.831644 0.555309 0
    outer loop
      vertex 66.2557 29.275 2.2
      vertex 66.1504 29.1173 0
      vertex 66.1504 29.1173 2.2
    endloop
  endfacet
  facet normal -0.997861 0.0653644 0
    outer loop
      vertex 66.4376 29.8107 0
      vertex 66.45 30 2.2
      vertex 66.45 30 0
    endloop
  endfacet
  facet normal -0.997861 0.0653644 0
    outer loop
      vertex 66.45 30 2.2
      vertex 66.4376 29.8107 0
      vertex 66.4376 29.8107 2.2
    endloop
  endfacet
  facet normal -0.442356 0.896839 0
    outer loop
      vertex 65.725 28.7443 0
      vertex 65.5549 28.6604 2.2
      vertex 65.725 28.7443 2.2
    endloop
  endfacet
  facet normal -0.442356 0.896839 0
    outer loop
      vertex 65.5549 28.6604 2.2
      vertex 65.725 28.7443 0
      vertex 65.5549 28.6604 0
    endloop
  endfacet
  facet normal 0.0653644 -0.997861 0
    outer loop
      vertex 64.8107 31.4376 0
      vertex 65 31.45 2.2
      vertex 64.8107 31.4376 2.2
    endloop
  endfacet
  facet normal 0.0653644 -0.997861 0
    outer loop
      vertex 65 31.45 2.2
      vertex 64.8107 31.4376 0
      vertex 65 31.45 0
    endloop
  endfacet
  facet normal -0.555309 0.831644 0
    outer loop
      vertex 65.8827 28.8496 0
      vertex 65.725 28.7443 2.2
      vertex 65.8827 28.8496 2.2
    endloop
  endfacet
  facet normal -0.555309 0.831644 0
    outer loop
      vertex 65.725 28.7443 2.2
      vertex 65.8827 28.8496 0
      vertex 65.725 28.7443 0
    endloop
  endfacet
  facet normal -0.3216 -0.946876 0
    outer loop
      vertex 65.3753 31.4006 0
      vertex 65.5549 31.3396 2.2
      vertex 65.3753 31.4006 2.2
    endloop
  endfacet
  facet normal -0.3216 -0.946876 -0
    outer loop
      vertex 65.5549 31.3396 2.2
      vertex 65.3753 31.4006 0
      vertex 65.5549 31.3396 0
    endloop
  endfacet
  facet normal -0.0653644 -0.997861 0
    outer loop
      vertex 65 31.45 0
      vertex 65.1893 31.4376 2.2
      vertex 65 31.45 2.2
    endloop
  endfacet
  facet normal -0.0653644 -0.997861 -0
    outer loop
      vertex 65.1893 31.4376 2.2
      vertex 65 31.45 0
      vertex 65.1893 31.4376 0
    endloop
  endfacet
  facet normal -0.442356 -0.896839 0
    outer loop
      vertex 65.5549 31.3396 0
      vertex 65.725 31.2557 2.2
      vertex 65.5549 31.3396 2.2
    endloop
  endfacet
  facet normal -0.442356 -0.896839 -0
    outer loop
      vertex 65.725 31.2557 2.2
      vertex 65.5549 31.3396 0
      vertex 65.725 31.2557 0
    endloop
  endfacet
  facet normal 0.896839 0.442356 0
    outer loop
      vertex 63.7443 29.275 2.2
      vertex 63.6604 29.4451 0
      vertex 63.6604 29.4451 2.2
    endloop
  endfacet
  facet normal 0.896839 0.442356 0
    outer loop
      vertex 63.6604 29.4451 0
      vertex 63.7443 29.275 2.2
      vertex 63.7443 29.275 0
    endloop
  endfacet
  facet normal -0.195102 0.980783 0
    outer loop
      vertex 65.3753 28.5994 0
      vertex 65.1893 28.5624 2.2
      vertex 65.3753 28.5994 2.2
    endloop
  endfacet
  facet normal -0.195102 0.980783 0
    outer loop
      vertex 65.1893 28.5624 2.2
      vertex 65.3753 28.5994 0
      vertex 65.1893 28.5624 0
    endloop
  endfacet
  facet normal -0.659474 0.751727 0
    outer loop
      vertex 66.0253 28.9747 0
      vertex 65.8827 28.8496 2.2
      vertex 66.0253 28.9747 2.2
    endloop
  endfacet
  facet normal -0.659474 0.751727 0
    outer loop
      vertex 65.8827 28.8496 2.2
      vertex 66.0253 28.9747 0
      vertex 65.8827 28.8496 0
    endloop
  endfacet
  facet normal -0.195102 -0.980783 0
    outer loop
      vertex 65.1893 31.4376 0
      vertex 65.3753 31.4006 2.2
      vertex 65.1893 31.4376 2.2
    endloop
  endfacet
  facet normal -0.195102 -0.980783 -0
    outer loop
      vertex 65.3753 31.4006 2.2
      vertex 65.1893 31.4376 0
      vertex 65.3753 31.4006 0
    endloop
  endfacet
  facet normal -0.3216 0.946876 0
    outer loop
      vertex 65.5549 28.6604 0
      vertex 65.3753 28.5994 2.2
      vertex 65.5549 28.6604 2.2
    endloop
  endfacet
  facet normal -0.3216 0.946876 0
    outer loop
      vertex 65.3753 28.5994 2.2
      vertex 65.5549 28.6604 0
      vertex 65.3753 28.5994 0
    endloop
  endfacet
  facet normal -0.980783 0.195102 0
    outer loop
      vertex 66.4006 29.6247 0
      vertex 66.4376 29.8107 2.2
      vertex 66.4376 29.8107 0
    endloop
  endfacet
  facet normal -0.980783 0.195102 0
    outer loop
      vertex 66.4376 29.8107 2.2
      vertex 66.4006 29.6247 0
      vertex 66.4006 29.6247 2.2
    endloop
  endfacet
  facet normal -0.0653644 0.997861 0
    outer loop
      vertex 65.1893 28.5624 0
      vertex 65 28.55 2.2
      vertex 65.1893 28.5624 2.2
    endloop
  endfacet
  facet normal -0.0653644 0.997861 0
    outer loop
      vertex 65 28.55 2.2
      vertex 65.1893 28.5624 0
      vertex 65 28.55 0
    endloop
  endfacet
  facet normal 0.946876 -0.3216 0
    outer loop
      vertex 63.5994 30.3753 2.2
      vertex 63.6604 30.5549 0
      vertex 63.6604 30.5549 2.2
    endloop
  endfacet
  facet normal 0.946876 -0.3216 0
    outer loop
      vertex 63.6604 30.5549 0
      vertex 63.5994 30.3753 2.2
      vertex 63.5994 30.3753 0
    endloop
  endfacet
  facet normal -0.946876 -0.3216 0
    outer loop
      vertex 66.4006 30.3753 0
      vertex 66.3396 30.5549 2.2
      vertex 66.3396 30.5549 0
    endloop
  endfacet
  facet normal -0.946876 -0.3216 0
    outer loop
      vertex 66.3396 30.5549 2.2
      vertex 66.4006 30.3753 0
      vertex 66.4006 30.3753 2.2
    endloop
  endfacet
  facet normal 0.751727 0.659474 0
    outer loop
      vertex 63.9747 28.9747 2.2
      vertex 63.8496 29.1173 0
      vertex 63.8496 29.1173 2.2
    endloop
  endfacet
  facet normal 0.751727 0.659474 0
    outer loop
      vertex 63.8496 29.1173 0
      vertex 63.9747 28.9747 2.2
      vertex 63.9747 28.9747 0
    endloop
  endfacet
  facet normal -0.896839 -0.442356 0
    outer loop
      vertex 66.3396 30.5549 0
      vertex 66.2557 30.725 2.2
      vertex 66.2557 30.725 0
    endloop
  endfacet
  facet normal -0.896839 -0.442356 0
    outer loop
      vertex 66.2557 30.725 2.2
      vertex 66.3396 30.5549 0
      vertex 66.3396 30.5549 2.2
    endloop
  endfacet
  facet normal -0.751727 0.659474 0
    outer loop
      vertex 66.0253 28.9747 0
      vertex 66.1504 29.1173 2.2
      vertex 66.1504 29.1173 0
    endloop
  endfacet
  facet normal -0.751727 0.659474 0
    outer loop
      vertex 66.1504 29.1173 2.2
      vertex 66.0253 28.9747 0
      vertex 66.0253 28.9747 2.2
    endloop
  endfacet
  facet normal 0.659474 -0.751727 0
    outer loop
      vertex 63.9747 31.0253 0
      vertex 64.1173 31.1504 2.2
      vertex 63.9747 31.0253 2.2
    endloop
  endfacet
  facet normal 0.659474 -0.751727 0
    outer loop
      vertex 64.1173 31.1504 2.2
      vertex 63.9747 31.0253 0
      vertex 64.1173 31.1504 0
    endloop
  endfacet
  facet normal 0.831644 0.555309 0
    outer loop
      vertex 63.8496 29.1173 2.2
      vertex 63.7443 29.275 0
      vertex 63.7443 29.275 2.2
    endloop
  endfacet
  facet normal 0.831644 0.555309 0
    outer loop
      vertex 63.7443 29.275 0
      vertex 63.8496 29.1173 2.2
      vertex 63.8496 29.1173 0
    endloop
  endfacet
  facet normal 0.0653644 0.997861 -0
    outer loop
      vertex 65 28.55 0
      vertex 64.8107 28.5624 2.2
      vertex 65 28.55 2.2
    endloop
  endfacet
  facet normal 0.0653644 0.997861 0
    outer loop
      vertex 64.8107 28.5624 2.2
      vertex 65 28.55 0
      vertex 64.8107 28.5624 0
    endloop
  endfacet
  facet normal 0.980783 -0.195102 0
    outer loop
      vertex 63.5624 30.1893 2.2
      vertex 63.5994 30.3753 0
      vertex 63.5994 30.3753 2.2
    endloop
  endfacet
  facet normal 0.980783 -0.195102 0
    outer loop
      vertex 63.5994 30.3753 0
      vertex 63.5624 30.1893 2.2
      vertex 63.5624 30.1893 0
    endloop
  endfacet
  facet normal 0.997861 -0.0653644 0
    outer loop
      vertex 63.55 30 2.2
      vertex 63.5624 30.1893 0
      vertex 63.5624 30.1893 2.2
    endloop
  endfacet
  facet normal 0.997861 -0.0653644 0
    outer loop
      vertex 63.5624 30.1893 0
      vertex 63.55 30 2.2
      vertex 63.55 30 0
    endloop
  endfacet
  facet normal 0.946876 0.3216 0
    outer loop
      vertex 63.6604 29.4451 2.2
      vertex 63.5994 29.6247 0
      vertex 63.5994 29.6247 2.2
    endloop
  endfacet
  facet normal 0.946876 0.3216 0
    outer loop
      vertex 63.5994 29.6247 0
      vertex 63.6604 29.4451 2.2
      vertex 63.6604 29.4451 0
    endloop
  endfacet
  facet normal 0.555309 -0.831644 0
    outer loop
      vertex 64.1173 31.1504 0
      vertex 64.275 31.2557 2.2
      vertex 64.1173 31.1504 2.2
    endloop
  endfacet
  facet normal 0.555309 -0.831644 0
    outer loop
      vertex 64.275 31.2557 2.2
      vertex 64.1173 31.1504 0
      vertex 64.275 31.2557 0
    endloop
  endfacet
  facet normal 0.555309 0.831644 -0
    outer loop
      vertex 64.275 28.7443 0
      vertex 64.1173 28.8496 2.2
      vertex 64.275 28.7443 2.2
    endloop
  endfacet
  facet normal 0.555309 0.831644 0
    outer loop
      vertex 64.1173 28.8496 2.2
      vertex 64.275 28.7443 0
      vertex 64.1173 28.8496 0
    endloop
  endfacet
  facet normal 0.831644 -0.555309 0
    outer loop
      vertex 63.7443 30.725 2.2
      vertex 63.8496 30.8827 0
      vertex 63.8496 30.8827 2.2
    endloop
  endfacet
  facet normal 0.831644 -0.555309 0
    outer loop
      vertex 63.8496 30.8827 0
      vertex 63.7443 30.725 2.2
      vertex 63.7443 30.725 0
    endloop
  endfacet
  facet normal 0.442356 0.896839 -0
    outer loop
      vertex 64.4451 28.6604 0
      vertex 64.275 28.7443 2.2
      vertex 64.4451 28.6604 2.2
    endloop
  endfacet
  facet normal 0.442356 0.896839 0
    outer loop
      vertex 64.275 28.7443 2.2
      vertex 64.4451 28.6604 0
      vertex 64.275 28.7443 0
    endloop
  endfacet
  facet normal 0.896839 -0.442356 0
    outer loop
      vertex 63.6604 30.5549 2.2
      vertex 63.7443 30.725 0
      vertex 63.7443 30.725 2.2
    endloop
  endfacet
  facet normal 0.896839 -0.442356 0
    outer loop
      vertex 63.7443 30.725 0
      vertex 63.6604 30.5549 2.2
      vertex 63.6604 30.5549 0
    endloop
  endfacet
  facet normal 0.195102 0.980783 -0
    outer loop
      vertex 64.8107 28.5624 0
      vertex 64.6247 28.5994 2.2
      vertex 64.8107 28.5624 2.2
    endloop
  endfacet
  facet normal 0.195102 0.980783 0
    outer loop
      vertex 64.6247 28.5994 2.2
      vertex 64.8107 28.5624 0
      vertex 64.6247 28.5994 0
    endloop
  endfacet
  facet normal 0.3216 0.946876 -0
    outer loop
      vertex 64.6247 28.5994 0
      vertex 64.4451 28.6604 2.2
      vertex 64.6247 28.5994 2.2
    endloop
  endfacet
  facet normal 0.3216 0.946876 0
    outer loop
      vertex 64.4451 28.6604 2.2
      vertex 64.6247 28.5994 0
      vertex 64.4451 28.6604 0
    endloop
  endfacet
  facet normal -0.978157 0.207866 0
    outer loop
      vertex 27.2291 11.4473 0
      vertex 27.5305 12.8656 1.1
      vertex 27.5305 12.8656 0
    endloop
  endfacet
  facet normal -0.978157 0.207866 0
    outer loop
      vertex 27.5305 12.8656 1.1
      vertex 27.2291 11.4473 0
      vertex 27.2291 11.4473 1.1
    endloop
  endfacet
  facet normal 0 0 -1
    outer loop
      vertex 27.2291 11.4473 1.1
      vertex 16.7709 15.1527 1.1
      vertex 27.5305 12.8656 1.1
    endloop
  endfacet
  facet normal 0 -0 -1
    outer loop
      vertex 16.7709 15.1527 1.1
      vertex 27.2291 11.4473 1.1
      vertex 16.4695 13.7344 1.1
    endloop
  endfacet
  facet normal 0.978157 -0.207866 0
    outer loop
      vertex 16.4695 13.7344 1.1
      vertex 16.7709 15.1527 0
      vertex 16.7709 15.1527 1.1
    endloop
  endfacet
  facet normal 0.978157 -0.207866 0
    outer loop
      vertex 16.7709 15.1527 0
      vertex 16.4695 13.7344 1.1
      vertex 16.4695 13.7344 0
    endloop
  endfacet
  facet normal -0.207918 -0.978146 -5.57386e-05
    outer loop
      vertex 16.7709 15.1527 1.1
      vertex 24.1567 13.5828 0.174999
      vertex 27.5305 12.8656 1.1
    endloop
  endfacet
  facet normal -0.207912 -0.978148 0
    outer loop
      vertex 16.7709 15.1527 0
      vertex 24.1567 13.5828 0.174999
      vertex 16.7709 15.1527 1.1
    endloop
  endfacet
  facet normal -0.207912 -0.978148 -0
    outer loop
      vertex 24.1567 13.5828 0.174999
      vertex 16.7709 15.1527 0
      vertex 24.1567 13.5828 0
    endloop
  endfacet
  facet normal -0.207892 -0.978152 -0.000155065
    outer loop
      vertex 25.2384 13.3529 0.174999
      vertex 27.5305 12.8656 1.1
      vertex 24.1567 13.5828 0.174999
    endloop
  endfacet
  facet normal -0.207952 -0.978139 0
    outer loop
      vertex 27.5305 12.8656 0
      vertex 25.2384 13.3529 0.174999
      vertex 25.2384 13.3529 0
    endloop
  endfacet
  facet normal -0.207952 -0.978139 0
    outer loop
      vertex 25.2384 13.3529 0.174999
      vertex 27.5305 12.8656 0
      vertex 27.5305 12.8656 1.1
    endloop
  endfacet
  facet normal 0.207892 0.978152 0.000141917
    outer loop
      vertex 21.9031 12.5794 0.174999
      vertex 27.2291 11.4473 1.1
      vertex 22.9848 12.3495 0.174999
    endloop
  endfacet
  facet normal 0.207922 0.978145 -0
    outer loop
      vertex 27.2291 11.4473 0
      vertex 22.9848 12.3495 0.174999
      vertex 27.2291 11.4473 1.1
    endloop
  endfacet
  facet normal 0.207922 0.978145 0
    outer loop
      vertex 22.9848 12.3495 0.174999
      vertex 27.2291 11.4473 0
      vertex 22.9848 12.3495 0
    endloop
  endfacet
  facet normal 0.207918 0.978146 -1.48835e-05
    outer loop
      vertex 27.2291 11.4473 1.1
      vertex 21.9031 12.5794 0.174999
      vertex 16.4695 13.7344 1.1
    endloop
  endfacet
  facet normal 0.207921 0.978146 0
    outer loop
      vertex 16.4695 13.7344 0
      vertex 21.9031 12.5794 0.174999
      vertex 21.9031 12.5794 0
    endloop
  endfacet
  facet normal 0.207921 0.978146 0
    outer loop
      vertex 21.9031 12.5794 0.174999
      vertex 16.4695 13.7344 0
      vertex 16.4695 13.7344 1.1
    endloop
  endfacet
  facet normal -0.978186 0.207732 0
    outer loop
      vertex 27.2741 14.2592 0
      vertex 27.2291 14.0473 0
      vertex 27.2741 14.2592 0.174999
    endloop
  endfacet
  facet normal -0.978185 0.207734 0
    outer loop
      vertex 27.4412 15.0451 0.174999
      vertex 27.5305 15.4656 0
      vertex 27.4412 15.0451 0
    endloop
  endfacet
  facet normal -0.978185 0.207734 0
    outer loop
      vertex 27.5305 15.4656 0
      vertex 27.4412 15.0451 0.174999
      vertex 27.5305 15.4656 1.1
    endloop
  endfacet
  facet normal -0.978134 0.207973 5.78438e-05
    outer loop
      vertex 27.2291 14.0473 1.1
      vertex 27.4412 15.0451 0.174999
      vertex 27.2741 14.2592 0.174999
    endloop
  endfacet
  facet normal -0.978157 0.207866 -6.30096e-05
    outer loop
      vertex 27.4412 15.0451 0.174999
      vertex 27.2291 14.0473 1.1
      vertex 27.5305 15.4656 1.1
    endloop
  endfacet
  facet normal -0.978186 0.207732 0
    outer loop
      vertex 27.2291 14.0473 1.1
      vertex 27.2741 14.2592 0.174999
      vertex 27.2291 14.0473 0
    endloop
  endfacet
  facet normal 0 0 -1
    outer loop
      vertex 27.2291 14.0473 1.1
      vertex 16.7709 17.7527 1.1
      vertex 27.5305 15.4656 1.1
    endloop
  endfacet
  facet normal 0 -0 -1
    outer loop
      vertex 16.7709 17.7527 1.1
      vertex 27.2291 14.0473 1.1
      vertex 16.4695 16.3344 1.1
    endloop
  endfacet
  facet normal 0.978157 -0.207866 0
    outer loop
      vertex 16.4695 16.3344 1.1
      vertex 16.7709 17.7527 0
      vertex 16.7709 17.7527 1.1
    endloop
  endfacet
  facet normal 0.978157 -0.207866 0
    outer loop
      vertex 16.7709 17.7527 0
      vertex 16.4695 16.3344 1.1
      vertex 16.4695 16.3344 0
    endloop
  endfacet
  facet normal -0.207918 -0.978146 -0.000202612
    outer loop
      vertex 16.7709 17.7527 1.1
      vertex 26.7395 15.6338 0.799999
      vertex 27.5305 15.4656 1.1
    endloop
  endfacet
  facet normal -0.207913 -0.978147 0
    outer loop
      vertex 16.7709 17.7527 0
      vertex 26.7395 15.6338 0.799999
      vertex 16.7709 17.7527 1.1
    endloop
  endfacet
  facet normal -0.207913 -0.978147 -0
    outer loop
      vertex 26.7395 15.6338 0.799999
      vertex 16.7709 17.7527 0
      vertex 26.7395 15.6338 0
    endloop
  endfacet
  facet normal -0.207944 -0.978141 -0.000131929
    outer loop
      vertex 27.2748 15.52 0.799999
      vertex 27.5305 15.4656 1.1
      vertex 26.7395 15.6338 0.799999
    endloop
  endfacet
  facet normal -0.208092 -0.978109 0
    outer loop
      vertex 27.5305 15.4656 0
      vertex 27.2748 15.52 0.799999
      vertex 27.2748 15.52 0
    endloop
  endfacet
  facet normal -0.208092 -0.978109 0
    outer loop
      vertex 27.2748 15.52 0.799999
      vertex 27.5305 15.4656 0
      vertex 27.5305 15.4656 1.1
    endloop
  endfacet
  facet normal 0.207892 0.978152 3.49e-06
    outer loop
      vertex 25.8557 14.3392 0.174999
      vertex 27.2291 14.0473 1.1
      vertex 26.9374 14.1093 0.174999
    endloop
  endfacet
  facet normal 0.207903 0.978149 -0
    outer loop
      vertex 27.2291 14.0473 0
      vertex 26.9374 14.1093 0.174999
      vertex 27.2291 14.0473 1.1
    endloop
  endfacet
  facet normal 0.207903 0.978149 0
    outer loop
      vertex 26.9374 14.1093 0.174999
      vertex 27.2291 14.0473 0
      vertex 26.9374 14.1093 0
    endloop
  endfacet
  facet normal 0.207918 0.978146 -3.69435e-05
    outer loop
      vertex 27.2291 14.0473 1.1
      vertex 25.8557 14.3392 0.174999
      vertex 16.4695 16.3344 1.1
    endloop
  endfacet
  facet normal 0.207922 0.978145 0
    outer loop
      vertex 16.4695 16.3344 0
      vertex 25.8557 14.3392 0.174999
      vertex 25.8557 14.3392 0
    endloop
  endfacet
  facet normal 0.207922 0.978145 0
    outer loop
      vertex 25.8557 14.3392 0.174999
      vertex 16.4695 16.3344 0
      vertex 16.4695 16.3344 1.1
    endloop
  endfacet
  facet normal -0.978157 0.207866 0
    outer loop
      vertex 27.2291 16.6473 0
      vertex 27.5305 18.0656 1.1
      vertex 27.5305 18.0656 0
    endloop
  endfacet
  facet normal -0.978157 0.207866 0
    outer loop
      vertex 27.5305 18.0656 1.1
      vertex 27.2291 16.6473 0
      vertex 27.2291 16.6473 1.1
    endloop
  endfacet
  facet normal 0 0 -1
    outer loop
      vertex 27.2291 16.6473 1.1
      vertex 16.7709 20.3527 1.1
      vertex 27.5305 18.0656 1.1
    endloop
  endfacet
  facet normal 0 -0 -1
    outer loop
      vertex 16.7709 20.3527 1.1
      vertex 27.2291 16.6473 1.1
      vertex 16.4695 18.9344 1.1
    endloop
  endfacet
  facet normal 0.978157 -0.207866 0
    outer loop
      vertex 16.4695 18.9344 1.1
      vertex 16.7709 20.3527 0
      vertex 16.7709 20.3527 1.1
    endloop
  endfacet
  facet normal 0.978157 -0.207866 0
    outer loop
      vertex 16.7709 20.3527 0
      vertex 16.4695 18.9344 1.1
      vertex 16.4695 18.9344 0
    endloop
  endfacet
  facet normal -0.207918 -0.978146 0
    outer loop
      vertex 16.7709 20.3527 0
      vertex 27.5305 18.0656 1.1
      vertex 16.7709 20.3527 1.1
    endloop
  endfacet
  facet normal -0.207918 -0.978146 -0
    outer loop
      vertex 27.5305 18.0656 1.1
      vertex 16.7709 20.3527 0
      vertex 27.5305 18.0656 0
    endloop
  endfacet
  facet normal 0.207918 0.978146 -0
    outer loop
      vertex 27.2291 16.6473 0
      vertex 16.4695 18.9344 1.1
      vertex 27.2291 16.6473 1.1
    endloop
  endfacet
  facet normal 0.207918 0.978146 0
    outer loop
      vertex 16.4695 18.9344 1.1
      vertex 27.2291 16.6473 0
      vertex 16.4695 18.9344 0
    endloop
  endfacet
  facet normal -0.978157 0.207866 0
    outer loop
      vertex 27.2291 19.2473 0
      vertex 27.5305 20.6656 1.1
      vertex 27.5305 20.6656 0
    endloop
  endfacet
  facet normal -0.978157 0.207866 0
    outer loop
      vertex 27.5305 20.6656 1.1
      vertex 27.2291 19.2473 0
      vertex 27.2291 19.2473 1.1
    endloop
  endfacet
  facet normal 0 0 -1
    outer loop
      vertex 27.2291 19.2473 1.1
      vertex 16.7709 22.9527 1.1
      vertex 27.5305 20.6656 1.1
    endloop
  endfacet
  facet normal 0 -0 -1
    outer loop
      vertex 16.7709 22.9527 1.1
      vertex 27.2291 19.2473 1.1
      vertex 16.4695 21.5344 1.1
    endloop
  endfacet
  facet normal 0.978157 -0.207866 0
    outer loop
      vertex 16.4695 21.5344 1.1
      vertex 16.7709 22.9527 0
      vertex 16.7709 22.9527 1.1
    endloop
  endfacet
  facet normal 0.978157 -0.207866 0
    outer loop
      vertex 16.7709 22.9527 0
      vertex 16.4695 21.5344 1.1
      vertex 16.4695 21.5344 0
    endloop
  endfacet
  facet normal -0.207918 -0.978146 0
    outer loop
      vertex 16.7709 22.9527 0
      vertex 27.5305 20.6656 1.1
      vertex 16.7709 22.9527 1.1
    endloop
  endfacet
  facet normal -0.207918 -0.978146 -0
    outer loop
      vertex 27.5305 20.6656 1.1
      vertex 16.7709 22.9527 0
      vertex 27.5305 20.6656 0
    endloop
  endfacet
  facet normal 0.207918 0.978146 -0
    outer loop
      vertex 27.2291 19.2473 0
      vertex 16.4695 21.5344 1.1
      vertex 27.2291 19.2473 1.1
    endloop
  endfacet
  facet normal 0.207918 0.978146 0
    outer loop
      vertex 16.4695 21.5344 1.1
      vertex 27.2291 19.2473 0
      vertex 16.4695 21.5344 0
    endloop
  endfacet
  facet normal -0.978166 0.207827 0
    outer loop
      vertex 27.2683 22.0318 0
      vertex 27.2291 21.8473 0
      vertex 27.2683 22.0318 0.174999
    endloop
  endfacet
  facet normal -0.978178 0.207767 0
    outer loop
      vertex 27.4065 22.6818 0.174999
      vertex 27.5305 23.2656 0
      vertex 27.4065 22.6818 0
    endloop
  endfacet
  facet normal -0.978178 0.207767 0
    outer loop
      vertex 27.5305 23.2656 0
      vertex 27.4065 22.6818 0.174999
      vertex 27.5305 23.2656 1.1
    endloop
  endfacet
  facet normal -0.978136 0.207967 2.91204e-05
    outer loop
      vertex 27.2291 21.8473 1.1
      vertex 27.4065 22.6818 0.174999
      vertex 27.2683 22.0318 0.174999
    endloop
  endfacet
  facet normal -0.978157 0.207866 -6.57011e-05
    outer loop
      vertex 27.4065 22.6818 0.174999
      vertex 27.2291 21.8473 1.1
      vertex 27.5305 23.2656 1.1
    endloop
  endfacet
  facet normal -0.978166 0.207827 0
    outer loop
      vertex 27.2291 21.8473 1.1
      vertex 27.2683 22.0318 0.174999
      vertex 27.2291 21.8473 0
    endloop
  endfacet
  facet normal 0 0 -1
    outer loop
      vertex 27.2291 21.8473 1.1
      vertex 16.7709 25.5527 1.1
      vertex 27.5305 23.2656 1.1
    endloop
  endfacet
  facet normal 0 -0 -1
    outer loop
      vertex 16.7709 25.5527 1.1
      vertex 27.2291 21.8473 1.1
      vertex 16.4695 24.1344 1.1
    endloop
  endfacet
  facet normal 0.978157 -0.207866 0
    outer loop
      vertex 16.4695 24.1344 1.1
      vertex 16.7709 25.5527 0
      vertex 16.7709 25.5527 1.1
    endloop
  endfacet
  facet normal 0.978157 -0.207866 0
    outer loop
      vertex 16.7709 25.5527 0
      vertex 16.4695 24.1344 1.1
      vertex 16.4695 24.1344 0
    endloop
  endfacet
  facet normal -0.207918 -0.978146 2.72698e-05
    outer loop
      vertex 16.7709 25.5527 1.1
      vertex 21.726 24.4994 0.174999
      vertex 27.5305 23.2656 1.1
    endloop
  endfacet
  facet normal -0.207923 -0.978145 0
    outer loop
      vertex 16.7709 25.5527 0
      vertex 21.726 24.4994 0.174999
      vertex 16.7709 25.5527 1.1
    endloop
  endfacet
  facet normal -0.207923 -0.978145 -0
    outer loop
      vertex 21.726 24.4994 0.174999
      vertex 16.7709 25.5527 0
      vertex 21.726 24.4994 0
    endloop
  endfacet
  facet normal -0.207912 -0.978147 -1.22413e-05
    outer loop
      vertex 24.784 23.8494 0.174999
      vertex 27.5305 23.2656 1.1
      vertex 21.726 24.4994 0.174999
    endloop
  endfacet
  facet normal -0.207916 -0.978147 0
    outer loop
      vertex 27.5305 23.2656 0
      vertex 24.784 23.8494 0.174999
      vertex 24.784 23.8494 0
    endloop
  endfacet
  facet normal -0.207916 -0.978147 0
    outer loop
      vertex 24.784 23.8494 0.174999
      vertex 27.5305 23.2656 0
      vertex 27.5305 23.2656 1.1
    endloop
  endfacet
  facet normal 0.207918 0.978146 -0
    outer loop
      vertex 27.2291 21.8473 0
      vertex 16.4695 24.1344 1.1
      vertex 27.2291 21.8473 1.1
    endloop
  endfacet
  facet normal 0.207918 0.978146 0
    outer loop
      vertex 16.4695 24.1344 1.1
      vertex 27.2291 21.8473 0
      vertex 16.4695 24.1344 0
    endloop
  endfacet
  facet normal 0 0 -1
    outer loop
      vertex 44.7709 11.4473 1.1
      vertex 55.2291 15.1527 1.1
      vertex 55.5305 13.7344 1.1
    endloop
  endfacet
  facet normal 0 0 -1
    outer loop
      vertex 55.2291 15.1527 1.1
      vertex 44.7709 11.4473 1.1
      vertex 44.4695 12.8656 1.1
    endloop
  endfacet
  facet normal 0.978157 0.207866 0
    outer loop
      vertex 44.7709 11.4473 1.1
      vertex 44.4695 12.8656 0
      vertex 44.4695 12.8656 1.1
    endloop
  endfacet
  facet normal 0.978157 0.207866 0
    outer loop
      vertex 44.4695 12.8656 0
      vertex 44.7709 11.4473 1.1
      vertex 44.7709 11.4473 0
    endloop
  endfacet
  facet normal 0.207892 -0.978152 -0.000155065
    outer loop
      vertex 47.8433 13.5828 0.174999
      vertex 44.4695 12.8656 1.1
      vertex 46.7616 13.3529 0.174999
    endloop
  endfacet
  facet normal 0.207952 -0.978139 0
    outer loop
      vertex 44.4695 12.8656 0
      vertex 46.7616 13.3529 0.174999
      vertex 44.4695 12.8656 1.1
    endloop
  endfacet
  facet normal 0.207952 -0.978139 0
    outer loop
      vertex 46.7616 13.3529 0.174999
      vertex 44.4695 12.8656 0
      vertex 46.7616 13.3529 0
    endloop
  endfacet
  facet normal 0.207918 -0.978146 -5.57386e-05
    outer loop
      vertex 44.4695 12.8656 1.1
      vertex 47.8433 13.5828 0.174999
      vertex 55.2291 15.1527 1.1
    endloop
  endfacet
  facet normal 0.207912 -0.978148 0
    outer loop
      vertex 55.2291 15.1527 0
      vertex 47.8433 13.5828 0.174999
      vertex 47.8433 13.5828 0
    endloop
  endfacet
  facet normal 0.207912 -0.978148 0
    outer loop
      vertex 47.8433 13.5828 0.174999
      vertex 55.2291 15.1527 0
      vertex 55.2291 15.1527 1.1
    endloop
  endfacet
  facet normal -0.207918 0.978146 -1.48835e-05
    outer loop
      vertex 55.5305 13.7344 1.1
      vertex 50.0969 12.5794 0.174999
      vertex 44.7709 11.4473 1.1
    endloop
  endfacet
  facet normal -0.207921 0.978146 0
    outer loop
      vertex 55.5305 13.7344 0
      vertex 50.0969 12.5794 0.174999
      vertex 55.5305 13.7344 1.1
    endloop
  endfacet
  facet normal -0.207921 0.978146 0
    outer loop
      vertex 50.0969 12.5794 0.174999
      vertex 55.5305 13.7344 0
      vertex 50.0969 12.5794 0
    endloop
  endfacet
  facet normal -0.207892 0.978152 0.000141917
    outer loop
      vertex 49.0152 12.3495 0.174999
      vertex 44.7709 11.4473 1.1
      vertex 50.0969 12.5794 0.174999
    endloop
  endfacet
  facet normal -0.207922 0.978145 0
    outer loop
      vertex 44.7709 11.4473 0
      vertex 49.0152 12.3495 0.174999
      vertex 49.0152 12.3495 0
    endloop
  endfacet
  facet normal -0.207922 0.978145 0
    outer loop
      vertex 49.0152 12.3495 0.174999
      vertex 44.7709 11.4473 0
      vertex 44.7709 11.4473 1.1
    endloop
  endfacet
  facet normal -0.978157 -0.207866 0
    outer loop
      vertex 55.5305 13.7344 0
      vertex 55.2291 15.1527 1.1
      vertex 55.2291 15.1527 0
    endloop
  endfacet
  facet normal -0.978157 -0.207866 0
    outer loop
      vertex 55.2291 15.1527 1.1
      vertex 55.5305 13.7344 0
      vertex 55.5305 13.7344 1.1
    endloop
  endfacet
  facet normal 0 0 -1
    outer loop
      vertex 44.7709 14.0473 1.1
      vertex 55.2291 17.7527 1.1
      vertex 55.5305 16.3344 1.1
    endloop
  endfacet
  facet normal 0 0 -1
    outer loop
      vertex 55.2291 17.7527 1.1
      vertex 44.7709 14.0473 1.1
      vertex 44.4695 15.4656 1.1
    endloop
  endfacet
  facet normal 0.978185 0.207734 0
    outer loop
      vertex 44.4695 15.4656 1.1
      vertex 44.5588 15.0451 0.174999
      vertex 44.4695 15.4656 0
    endloop
  endfacet
  facet normal 0.978157 0.207866 -6.30096e-05
    outer loop
      vertex 44.7709 14.0473 1.1
      vertex 44.5588 15.0451 0.174999
      vertex 44.4695 15.4656 1.1
    endloop
  endfacet
  facet normal 0.978134 0.207973 5.78438e-05
    outer loop
      vertex 44.5588 15.0451 0.174999
      vertex 44.7709 14.0473 1.1
      vertex 44.7259 14.2592 0.174999
    endloop
  endfacet
  facet normal 0.978186 0.207732 -0
    outer loop
      vertex 44.7709 14.0473 0
      vertex 44.7259 14.2592 0.174999
      vertex 44.7709 14.0473 1.1
    endloop
  endfacet
  facet normal 0.978186 0.207732 0
    outer loop
      vertex 44.7259 14.2592 0.174999
      vertex 44.7709 14.0473 0
      vertex 44.7259 14.2592 0
    endloop
  endfacet
  facet normal 0.978185 0.207734 0
    outer loop
      vertex 44.4695 15.4656 0
      vertex 44.5588 15.0451 0.174999
      vertex 44.5588 15.0451 0
    endloop
  endfacet
  facet normal 0.207944 -0.978141 -0.000131929
    outer loop
      vertex 45.2605 15.6338 0.799999
      vertex 44.4695 15.4656 1.1
      vertex 44.7252 15.52 0.799999
    endloop
  endfacet
  facet normal 0.208092 -0.978109 0
    outer loop
      vertex 44.4695 15.4656 0
      vertex 44.7252 15.52 0.799999
      vertex 44.4695 15.4656 1.1
    endloop
  endfacet
  facet normal 0.208092 -0.978109 0
    outer loop
      vertex 44.7252 15.52 0.799999
      vertex 44.4695 15.4656 0
      vertex 44.7252 15.52 0
    endloop
  endfacet
  facet normal 0.207918 -0.978146 -0.000202612
    outer loop
      vertex 44.4695 15.4656 1.1
      vertex 45.2605 15.6338 0.799999
      vertex 55.2291 17.7527 1.1
    endloop
  endfacet
  facet normal 0.207913 -0.978147 0
    outer loop
      vertex 55.2291 17.7527 0
      vertex 45.2605 15.6338 0.799999
      vertex 45.2605 15.6338 0
    endloop
  endfacet
  facet normal 0.207913 -0.978147 0
    outer loop
      vertex 45.2605 15.6338 0.799999
      vertex 55.2291 17.7527 0
      vertex 55.2291 17.7527 1.1
    endloop
  endfacet
  facet normal -0.207918 0.978146 -3.69435e-05
    outer loop
      vertex 55.5305 16.3344 1.1
      vertex 46.1443 14.3392 0.174999
      vertex 44.7709 14.0473 1.1
    endloop
  endfacet
  facet normal -0.207922 0.978145 0
    outer loop
      vertex 55.5305 16.3344 0
      vertex 46.1443 14.3392 0.174999
      vertex 55.5305 16.3344 1.1
    endloop
  endfacet
  facet normal -0.207922 0.978145 0
    outer loop
      vertex 46.1443 14.3392 0.174999
      vertex 55.5305 16.3344 0
      vertex 46.1443 14.3392 0
    endloop
  endfacet
  facet normal -0.207892 0.978152 3.49e-06
    outer loop
      vertex 45.0626 14.1093 0.174999
      vertex 44.7709 14.0473 1.1
      vertex 46.1443 14.3392 0.174999
    endloop
  endfacet
  facet normal -0.207903 0.978149 0
    outer loop
      vertex 44.7709 14.0473 0
      vertex 45.0626 14.1093 0.174999
      vertex 45.0626 14.1093 0
    endloop
  endfacet
  facet normal -0.207903 0.978149 0
    outer loop
      vertex 45.0626 14.1093 0.174999
      vertex 44.7709 14.0473 0
      vertex 44.7709 14.0473 1.1
    endloop
  endfacet
  facet normal -0.978157 -0.207866 0
    outer loop
      vertex 55.5305 16.3344 0
      vertex 55.2291 17.7527 1.1
      vertex 55.2291 17.7527 0
    endloop
  endfacet
  facet normal -0.978157 -0.207866 0
    outer loop
      vertex 55.2291 17.7527 1.1
      vertex 55.5305 16.3344 0
      vertex 55.5305 16.3344 1.1
    endloop
  endfacet
  facet normal 0 0 -1
    outer loop
      vertex 44.7709 16.6473 1.1
      vertex 55.2291 20.3527 1.1
      vertex 55.5305 18.9344 1.1
    endloop
  endfacet
  facet normal 0 0 -1
    outer loop
      vertex 55.2291 20.3527 1.1
      vertex 44.7709 16.6473 1.1
      vertex 44.4695 18.0656 1.1
    endloop
  endfacet
  facet normal 0.978157 0.207866 0
    outer loop
      vertex 44.7709 16.6473 1.1
      vertex 44.4695 18.0656 0
      vertex 44.4695 18.0656 1.1
    endloop
  endfacet
  facet normal 0.978157 0.207866 0
    outer loop
      vertex 44.4695 18.0656 0
      vertex 44.7709 16.6473 1.1
      vertex 44.7709 16.6473 0
    endloop
  endfacet
  facet normal 0.207918 -0.978146 0
    outer loop
      vertex 44.4695 18.0656 0
      vertex 55.2291 20.3527 1.1
      vertex 44.4695 18.0656 1.1
    endloop
  endfacet
  facet normal 0.207918 -0.978146 0
    outer loop
      vertex 55.2291 20.3527 1.1
      vertex 44.4695 18.0656 0
      vertex 55.2291 20.3527 0
    endloop
  endfacet
  facet normal -0.207918 0.978146 0
    outer loop
      vertex 55.5305 18.9344 0
      vertex 44.7709 16.6473 1.1
      vertex 55.5305 18.9344 1.1
    endloop
  endfacet
  facet normal -0.207918 0.978146 0
    outer loop
      vertex 44.7709 16.6473 1.1
      vertex 55.5305 18.9344 0
      vertex 44.7709 16.6473 0
    endloop
  endfacet
  facet normal -0.978157 -0.207866 0
    outer loop
      vertex 55.5305 18.9344 0
      vertex 55.2291 20.3527 1.1
      vertex 55.2291 20.3527 0
    endloop
  endfacet
  facet normal -0.978157 -0.207866 0
    outer loop
      vertex 55.2291 20.3527 1.1
      vertex 55.5305 18.9344 0
      vertex 55.5305 18.9344 1.1
    endloop
  endfacet
  facet normal 0 0 -1
    outer loop
      vertex 44.7709 19.2473 1.1
      vertex 55.2291 22.9527 1.1
      vertex 55.5305 21.5344 1.1
    endloop
  endfacet
  facet normal 0 0 -1
    outer loop
      vertex 55.2291 22.9527 1.1
      vertex 44.7709 19.2473 1.1
      vertex 44.4695 20.6656 1.1
    endloop
  endfacet
  facet normal 0.978157 0.207866 0
    outer loop
      vertex 44.7709 19.2473 1.1
      vertex 44.4695 20.6656 0
      vertex 44.4695 20.6656 1.1
    endloop
  endfacet
  facet normal 0.978157 0.207866 0
    outer loop
      vertex 44.4695 20.6656 0
      vertex 44.7709 19.2473 1.1
      vertex 44.7709 19.2473 0
    endloop
  endfacet
  facet normal 0.207918 -0.978146 0
    outer loop
      vertex 44.4695 20.6656 0
      vertex 55.2291 22.9527 1.1
      vertex 44.4695 20.6656 1.1
    endloop
  endfacet
  facet normal 0.207918 -0.978146 0
    outer loop
      vertex 55.2291 22.9527 1.1
      vertex 44.4695 20.6656 0
      vertex 55.2291 22.9527 0
    endloop
  endfacet
  facet normal -0.207918 0.978146 0
    outer loop
      vertex 55.5305 21.5344 0
      vertex 44.7709 19.2473 1.1
      vertex 55.5305 21.5344 1.1
    endloop
  endfacet
  facet normal -0.207918 0.978146 0
    outer loop
      vertex 44.7709 19.2473 1.1
      vertex 55.5305 21.5344 0
      vertex 44.7709 19.2473 0
    endloop
  endfacet
  facet normal -0.978157 -0.207866 0
    outer loop
      vertex 55.5305 21.5344 0
      vertex 55.2291 22.9527 1.1
      vertex 55.2291 22.9527 0
    endloop
  endfacet
  facet normal -0.978157 -0.207866 0
    outer loop
      vertex 55.2291 22.9527 1.1
      vertex 55.5305 21.5344 0
      vertex 55.5305 21.5344 1.1
    endloop
  endfacet
  facet normal 0 0 -1
    outer loop
      vertex 44.7709 21.8473 1.1
      vertex 55.2291 25.5527 1.1
      vertex 55.5305 24.1344 1.1
    endloop
  endfacet
  facet normal 0 0 -1
    outer loop
      vertex 55.2291 25.5527 1.1
      vertex 44.7709 21.8473 1.1
      vertex 44.4695 23.2656 1.1
    endloop
  endfacet
  facet normal -0.978157 -0.207866 0
    outer loop
      vertex 55.5305 24.1344 0
      vertex 55.2291 25.5527 1.1
      vertex 55.2291 25.5527 0
    endloop
  endfacet
  facet normal -0.978157 -0.207866 0
    outer loop
      vertex 55.2291 25.5527 1.1
      vertex 55.5305 24.1344 0
      vertex 55.5305 24.1344 1.1
    endloop
  endfacet
  facet normal 0.978178 0.207767 0
    outer loop
      vertex 44.4695 23.2656 1.1
      vertex 44.5935 22.6818 0.174999
      vertex 44.4695 23.2656 0
    endloop
  endfacet
  facet normal 0.978157 0.207866 -6.57011e-05
    outer loop
      vertex 44.7709 21.8473 1.1
      vertex 44.5935 22.6818 0.174999
      vertex 44.4695 23.2656 1.1
    endloop
  endfacet
  facet normal 0.978136 0.207967 2.91204e-05
    outer loop
      vertex 44.5935 22.6818 0.174999
      vertex 44.7709 21.8473 1.1
      vertex 44.7317 22.0318 0.174999
    endloop
  endfacet
  facet normal 0.978166 0.207827 -0
    outer loop
      vertex 44.7709 21.8473 0
      vertex 44.7317 22.0318 0.174999
      vertex 44.7709 21.8473 1.1
    endloop
  endfacet
  facet normal 0.978166 0.207827 0
    outer loop
      vertex 44.7317 22.0318 0.174999
      vertex 44.7709 21.8473 0
      vertex 44.7317 22.0318 0
    endloop
  endfacet
  facet normal 0.978178 0.207767 0
    outer loop
      vertex 44.4695 23.2656 0
      vertex 44.5935 22.6818 0.174999
      vertex 44.5935 22.6818 0
    endloop
  endfacet
  facet normal 0.207912 -0.978147 -1.22413e-05
    outer loop
      vertex 50.274 24.4994 0.174999
      vertex 44.4695 23.2656 1.1
      vertex 47.216 23.8494 0.174999
    endloop
  endfacet
  facet normal 0.207916 -0.978147 0
    outer loop
      vertex 44.4695 23.2656 0
      vertex 47.216 23.8494 0.174999
      vertex 44.4695 23.2656 1.1
    endloop
  endfacet
  facet normal 0.207916 -0.978147 0
    outer loop
      vertex 47.216 23.8494 0.174999
      vertex 44.4695 23.2656 0
      vertex 47.216 23.8494 0
    endloop
  endfacet
  facet normal 0.207918 -0.978146 2.72698e-05
    outer loop
      vertex 44.4695 23.2656 1.1
      vertex 50.274 24.4994 0.174999
      vertex 55.2291 25.5527 1.1
    endloop
  endfacet
  facet normal 0.207923 -0.978145 0
    outer loop
      vertex 55.2291 25.5527 0
      vertex 50.274 24.4994 0.174999
      vertex 50.274 24.4994 0
    endloop
  endfacet
  facet normal 0.207923 -0.978145 0
    outer loop
      vertex 50.274 24.4994 0.174999
      vertex 55.2291 25.5527 0
      vertex 55.2291 25.5527 1.1
    endloop
  endfacet
  facet normal -0.207918 0.978146 0
    outer loop
      vertex 55.5305 24.1344 0
      vertex 44.7709 21.8473 1.1
      vertex 55.5305 24.1344 1.1
    endloop
  endfacet
  facet normal -0.207918 0.978146 0
    outer loop
      vertex 44.7709 21.8473 1.1
      vertex 55.5305 24.1344 0
      vertex 44.7709 21.8473 0
    endloop
  endfacet
  facet normal -0.913532 0.406766 0
    outer loop
      vertex 60.9903 7.01784 0
      vertex 61.2547 7.61164 0.174999
      vertex 61.2547 7.61164 0
    endloop
  endfacet
  facet normal -0.913532 0.406766 0
    outer loop
      vertex 61.2547 7.61164 0.174999
      vertex 60.9903 7.01784 0
      vertex 60.9903 7.01784 0.174999
    endloop
  endfacet
  facet normal 0 0 -1
    outer loop
      vertex 21.726 24.4994 0.174999
      vertex 11.0097 29.9822 0.174999
      vertex 24.784 23.8494 0.174999
    endloop
  endfacet
  facet normal 0 -0 -1
    outer loop
      vertex 11.0097 29.9822 0.174999
      vertex 21.726 24.4994 0.174999
      vertex 10.7453 29.3884 0.174999
    endloop
  endfacet
  facet normal 0 0 -1
    outer loop
      vertex 60.9903 7.01784 0.174999
      vertex 50.0969 12.5794 0.174999
      vertex 61.2547 7.61164 0.174999
    endloop
  endfacet
  facet normal 0 -0 -1
    outer loop
      vertex 50.0969 12.5794 0.174999
      vertex 60.9903 7.01784 0.174999
      vertex 49.0152 12.3495 0.174999
    endloop
  endfacet
  facet normal 0 0 -1
    outer loop
      vertex 11.0097 7.01784 0.174999
      vertex 21.9031 12.5794 0.174999
      vertex 22.9848 12.3495 0.174999
    endloop
  endfacet
  facet normal 0 0 -1
    outer loop
      vertex 21.9031 12.5794 0.174999
      vertex 11.0097 7.01784 0.174999
      vertex 10.7453 7.61164 0.174999
    endloop
  endfacet
  facet normal 0 0 -1
    outer loop
      vertex 50.274 24.4994 0.174999
      vertex 60.9903 29.9822 0.174999
      vertex 61.2547 29.3884 0.174999
    endloop
  endfacet
  facet normal 0 0 -1
    outer loop
      vertex 60.9903 29.9822 0.174999
      vertex 50.274 24.4994 0.174999
      vertex 47.216 23.8494 0.174999
    endloop
  endfacet
  facet normal 0 0 -1
    outer loop
      vertex 25.2384 13.3529 0.174999
      vertex 25.8557 14.3392 0.174999
      vertex 26.9374 14.1093 0.174999
    endloop
  endfacet
  facet normal 0 0 -1
    outer loop
      vertex 25.8557 14.3392 0.174999
      vertex 25.2384 13.3529 0.174999
      vertex 24.1567 13.5828 0.174999
    endloop
  endfacet
  facet normal 0 0 -1
    outer loop
      vertex 27.2741 14.2592 0.174999
      vertex 28.5078 15.52 0.174999
      vertex 30.1059 15.52 0.174999
    endloop
  endfacet
  facet normal 0 0 -1
    outer loop
      vertex 28.5078 15.52 0.174999
      vertex 27.2741 14.2592 0.174999
      vertex 27.4412 15.0451 0.174999
    endloop
  endfacet
  facet normal 0 0 -1
    outer loop
      vertex 33.6811 19.88 0.174999
      vertex 33.6839 19.887 0.174999
      vertex 33.6832 19.88 0.174999
    endloop
  endfacet
  facet normal 0 0 -1
    outer loop
      vertex 32.6122 19.6526 0.174999
      vertex 33.6839 19.887 0.174999
      vertex 33.6811 19.88 0.174999
    endloop
  endfacet
  facet normal 0 0 -1
    outer loop
      vertex 32.6122 19.6526 0.174999
      vertex 27.4065 22.6818 0.174999
      vertex 33.6839 19.887 0.174999
    endloop
  endfacet
  facet normal 0 -0 -1
    outer loop
      vertex 27.4065 22.6818 0.174999
      vertex 32.6122 19.6526 0.174999
      vertex 27.2683 22.0318 0.174999
    endloop
  endfacet
  facet normal 0 0 -1
    outer loop
      vertex 46.7616 13.3529 0.174999
      vertex 46.1443 14.3392 0.174999
      vertex 47.8433 13.5828 0.174999
    endloop
  endfacet
  facet normal 0 -0 -1
    outer loop
      vertex 46.1443 14.3392 0.174999
      vertex 46.7616 13.3529 0.174999
      vertex 45.0626 14.1093 0.174999
    endloop
  endfacet
  facet normal 0 0 -1
    outer loop
      vertex 44.7259 14.2592 0.174999
      vertex 43.4922 15.52 0.174999
      vertex 44.5588 15.0451 0.174999
    endloop
  endfacet
  facet normal -0 -0 -1
    outer loop
      vertex 43.4922 15.52 0.174999
      vertex 44.7259 14.2592 0.174999
      vertex 41.8941 15.52 0.174999
    endloop
  endfacet
  facet normal 0 0 -1
    outer loop
      vertex 39.3878 19.6526 0.174999
      vertex 44.5935 22.6818 0.174999
      vertex 44.7317 22.0318 0.174999
    endloop
  endfacet
  facet normal 0 0 -1
    outer loop
      vertex 38.3161 19.887 0.174999
      vertex 39.3878 19.6526 0.174999
      vertex 38.3189 19.88 0.174999
    endloop
  endfacet
  facet normal 0 0 -1
    outer loop
      vertex 38.3161 19.887 0.174999
      vertex 38.3189 19.88 0.174999
      vertex 38.3168 19.88 0.174999
    endloop
  endfacet
  facet normal 0 0 -1
    outer loop
      vertex 39.3878 19.6526 0.174999
      vertex 38.3161 19.887 0.174999
      vertex 44.5935 22.6818 0.174999
    endloop
  endfacet
  facet normal 0.913532 -0.406766 0
    outer loop
      vertex 10.7453 29.3884 0.174999
      vertex 11.0097 29.9822 0
      vertex 11.0097 29.9822 0.174999
    endloop
  endfacet
  facet normal 0.913532 -0.406766 0
    outer loop
      vertex 11.0097 29.9822 0
      vertex 10.7453 29.3884 0.174999
      vertex 10.7453 29.3884 0
    endloop
  endfacet
  facet normal -0.406741 -0.913543 0
    outer loop
      vertex 11.0097 29.9822 0
      vertex 24.784 23.8494 0.174999
      vertex 11.0097 29.9822 0.174999
    endloop
  endfacet
  facet normal -0.406741 -0.913543 -0
    outer loop
      vertex 24.784 23.8494 0.174999
      vertex 11.0097 29.9822 0
      vertex 24.784 23.8494 0
    endloop
  endfacet
  facet normal -0.406736 -0.913546 0
    outer loop
      vertex 50.0969 12.5794 0
      vertex 61.2547 7.61164 0.174999
      vertex 50.0969 12.5794 0.174999
    endloop
  endfacet
  facet normal -0.406736 -0.913546 -0
    outer loop
      vertex 61.2547 7.61164 0.174999
      vertex 50.0969 12.5794 0
      vertex 61.2547 7.61164 0
    endloop
  endfacet
  facet normal -0.406727 -0.91355 0
    outer loop
      vertex 27.4065 22.6818 0
      vertex 33.6839 19.887 0.174999
      vertex 27.4065 22.6818 0.174999
    endloop
  endfacet
  facet normal -0.406727 -0.91355 -0
    outer loop
      vertex 33.6839 19.887 0.174999
      vertex 27.4065 22.6818 0
      vertex 33.6839 19.887 0
    endloop
  endfacet
  facet normal -0.406717 -0.913554 0
    outer loop
      vertex 46.1443 14.3392 0
      vertex 47.8433 13.5828 0.174999
      vertex 46.1443 14.3392 0.174999
    endloop
  endfacet
  facet normal -0.406717 -0.913554 -0
    outer loop
      vertex 47.8433 13.5828 0.174999
      vertex 46.1443 14.3392 0
      vertex 47.8433 13.5828 0
    endloop
  endfacet
  facet normal -0.40675 -0.913539 0
    outer loop
      vertex 43.4922 15.52 0
      vertex 44.5588 15.0451 0.174999
      vertex 43.4922 15.52 0.174999
    endloop
  endfacet
  facet normal -0.40675 -0.913539 -0
    outer loop
      vertex 44.5588 15.0451 0.174999
      vertex 43.4922 15.52 0
      vertex 44.5588 15.0451 0
    endloop
  endfacet
  facet normal 0.406742 0.913543 -0
    outer loop
      vertex 21.726 24.4994 0
      vertex 10.7453 29.3884 0.174999
      vertex 21.726 24.4994 0.174999
    endloop
  endfacet
  facet normal 0.406742 0.913543 0
    outer loop
      vertex 10.7453 29.3884 0.174999
      vertex 21.726 24.4994 0
      vertex 10.7453 29.3884 0
    endloop
  endfacet
  facet normal 0.406737 0.913545 -0
    outer loop
      vertex 60.9903 7.01784 0
      vertex 49.0152 12.3495 0.174999
      vertex 60.9903 7.01784 0.174999
    endloop
  endfacet
  facet normal 0.406737 0.913545 0
    outer loop
      vertex 49.0152 12.3495 0.174999
      vertex 60.9903 7.01784 0
      vertex 49.0152 12.3495 0
    endloop
  endfacet
  facet normal 0.406728 0.913549 -0
    outer loop
      vertex 32.6122 19.6526 0
      vertex 27.2683 22.0318 0.174999
      vertex 32.6122 19.6526 0.174999
    endloop
  endfacet
  facet normal 0.406728 0.913549 0
    outer loop
      vertex 27.2683 22.0318 0.174999
      vertex 32.6122 19.6526 0
      vertex 27.2683 22.0318 0
    endloop
  endfacet
  facet normal 0.406717 0.913554 -0
    outer loop
      vertex 46.7616 13.3529 0
      vertex 45.0626 14.1093 0.174999
      vertex 46.7616 13.3529 0.174999
    endloop
  endfacet
  facet normal 0.406717 0.913554 0
    outer loop
      vertex 45.0626 14.1093 0.174999
      vertex 46.7616 13.3529 0
      vertex 45.0626 14.1093 0
    endloop
  endfacet
  facet normal 0.406737 0.913545 -0
    outer loop
      vertex 44.7259 14.2592 0
      vertex 41.8941 15.52 0.174999
      vertex 44.7259 14.2592 0.174999
    endloop
  endfacet
  facet normal 0.406737 0.913545 0
    outer loop
      vertex 41.8941 15.52 0.174999
      vertex 44.7259 14.2592 0
      vertex 41.8941 15.52 0
    endloop
  endfacet
  facet normal -0.913532 -0.406766 0
    outer loop
      vertex 61.2547 29.3884 0
      vertex 60.9903 29.9822 0.174999
      vertex 60.9903 29.9822 0
    endloop
  endfacet
  facet normal -0.913532 -0.406766 0
    outer loop
      vertex 60.9903 29.9822 0.174999
      vertex 61.2547 29.3884 0
      vertex 61.2547 29.3884 0.174999
    endloop
  endfacet
  facet normal 0.913532 0.406766 0
    outer loop
      vertex 11.0097 7.01784 0.174999
      vertex 10.7453 7.61164 0
      vertex 10.7453 7.61164 0.174999
    endloop
  endfacet
  facet normal 0.913532 0.406766 0
    outer loop
      vertex 10.7453 7.61164 0
      vertex 11.0097 7.01784 0.174999
      vertex 11.0097 7.01784 0
    endloop
  endfacet
  facet normal 0.406736 -0.913546 0
    outer loop
      vertex 10.7453 7.61164 0
      vertex 21.9031 12.5794 0.174999
      vertex 10.7453 7.61164 0.174999
    endloop
  endfacet
  facet normal 0.406736 -0.913546 0
    outer loop
      vertex 21.9031 12.5794 0.174999
      vertex 10.7453 7.61164 0
      vertex 21.9031 12.5794 0
    endloop
  endfacet
  facet normal 0.406741 -0.913543 0
    outer loop
      vertex 47.216 23.8494 0
      vertex 60.9903 29.9822 0.174999
      vertex 47.216 23.8494 0.174999
    endloop
  endfacet
  facet normal 0.406741 -0.913543 0
    outer loop
      vertex 60.9903 29.9822 0.174999
      vertex 47.216 23.8494 0
      vertex 60.9903 29.9822 0
    endloop
  endfacet
  facet normal 0.406717 -0.913554 0
    outer loop
      vertex 24.1567 13.5828 0
      vertex 25.8557 14.3392 0.174999
      vertex 24.1567 13.5828 0.174999
    endloop
  endfacet
  facet normal 0.406717 -0.913554 0
    outer loop
      vertex 25.8557 14.3392 0.174999
      vertex 24.1567 13.5828 0
      vertex 25.8557 14.3392 0
    endloop
  endfacet
  facet normal 0.40675 -0.913539 0
    outer loop
      vertex 27.4412 15.0451 0
      vertex 28.5078 15.52 0.174999
      vertex 27.4412 15.0451 0.174999
    endloop
  endfacet
  facet normal 0.40675 -0.913539 0
    outer loop
      vertex 28.5078 15.52 0.174999
      vertex 27.4412 15.0451 0
      vertex 28.5078 15.52 0
    endloop
  endfacet
  facet normal 0.406727 -0.91355 0
    outer loop
      vertex 38.3161 19.887 0
      vertex 44.5935 22.6818 0.174999
      vertex 38.3161 19.887 0.174999
    endloop
  endfacet
  facet normal 0.406727 -0.91355 0
    outer loop
      vertex 44.5935 22.6818 0.174999
      vertex 38.3161 19.887 0
      vertex 44.5935 22.6818 0
    endloop
  endfacet
  facet normal -0.406737 0.913545 0
    outer loop
      vertex 22.9848 12.3495 0
      vertex 11.0097 7.01784 0.174999
      vertex 22.9848 12.3495 0.174999
    endloop
  endfacet
  facet normal -0.406737 0.913545 0
    outer loop
      vertex 11.0097 7.01784 0.174999
      vertex 22.9848 12.3495 0
      vertex 11.0097 7.01784 0
    endloop
  endfacet
  facet normal -0.406742 0.913543 0
    outer loop
      vertex 61.2547 29.3884 0
      vertex 50.274 24.4994 0.174999
      vertex 61.2547 29.3884 0.174999
    endloop
  endfacet
  facet normal -0.406742 0.913543 0
    outer loop
      vertex 50.274 24.4994 0.174999
      vertex 61.2547 29.3884 0
      vertex 50.274 24.4994 0
    endloop
  endfacet
  facet normal -0.406717 0.913554 0
    outer loop
      vertex 26.9374 14.1093 0
      vertex 25.2384 13.3529 0.174999
      vertex 26.9374 14.1093 0.174999
    endloop
  endfacet
  facet normal -0.406717 0.913554 0
    outer loop
      vertex 25.2384 13.3529 0.174999
      vertex 26.9374 14.1093 0
      vertex 25.2384 13.3529 0
    endloop
  endfacet
  facet normal -0.406737 0.913545 0
    outer loop
      vertex 30.1059 15.52 0
      vertex 27.2741 14.2592 0.174999
      vertex 30.1059 15.52 0.174999
    endloop
  endfacet
  facet normal -0.406737 0.913545 0
    outer loop
      vertex 27.2741 14.2592 0.174999
      vertex 30.1059 15.52 0
      vertex 27.2741 14.2592 0
    endloop
  endfacet
  facet normal -0.406728 0.913549 0
    outer loop
      vertex 44.7317 22.0318 0
      vertex 39.3878 19.6526 0.174999
      vertex 44.7317 22.0318 0.174999
    endloop
  endfacet
  facet normal -0.406728 0.913549 0
    outer loop
      vertex 39.3878 19.6526 0.174999
      vertex 44.7317 22.0318 0
      vertex 39.3878 19.6526 0
    endloop
  endfacet
  facet normal 0 0 -1
    outer loop
      vertex 44.7252 15.52 0.799999
      vertex 43.1091 18.8608 0.799999
      vertex 45.2605 15.6338 0.799999
    endloop
  endfacet
  facet normal 0 0 -1
    outer loop
      vertex 44.7252 15.52 0.799999
      vertex 38.3189 19.88 0.799999
      vertex 43.1091 18.8608 0.799999
    endloop
  endfacet
  facet normal 0 0 -1
    outer loop
      vertex 44.7252 15.52 0.799999
      vertex 38.3168 19.88 0.799999
      vertex 38.3189 19.88 0.799999
    endloop
  endfacet
  facet normal 0 0 -1
    outer loop
      vertex 34.4253 27.7642 0.799999
      vertex 37.5747 27.7642 0.799999
      vertex 38.3168 19.88 0.799999
    endloop
  endfacet
  facet normal 0 0 -1
    outer loop
      vertex 37.5747 27.7642 0.799999
      vertex 34.4253 27.7642 0.799999
      vertex 36 30.0139 0.799999
    endloop
  endfacet
  facet normal 0 0 -1
    outer loop
      vertex 38.3168 19.88 0.799999
      vertex 33.6832 19.88 0.799999
      vertex 34.4253 27.7642 0.799999
    endloop
  endfacet
  facet normal 0 0 -1
    outer loop
      vertex 44.7252 15.52 0.799999
      vertex 33.6832 19.88 0.799999
      vertex 38.3168 19.88 0.799999
    endloop
  endfacet
  facet normal 0 0 -1
    outer loop
      vertex 27.2748 15.52 0.799999
      vertex 33.6832 19.88 0.799999
      vertex 44.7252 15.52 0.799999
    endloop
  endfacet
  facet normal -0 0 -1
    outer loop
      vertex 33.6832 19.88 0.799999
      vertex 27.2748 15.52 0.799999
      vertex 33.6811 19.88 0.799999
    endloop
  endfacet
  facet normal 0 0 -1
    outer loop
      vertex 33.6811 19.88 0.799999
      vertex 27.2748 15.52 0.799999
      vertex 28.8909 18.8608 0.799999
    endloop
  endfacet
  facet normal 0 0 -1
    outer loop
      vertex 28.8909 18.8608 0.799999
      vertex 27.2748 15.52 0.799999
      vertex 26.7395 15.6338 0.799999
    endloop
  endfacet
  facet normal -0.9956 -0.0937056 -0
    outer loop
      vertex 38.3161 19.887 0.174999
      vertex 37.5747 27.7642 0
      vertex 38.3161 19.887 0
    endloop
  endfacet
  facet normal -0.9956 -0.0937056 0
    outer loop
      vertex 37.5747 27.7642 0
      vertex 38.3161 19.887 0.174999
      vertex 37.5747 27.7642 0.799999
    endloop
  endfacet
  facet normal -0.995037 -0.0995037 -0
    outer loop
      vertex 38.3168 19.88 0.799999
      vertex 38.3161 19.887 0.174999
      vertex 38.3168 19.88 0.174999
    endloop
  endfacet
  facet normal -0.995599 -0.0937108 6.55109e-05
    outer loop
      vertex 38.3161 19.887 0.174999
      vertex 38.3168 19.88 0.799999
      vertex 37.5747 27.7642 0.799999
    endloop
  endfacet
  facet normal 0 -1 0
    outer loop
      vertex 38.3168 19.88 0.174999
      vertex 38.3189 19.88 0.799999
      vertex 38.3168 19.88 0.799999
    endloop
  endfacet
  facet normal 0 -1 -0
    outer loop
      vertex 38.3189 19.88 0.799999
      vertex 38.3168 19.88 0.174999
      vertex 38.3189 19.88 0.174999
    endloop
  endfacet
  facet normal -0.208085 -0.978111 0
    outer loop
      vertex 39.3878 19.6526 0.174999
      vertex 38.3189 19.88 0.799999
      vertex 38.3189 19.88 0.174999
    endloop
  endfacet
  facet normal -0.208109 -0.978106 -4.29287e-05
    outer loop
      vertex 38.3189 19.88 0.799999
      vertex 39.3878 19.6526 0.174999
      vertex 43.1091 18.8608 0.799999
    endloop
  endfacet
  facet normal -0.208116 -0.978104 0
    outer loop
      vertex 43.1091 18.8608 0
      vertex 39.3878 19.6526 0.174999
      vertex 39.3878 19.6526 0
    endloop
  endfacet
  facet normal -0.208116 -0.978104 0
    outer loop
      vertex 39.3878 19.6526 0.174999
      vertex 43.1091 18.8608 0
      vertex 43.1091 18.8608 0.799999
    endloop
  endfacet
  facet normal -0.832042 -0.554712 0
    outer loop
      vertex 45.2605 15.6338 0
      vertex 43.1091 18.8608 0.799999
      vertex 43.1091 18.8608 0
    endloop
  endfacet
  facet normal -0.832042 -0.554712 0
    outer loop
      vertex 43.1091 18.8608 0.799999
      vertex 45.2605 15.6338 0
      vertex 45.2605 15.6338 0.799999
    endloop
  endfacet
  facet normal 0 1 -0
    outer loop
      vertex 41.8941 15.52 0
      vertex 30.1059 15.52 0.174999
      vertex 41.8941 15.52 0.174999
    endloop
  endfacet
  facet normal 0 1 0
    outer loop
      vertex 30.1059 15.52 0.174999
      vertex 41.8941 15.52 0
      vertex 30.1059 15.52 0
    endloop
  endfacet
  facet normal 0 1 0
    outer loop
      vertex 41.8941 15.52 0.174999
      vertex 44.7252 15.52 0.799999
      vertex 43.4922 15.52 0.174999
    endloop
  endfacet
  facet normal 0 1 -0
    outer loop
      vertex 44.7252 15.52 0
      vertex 43.4922 15.52 0.174999
      vertex 44.7252 15.52 0.799999
    endloop
  endfacet
  facet normal 0 1 0
    outer loop
      vertex 43.4922 15.52 0.174999
      vertex 44.7252 15.52 0
      vertex 43.4922 15.52 0
    endloop
  endfacet
  facet normal 0 1 0
    outer loop
      vertex 44.7252 15.52 0.799999
      vertex 41.8941 15.52 0.174999
      vertex 27.2748 15.52 0.799999
    endloop
  endfacet
  facet normal 0 1 -0
    outer loop
      vertex 30.1059 15.52 0.174999
      vertex 27.2748 15.52 0.799999
      vertex 41.8941 15.52 0.174999
    endloop
  endfacet
  facet normal 0 1 -0
    outer loop
      vertex 28.5078 15.52 0.174999
      vertex 27.2748 15.52 0.799999
      vertex 30.1059 15.52 0.174999
    endloop
  endfacet
  facet normal 0 1 0
    outer loop
      vertex 27.2748 15.52 0
      vertex 28.5078 15.52 0.174999
      vertex 28.5078 15.52 0
    endloop
  endfacet
  facet normal 0 1 0
    outer loop
      vertex 28.5078 15.52 0.174999
      vertex 27.2748 15.52 0
      vertex 27.2748 15.52 0.799999
    endloop
  endfacet
  facet normal 0.832042 -0.554712 0
    outer loop
      vertex 26.7395 15.6338 0.799999
      vertex 28.8909 18.8608 0
      vertex 28.8909 18.8608 0.799999
    endloop
  endfacet
  facet normal 0.832042 -0.554712 0
    outer loop
      vertex 28.8909 18.8608 0
      vertex 26.7395 15.6338 0.799999
      vertex 26.7395 15.6338 0
    endloop
  endfacet
  facet normal 0.208109 -0.978106 -4.29287e-05
    outer loop
      vertex 28.8909 18.8608 0.799999
      vertex 32.6122 19.6526 0.174999
      vertex 33.6811 19.88 0.799999
    endloop
  endfacet
  facet normal 0.208116 -0.978104 0
    outer loop
      vertex 28.8909 18.8608 0
      vertex 32.6122 19.6526 0.174999
      vertex 28.8909 18.8608 0.799999
    endloop
  endfacet
  facet normal 0.208116 -0.978104 0
    outer loop
      vertex 32.6122 19.6526 0.174999
      vertex 28.8909 18.8608 0
      vertex 32.6122 19.6526 0
    endloop
  endfacet
  facet normal 0.208085 -0.978111 0
    outer loop
      vertex 33.6811 19.88 0.799999
      vertex 32.6122 19.6526 0.174999
      vertex 33.6811 19.88 0.174999
    endloop
  endfacet
  facet normal 0 -1 0
    outer loop
      vertex 33.6811 19.88 0.174999
      vertex 33.6832 19.88 0.799999
      vertex 33.6811 19.88 0.799999
    endloop
  endfacet
  facet normal 0 -1 -0
    outer loop
      vertex 33.6832 19.88 0.799999
      vertex 33.6811 19.88 0.174999
      vertex 33.6832 19.88 0.174999
    endloop
  endfacet
  facet normal 0.9956 -0.0937056 0
    outer loop
      vertex 34.4253 27.7642 0.799999
      vertex 33.6839 19.887 0.174999
      vertex 34.4253 27.7642 0
    endloop
  endfacet
  facet normal 0.995599 -0.0937108 6.55109e-05
    outer loop
      vertex 33.6832 19.88 0.799999
      vertex 33.6839 19.887 0.174999
      vertex 34.4253 27.7642 0.799999
    endloop
  endfacet
  facet normal 0.995037 -0.0995037 0
    outer loop
      vertex 33.6839 19.887 0.174999
      vertex 33.6832 19.88 0.799999
      vertex 33.6832 19.88 0.174999
    endloop
  endfacet
  facet normal 0.9956 -0.0937056 0
    outer loop
      vertex 34.4253 27.7642 0
      vertex 33.6839 19.887 0.174999
      vertex 33.6839 19.887 0
    endloop
  endfacet
  facet normal 0.819247 -0.57344 0
    outer loop
      vertex 34.4253 27.7642 0.799999
      vertex 36 30.0139 0
      vertex 36 30.0139 0.799999
    endloop
  endfacet
  facet normal 0.819247 -0.57344 0
    outer loop
      vertex 36 30.0139 0
      vertex 34.4253 27.7642 0.799999
      vertex 34.4253 27.7642 0
    endloop
  endfacet
  facet normal -0.819247 -0.57344 0
    outer loop
      vertex 37.5747 27.7642 0
      vertex 36 30.0139 0.799999
      vertex 36 30.0139 0
    endloop
  endfacet
  facet normal -0.819247 -0.57344 0
    outer loop
      vertex 36 30.0139 0.799999
      vertex 37.5747 27.7642 0
      vertex 37.5747 27.7642 0.799999
    endloop
  endfacet
  facet normal 0 0 -1
    outer loop
      vertex 27.6358 6.06494 0.45
      vertex 28.1112 5.95349 0.45
      vertex 28.0831 5.87305 0.45
    endloop
  endfacet
  facet normal 0 0 -1
    outer loop
      vertex 27.6204 6.02555 0.45
      vertex 28.0831 5.87305 0.45
      vertex 28.0485 5.80002 0.45
    endloop
  endfacet
  facet normal 0 0 -1
    outer loop
      vertex 27.6019 5.98925 0.45
      vertex 28.0485 5.80002 0.45
      vertex 28.0075 5.73439 0.45
    endloop
  endfacet
  facet normal 0 0 -1
    outer loop
      vertex 27.6019 5.98925 0.45
      vertex 28.0075 5.73439 0.45
      vertex 27.9599 5.67617 0.45
    endloop
  endfacet
  facet normal 0 0 -1
    outer loop
      vertex 27.5802 5.95607 0.45
      vertex 27.9599 5.67617 0.45
      vertex 27.9059 5.62534 0.45
    endloop
  endfacet
  facet normal 0 0 -1
    outer loop
      vertex 27.5553 5.92601 0.45
      vertex 27.9059 5.62534 0.45
      vertex 27.8455 5.58193 0.45
    endloop
  endfacet
  facet normal 0 0 -1
    outer loop
      vertex 27.5553 5.92601 0.45
      vertex 27.8455 5.58193 0.45
      vertex 27.7773 5.54503 0.45
    endloop
  endfacet
  facet normal 0 0 -1
    outer loop
      vertex 27.5274 5.89905 0.45
      vertex 27.7773 5.54503 0.45
      vertex 27.7 5.51383 0.45
    endloop
  endfacet
  facet normal 0 0 -1
    outer loop
      vertex 28.0485 5.80002 0.45
      vertex 27.6019 5.98925 0.45
      vertex 27.6204 6.02555 0.45
    endloop
  endfacet
  facet normal 0 0 -1
    outer loop
      vertex 28.1112 5.95349 0.45
      vertex 27.648 6.10747 0.45
      vertex 28.1329 6.04134 0.45
    endloop
  endfacet
  facet normal 0 0 -1
    outer loop
      vertex 28.1112 5.95349 0.45
      vertex 27.6358 6.06494 0.45
      vertex 27.648 6.10747 0.45
    endloop
  endfacet
  facet normal 0 0 -1
    outer loop
      vertex 27.4962 5.87522 0.45
      vertex 27.7 5.51383 0.45
      vertex 27.6138 5.48828 0.45
    endloop
  endfacet
  facet normal 0 0 -1
    outer loop
      vertex 28.0831 5.87305 0.45
      vertex 27.6204 6.02555 0.45
      vertex 27.6358 6.06494 0.45
    endloop
  endfacet
  facet normal 0 0 -1
    outer loop
      vertex 27.9599 5.67617 0.45
      vertex 27.5802 5.95607 0.45
      vertex 27.6019 5.98925 0.45
    endloop
  endfacet
  facet normal 0 0 -1
    outer loop
      vertex 27.9059 5.62534 0.45
      vertex 27.5553 5.92601 0.45
      vertex 27.5802 5.95607 0.45
    endloop
  endfacet
  facet normal 0 0 -1
    outer loop
      vertex 27.7773 5.54503 0.45
      vertex 27.5274 5.89905 0.45
      vertex 27.5553 5.92601 0.45
    endloop
  endfacet
  facet normal 0 0 -1
    outer loop
      vertex 27.4615 5.85453 0.45
      vertex 27.6138 5.48828 0.45
      vertex 27.5185 5.46843 0.45
    endloop
  endfacet
  facet normal 0 0 -1
    outer loop
      vertex 27.7 5.51383 0.45
      vertex 27.4962 5.87522 0.45
      vertex 27.5274 5.89905 0.45
    endloop
  endfacet
  facet normal 0 0 -1
    outer loop
      vertex 27.6138 5.48828 0.45
      vertex 27.4615 5.85453 0.45
      vertex 27.4962 5.87522 0.45
    endloop
  endfacet
  facet normal 0 0 -1
    outer loop
      vertex 27.5185 5.46843 0.45
      vertex 27.4228 5.83701 0.45
      vertex 27.4615 5.85453 0.45
    endloop
  endfacet
  facet normal 0 0 -1
    outer loop
      vertex 27.38 5.8227 0.45
      vertex 27.5185 5.46843 0.45
      vertex 27.4141 5.45424 0.45
    endloop
  endfacet
  facet normal 0 0 -1
    outer loop
      vertex 27.5185 5.46843 0.45
      vertex 27.38 5.8227 0.45
      vertex 27.4228 5.83701 0.45
    endloop
  endfacet
  facet normal 0 0 -1
    outer loop
      vertex 27.4141 5.45424 0.45
      vertex 27.3331 5.81154 0.45
      vertex 27.38 5.8227 0.45
    endloop
  endfacet
  facet normal 0 0 -1
    outer loop
      vertex 27.3008 5.44573 0.45
      vertex 27.3331 5.81154 0.45
      vertex 27.4141 5.45424 0.45
    endloop
  endfacet
  facet normal 0 0 -1
    outer loop
      vertex 27.3008 5.44573 0.45
      vertex 27.2822 5.80359 0.45
      vertex 27.3331 5.81154 0.45
    endloop
  endfacet
  facet normal 0 0 -1
    outer loop
      vertex 27.3008 5.44573 0.45
      vertex 27.2272 5.79882 0.45
      vertex 27.2822 5.80359 0.45
    endloop
  endfacet
  facet normal 0 0 -1
    outer loop
      vertex 27.1784 5.44289 0.45
      vertex 27.2272 5.79882 0.45
      vertex 27.3008 5.44573 0.45
    endloop
  endfacet
  facet normal 0 0 -1
    outer loop
      vertex 27.1784 5.44289 0.45
      vertex 27.1682 5.79721 0.45
      vertex 27.2272 5.79882 0.45
    endloop
  endfacet
  facet normal 0 0 -1
    outer loop
      vertex 27.0502 5.44641 0.45
      vertex 27.1682 5.79721 0.45
      vertex 27.1784 5.44289 0.45
    endloop
  endfacet
  facet normal 0 0 -1
    outer loop
      vertex 27.0502 5.44641 0.45
      vertex 27.0477 5.80303 0.45
      vertex 27.1682 5.79721 0.45
    endloop
  endfacet
  facet normal 0 0 -1
    outer loop
      vertex 26.931 5.45694 0.45
      vertex 27.0477 5.80303 0.45
      vertex 27.0502 5.44641 0.45
    endloop
  endfacet
  facet normal -0 0 -1
    outer loop
      vertex 27.0477 5.80303 0.45
      vertex 26.931 5.45694 0.45
      vertex 26.9457 5.82047 0.45
    endloop
  endfacet
  facet normal 0 0 -1
    outer loop
      vertex 26.8209 5.47451 0.45
      vertex 26.9457 5.82047 0.45
      vertex 26.931 5.45694 0.45
    endloop
  endfacet
  facet normal -0 0 -1
    outer loop
      vertex 26.9457 5.82047 0.45
      vertex 26.8209 5.47451 0.45
      vertex 26.8622 5.84954 0.45
    endloop
  endfacet
  facet normal 0 0 -1
    outer loop
      vertex 26.7198 5.49909 0.45
      vertex 26.8622 5.84954 0.45
      vertex 26.8209 5.47451 0.45
    endloop
  endfacet
  facet normal 0 0 -1
    outer loop
      vertex 26.6277 5.53069 0.45
      vertex 26.8622 5.84954 0.45
      vertex 26.7198 5.49909 0.45
    endloop
  endfacet
  facet normal -0 0 -1
    outer loop
      vertex 26.8622 5.84954 0.45
      vertex 26.6277 5.53069 0.45
      vertex 26.7973 5.89022 0.45
    endloop
  endfacet
  facet normal 0 0 -1
    outer loop
      vertex 26.5446 5.56932 0.45
      vertex 26.7973 5.89022 0.45
      vertex 26.6277 5.53069 0.45
    endloop
  endfacet
  facet normal 0 0 -1
    outer loop
      vertex 26.4706 5.61496 0.45
      vertex 26.7973 5.89022 0.45
      vertex 26.5446 5.56932 0.45
    endloop
  endfacet
  facet normal -0 0 -1
    outer loop
      vertex 26.7973 5.89022 0.45
      vertex 26.4706 5.61496 0.45
      vertex 26.751 5.94252 0.45
    endloop
  endfacet
  facet normal 0 0 -1
    outer loop
      vertex 26.7139 6.08202 0.45
      vertex 26.6571 6.71083 0.45
      vertex 26.6867 6.722 0.45
    endloop
  endfacet
  facet normal 0 0 -1
    outer loop
      vertex 26.7139 6.08202 0.45
      vertex 26.6283 6.69911 0.45
      vertex 26.6571 6.71083 0.45
    endloop
  endfacet
  facet normal 0 0 -1
    outer loop
      vertex 26.4061 5.66722 0.45
      vertex 26.751 5.94252 0.45
      vertex 26.4706 5.61496 0.45
    endloop
  endfacet
  facet normal 0 0 -1
    outer loop
      vertex 26.7139 6.08202 0.45
      vertex 26.6004 6.68683 0.45
      vertex 26.6283 6.69911 0.45
    endloop
  endfacet
  facet normal 0 0 -1
    outer loop
      vertex 26.7139 6.08202 0.45
      vertex 26.5732 6.674 0.45
      vertex 26.6004 6.68683 0.45
    endloop
  endfacet
  facet normal 0 0 -1
    outer loop
      vertex 26.7139 6.08202 0.45
      vertex 26.547 6.6606 0.45
      vertex 26.5732 6.674 0.45
    endloop
  endfacet
  facet normal 0 0 -1
    outer loop
      vertex 26.3514 5.72568 0.45
      vertex 26.751 5.94252 0.45
      vertex 26.4061 5.66722 0.45
    endloop
  endfacet
  facet normal 0 -0 -1
    outer loop
      vertex 26.23 6.18116 0.45
      vertex 26.7139 6.08202 0.45
      vertex 26.228 6.14658 0.45
    endloop
  endfacet
  facet normal 0 -0 -1
    outer loop
      vertex 26.2334 6.21454 0.45
      vertex 26.7139 6.08202 0.45
      vertex 26.23 6.18116 0.45
    endloop
  endfacet
  facet normal 0 0 -1
    outer loop
      vertex 26.7139 6.08202 0.45
      vertex 26.5215 6.64667 0.45
      vertex 26.547 6.6606 0.45
    endloop
  endfacet
  facet normal -0 0 -1
    outer loop
      vertex 26.751 5.94252 0.45
      vertex 26.3514 5.72568 0.45
      vertex 26.7231 6.00646 0.45
    endloop
  endfacet
  facet normal 0 -0 -1
    outer loop
      vertex 26.2381 6.24675 0.45
      vertex 26.7139 6.08202 0.45
      vertex 26.2334 6.21454 0.45
    endloop
  endfacet
  facet normal 0 0 -1
    outer loop
      vertex 26.7139 6.08202 0.45
      vertex 26.4969 6.63217 0.45
      vertex 26.5215 6.64667 0.45
    endloop
  endfacet
  facet normal 0 0 -1
    outer loop
      vertex 26.7139 6.08202 0.45
      vertex 26.4732 6.61696 0.45
      vertex 26.4969 6.63217 0.45
    endloop
  endfacet
  facet normal 0 0 -1
    outer loop
      vertex 26.3068 5.79033 0.45
      vertex 26.7231 6.00646 0.45
      vertex 26.3514 5.72568 0.45
    endloop
  endfacet
  facet normal 0 0 -1
    outer loop
      vertex 26.7139 6.08202 0.45
      vertex 26.4505 6.60088 0.45
      vertex 26.4732 6.61696 0.45
    endloop
  endfacet
  facet normal 0 0 -1
    outer loop
      vertex 26.7139 6.08202 0.45
      vertex 26.4289 6.58394 0.45
      vertex 26.4505 6.60088 0.45
    endloop
  endfacet
  facet normal 0 0 -1
    outer loop
      vertex 26.7139 6.08202 0.45
      vertex 26.4083 6.56613 0.45
      vertex 26.4289 6.58394 0.45
    endloop
  endfacet
  facet normal 0 0 -1
    outer loop
      vertex 26.272 5.86116 0.45
      vertex 26.7231 6.00646 0.45
      vertex 26.3068 5.79033 0.45
    endloop
  endfacet
  facet normal 0 0 -1
    outer loop
      vertex 26.7139 6.08202 0.45
      vertex 26.3887 6.54747 0.45
      vertex 26.4083 6.56613 0.45
    endloop
  endfacet
  facet normal 0 0 -1
    outer loop
      vertex 26.7139 6.08202 0.45
      vertex 26.3702 6.52794 0.45
      vertex 26.3887 6.54747 0.45
    endloop
  endfacet
  facet normal 0 0 -1
    outer loop
      vertex 26.2472 5.9382 0.45
      vertex 26.7231 6.00646 0.45
      vertex 26.272 5.86116 0.45
    endloop
  endfacet
  facet normal 0 0 -1
    outer loop
      vertex 26.7139 6.08202 0.45
      vertex 26.3528 6.50754 0.45
      vertex 26.3702 6.52794 0.45
    endloop
  endfacet
  facet normal 0 0 -1
    outer loop
      vertex 26.7139 6.08202 0.45
      vertex 26.3363 6.48619 0.45
      vertex 26.3528 6.50754 0.45
    endloop
  endfacet
  facet normal 0 0 -1
    outer loop
      vertex 26.7139 6.08202 0.45
      vertex 26.321 6.46381 0.45
      vertex 26.3363 6.48619 0.45
    endloop
  endfacet
  facet normal -0 0 -1
    outer loop
      vertex 26.7231 6.00646 0.45
      vertex 26.2472 5.9382 0.45
      vertex 26.7139 6.08202 0.45
    endloop
  endfacet
  facet normal 0 0 -1
    outer loop
      vertex 26.7139 6.08202 0.45
      vertex 26.3067 6.44039 0.45
      vertex 26.321 6.46381 0.45
    endloop
  endfacet
  facet normal 0 0 -1
    outer loop
      vertex 26.7139 6.08202 0.45
      vertex 26.2814 6.39043 0.45
      vertex 26.2935 6.41593 0.45
    endloop
  endfacet
  facet normal 0 0 -1
    outer loop
      vertex 26.7139 6.08202 0.45
      vertex 26.2704 6.36389 0.45
      vertex 26.2814 6.39043 0.45
    endloop
  endfacet
  facet normal 0 0 -1
    outer loop
      vertex 26.7139 6.08202 0.45
      vertex 26.2472 5.9382 0.45
      vertex 26.2323 6.02143 0.45
    endloop
  endfacet
  facet normal 0 0 -1
    outer loop
      vertex 26.7139 6.08202 0.45
      vertex 26.2516 6.30764 0.45
      vertex 26.2604 6.33632 0.45
    endloop
  endfacet
  facet normal 0 -0 -1
    outer loop
      vertex 26.2516 6.30764 0.45
      vertex 26.7139 6.08202 0.45
      vertex 26.2442 6.27777 0.45
    endloop
  endfacet
  facet normal 0 -0 -1
    outer loop
      vertex 26.2442 6.27777 0.45
      vertex 26.7139 6.08202 0.45
      vertex 26.2381 6.24675 0.45
    endloop
  endfacet
  facet normal -0 0 -1
    outer loop
      vertex 26.7139 6.08202 0.45
      vertex 26.2323 6.02143 0.45
      vertex 26.2273 6.11084 0.45
    endloop
  endfacet
  facet normal 0 0 -1
    outer loop
      vertex 26.7139 6.08202 0.45
      vertex 26.2604 6.33632 0.45
      vertex 26.2704 6.36389 0.45
    endloop
  endfacet
  facet normal 0 0 -1
    outer loop
      vertex 26.7139 6.08202 0.45
      vertex 26.2935 6.41593 0.45
      vertex 26.3067 6.44039 0.45
    endloop
  endfacet
  facet normal 0 0 -1
    outer loop
      vertex 26.7139 6.08202 0.45
      vertex 26.2273 6.11084 0.45
      vertex 26.228 6.14658 0.45
    endloop
  endfacet
  facet normal 0 0 -1
    outer loop
      vertex 28.1956 7.17888 0.45
      vertex 27.7078 7.17937 0.45
      vertex 27.709 7.20771 0.45
    endloop
  endfacet
  facet normal 0 0 -1
    outer loop
      vertex 27.7827 6.57453 0.45
      vertex 27.7041 7.15248 0.45
      vertex 27.7078 7.17937 0.45
    endloop
  endfacet
  facet normal 0 0 -1
    outer loop
      vertex 27.7827 6.57453 0.45
      vertex 27.698 7.12706 0.45
      vertex 27.7041 7.15248 0.45
    endloop
  endfacet
  facet normal 0 0 -1
    outer loop
      vertex 27.7827 6.57453 0.45
      vertex 27.6894 7.10308 0.45
      vertex 27.698 7.12706 0.45
    endloop
  endfacet
  facet normal 0 0 -1
    outer loop
      vertex 27.5378 6.95667 0.45
      vertex 27.7364 6.55661 0.45
      vertex 27.682 6.53826 0.45
    endloop
  endfacet
  facet normal 0 0 -1
    outer loop
      vertex 27.7827 6.57453 0.45
      vertex 27.6783 7.08055 0.45
      vertex 27.6894 7.10308 0.45
    endloop
  endfacet
  facet normal 0 0 -1
    outer loop
      vertex 27.7827 6.57453 0.45
      vertex 27.6648 7.0595 0.45
      vertex 27.6783 7.08055 0.45
    endloop
  endfacet
  facet normal 0 0 -1
    outer loop
      vertex 27.7827 6.57453 0.45
      vertex 27.6488 7.03987 0.45
      vertex 27.6648 7.0595 0.45
    endloop
  endfacet
  facet normal 0 0 -1
    outer loop
      vertex 27.7827 6.57453 0.45
      vertex 27.6306 7.02144 0.45
      vertex 27.6488 7.03987 0.45
    endloop
  endfacet
  facet normal 0 0 -1
    outer loop
      vertex 27.5095 6.94272 0.45
      vertex 27.682 6.53826 0.45
      vertex 27.6196 6.51946 0.45
    endloop
  endfacet
  facet normal 0 0 -1
    outer loop
      vertex 27.7827 6.57453 0.45
      vertex 27.6104 7.00389 0.45
      vertex 27.6306 7.02144 0.45
    endloop
  endfacet
  facet normal 0 0 -1
    outer loop
      vertex 27.7827 6.57453 0.45
      vertex 27.5882 6.98725 0.45
      vertex 27.6104 7.00389 0.45
    endloop
  endfacet
  facet normal 0 0 -1
    outer loop
      vertex 27.7827 6.57453 0.45
      vertex 27.564 6.97151 0.45
      vertex 27.5882 6.98725 0.45
    endloop
  endfacet
  facet normal 0 0 -1
    outer loop
      vertex 27.444 6.91671 0.45
      vertex 27.6196 6.51946 0.45
      vertex 27.5493 6.5002 0.45
    endloop
  endfacet
  facet normal 0 0 -1
    outer loop
      vertex 27.7364 6.55661 0.45
      vertex 27.5378 6.95667 0.45
      vertex 27.564 6.97151 0.45
    endloop
  endfacet
  facet normal 0 0 -1
    outer loop
      vertex 27.682 6.53826 0.45
      vertex 27.5095 6.94272 0.45
      vertex 27.5378 6.95667 0.45
    endloop
  endfacet
  facet normal 0 0 -1
    outer loop
      vertex 27.6196 6.51946 0.45
      vertex 27.4793 6.92968 0.45
      vertex 27.5095 6.94272 0.45
    endloop
  endfacet
  facet normal 0 0 -1
    outer loop
      vertex 27.4004 6.90297 0.45
      vertex 27.5493 6.5002 0.45
      vertex 27.4709 6.4805 0.45
    endloop
  endfacet
  facet normal 0 0 -1
    outer loop
      vertex 27.6196 6.51946 0.45
      vertex 27.444 6.91671 0.45
      vertex 27.4793 6.92968 0.45
    endloop
  endfacet
  facet normal 0 0 -1
    outer loop
      vertex 27.5493 6.5002 0.45
      vertex 27.4004 6.90297 0.45
      vertex 27.444 6.91671 0.45
    endloop
  endfacet
  facet normal 0 0 -1
    outer loop
      vertex 27.3487 6.88848 0.45
      vertex 27.4709 6.4805 0.45
      vertex 27.3846 6.46035 0.45
    endloop
  endfacet
  facet normal 0 0 -1
    outer loop
      vertex 27.4709 6.4805 0.45
      vertex 27.3487 6.88848 0.45
      vertex 27.4004 6.90297 0.45
    endloop
  endfacet
  facet normal 0 0 -1
    outer loop
      vertex 27.2206 6.85718 0.45
      vertex 27.3846 6.46035 0.45
      vertex 27.2903 6.43975 0.45
    endloop
  endfacet
  facet normal 0 0 -1
    outer loop
      vertex 27.3846 6.46035 0.45
      vertex 27.2887 6.87322 0.45
      vertex 27.3487 6.88848 0.45
    endloop
  endfacet
  facet normal 0 0 -1
    outer loop
      vertex 27.3846 6.46035 0.45
      vertex 27.2206 6.85718 0.45
      vertex 27.2887 6.87322 0.45
    endloop
  endfacet
  facet normal 0 0 -1
    outer loop
      vertex 27.1443 6.8404 0.45
      vertex 27.2903 6.43975 0.45
      vertex 27.2114 6.42226 0.45
    endloop
  endfacet
  facet normal 0 0 -1
    outer loop
      vertex 27.2903 6.43975 0.45
      vertex 27.1443 6.8404 0.45
      vertex 27.2206 6.85718 0.45
    endloop
  endfacet
  facet normal 0 0 -1
    outer loop
      vertex 27.0597 6.82285 0.45
      vertex 27.2114 6.42226 0.45
      vertex 27.1405 6.40563 0.45
    endloop
  endfacet
  facet normal 0 0 -1
    outer loop
      vertex 26.9865 6.80544 0.45
      vertex 27.1405 6.40563 0.45
      vertex 27.0776 6.38988 0.45
    endloop
  endfacet
  facet normal 0 0 -1
    outer loop
      vertex 27.2114 6.42226 0.45
      vertex 27.0597 6.82285 0.45
      vertex 27.1443 6.8404 0.45
    endloop
  endfacet
  facet normal 0 0 -1
    outer loop
      vertex 26.9199 6.78902 0.45
      vertex 27.0776 6.38988 0.45
      vertex 27.0226 6.37499 0.45
    endloop
  endfacet
  facet normal 0 0 -1
    outer loop
      vertex 27.1405 6.40563 0.45
      vertex 26.9865 6.80544 0.45
      vertex 27.0597 6.82285 0.45
    endloop
  endfacet
  facet normal 0 0 -1
    outer loop
      vertex 26.86 6.77361 0.45
      vertex 27.0226 6.37499 0.45
      vertex 26.9756 6.36095 0.45
    endloop
  endfacet
  facet normal 0 0 -1
    outer loop
      vertex 26.8067 6.7592 0.45
      vertex 26.9756 6.36095 0.45
      vertex 26.9365 6.3478 0.45
    endloop
  endfacet
  facet normal 0 0 -1
    outer loop
      vertex 27.0776 6.38988 0.45
      vertex 26.9199 6.78902 0.45
      vertex 26.9865 6.80544 0.45
    endloop
  endfacet
  facet normal 0 0 -1
    outer loop
      vertex 26.7601 6.74579 0.45
      vertex 26.9365 6.3478 0.45
      vertex 26.9054 6.3355 0.45
    endloop
  endfacet
  facet normal 0 0 -1
    outer loop
      vertex 26.7201 6.7334 0.45
      vertex 26.9054 6.3355 0.45
      vertex 26.8793 6.32326 0.45
    endloop
  endfacet
  facet normal 0 0 -1
    outer loop
      vertex 27.0226 6.37499 0.45
      vertex 26.86 6.77361 0.45
      vertex 26.9199 6.78902 0.45
    endloop
  endfacet
  facet normal 0 0 -1
    outer loop
      vertex 26.6867 6.722 0.45
      vertex 26.8793 6.32326 0.45
      vertex 26.855 6.31031 0.45
    endloop
  endfacet
  facet normal 0 0 -1
    outer loop
      vertex 26.6867 6.722 0.45
      vertex 26.855 6.31031 0.45
      vertex 26.8326 6.29662 0.45
    endloop
  endfacet
  facet normal 0 0 -1
    outer loop
      vertex 26.6867 6.722 0.45
      vertex 26.8326 6.29662 0.45
      vertex 26.8121 6.2822 0.45
    endloop
  endfacet
  facet normal 0 0 -1
    outer loop
      vertex 26.9756 6.36095 0.45
      vertex 26.8067 6.7592 0.45
      vertex 26.86 6.77361 0.45
    endloop
  endfacet
  facet normal 0 0 -1
    outer loop
      vertex 26.6867 6.722 0.45
      vertex 26.8121 6.2822 0.45
      vertex 26.7936 6.26706 0.45
    endloop
  endfacet
  facet normal 0 0 -1
    outer loop
      vertex 26.6867 6.722 0.45
      vertex 26.7936 6.26706 0.45
      vertex 26.7769 6.25121 0.45
    endloop
  endfacet
  facet normal 0 0 -1
    outer loop
      vertex 26.6867 6.722 0.45
      vertex 26.7769 6.25121 0.45
      vertex 26.7622 6.23462 0.45
    endloop
  endfacet
  facet normal 0 0 -1
    outer loop
      vertex 26.9365 6.3478 0.45
      vertex 26.7601 6.74579 0.45
      vertex 26.8067 6.7592 0.45
    endloop
  endfacet
  facet normal 0 0 -1
    outer loop
      vertex 26.6867 6.722 0.45
      vertex 26.7622 6.23462 0.45
      vertex 26.7494 6.21697 0.45
    endloop
  endfacet
  facet normal 0 0 -1
    outer loop
      vertex 26.6867 6.722 0.45
      vertex 26.7494 6.21697 0.45
      vertex 26.7385 6.19794 0.45
    endloop
  endfacet
  facet normal 0 0 -1
    outer loop
      vertex 26.6867 6.722 0.45
      vertex 26.7385 6.19794 0.45
      vertex 26.7296 6.17752 0.45
    endloop
  endfacet
  facet normal 0 0 -1
    outer loop
      vertex 26.6867 6.722 0.45
      vertex 26.7296 6.17752 0.45
      vertex 26.7227 6.15572 0.45
    endloop
  endfacet
  facet normal 0 0 -1
    outer loop
      vertex 26.9054 6.3355 0.45
      vertex 26.7201 6.7334 0.45
      vertex 26.7601 6.74579 0.45
    endloop
  endfacet
  facet normal 0 0 -1
    outer loop
      vertex 26.6867 6.722 0.45
      vertex 26.7227 6.15572 0.45
      vertex 26.7178 6.13254 0.45
    endloop
  endfacet
  facet normal 0 0 -1
    outer loop
      vertex 26.6867 6.722 0.45
      vertex 26.7178 6.13254 0.45
      vertex 26.7149 6.10797 0.45
    endloop
  endfacet
  facet normal 0 0 -1
    outer loop
      vertex 26.6867 6.722 0.45
      vertex 26.7149 6.10797 0.45
      vertex 26.7139 6.08202 0.45
    endloop
  endfacet
  facet normal 0 0 -1
    outer loop
      vertex 26.8793 6.32326 0.45
      vertex 26.6867 6.722 0.45
      vertex 26.7201 6.7334 0.45
    endloop
  endfacet
  facet normal 0 0 -1
    outer loop
      vertex 27.7078 7.17937 0.45
      vertex 28.1946 7.13697 0.45
      vertex 28.1918 7.09647 0.45
    endloop
  endfacet
  facet normal 0 0 -1
    outer loop
      vertex 27.7078 7.17937 0.45
      vertex 28.1956 7.17888 0.45
      vertex 28.1946 7.13697 0.45
    endloop
  endfacet
  facet normal 0 0 -1
    outer loop
      vertex 27.7078 7.17937 0.45
      vertex 28.1918 7.09647 0.45
      vertex 28.1872 7.05739 0.45
    endloop
  endfacet
  facet normal 0 0 -1
    outer loop
      vertex 27.7078 7.17937 0.45
      vertex 28.1872 7.05739 0.45
      vertex 28.1806 7.01975 0.45
    endloop
  endfacet
  facet normal 0 0 -1
    outer loop
      vertex 28.1956 7.17888 0.45
      vertex 27.709 7.20771 0.45
      vertex 28.1903 7.27577 0.45
    endloop
  endfacet
  facet normal 0 0 -1
    outer loop
      vertex 27.7078 7.17937 0.45
      vertex 28.1806 7.01975 0.45
      vertex 28.1722 6.98351 0.45
    endloop
  endfacet
  facet normal 0 0 -1
    outer loop
      vertex 27.7078 7.17937 0.45
      vertex 28.1722 6.98351 0.45
      vertex 28.1619 6.94869 0.45
    endloop
  endfacet
  facet normal 0 0 -1
    outer loop
      vertex 27.7078 7.17937 0.45
      vertex 28.1619 6.94869 0.45
      vertex 28.1498 6.91529 0.45
    endloop
  endfacet
  facet normal -0 0 -1
    outer loop
      vertex 28.1903 7.27577 0.45
      vertex 27.709 7.20771 0.45
      vertex 28.1743 7.36592 0.45
    endloop
  endfacet
  facet normal 0 0 -1
    outer loop
      vertex 27.7078 7.17937 0.45
      vertex 28.1498 6.91529 0.45
      vertex 28.1359 6.88324 0.45
    endloop
  endfacet
  facet normal 0 0 -1
    outer loop
      vertex 27.7078 7.17937 0.45
      vertex 28.1359 6.88324 0.45
      vertex 28.1203 6.85251 0.45
    endloop
  endfacet
  facet normal 0 0 -1
    outer loop
      vertex 27.6983 7.29227 0.45
      vertex 28.1743 7.36592 0.45
      vertex 27.709 7.20771 0.45
    endloop
  endfacet
  facet normal 0 0 -1
    outer loop
      vertex 27.7078 7.17937 0.45
      vertex 28.1203 6.85251 0.45
      vertex 28.1031 6.82309 0.45
    endloop
  endfacet
  facet normal 0 0 -1
    outer loop
      vertex 27.7078 7.17937 0.45
      vertex 28.1031 6.82309 0.45
      vertex 28.0842 6.795 0.45
    endloop
  endfacet
  facet normal 0 0 -1
    outer loop
      vertex 27.7078 7.17937 0.45
      vertex 28.0842 6.795 0.45
      vertex 28.0636 6.76822 0.45
    endloop
  endfacet
  facet normal -0 0 -1
    outer loop
      vertex 28.1743 7.36592 0.45
      vertex 27.6983 7.29227 0.45
      vertex 28.1478 7.44931 0.45
    endloop
  endfacet
  facet normal 0 0 -1
    outer loop
      vertex 27.7078 7.17937 0.45
      vertex 28.0636 6.76822 0.45
      vertex 28.0414 6.74275 0.45
    endloop
  endfacet
  facet normal 0 0 -1
    outer loop
      vertex 27.7078 7.17937 0.45
      vertex 28.0414 6.74275 0.45
      vertex 28.0175 6.7186 0.45
    endloop
  endfacet
  facet normal -0 0 -1
    outer loop
      vertex 28.1478 7.44931 0.45
      vertex 27.6983 7.29227 0.45
      vertex 28.1106 7.52597 0.45
    endloop
  endfacet
  facet normal 0 0 -1
    outer loop
      vertex 27.7078 7.17937 0.45
      vertex 28.0175 6.7186 0.45
      vertex 27.9916 6.69554 0.45
    endloop
  endfacet
  facet normal 0 0 -1
    outer loop
      vertex 27.7078 7.17937 0.45
      vertex 27.9916 6.69554 0.45
      vertex 27.9631 6.6733 0.45
    endloop
  endfacet
  facet normal 0 0 -1
    outer loop
      vertex 27.6663 7.36382 0.45
      vertex 28.1106 7.52597 0.45
      vertex 27.6983 7.29227 0.45
    endloop
  endfacet
  facet normal 0 0 -1
    outer loop
      vertex 27.7078 7.17937 0.45
      vertex 27.9631 6.6733 0.45
      vertex 27.9321 6.65187 0.45
    endloop
  endfacet
  facet normal 0 0 -1
    outer loop
      vertex 27.7078 7.17937 0.45
      vertex 27.9321 6.65187 0.45
      vertex 27.8985 6.63129 0.45
    endloop
  endfacet
  facet normal 0 0 -1
    outer loop
      vertex 27.7078 7.17937 0.45
      vertex 27.8985 6.63129 0.45
      vertex 27.8625 6.61154 0.45
    endloop
  endfacet
  facet normal -0 0 -1
    outer loop
      vertex 28.1106 7.52597 0.45
      vertex 27.6663 7.36382 0.45
      vertex 28.0628 7.59587 0.45
    endloop
  endfacet
  facet normal 0 0 -1
    outer loop
      vertex 27.7078 7.17937 0.45
      vertex 27.8625 6.61154 0.45
      vertex 27.8239 6.59261 0.45
    endloop
  endfacet
  facet normal 0 0 -1
    outer loop
      vertex 27.7078 7.17937 0.45
      vertex 27.8239 6.59261 0.45
      vertex 27.7827 6.57453 0.45
    endloop
  endfacet
  facet normal -0 0 -1
    outer loop
      vertex 28.0628 7.59587 0.45
      vertex 27.6663 7.36382 0.45
      vertex 28.0044 7.65905 0.45
    endloop
  endfacet
  facet normal 0 0 -1
    outer loop
      vertex 27.564 6.97151 0.45
      vertex 27.7827 6.57453 0.45
      vertex 27.7364 6.55661 0.45
    endloop
  endfacet
  facet normal -0 0 -1
    outer loop
      vertex 28.0044 7.65905 0.45
      vertex 27.6663 7.36382 0.45
      vertex 27.9353 7.71546 0.45
    endloop
  endfacet
  facet normal 0 0 -1
    outer loop
      vertex 27.6128 7.42235 0.45
      vertex 27.9353 7.71546 0.45
      vertex 27.6663 7.36382 0.45
    endloop
  endfacet
  facet normal -0 0 -1
    outer loop
      vertex 27.9353 7.71546 0.45
      vertex 27.6128 7.42235 0.45
      vertex 27.856 7.7647 0.45
    endloop
  endfacet
  facet normal -0 0 -1
    outer loop
      vertex 27.856 7.7647 0.45
      vertex 27.6128 7.42235 0.45
      vertex 27.7668 7.80637 0.45
    endloop
  endfacet
  facet normal 0 0 -1
    outer loop
      vertex 27.538 7.46788 0.45
      vertex 27.7668 7.80637 0.45
      vertex 27.6128 7.42235 0.45
    endloop
  endfacet
  facet normal -0 0 -1
    outer loop
      vertex 27.7668 7.80637 0.45
      vertex 27.538 7.46788 0.45
      vertex 27.6676 7.84047 0.45
    endloop
  endfacet
  facet normal -0 0 -1
    outer loop
      vertex 27.6676 7.84047 0.45
      vertex 27.538 7.46788 0.45
      vertex 27.5585 7.86699 0.45
    endloop
  endfacet
  facet normal 0 0 -1
    outer loop
      vertex 27.4418 7.50041 0.45
      vertex 27.5585 7.86699 0.45
      vertex 27.538 7.46788 0.45
    endloop
  endfacet
  facet normal 0 0 -1
    outer loop
      vertex 27.4418 7.50041 0.45
      vertex 27.4395 7.88593 0.45
      vertex 27.5585 7.86699 0.45
    endloop
  endfacet
  facet normal 0 0 -1
    outer loop
      vertex 27.3242 7.51993 0.45
      vertex 27.4395 7.88593 0.45
      vertex 27.4418 7.50041 0.45
    endloop
  endfacet
  facet normal 0 0 -1
    outer loop
      vertex 27.3242 7.51993 0.45
      vertex 27.3105 7.8973 0.45
      vertex 27.4395 7.88593 0.45
    endloop
  endfacet
  facet normal 0 0 -1
    outer loop
      vertex 27.1852 7.52643 0.45
      vertex 27.3105 7.8973 0.45
      vertex 27.3242 7.51993 0.45
    endloop
  endfacet
  facet normal 0 0 -1
    outer loop
      vertex 27.1852 7.52643 0.45
      vertex 27.1716 7.90108 0.45
      vertex 27.3105 7.8973 0.45
    endloop
  endfacet
  facet normal 0 0 -1
    outer loop
      vertex 27.1152 7.52468 0.45
      vertex 27.1716 7.90108 0.45
      vertex 27.1852 7.52643 0.45
    endloop
  endfacet
  facet normal 0 0 -1
    outer loop
      vertex 27.0444 7.89775 0.45
      vertex 27.1152 7.52468 0.45
      vertex 27.0498 7.51944 0.45
    endloop
  endfacet
  facet normal 0 0 -1
    outer loop
      vertex 27.1152 7.52468 0.45
      vertex 27.0444 7.89775 0.45
      vertex 27.1716 7.90108 0.45
    endloop
  endfacet
  facet normal 0 0 -1
    outer loop
      vertex 26.9253 7.88779 0.45
      vertex 27.0498 7.51944 0.45
      vertex 26.9889 7.51071 0.45
    endloop
  endfacet
  facet normal 0 0 -1
    outer loop
      vertex 26.9253 7.88779 0.45
      vertex 26.9889 7.51071 0.45
      vertex 26.9325 7.49848 0.45
    endloop
  endfacet
  facet normal 0 0 -1
    outer loop
      vertex 27.0498 7.51944 0.45
      vertex 26.9253 7.88779 0.45
      vertex 27.0444 7.89775 0.45
    endloop
  endfacet
  facet normal 0 0 -1
    outer loop
      vertex 26.8142 7.87119 0.45
      vertex 26.9325 7.49848 0.45
      vertex 26.8805 7.48276 0.45
    endloop
  endfacet
  facet normal 0 0 -1
    outer loop
      vertex 26.7113 7.84793 0.45
      vertex 26.8805 7.48276 0.45
      vertex 26.8331 7.46353 0.45
    endloop
  endfacet
  facet normal 0 0 -1
    outer loop
      vertex 26.9325 7.49848 0.45
      vertex 26.8142 7.87119 0.45
      vertex 26.9253 7.88779 0.45
    endloop
  endfacet
  facet normal 0 0 -1
    outer loop
      vertex 26.6165 7.81804 0.45
      vertex 26.8331 7.46353 0.45
      vertex 26.7901 7.44083 0.45
    endloop
  endfacet
  facet normal 0 0 -1
    outer loop
      vertex 26.5297 7.78151 0.45
      vertex 26.7901 7.44083 0.45
      vertex 26.7514 7.41423 0.45
    endloop
  endfacet
  facet normal 0 0 -1
    outer loop
      vertex 26.4511 7.73833 0.45
      vertex 26.7514 7.41423 0.45
      vertex 26.7164 7.3834 0.45
    endloop
  endfacet
  facet normal 0 0 -1
    outer loop
      vertex 26.8805 7.48276 0.45
      vertex 26.7113 7.84793 0.45
      vertex 26.8142 7.87119 0.45
    endloop
  endfacet
  facet normal 0 0 -1
    outer loop
      vertex 26.3803 7.6884 0.45
      vertex 26.7164 7.3834 0.45
      vertex 26.6852 7.34828 0.45
    endloop
  endfacet
  facet normal 0 0 -1
    outer loop
      vertex 26.3171 7.63163 0.45
      vertex 26.6852 7.34828 0.45
      vertex 26.6579 7.30893 0.45
    endloop
  endfacet
  facet normal 0 0 -1
    outer loop
      vertex 26.2616 7.56801 0.45
      vertex 26.6579 7.30893 0.45
      vertex 26.6343 7.26532 0.45
    endloop
  endfacet
  facet normal 0 0 -1
    outer loop
      vertex 26.8331 7.46353 0.45
      vertex 26.6165 7.81804 0.45
      vertex 26.7113 7.84793 0.45
    endloop
  endfacet
  facet normal 0 0 -1
    outer loop
      vertex 26.1733 7.4202 0.45
      vertex 26.6343 7.26532 0.45
      vertex 26.6145 7.21746 0.45
    endloop
  endfacet
  facet normal 0 0 -1
    outer loop
      vertex 26.1405 7.33603 0.45
      vertex 26.6145 7.21746 0.45
      vertex 26.5986 7.16533 0.45
    endloop
  endfacet
  facet normal 0 0 -1
    outer loop
      vertex 26.7901 7.44083 0.45
      vertex 26.5297 7.78151 0.45
      vertex 26.6165 7.81804 0.45
    endloop
  endfacet
  facet normal 0 0 -1
    outer loop
      vertex 26.7514 7.41423 0.45
      vertex 26.4511 7.73833 0.45
      vertex 26.5297 7.78151 0.45
    endloop
  endfacet
  facet normal 0 0 -1
    outer loop
      vertex 26.7164 7.3834 0.45
      vertex 26.3803 7.6884 0.45
      vertex 26.4511 7.73833 0.45
    endloop
  endfacet
  facet normal 0 0 -1
    outer loop
      vertex 26.6852 7.34828 0.45
      vertex 26.3171 7.63163 0.45
      vertex 26.3803 7.6884 0.45
    endloop
  endfacet
  facet normal 0 0 -1
    outer loop
      vertex 26.6579 7.30893 0.45
      vertex 26.2616 7.56801 0.45
      vertex 26.3171 7.63163 0.45
    endloop
  endfacet
  facet normal 0 0 -1
    outer loop
      vertex 26.6343 7.26532 0.45
      vertex 26.2136 7.49753 0.45
      vertex 26.2616 7.56801 0.45
    endloop
  endfacet
  facet normal 0 0 -1
    outer loop
      vertex 26.6343 7.26532 0.45
      vertex 26.1733 7.4202 0.45
      vertex 26.2136 7.49753 0.45
    endloop
  endfacet
  facet normal 0 0 -1
    outer loop
      vertex 26.6145 7.21746 0.45
      vertex 26.1405 7.33603 0.45
      vertex 26.1733 7.4202 0.45
    endloop
  endfacet
  facet normal 0 -0 -1
    outer loop
      vertex 26.1405 7.33603 0.45
      vertex 26.5986 7.16533 0.45
      vertex 26.1154 7.245 0.45
    endloop
  endfacet
  facet normal 0 0 -1
    outer loop
      vertex 33.0056 5.47849 0.45
      vertex 33.5057 6.93305 0.45
      vertex 33.5057 5.47849 0.45
    endloop
  endfacet
  facet normal 0 -0 -1
    outer loop
      vertex 33.011 7.09571 0.45
      vertex 33.5057 6.93305 0.45
      vertex 33.0056 6.97205 0.45
    endloop
  endfacet
  facet normal 0 -0 -1
    outer loop
      vertex 33.027 7.21091 0.45
      vertex 33.5057 6.93305 0.45
      vertex 33.011 7.09571 0.45
    endloop
  endfacet
  facet normal 0 -0 -1
    outer loop
      vertex 33.0537 7.31769 0.45
      vertex 33.5057 6.93305 0.45
      vertex 33.027 7.21091 0.45
    endloop
  endfacet
  facet normal 0 -0 -1
    outer loop
      vertex 33.0911 7.41602 0.45
      vertex 33.5057 6.93305 0.45
      vertex 33.0537 7.31769 0.45
    endloop
  endfacet
  facet normal 0 0 -1
    outer loop
      vertex 33.5057 6.93305 0.45
      vertex 33.3471 7.72422 0.45
      vertex 33.4361 7.77826 0.45
    endloop
  endfacet
  facet normal 0 0 -1
    outer loop
      vertex 33.5057 6.93305 0.45
      vertex 33.2675 7.66036 0.45
      vertex 33.3471 7.72422 0.45
    endloop
  endfacet
  facet normal 0 0 -1
    outer loop
      vertex 33.5057 6.93305 0.45
      vertex 33.198 7.58734 0.45
      vertex 33.2675 7.66036 0.45
    endloop
  endfacet
  facet normal 0 0 -1
    outer loop
      vertex 33.5057 6.93305 0.45
      vertex 33.1393 7.50591 0.45
      vertex 33.198 7.58734 0.45
    endloop
  endfacet
  facet normal -0 0 -1
    outer loop
      vertex 33.5057 6.93305 0.45
      vertex 33.0056 5.47849 0.45
      vertex 33.0056 6.97205 0.45
    endloop
  endfacet
  facet normal 0 -0 -1
    outer loop
      vertex 33.1393 7.50591 0.45
      vertex 33.5057 6.93305 0.45
      vertex 33.0911 7.41602 0.45
    endloop
  endfacet
  facet normal 0 0 -1
    outer loop
      vertex 34.5924 6.91611 0.45
      vertex 35.0925 6.94663 0.45
      vertex 35.0925 5.47849 0.45
    endloop
  endfacet
  facet normal 0 0 -1
    outer loop
      vertex 34.5895 6.99524 0.45
      vertex 35.0925 6.94663 0.45
      vertex 34.5924 6.91611 0.45
    endloop
  endfacet
  facet normal 0 0 -1
    outer loop
      vertex 35.0925 6.94663 0.45
      vertex 34.5895 6.99524 0.45
      vertex 35.0868 7.07227 0.45
    endloop
  endfacet
  facet normal 0 0 -1
    outer loop
      vertex 34.5807 7.06896 0.45
      vertex 35.0868 7.07227 0.45
      vertex 34.5895 6.99524 0.45
    endloop
  endfacet
  facet normal -0 0 -1
    outer loop
      vertex 35.0868 7.07227 0.45
      vertex 34.5807 7.06896 0.45
      vertex 35.0696 7.18958 0.45
    endloop
  endfacet
  facet normal 0 0 -1
    outer loop
      vertex 34.5659 7.13724 0.45
      vertex 35.0696 7.18958 0.45
      vertex 34.5807 7.06896 0.45
    endloop
  endfacet
  facet normal -0 0 -1
    outer loop
      vertex 35.0696 7.18958 0.45
      vertex 34.5659 7.13724 0.45
      vertex 35.041 7.29854 0.45
    endloop
  endfacet
  facet normal 0 0 -1
    outer loop
      vertex 34.5454 7.20009 0.45
      vertex 35.041 7.29854 0.45
      vertex 34.5659 7.13724 0.45
    endloop
  endfacet
  facet normal -0 0 -1
    outer loop
      vertex 35.041 7.29854 0.45
      vertex 34.5454 7.20009 0.45
      vertex 35.0009 7.39917 0.45
    endloop
  endfacet
  facet normal 0 0 -1
    outer loop
      vertex 34.5924 6.91611 0.45
      vertex 35.0925 5.47849 0.45
      vertex 34.5924 5.47849 0.45
    endloop
  endfacet
  facet normal -0 0 -1
    outer loop
      vertex 35.0009 7.39917 0.45
      vertex 34.5454 7.20009 0.45
      vertex 34.9494 7.49147 0.45
    endloop
  endfacet
  facet normal 0 0 -1
    outer loop
      vertex 34.5189 7.25751 0.45
      vertex 34.9494 7.49147 0.45
      vertex 34.5454 7.20009 0.45
    endloop
  endfacet
  facet normal -0 0 -1
    outer loop
      vertex 34.9494 7.49147 0.45
      vertex 34.5189 7.25751 0.45
      vertex 34.8864 7.57541 0.45
    endloop
  endfacet
  facet normal 0 0 -1
    outer loop
      vertex 34.4865 7.3095 0.45
      vertex 34.8864 7.57541 0.45
      vertex 34.5189 7.25751 0.45
    endloop
  endfacet
  facet normal -0 0 -1
    outer loop
      vertex 34.8864 7.57541 0.45
      vertex 34.4865 7.3095 0.45
      vertex 34.812 7.65103 0.45
    endloop
  endfacet
  facet normal 0 0 -1
    outer loop
      vertex 34.4483 7.35605 0.45
      vertex 34.812 7.65103 0.45
      vertex 34.4865 7.3095 0.45
    endloop
  endfacet
  facet normal -0 0 -1
    outer loop
      vertex 34.812 7.65103 0.45
      vertex 34.4483 7.35605 0.45
      vertex 34.7271 7.71736 0.45
    endloop
  endfacet
  facet normal 0 0 -1
    outer loop
      vertex 34.4046 7.39676 0.45
      vertex 34.7271 7.71736 0.45
      vertex 34.4483 7.35605 0.45
    endloop
  endfacet
  facet normal -0 0 -1
    outer loop
      vertex 34.7271 7.71736 0.45
      vertex 34.4046 7.39676 0.45
      vertex 34.633 7.7735 0.45
    endloop
  endfacet
  facet normal 0 0 -1
    outer loop
      vertex 34.3559 7.4312 0.45
      vertex 34.633 7.7735 0.45
      vertex 34.4046 7.39676 0.45
    endloop
  endfacet
  facet normal -0 0 -1
    outer loop
      vertex 34.633 7.7735 0.45
      vertex 34.3559 7.4312 0.45
      vertex 34.5296 7.81943 0.45
    endloop
  endfacet
  facet normal 0 0 -1
    outer loop
      vertex 34.3021 7.45938 0.45
      vertex 34.5296 7.81943 0.45
      vertex 34.3559 7.4312 0.45
    endloop
  endfacet
  facet normal -0 0 -1
    outer loop
      vertex 34.5296 7.81943 0.45
      vertex 34.3021 7.45938 0.45
      vertex 34.4169 7.85515 0.45
    endloop
  endfacet
  facet normal 0 0 -1
    outer loop
      vertex 34.2432 7.4813 0.45
      vertex 34.4169 7.85515 0.45
      vertex 34.3021 7.45938 0.45
    endloop
  endfacet
  facet normal -0 0 -1
    outer loop
      vertex 34.4169 7.85515 0.45
      vertex 34.2432 7.4813 0.45
      vertex 34.2948 7.88066 0.45
    endloop
  endfacet
  facet normal 0 0 -1
    outer loop
      vertex 34.1793 7.49695 0.45
      vertex 34.2948 7.88066 0.45
      vertex 34.2432 7.4813 0.45
    endloop
  endfacet
  facet normal 0 0 -1
    outer loop
      vertex 34.1793 7.49695 0.45
      vertex 34.1635 7.89598 0.45
      vertex 34.2948 7.88066 0.45
    endloop
  endfacet
  facet normal 0 0 -1
    outer loop
      vertex 34.1104 7.50635 0.45
      vertex 34.1635 7.89598 0.45
      vertex 34.1793 7.49695 0.45
    endloop
  endfacet
  facet normal 0 0 -1
    outer loop
      vertex 34.0228 7.90108 0.45
      vertex 34.1104 7.50635 0.45
      vertex 34.0364 7.50948 0.45
    endloop
  endfacet
  facet normal 0 0 -1
    outer loop
      vertex 34.1104 7.50635 0.45
      vertex 34.0228 7.90108 0.45
      vertex 34.1635 7.89598 0.45
    endloop
  endfacet
  facet normal 0 0 -1
    outer loop
      vertex 33.9644 7.50649 0.45
      vertex 34.0228 7.90108 0.45
      vertex 34.0364 7.50948 0.45
    endloop
  endfacet
  facet normal 0 0 -1
    outer loop
      vertex 33.8866 7.89617 0.45
      vertex 33.9644 7.50649 0.45
      vertex 33.8975 7.49752 0.45
    endloop
  endfacet
  facet normal 0 0 -1
    outer loop
      vertex 33.9644 7.50649 0.45
      vertex 33.8866 7.89617 0.45
      vertex 34.0228 7.90108 0.45
    endloop
  endfacet
  facet normal 0 0 -1
    outer loop
      vertex 33.7598 7.88143 0.45
      vertex 33.8975 7.49752 0.45
      vertex 33.8358 7.48255 0.45
    endloop
  endfacet
  facet normal 0 0 -1
    outer loop
      vertex 33.6424 7.85686 0.45
      vertex 33.8358 7.48255 0.45
      vertex 33.7792 7.4616 0.45
    endloop
  endfacet
  facet normal 0 0 -1
    outer loop
      vertex 33.8975 7.49752 0.45
      vertex 33.7598 7.88143 0.45
      vertex 33.8866 7.89617 0.45
    endloop
  endfacet
  facet normal 0 0 -1
    outer loop
      vertex 33.6424 7.85686 0.45
      vertex 33.7792 7.4616 0.45
      vertex 33.7278 7.43466 0.45
    endloop
  endfacet
  facet normal 0 0 -1
    outer loop
      vertex 33.5345 7.82248 0.45
      vertex 33.7278 7.43466 0.45
      vertex 33.6816 7.40174 0.45
    endloop
  endfacet
  facet normal 0 0 -1
    outer loop
      vertex 33.8358 7.48255 0.45
      vertex 33.6424 7.85686 0.45
      vertex 33.7598 7.88143 0.45
    endloop
  endfacet
  facet normal 0 0 -1
    outer loop
      vertex 33.4361 7.77826 0.45
      vertex 33.6816 7.40174 0.45
      vertex 33.6405 7.36283 0.45
    endloop
  endfacet
  facet normal 0 0 -1
    outer loop
      vertex 33.4361 7.77826 0.45
      vertex 33.6405 7.36283 0.45
      vertex 33.6048 7.31815 0.45
    endloop
  endfacet
  facet normal 0 0 -1
    outer loop
      vertex 33.4361 7.77826 0.45
      vertex 33.6048 7.31815 0.45
      vertex 33.5745 7.26789 0.45
    endloop
  endfacet
  facet normal 0 0 -1
    outer loop
      vertex 33.4361 7.77826 0.45
      vertex 33.5745 7.26789 0.45
      vertex 33.5497 7.21207 0.45
    endloop
  endfacet
  facet normal 0 0 -1
    outer loop
      vertex 33.7278 7.43466 0.45
      vertex 33.5345 7.82248 0.45
      vertex 33.6424 7.85686 0.45
    endloop
  endfacet
  facet normal 0 0 -1
    outer loop
      vertex 33.4361 7.77826 0.45
      vertex 33.5497 7.21207 0.45
      vertex 33.5305 7.15067 0.45
    endloop
  endfacet
  facet normal 0 0 -1
    outer loop
      vertex 33.4361 7.77826 0.45
      vertex 33.5305 7.15067 0.45
      vertex 33.5167 7.0837 0.45
    endloop
  endfacet
  facet normal 0 0 -1
    outer loop
      vertex 33.4361 7.77826 0.45
      vertex 33.5167 7.0837 0.45
      vertex 33.5085 7.01116 0.45
    endloop
  endfacet
  facet normal 0 0 -1
    outer loop
      vertex 33.4361 7.77826 0.45
      vertex 33.5085 7.01116 0.45
      vertex 33.5057 6.93305 0.45
    endloop
  endfacet
  facet normal 0 0 -1
    outer loop
      vertex 33.6816 7.40174 0.45
      vertex 33.4361 7.77826 0.45
      vertex 33.5345 7.82248 0.45
    endloop
  endfacet
  facet normal 0 0 -1
    outer loop
      vertex 36.8662 6.06494 0.45
      vertex 37.3416 5.95349 0.45
      vertex 37.3135 5.87305 0.45
    endloop
  endfacet
  facet normal 0 0 -1
    outer loop
      vertex 36.8508 6.02555 0.45
      vertex 37.3135 5.87305 0.45
      vertex 37.2789 5.80002 0.45
    endloop
  endfacet
  facet normal 0 0 -1
    outer loop
      vertex 36.8323 5.98925 0.45
      vertex 37.2789 5.80002 0.45
      vertex 37.2379 5.73439 0.45
    endloop
  endfacet
  facet normal 0 0 -1
    outer loop
      vertex 36.8323 5.98925 0.45
      vertex 37.2379 5.73439 0.45
      vertex 37.1904 5.67617 0.45
    endloop
  endfacet
  facet normal 0 0 -1
    outer loop
      vertex 36.8106 5.95607 0.45
      vertex 37.1904 5.67617 0.45
      vertex 37.1364 5.62534 0.45
    endloop
  endfacet
  facet normal 0 0 -1
    outer loop
      vertex 36.7858 5.92601 0.45
      vertex 37.1364 5.62534 0.45
      vertex 37.0759 5.58193 0.45
    endloop
  endfacet
  facet normal 0 0 -1
    outer loop
      vertex 36.7858 5.92601 0.45
      vertex 37.0759 5.58193 0.45
      vertex 37.0077 5.54503 0.45
    endloop
  endfacet
  facet normal 0 0 -1
    outer loop
      vertex 36.7578 5.89905 0.45
      vertex 37.0077 5.54503 0.45
      vertex 36.9305 5.51383 0.45
    endloop
  endfacet
  facet normal 0 0 -1
    outer loop
      vertex 37.2789 5.80002 0.45
      vertex 36.8323 5.98925 0.45
      vertex 36.8508 6.02555 0.45
    endloop
  endfacet
  facet normal 0 0 -1
    outer loop
      vertex 37.3416 5.95349 0.45
      vertex 36.8784 6.10747 0.45
      vertex 37.3633 6.04134 0.45
    endloop
  endfacet
  facet normal 0 0 -1
    outer loop
      vertex 37.3416 5.95349 0.45
      vertex 36.8662 6.06494 0.45
      vertex 36.8784 6.10747 0.45
    endloop
  endfacet
  facet normal 0 0 -1
    outer loop
      vertex 36.7267 5.87522 0.45
      vertex 36.9305 5.51383 0.45
      vertex 36.8442 5.48828 0.45
    endloop
  endfacet
  facet normal 0 0 -1
    outer loop
      vertex 37.3135 5.87305 0.45
      vertex 36.8508 6.02555 0.45
      vertex 36.8662 6.06494 0.45
    endloop
  endfacet
  facet normal 0 0 -1
    outer loop
      vertex 37.1904 5.67617 0.45
      vertex 36.8106 5.95607 0.45
      vertex 36.8323 5.98925 0.45
    endloop
  endfacet
  facet normal 0 0 -1
    outer loop
      vertex 37.1364 5.62534 0.45
      vertex 36.7858 5.92601 0.45
      vertex 36.8106 5.95607 0.45
    endloop
  endfacet
  facet normal 0 0 -1
    outer loop
      vertex 37.0077 5.54503 0.45
      vertex 36.7578 5.89905 0.45
      vertex 36.7858 5.92601 0.45
    endloop
  endfacet
  facet normal 0 0 -1
    outer loop
      vertex 36.692 5.85453 0.45
      vertex 36.8442 5.48828 0.45
      vertex 36.7489 5.46843 0.45
    endloop
  endfacet
  facet normal 0 0 -1
    outer loop
      vertex 36.9305 5.51383 0.45
      vertex 36.7267 5.87522 0.45
      vertex 36.7578 5.89905 0.45
    endloop
  endfacet
  facet normal 0 0 -1
    outer loop
      vertex 36.8442 5.48828 0.45
      vertex 36.692 5.85453 0.45
      vertex 36.7267 5.87522 0.45
    endloop
  endfacet
  facet normal 0 0 -1
    outer loop
      vertex 36.7489 5.46843 0.45
      vertex 36.6532 5.83701 0.45
      vertex 36.692 5.85453 0.45
    endloop
  endfacet
  facet normal 0 0 -1
    outer loop
      vertex 36.6104 5.8227 0.45
      vertex 36.7489 5.46843 0.45
      vertex 36.6446 5.45424 0.45
    endloop
  endfacet
  facet normal 0 0 -1
    outer loop
      vertex 36.7489 5.46843 0.45
      vertex 36.6104 5.8227 0.45
      vertex 36.6532 5.83701 0.45
    endloop
  endfacet
  facet normal 0 0 -1
    outer loop
      vertex 36.6446 5.45424 0.45
      vertex 36.5635 5.81154 0.45
      vertex 36.6104 5.8227 0.45
    endloop
  endfacet
  facet normal 0 0 -1
    outer loop
      vertex 36.5312 5.44573 0.45
      vertex 36.5635 5.81154 0.45
      vertex 36.6446 5.45424 0.45
    endloop
  endfacet
  facet normal 0 0 -1
    outer loop
      vertex 36.5312 5.44573 0.45
      vertex 36.5126 5.80359 0.45
      vertex 36.5635 5.81154 0.45
    endloop
  endfacet
  facet normal 0 0 -1
    outer loop
      vertex 36.5312 5.44573 0.45
      vertex 36.4577 5.79882 0.45
      vertex 36.5126 5.80359 0.45
    endloop
  endfacet
  facet normal 0 0 -1
    outer loop
      vertex 36.4088 5.44289 0.45
      vertex 36.4577 5.79882 0.45
      vertex 36.5312 5.44573 0.45
    endloop
  endfacet
  facet normal 0 0 -1
    outer loop
      vertex 36.4088 5.44289 0.45
      vertex 36.3987 5.79721 0.45
      vertex 36.4577 5.79882 0.45
    endloop
  endfacet
  facet normal 0 0 -1
    outer loop
      vertex 36.2806 5.44641 0.45
      vertex 36.3987 5.79721 0.45
      vertex 36.4088 5.44289 0.45
    endloop
  endfacet
  facet normal 0 0 -1
    outer loop
      vertex 36.2806 5.44641 0.45
      vertex 36.2781 5.80303 0.45
      vertex 36.3987 5.79721 0.45
    endloop
  endfacet
  facet normal 0 0 -1
    outer loop
      vertex 36.1614 5.45694 0.45
      vertex 36.2781 5.80303 0.45
      vertex 36.2806 5.44641 0.45
    endloop
  endfacet
  facet normal -0 0 -1
    outer loop
      vertex 36.2781 5.80303 0.45
      vertex 36.1614 5.45694 0.45
      vertex 36.1761 5.82047 0.45
    endloop
  endfacet
  facet normal 0 0 -1
    outer loop
      vertex 36.0513 5.47451 0.45
      vertex 36.1761 5.82047 0.45
      vertex 36.1614 5.45694 0.45
    endloop
  endfacet
  facet normal -0 0 -1
    outer loop
      vertex 36.1761 5.82047 0.45
      vertex 36.0513 5.47451 0.45
      vertex 36.0927 5.84954 0.45
    endloop
  endfacet
  facet normal 0 0 -1
    outer loop
      vertex 35.9502 5.49909 0.45
      vertex 36.0927 5.84954 0.45
      vertex 36.0513 5.47451 0.45
    endloop
  endfacet
  facet normal 0 0 -1
    outer loop
      vertex 35.8581 5.53069 0.45
      vertex 36.0927 5.84954 0.45
      vertex 35.9502 5.49909 0.45
    endloop
  endfacet
  facet normal -0 0 -1
    outer loop
      vertex 36.0927 5.84954 0.45
      vertex 35.8581 5.53069 0.45
      vertex 36.0278 5.89022 0.45
    endloop
  endfacet
  facet normal 0 0 -1
    outer loop
      vertex 35.7751 5.56932 0.45
      vertex 36.0278 5.89022 0.45
      vertex 35.8581 5.53069 0.45
    endloop
  endfacet
  facet normal 0 0 -1
    outer loop
      vertex 35.701 5.61496 0.45
      vertex 36.0278 5.89022 0.45
      vertex 35.7751 5.56932 0.45
    endloop
  endfacet
  facet normal -0 0 -1
    outer loop
      vertex 36.0278 5.89022 0.45
      vertex 35.701 5.61496 0.45
      vertex 35.9814 5.94252 0.45
    endloop
  endfacet
  facet normal 0 0 -1
    outer loop
      vertex 35.9443 6.08202 0.45
      vertex 35.8876 6.71083 0.45
      vertex 35.9172 6.722 0.45
    endloop
  endfacet
  facet normal 0 0 -1
    outer loop
      vertex 35.9443 6.08202 0.45
      vertex 35.8588 6.69911 0.45
      vertex 35.8876 6.71083 0.45
    endloop
  endfacet
  facet normal 0 0 -1
    outer loop
      vertex 35.6365 5.66722 0.45
      vertex 35.9814 5.94252 0.45
      vertex 35.701 5.61496 0.45
    endloop
  endfacet
  facet normal 0 0 -1
    outer loop
      vertex 35.9443 6.08202 0.45
      vertex 35.8308 6.68683 0.45
      vertex 35.8588 6.69911 0.45
    endloop
  endfacet
  facet normal 0 0 -1
    outer loop
      vertex 35.9443 6.08202 0.45
      vertex 35.8037 6.674 0.45
      vertex 35.8308 6.68683 0.45
    endloop
  endfacet
  facet normal 0 0 -1
    outer loop
      vertex 35.9443 6.08202 0.45
      vertex 35.7774 6.6606 0.45
      vertex 35.8037 6.674 0.45
    endloop
  endfacet
  facet normal 0 0 -1
    outer loop
      vertex 35.5819 5.72568 0.45
      vertex 35.9814 5.94252 0.45
      vertex 35.6365 5.66722 0.45
    endloop
  endfacet
  facet normal 0 -0 -1
    outer loop
      vertex 35.4605 6.18116 0.45
      vertex 35.9443 6.08202 0.45
      vertex 35.4585 6.14658 0.45
    endloop
  endfacet
  facet normal 0 -0 -1
    outer loop
      vertex 35.4638 6.21454 0.45
      vertex 35.9443 6.08202 0.45
      vertex 35.4605 6.18116 0.45
    endloop
  endfacet
  facet normal 0 0 -1
    outer loop
      vertex 35.9443 6.08202 0.45
      vertex 35.7519 6.64667 0.45
      vertex 35.7774 6.6606 0.45
    endloop
  endfacet
  facet normal -0 0 -1
    outer loop
      vertex 35.9814 5.94252 0.45
      vertex 35.5819 5.72568 0.45
      vertex 35.9536 6.00646 0.45
    endloop
  endfacet
  facet normal 0 -0 -1
    outer loop
      vertex 35.4686 6.24675 0.45
      vertex 35.9443 6.08202 0.45
      vertex 35.4638 6.21454 0.45
    endloop
  endfacet
  facet normal 0 0 -1
    outer loop
      vertex 35.9443 6.08202 0.45
      vertex 35.7273 6.63217 0.45
      vertex 35.7519 6.64667 0.45
    endloop
  endfacet
  facet normal 0 0 -1
    outer loop
      vertex 35.9443 6.08202 0.45
      vertex 35.7036 6.61696 0.45
      vertex 35.7273 6.63217 0.45
    endloop
  endfacet
  facet normal 0 0 -1
    outer loop
      vertex 35.5372 5.79033 0.45
      vertex 35.9536 6.00646 0.45
      vertex 35.5819 5.72568 0.45
    endloop
  endfacet
  facet normal 0 0 -1
    outer loop
      vertex 35.9443 6.08202 0.45
      vertex 35.6809 6.60088 0.45
      vertex 35.7036 6.61696 0.45
    endloop
  endfacet
  facet normal 0 0 -1
    outer loop
      vertex 35.9443 6.08202 0.45
      vertex 35.6593 6.58394 0.45
      vertex 35.6809 6.60088 0.45
    endloop
  endfacet
  facet normal 0 0 -1
    outer loop
      vertex 35.9443 6.08202 0.45
      vertex 35.6387 6.56613 0.45
      vertex 35.6593 6.58394 0.45
    endloop
  endfacet
  facet normal 0 0 -1
    outer loop
      vertex 35.5025 5.86116 0.45
      vertex 35.9536 6.00646 0.45
      vertex 35.5372 5.79033 0.45
    endloop
  endfacet
  facet normal 0 0 -1
    outer loop
      vertex 35.9443 6.08202 0.45
      vertex 35.6192 6.54747 0.45
      vertex 35.6387 6.56613 0.45
    endloop
  endfacet
  facet normal 0 0 -1
    outer loop
      vertex 35.9443 6.08202 0.45
      vertex 35.6007 6.52794 0.45
      vertex 35.6192 6.54747 0.45
    endloop
  endfacet
  facet normal 0 0 -1
    outer loop
      vertex 35.4776 5.9382 0.45
      vertex 35.9536 6.00646 0.45
      vertex 35.5025 5.86116 0.45
    endloop
  endfacet
  facet normal 0 0 -1
    outer loop
      vertex 35.9443 6.08202 0.45
      vertex 35.5832 6.50754 0.45
      vertex 35.6007 6.52794 0.45
    endloop
  endfacet
  facet normal 0 0 -1
    outer loop
      vertex 35.9443 6.08202 0.45
      vertex 35.5668 6.48619 0.45
      vertex 35.5832 6.50754 0.45
    endloop
  endfacet
  facet normal 0 0 -1
    outer loop
      vertex 35.9443 6.08202 0.45
      vertex 35.5514 6.46381 0.45
      vertex 35.5668 6.48619 0.45
    endloop
  endfacet
  facet normal -0 0 -1
    outer loop
      vertex 35.9536 6.00646 0.45
      vertex 35.4776 5.9382 0.45
      vertex 35.9443 6.08202 0.45
    endloop
  endfacet
  facet normal 0 0 -1
    outer loop
      vertex 35.9443 6.08202 0.45
      vertex 35.5372 6.44039 0.45
      vertex 35.5514 6.46381 0.45
    endloop
  endfacet
  facet normal 0 0 -1
    outer loop
      vertex 35.9443 6.08202 0.45
      vertex 35.5119 6.39043 0.45
      vertex 35.524 6.41593 0.45
    endloop
  endfacet
  facet normal 0 0 -1
    outer loop
      vertex 35.9443 6.08202 0.45
      vertex 35.5008 6.36389 0.45
      vertex 35.5119 6.39043 0.45
    endloop
  endfacet
  facet normal 0 0 -1
    outer loop
      vertex 35.9443 6.08202 0.45
      vertex 35.4776 5.9382 0.45
      vertex 35.4627 6.02143 0.45
    endloop
  endfacet
  facet normal 0 0 -1
    outer loop
      vertex 35.9443 6.08202 0.45
      vertex 35.4821 6.30764 0.45
      vertex 35.4908 6.33632 0.45
    endloop
  endfacet
  facet normal 0 -0 -1
    outer loop
      vertex 35.4821 6.30764 0.45
      vertex 35.9443 6.08202 0.45
      vertex 35.4746 6.27777 0.45
    endloop
  endfacet
  facet normal 0 -0 -1
    outer loop
      vertex 35.4746 6.27777 0.45
      vertex 35.9443 6.08202 0.45
      vertex 35.4686 6.24675 0.45
    endloop
  endfacet
  facet normal -0 0 -1
    outer loop
      vertex 35.9443 6.08202 0.45
      vertex 35.4627 6.02143 0.45
      vertex 35.4578 6.11084 0.45
    endloop
  endfacet
  facet normal 0 0 -1
    outer loop
      vertex 35.9443 6.08202 0.45
      vertex 35.4908 6.33632 0.45
      vertex 35.5008 6.36389 0.45
    endloop
  endfacet
  facet normal 0 0 -1
    outer loop
      vertex 35.9443 6.08202 0.45
      vertex 35.524 6.41593 0.45
      vertex 35.5372 6.44039 0.45
    endloop
  endfacet
  facet normal 0 0 -1
    outer loop
      vertex 35.9443 6.08202 0.45
      vertex 35.4578 6.11084 0.45
      vertex 35.4585 6.14658 0.45
    endloop
  endfacet
  facet normal 0 0 -1
    outer loop
      vertex 37.426 7.17888 0.45
      vertex 36.9382 7.17937 0.45
      vertex 36.9395 7.20771 0.45
    endloop
  endfacet
  facet normal 0 0 -1
    outer loop
      vertex 37.0132 6.57453 0.45
      vertex 36.9345 7.15248 0.45
      vertex 36.9382 7.17937 0.45
    endloop
  endfacet
  facet normal 0 0 -1
    outer loop
      vertex 37.0132 6.57453 0.45
      vertex 36.9284 7.12706 0.45
      vertex 36.9345 7.15248 0.45
    endloop
  endfacet
  facet normal 0 0 -1
    outer loop
      vertex 37.0132 6.57453 0.45
      vertex 36.9198 7.10308 0.45
      vertex 36.9284 7.12706 0.45
    endloop
  endfacet
  facet normal 0 0 -1
    outer loop
      vertex 36.7682 6.95667 0.45
      vertex 36.9668 6.55661 0.45
      vertex 36.9124 6.53826 0.45
    endloop
  endfacet
  facet normal 0 0 -1
    outer loop
      vertex 37.0132 6.57453 0.45
      vertex 36.9087 7.08055 0.45
      vertex 36.9198 7.10308 0.45
    endloop
  endfacet
  facet normal 0 0 -1
    outer loop
      vertex 37.0132 6.57453 0.45
      vertex 36.8952 7.0595 0.45
      vertex 36.9087 7.08055 0.45
    endloop
  endfacet
  facet normal 0 0 -1
    outer loop
      vertex 37.0132 6.57453 0.45
      vertex 36.8793 7.03987 0.45
      vertex 36.8952 7.0595 0.45
    endloop
  endfacet
  facet normal 0 0 -1
    outer loop
      vertex 37.0132 6.57453 0.45
      vertex 36.8611 7.02144 0.45
      vertex 36.8793 7.03987 0.45
    endloop
  endfacet
  facet normal 0 0 -1
    outer loop
      vertex 36.74 6.94272 0.45
      vertex 36.9124 6.53826 0.45
      vertex 36.8501 6.51946 0.45
    endloop
  endfacet
  facet normal 0 0 -1
    outer loop
      vertex 37.0132 6.57453 0.45
      vertex 36.8409 7.00389 0.45
      vertex 36.8611 7.02144 0.45
    endloop
  endfacet
  facet normal 0 0 -1
    outer loop
      vertex 37.0132 6.57453 0.45
      vertex 36.8186 6.98725 0.45
      vertex 36.8409 7.00389 0.45
    endloop
  endfacet
  facet normal 0 0 -1
    outer loop
      vertex 37.0132 6.57453 0.45
      vertex 36.7944 6.97151 0.45
      vertex 36.8186 6.98725 0.45
    endloop
  endfacet
  facet normal 0 0 -1
    outer loop
      vertex 36.6744 6.91671 0.45
      vertex 36.8501 6.51946 0.45
      vertex 36.7797 6.5002 0.45
    endloop
  endfacet
  facet normal 0 0 -1
    outer loop
      vertex 36.9668 6.55661 0.45
      vertex 36.7682 6.95667 0.45
      vertex 36.7944 6.97151 0.45
    endloop
  endfacet
  facet normal 0 0 -1
    outer loop
      vertex 36.9124 6.53826 0.45
      vertex 36.74 6.94272 0.45
      vertex 36.7682 6.95667 0.45
    endloop
  endfacet
  facet normal 0 0 -1
    outer loop
      vertex 36.8501 6.51946 0.45
      vertex 36.7097 6.92968 0.45
      vertex 36.74 6.94272 0.45
    endloop
  endfacet
  facet normal 0 0 -1
    outer loop
      vertex 36.6308 6.90297 0.45
      vertex 36.7797 6.5002 0.45
      vertex 36.7014 6.4805 0.45
    endloop
  endfacet
  facet normal 0 0 -1
    outer loop
      vertex 36.8501 6.51946 0.45
      vertex 36.6744 6.91671 0.45
      vertex 36.7097 6.92968 0.45
    endloop
  endfacet
  facet normal 0 0 -1
    outer loop
      vertex 36.7797 6.5002 0.45
      vertex 36.6308 6.90297 0.45
      vertex 36.6744 6.91671 0.45
    endloop
  endfacet
  facet normal 0 0 -1
    outer loop
      vertex 36.5791 6.88848 0.45
      vertex 36.7014 6.4805 0.45
      vertex 36.615 6.46035 0.45
    endloop
  endfacet
  facet normal 0 0 -1
    outer loop
      vertex 36.7014 6.4805 0.45
      vertex 36.5791 6.88848 0.45
      vertex 36.6308 6.90297 0.45
    endloop
  endfacet
  facet normal 0 0 -1
    outer loop
      vertex 36.451 6.85718 0.45
      vertex 36.615 6.46035 0.45
      vertex 36.5207 6.43975 0.45
    endloop
  endfacet
  facet normal 0 0 -1
    outer loop
      vertex 36.615 6.46035 0.45
      vertex 36.5192 6.87322 0.45
      vertex 36.5791 6.88848 0.45
    endloop
  endfacet
  facet normal 0 0 -1
    outer loop
      vertex 36.615 6.46035 0.45
      vertex 36.451 6.85718 0.45
      vertex 36.5192 6.87322 0.45
    endloop
  endfacet
  facet normal 0 0 -1
    outer loop
      vertex 36.3747 6.8404 0.45
      vertex 36.5207 6.43975 0.45
      vertex 36.4418 6.42226 0.45
    endloop
  endfacet
  facet normal 0 0 -1
    outer loop
      vertex 36.5207 6.43975 0.45
      vertex 36.3747 6.8404 0.45
      vertex 36.451 6.85718 0.45
    endloop
  endfacet
  facet normal 0 0 -1
    outer loop
      vertex 36.2902 6.82285 0.45
      vertex 36.4418 6.42226 0.45
      vertex 36.371 6.40563 0.45
    endloop
  endfacet
  facet normal 0 0 -1
    outer loop
      vertex 36.2169 6.80544 0.45
      vertex 36.371 6.40563 0.45
      vertex 36.308 6.38988 0.45
    endloop
  endfacet
  facet normal 0 0 -1
    outer loop
      vertex 36.4418 6.42226 0.45
      vertex 36.2902 6.82285 0.45
      vertex 36.3747 6.8404 0.45
    endloop
  endfacet
  facet normal 0 0 -1
    outer loop
      vertex 36.1504 6.78902 0.45
      vertex 36.308 6.38988 0.45
      vertex 36.2531 6.37499 0.45
    endloop
  endfacet
  facet normal 0 0 -1
    outer loop
      vertex 36.371 6.40563 0.45
      vertex 36.2169 6.80544 0.45
      vertex 36.2902 6.82285 0.45
    endloop
  endfacet
  facet normal 0 0 -1
    outer loop
      vertex 36.0904 6.77361 0.45
      vertex 36.2531 6.37499 0.45
      vertex 36.206 6.36095 0.45
    endloop
  endfacet
  facet normal 0 0 -1
    outer loop
      vertex 36.0372 6.7592 0.45
      vertex 36.206 6.36095 0.45
      vertex 36.167 6.3478 0.45
    endloop
  endfacet
  facet normal 0 0 -1
    outer loop
      vertex 36.308 6.38988 0.45
      vertex 36.1504 6.78902 0.45
      vertex 36.2169 6.80544 0.45
    endloop
  endfacet
  facet normal 0 0 -1
    outer loop
      vertex 35.9905 6.74579 0.45
      vertex 36.167 6.3478 0.45
      vertex 36.1358 6.3355 0.45
    endloop
  endfacet
  facet normal 0 0 -1
    outer loop
      vertex 35.9505 6.7334 0.45
      vertex 36.1358 6.3355 0.45
      vertex 36.1097 6.32326 0.45
    endloop
  endfacet
  facet normal 0 0 -1
    outer loop
      vertex 36.2531 6.37499 0.45
      vertex 36.0904 6.77361 0.45
      vertex 36.1504 6.78902 0.45
    endloop
  endfacet
  facet normal 0 0 -1
    outer loop
      vertex 35.9172 6.722 0.45
      vertex 36.1097 6.32326 0.45
      vertex 36.0854 6.31031 0.45
    endloop
  endfacet
  facet normal 0 0 -1
    outer loop
      vertex 35.9172 6.722 0.45
      vertex 36.0854 6.31031 0.45
      vertex 36.063 6.29662 0.45
    endloop
  endfacet
  facet normal 0 0 -1
    outer loop
      vertex 35.9172 6.722 0.45
      vertex 36.063 6.29662 0.45
      vertex 36.0426 6.2822 0.45
    endloop
  endfacet
  facet normal 0 0 -1
    outer loop
      vertex 36.206 6.36095 0.45
      vertex 36.0372 6.7592 0.45
      vertex 36.0904 6.77361 0.45
    endloop
  endfacet
  facet normal 0 0 -1
    outer loop
      vertex 35.9172 6.722 0.45
      vertex 36.0426 6.2822 0.45
      vertex 36.024 6.26706 0.45
    endloop
  endfacet
  facet normal 0 0 -1
    outer loop
      vertex 35.9172 6.722 0.45
      vertex 36.024 6.26706 0.45
      vertex 36.0074 6.25121 0.45
    endloop
  endfacet
  facet normal 0 0 -1
    outer loop
      vertex 35.9172 6.722 0.45
      vertex 36.0074 6.25121 0.45
      vertex 35.9926 6.23462 0.45
    endloop
  endfacet
  facet normal 0 0 -1
    outer loop
      vertex 36.167 6.3478 0.45
      vertex 35.9905 6.74579 0.45
      vertex 36.0372 6.7592 0.45
    endloop
  endfacet
  facet normal 0 0 -1
    outer loop
      vertex 35.9172 6.722 0.45
      vertex 35.9926 6.23462 0.45
      vertex 35.9798 6.21697 0.45
    endloop
  endfacet
  facet normal 0 0 -1
    outer loop
      vertex 35.9172 6.722 0.45
      vertex 35.9798 6.21697 0.45
      vertex 35.969 6.19794 0.45
    endloop
  endfacet
  facet normal 0 0 -1
    outer loop
      vertex 35.9172 6.722 0.45
      vertex 35.969 6.19794 0.45
      vertex 35.9601 6.17752 0.45
    endloop
  endfacet
  facet normal 0 0 -1
    outer loop
      vertex 35.9172 6.722 0.45
      vertex 35.9601 6.17752 0.45
      vertex 35.9532 6.15572 0.45
    endloop
  endfacet
  facet normal 0 0 -1
    outer loop
      vertex 36.1358 6.3355 0.45
      vertex 35.9505 6.7334 0.45
      vertex 35.9905 6.74579 0.45
    endloop
  endfacet
  facet normal 0 0 -1
    outer loop
      vertex 35.9172 6.722 0.45
      vertex 35.9532 6.15572 0.45
      vertex 35.9483 6.13254 0.45
    endloop
  endfacet
  facet normal 0 0 -1
    outer loop
      vertex 35.9172 6.722 0.45
      vertex 35.9483 6.13254 0.45
      vertex 35.9453 6.10797 0.45
    endloop
  endfacet
  facet normal 0 0 -1
    outer loop
      vertex 35.9172 6.722 0.45
      vertex 35.9453 6.10797 0.45
      vertex 35.9443 6.08202 0.45
    endloop
  endfacet
  facet normal 0 0 -1
    outer loop
      vertex 36.1097 6.32326 0.45
      vertex 35.9172 6.722 0.45
      vertex 35.9505 6.7334 0.45
    endloop
  endfacet
  facet normal 0 0 -1
    outer loop
      vertex 36.9382 7.17937 0.45
      vertex 37.4251 7.13697 0.45
      vertex 37.4223 7.09647 0.45
    endloop
  endfacet
  facet normal 0 0 -1
    outer loop
      vertex 36.9382 7.17937 0.45
      vertex 37.426 7.17888 0.45
      vertex 37.4251 7.13697 0.45
    endloop
  endfacet
  facet normal 0 0 -1
    outer loop
      vertex 36.9382 7.17937 0.45
      vertex 37.4223 7.09647 0.45
      vertex 37.4176 7.05739 0.45
    endloop
  endfacet
  facet normal 0 0 -1
    outer loop
      vertex 36.9382 7.17937 0.45
      vertex 37.4176 7.05739 0.45
      vertex 37.4111 7.01975 0.45
    endloop
  endfacet
  facet normal 0 0 -1
    outer loop
      vertex 37.426 7.17888 0.45
      vertex 36.9395 7.20771 0.45
      vertex 37.4207 7.27577 0.45
    endloop
  endfacet
  facet normal 0 0 -1
    outer loop
      vertex 36.9382 7.17937 0.45
      vertex 37.4111 7.01975 0.45
      vertex 37.4026 6.98351 0.45
    endloop
  endfacet
  facet normal 0 0 -1
    outer loop
      vertex 36.9382 7.17937 0.45
      vertex 37.4026 6.98351 0.45
      vertex 37.3924 6.94869 0.45
    endloop
  endfacet
  facet normal 0 0 -1
    outer loop
      vertex 36.9382 7.17937 0.45
      vertex 37.3924 6.94869 0.45
      vertex 37.3802 6.91529 0.45
    endloop
  endfacet
  facet normal -0 0 -1
    outer loop
      vertex 37.4207 7.27577 0.45
      vertex 36.9395 7.20771 0.45
      vertex 37.4048 7.36592 0.45
    endloop
  endfacet
  facet normal 0 0 -1
    outer loop
      vertex 36.9382 7.17937 0.45
      vertex 37.3802 6.91529 0.45
      vertex 37.3663 6.88324 0.45
    endloop
  endfacet
  facet normal 0 0 -1
    outer loop
      vertex 36.9382 7.17937 0.45
      vertex 37.3663 6.88324 0.45
      vertex 37.3508 6.85251 0.45
    endloop
  endfacet
  facet normal 0 0 -1
    outer loop
      vertex 36.9288 7.29227 0.45
      vertex 37.4048 7.36592 0.45
      vertex 36.9395 7.20771 0.45
    endloop
  endfacet
  facet normal 0 0 -1
    outer loop
      vertex 36.9382 7.17937 0.45
      vertex 37.3508 6.85251 0.45
      vertex 37.3335 6.82309 0.45
    endloop
  endfacet
  facet normal 0 0 -1
    outer loop
      vertex 36.9382 7.17937 0.45
      vertex 37.3335 6.82309 0.45
      vertex 37.3146 6.795 0.45
    endloop
  endfacet
  facet normal 0 0 -1
    outer loop
      vertex 36.9382 7.17937 0.45
      vertex 37.3146 6.795 0.45
      vertex 37.2941 6.76822 0.45
    endloop
  endfacet
  facet normal -0 0 -1
    outer loop
      vertex 37.4048 7.36592 0.45
      vertex 36.9288 7.29227 0.45
      vertex 37.3782 7.44931 0.45
    endloop
  endfacet
  facet normal 0 0 -1
    outer loop
      vertex 36.9382 7.17937 0.45
      vertex 37.2941 6.76822 0.45
      vertex 37.2719 6.74275 0.45
    endloop
  endfacet
  facet normal 0 0 -1
    outer loop
      vertex 36.9382 7.17937 0.45
      vertex 37.2719 6.74275 0.45
      vertex 37.248 6.7186 0.45
    endloop
  endfacet
  facet normal -0 0 -1
    outer loop
      vertex 37.3782 7.44931 0.45
      vertex 36.9288 7.29227 0.45
      vertex 37.341 7.52597 0.45
    endloop
  endfacet
  facet normal 0 0 -1
    outer loop
      vertex 36.9382 7.17937 0.45
      vertex 37.248 6.7186 0.45
      vertex 37.222 6.69554 0.45
    endloop
  endfacet
  facet normal 0 0 -1
    outer loop
      vertex 36.9382 7.17937 0.45
      vertex 37.222 6.69554 0.45
      vertex 37.1935 6.6733 0.45
    endloop
  endfacet
  facet normal 0 0 -1
    outer loop
      vertex 36.8967 7.36382 0.45
      vertex 37.341 7.52597 0.45
      vertex 36.9288 7.29227 0.45
    endloop
  endfacet
  facet normal 0 0 -1
    outer loop
      vertex 36.9382 7.17937 0.45
      vertex 37.1935 6.6733 0.45
      vertex 37.1625 6.65187 0.45
    endloop
  endfacet
  facet normal 0 0 -1
    outer loop
      vertex 36.9382 7.17937 0.45
      vertex 37.1625 6.65187 0.45
      vertex 37.129 6.63129 0.45
    endloop
  endfacet
  facet normal 0 0 -1
    outer loop
      vertex 36.9382 7.17937 0.45
      vertex 37.129 6.63129 0.45
      vertex 37.0929 6.61154 0.45
    endloop
  endfacet
  facet normal -0 0 -1
    outer loop
      vertex 37.341 7.52597 0.45
      vertex 36.8967 7.36382 0.45
      vertex 37.2932 7.59587 0.45
    endloop
  endfacet
  facet normal 0 0 -1
    outer loop
      vertex 36.9382 7.17937 0.45
      vertex 37.0929 6.61154 0.45
      vertex 37.0543 6.59261 0.45
    endloop
  endfacet
  facet normal 0 0 -1
    outer loop
      vertex 36.9382 7.17937 0.45
      vertex 37.0543 6.59261 0.45
      vertex 37.0132 6.57453 0.45
    endloop
  endfacet
  facet normal -0 0 -1
    outer loop
      vertex 37.2932 7.59587 0.45
      vertex 36.8967 7.36382 0.45
      vertex 37.2348 7.65905 0.45
    endloop
  endfacet
  facet normal 0 0 -1
    outer loop
      vertex 36.7944 6.97151 0.45
      vertex 37.0132 6.57453 0.45
      vertex 36.9668 6.55661 0.45
    endloop
  endfacet
  facet normal -0 0 -1
    outer loop
      vertex 37.2348 7.65905 0.45
      vertex 36.8967 7.36382 0.45
      vertex 37.1658 7.71546 0.45
    endloop
  endfacet
  facet normal 0 0 -1
    outer loop
      vertex 36.8432 7.42235 0.45
      vertex 37.1658 7.71546 0.45
      vertex 36.8967 7.36382 0.45
    endloop
  endfacet
  facet normal -0 0 -1
    outer loop
      vertex 37.1658 7.71546 0.45
      vertex 36.8432 7.42235 0.45
      vertex 37.0864 7.7647 0.45
    endloop
  endfacet
  facet normal -0 0 -1
    outer loop
      vertex 37.0864 7.7647 0.45
      vertex 36.8432 7.42235 0.45
      vertex 36.9972 7.80637 0.45
    endloop
  endfacet
  facet normal 0 0 -1
    outer loop
      vertex 36.7684 7.46788 0.45
      vertex 36.9972 7.80637 0.45
      vertex 36.8432 7.42235 0.45
    endloop
  endfacet
  facet normal -0 0 -1
    outer loop
      vertex 36.9972 7.80637 0.45
      vertex 36.7684 7.46788 0.45
      vertex 36.898 7.84047 0.45
    endloop
  endfacet
  facet normal -0 0 -1
    outer loop
      vertex 36.898 7.84047 0.45
      vertex 36.7684 7.46788 0.45
      vertex 36.7889 7.86699 0.45
    endloop
  endfacet
  facet normal 0 0 -1
    outer loop
      vertex 36.6722 7.50041 0.45
      vertex 36.7889 7.86699 0.45
      vertex 36.7684 7.46788 0.45
    endloop
  endfacet
  facet normal 0 0 -1
    outer loop
      vertex 36.6722 7.50041 0.45
      vertex 36.6699 7.88593 0.45
      vertex 36.7889 7.86699 0.45
    endloop
  endfacet
  facet normal 0 0 -1
    outer loop
      vertex 36.5546 7.51993 0.45
      vertex 36.6699 7.88593 0.45
      vertex 36.6722 7.50041 0.45
    endloop
  endfacet
  facet normal 0 0 -1
    outer loop
      vertex 36.5546 7.51993 0.45
      vertex 36.5409 7.8973 0.45
      vertex 36.6699 7.88593 0.45
    endloop
  endfacet
  facet normal 0 0 -1
    outer loop
      vertex 36.4156 7.52643 0.45
      vertex 36.5409 7.8973 0.45
      vertex 36.5546 7.51993 0.45
    endloop
  endfacet
  facet normal 0 0 -1
    outer loop
      vertex 36.4156 7.52643 0.45
      vertex 36.402 7.90108 0.45
      vertex 36.5409 7.8973 0.45
    endloop
  endfacet
  facet normal 0 0 -1
    outer loop
      vertex 36.3457 7.52468 0.45
      vertex 36.402 7.90108 0.45
      vertex 36.4156 7.52643 0.45
    endloop
  endfacet
  facet normal 0 0 -1
    outer loop
      vertex 36.2748 7.89775 0.45
      vertex 36.3457 7.52468 0.45
      vertex 36.2803 7.51944 0.45
    endloop
  endfacet
  facet normal 0 0 -1
    outer loop
      vertex 36.3457 7.52468 0.45
      vertex 36.2748 7.89775 0.45
      vertex 36.402 7.90108 0.45
    endloop
  endfacet
  facet normal 0 0 -1
    outer loop
      vertex 36.1557 7.88779 0.45
      vertex 36.2803 7.51944 0.45
      vertex 36.2193 7.51071 0.45
    endloop
  endfacet
  facet normal 0 0 -1
    outer loop
      vertex 36.1557 7.88779 0.45
      vertex 36.2193 7.51071 0.45
      vertex 36.1629 7.49848 0.45
    endloop
  endfacet
  facet normal 0 0 -1
    outer loop
      vertex 36.2803 7.51944 0.45
      vertex 36.1557 7.88779 0.45
      vertex 36.2748 7.89775 0.45
    endloop
  endfacet
  facet normal 0 0 -1
    outer loop
      vertex 36.0447 7.87119 0.45
      vertex 36.1629 7.49848 0.45
      vertex 36.111 7.48276 0.45
    endloop
  endfacet
  facet normal 0 0 -1
    outer loop
      vertex 35.9418 7.84793 0.45
      vertex 36.111 7.48276 0.45
      vertex 36.0635 7.46353 0.45
    endloop
  endfacet
  facet normal 0 0 -1
    outer loop
      vertex 36.1629 7.49848 0.45
      vertex 36.0447 7.87119 0.45
      vertex 36.1557 7.88779 0.45
    endloop
  endfacet
  facet normal 0 0 -1
    outer loop
      vertex 35.8469 7.81804 0.45
      vertex 36.0635 7.46353 0.45
      vertex 36.0206 7.44083 0.45
    endloop
  endfacet
  facet normal 0 0 -1
    outer loop
      vertex 35.7602 7.78151 0.45
      vertex 36.0206 7.44083 0.45
      vertex 35.9818 7.41423 0.45
    endloop
  endfacet
  facet normal 0 0 -1
    outer loop
      vertex 35.6815 7.73833 0.45
      vertex 35.9818 7.41423 0.45
      vertex 35.9468 7.3834 0.45
    endloop
  endfacet
  facet normal 0 0 -1
    outer loop
      vertex 36.111 7.48276 0.45
      vertex 35.9418 7.84793 0.45
      vertex 36.0447 7.87119 0.45
    endloop
  endfacet
  facet normal 0 0 -1
    outer loop
      vertex 35.6108 7.6884 0.45
      vertex 35.9468 7.3834 0.45
      vertex 35.9157 7.34828 0.45
    endloop
  endfacet
  facet normal 0 0 -1
    outer loop
      vertex 35.5476 7.63163 0.45
      vertex 35.9157 7.34828 0.45
      vertex 35.8883 7.30893 0.45
    endloop
  endfacet
  facet normal 0 0 -1
    outer loop
      vertex 35.492 7.56801 0.45
      vertex 35.8883 7.30893 0.45
      vertex 35.8647 7.26532 0.45
    endloop
  endfacet
  facet normal 0 0 -1
    outer loop
      vertex 36.0635 7.46353 0.45
      vertex 35.8469 7.81804 0.45
      vertex 35.9418 7.84793 0.45
    endloop
  endfacet
  facet normal 0 0 -1
    outer loop
      vertex 35.4037 7.4202 0.45
      vertex 35.8647 7.26532 0.45
      vertex 35.845 7.21746 0.45
    endloop
  endfacet
  facet normal 0 0 -1
    outer loop
      vertex 35.371 7.33603 0.45
      vertex 35.845 7.21746 0.45
      vertex 35.829 7.16533 0.45
    endloop
  endfacet
  facet normal 0 0 -1
    outer loop
      vertex 36.0206 7.44083 0.45
      vertex 35.7602 7.78151 0.45
      vertex 35.8469 7.81804 0.45
    endloop
  endfacet
  facet normal 0 0 -1
    outer loop
      vertex 35.9818 7.41423 0.45
      vertex 35.6815 7.73833 0.45
      vertex 35.7602 7.78151 0.45
    endloop
  endfacet
  facet normal 0 0 -1
    outer loop
      vertex 35.9468 7.3834 0.45
      vertex 35.6108 7.6884 0.45
      vertex 35.6815 7.73833 0.45
    endloop
  endfacet
  facet normal 0 0 -1
    outer loop
      vertex 35.9157 7.34828 0.45
      vertex 35.5476 7.63163 0.45
      vertex 35.6108 7.6884 0.45
    endloop
  endfacet
  facet normal 0 0 -1
    outer loop
      vertex 35.8883 7.30893 0.45
      vertex 35.492 7.56801 0.45
      vertex 35.5476 7.63163 0.45
    endloop
  endfacet
  facet normal 0 0 -1
    outer loop
      vertex 35.8647 7.26532 0.45
      vertex 35.4441 7.49753 0.45
      vertex 35.492 7.56801 0.45
    endloop
  endfacet
  facet normal 0 0 -1
    outer loop
      vertex 35.8647 7.26532 0.45
      vertex 35.4037 7.4202 0.45
      vertex 35.4441 7.49753 0.45
    endloop
  endfacet
  facet normal 0 0 -1
    outer loop
      vertex 35.845 7.21746 0.45
      vertex 35.371 7.33603 0.45
      vertex 35.4037 7.4202 0.45
    endloop
  endfacet
  facet normal 0 -0 -1
    outer loop
      vertex 35.371 7.33603 0.45
      vertex 35.829 7.16533 0.45
      vertex 35.3459 7.245 0.45
    endloop
  endfacet
  facet normal 0 0 -1
    outer loop
      vertex 49.7208 6.5548 0.45
      vertex 50.2349 6.66182 0.45
      vertex 50.2283 6.5045 0.45
    endloop
  endfacet
  facet normal 0 0 -1
    outer loop
      vertex 50.2349 6.66182 0.45
      vertex 49.7246 6.66182 0.45
      vertex 50.2318 6.76653 0.45
    endloop
  endfacet
  facet normal 0 0 -1
    outer loop
      vertex 49.7096 6.45458 0.45
      vertex 50.2283 6.5045 0.45
      vertex 50.2088 6.35707 0.45
    endloop
  endfacet
  facet normal 0 0 -1
    outer loop
      vertex 49.7209 6.77379 0.45
      vertex 50.2318 6.76653 0.45
      vertex 49.7246 6.66182 0.45
    endloop
  endfacet
  facet normal 0 0 -1
    outer loop
      vertex 50.2318 6.76653 0.45
      vertex 49.7209 6.77379 0.45
      vertex 50.2228 6.8676 0.45
    endloop
  endfacet
  facet normal 0 0 -1
    outer loop
      vertex 49.6909 6.36119 0.45
      vertex 50.2088 6.35707 0.45
      vertex 50.1762 6.21956 0.45
    endloop
  endfacet
  facet normal 0 0 -1
    outer loop
      vertex 49.7097 6.87825 0.45
      vertex 50.2228 6.8676 0.45
      vertex 49.7209 6.77379 0.45
    endloop
  endfacet
  facet normal 0 0 -1
    outer loop
      vertex 49.6648 6.27462 0.45
      vertex 50.1762 6.21956 0.45
      vertex 50.1305 6.09192 0.45
    endloop
  endfacet
  facet normal 0 0 -1
    outer loop
      vertex 50.2228 6.8676 0.45
      vertex 49.7097 6.87825 0.45
      vertex 50.2078 6.965 0.45
    endloop
  endfacet
  facet normal -0 0 -1
    outer loop
      vertex 50.2078 6.965 0.45
      vertex 49.7097 6.87825 0.45
      vertex 50.1867 7.05872 0.45
    endloop
  endfacet
  facet normal 0 0 -1
    outer loop
      vertex 49.6648 6.27462 0.45
      vertex 50.1305 6.09192 0.45
      vertex 50.0718 5.97418 0.45
    endloop
  endfacet
  facet normal 0 0 -1
    outer loop
      vertex 49.6911 6.97516 0.45
      vertex 50.1867 7.05872 0.45
      vertex 49.7097 6.87825 0.45
    endloop
  endfacet
  facet normal 0 0 -1
    outer loop
      vertex 49.6312 6.19484 0.45
      vertex 50.0718 5.97418 0.45
      vertex 50.0001 5.86634 0.45
    endloop
  endfacet
  facet normal -0 0 -1
    outer loop
      vertex 50.1867 7.05872 0.45
      vertex 49.6911 6.97516 0.45
      vertex 50.1596 7.14879 0.45
    endloop
  endfacet
  facet normal 0 0 -1
    outer loop
      vertex 49.6651 7.06453 0.45
      vertex 50.1596 7.14879 0.45
      vertex 49.6911 6.97516 0.45
    endloop
  endfacet
  facet normal 0 0 -1
    outer loop
      vertex 49.5901 6.12191 0.45
      vertex 50.0001 5.86634 0.45
      vertex 49.9153 5.76839 0.45
    endloop
  endfacet
  facet normal -0 0 -1
    outer loop
      vertex 50.1596 7.14879 0.45
      vertex 49.6651 7.06453 0.45
      vertex 50.1265 7.23517 0.45
    endloop
  endfacet
  facet normal 0 0 -1
    outer loop
      vertex 49.5415 6.05577 0.45
      vertex 49.9153 5.76839 0.45
      vertex 49.8189 5.68204 0.45
    endloop
  endfacet
  facet normal -0 0 -1
    outer loop
      vertex 50.1265 7.23517 0.45
      vertex 49.6651 7.06453 0.45
      vertex 50.0874 7.3179 0.45
    endloop
  endfacet
  facet normal 0 0 -1
    outer loop
      vertex 49.6316 7.14635 0.45
      vertex 50.0874 7.3179 0.45
      vertex 49.6651 7.06453 0.45
    endloop
  endfacet
  facet normal -0 0 -1
    outer loop
      vertex 50.0874 7.3179 0.45
      vertex 49.6316 7.14635 0.45
      vertex 50.0426 7.39608 0.45
    endloop
  endfacet
  facet normal -0 0 -1
    outer loop
      vertex 50.2349 6.66182 0.45
      vertex 49.7208 6.5548 0.45
      vertex 49.7246 6.66182 0.45
    endloop
  endfacet
  facet normal 0 0 -1
    outer loop
      vertex 49.4862 5.99752 0.45
      vertex 49.8189 5.68204 0.45
      vertex 49.7124 5.60897 0.45
    endloop
  endfacet
  facet normal -0 0 -1
    outer loop
      vertex 50.2283 6.5045 0.45
      vertex 49.7096 6.45458 0.45
      vertex 49.7208 6.5548 0.45
    endloop
  endfacet
  facet normal 0 0 -1
    outer loop
      vertex 50.2088 6.35707 0.45
      vertex 49.6909 6.36119 0.45
      vertex 49.7096 6.45458 0.45
    endloop
  endfacet
  facet normal 0 0 -1
    outer loop
      vertex 50.1762 6.21956 0.45
      vertex 49.6648 6.27462 0.45
      vertex 49.6909 6.36119 0.45
    endloop
  endfacet
  facet normal 0 0 -1
    outer loop
      vertex 50.0718 5.97418 0.45
      vertex 49.6312 6.19484 0.45
      vertex 49.6648 6.27462 0.45
    endloop
  endfacet
  facet normal 0 0 -1
    outer loop
      vertex 49.4248 5.94823 0.45
      vertex 49.7124 5.60897 0.45
      vertex 49.5958 5.54918 0.45
    endloop
  endfacet
  facet normal 0 0 -1
    outer loop
      vertex 50.0001 5.86634 0.45
      vertex 49.5901 6.12191 0.45
      vertex 49.6312 6.19484 0.45
    endloop
  endfacet
  facet normal 0 0 -1
    outer loop
      vertex 49.9153 5.76839 0.45
      vertex 49.5415 6.05577 0.45
      vertex 49.5901 6.12191 0.45
    endloop
  endfacet
  facet normal 0 0 -1
    outer loop
      vertex 49.8189 5.68204 0.45
      vertex 49.4862 5.99752 0.45
      vertex 49.5415 6.05577 0.45
    endloop
  endfacet
  facet normal 0 0 -1
    outer loop
      vertex 49.3575 5.90792 0.45
      vertex 49.5958 5.54918 0.45
      vertex 49.469 5.50267 0.45
    endloop
  endfacet
  facet normal 0 0 -1
    outer loop
      vertex 49.7124 5.60897 0.45
      vertex 49.4248 5.94823 0.45
      vertex 49.4862 5.99752 0.45
    endloop
  endfacet
  facet normal 0 0 -1
    outer loop
      vertex 49.5958 5.54918 0.45
      vertex 49.3575 5.90792 0.45
      vertex 49.4248 5.94823 0.45
    endloop
  endfacet
  facet normal 0 0 -1
    outer loop
      vertex 49.2841 5.87654 0.45
      vertex 49.469 5.50267 0.45
      vertex 49.3321 5.46947 0.45
    endloop
  endfacet
  facet normal 0 0 -1
    outer loop
      vertex 49.469 5.50267 0.45
      vertex 49.2841 5.87654 0.45
      vertex 49.3575 5.90792 0.45
    endloop
  endfacet
  facet normal 0 0 -1
    outer loop
      vertex 49.3321 5.46947 0.45
      vertex 49.2047 5.85414 0.45
      vertex 49.2841 5.87654 0.45
    endloop
  endfacet
  facet normal 0 0 -1
    outer loop
      vertex 49.185 5.44954 0.45
      vertex 49.2047 5.85414 0.45
      vertex 49.3321 5.46947 0.45
    endloop
  endfacet
  facet normal 0 0 -1
    outer loop
      vertex 49.185 5.44954 0.45
      vertex 49.1192 5.8407 0.45
      vertex 49.2047 5.85414 0.45
    endloop
  endfacet
  facet normal 0 0 -1
    outer loop
      vertex 49.0278 5.44289 0.45
      vertex 49.1192 5.8407 0.45
      vertex 49.185 5.44954 0.45
    endloop
  endfacet
  facet normal 0 0 -1
    outer loop
      vertex 49.0278 5.44289 0.45
      vertex 49.0278 5.83622 0.45
      vertex 49.1192 5.8407 0.45
    endloop
  endfacet
  facet normal 0 0 -1
    outer loop
      vertex 49.0278 5.44289 0.45
      vertex 48.935 5.84067 0.45
      vertex 49.0278 5.83622 0.45
    endloop
  endfacet
  facet normal 0 0 -1
    outer loop
      vertex 48.8706 5.44947 0.45
      vertex 48.935 5.84067 0.45
      vertex 49.0278 5.44289 0.45
    endloop
  endfacet
  facet normal 0 0 -1
    outer loop
      vertex 48.8706 5.44947 0.45
      vertex 48.8484 5.85401 0.45
      vertex 48.935 5.84067 0.45
    endloop
  endfacet
  facet normal 0 0 -1
    outer loop
      vertex 48.7236 5.4692 0.45
      vertex 48.8484 5.85401 0.45
      vertex 48.8706 5.44947 0.45
    endloop
  endfacet
  facet normal -0 0 -1
    outer loop
      vertex 48.8484 5.85401 0.45
      vertex 48.7236 5.4692 0.45
      vertex 48.7681 5.87624 0.45
    endloop
  endfacet
  facet normal 0 0 -1
    outer loop
      vertex 48.5868 5.50206 0.45
      vertex 48.7681 5.87624 0.45
      vertex 48.7236 5.4692 0.45
    endloop
  endfacet
  facet normal -0 0 -1
    outer loop
      vertex 48.7681 5.87624 0.45
      vertex 48.5868 5.50206 0.45
      vertex 48.694 5.90735 0.45
    endloop
  endfacet
  facet normal 0 0 -1
    outer loop
      vertex 48.4601 5.54808 0.45
      vertex 48.694 5.90735 0.45
      vertex 48.5868 5.50206 0.45
    endloop
  endfacet
  facet normal -0 0 -1
    outer loop
      vertex 48.694 5.90735 0.45
      vertex 48.4601 5.54808 0.45
      vertex 48.6261 5.94738 0.45
    endloop
  endfacet
  facet normal 0 0 -1
    outer loop
      vertex 48.3436 5.60724 0.45
      vertex 48.6261 5.94738 0.45
      vertex 48.4601 5.54808 0.45
    endloop
  endfacet
  facet normal -0 0 -1
    outer loop
      vertex 48.6261 5.94738 0.45
      vertex 48.3436 5.60724 0.45
      vertex 48.5645 5.99628 0.45
    endloop
  endfacet
  facet normal 0 0 -1
    outer loop
      vertex 48.2373 5.67955 0.45
      vertex 48.5645 5.99628 0.45
      vertex 48.3436 5.60724 0.45
    endloop
  endfacet
  facet normal -0 0 -1
    outer loop
      vertex 48.5645 5.99628 0.45
      vertex 48.2373 5.67955 0.45
      vertex 48.509 6.05406 0.45
    endloop
  endfacet
  facet normal 0 0 -1
    outer loop
      vertex 48.1412 5.76502 0.45
      vertex 48.509 6.05406 0.45
      vertex 48.2373 5.67955 0.45
    endloop
  endfacet
  facet normal -0 0 -1
    outer loop
      vertex 48.509 6.05406 0.45
      vertex 48.1412 5.76502 0.45
      vertex 48.4605 6.11981 0.45
    endloop
  endfacet
  facet normal 0 0 -1
    outer loop
      vertex 48.0566 5.8622 0.45
      vertex 48.4605 6.11981 0.45
      vertex 48.1412 5.76502 0.45
    endloop
  endfacet
  facet normal -0 0 -1
    outer loop
      vertex 48.4605 6.11981 0.45
      vertex 48.0566 5.8622 0.45
      vertex 48.4194 6.19258 0.45
    endloop
  endfacet
  facet normal 0 0 -1
    outer loop
      vertex 47.985 5.9697 0.45
      vertex 48.4194 6.19258 0.45
      vertex 48.0566 5.8622 0.45
    endloop
  endfacet
  facet normal -0 0 -1
    outer loop
      vertex 48.4194 6.19258 0.45
      vertex 47.985 5.9697 0.45
      vertex 48.3857 6.27239 0.45
    endloop
  endfacet
  facet normal 0 0 -1
    outer loop
      vertex 47.9265 6.0875 0.45
      vertex 48.3857 6.27239 0.45
      vertex 47.985 5.9697 0.45
    endloop
  endfacet
  facet normal 0 0 -1
    outer loop
      vertex 47.881 6.21561 0.45
      vertex 48.3857 6.27239 0.45
      vertex 47.9265 6.0875 0.45
    endloop
  endfacet
  facet normal 0 -0 -1
    outer loop
      vertex 47.8289 6.82149 0.45
      vertex 48.326 6.66182 0.45
      vertex 47.8224 6.66182 0.45
    endloop
  endfacet
  facet normal -0 0 -1
    outer loop
      vertex 48.3857 6.27239 0.45
      vertex 47.881 6.21561 0.45
      vertex 48.3596 6.35921 0.45
    endloop
  endfacet
  facet normal 0 -0 -1
    outer loop
      vertex 47.8485 6.97119 0.45
      vertex 48.326 6.66182 0.45
      vertex 47.8289 6.82149 0.45
    endloop
  endfacet
  facet normal 0 0 -1
    outer loop
      vertex 47.8484 6.35404 0.45
      vertex 48.3596 6.35921 0.45
      vertex 47.881 6.21561 0.45
    endloop
  endfacet
  facet normal 0 -0 -1
    outer loop
      vertex 47.8811 7.11089 0.45
      vertex 48.326 6.66182 0.45
      vertex 47.8485 6.97119 0.45
    endloop
  endfacet
  facet normal -0 0 -1
    outer loop
      vertex 48.3596 6.35921 0.45
      vertex 47.8484 6.35404 0.45
      vertex 48.3409 6.45305 0.45
    endloop
  endfacet
  facet normal 0 -0 -1
    outer loop
      vertex 47.9268 7.24057 0.45
      vertex 48.326 6.66182 0.45
      vertex 47.8811 7.11089 0.45
    endloop
  endfacet
  facet normal 0 0 -1
    outer loop
      vertex 47.8289 6.50278 0.45
      vertex 48.3409 6.45305 0.45
      vertex 47.8484 6.35404 0.45
    endloop
  endfacet
  facet normal 0 0 -1
    outer loop
      vertex 48.326 6.66182 0.45
      vertex 48.0572 7.46996 0.45
      vertex 48.142 7.56966 0.45
    endloop
  endfacet
  facet normal 0 0 -1
    outer loop
      vertex 48.3409 6.45305 0.45
      vertex 47.8289 6.50278 0.45
      vertex 48.3297 6.55393 0.45
    endloop
  endfacet
  facet normal 0 0 -1
    outer loop
      vertex 48.326 6.66182 0.45
      vertex 47.9268 7.24057 0.45
      vertex 47.9855 7.36026 0.45
    endloop
  endfacet
  facet normal 0 0 -1
    outer loop
      vertex 47.8224 6.66182 0.45
      vertex 48.3297 6.55393 0.45
      vertex 47.8289 6.50278 0.45
    endloop
  endfacet
  facet normal 0 0 -1
    outer loop
      vertex 48.326 6.66182 0.45
      vertex 47.9855 7.36026 0.45
      vertex 48.0572 7.46996 0.45
    endloop
  endfacet
  facet normal 0 0 -1
    outer loop
      vertex 48.3297 6.55393 0.45
      vertex 47.8224 6.66182 0.45
      vertex 48.326 6.66182 0.45
    endloop
  endfacet
  facet normal 0 0 -1
    outer loop
      vertex 48.326 6.66182 0.45
      vertex 48.142 7.56966 0.45
      vertex 48.2383 7.65758 0.45
    endloop
  endfacet
  facet normal -0 0 -1
    outer loop
      vertex 50.0426 7.39608 0.45
      vertex 49.6316 7.14635 0.45
      vertex 49.9927 7.46881 0.45
    endloop
  endfacet
  facet normal 0 0 -1
    outer loop
      vertex 49.5907 7.22064 0.45
      vertex 49.9927 7.46881 0.45
      vertex 49.6316 7.14635 0.45
    endloop
  endfacet
  facet normal -0 0 -1
    outer loop
      vertex 49.9927 7.46881 0.45
      vertex 49.5907 7.22064 0.45
      vertex 49.9376 7.53612 0.45
    endloop
  endfacet
  facet normal 0 0 -1
    outer loop
      vertex 49.5423 7.28739 0.45
      vertex 49.9376 7.53612 0.45
      vertex 49.5907 7.22064 0.45
    endloop
  endfacet
  facet normal -0 0 -1
    outer loop
      vertex 49.9376 7.53612 0.45
      vertex 49.5423 7.28739 0.45
      vertex 49.8773 7.59801 0.45
    endloop
  endfacet
  facet normal -0 0 -1
    outer loop
      vertex 49.8773 7.59801 0.45
      vertex 49.5423 7.28739 0.45
      vertex 49.8118 7.65445 0.45
    endloop
  endfacet
  facet normal 0 0 -1
    outer loop
      vertex 49.4871 7.34586 0.45
      vertex 49.8118 7.65445 0.45
      vertex 49.5423 7.28739 0.45
    endloop
  endfacet
  facet normal -0 0 -1
    outer loop
      vertex 49.8118 7.65445 0.45
      vertex 49.4871 7.34586 0.45
      vertex 49.7411 7.70546 0.45
    endloop
  endfacet
  facet normal 0 0 -1
    outer loop
      vertex 49.4257 7.39533 0.45
      vertex 49.7411 7.70546 0.45
      vertex 49.4871 7.34586 0.45
    endloop
  endfacet
  facet normal -0 0 -1
    outer loop
      vertex 49.7411 7.70546 0.45
      vertex 49.4257 7.39533 0.45
      vertex 49.6652 7.75106 0.45
    endloop
  endfacet
  facet normal -0 0 -1
    outer loop
      vertex 49.6652 7.75106 0.45
      vertex 49.4257 7.39533 0.45
      vertex 49.5849 7.79085 0.45
    endloop
  endfacet
  facet normal 0 0 -1
    outer loop
      vertex 49.3579 7.43581 0.45
      vertex 49.5849 7.79085 0.45
      vertex 49.4257 7.39533 0.45
    endloop
  endfacet
  facet normal -0 0 -1
    outer loop
      vertex 49.5849 7.79085 0.45
      vertex 49.3579 7.43581 0.45
      vertex 49.5008 7.82454 0.45
    endloop
  endfacet
  facet normal 0 0 -1
    outer loop
      vertex 49.284 7.4673 0.45
      vertex 49.5008 7.82454 0.45
      vertex 49.3579 7.43581 0.45
    endloop
  endfacet
  facet normal -0 0 -1
    outer loop
      vertex 49.5008 7.82454 0.45
      vertex 49.284 7.4673 0.45
      vertex 49.413 7.8521 0.45
    endloop
  endfacet
  facet normal -0 0 -1
    outer loop
      vertex 49.413 7.8521 0.45
      vertex 49.284 7.4673 0.45
      vertex 49.3215 7.87352 0.45
    endloop
  endfacet
  facet normal 0 0 -1
    outer loop
      vertex 49.2037 7.48979 0.45
      vertex 49.3215 7.87352 0.45
      vertex 49.284 7.4673 0.45
    endloop
  endfacet
  facet normal -0 0 -1
    outer loop
      vertex 49.3215 7.87352 0.45
      vertex 49.2037 7.48979 0.45
      vertex 49.2262 7.88883 0.45
    endloop
  endfacet
  facet normal 0 0 -1
    outer loop
      vertex 49.1172 7.50328 0.45
      vertex 49.2262 7.88883 0.45
      vertex 49.2037 7.48979 0.45
    endloop
  endfacet
  facet normal -0 0 -1
    outer loop
      vertex 49.2262 7.88883 0.45
      vertex 49.1172 7.50328 0.45
      vertex 49.1272 7.89801 0.45
    endloop
  endfacet
  facet normal 0 0 -1
    outer loop
      vertex 49.0244 7.50778 0.45
      vertex 49.1272 7.89801 0.45
      vertex 49.1172 7.50328 0.45
    endloop
  endfacet
  facet normal 0 0 -1
    outer loop
      vertex 49.0244 7.50778 0.45
      vertex 49.0244 7.90108 0.45
      vertex 49.1272 7.89801 0.45
    endloop
  endfacet
  facet normal 0 0 -1
    outer loop
      vertex 48.9347 7.50316 0.45
      vertex 49.0244 7.90108 0.45
      vertex 49.0244 7.50778 0.45
    endloop
  endfacet
  facet normal 0 0 -1
    outer loop
      vertex 48.9347 7.50316 0.45
      vertex 48.8686 7.89432 0.45
      vertex 49.0244 7.90108 0.45
    endloop
  endfacet
  facet normal 0 0 -1
    outer loop
      vertex 48.8505 7.48931 0.45
      vertex 48.8686 7.89432 0.45
      vertex 48.9347 7.50316 0.45
    endloop
  endfacet
  facet normal 0 0 -1
    outer loop
      vertex 48.7227 7.87403 0.45
      vertex 48.8505 7.48931 0.45
      vertex 48.7719 7.4662 0.45
    endloop
  endfacet
  facet normal 0 0 -1
    outer loop
      vertex 48.8505 7.48931 0.45
      vertex 48.7227 7.87403 0.45
      vertex 48.8686 7.89432 0.45
    endloop
  endfacet
  facet normal 0 0 -1
    outer loop
      vertex 48.5867 7.84021 0.45
      vertex 48.7719 7.4662 0.45
      vertex 48.6989 7.43387 0.45
    endloop
  endfacet
  facet normal 0 0 -1
    outer loop
      vertex 48.4606 7.79286 0.45
      vertex 48.6989 7.43387 0.45
      vertex 48.6315 7.39231 0.45
    endloop
  endfacet
  facet normal 0 0 -1
    outer loop
      vertex 48.7719 7.4662 0.45
      vertex 48.5867 7.84021 0.45
      vertex 48.7227 7.87403 0.45
    endloop
  endfacet
  facet normal 0 0 -1
    outer loop
      vertex 48.3445 7.73198 0.45
      vertex 48.6315 7.39231 0.45
      vertex 48.5696 7.34149 0.45
    endloop
  endfacet
  facet normal 0 0 -1
    outer loop
      vertex 48.2383 7.65758 0.45
      vertex 48.5696 7.34149 0.45
      vertex 48.5133 7.28145 0.45
    endloop
  endfacet
  facet normal 0 0 -1
    outer loop
      vertex 48.2383 7.65758 0.45
      vertex 48.5133 7.28145 0.45
      vertex 48.4636 7.21338 0.45
    endloop
  endfacet
  facet normal 0 0 -1
    outer loop
      vertex 48.6989 7.43387 0.45
      vertex 48.4606 7.79286 0.45
      vertex 48.5867 7.84021 0.45
    endloop
  endfacet
  facet normal 0 0 -1
    outer loop
      vertex 48.2383 7.65758 0.45
      vertex 48.4636 7.21338 0.45
      vertex 48.4215 7.13849 0.45
    endloop
  endfacet
  facet normal 0 0 -1
    outer loop
      vertex 48.2383 7.65758 0.45
      vertex 48.4215 7.13849 0.45
      vertex 48.3871 7.05678 0.45
    endloop
  endfacet
  facet normal 0 0 -1
    outer loop
      vertex 48.2383 7.65758 0.45
      vertex 48.3871 7.05678 0.45
      vertex 48.3604 6.96826 0.45
    endloop
  endfacet
  facet normal 0 0 -1
    outer loop
      vertex 48.6315 7.39231 0.45
      vertex 48.3445 7.73198 0.45
      vertex 48.4606 7.79286 0.45
    endloop
  endfacet
  facet normal 0 0 -1
    outer loop
      vertex 48.2383 7.65758 0.45
      vertex 48.3604 6.96826 0.45
      vertex 48.3412 6.87293 0.45
    endloop
  endfacet
  facet normal 0 0 -1
    outer loop
      vertex 48.2383 7.65758 0.45
      vertex 48.3412 6.87293 0.45
      vertex 48.3298 6.77077 0.45
    endloop
  endfacet
  facet normal 0 0 -1
    outer loop
      vertex 48.2383 7.65758 0.45
      vertex 48.3298 6.77077 0.45
      vertex 48.326 6.66182 0.45
    endloop
  endfacet
  facet normal 0 0 -1
    outer loop
      vertex 48.5696 7.34149 0.45
      vertex 48.2383 7.65758 0.45
      vertex 48.3445 7.73198 0.45
    endloop
  endfacet
  facet normal 0 0 -1
    outer loop
      vertex 23.766 5.47849 0.45
      vertex 22.9929 5.86502 0.45
      vertex 23.766 5.86502 0.45
    endloop
  endfacet
  facet normal 0 0 -1
    outer loop
      vertex 22.9929 5.86502 0.45
      vertex 22.4928 5.86502 0.45
      vertex 22.9929 7.86718 0.45
    endloop
  endfacet
  facet normal 0 0 -1
    outer loop
      vertex 23.766 5.47849 0.45
      vertex 22.4928 5.86502 0.45
      vertex 22.9929 5.86502 0.45
    endloop
  endfacet
  facet normal 0 0 -1
    outer loop
      vertex 21.7215 5.47849 0.45
      vertex 22.4928 5.86502 0.45
      vertex 23.766 5.47849 0.45
    endloop
  endfacet
  facet normal -0 0 -1
    outer loop
      vertex 22.4928 5.86502 0.45
      vertex 21.7215 5.47849 0.45
      vertex 21.7215 5.86502 0.45
    endloop
  endfacet
  facet normal -0 0 -1
    outer loop
      vertex 22.9929 7.86718 0.45
      vertex 22.4928 5.86502 0.45
      vertex 22.4928 7.86718 0.45
    endloop
  endfacet
  facet normal 0 0 -1
    outer loop
      vertex 25.8644 5.47849 0.45
      vertex 24.4861 5.86502 0.45
      vertex 25.8644 5.86502 0.45
    endloop
  endfacet
  facet normal 0 0 -1
    outer loop
      vertex 23.986 5.47849 0.45
      vertex 24.4861 6.46517 0.45
      vertex 24.4861 5.86502 0.45
    endloop
  endfacet
  facet normal -0 0 -1
    outer loop
      vertex 24.4861 6.46517 0.45
      vertex 23.986 5.47849 0.45
      vertex 24.4861 6.85167 0.45
    endloop
  endfacet
  facet normal 0 0 -1
    outer loop
      vertex 23.986 7.86718 0.45
      vertex 24.4861 6.85167 0.45
      vertex 23.986 5.47849 0.45
    endloop
  endfacet
  facet normal 0 0 -1
    outer loop
      vertex 23.986 5.47849 0.45
      vertex 24.4861 5.86502 0.45
      vertex 25.8644 5.47849 0.45
    endloop
  endfacet
  facet normal 0 0 -1
    outer loop
      vertex 24.4861 6.46517 0.45
      vertex 25.761 6.85167 0.45
      vertex 25.761 6.46517 0.45
    endloop
  endfacet
  facet normal -0 0 -1
    outer loop
      vertex 25.761 6.85167 0.45
      vertex 24.4861 6.46517 0.45
      vertex 24.4861 6.85167 0.45
    endloop
  endfacet
  facet normal 0 0 -1
    outer loop
      vertex 24.4861 7.48065 0.45
      vertex 25.9339 7.86718 0.45
      vertex 25.9339 7.48065 0.45
    endloop
  endfacet
  facet normal 0 0 -1
    outer loop
      vertex 24.4861 7.48065 0.45
      vertex 23.986 7.86718 0.45
      vertex 25.9339 7.86718 0.45
    endloop
  endfacet
  facet normal 0 0 -1
    outer loop
      vertex 24.4861 6.85167 0.45
      vertex 23.986 7.86718 0.45
      vertex 24.4861 7.48065 0.45
    endloop
  endfacet
  facet normal 0 0 -1
    outer loop
      vertex 29.0094 5.47849 0.45
      vertex 28.5093 5.47849 0.45
      vertex 29.0094 7.48065 0.45
    endloop
  endfacet
  facet normal 0 0 -1
    outer loop
      vertex 29.0094 7.48065 0.45
      vertex 30.2911 7.86718 0.45
      vertex 30.2911 7.48065 0.45
    endloop
  endfacet
  facet normal 0 0 -1
    outer loop
      vertex 29.0094 7.48065 0.45
      vertex 28.5093 7.86718 0.45
      vertex 30.2911 7.86718 0.45
    endloop
  endfacet
  facet normal 0 0 -1
    outer loop
      vertex 28.5093 7.86718 0.45
      vertex 29.0094 7.48065 0.45
      vertex 28.5093 5.47849 0.45
    endloop
  endfacet
  facet normal -0 0 -1
    outer loop
      vertex 32.7642 7.86718 0.45
      vertex 32.0572 7.25685 0.45
      vertex 32.2691 7.86718 0.45
    endloop
  endfacet
  facet normal 0 0 -1
    outer loop
      vertex 32.7642 7.86718 0.45
      vertex 31.9453 6.88051 0.45
      vertex 32.0572 7.25685 0.45
    endloop
  endfacet
  facet normal 0 0 -1
    outer loop
      vertex 31.8962 5.47849 0.45
      vertex 31.9453 6.88051 0.45
      vertex 32.7642 7.86718 0.45
    endloop
  endfacet
  facet normal 0 0 -1
    outer loop
      vertex 31.8962 5.47849 0.45
      vertex 31.7097 6.19393 0.45
      vertex 31.9453 6.88051 0.45
    endloop
  endfacet
  facet normal 0 0 -1
    outer loop
      vertex 31.8962 5.47849 0.45
      vertex 31.6368 5.96337 0.45
      vertex 31.7097 6.19393 0.45
    endloop
  endfacet
  facet normal 0 0 -1
    outer loop
      vertex 31.8962 5.47849 0.45
      vertex 31.6012 5.84638 0.45
      vertex 31.6368 5.96337 0.45
    endloop
  endfacet
  facet normal 0 0 -1
    outer loop
      vertex 31.3062 5.47849 0.45
      vertex 31.591 5.88367 0.45
      vertex 31.6012 5.84638 0.45
    endloop
  endfacet
  facet normal -0 0 -1
    outer loop
      vertex 31.591 5.88367 0.45
      vertex 31.3062 5.47849 0.45
      vertex 31.586 5.90146 0.45
    endloop
  endfacet
  facet normal -0 0 -1
    outer loop
      vertex 31.586 5.90146 0.45
      vertex 31.3062 5.47849 0.45
      vertex 31.5808 5.91994 0.45
    endloop
  endfacet
  facet normal -0 0 -1
    outer loop
      vertex 31.5808 5.91994 0.45
      vertex 31.3062 5.47849 0.45
      vertex 31.5752 5.93911 0.45
    endloop
  endfacet
  facet normal -0 0 -1
    outer loop
      vertex 31.5752 5.93911 0.45
      vertex 31.3062 5.47849 0.45
      vertex 31.5694 5.95897 0.45
    endloop
  endfacet
  facet normal -0 0 -1
    outer loop
      vertex 31.5694 5.95897 0.45
      vertex 31.3062 5.47849 0.45
      vertex 31.5633 5.97953 0.45
    endloop
  endfacet
  facet normal -0 0 -1
    outer loop
      vertex 31.5633 5.97953 0.45
      vertex 31.3062 5.47849 0.45
      vertex 31.5569 6.00077 0.45
    endloop
  endfacet
  facet normal -0 0 -1
    outer loop
      vertex 31.5569 6.00077 0.45
      vertex 31.3062 5.47849 0.45
      vertex 31.5503 6.02269 0.45
    endloop
  endfacet
  facet normal -0 0 -1
    outer loop
      vertex 31.5503 6.02269 0.45
      vertex 31.3062 5.47849 0.45
      vertex 31.5385 6.0593 0.45
    endloop
  endfacet
  facet normal -0 0 -1
    outer loop
      vertex 31.5385 6.0593 0.45
      vertex 31.3062 5.47849 0.45
      vertex 31.5168 6.12455 0.45
    endloop
  endfacet
  facet normal -0 0 -1
    outer loop
      vertex 31.5168 6.12455 0.45
      vertex 31.3062 5.47849 0.45
      vertex 31.4851 6.21845 0.45
    endloop
  endfacet
  facet normal -0 0 -1
    outer loop
      vertex 31.4851 6.21845 0.45
      vertex 31.3062 5.47849 0.45
      vertex 31.4435 6.34099 0.45
    endloop
  endfacet
  facet normal -0 0 -1
    outer loop
      vertex 31.4435 6.34099 0.45
      vertex 31.3062 5.47849 0.45
      vertex 31.3918 6.49219 0.45
    endloop
  endfacet
  facet normal 0 0 -1
    outer loop
      vertex 31.3062 5.47849 0.45
      vertex 31.6012 5.84638 0.45
      vertex 31.8962 5.47849 0.45
    endloop
  endfacet
  facet normal -0 0 -1
    outer loop
      vertex 31.3918 6.49219 0.45
      vertex 31.3062 5.47849 0.45
      vertex 31.3303 6.67203 0.45
    endloop
  endfacet
  facet normal 0 0 -1
    outer loop
      vertex 31.3062 5.47849 0.45
      vertex 31.2587 6.88051 0.45
      vertex 31.3303 6.67203 0.45
    endloop
  endfacet
  facet normal 0 0 -1
    outer loop
      vertex 30.4348 7.86718 0.45
      vertex 31.2587 6.88051 0.45
      vertex 31.3062 5.47849 0.45
    endloop
  endfacet
  facet normal 0 0 -1
    outer loop
      vertex 31.2587 6.88051 0.45
      vertex 30.4348 7.86718 0.45
      vertex 31.1468 7.25685 0.45
    endloop
  endfacet
  facet normal 0 0 -1
    outer loop
      vertex 31.1468 7.25685 0.45
      vertex 30.4348 7.86718 0.45
      vertex 30.9349 7.86718 0.45
    endloop
  endfacet
  facet normal 0 0 -1
    outer loop
      vertex 31.2587 6.88051 0.45
      vertex 32.0572 7.25685 0.45
      vertex 31.9453 6.88051 0.45
    endloop
  endfacet
  facet normal -0 0 -1
    outer loop
      vertex 32.0572 7.25685 0.45
      vertex 31.2587 6.88051 0.45
      vertex 31.1468 7.25685 0.45
    endloop
  endfacet
  facet normal 0 0 -1
    outer loop
      vertex 39.2143 6.10233 0.45
      vertex 39.7199 6.07865 0.45
      vertex 39.7153 5.99684 0.45
    endloop
  endfacet
  facet normal 0 0 -1
    outer loop
      vertex 39.7199 6.07865 0.45
      vertex 39.2143 6.10233 0.45
      vertex 39.7176 6.13547 0.45
    endloop
  endfacet
  facet normal 0 0 -1
    outer loop
      vertex 39.208 6.06203 0.45
      vertex 39.7153 5.99684 0.45
      vertex 39.7015 5.92095 0.45
    endloop
  endfacet
  facet normal 0 -0 -1
    outer loop
      vertex 39.2164 6.14644 0.45
      vertex 39.7176 6.13547 0.45
      vertex 39.2143 6.10233 0.45
    endloop
  endfacet
  facet normal 0 0 -1
    outer loop
      vertex 39.7176 6.13547 0.45
      vertex 39.2164 6.14644 0.45
      vertex 39.7107 6.1897 0.45
    endloop
  endfacet
  facet normal 0 0 -1
    outer loop
      vertex 39.1975 6.02553 0.45
      vertex 39.7015 5.92095 0.45
      vertex 39.6786 5.85097 0.45
    endloop
  endfacet
  facet normal -0 0 -1
    outer loop
      vertex 39.7107 6.1897 0.45
      vertex 39.2164 6.14644 0.45
      vertex 39.6992 6.24134 0.45
    endloop
  endfacet
  facet normal 0 0 -1
    outer loop
      vertex 39.1975 6.02553 0.45
      vertex 39.6786 5.85097 0.45
      vertex 39.6465 5.78691 0.45
    endloop
  endfacet
  facet normal 0 0 -1
    outer loop
      vertex 39.2144 6.18708 0.45
      vertex 39.6992 6.24134 0.45
      vertex 39.2164 6.14644 0.45
    endloop
  endfacet
  facet normal -0 0 -1
    outer loop
      vertex 39.6992 6.24134 0.45
      vertex 39.2144 6.18708 0.45
      vertex 39.6831 6.29038 0.45
    endloop
  endfacet
  facet normal 0 0 -1
    outer loop
      vertex 39.1975 6.02553 0.45
      vertex 39.6465 5.78691 0.45
      vertex 39.6053 5.72878 0.45
    endloop
  endfacet
  facet normal -0 0 -1
    outer loop
      vertex 39.6831 6.29038 0.45
      vertex 39.2144 6.18708 0.45
      vertex 39.6624 6.33683 0.45
    endloop
  endfacet
  facet normal 0 0 -1
    outer loop
      vertex 39.1829 5.99283 0.45
      vertex 39.6053 5.72878 0.45
      vertex 39.5548 5.67655 0.45
    endloop
  endfacet
  facet normal -0 0 -1
    outer loop
      vertex 39.6624 6.33683 0.45
      vertex 39.2144 6.18708 0.45
      vertex 39.637 6.38068 0.45
    endloop
  endfacet
  facet normal 0 0 -1
    outer loop
      vertex 39.1829 5.99283 0.45
      vertex 39.5548 5.67655 0.45
      vertex 39.4953 5.63025 0.45
    endloop
  endfacet
  facet normal 0 0 -1
    outer loop
      vertex 39.2086 6.2247 0.45
      vertex 39.637 6.38068 0.45
      vertex 39.2144 6.18708 0.45
    endloop
  endfacet
  facet normal -0 0 -1
    outer loop
      vertex 39.637 6.38068 0.45
      vertex 39.2086 6.2247 0.45
      vertex 39.6071 6.42194 0.45
    endloop
  endfacet
  facet normal 0 0 -1
    outer loop
      vertex 39.164 5.96395 0.45
      vertex 39.4953 5.63025 0.45
      vertex 39.4267 5.58998 0.45
    endloop
  endfacet
  facet normal -0 0 -1
    outer loop
      vertex 39.6071 6.42194 0.45
      vertex 39.2086 6.2247 0.45
      vertex 39.5725 6.46006 0.45
    endloop
  endfacet
  facet normal 0 0 -1
    outer loop
      vertex 39.141 5.93888 0.45
      vertex 39.4267 5.58998 0.45
      vertex 39.3495 5.55591 0.45
    endloop
  endfacet
  facet normal 0 0 -1
    outer loop
      vertex 39.1988 6.25933 0.45
      vertex 39.5725 6.46006 0.45
      vertex 39.2086 6.2247 0.45
    endloop
  endfacet
  facet normal -0 0 -1
    outer loop
      vertex 39.5331 6.49446 0.45
      vertex 39.1988 6.25933 0.45
      vertex 39.4889 6.52516 0.45
    endloop
  endfacet
  facet normal 0 0 -1
    outer loop
      vertex 39.1138 5.91759 0.45
      vertex 39.3495 5.55591 0.45
      vertex 39.2636 5.52805 0.45
    endloop
  endfacet
  facet normal 0 0 -1
    outer loop
      vertex 39.3554 7.14669 0.45
      vertex 39.8572 7.18566 0.45
      vertex 39.8541 7.11786 0.45
    endloop
  endfacet
  facet normal 0 0 -1
    outer loop
      vertex 39.3554 7.14669 0.45
      vertex 39.8541 7.11786 0.45
      vertex 39.8448 7.05397 0.45
    endloop
  endfacet
  facet normal -0 0 -1
    outer loop
      vertex 39.8572 7.18566 0.45
      vertex 39.3554 7.14669 0.45
      vertex 39.3531 7.19478 0.45
    endloop
  endfacet
  facet normal 0 0 -1
    outer loop
      vertex 39.3554 7.14669 0.45
      vertex 39.8448 7.05397 0.45
      vertex 39.8293 6.99401 0.45
    endloop
  endfacet
  facet normal 0 0 -1
    outer loop
      vertex 39.3463 7.23932 0.45
      vertex 39.8522 7.27564 0.45
      vertex 39.3531 7.19478 0.45
    endloop
  endfacet
  facet normal 0 0 -1
    outer loop
      vertex 39.3456 7.05762 0.45
      vertex 39.8293 6.99401 0.45
      vertex 39.8077 6.93793 0.45
    endloop
  endfacet
  facet normal 0 0 -1
    outer loop
      vertex 39.3456 7.05762 0.45
      vertex 39.8077 6.93793 0.45
      vertex 39.7798 6.88578 0.45
    endloop
  endfacet
  facet normal 0 0 -1
    outer loop
      vertex 39.8572 7.18566 0.45
      vertex 39.3531 7.19478 0.45
      vertex 39.8522 7.27564 0.45
    endloop
  endfacet
  facet normal 0 0 -1
    outer loop
      vertex 39.3456 7.05762 0.45
      vertex 39.7798 6.88578 0.45
      vertex 39.7457 6.83754 0.45
    endloop
  endfacet
  facet normal -0 0 -1
    outer loop
      vertex 39.8522 7.27564 0.45
      vertex 39.3463 7.23932 0.45
      vertex 39.8373 7.35962 0.45
    endloop
  endfacet
  facet normal 0 0 -1
    outer loop
      vertex 39.3456 7.05762 0.45
      vertex 39.7457 6.83754 0.45
      vertex 39.7055 6.7932 0.45
    endloop
  endfacet
  facet normal -0 0 -1
    outer loop
      vertex 39.8373 7.35962 0.45
      vertex 39.3463 7.23932 0.45
      vertex 39.8124 7.43756 0.45
    endloop
  endfacet
  facet normal 0 0 -1
    outer loop
      vertex 39.3456 7.05762 0.45
      vertex 39.7055 6.7932 0.45
      vertex 39.6593 6.75316 0.45
    endloop
  endfacet
  facet normal -0 0 -1
    outer loop
      vertex 39.8124 7.43756 0.45
      vertex 39.335 7.28031 0.45
      vertex 39.7775 7.50949 0.45
    endloop
  endfacet
  facet normal 0 0 -1
    outer loop
      vertex 39.3161 6.98227 0.45
      vertex 39.6593 6.75316 0.45
      vertex 39.6075 6.71778 0.45
    endloop
  endfacet
  facet normal 0 0 -1
    outer loop
      vertex 39.3161 6.98227 0.45
      vertex 39.6075 6.71778 0.45
      vertex 39.55 6.68709 0.45
    endloop
  endfacet
  facet normal 0 0 -1
    outer loop
      vertex 39.335 7.28031 0.45
      vertex 39.8124 7.43756 0.45
      vertex 39.3463 7.23932 0.45
    endloop
  endfacet
  facet normal 0 0 -1
    outer loop
      vertex 39.3161 6.98227 0.45
      vertex 39.55 6.68709 0.45
      vertex 39.487 6.66104 0.45
    endloop
  endfacet
  facet normal 0 0 -1
    outer loop
      vertex 39.3191 7.31772 0.45
      vertex 39.7775 7.50949 0.45
      vertex 39.335 7.28031 0.45
    endloop
  endfacet
  facet normal 0 0 -1
    outer loop
      vertex 39.267 6.92061 0.45
      vertex 39.487 6.66104 0.45
      vertex 39.4182 6.63968 0.45
    endloop
  endfacet
  facet normal -0 0 -1
    outer loop
      vertex 39.7775 7.50949 0.45
      vertex 39.3191 7.31772 0.45
      vertex 39.7327 7.57541 0.45
    endloop
  endfacet
  facet normal -0 0 -1
    outer loop
      vertex 39.7327 7.57541 0.45
      vertex 39.3191 7.31772 0.45
      vertex 39.6778 7.6353 0.45
    endloop
  endfacet
  facet normal 0 0 -1
    outer loop
      vertex 39.8293 6.99401 0.45
      vertex 39.3456 7.05762 0.45
      vertex 39.3554 7.14669 0.45
    endloop
  endfacet
  facet normal 0 0 -1
    outer loop
      vertex 39.267 6.92061 0.45
      vertex 39.4182 6.63968 0.45
      vertex 39.3439 6.62299 0.45
    endloop
  endfacet
  facet normal 0 0 -1
    outer loop
      vertex 39.6593 6.75316 0.45
      vertex 39.3161 6.98227 0.45
      vertex 39.3456 7.05762 0.45
    endloop
  endfacet
  facet normal 0 0 -1
    outer loop
      vertex 39.487 6.66104 0.45
      vertex 39.267 6.92061 0.45
      vertex 39.3161 6.98227 0.45
    endloop
  endfacet
  facet normal 0 0 -1
    outer loop
      vertex 39.1982 6.87265 0.45
      vertex 39.3439 6.62299 0.45
      vertex 39.2639 6.61096 0.45
    endloop
  endfacet
  facet normal 0 0 -1
    outer loop
      vertex 39.1851 6.29094 0.45
      vertex 39.4889 6.52516 0.45
      vertex 39.1988 6.25933 0.45
    endloop
  endfacet
  facet normal -0 0 -1
    outer loop
      vertex 39.4889 6.52516 0.45
      vertex 39.1851 6.29094 0.45
      vertex 39.4398 6.55217 0.45
    endloop
  endfacet
  facet normal -0 0 -1
    outer loop
      vertex 39.4398 6.55217 0.45
      vertex 39.1851 6.29094 0.45
      vertex 39.386 6.57547 0.45
    endloop
  endfacet
  facet normal 0 0 -1
    outer loop
      vertex 39.1675 6.31954 0.45
      vertex 39.386 6.57547 0.45
      vertex 39.1851 6.29094 0.45
    endloop
  endfacet
  facet normal -0 0 -1
    outer loop
      vertex 39.386 6.57547 0.45
      vertex 39.1675 6.31954 0.45
      vertex 39.3273 6.59507 0.45
    endloop
  endfacet
  facet normal 0 0 -1
    outer loop
      vertex 39.146 6.34511 0.45
      vertex 39.3273 6.59507 0.45
      vertex 39.1675 6.31954 0.45
    endloop
  endfacet
  facet normal -0 0 -1
    outer loop
      vertex 39.3273 6.59507 0.45
      vertex 39.146 6.34511 0.45
      vertex 39.2639 6.61096 0.45
    endloop
  endfacet
  facet normal 0 0 -1
    outer loop
      vertex 39.3439 6.62299 0.45
      vertex 39.1982 6.87265 0.45
      vertex 39.267 6.92061 0.45
    endloop
  endfacet
  facet normal 0 0 -1
    outer loop
      vertex 39.1206 6.36769 0.45
      vertex 39.2639 6.61096 0.45
      vertex 39.146 6.34511 0.45
    endloop
  endfacet
  facet normal 0 0 -1
    outer loop
      vertex 39.0908 6.38726 0.45
      vertex 39.2639 6.61096 0.45
      vertex 39.1206 6.36769 0.45
    endloop
  endfacet
  facet normal 0 0 -1
    outer loop
      vertex 39.0564 6.40381 0.45
      vertex 39.2639 6.61096 0.45
      vertex 39.0908 6.38726 0.45
    endloop
  endfacet
  facet normal 0 0 -1
    outer loop
      vertex 39.2639 6.61096 0.45
      vertex 39.1098 6.83841 0.45
      vertex 39.1982 6.87265 0.45
    endloop
  endfacet
  facet normal 0 0 -1
    outer loop
      vertex 39.0172 6.41736 0.45
      vertex 39.2639 6.61096 0.45
      vertex 39.0564 6.40381 0.45
    endloop
  endfacet
  facet normal 0 0 -1
    outer loop
      vertex 39.0017 6.81786 0.45
      vertex 39.2639 6.61096 0.45
      vertex 39.0172 6.41736 0.45
    endloop
  endfacet
  facet normal 0 0 -1
    outer loop
      vertex 39.2639 6.61096 0.45
      vertex 39.0017 6.81786 0.45
      vertex 39.1098 6.83841 0.45
    endloop
  endfacet
  facet normal 0 0 -1
    outer loop
      vertex 38.9732 6.42791 0.45
      vertex 39.0017 6.81786 0.45
      vertex 39.0172 6.41736 0.45
    endloop
  endfacet
  facet normal 0 0 -1
    outer loop
      vertex 38.9245 6.43543 0.45
      vertex 39.0017 6.81786 0.45
      vertex 38.9732 6.42791 0.45
    endloop
  endfacet
  facet normal 0 0 -1
    outer loop
      vertex 38.9245 6.43543 0.45
      vertex 38.8739 6.81101 0.45
      vertex 39.0017 6.81786 0.45
    endloop
  endfacet
  facet normal 0 0 -1
    outer loop
      vertex 38.8711 6.43994 0.45
      vertex 38.8739 6.81101 0.45
      vertex 38.9245 6.43543 0.45
    endloop
  endfacet
  facet normal 0 0 -1
    outer loop
      vertex 38.8129 6.44144 0.45
      vertex 38.8739 6.81101 0.45
      vertex 38.8711 6.43994 0.45
    endloop
  endfacet
  facet normal 0 0 -1
    outer loop
      vertex 38.2399 6.81101 0.45
      vertex 38.8129 6.44144 0.45
      vertex 38.2399 6.44144 0.45
    endloop
  endfacet
  facet normal 0 0 -1
    outer loop
      vertex 38.8129 6.44144 0.45
      vertex 38.2399 6.81101 0.45
      vertex 38.8739 6.81101 0.45
    endloop
  endfacet
  facet normal 0 0 -1
    outer loop
      vertex 39.2987 7.35158 0.45
      vertex 39.6778 7.6353 0.45
      vertex 39.3191 7.31772 0.45
    endloop
  endfacet
  facet normal -0 0 -1
    outer loop
      vertex 39.6778 7.6353 0.45
      vertex 39.2987 7.35158 0.45
      vertex 39.6131 7.68918 0.45
    endloop
  endfacet
  facet normal 0 0 -1
    outer loop
      vertex 39.2738 7.38187 0.45
      vertex 39.6131 7.68918 0.45
      vertex 39.2987 7.35158 0.45
    endloop
  endfacet
  facet normal -0 0 -1
    outer loop
      vertex 39.6131 7.68918 0.45
      vertex 39.2738 7.38187 0.45
      vertex 39.5394 7.73641 0.45
    endloop
  endfacet
  facet normal 0 0 -1
    outer loop
      vertex 39.2444 7.4086 0.45
      vertex 39.5394 7.73641 0.45
      vertex 39.2738 7.38187 0.45
    endloop
  endfacet
  facet normal -0 0 -1
    outer loop
      vertex 39.5394 7.73641 0.45
      vertex 39.2444 7.4086 0.45
      vertex 39.4581 7.77637 0.45
    endloop
  endfacet
  facet normal 0 0 -1
    outer loop
      vertex 39.21 7.43177 0.45
      vertex 39.4581 7.77637 0.45
      vertex 39.2444 7.4086 0.45
    endloop
  endfacet
  facet normal -0 0 -1
    outer loop
      vertex 39.4581 7.77637 0.45
      vertex 39.21 7.43177 0.45
      vertex 39.3689 7.80905 0.45
    endloop
  endfacet
  facet normal 0 0 -1
    outer loop
      vertex 39.1703 7.45136 0.45
      vertex 39.3689 7.80905 0.45
      vertex 39.21 7.43177 0.45
    endloop
  endfacet
  facet normal -0 0 -1
    outer loop
      vertex 39.3689 7.80905 0.45
      vertex 39.1703 7.45136 0.45
      vertex 39.2721 7.83449 0.45
    endloop
  endfacet
  facet normal 0 0 -1
    outer loop
      vertex 39.1254 7.46739 0.45
      vertex 39.2721 7.83449 0.45
      vertex 39.1703 7.45136 0.45
    endloop
  endfacet
  facet normal -0 0 -1
    outer loop
      vertex 39.2721 7.83449 0.45
      vertex 39.1254 7.46739 0.45
      vertex 39.1674 7.85265 0.45
    endloop
  endfacet
  facet normal 0 0 -1
    outer loop
      vertex 39.0751 7.47988 0.45
      vertex 39.1674 7.85265 0.45
      vertex 39.1254 7.46739 0.45
    endloop
  endfacet
  facet normal 0 0 -1
    outer loop
      vertex 39.0751 7.47988 0.45
      vertex 39.0551 7.86354 0.45
      vertex 39.1674 7.85265 0.45
    endloop
  endfacet
  facet normal 0 0 -1
    outer loop
      vertex 39.0195 7.48877 0.45
      vertex 39.0551 7.86354 0.45
      vertex 39.0751 7.47988 0.45
    endloop
  endfacet
  facet normal 0 0 -1
    outer loop
      vertex 38.9587 7.49413 0.45
      vertex 39.0551 7.86354 0.45
      vertex 39.0195 7.48877 0.45
    endloop
  endfacet
  facet normal 0 0 -1
    outer loop
      vertex 38.9587 7.49413 0.45
      vertex 38.935 7.86718 0.45
      vertex 39.0551 7.86354 0.45
    endloop
  endfacet
  facet normal 0 0 -1
    outer loop
      vertex 38.8926 7.4959 0.45
      vertex 38.935 7.86718 0.45
      vertex 38.9587 7.49413 0.45
    endloop
  endfacet
  facet normal 0 0 -1
    outer loop
      vertex 38.2399 7.4959 0.45
      vertex 38.935 7.86718 0.45
      vertex 38.8926 7.4959 0.45
    endloop
  endfacet
  facet normal 0 0 -1
    outer loop
      vertex 38.2399 7.4959 0.45
      vertex 37.7397 7.86718 0.45
      vertex 38.935 7.86718 0.45
    endloop
  endfacet
  facet normal 0 0 -1
    outer loop
      vertex 38.2399 6.81101 0.45
      vertex 37.7397 7.86718 0.45
      vertex 38.2399 7.4959 0.45
    endloop
  endfacet
  facet normal -0 0 -1
    outer loop
      vertex 39.5725 6.46006 0.45
      vertex 39.1988 6.25933 0.45
      vertex 39.5331 6.49446 0.45
    endloop
  endfacet
  facet normal 0 0 -1
    outer loop
      vertex 39.7153 5.99684 0.45
      vertex 39.208 6.06203 0.45
      vertex 39.2143 6.10233 0.45
    endloop
  endfacet
  facet normal 0 0 -1
    outer loop
      vertex 39.7015 5.92095 0.45
      vertex 39.1975 6.02553 0.45
      vertex 39.208 6.06203 0.45
    endloop
  endfacet
  facet normal 0 0 -1
    outer loop
      vertex 39.6053 5.72878 0.45
      vertex 39.1829 5.99283 0.45
      vertex 39.1975 6.02553 0.45
    endloop
  endfacet
  facet normal 0 0 -1
    outer loop
      vertex 39.0825 5.8996 0.45
      vertex 39.2636 5.52805 0.45
      vertex 39.1691 5.50637 0.45
    endloop
  endfacet
  facet normal 0 0 -1
    outer loop
      vertex 39.4953 5.63025 0.45
      vertex 39.164 5.96395 0.45
      vertex 39.1829 5.99283 0.45
    endloop
  endfacet
  facet normal 0 0 -1
    outer loop
      vertex 39.4267 5.58998 0.45
      vertex 39.141 5.93888 0.45
      vertex 39.164 5.96395 0.45
    endloop
  endfacet
  facet normal 0 0 -1
    outer loop
      vertex 39.3495 5.55591 0.45
      vertex 39.1138 5.91759 0.45
      vertex 39.141 5.93888 0.45
    endloop
  endfacet
  facet normal 0 0 -1
    outer loop
      vertex 39.2636 5.52805 0.45
      vertex 39.0825 5.8996 0.45
      vertex 39.1138 5.91759 0.45
    endloop
  endfacet
  facet normal 0 0 -1
    outer loop
      vertex 39.0471 5.88437 0.45
      vertex 39.1691 5.50637 0.45
      vertex 39.0658 5.49088 0.45
    endloop
  endfacet
  facet normal 0 0 -1
    outer loop
      vertex 39.1691 5.50637 0.45
      vertex 39.0471 5.88437 0.45
      vertex 39.0825 5.8996 0.45
    endloop
  endfacet
  facet normal 0 0 -1
    outer loop
      vertex 39.0658 5.49088 0.45
      vertex 39.0077 5.87192 0.45
      vertex 39.0471 5.88437 0.45
    endloop
  endfacet
  facet normal 0 0 -1
    outer loop
      vertex 39.0658 5.49088 0.45
      vertex 38.9642 5.86223 0.45
      vertex 39.0077 5.87192 0.45
    endloop
  endfacet
  facet normal 0 0 -1
    outer loop
      vertex 38.9539 5.48159 0.45
      vertex 38.9642 5.86223 0.45
      vertex 39.0658 5.49088 0.45
    endloop
  endfacet
  facet normal 0 0 -1
    outer loop
      vertex 38.9539 5.48159 0.45
      vertex 38.9167 5.8553 0.45
      vertex 38.9642 5.86223 0.45
    endloop
  endfacet
  facet normal 0 0 -1
    outer loop
      vertex 38.9539 5.48159 0.45
      vertex 38.8651 5.85115 0.45
      vertex 38.9167 5.8553 0.45
    endloop
  endfacet
  facet normal 0 0 -1
    outer loop
      vertex 38.8332 5.47849 0.45
      vertex 38.8651 5.85115 0.45
      vertex 38.9539 5.48159 0.45
    endloop
  endfacet
  facet normal 0 0 -1
    outer loop
      vertex 38.8332 5.47849 0.45
      vertex 38.8095 5.84976 0.45
      vertex 38.8651 5.85115 0.45
    endloop
  endfacet
  facet normal 0 0 -1
    outer loop
      vertex 38.8332 5.47849 0.45
      vertex 38.2399 5.84976 0.45
      vertex 38.8095 5.84976 0.45
    endloop
  endfacet
  facet normal 0 0 -1
    outer loop
      vertex 37.7397 5.47849 0.45
      vertex 38.2399 6.44144 0.45
      vertex 38.2399 5.84976 0.45
    endloop
  endfacet
  facet normal -0 0 -1
    outer loop
      vertex 38.2399 6.44144 0.45
      vertex 37.7397 5.47849 0.45
      vertex 38.2399 6.81101 0.45
    endloop
  endfacet
  facet normal 0 0 -1
    outer loop
      vertex 37.7397 7.86718 0.45
      vertex 38.2399 6.81101 0.45
      vertex 37.7397 5.47849 0.45
    endloop
  endfacet
  facet normal 0 0 -1
    outer loop
      vertex 37.7397 5.47849 0.45
      vertex 38.2399 5.84976 0.45
      vertex 38.8332 5.47849 0.45
    endloop
  endfacet
  facet normal 0 0 -1
    outer loop
      vertex 42.8496 5.47849 0.45
      vertex 42.2936 5.87012 0.45
      vertex 42.8496 5.82604 0.45
    endloop
  endfacet
  facet normal 0 0 -1
    outer loop
      vertex 41.1306 5.47849 0.45
      vertex 42.2936 5.87012 0.45
      vertex 42.8496 5.47849 0.45
    endloop
  endfacet
  facet normal -0 0 -1
    outer loop
      vertex 42.2936 5.87012 0.45
      vertex 41.1306 5.47849 0.45
      vertex 41.1306 5.87012 0.45
    endloop
  endfacet
  facet normal 0 0 -1
    outer loop
      vertex 42.2936 5.87012 0.45
      vertex 41.5578 7.47556 0.45
      vertex 42.8496 5.82604 0.45
    endloop
  endfacet
  facet normal -0 -0 -1
    outer loop
      vertex 41.5578 7.47556 0.45
      vertex 42.2936 5.87012 0.45
      vertex 41.0018 7.51285 0.45
    endloop
  endfacet
  facet normal 0 0 -1
    outer loop
      vertex 41.5578 7.47556 0.45
      vertex 42.9192 7.86718 0.45
      vertex 42.9192 7.47556 0.45
    endloop
  endfacet
  facet normal 0 0 -1
    outer loop
      vertex 41.0018 7.86718 0.45
      vertex 41.5578 7.47556 0.45
      vertex 41.0018 7.51285 0.45
    endloop
  endfacet
  facet normal 0 0 -1
    outer loop
      vertex 41.5578 7.47556 0.45
      vertex 41.0018 7.86718 0.45
      vertex 42.9192 7.86718 0.45
    endloop
  endfacet
  facet normal 0 0 -1
    outer loop
      vertex 47.544 6.09546 0.45
      vertex 47.0363 6.11957 0.45
      vertex 47.0453 6.21086 0.45
    endloop
  endfacet
  facet normal 0 0 -1
    outer loop
      vertex 47.1679 5.57234 0.45
      vertex 47.0093 6.0423 0.45
      vertex 47.0363 6.11957 0.45
    endloop
  endfacet
  facet normal 0 0 -1
    outer loop
      vertex 46.9013 5.92993 0.45
      vertex 47.0816 5.53856 0.45
      vertex 46.9874 5.51229 0.45
    endloop
  endfacet
  facet normal 0 0 -1
    outer loop
      vertex 47.1679 5.57234 0.45
      vertex 46.9643 5.9791 0.45
      vertex 47.0093 6.0423 0.45
    endloop
  endfacet
  facet normal 0 0 -1
    outer loop
      vertex 47.1679 5.57234 0.45
      vertex 46.9013 5.92993 0.45
      vertex 46.9643 5.9791 0.45
    endloop
  endfacet
  facet normal 0 0 -1
    outer loop
      vertex 46.8204 5.89481 0.45
      vertex 46.9874 5.51229 0.45
      vertex 46.8852 5.49352 0.45
    endloop
  endfacet
  facet normal 0 0 -1
    outer loop
      vertex 46.9874 5.51229 0.45
      vertex 46.8204 5.89481 0.45
      vertex 46.9013 5.92993 0.45
    endloop
  endfacet
  facet normal 0 0 -1
    outer loop
      vertex 46.7214 5.87374 0.45
      vertex 46.8852 5.49352 0.45
      vertex 46.7751 5.48224 0.45
    endloop
  endfacet
  facet normal 0 0 -1
    outer loop
      vertex 46.8852 5.49352 0.45
      vertex 46.7214 5.87374 0.45
      vertex 46.8204 5.89481 0.45
    endloop
  endfacet
  facet normal 0 0 -1
    outer loop
      vertex 46.657 5.47849 0.45
      vertex 46.7214 5.87374 0.45
      vertex 46.7751 5.48224 0.45
    endloop
  endfacet
  facet normal 0 0 -1
    outer loop
      vertex 46.657 5.47849 0.45
      vertex 46.6045 5.86672 0.45
      vertex 46.7214 5.87374 0.45
    endloop
  endfacet
  facet normal 0 0 -1
    outer loop
      vertex 46.657 5.47849 0.45
      vertex 45.9637 5.86672 0.45
      vertex 46.6045 5.86672 0.45
    endloop
  endfacet
  facet normal 0 0 -1
    outer loop
      vertex 45.4635 5.47849 0.45
      vertex 45.9637 6.57196 0.45
      vertex 45.9637 5.86672 0.45
    endloop
  endfacet
  facet normal 0 0 -1
    outer loop
      vertex 45.4635 7.86718 0.45
      vertex 45.9637 6.57196 0.45
      vertex 45.4635 5.47849 0.45
    endloop
  endfacet
  facet normal 0 0 -1
    outer loop
      vertex 45.4635 5.47849 0.45
      vertex 45.9637 5.86672 0.45
      vertex 46.657 5.47849 0.45
    endloop
  endfacet
  facet normal 0 0 -1
    outer loop
      vertex 45.9637 6.57196 0.45
      vertex 45.4635 7.86718 0.45
      vertex 45.9637 6.96018 0.45
    endloop
  endfacet
  facet normal 0 0 -1
    outer loop
      vertex 45.9637 6.96018 0.45
      vertex 45.4635 7.86718 0.45
      vertex 45.9637 7.86718 0.45
    endloop
  endfacet
  facet normal 0 0 -1
    outer loop
      vertex 47.0453 6.21086 0.45
      vertex 47.5488 6.19052 0.45
      vertex 47.544 6.09546 0.45
    endloop
  endfacet
  facet normal 0 0 -1
    outer loop
      vertex 47.5488 6.19052 0.45
      vertex 47.0453 6.21086 0.45
      vertex 47.5459 6.26081 0.45
    endloop
  endfacet
  facet normal 0 0 -1
    outer loop
      vertex 47.0363 6.11957 0.45
      vertex 47.544 6.09546 0.45
      vertex 47.5298 6.00695 0.45
    endloop
  endfacet
  facet normal 0 0 -1
    outer loop
      vertex 47.043 6.25823 0.45
      vertex 47.5459 6.26081 0.45
      vertex 47.0453 6.21086 0.45
    endloop
  endfacet
  facet normal 0 0 -1
    outer loop
      vertex 47.0363 6.11957 0.45
      vertex 47.5298 6.00695 0.45
      vertex 47.5061 5.92496 0.45
    endloop
  endfacet
  facet normal -0 0 -1
    outer loop
      vertex 47.5459 6.26081 0.45
      vertex 47.043 6.25823 0.45
      vertex 47.5372 6.3283 0.45
    endloop
  endfacet
  facet normal -0 0 -1
    outer loop
      vertex 47.5372 6.3283 0.45
      vertex 47.043 6.25823 0.45
      vertex 47.5226 6.39298 0.45
    endloop
  endfacet
  facet normal 0 0 -1
    outer loop
      vertex 47.0363 6.11957 0.45
      vertex 47.5061 5.92496 0.45
      vertex 47.4729 5.84952 0.45
    endloop
  endfacet
  facet normal 0 0 -1
    outer loop
      vertex 47.0364 6.30249 0.45
      vertex 47.5226 6.39298 0.45
      vertex 47.043 6.25823 0.45
    endloop
  endfacet
  facet normal 0 0 -1
    outer loop
      vertex 47.0363 6.11957 0.45
      vertex 47.4729 5.84952 0.45
      vertex 47.4303 5.78063 0.45
    endloop
  endfacet
  facet normal -0 0 -1
    outer loop
      vertex 47.5226 6.39298 0.45
      vertex 47.0364 6.30249 0.45
      vertex 47.5023 6.45487 0.45
    endloop
  endfacet
  facet normal 0 0 -1
    outer loop
      vertex 47.0363 6.11957 0.45
      vertex 47.4303 5.78063 0.45
      vertex 47.3781 5.71826 0.45
    endloop
  endfacet
  facet normal -0 0 -1
    outer loop
      vertex 47.5023 6.45487 0.45
      vertex 47.0364 6.30249 0.45
      vertex 47.4761 6.51395 0.45
    endloop
  endfacet
  facet normal 0 0 -1
    outer loop
      vertex 47.0253 6.34363 0.45
      vertex 47.4761 6.51395 0.45
      vertex 47.0364 6.30249 0.45
    endloop
  endfacet
  facet normal 0 0 -1
    outer loop
      vertex 47.0363 6.11957 0.45
      vertex 47.3781 5.71826 0.45
      vertex 47.3165 5.66245 0.45
    endloop
  endfacet
  facet normal -0 0 -1
    outer loop
      vertex 47.4761 6.51395 0.45
      vertex 47.0253 6.34363 0.45
      vertex 47.4441 6.57022 0.45
    endloop
  endfacet
  facet normal 0 0 -1
    outer loop
      vertex 47.0363 6.11957 0.45
      vertex 47.3165 5.66245 0.45
      vertex 47.2462 5.61364 0.45
    endloop
  endfacet
  facet normal 0 0 -1
    outer loop
      vertex 47.0098 6.38166 0.45
      vertex 47.4441 6.57022 0.45
      vertex 47.0253 6.34363 0.45
    endloop
  endfacet
  facet normal 0 0 -1
    outer loop
      vertex 47.0363 6.11957 0.45
      vertex 47.2462 5.61364 0.45
      vertex 47.1679 5.57234 0.45
    endloop
  endfacet
  facet normal -0 0 -1
    outer loop
      vertex 47.4441 6.57022 0.45
      vertex 47.0098 6.38166 0.45
      vertex 47.4064 6.62369 0.45
    endloop
  endfacet
  facet normal -0 0 -1
    outer loop
      vertex 47.4064 6.62369 0.45
      vertex 47.0098 6.38166 0.45
      vertex 47.3636 6.67322 0.45
    endloop
  endfacet
  facet normal 0 0 -1
    outer loop
      vertex 46.9013 5.92993 0.45
      vertex 47.1679 5.57234 0.45
      vertex 47.0816 5.53856 0.45
    endloop
  endfacet
  facet normal 0 0 -1
    outer loop
      vertex 46.9899 6.41657 0.45
      vertex 47.3636 6.67322 0.45
      vertex 47.0098 6.38166 0.45
    endloop
  endfacet
  facet normal -0 0 -1
    outer loop
      vertex 47.3636 6.67322 0.45
      vertex 46.9899 6.41657 0.45
      vertex 47.3168 6.71764 0.45
    endloop
  endfacet
  facet normal -0 0 -1
    outer loop
      vertex 47.3168 6.71764 0.45
      vertex 46.9899 6.41657 0.45
      vertex 47.2659 6.75699 0.45
    endloop
  endfacet
  facet normal 0 0 -1
    outer loop
      vertex 46.9655 6.44837 0.45
      vertex 47.2659 6.75699 0.45
      vertex 46.9899 6.41657 0.45
    endloop
  endfacet
  facet normal -0 0 -1
    outer loop
      vertex 47.2659 6.75699 0.45
      vertex 46.9655 6.44837 0.45
      vertex 47.211 6.79126 0.45
    endloop
  endfacet
  facet normal 0 0 -1
    outer loop
      vertex 46.9368 6.47704 0.45
      vertex 47.211 6.79126 0.45
      vertex 46.9655 6.44837 0.45
    endloop
  endfacet
  facet normal 0 0 -1
    outer loop
      vertex 47.0215 6.86356 0.45
      vertex 47.1046 7.86718 0.45
      vertex 47.6674 7.86718 0.45
    endloop
  endfacet
  facet normal -0 0 -1
    outer loop
      vertex 47.211 6.79126 0.45
      vertex 46.9368 6.47704 0.45
      vertex 47.1519 6.82044 0.45
    endloop
  endfacet
  facet normal -0 0 -1
    outer loop
      vertex 47.1519 6.82044 0.45
      vertex 46.9368 6.47704 0.45
      vertex 47.0887 6.84455 0.45
    endloop
  endfacet
  facet normal 0 0 -1
    outer loop
      vertex 46.9037 6.50223 0.45
      vertex 47.0887 6.84455 0.45
      vertex 46.9368 6.47704 0.45
    endloop
  endfacet
  facet normal -0 0 -1
    outer loop
      vertex 47.0887 6.84455 0.45
      vertex 46.9037 6.50223 0.45
      vertex 47.0215 6.86356 0.45
    endloop
  endfacet
  facet normal 0 0 -1
    outer loop
      vertex 46.8665 6.52353 0.45
      vertex 47.0215 6.86356 0.45
      vertex 46.9037 6.50223 0.45
    endloop
  endfacet
  facet normal 0 0 -1
    outer loop
      vertex 46.8251 6.54097 0.45
      vertex 47.0215 6.86356 0.45
      vertex 46.8665 6.52353 0.45
    endloop
  endfacet
  facet normal 0 0 -1
    outer loop
      vertex 46.7795 6.55454 0.45
      vertex 47.0215 6.86356 0.45
      vertex 46.8251 6.54097 0.45
    endloop
  endfacet
  facet normal 0 0 -1
    outer loop
      vertex 46.7299 6.56423 0.45
      vertex 47.0215 6.86356 0.45
      vertex 46.7795 6.55454 0.45
    endloop
  endfacet
  facet normal -0 0 -1
    outer loop
      vertex 47.0215 6.86356 0.45
      vertex 46.7299 6.56423 0.45
      vertex 46.5502 6.96018 0.45
    endloop
  endfacet
  facet normal 0 0 -1
    outer loop
      vertex 46.5502 6.96018 0.45
      vertex 46.7299 6.56423 0.45
      vertex 46.676 6.57003 0.45
    endloop
  endfacet
  facet normal 0 0 -1
    outer loop
      vertex 46.5502 6.96018 0.45
      vertex 46.676 6.57003 0.45
      vertex 46.6181 6.57196 0.45
    endloop
  endfacet
  facet normal 0 0 -1
    outer loop
      vertex 47.0215 6.86356 0.45
      vertex 46.5502 6.96018 0.45
      vertex 47.1046 7.86718 0.45
    endloop
  endfacet
  facet normal 0 0 -1
    outer loop
      vertex 45.9637 6.57196 0.45
      vertex 46.5502 6.96018 0.45
      vertex 46.6181 6.57196 0.45
    endloop
  endfacet
  facet normal -0 0 -1
    outer loop
      vertex 46.5502 6.96018 0.45
      vertex 45.9637 6.57196 0.45
      vertex 45.9637 6.96018 0.45
    endloop
  endfacet
  facet normal 0 0 -1
    outer loop
      vertex 45.0803 5.47849 0.45
      vertex 43.702 5.86502 0.45
      vertex 45.0803 5.86502 0.45
    endloop
  endfacet
  facet normal 0 0 -1
    outer loop
      vertex 43.2019 5.47849 0.45
      vertex 43.702 6.46517 0.45
      vertex 43.702 5.86502 0.45
    endloop
  endfacet
  facet normal -0 0 -1
    outer loop
      vertex 43.702 6.46517 0.45
      vertex 43.2019 5.47849 0.45
      vertex 43.702 6.85167 0.45
    endloop
  endfacet
  facet normal 0 0 -1
    outer loop
      vertex 43.2019 7.86718 0.45
      vertex 43.702 6.85167 0.45
      vertex 43.2019 5.47849 0.45
    endloop
  endfacet
  facet normal 0 0 -1
    outer loop
      vertex 43.2019 5.47849 0.45
      vertex 43.702 5.86502 0.45
      vertex 45.0803 5.47849 0.45
    endloop
  endfacet
  facet normal 0 0 -1
    outer loop
      vertex 43.702 6.46517 0.45
      vertex 44.9769 6.85167 0.45
      vertex 44.9769 6.46517 0.45
    endloop
  endfacet
  facet normal -0 0 -1
    outer loop
      vertex 44.9769 6.85167 0.45
      vertex 43.702 6.46517 0.45
      vertex 43.702 6.85167 0.45
    endloop
  endfacet
  facet normal 0 0 -1
    outer loop
      vertex 43.702 7.48065 0.45
      vertex 45.1498 7.86718 0.45
      vertex 45.1498 7.48065 0.45
    endloop
  endfacet
  facet normal 0 0 -1
    outer loop
      vertex 43.702 7.48065 0.45
      vertex 43.2019 7.86718 0.45
      vertex 45.1498 7.86718 0.45
    endloop
  endfacet
  facet normal 0 0 -1
    outer loop
      vertex 43.702 6.85167 0.45
      vertex 43.2019 7.86718 0.45
      vertex 43.702 7.48065 0.45
    endloop
  endfacet
  facet normal -0.0877992 -0.996138 0
    outer loop
      vertex 27.3105 7.8973 0
      vertex 27.4395 7.88593 0.45
      vertex 27.3105 7.8973 0.45
    endloop
  endfacet
  facet normal -0.0877992 -0.996138 -0
    outer loop
      vertex 27.4395 7.88593 0.45
      vertex 27.3105 7.8973 0
      vertex 27.4395 7.88593 0
    endloop
  endfacet
  facet normal -0.157181 -0.98757 0
    outer loop
      vertex 27.4395 7.88593 0
      vertex 27.5585 7.86699 0.45
      vertex 27.4395 7.88593 0.45
    endloop
  endfacet
  facet normal -0.157181 -0.98757 -0
    outer loop
      vertex 27.5585 7.86699 0.45
      vertex 27.4395 7.88593 0
      vertex 27.5585 7.86699 0
    endloop
  endfacet
  facet normal -0.236202 -0.971704 0
    outer loop
      vertex 27.5585 7.86699 0
      vertex 27.6676 7.84047 0.45
      vertex 27.5585 7.86699 0.45
    endloop
  endfacet
  facet normal -0.236202 -0.971704 -0
    outer loop
      vertex 27.6676 7.84047 0.45
      vertex 27.5585 7.86699 0
      vertex 27.6676 7.84047 0
    endloop
  endfacet
  facet normal -0.32508 -0.945687 0
    outer loop
      vertex 27.6676 7.84047 0
      vertex 27.7668 7.80637 0.45
      vertex 27.6676 7.84047 0.45
    endloop
  endfacet
  facet normal -0.32508 -0.945687 -0
    outer loop
      vertex 27.7668 7.80637 0.45
      vertex 27.6676 7.84047 0
      vertex 27.7668 7.80637 0
    endloop
  endfacet
  facet normal -0.423247 -0.906014 0
    outer loop
      vertex 27.7668 7.80637 0
      vertex 27.856 7.7647 0.45
      vertex 27.7668 7.80637 0.45
    endloop
  endfacet
  facet normal -0.423247 -0.906014 -0
    outer loop
      vertex 27.856 7.7647 0.45
      vertex 27.7668 7.80637 0
      vertex 27.856 7.7647 0
    endloop
  endfacet
  facet normal -0.527512 -0.849547 0
    outer loop
      vertex 27.856 7.7647 0
      vertex 27.9353 7.71546 0.45
      vertex 27.856 7.7647 0.45
    endloop
  endfacet
  facet normal -0.527512 -0.849547 -0
    outer loop
      vertex 27.9353 7.71546 0.45
      vertex 27.856 7.7647 0
      vertex 27.9353 7.71546 0
    endloop
  endfacet
  facet normal -0.632389 -0.774651 0
    outer loop
      vertex 27.9353 7.71546 0
      vertex 28.0044 7.65905 0.45
      vertex 27.9353 7.71546 0.45
    endloop
  endfacet
  facet normal -0.632389 -0.774651 -0
    outer loop
      vertex 28.0044 7.65905 0.45
      vertex 27.9353 7.71546 0
      vertex 28.0044 7.65905 0
    endloop
  endfacet
  facet normal -0.73434 -0.678782 0
    outer loop
      vertex 28.0628 7.59587 0
      vertex 28.0044 7.65905 0.45
      vertex 28.0044 7.65905 0
    endloop
  endfacet
  facet normal -0.73434 -0.678782 0
    outer loop
      vertex 28.0044 7.65905 0.45
      vertex 28.0628 7.59587 0
      vertex 28.0628 7.59587 0.45
    endloop
  endfacet
  facet normal -0.825452 -0.564472 0
    outer loop
      vertex 28.1106 7.52597 0
      vertex 28.0628 7.59587 0.45
      vertex 28.0628 7.59587 0
    endloop
  endfacet
  facet normal -0.825452 -0.564472 0
    outer loop
      vertex 28.0628 7.59587 0.45
      vertex 28.1106 7.52597 0
      vertex 28.1106 7.52597 0.45
    endloop
  endfacet
  facet normal -0.899669 -0.436573 0
    outer loop
      vertex 28.1478 7.44931 0
      vertex 28.1106 7.52597 0.45
      vertex 28.1106 7.52597 0
    endloop
  endfacet
  facet normal -0.899669 -0.436573 0
    outer loop
      vertex 28.1106 7.52597 0.45
      vertex 28.1478 7.44931 0
      vertex 28.1478 7.44931 0.45
    endloop
  endfacet
  facet normal -0.953035 -0.302859 0
    outer loop
      vertex 28.1743 7.36592 0
      vertex 28.1478 7.44931 0.45
      vertex 28.1478 7.44931 0
    endloop
  endfacet
  facet normal -0.953035 -0.302859 0
    outer loop
      vertex 28.1478 7.44931 0.45
      vertex 28.1743 7.36592 0
      vertex 28.1743 7.36592 0.45
    endloop
  endfacet
  facet normal -0.984613 -0.174751 0
    outer loop
      vertex 28.1903 7.27577 0
      vertex 28.1743 7.36592 0.45
      vertex 28.1743 7.36592 0
    endloop
  endfacet
  facet normal -0.984613 -0.174751 0
    outer loop
      vertex 28.1743 7.36592 0.45
      vertex 28.1903 7.27577 0
      vertex 28.1903 7.27577 0.45
    endloop
  endfacet
  facet normal -0.998507 -0.0546196 0
    outer loop
      vertex 28.1956 7.17888 0
      vertex 28.1903 7.27577 0.45
      vertex 28.1903 7.27577 0
    endloop
  endfacet
  facet normal -0.998507 -0.0546196 0
    outer loop
      vertex 28.1903 7.27577 0.45
      vertex 28.1956 7.17888 0
      vertex 28.1956 7.17888 0.45
    endloop
  endfacet
  facet normal -0.999715 0.0238539 0
    outer loop
      vertex 28.1946 7.13697 0
      vertex 28.1956 7.17888 0.45
      vertex 28.1956 7.17888 0
    endloop
  endfacet
  facet normal -0.999715 0.0238539 0
    outer loop
      vertex 28.1956 7.17888 0.45
      vertex 28.1946 7.13697 0
      vertex 28.1946 7.13697 0.45
    endloop
  endfacet
  facet normal -0.997619 0.0689712 0
    outer loop
      vertex 28.1918 7.09647 0
      vertex 28.1946 7.13697 0.45
      vertex 28.1946 7.13697 0
    endloop
  endfacet
  facet normal -0.997619 0.0689712 0
    outer loop
      vertex 28.1946 7.13697 0.45
      vertex 28.1918 7.09647 0
      vertex 28.1918 7.09647 0.45
    endloop
  endfacet
  facet normal -0.993144 0.1169 0
    outer loop
      vertex 28.1872 7.05739 0
      vertex 28.1918 7.09647 0.45
      vertex 28.1918 7.09647 0
    endloop
  endfacet
  facet normal -0.993144 0.1169 0
    outer loop
      vertex 28.1918 7.09647 0.45
      vertex 28.1872 7.05739 0
      vertex 28.1872 7.05739 0.45
    endloop
  endfacet
  facet normal -0.984973 0.17271 0
    outer loop
      vertex 28.1806 7.01975 0
      vertex 28.1872 7.05739 0.45
      vertex 28.1872 7.05739 0
    endloop
  endfacet
  facet normal -0.984973 0.17271 0
    outer loop
      vertex 28.1872 7.05739 0.45
      vertex 28.1806 7.01975 0
      vertex 28.1806 7.01975 0.45
    endloop
  endfacet
  facet normal -0.974173 0.225802 0
    outer loop
      vertex 28.1722 6.98351 0
      vertex 28.1806 7.01975 0.45
      vertex 28.1806 7.01975 0
    endloop
  endfacet
  facet normal -0.974173 0.225802 0
    outer loop
      vertex 28.1806 7.01975 0.45
      vertex 28.1722 6.98351 0
      vertex 28.1722 6.98351 0.45
    endloop
  endfacet
  facet normal -0.958926 0.283657 0
    outer loop
      vertex 28.1619 6.94869 0
      vertex 28.1722 6.98351 0.45
      vertex 28.1722 6.98351 0
    endloop
  endfacet
  facet normal -0.958926 0.283657 0
    outer loop
      vertex 28.1722 6.98351 0.45
      vertex 28.1619 6.94869 0
      vertex 28.1619 6.94869 0.45
    endloop
  endfacet
  facet normal -0.940204 0.340613 0
    outer loop
      vertex 28.1498 6.91529 0
      vertex 28.1619 6.94869 0.45
      vertex 28.1619 6.94869 0
    endloop
  endfacet
  facet normal -0.940204 0.340613 0
    outer loop
      vertex 28.1619 6.94869 0.45
      vertex 28.1498 6.91529 0
      vertex 28.1498 6.91529 0.45
    endloop
  endfacet
  facet normal -0.917434 0.397889 0
    outer loop
      vertex 28.1359 6.88324 0
      vertex 28.1498 6.91529 0.45
      vertex 28.1498 6.91529 0
    endloop
  endfacet
  facet normal -0.917434 0.397889 0
    outer loop
      vertex 28.1498 6.91529 0.45
      vertex 28.1359 6.88324 0
      vertex 28.1359 6.88324 0.45
    endloop
  endfacet
  facet normal -0.891683 0.45266 0
    outer loop
      vertex 28.1203 6.85251 0
      vertex 28.1359 6.88324 0.45
      vertex 28.1359 6.88324 0
    endloop
  endfacet
  facet normal -0.891683 0.45266 0
    outer loop
      vertex 28.1359 6.88324 0.45
      vertex 28.1203 6.85251 0
      vertex 28.1203 6.85251 0.45
    endloop
  endfacet
  facet normal -0.863289 0.50471 0
    outer loop
      vertex 28.1031 6.82309 0
      vertex 28.1203 6.85251 0.45
      vertex 28.1203 6.85251 0
    endloop
  endfacet
  facet normal -0.863289 0.50471 0
    outer loop
      vertex 28.1203 6.85251 0.45
      vertex 28.1031 6.82309 0
      vertex 28.1031 6.82309 0.45
    endloop
  endfacet
  facet normal -0.82968 0.55824 0
    outer loop
      vertex 28.0842 6.795 0
      vertex 28.1031 6.82309 0.45
      vertex 28.1031 6.82309 0
    endloop
  endfacet
  facet normal -0.82968 0.55824 0
    outer loop
      vertex 28.1031 6.82309 0.45
      vertex 28.0842 6.795 0
      vertex 28.0842 6.795 0.45
    endloop
  endfacet
  facet normal -0.792624 0.609711 0
    outer loop
      vertex 28.0636 6.76822 0
      vertex 28.0842 6.795 0.45
      vertex 28.0842 6.795 0
    endloop
  endfacet
  facet normal -0.792624 0.609711 0
    outer loop
      vertex 28.0842 6.795 0.45
      vertex 28.0636 6.76822 0
      vertex 28.0636 6.76822 0.45
    endloop
  endfacet
  facet normal -0.75384 0.657058 0
    outer loop
      vertex 28.0414 6.74275 0
      vertex 28.0636 6.76822 0.45
      vertex 28.0636 6.76822 0
    endloop
  endfacet
  facet normal -0.75384 0.657058 0
    outer loop
      vertex 28.0636 6.76822 0.45
      vertex 28.0414 6.74275 0
      vertex 28.0414 6.74275 0.45
    endloop
  endfacet
  facet normal -0.710776 0.703418 0
    outer loop
      vertex 28.0175 6.7186 0
      vertex 28.0414 6.74275 0.45
      vertex 28.0414 6.74275 0
    endloop
  endfacet
  facet normal -0.710776 0.703418 0
    outer loop
      vertex 28.0414 6.74275 0.45
      vertex 28.0175 6.7186 0
      vertex 28.0175 6.7186 0.45
    endloop
  endfacet
  facet normal -0.664972 0.746868 0
    outer loop
      vertex 28.0175 6.7186 0
      vertex 27.9916 6.69554 0.45
      vertex 28.0175 6.7186 0.45
    endloop
  endfacet
  facet normal -0.664972 0.746868 0
    outer loop
      vertex 27.9916 6.69554 0.45
      vertex 28.0175 6.7186 0
      vertex 27.9916 6.69554 0
    endloop
  endfacet
  facet normal -0.615204 0.788368 0
    outer loop
      vertex 27.9916 6.69554 0
      vertex 27.9631 6.6733 0.45
      vertex 27.9916 6.69554 0.45
    endloop
  endfacet
  facet normal -0.615204 0.788368 0
    outer loop
      vertex 27.9631 6.6733 0.45
      vertex 27.9916 6.69554 0
      vertex 27.9631 6.6733 0
    endloop
  endfacet
  facet normal -0.568644 0.822584 0
    outer loop
      vertex 27.9631 6.6733 0
      vertex 27.9321 6.65187 0.45
      vertex 27.9631 6.6733 0.45
    endloop
  endfacet
  facet normal -0.568644 0.822584 0
    outer loop
      vertex 27.9321 6.65187 0.45
      vertex 27.9631 6.6733 0
      vertex 27.9321 6.65187 0
    endloop
  endfacet
  facet normal -0.522312 0.852754 0
    outer loop
      vertex 27.9321 6.65187 0
      vertex 27.8985 6.63129 0.45
      vertex 27.9321 6.65187 0.45
    endloop
  endfacet
  facet normal -0.522312 0.852754 0
    outer loop
      vertex 27.8985 6.63129 0.45
      vertex 27.9321 6.65187 0
      vertex 27.8985 6.63129 0
    endloop
  endfacet
  facet normal -0.480984 0.87673 0
    outer loop
      vertex 27.8985 6.63129 0
      vertex 27.8625 6.61154 0.45
      vertex 27.8985 6.63129 0.45
    endloop
  endfacet
  facet normal -0.480984 0.87673 0
    outer loop
      vertex 27.8625 6.61154 0.45
      vertex 27.8985 6.63129 0
      vertex 27.8625 6.61154 0
    endloop
  endfacet
  facet normal -0.440315 0.897843 0
    outer loop
      vertex 27.8625 6.61154 0
      vertex 27.8239 6.59261 0.45
      vertex 27.8625 6.61154 0.45
    endloop
  endfacet
  facet normal -0.440315 0.897843 0
    outer loop
      vertex 27.8239 6.59261 0.45
      vertex 27.8625 6.61154 0
      vertex 27.8239 6.59261 0
    endloop
  endfacet
  facet normal -0.401845 0.915708 0
    outer loop
      vertex 27.8239 6.59261 0
      vertex 27.7827 6.57453 0.45
      vertex 27.8239 6.59261 0.45
    endloop
  endfacet
  facet normal -0.401845 0.915708 0
    outer loop
      vertex 27.7827 6.57453 0.45
      vertex 27.8239 6.59261 0
      vertex 27.7827 6.57453 0
    endloop
  endfacet
  facet normal -0.360949 0.932586 0
    outer loop
      vertex 27.7827 6.57453 0
      vertex 27.7364 6.55661 0.45
      vertex 27.7827 6.57453 0.45
    endloop
  endfacet
  facet normal -0.360949 0.932586 0
    outer loop
      vertex 27.7364 6.55661 0.45
      vertex 27.7827 6.57453 0
      vertex 27.7364 6.55661 0
    endloop
  endfacet
  facet normal -0.319622 0.947545 0
    outer loop
      vertex 27.7364 6.55661 0
      vertex 27.682 6.53826 0.45
      vertex 27.7364 6.55661 0.45
    endloop
  endfacet
  facet normal -0.319622 0.947545 0
    outer loop
      vertex 27.682 6.53826 0.45
      vertex 27.7364 6.55661 0
      vertex 27.682 6.53826 0
    endloop
  endfacet
  facet normal -0.288474 0.957488 0
    outer loop
      vertex 27.682 6.53826 0
      vertex 27.6196 6.51946 0.45
      vertex 27.682 6.53826 0.45
    endloop
  endfacet
  facet normal -0.288474 0.957488 0
    outer loop
      vertex 27.6196 6.51946 0.45
      vertex 27.682 6.53826 0
      vertex 27.6196 6.51946 0
    endloop
  endfacet
  facet normal -0.264232 0.964459 0
    outer loop
      vertex 27.6196 6.51946 0
      vertex 27.5493 6.5002 0.45
      vertex 27.6196 6.51946 0.45
    endloop
  endfacet
  facet normal -0.264232 0.964459 0
    outer loop
      vertex 27.5493 6.5002 0.45
      vertex 27.6196 6.51946 0
      vertex 27.5493 6.5002 0
    endloop
  endfacet
  facet normal -0.2437 0.969851 0
    outer loop
      vertex 27.5493 6.5002 0
      vertex 27.4709 6.4805 0.45
      vertex 27.5493 6.5002 0.45
    endloop
  endfacet
  facet normal -0.2437 0.969851 0
    outer loop
      vertex 27.4709 6.4805 0.45
      vertex 27.5493 6.5002 0
      vertex 27.4709 6.4805 0
    endloop
  endfacet
  facet normal -0.227372 0.973808 0
    outer loop
      vertex 27.4709 6.4805 0
      vertex 27.3846 6.46035 0.45
      vertex 27.4709 6.4805 0.45
    endloop
  endfacet
  facet normal -0.227372 0.973808 0
    outer loop
      vertex 27.3846 6.46035 0.45
      vertex 27.4709 6.4805 0
      vertex 27.3846 6.46035 0
    endloop
  endfacet
  facet normal -0.213419 0.976961 0
    outer loop
      vertex 27.3846 6.46035 0
      vertex 27.2903 6.43975 0.45
      vertex 27.3846 6.46035 0.45
    endloop
  endfacet
  facet normal -0.213419 0.976961 0
    outer loop
      vertex 27.2903 6.43975 0.45
      vertex 27.3846 6.46035 0
      vertex 27.2903 6.43975 0
    endloop
  endfacet
  facet normal -0.216419 0.9763 0
    outer loop
      vertex 27.2903 6.43975 0
      vertex 27.2114 6.42226 0.45
      vertex 27.2903 6.43975 0.45
    endloop
  endfacet
  facet normal -0.216419 0.9763 0
    outer loop
      vertex 27.2114 6.42226 0.45
      vertex 27.2903 6.43975 0
      vertex 27.2114 6.42226 0
    endloop
  endfacet
  facet normal -0.228358 0.973577 0
    outer loop
      vertex 27.2114 6.42226 0
      vertex 27.1405 6.40563 0.45
      vertex 27.2114 6.42226 0.45
    endloop
  endfacet
  facet normal -0.228358 0.973577 0
    outer loop
      vertex 27.1405 6.40563 0.45
      vertex 27.2114 6.42226 0
      vertex 27.1405 6.40563 0
    endloop
  endfacet
  facet normal -0.242898 0.970052 0
    outer loop
      vertex 27.1405 6.40563 0
      vertex 27.0776 6.38988 0.45
      vertex 27.1405 6.40563 0.45
    endloop
  endfacet
  facet normal -0.242898 0.970052 0
    outer loop
      vertex 27.0776 6.38988 0.45
      vertex 27.1405 6.40563 0
      vertex 27.0776 6.38988 0
    endloop
  endfacet
  facet normal -0.26132 0.965252 0
    outer loop
      vertex 27.0776 6.38988 0
      vertex 27.0226 6.37499 0.45
      vertex 27.0776 6.38988 0.45
    endloop
  endfacet
  facet normal -0.26132 0.965252 0
    outer loop
      vertex 27.0226 6.37499 0.45
      vertex 27.0776 6.38988 0
      vertex 27.0226 6.37499 0
    endloop
  endfacet
  facet normal -0.286225 0.958162 0
    outer loop
      vertex 27.0226 6.37499 0
      vertex 26.9756 6.36095 0.45
      vertex 27.0226 6.37499 0.45
    endloop
  endfacet
  facet normal -0.286225 0.958162 0
    outer loop
      vertex 26.9756 6.36095 0.45
      vertex 27.0226 6.37499 0
      vertex 26.9756 6.36095 0
    endloop
  endfacet
  facet normal -0.318772 0.947831 0
    outer loop
      vertex 26.9756 6.36095 0
      vertex 26.9365 6.3478 0.45
      vertex 26.9756 6.36095 0.45
    endloop
  endfacet
  facet normal -0.318772 0.947831 0
    outer loop
      vertex 26.9365 6.3478 0.45
      vertex 26.9756 6.36095 0
      vertex 26.9365 6.3478 0
    endloop
  endfacet
  facet normal -0.367779 0.929913 0
    outer loop
      vertex 26.9365 6.3478 0
      vertex 26.9054 6.3355 0.45
      vertex 26.9365 6.3478 0.45
    endloop
  endfacet
  facet normal -0.367779 0.929913 0
    outer loop
      vertex 26.9054 6.3355 0.45
      vertex 26.9365 6.3478 0
      vertex 26.9054 6.3355 0
    endloop
  endfacet
  facet normal -0.424594 0.905384 0
    outer loop
      vertex 26.9054 6.3355 0
      vertex 26.8793 6.32326 0.45
      vertex 26.9054 6.3355 0.45
    endloop
  endfacet
  facet normal -0.424594 0.905384 0
    outer loop
      vertex 26.8793 6.32326 0.45
      vertex 26.9054 6.3355 0
      vertex 26.8793 6.32326 0
    endloop
  endfacet
  facet normal -0.470305 0.882504 0
    outer loop
      vertex 26.8793 6.32326 0
      vertex 26.855 6.31031 0.45
      vertex 26.8793 6.32326 0.45
    endloop
  endfacet
  facet normal -0.470305 0.882504 0
    outer loop
      vertex 26.855 6.31031 0.45
      vertex 26.8793 6.32326 0
      vertex 26.855 6.31031 0
    endloop
  endfacet
  facet normal -0.521481 0.853263 0
    outer loop
      vertex 26.855 6.31031 0
      vertex 26.8326 6.29662 0.45
      vertex 26.855 6.31031 0.45
    endloop
  endfacet
  facet normal -0.521481 0.853263 0
    outer loop
      vertex 26.8326 6.29662 0.45
      vertex 26.855 6.31031 0
      vertex 26.8326 6.29662 0
    endloop
  endfacet
  facet normal -0.575335 0.817918 0
    outer loop
      vertex 26.8326 6.29662 0
      vertex 26.8121 6.2822 0.45
      vertex 26.8326 6.29662 0.45
    endloop
  endfacet
  facet normal -0.575335 0.817918 0
    outer loop
      vertex 26.8121 6.2822 0.45
      vertex 26.8326 6.29662 0
      vertex 26.8121 6.2822 0
    endloop
  endfacet
  facet normal -0.633329 0.773883 0
    outer loop
      vertex 26.8121 6.2822 0
      vertex 26.7936 6.26706 0.45
      vertex 26.8121 6.2822 0.45
    endloop
  endfacet
  facet normal -0.633329 0.773883 0
    outer loop
      vertex 26.7936 6.26706 0.45
      vertex 26.8121 6.2822 0
      vertex 26.7936 6.26706 0
    endloop
  endfacet
  facet normal -0.688407 0.725325 0
    outer loop
      vertex 26.7936 6.26706 0
      vertex 26.7769 6.25121 0.45
      vertex 26.7936 6.26706 0.45
    endloop
  endfacet
  facet normal -0.688407 0.725325 0
    outer loop
      vertex 26.7769 6.25121 0.45
      vertex 26.7936 6.26706 0
      vertex 26.7769 6.25121 0
    endloop
  endfacet
  facet normal -0.748454 0.663187 0
    outer loop
      vertex 26.7622 6.23462 0
      vertex 26.7769 6.25121 0.45
      vertex 26.7769 6.25121 0
    endloop
  endfacet
  facet normal -0.748454 0.663187 0
    outer loop
      vertex 26.7769 6.25121 0.45
      vertex 26.7622 6.23462 0
      vertex 26.7622 6.23462 0.45
    endloop
  endfacet
  facet normal -0.809529 0.58708 0
    outer loop
      vertex 26.7494 6.21697 0
      vertex 26.7622 6.23462 0.45
      vertex 26.7622 6.23462 0
    endloop
  endfacet
  facet normal -0.809529 0.58708 0
    outer loop
      vertex 26.7622 6.23462 0.45
      vertex 26.7494 6.21697 0
      vertex 26.7494 6.21697 0.45
    endloop
  endfacet
  facet normal -0.867738 0.497023 0
    outer loop
      vertex 26.7385 6.19794 0
      vertex 26.7494 6.21697 0.45
      vertex 26.7494 6.21697 0
    endloop
  endfacet
  facet normal -0.867738 0.497023 0
    outer loop
      vertex 26.7494 6.21697 0.45
      vertex 26.7385 6.19794 0
      vertex 26.7385 6.19794 0.45
    endloop
  endfacet
  facet normal -0.916713 0.399547 0
    outer loop
      vertex 26.7296 6.17752 0
      vertex 26.7385 6.19794 0.45
      vertex 26.7385 6.19794 0
    endloop
  endfacet
  facet normal -0.916713 0.399547 0
    outer loop
      vertex 26.7385 6.19794 0.45
      vertex 26.7296 6.17752 0
      vertex 26.7296 6.17752 0.45
    endloop
  endfacet
  facet normal -0.953384 0.301759 0
    outer loop
      vertex 26.7227 6.15572 0
      vertex 26.7296 6.17752 0.45
      vertex 26.7296 6.17752 0
    endloop
  endfacet
  facet normal -0.953384 0.301759 0
    outer loop
      vertex 26.7296 6.17752 0.45
      vertex 26.7227 6.15572 0
      vertex 26.7227 6.15572 0.45
    endloop
  endfacet
  facet normal -0.978379 0.206819 0
    outer loop
      vertex 26.7178 6.13254 0
      vertex 26.7227 6.15572 0.45
      vertex 26.7227 6.15572 0
    endloop
  endfacet
  facet normal -0.978379 0.206819 0
    outer loop
      vertex 26.7227 6.15572 0.45
      vertex 26.7178 6.13254 0
      vertex 26.7178 6.13254 0.45
    endloop
  endfacet
  facet normal -0.993106 0.117216 0
    outer loop
      vertex 26.7149 6.10797 0
      vertex 26.7178 6.13254 0.45
      vertex 26.7178 6.13254 0
    endloop
  endfacet
  facet normal -0.993106 0.117216 0
    outer loop
      vertex 26.7178 6.13254 0.45
      vertex 26.7149 6.10797 0
      vertex 26.7149 6.10797 0.45
    endloop
  endfacet
  facet normal -0.999258 0.0385071 0
    outer loop
      vertex 26.7139 6.08202 0
      vertex 26.7149 6.10797 0.45
      vertex 26.7149 6.10797 0
    endloop
  endfacet
  facet normal -0.999258 0.0385071 0
    outer loop
      vertex 26.7149 6.10797 0.45
      vertex 26.7139 6.08202 0
      vertex 26.7139 6.08202 0.45
    endloop
  endfacet
  facet normal -0.992669 -0.120865 0
    outer loop
      vertex 26.7231 6.00646 0
      vertex 26.7139 6.08202 0.45
      vertex 26.7139 6.08202 0
    endloop
  endfacet
  facet normal -0.992669 -0.120865 0
    outer loop
      vertex 26.7139 6.08202 0.45
      vertex 26.7231 6.00646 0
      vertex 26.7231 6.00646 0.45
    endloop
  endfacet
  facet normal -0.916545 -0.399931 0
    outer loop
      vertex 26.751 5.94252 0
      vertex 26.7231 6.00646 0.45
      vertex 26.7231 6.00646 0
    endloop
  endfacet
  facet normal -0.916545 -0.399931 0
    outer loop
      vertex 26.7231 6.00646 0.45
      vertex 26.751 5.94252 0
      vertex 26.751 5.94252 0.45
    endloop
  endfacet
  facet normal -0.748751 -0.662852 0
    outer loop
      vertex 26.7973 5.89022 0
      vertex 26.751 5.94252 0.45
      vertex 26.751 5.94252 0
    endloop
  endfacet
  facet normal -0.748751 -0.662852 0
    outer loop
      vertex 26.751 5.94252 0.45
      vertex 26.7973 5.89022 0
      vertex 26.7973 5.89022 0.45
    endloop
  endfacet
  facet normal -0.531102 -0.847308 0
    outer loop
      vertex 26.7973 5.89022 0
      vertex 26.8622 5.84954 0.45
      vertex 26.7973 5.89022 0.45
    endloop
  endfacet
  facet normal -0.531102 -0.847308 -0
    outer loop
      vertex 26.8622 5.84954 0.45
      vertex 26.7973 5.89022 0
      vertex 26.8622 5.84954 0
    endloop
  endfacet
  facet normal -0.328788 -0.944404 0
    outer loop
      vertex 26.8622 5.84954 0
      vertex 26.9457 5.82047 0.45
      vertex 26.8622 5.84954 0.45
    endloop
  endfacet
  facet normal -0.328788 -0.944404 -0
    outer loop
      vertex 26.9457 5.82047 0.45
      vertex 26.8622 5.84954 0
      vertex 26.9457 5.82047 0
    endloop
  endfacet
  facet normal -0.168535 -0.985696 0
    outer loop
      vertex 26.9457 5.82047 0
      vertex 27.0477 5.80303 0.45
      vertex 26.9457 5.82047 0.45
    endloop
  endfacet
  facet normal -0.168535 -0.985696 -0
    outer loop
      vertex 27.0477 5.80303 0.45
      vertex 26.9457 5.82047 0
      vertex 27.0477 5.80303 0
    endloop
  endfacet
  facet normal -0.0482425 -0.998836 0
    outer loop
      vertex 27.0477 5.80303 0
      vertex 27.1682 5.79721 0.45
      vertex 27.0477 5.80303 0.45
    endloop
  endfacet
  facet normal -0.0482425 -0.998836 -0
    outer loop
      vertex 27.1682 5.79721 0.45
      vertex 27.0477 5.80303 0
      vertex 27.1682 5.79721 0
    endloop
  endfacet
  facet normal 0.027278 -0.999628 0
    outer loop
      vertex 27.1682 5.79721 0
      vertex 27.2272 5.79882 0.45
      vertex 27.1682 5.79721 0.45
    endloop
  endfacet
  facet normal 0.027278 -0.999628 0
    outer loop
      vertex 27.2272 5.79882 0.45
      vertex 27.1682 5.79721 0
      vertex 27.2272 5.79882 0
    endloop
  endfacet
  facet normal 0.0864029 -0.99626 0
    outer loop
      vertex 27.2272 5.79882 0
      vertex 27.2822 5.80359 0.45
      vertex 27.2272 5.79882 0.45
    endloop
  endfacet
  facet normal 0.0864029 -0.99626 0
    outer loop
      vertex 27.2822 5.80359 0.45
      vertex 27.2272 5.79882 0
      vertex 27.2822 5.80359 0
    endloop
  endfacet
  facet normal 0.154318 -0.988021 0
    outer loop
      vertex 27.2822 5.80359 0
      vertex 27.3331 5.81154 0.45
      vertex 27.2822 5.80359 0.45
    endloop
  endfacet
  facet normal 0.154318 -0.988021 0
    outer loop
      vertex 27.3331 5.81154 0.45
      vertex 27.2822 5.80359 0
      vertex 27.3331 5.81154 0
    endloop
  endfacet
  facet normal 0.23149 -0.972837 0
    outer loop
      vertex 27.3331 5.81154 0
      vertex 27.38 5.8227 0.45
      vertex 27.3331 5.81154 0.45
    endloop
  endfacet
  facet normal 0.23149 -0.972837 0
    outer loop
      vertex 27.38 5.8227 0.45
      vertex 27.3331 5.81154 0
      vertex 27.38 5.8227 0
    endloop
  endfacet
  facet normal 0.317092 -0.948395 0
    outer loop
      vertex 27.38 5.8227 0
      vertex 27.4228 5.83701 0.45
      vertex 27.38 5.8227 0.45
    endloop
  endfacet
  facet normal 0.317092 -0.948395 0
    outer loop
      vertex 27.4228 5.83701 0.45
      vertex 27.38 5.8227 0
      vertex 27.4228 5.83701 0
    endloop
  endfacet
  facet normal 0.412419 -0.910994 0
    outer loop
      vertex 27.4228 5.83701 0
      vertex 27.4615 5.85453 0.45
      vertex 27.4228 5.83701 0.45
    endloop
  endfacet
  facet normal 0.412419 -0.910994 0
    outer loop
      vertex 27.4615 5.85453 0.45
      vertex 27.4228 5.83701 0
      vertex 27.4615 5.85453 0
    endloop
  endfacet
  facet normal 0.512128 -0.858909 0
    outer loop
      vertex 27.4615 5.85453 0
      vertex 27.4962 5.87522 0.45
      vertex 27.4615 5.85453 0.45
    endloop
  endfacet
  facet normal 0.512128 -0.858909 0
    outer loop
      vertex 27.4962 5.87522 0.45
      vertex 27.4615 5.85453 0
      vertex 27.4962 5.87522 0
    endloop
  endfacet
  facet normal 0.606987 -0.794712 0
    outer loop
      vertex 27.4962 5.87522 0
      vertex 27.5274 5.89905 0.45
      vertex 27.4962 5.87522 0.45
    endloop
  endfacet
  facet normal 0.606987 -0.794712 0
    outer loop
      vertex 27.5274 5.89905 0.45
      vertex 27.4962 5.87522 0
      vertex 27.5274 5.89905 0
    endloop
  endfacet
  facet normal 0.694889 -0.719117 0
    outer loop
      vertex 27.5274 5.89905 0
      vertex 27.5553 5.92601 0.45
      vertex 27.5274 5.89905 0.45
    endloop
  endfacet
  facet normal 0.694889 -0.719117 0
    outer loop
      vertex 27.5553 5.92601 0.45
      vertex 27.5274 5.89905 0
      vertex 27.5553 5.92601 0
    endloop
  endfacet
  facet normal 0.770108 -0.637914 0
    outer loop
      vertex 27.5553 5.92601 0.45
      vertex 27.5802 5.95607 0
      vertex 27.5802 5.95607 0.45
    endloop
  endfacet
  facet normal 0.770108 -0.637914 0
    outer loop
      vertex 27.5802 5.95607 0
      vertex 27.5553 5.92601 0.45
      vertex 27.5553 5.92601 0
    endloop
  endfacet
  facet normal 0.836907 -0.547345 0
    outer loop
      vertex 27.5802 5.95607 0.45
      vertex 27.6019 5.98925 0
      vertex 27.6019 5.98925 0.45
    endloop
  endfacet
  facet normal 0.836907 -0.547345 0
    outer loop
      vertex 27.6019 5.98925 0
      vertex 27.5802 5.95607 0.45
      vertex 27.5802 5.95607 0
    endloop
  endfacet
  facet normal 0.890965 -0.454073 0
    outer loop
      vertex 27.6019 5.98925 0.45
      vertex 27.6204 6.02555 0
      vertex 27.6204 6.02555 0.45
    endloop
  endfacet
  facet normal 0.890965 -0.454073 0
    outer loop
      vertex 27.6204 6.02555 0
      vertex 27.6019 5.98925 0.45
      vertex 27.6019 5.98925 0
    endloop
  endfacet
  facet normal 0.931351 -0.364123 0
    outer loop
      vertex 27.6204 6.02555 0.45
      vertex 27.6358 6.06494 0
      vertex 27.6358 6.06494 0.45
    endloop
  endfacet
  facet normal 0.931351 -0.364123 0
    outer loop
      vertex 27.6358 6.06494 0
      vertex 27.6204 6.02555 0.45
      vertex 27.6204 6.02555 0
    endloop
  endfacet
  facet normal 0.961233 -0.275736 0
    outer loop
      vertex 27.6358 6.06494 0.45
      vertex 27.648 6.10747 0
      vertex 27.648 6.10747 0.45
    endloop
  endfacet
  facet normal 0.961233 -0.275736 0
    outer loop
      vertex 27.648 6.10747 0
      vertex 27.6358 6.06494 0.45
      vertex 27.6358 6.06494 0
    endloop
  endfacet
  facet normal -0.135128 -0.990828 0
    outer loop
      vertex 27.648 6.10747 0
      vertex 28.1329 6.04134 0.45
      vertex 27.648 6.10747 0.45
    endloop
  endfacet
  facet normal -0.135128 -0.990828 -0
    outer loop
      vertex 28.1329 6.04134 0.45
      vertex 27.648 6.10747 0
      vertex 28.1329 6.04134 0
    endloop
  endfacet
  facet normal -0.970821 0.239804 0
    outer loop
      vertex 28.1112 5.95349 0
      vertex 28.1329 6.04134 0.45
      vertex 28.1329 6.04134 0
    endloop
  endfacet
  facet normal -0.970821 0.239804 0
    outer loop
      vertex 28.1329 6.04134 0.45
      vertex 28.1112 5.95349 0
      vertex 28.1112 5.95349 0.45
    endloop
  endfacet
  facet normal -0.944056 0.329786 0
    outer loop
      vertex 28.0831 5.87305 0
      vertex 28.1112 5.95349 0.45
      vertex 28.1112 5.95349 0
    endloop
  endfacet
  facet normal -0.944056 0.329786 0
    outer loop
      vertex 28.1112 5.95349 0.45
      vertex 28.0831 5.87305 0
      vertex 28.0831 5.87305 0.45
    endloop
  endfacet
  facet normal -0.903705 0.428155 0
    outer loop
      vertex 28.0485 5.80002 0
      vertex 28.0831 5.87305 0.45
      vertex 28.0831 5.87305 0
    endloop
  endfacet
  facet normal -0.903705 0.428155 0
    outer loop
      vertex 28.0831 5.87305 0.45
      vertex 28.0485 5.80002 0
      vertex 28.0485 5.80002 0.45
    endloop
  endfacet
  facet normal -0.848107 0.529825 0
    outer loop
      vertex 28.0075 5.73439 0
      vertex 28.0485 5.80002 0.45
      vertex 28.0485 5.80002 0
    endloop
  endfacet
  facet normal -0.848107 0.529825 0
    outer loop
      vertex 28.0485 5.80002 0.45
      vertex 28.0075 5.73439 0
      vertex 28.0075 5.73439 0.45
    endloop
  endfacet
  facet normal -0.774182 0.632963 0
    outer loop
      vertex 27.9599 5.67617 0
      vertex 28.0075 5.73439 0.45
      vertex 28.0075 5.73439 0
    endloop
  endfacet
  facet normal -0.774182 0.632963 0
    outer loop
      vertex 28.0075 5.73439 0.45
      vertex 27.9599 5.67617 0
      vertex 27.9599 5.67617 0.45
    endloop
  endfacet
  facet normal -0.685411 0.728156 0
    outer loop
      vertex 27.9599 5.67617 0
      vertex 27.9059 5.62534 0.45
      vertex 27.9599 5.67617 0.45
    endloop
  endfacet
  facet normal -0.685411 0.728156 0
    outer loop
      vertex 27.9059 5.62534 0.45
      vertex 27.9599 5.67617 0
      vertex 27.9059 5.62534 0
    endloop
  endfacet
  facet normal -0.583614 0.812031 0
    outer loop
      vertex 27.9059 5.62534 0
      vertex 27.8455 5.58193 0.45
      vertex 27.9059 5.62534 0.45
    endloop
  endfacet
  facet normal -0.583614 0.812031 0
    outer loop
      vertex 27.8455 5.58193 0.45
      vertex 27.9059 5.62534 0
      vertex 27.8455 5.58193 0
    endloop
  endfacet
  facet normal -0.475868 0.879517 0
    outer loop
      vertex 27.8455 5.58193 0
      vertex 27.7773 5.54503 0.45
      vertex 27.8455 5.58193 0.45
    endloop
  endfacet
  facet normal -0.475868 0.879517 0
    outer loop
      vertex 27.7773 5.54503 0.45
      vertex 27.8455 5.58193 0
      vertex 27.7773 5.54503 0
    endloop
  endfacet
  facet normal -0.374285 0.927314 0
    outer loop
      vertex 27.7773 5.54503 0
      vertex 27.7 5.51383 0.45
      vertex 27.7773 5.54503 0.45
    endloop
  endfacet
  facet normal -0.374285 0.927314 0
    outer loop
      vertex 27.7 5.51383 0.45
      vertex 27.7773 5.54503 0
      vertex 27.7 5.51383 0
    endloop
  endfacet
  facet normal -0.284183 0.95877 0
    outer loop
      vertex 27.7 5.51383 0
      vertex 27.6138 5.48828 0.45
      vertex 27.7 5.51383 0.45
    endloop
  endfacet
  facet normal -0.284183 0.95877 0
    outer loop
      vertex 27.6138 5.48828 0.45
      vertex 27.7 5.51383 0
      vertex 27.6138 5.48828 0
    endloop
  endfacet
  facet normal -0.203913 0.978989 0
    outer loop
      vertex 27.6138 5.48828 0
      vertex 27.5185 5.46843 0.45
      vertex 27.6138 5.48828 0.45
    endloop
  endfacet
  facet normal -0.203913 0.978989 0
    outer loop
      vertex 27.5185 5.46843 0.45
      vertex 27.6138 5.48828 0
      vertex 27.5185 5.46843 0
    endloop
  endfacet
  facet normal -0.134681 0.990889 0
    outer loop
      vertex 27.5185 5.46843 0
      vertex 27.4141 5.45424 0.45
      vertex 27.5185 5.46843 0.45
    endloop
  endfacet
  facet normal -0.134681 0.990889 0
    outer loop
      vertex 27.4141 5.45424 0.45
      vertex 27.5185 5.46843 0
      vertex 27.4141 5.45424 0
    endloop
  endfacet
  facet normal -0.0748993 0.997191 0
    outer loop
      vertex 27.4141 5.45424 0
      vertex 27.3008 5.44573 0.45
      vertex 27.4141 5.45424 0.45
    endloop
  endfacet
  facet normal -0.0748993 0.997191 0
    outer loop
      vertex 27.3008 5.44573 0.45
      vertex 27.4141 5.45424 0
      vertex 27.3008 5.44573 0
    endloop
  endfacet
  facet normal -0.0231964 0.999731 0
    outer loop
      vertex 27.3008 5.44573 0
      vertex 27.1784 5.44289 0.45
      vertex 27.3008 5.44573 0.45
    endloop
  endfacet
  facet normal -0.0231964 0.999731 0
    outer loop
      vertex 27.1784 5.44289 0.45
      vertex 27.3008 5.44573 0
      vertex 27.1784 5.44289 0
    endloop
  endfacet
  facet normal 0.0274468 0.999623 -0
    outer loop
      vertex 27.1784 5.44289 0
      vertex 27.0502 5.44641 0.45
      vertex 27.1784 5.44289 0.45
    endloop
  endfacet
  facet normal 0.0274468 0.999623 0
    outer loop
      vertex 27.0502 5.44641 0.45
      vertex 27.1784 5.44289 0
      vertex 27.0502 5.44641 0
    endloop
  endfacet
  facet normal 0.0879962 0.996121 -0
    outer loop
      vertex 27.0502 5.44641 0
      vertex 26.931 5.45694 0.45
      vertex 27.0502 5.44641 0.45
    endloop
  endfacet
  facet normal 0.0879962 0.996121 0
    outer loop
      vertex 26.931 5.45694 0.45
      vertex 27.0502 5.44641 0
      vertex 26.931 5.45694 0
    endloop
  endfacet
  facet normal 0.157588 0.987505 -0
    outer loop
      vertex 26.931 5.45694 0
      vertex 26.8209 5.47451 0.45
      vertex 26.931 5.45694 0.45
    endloop
  endfacet
  facet normal 0.157588 0.987505 0
    outer loop
      vertex 26.8209 5.47451 0.45
      vertex 26.931 5.45694 0
      vertex 26.8209 5.47451 0
    endloop
  endfacet
  facet normal 0.236244 0.971694 -0
    outer loop
      vertex 26.8209 5.47451 0
      vertex 26.7198 5.49909 0.45
      vertex 26.8209 5.47451 0.45
    endloop
  endfacet
  facet normal 0.236244 0.971694 0
    outer loop
      vertex 26.7198 5.49909 0.45
      vertex 26.8209 5.47451 0
      vertex 26.7198 5.49909 0
    endloop
  endfacet
  facet normal 0.324534 0.945874 -0
    outer loop
      vertex 26.7198 5.49909 0
      vertex 26.6277 5.53069 0.45
      vertex 26.7198 5.49909 0.45
    endloop
  endfacet
  facet normal 0.324534 0.945874 0
    outer loop
      vertex 26.6277 5.53069 0.45
      vertex 26.7198 5.49909 0
      vertex 26.6277 5.53069 0
    endloop
  endfacet
  facet normal 0.421541 0.906809 -0
    outer loop
      vertex 26.6277 5.53069 0
      vertex 26.5446 5.56932 0.45
      vertex 26.6277 5.53069 0.45
    endloop
  endfacet
  facet normal 0.421541 0.906809 0
    outer loop
      vertex 26.5446 5.56932 0.45
      vertex 26.6277 5.53069 0
      vertex 26.5446 5.56932 0
    endloop
  endfacet
  facet normal 0.524944 0.851137 -0
    outer loop
      vertex 26.5446 5.56932 0
      vertex 26.4706 5.61496 0.45
      vertex 26.5446 5.56932 0.45
    endloop
  endfacet
  facet normal 0.524944 0.851137 0
    outer loop
      vertex 26.4706 5.61496 0.45
      vertex 26.5446 5.56932 0
      vertex 26.4706 5.61496 0
    endloop
  endfacet
  facet normal 0.629531 0.776975 -0
    outer loop
      vertex 26.4706 5.61496 0
      vertex 26.4061 5.66722 0.45
      vertex 26.4706 5.61496 0.45
    endloop
  endfacet
  facet normal 0.629531 0.776975 0
    outer loop
      vertex 26.4061 5.66722 0.45
      vertex 26.4706 5.61496 0
      vertex 26.4061 5.66722 0
    endloop
  endfacet
  facet normal 0.730199 0.683234 0
    outer loop
      vertex 26.4061 5.66722 0.45
      vertex 26.3514 5.72568 0
      vertex 26.3514 5.72568 0.45
    endloop
  endfacet
  facet normal 0.730199 0.683234 0
    outer loop
      vertex 26.3514 5.72568 0
      vertex 26.4061 5.66722 0.45
      vertex 26.4061 5.66722 0
    endloop
  endfacet
  facet normal 0.823131 0.567852 0
    outer loop
      vertex 26.3514 5.72568 0.45
      vertex 26.3068 5.79033 0
      vertex 26.3068 5.79033 0.45
    endloop
  endfacet
  facet normal 0.823131 0.567852 0
    outer loop
      vertex 26.3068 5.79033 0
      vertex 26.3514 5.72568 0.45
      vertex 26.3514 5.72568 0
    endloop
  endfacet
  facet normal 0.897523 0.440968 0
    outer loop
      vertex 26.3068 5.79033 0.45
      vertex 26.272 5.86116 0
      vertex 26.272 5.86116 0.45
    endloop
  endfacet
  facet normal 0.897523 0.440968 0
    outer loop
      vertex 26.272 5.86116 0
      vertex 26.3068 5.79033 0.45
      vertex 26.3068 5.79033 0
    endloop
  endfacet
  facet normal 0.951895 0.306425 0
    outer loop
      vertex 26.272 5.86116 0.45
      vertex 26.2472 5.9382 0
      vertex 26.2472 5.9382 0.45
    endloop
  endfacet
  facet normal 0.951895 0.306425 0
    outer loop
      vertex 26.2472 5.9382 0
      vertex 26.272 5.86116 0.45
      vertex 26.272 5.86116 0
    endloop
  endfacet
  facet normal 0.984351 0.17622 0
    outer loop
      vertex 26.2472 5.9382 0.45
      vertex 26.2323 6.02143 0
      vertex 26.2323 6.02143 0.45
    endloop
  endfacet
  facet normal 0.984351 0.17622 0
    outer loop
      vertex 26.2323 6.02143 0
      vertex 26.2472 5.9382 0.45
      vertex 26.2472 5.9382 0
    endloop
  endfacet
  facet normal 0.99844 0.0558349 0
    outer loop
      vertex 26.2323 6.02143 0.45
      vertex 26.2273 6.11084 0
      vertex 26.2273 6.11084 0.45
    endloop
  endfacet
  facet normal 0.99844 0.0558349 0
    outer loop
      vertex 26.2273 6.11084 0
      vertex 26.2323 6.02143 0.45
      vertex 26.2323 6.02143 0
    endloop
  endfacet
  facet normal 0.999808 -0.0195821 0
    outer loop
      vertex 26.2273 6.11084 0.45
      vertex 26.228 6.14658 0
      vertex 26.228 6.14658 0.45
    endloop
  endfacet
  facet normal 0.999808 -0.0195821 0
    outer loop
      vertex 26.228 6.14658 0
      vertex 26.2273 6.11084 0.45
      vertex 26.2273 6.11084 0
    endloop
  endfacet
  facet normal 0.998332 -0.0577404 0
    outer loop
      vertex 26.228 6.14658 0.45
      vertex 26.23 6.18116 0
      vertex 26.23 6.18116 0.45
    endloop
  endfacet
  facet normal 0.998332 -0.0577404 0
    outer loop
      vertex 26.23 6.18116 0
      vertex 26.228 6.14658 0.45
      vertex 26.228 6.14658 0
    endloop
  endfacet
  facet normal 0.994853 -0.101333 0
    outer loop
      vertex 26.23 6.18116 0.45
      vertex 26.2334 6.21454 0
      vertex 26.2334 6.21454 0.45
    endloop
  endfacet
  facet normal 0.994853 -0.101333 0
    outer loop
      vertex 26.2334 6.21454 0
      vertex 26.23 6.18116 0.45
      vertex 26.23 6.18116 0
    endloop
  endfacet
  facet normal 0.989521 -0.144388 0
    outer loop
      vertex 26.2334 6.21454 0.45
      vertex 26.2381 6.24675 0
      vertex 26.2381 6.24675 0.45
    endloop
  endfacet
  facet normal 0.989521 -0.144388 0
    outer loop
      vertex 26.2381 6.24675 0
      vertex 26.2334 6.21454 0.45
      vertex 26.2334 6.21454 0
    endloop
  endfacet
  facet normal 0.981208 -0.192952 0
    outer loop
      vertex 26.2381 6.24675 0.45
      vertex 26.2442 6.27777 0
      vertex 26.2442 6.27777 0.45
    endloop
  endfacet
  facet normal 0.981208 -0.192952 0
    outer loop
      vertex 26.2442 6.27777 0
      vertex 26.2381 6.24675 0.45
      vertex 26.2381 6.24675 0
    endloop
  endfacet
  facet normal 0.970656 -0.240471 0
    outer loop
      vertex 26.2442 6.27777 0.45
      vertex 26.2516 6.30764 0
      vertex 26.2516 6.30764 0.45
    endloop
  endfacet
  facet normal 0.970656 -0.240471 0
    outer loop
      vertex 26.2516 6.30764 0
      vertex 26.2442 6.27777 0.45
      vertex 26.2442 6.27777 0
    endloop
  endfacet
  facet normal 0.956009 -0.293336 0
    outer loop
      vertex 26.2516 6.30764 0.45
      vertex 26.2604 6.33632 0
      vertex 26.2604 6.33632 0.45
    endloop
  endfacet
  facet normal 0.956009 -0.293336 0
    outer loop
      vertex 26.2604 6.33632 0
      vertex 26.2516 6.30764 0.45
      vertex 26.2516 6.30764 0
    endloop
  endfacet
  facet normal 0.940072 -0.340976 0
    outer loop
      vertex 26.2604 6.33632 0.45
      vertex 26.2704 6.36389 0
      vertex 26.2704 6.36389 0.45
    endloop
  endfacet
  facet normal 0.940072 -0.340976 0
    outer loop
      vertex 26.2704 6.36389 0
      vertex 26.2604 6.33632 0.45
      vertex 26.2604 6.33632 0
    endloop
  endfacet
  facet normal 0.923796 -0.382885 0
    outer loop
      vertex 26.2704 6.36389 0.45
      vertex 26.2814 6.39043 0
      vertex 26.2814 6.39043 0.45
    endloop
  endfacet
  facet normal 0.923796 -0.382885 0
    outer loop
      vertex 26.2814 6.39043 0
      vertex 26.2704 6.36389 0.45
      vertex 26.2704 6.36389 0
    endloop
  endfacet
  facet normal 0.903449 -0.428695 0
    outer loop
      vertex 26.2814 6.39043 0.45
      vertex 26.2935 6.41593 0
      vertex 26.2935 6.41593 0.45
    endloop
  endfacet
  facet normal 0.903449 -0.428695 0
    outer loop
      vertex 26.2935 6.41593 0
      vertex 26.2814 6.39043 0.45
      vertex 26.2814 6.39043 0
    endloop
  endfacet
  facet normal 0.880032 -0.474915 0
    outer loop
      vertex 26.2935 6.41593 0.45
      vertex 26.3067 6.44039 0
      vertex 26.3067 6.44039 0.45
    endloop
  endfacet
  facet normal 0.880032 -0.474915 0
    outer loop
      vertex 26.3067 6.44039 0
      vertex 26.2935 6.41593 0.45
      vertex 26.2935 6.41593 0
    endloop
  endfacet
  facet normal 0.85348 -0.521126 0
    outer loop
      vertex 26.3067 6.44039 0.45
      vertex 26.321 6.46381 0
      vertex 26.321 6.46381 0.45
    endloop
  endfacet
  facet normal 0.85348 -0.521126 0
    outer loop
      vertex 26.321 6.46381 0
      vertex 26.3067 6.44039 0.45
      vertex 26.3067 6.44039 0
    endloop
  endfacet
  facet normal 0.825524 -0.564367 0
    outer loop
      vertex 26.321 6.46381 0.45
      vertex 26.3363 6.48619 0
      vertex 26.3363 6.48619 0.45
    endloop
  endfacet
  facet normal 0.825524 -0.564367 0
    outer loop
      vertex 26.3363 6.48619 0
      vertex 26.321 6.46381 0.45
      vertex 26.321 6.46381 0
    endloop
  endfacet
  facet normal 0.791244 -0.6115 0
    outer loop
      vertex 26.3363 6.48619 0.45
      vertex 26.3528 6.50754 0
      vertex 26.3528 6.50754 0.45
    endloop
  endfacet
  facet normal 0.791244 -0.6115 0
    outer loop
      vertex 26.3528 6.50754 0
      vertex 26.3363 6.48619 0.45
      vertex 26.3363 6.48619 0
    endloop
  endfacet
  facet normal 0.760834 -0.648947 0
    outer loop
      vertex 26.3528 6.50754 0.45
      vertex 26.3702 6.52794 0
      vertex 26.3702 6.52794 0.45
    endloop
  endfacet
  facet normal 0.760834 -0.648947 0
    outer loop
      vertex 26.3702 6.52794 0
      vertex 26.3528 6.50754 0.45
      vertex 26.3528 6.50754 0
    endloop
  endfacet
  facet normal 0.725992 -0.687703 0
    outer loop
      vertex 26.3702 6.52794 0.45
      vertex 26.3887 6.54747 0
      vertex 26.3887 6.54747 0.45
    endloop
  endfacet
  facet normal 0.725992 -0.687703 0
    outer loop
      vertex 26.3887 6.54747 0
      vertex 26.3702 6.52794 0.45
      vertex 26.3702 6.52794 0
    endloop
  endfacet
  facet normal 0.689526 -0.724261 0
    outer loop
      vertex 26.3887 6.54747 0
      vertex 26.4083 6.56613 0.45
      vertex 26.3887 6.54747 0.45
    endloop
  endfacet
  facet normal 0.689526 -0.724261 0
    outer loop
      vertex 26.4083 6.56613 0.45
      vertex 26.3887 6.54747 0
      vertex 26.4083 6.56613 0
    endloop
  endfacet
  facet normal 0.654021 -0.756476 0
    outer loop
      vertex 26.4083 6.56613 0
      vertex 26.4289 6.58394 0.45
      vertex 26.4083 6.56613 0.45
    endloop
  endfacet
  facet normal 0.654021 -0.756476 0
    outer loop
      vertex 26.4289 6.58394 0.45
      vertex 26.4083 6.56613 0
      vertex 26.4289 6.58394 0
    endloop
  endfacet
  facet normal 0.617113 -0.786874 0
    outer loop
      vertex 26.4289 6.58394 0
      vertex 26.4505 6.60088 0.45
      vertex 26.4289 6.58394 0.45
    endloop
  endfacet
  facet normal 0.617113 -0.786874 0
    outer loop
      vertex 26.4505 6.60088 0.45
      vertex 26.4289 6.58394 0
      vertex 26.4505 6.60088 0
    endloop
  endfacet
  facet normal 0.578037 -0.81601 0
    outer loop
      vertex 26.4505 6.60088 0
      vertex 26.4732 6.61696 0.45
      vertex 26.4505 6.60088 0.45
    endloop
  endfacet
  facet normal 0.578037 -0.81601 0
    outer loop
      vertex 26.4732 6.61696 0.45
      vertex 26.4505 6.60088 0
      vertex 26.4732 6.61696 0
    endloop
  endfacet
  facet normal 0.540111 -0.841594 0
    outer loop
      vertex 26.4732 6.61696 0
      vertex 26.4969 6.63217 0.45
      vertex 26.4732 6.61696 0.45
    endloop
  endfacet
  facet normal 0.540111 -0.841594 0
    outer loop
      vertex 26.4969 6.63217 0.45
      vertex 26.4732 6.61696 0
      vertex 26.4969 6.63217 0
    endloop
  endfacet
  facet normal 0.507785 -0.861484 0
    outer loop
      vertex 26.4969 6.63217 0
      vertex 26.5215 6.64667 0.45
      vertex 26.4969 6.63217 0.45
    endloop
  endfacet
  facet normal 0.507785 -0.861484 0
    outer loop
      vertex 26.5215 6.64667 0.45
      vertex 26.4969 6.63217 0
      vertex 26.5215 6.64667 0
    endloop
  endfacet
  facet normal 0.479407 -0.877593 0
    outer loop
      vertex 26.5215 6.64667 0
      vertex 26.547 6.6606 0.45
      vertex 26.5215 6.64667 0.45
    endloop
  endfacet
  facet normal 0.479407 -0.877593 0
    outer loop
      vertex 26.547 6.6606 0.45
      vertex 26.5215 6.64667 0
      vertex 26.547 6.6606 0
    endloop
  endfacet
  facet normal 0.455351 -0.890312 0
    outer loop
      vertex 26.547 6.6606 0
      vertex 26.5732 6.674 0.45
      vertex 26.547 6.6606 0.45
    endloop
  endfacet
  facet normal 0.455351 -0.890312 0
    outer loop
      vertex 26.5732 6.674 0.45
      vertex 26.547 6.6606 0
      vertex 26.5732 6.674 0
    endloop
  endfacet
  facet normal 0.426614 -0.904434 0
    outer loop
      vertex 26.5732 6.674 0
      vertex 26.6004 6.68683 0.45
      vertex 26.5732 6.674 0.45
    endloop
  endfacet
  facet normal 0.426614 -0.904434 0
    outer loop
      vertex 26.6004 6.68683 0.45
      vertex 26.5732 6.674 0
      vertex 26.6004 6.68683 0
    endloop
  endfacet
  facet normal 0.402849 -0.915267 0
    outer loop
      vertex 26.6004 6.68683 0
      vertex 26.6283 6.69911 0.45
      vertex 26.6004 6.68683 0.45
    endloop
  endfacet
  facet normal 0.402849 -0.915267 0
    outer loop
      vertex 26.6283 6.69911 0.45
      vertex 26.6004 6.68683 0
      vertex 26.6283 6.69911 0
    endloop
  endfacet
  facet normal 0.376929 -0.926242 0
    outer loop
      vertex 26.6283 6.69911 0
      vertex 26.6571 6.71083 0.45
      vertex 26.6283 6.69911 0.45
    endloop
  endfacet
  facet normal 0.376929 -0.926242 0
    outer loop
      vertex 26.6571 6.71083 0.45
      vertex 26.6283 6.69911 0
      vertex 26.6571 6.71083 0
    endloop
  endfacet
  facet normal 0.353062 -0.9356 0
    outer loop
      vertex 26.6571 6.71083 0
      vertex 26.6867 6.722 0.45
      vertex 26.6571 6.71083 0.45
    endloop
  endfacet
  facet normal 0.353062 -0.9356 0
    outer loop
      vertex 26.6867 6.722 0.45
      vertex 26.6571 6.71083 0
      vertex 26.6867 6.722 0
    endloop
  endfacet
  facet normal 0.32302 -0.946392 0
    outer loop
      vertex 26.6867 6.722 0
      vertex 26.7201 6.7334 0.45
      vertex 26.6867 6.722 0.45
    endloop
  endfacet
  facet normal 0.32302 -0.946392 0
    outer loop
      vertex 26.7201 6.7334 0.45
      vertex 26.6867 6.722 0
      vertex 26.7201 6.7334 0
    endloop
  endfacet
  facet normal 0.295881 -0.955225 0
    outer loop
      vertex 26.7201 6.7334 0
      vertex 26.7601 6.74579 0.45
      vertex 26.7201 6.7334 0.45
    endloop
  endfacet
  facet normal 0.295881 -0.955225 0
    outer loop
      vertex 26.7601 6.74579 0.45
      vertex 26.7201 6.7334 0
      vertex 26.7601 6.74579 0
    endloop
  endfacet
  facet normal 0.276546 -0.961001 0
    outer loop
      vertex 26.7601 6.74579 0
      vertex 26.8067 6.7592 0.45
      vertex 26.7601 6.74579 0.45
    endloop
  endfacet
  facet normal 0.276546 -0.961001 0
    outer loop
      vertex 26.8067 6.7592 0.45
      vertex 26.7601 6.74579 0
      vertex 26.8067 6.7592 0
    endloop
  endfacet
  facet normal 0.260987 -0.965342 0
    outer loop
      vertex 26.8067 6.7592 0
      vertex 26.86 6.77361 0.45
      vertex 26.8067 6.7592 0.45
    endloop
  endfacet
  facet normal 0.260987 -0.965342 0
    outer loop
      vertex 26.86 6.77361 0.45
      vertex 26.8067 6.7592 0
      vertex 26.86 6.77361 0
    endloop
  endfacet
  facet normal 0.249149 -0.968465 0
    outer loop
      vertex 26.86 6.77361 0
      vertex 26.9199 6.78902 0.45
      vertex 26.86 6.77361 0.45
    endloop
  endfacet
  facet normal 0.249149 -0.968465 0
    outer loop
      vertex 26.9199 6.78902 0.45
      vertex 26.86 6.77361 0
      vertex 26.9199 6.78902 0
    endloop
  endfacet
  facet normal 0.239379 -0.970926 0
    outer loop
      vertex 26.9199 6.78902 0
      vertex 26.9865 6.80544 0.45
      vertex 26.9199 6.78902 0.45
    endloop
  endfacet
  facet normal 0.239379 -0.970926 0
    outer loop
      vertex 26.9865 6.80544 0.45
      vertex 26.9199 6.78902 0
      vertex 26.9865 6.80544 0
    endloop
  endfacet
  facet normal 0.231387 -0.972862 0
    outer loop
      vertex 26.9865 6.80544 0
      vertex 27.0597 6.82285 0.45
      vertex 26.9865 6.80544 0.45
    endloop
  endfacet
  facet normal 0.231387 -0.972862 0
    outer loop
      vertex 27.0597 6.82285 0.45
      vertex 26.9865 6.80544 0
      vertex 27.0597 6.82285 0
    endloop
  endfacet
  facet normal 0.203122 -0.979153 0
    outer loop
      vertex 27.0597 6.82285 0
      vertex 27.1443 6.8404 0.45
      vertex 27.0597 6.82285 0.45
    endloop
  endfacet
  facet normal 0.203122 -0.979153 0
    outer loop
      vertex 27.1443 6.8404 0.45
      vertex 27.0597 6.82285 0
      vertex 27.1443 6.8404 0
    endloop
  endfacet
  facet normal 0.214789 -0.976661 0
    outer loop
      vertex 27.1443 6.8404 0
      vertex 27.2206 6.85718 0.45
      vertex 27.1443 6.8404 0.45
    endloop
  endfacet
  facet normal 0.214789 -0.976661 0
    outer loop
      vertex 27.2206 6.85718 0.45
      vertex 27.1443 6.8404 0
      vertex 27.2206 6.85718 0
    endloop
  endfacet
  facet normal 0.229262 -0.973365 0
    outer loop
      vertex 27.2206 6.85718 0
      vertex 27.2887 6.87322 0.45
      vertex 27.2206 6.85718 0.45
    endloop
  endfacet
  facet normal 0.229262 -0.973365 0
    outer loop
      vertex 27.2887 6.87322 0.45
      vertex 27.2206 6.85718 0
      vertex 27.2887 6.87322 0
    endloop
  endfacet
  facet normal 0.246486 -0.969146 0
    outer loop
      vertex 27.2887 6.87322 0
      vertex 27.3487 6.88848 0.45
      vertex 27.2887 6.87322 0.45
    endloop
  endfacet
  facet normal 0.246486 -0.969146 0
    outer loop
      vertex 27.3487 6.88848 0.45
      vertex 27.2887 6.87322 0
      vertex 27.3487 6.88848 0
    endloop
  endfacet
  facet normal 0.269872 -0.962896 0
    outer loop
      vertex 27.3487 6.88848 0
      vertex 27.4004 6.90297 0.45
      vertex 27.3487 6.88848 0.45
    endloop
  endfacet
  facet normal 0.269872 -0.962896 0
    outer loop
      vertex 27.4004 6.90297 0.45
      vertex 27.3487 6.88848 0
      vertex 27.4004 6.90297 0
    endloop
  endfacet
  facet normal 0.300566 -0.953761 0
    outer loop
      vertex 27.4004 6.90297 0
      vertex 27.444 6.91671 0.45
      vertex 27.4004 6.90297 0.45
    endloop
  endfacet
  facet normal 0.300566 -0.953761 0
    outer loop
      vertex 27.444 6.91671 0.45
      vertex 27.4004 6.90297 0
      vertex 27.444 6.91671 0
    endloop
  endfacet
  facet normal 0.34488 -0.938647 0
    outer loop
      vertex 27.444 6.91671 0
      vertex 27.4793 6.92968 0.45
      vertex 27.444 6.91671 0.45
    endloop
  endfacet
  facet normal 0.34488 -0.938647 0
    outer loop
      vertex 27.4793 6.92968 0.45
      vertex 27.444 6.91671 0
      vertex 27.4793 6.92968 0
    endloop
  endfacet
  facet normal 0.396413 -0.918072 0
    outer loop
      vertex 27.4793 6.92968 0
      vertex 27.5095 6.94272 0.45
      vertex 27.4793 6.92968 0.45
    endloop
  endfacet
  facet normal 0.396413 -0.918072 0
    outer loop
      vertex 27.5095 6.94272 0.45
      vertex 27.4793 6.92968 0
      vertex 27.5095 6.94272 0
    endloop
  endfacet
  facet normal 0.442135 -0.896948 0
    outer loop
      vertex 27.5095 6.94272 0
      vertex 27.5378 6.95667 0.45
      vertex 27.5095 6.94272 0.45
    endloop
  endfacet
  facet normal 0.442135 -0.896948 0
    outer loop
      vertex 27.5378 6.95667 0.45
      vertex 27.5095 6.94272 0
      vertex 27.5378 6.95667 0
    endloop
  endfacet
  facet normal 0.492845 -0.870117 0
    outer loop
      vertex 27.5378 6.95667 0
      vertex 27.564 6.97151 0.45
      vertex 27.5378 6.95667 0.45
    endloop
  endfacet
  facet normal 0.492845 -0.870117 0
    outer loop
      vertex 27.564 6.97151 0.45
      vertex 27.5378 6.95667 0
      vertex 27.564 6.97151 0
    endloop
  endfacet
  facet normal 0.545232 -0.838285 0
    outer loop
      vertex 27.564 6.97151 0
      vertex 27.5882 6.98725 0.45
      vertex 27.564 6.97151 0.45
    endloop
  endfacet
  facet normal 0.545232 -0.838285 0
    outer loop
      vertex 27.5882 6.98725 0.45
      vertex 27.564 6.97151 0
      vertex 27.5882 6.98725 0
    endloop
  endfacet
  facet normal 0.599769 -0.800173 0
    outer loop
      vertex 27.5882 6.98725 0
      vertex 27.6104 7.00389 0.45
      vertex 27.5882 6.98725 0.45
    endloop
  endfacet
  facet normal 0.599769 -0.800173 0
    outer loop
      vertex 27.6104 7.00389 0.45
      vertex 27.5882 6.98725 0
      vertex 27.6104 7.00389 0
    endloop
  endfacet
  facet normal 0.655855 -0.754887 0
    outer loop
      vertex 27.6104 7.00389 0
      vertex 27.6306 7.02144 0.45
      vertex 27.6104 7.00389 0.45
    endloop
  endfacet
  facet normal 0.655855 -0.754887 0
    outer loop
      vertex 27.6306 7.02144 0.45
      vertex 27.6104 7.00389 0
      vertex 27.6306 7.02144 0
    endloop
  endfacet
  facet normal 0.711533 -0.702653 0
    outer loop
      vertex 27.6306 7.02144 0.45
      vertex 27.6488 7.03987 0
      vertex 27.6488 7.03987 0.45
    endloop
  endfacet
  facet normal 0.711533 -0.702653 0
    outer loop
      vertex 27.6488 7.03987 0
      vertex 27.6306 7.02144 0.45
      vertex 27.6306 7.02144 0
    endloop
  endfacet
  facet normal 0.775135 -0.631796 0
    outer loop
      vertex 27.6488 7.03987 0.45
      vertex 27.6648 7.0595 0
      vertex 27.6648 7.0595 0.45
    endloop
  endfacet
  facet normal 0.775135 -0.631796 0
    outer loop
      vertex 27.6648 7.0595 0
      vertex 27.6488 7.03987 0.45
      vertex 27.6488 7.03987 0
    endloop
  endfacet
  facet normal 0.841763 -0.539848 0
    outer loop
      vertex 27.6648 7.0595 0.45
      vertex 27.6783 7.08055 0
      vertex 27.6783 7.08055 0.45
    endloop
  endfacet
  facet normal 0.841763 -0.539848 0
    outer loop
      vertex 27.6783 7.08055 0
      vertex 27.6648 7.0595 0.45
      vertex 27.6648 7.0595 0
    endloop
  endfacet
  facet normal 0.89704 -0.44195 0
    outer loop
      vertex 27.6783 7.08055 0.45
      vertex 27.6894 7.10308 0
      vertex 27.6894 7.10308 0.45
    endloop
  endfacet
  facet normal 0.89704 -0.44195 0
    outer loop
      vertex 27.6894 7.10308 0
      vertex 27.6783 7.08055 0.45
      vertex 27.6783 7.08055 0
    endloop
  endfacet
  facet normal 0.941297 -0.337579 0
    outer loop
      vertex 27.6894 7.10308 0.45
      vertex 27.698 7.12706 0
      vertex 27.698 7.12706 0.45
    endloop
  endfacet
  facet normal 0.941297 -0.337579 0
    outer loop
      vertex 27.698 7.12706 0
      vertex 27.6894 7.10308 0.45
      vertex 27.6894 7.10308 0
    endloop
  endfacet
  facet normal 0.972394 -0.233344 0
    outer loop
      vertex 27.698 7.12706 0.45
      vertex 27.7041 7.15248 0
      vertex 27.7041 7.15248 0.45
    endloop
  endfacet
  facet normal 0.972394 -0.233344 0
    outer loop
      vertex 27.7041 7.15248 0
      vertex 27.698 7.12706 0.45
      vertex 27.698 7.12706 0
    endloop
  endfacet
  facet normal 0.990666 -0.136313 0
    outer loop
      vertex 27.7041 7.15248 0.45
      vertex 27.7078 7.17937 0
      vertex 27.7078 7.17937 0.45
    endloop
  endfacet
  facet normal 0.990666 -0.136313 0
    outer loop
      vertex 27.7078 7.17937 0
      vertex 27.7041 7.15248 0.45
      vertex 27.7041 7.15248 0
    endloop
  endfacet
  facet normal 0.999105 -0.0423051 0
    outer loop
      vertex 27.7078 7.17937 0.45
      vertex 27.709 7.20771 0
      vertex 27.709 7.20771 0.45
    endloop
  endfacet
  facet normal 0.999105 -0.0423051 0
    outer loop
      vertex 27.709 7.20771 0
      vertex 27.7078 7.17937 0.45
      vertex 27.7078 7.17937 0
    endloop
  endfacet
  facet normal 0.992089 0.125536 0
    outer loop
      vertex 27.709 7.20771 0.45
      vertex 27.6983 7.29227 0
      vertex 27.6983 7.29227 0.45
    endloop
  endfacet
  facet normal 0.992089 0.125536 0
    outer loop
      vertex 27.6983 7.29227 0
      vertex 27.709 7.20771 0.45
      vertex 27.709 7.20771 0
    endloop
  endfacet
  facet normal 0.912862 0.408268 0
    outer loop
      vertex 27.6983 7.29227 0.45
      vertex 27.6663 7.36382 0
      vertex 27.6663 7.36382 0.45
    endloop
  endfacet
  facet normal 0.912862 0.408268 0
    outer loop
      vertex 27.6663 7.36382 0
      vertex 27.6983 7.29227 0.45
      vertex 27.6983 7.29227 0
    endloop
  endfacet
  facet normal 0.738111 0.674679 0
    outer loop
      vertex 27.6663 7.36382 0.45
      vertex 27.6128 7.42235 0
      vertex 27.6128 7.42235 0.45
    endloop
  endfacet
  facet normal 0.738111 0.674679 0
    outer loop
      vertex 27.6128 7.42235 0
      vertex 27.6663 7.36382 0.45
      vertex 27.6663 7.36382 0
    endloop
  endfacet
  facet normal 0.519943 0.854201 -0
    outer loop
      vertex 27.6128 7.42235 0
      vertex 27.538 7.46788 0.45
      vertex 27.6128 7.42235 0.45
    endloop
  endfacet
  facet normal 0.519943 0.854201 0
    outer loop
      vertex 27.538 7.46788 0.45
      vertex 27.6128 7.42235 0
      vertex 27.538 7.46788 0
    endloop
  endfacet
  facet normal 0.320331 0.947306 -0
    outer loop
      vertex 27.538 7.46788 0
      vertex 27.4418 7.50041 0.45
      vertex 27.538 7.46788 0.45
    endloop
  endfacet
  facet normal 0.320331 0.947306 0
    outer loop
      vertex 27.4418 7.50041 0.45
      vertex 27.538 7.46788 0
      vertex 27.4418 7.50041 0
    endloop
  endfacet
  facet normal 0.163746 0.986503 -0
    outer loop
      vertex 27.4418 7.50041 0
      vertex 27.3242 7.51993 0.45
      vertex 27.4418 7.50041 0.45
    endloop
  endfacet
  facet normal 0.163746 0.986503 0
    outer loop
      vertex 27.3242 7.51993 0.45
      vertex 27.4418 7.50041 0
      vertex 27.3242 7.51993 0
    endloop
  endfacet
  facet normal 0.0467115 0.998908 -0
    outer loop
      vertex 27.3242 7.51993 0
      vertex 27.1852 7.52643 0.45
      vertex 27.3242 7.51993 0.45
    endloop
  endfacet
  facet normal 0.0467115 0.998908 0
    outer loop
      vertex 27.1852 7.52643 0.45
      vertex 27.3242 7.51993 0
      vertex 27.1852 7.52643 0
    endloop
  endfacet
  facet normal -0.0249922 0.999688 0
    outer loop
      vertex 27.1852 7.52643 0
      vertex 27.1152 7.52468 0.45
      vertex 27.1852 7.52643 0.45
    endloop
  endfacet
  facet normal -0.0249922 0.999688 0
    outer loop
      vertex 27.1152 7.52468 0.45
      vertex 27.1852 7.52643 0
      vertex 27.1152 7.52468 0
    endloop
  endfacet
  facet normal -0.0798664 0.996806 0
    outer loop
      vertex 27.1152 7.52468 0
      vertex 27.0498 7.51944 0.45
      vertex 27.1152 7.52468 0.45
    endloop
  endfacet
  facet normal -0.0798664 0.996806 0
    outer loop
      vertex 27.0498 7.51944 0.45
      vertex 27.1152 7.52468 0
      vertex 27.0498 7.51944 0
    endloop
  endfacet
  facet normal -0.141899 0.989881 0
    outer loop
      vertex 27.0498 7.51944 0
      vertex 26.9889 7.51071 0.45
      vertex 27.0498 7.51944 0.45
    endloop
  endfacet
  facet normal -0.141899 0.989881 0
    outer loop
      vertex 26.9889 7.51071 0.45
      vertex 27.0498 7.51944 0
      vertex 26.9889 7.51071 0
    endloop
  endfacet
  facet normal -0.211919 0.977287 0
    outer loop
      vertex 26.9889 7.51071 0
      vertex 26.9325 7.49848 0.45
      vertex 26.9889 7.51071 0.45
    endloop
  endfacet
  facet normal -0.211919 0.977287 0
    outer loop
      vertex 26.9325 7.49848 0.45
      vertex 26.9889 7.51071 0
      vertex 26.9325 7.49848 0
    endloop
  endfacet
  facet normal -0.289374 0.957216 0
    outer loop
      vertex 26.9325 7.49848 0
      vertex 26.8805 7.48276 0.45
      vertex 26.9325 7.49848 0.45
    endloop
  endfacet
  facet normal -0.289374 0.957216 0
    outer loop
      vertex 26.8805 7.48276 0.45
      vertex 26.9325 7.49848 0
      vertex 26.8805 7.48276 0
    endloop
  endfacet
  facet normal -0.375937 0.926645 0
    outer loop
      vertex 26.8805 7.48276 0
      vertex 26.8331 7.46353 0.45
      vertex 26.8805 7.48276 0.45
    endloop
  endfacet
  facet normal -0.375937 0.926645 0
    outer loop
      vertex 26.8331 7.46353 0.45
      vertex 26.8805 7.48276 0
      vertex 26.8331 7.46353 0
    endloop
  endfacet
  facet normal -0.466848 0.884338 0
    outer loop
      vertex 26.8331 7.46353 0
      vertex 26.7901 7.44083 0.45
      vertex 26.8331 7.46353 0.45
    endloop
  endfacet
  facet normal -0.466848 0.884338 0
    outer loop
      vertex 26.7901 7.44083 0.45
      vertex 26.8331 7.46353 0
      vertex 26.7901 7.44083 0
    endloop
  endfacet
  facet normal -0.566438 0.824104 0
    outer loop
      vertex 26.7901 7.44083 0
      vertex 26.7514 7.41423 0.45
      vertex 26.7901 7.44083 0.45
    endloop
  endfacet
  facet normal -0.566438 0.824104 0
    outer loop
      vertex 26.7514 7.41423 0.45
      vertex 26.7901 7.44083 0
      vertex 26.7514 7.41423 0
    endloop
  endfacet
  facet normal -0.66099 0.750394 0
    outer loop
      vertex 26.7514 7.41423 0
      vertex 26.7164 7.3834 0.45
      vertex 26.7514 7.41423 0.45
    endloop
  endfacet
  facet normal -0.66099 0.750394 0
    outer loop
      vertex 26.7164 7.3834 0.45
      vertex 26.7514 7.41423 0
      vertex 26.7164 7.3834 0
    endloop
  endfacet
  facet normal -0.747597 0.664152 0
    outer loop
      vertex 26.6852 7.34828 0
      vertex 26.7164 7.3834 0.45
      vertex 26.7164 7.3834 0
    endloop
  endfacet
  facet normal -0.747597 0.664152 0
    outer loop
      vertex 26.7164 7.3834 0.45
      vertex 26.6852 7.34828 0
      vertex 26.6852 7.34828 0.45
    endloop
  endfacet
  facet normal -0.821628 0.570024 0
    outer loop
      vertex 26.6579 7.30893 0
      vertex 26.6852 7.34828 0.45
      vertex 26.6852 7.34828 0
    endloop
  endfacet
  facet normal -0.821628 0.570024 0
    outer loop
      vertex 26.6852 7.34828 0.45
      vertex 26.6579 7.30893 0
      vertex 26.6579 7.30893 0.45
    endloop
  endfacet
  facet normal -0.879478 0.475939 0
    outer loop
      vertex 26.6343 7.26532 0
      vertex 26.6579 7.30893 0.45
      vertex 26.6579 7.30893 0
    endloop
  endfacet
  facet normal -0.879478 0.475939 0
    outer loop
      vertex 26.6579 7.30893 0.45
      vertex 26.6343 7.26532 0
      vertex 26.6343 7.26532 0.45
    endloop
  endfacet
  facet normal -0.924045 0.382284 0
    outer loop
      vertex 26.6145 7.21746 0
      vertex 26.6343 7.26532 0.45
      vertex 26.6343 7.26532 0
    endloop
  endfacet
  facet normal -0.924045 0.382284 0
    outer loop
      vertex 26.6343 7.26532 0.45
      vertex 26.6145 7.21746 0
      vertex 26.6145 7.21746 0.45
    endloop
  endfacet
  facet normal -0.956498 0.291738 0
    outer loop
      vertex 26.5986 7.16533 0
      vertex 26.6145 7.21746 0.45
      vertex 26.6145 7.21746 0
    endloop
  endfacet
  facet normal -0.956498 0.291738 0
    outer loop
      vertex 26.6145 7.21746 0.45
      vertex 26.5986 7.16533 0
      vertex 26.5986 7.16533 0.45
    endloop
  endfacet
  facet normal 0.162683 0.986678 -0
    outer loop
      vertex 26.5986 7.16533 0
      vertex 26.1154 7.245 0.45
      vertex 26.5986 7.16533 0.45
    endloop
  endfacet
  facet normal 0.162683 0.986678 0
    outer loop
      vertex 26.1154 7.245 0.45
      vertex 26.5986 7.16533 0
      vertex 26.1154 7.245 0
    endloop
  endfacet
  facet normal 0.964024 -0.265814 0
    outer loop
      vertex 26.1154 7.245 0.45
      vertex 26.1405 7.33603 0
      vertex 26.1405 7.33603 0.45
    endloop
  endfacet
  facet normal 0.964024 -0.265814 0
    outer loop
      vertex 26.1405 7.33603 0
      vertex 26.1154 7.245 0.45
      vertex 26.1154 7.245 0
    endloop
  endfacet
  facet normal 0.931753 -0.363093 0
    outer loop
      vertex 26.1405 7.33603 0.45
      vertex 26.1733 7.4202 0
      vertex 26.1733 7.4202 0.45
    endloop
  endfacet
  facet normal 0.931753 -0.363093 0
    outer loop
      vertex 26.1733 7.4202 0
      vertex 26.1405 7.33603 0.45
      vertex 26.1405 7.33603 0
    endloop
  endfacet
  facet normal 0.886801 -0.462151 0
    outer loop
      vertex 26.1733 7.4202 0.45
      vertex 26.2136 7.49753 0
      vertex 26.2136 7.49753 0.45
    endloop
  endfacet
  facet normal 0.886801 -0.462151 0
    outer loop
      vertex 26.2136 7.49753 0
      vertex 26.1733 7.4202 0.45
      vertex 26.1733 7.4202 0
    endloop
  endfacet
  facet normal 0.826525 -0.5629 0
    outer loop
      vertex 26.2136 7.49753 0.45
      vertex 26.2616 7.56801 0
      vertex 26.2616 7.56801 0.45
    endloop
  endfacet
  facet normal 0.826525 -0.5629 0
    outer loop
      vertex 26.2616 7.56801 0
      vertex 26.2136 7.49753 0.45
      vertex 26.2136 7.49753 0
    endloop
  endfacet
  facet normal 0.753559 -0.65738 0
    outer loop
      vertex 26.2616 7.56801 0.45
      vertex 26.3171 7.63163 0
      vertex 26.3171 7.63163 0.45
    endloop
  endfacet
  facet normal 0.753559 -0.65738 0
    outer loop
      vertex 26.3171 7.63163 0
      vertex 26.2616 7.56801 0.45
      vertex 26.2616 7.56801 0
    endloop
  endfacet
  facet normal 0.668249 -0.743938 0
    outer loop
      vertex 26.3171 7.63163 0
      vertex 26.3803 7.6884 0.45
      vertex 26.3171 7.63163 0.45
    endloop
  endfacet
  facet normal 0.668249 -0.743938 0
    outer loop
      vertex 26.3803 7.6884 0.45
      vertex 26.3171 7.63163 0
      vertex 26.3803 7.6884 0
    endloop
  endfacet
  facet normal 0.576325 -0.81722 0
    outer loop
      vertex 26.3803 7.6884 0
      vertex 26.4511 7.73833 0.45
      vertex 26.3803 7.6884 0.45
    endloop
  endfacet
  facet normal 0.576325 -0.81722 0
    outer loop
      vertex 26.4511 7.73833 0.45
      vertex 26.3803 7.6884 0
      vertex 26.4511 7.73833 0
    endloop
  endfacet
  facet normal 0.481491 -0.876451 0
    outer loop
      vertex 26.4511 7.73833 0
      vertex 26.5297 7.78151 0.45
      vertex 26.4511 7.73833 0.45
    endloop
  endfacet
  facet normal 0.481491 -0.876451 0
    outer loop
      vertex 26.5297 7.78151 0.45
      vertex 26.4511 7.73833 0
      vertex 26.5297 7.78151 0
    endloop
  endfacet
  facet normal 0.3879 -0.921701 0
    outer loop
      vertex 26.5297 7.78151 0
      vertex 26.6165 7.81804 0.45
      vertex 26.5297 7.78151 0.45
    endloop
  endfacet
  facet normal 0.3879 -0.921701 0
    outer loop
      vertex 26.6165 7.81804 0.45
      vertex 26.5297 7.78151 0
      vertex 26.6165 7.81804 0
    endloop
  endfacet
  facet normal 0.300703 -0.953718 0
    outer loop
      vertex 26.6165 7.81804 0
      vertex 26.7113 7.84793 0.45
      vertex 26.6165 7.81804 0.45
    endloop
  endfacet
  facet normal 0.300703 -0.953718 0
    outer loop
      vertex 26.7113 7.84793 0.45
      vertex 26.6165 7.81804 0
      vertex 26.7113 7.84793 0
    endloop
  endfacet
  facet normal 0.220482 -0.975391 0
    outer loop
      vertex 26.7113 7.84793 0
      vertex 26.8142 7.87119 0.45
      vertex 26.7113 7.84793 0.45
    endloop
  endfacet
  facet normal 0.220482 -0.975391 0
    outer loop
      vertex 26.8142 7.87119 0.45
      vertex 26.7113 7.84793 0
      vertex 26.8142 7.87119 0
    endloop
  endfacet
  facet normal 0.147775 -0.989021 0
    outer loop
      vertex 26.8142 7.87119 0
      vertex 26.9253 7.88779 0.45
      vertex 26.8142 7.87119 0.45
    endloop
  endfacet
  facet normal 0.147775 -0.989021 0
    outer loop
      vertex 26.9253 7.88779 0.45
      vertex 26.8142 7.87119 0
      vertex 26.9253 7.88779 0
    endloop
  endfacet
  facet normal 0.0833363 -0.996521 0
    outer loop
      vertex 26.9253 7.88779 0
      vertex 27.0444 7.89775 0.45
      vertex 26.9253 7.88779 0.45
    endloop
  endfacet
  facet normal 0.0833363 -0.996521 0
    outer loop
      vertex 27.0444 7.89775 0.45
      vertex 26.9253 7.88779 0
      vertex 27.0444 7.89775 0
    endloop
  endfacet
  facet normal 0.0261703 -0.999657 0
    outer loop
      vertex 27.0444 7.89775 0
      vertex 27.1716 7.90108 0.45
      vertex 27.0444 7.89775 0.45
    endloop
  endfacet
  facet normal 0.0261703 -0.999657 0
    outer loop
      vertex 27.1716 7.90108 0.45
      vertex 27.0444 7.89775 0
      vertex 27.1716 7.90108 0
    endloop
  endfacet
  facet normal -0.0272038 -0.99963 0
    outer loop
      vertex 27.1716 7.90108 0
      vertex 27.3105 7.8973 0.45
      vertex 27.1716 7.90108 0.45
    endloop
  endfacet
  facet normal -0.0272038 -0.99963 -0
    outer loop
      vertex 27.3105 7.8973 0.45
      vertex 27.1716 7.90108 0
      vertex 27.3105 7.8973 0
    endloop
  endfacet
  facet normal -0.0877992 -0.996138 0
    outer loop
      vertex 36.5409 7.8973 0
      vertex 36.6699 7.88593 0.45
      vertex 36.5409 7.8973 0.45
    endloop
  endfacet
  facet normal -0.0877992 -0.996138 -0
    outer loop
      vertex 36.6699 7.88593 0.45
      vertex 36.5409 7.8973 0
      vertex 36.6699 7.88593 0
    endloop
  endfacet
  facet normal -0.157181 -0.98757 0
    outer loop
      vertex 36.6699 7.88593 0
      vertex 36.7889 7.86699 0.45
      vertex 36.6699 7.88593 0.45
    endloop
  endfacet
  facet normal -0.157181 -0.98757 -0
    outer loop
      vertex 36.7889 7.86699 0.45
      vertex 36.6699 7.88593 0
      vertex 36.7889 7.86699 0
    endloop
  endfacet
  facet normal -0.236202 -0.971704 0
    outer loop
      vertex 36.7889 7.86699 0
      vertex 36.898 7.84047 0.45
      vertex 36.7889 7.86699 0.45
    endloop
  endfacet
  facet normal -0.236202 -0.971704 -0
    outer loop
      vertex 36.898 7.84047 0.45
      vertex 36.7889 7.86699 0
      vertex 36.898 7.84047 0
    endloop
  endfacet
  facet normal -0.32508 -0.945687 0
    outer loop
      vertex 36.898 7.84047 0
      vertex 36.9972 7.80637 0.45
      vertex 36.898 7.84047 0.45
    endloop
  endfacet
  facet normal -0.32508 -0.945687 -0
    outer loop
      vertex 36.9972 7.80637 0.45
      vertex 36.898 7.84047 0
      vertex 36.9972 7.80637 0
    endloop
  endfacet
  facet normal -0.423247 -0.906014 0
    outer loop
      vertex 36.9972 7.80637 0
      vertex 37.0864 7.7647 0.45
      vertex 36.9972 7.80637 0.45
    endloop
  endfacet
  facet normal -0.423247 -0.906014 -0
    outer loop
      vertex 37.0864 7.7647 0.45
      vertex 36.9972 7.80637 0
      vertex 37.0864 7.7647 0
    endloop
  endfacet
  facet normal -0.527032 -0.849845 0
    outer loop
      vertex 37.0864 7.7647 0
      vertex 37.1658 7.71546 0.45
      vertex 37.0864 7.7647 0.45
    endloop
  endfacet
  facet normal -0.527032 -0.849845 -0
    outer loop
      vertex 37.1658 7.71546 0.45
      vertex 37.0864 7.7647 0
      vertex 37.1658 7.71546 0
    endloop
  endfacet
  facet normal -0.632938 -0.774202 0
    outer loop
      vertex 37.1658 7.71546 0
      vertex 37.2348 7.65905 0.45
      vertex 37.1658 7.71546 0.45
    endloop
  endfacet
  facet normal -0.632938 -0.774202 -0
    outer loop
      vertex 37.2348 7.65905 0.45
      vertex 37.1658 7.71546 0
      vertex 37.2348 7.65905 0
    endloop
  endfacet
  facet normal -0.73434 -0.678782 0
    outer loop
      vertex 37.2932 7.59587 0
      vertex 37.2348 7.65905 0.45
      vertex 37.2348 7.65905 0
    endloop
  endfacet
  facet normal -0.73434 -0.678782 0
    outer loop
      vertex 37.2348 7.65905 0.45
      vertex 37.2932 7.59587 0
      vertex 37.2932 7.59587 0.45
    endloop
  endfacet
  facet normal -0.825452 -0.564472 0
    outer loop
      vertex 37.341 7.52597 0
      vertex 37.2932 7.59587 0.45
      vertex 37.2932 7.59587 0
    endloop
  endfacet
  facet normal -0.825452 -0.564472 0
    outer loop
      vertex 37.2932 7.59587 0.45
      vertex 37.341 7.52597 0
      vertex 37.341 7.52597 0.45
    endloop
  endfacet
  facet normal -0.899669 -0.436573 0
    outer loop
      vertex 37.3782 7.44931 0
      vertex 37.341 7.52597 0.45
      vertex 37.341 7.52597 0
    endloop
  endfacet
  facet normal -0.899669 -0.436573 0
    outer loop
      vertex 37.341 7.52597 0.45
      vertex 37.3782 7.44931 0
      vertex 37.3782 7.44931 0.45
    endloop
  endfacet
  facet normal -0.952705 -0.303897 0
    outer loop
      vertex 37.4048 7.36592 0
      vertex 37.3782 7.44931 0.45
      vertex 37.3782 7.44931 0
    endloop
  endfacet
  facet normal -0.952705 -0.303897 0
    outer loop
      vertex 37.3782 7.44931 0.45
      vertex 37.4048 7.36592 0
      vertex 37.4048 7.36592 0.45
    endloop
  endfacet
  facet normal -0.9848 -0.173692 0
    outer loop
      vertex 37.4207 7.27577 0
      vertex 37.4048 7.36592 0.45
      vertex 37.4048 7.36592 0
    endloop
  endfacet
  facet normal -0.9848 -0.173692 0
    outer loop
      vertex 37.4048 7.36592 0.45
      vertex 37.4207 7.27577 0
      vertex 37.4207 7.27577 0.45
    endloop
  endfacet
  facet normal -0.998507 -0.0546196 0
    outer loop
      vertex 37.426 7.17888 0
      vertex 37.4207 7.27577 0.45
      vertex 37.4207 7.27577 0
    endloop
  endfacet
  facet normal -0.998507 -0.0546196 0
    outer loop
      vertex 37.4207 7.27577 0.45
      vertex 37.426 7.17888 0
      vertex 37.426 7.17888 0.45
    endloop
  endfacet
  facet normal -0.99977 0.0214696 0
    outer loop
      vertex 37.4251 7.13697 0
      vertex 37.426 7.17888 0.45
      vertex 37.426 7.17888 0
    endloop
  endfacet
  facet normal -0.99977 0.0214696 0
    outer loop
      vertex 37.426 7.17888 0.45
      vertex 37.4251 7.13697 0
      vertex 37.4251 7.13697 0.45
    endloop
  endfacet
  facet normal -0.997619 0.0689712 0
    outer loop
      vertex 37.4223 7.09647 0
      vertex 37.4251 7.13697 0.45
      vertex 37.4251 7.13697 0
    endloop
  endfacet
  facet normal -0.997619 0.0689712 0
    outer loop
      vertex 37.4251 7.13697 0.45
      vertex 37.4223 7.09647 0
      vertex 37.4223 7.09647 0.45
    endloop
  endfacet
  facet normal -0.992846 0.119406 0
    outer loop
      vertex 37.4176 7.05739 0
      vertex 37.4223 7.09647 0.45
      vertex 37.4223 7.09647 0
    endloop
  endfacet
  facet normal -0.992846 0.119406 0
    outer loop
      vertex 37.4223 7.09647 0.45
      vertex 37.4176 7.05739 0
      vertex 37.4176 7.05739 0.45
    endloop
  endfacet
  facet normal -0.985415 0.17017 0
    outer loop
      vertex 37.4111 7.01975 0
      vertex 37.4176 7.05739 0.45
      vertex 37.4176 7.05739 0
    endloop
  endfacet
  facet normal -0.985415 0.17017 0
    outer loop
      vertex 37.4176 7.05739 0.45
      vertex 37.4111 7.01975 0
      vertex 37.4111 7.01975 0.45
    endloop
  endfacet
  facet normal -0.973579 0.22835 0
    outer loop
      vertex 37.4026 6.98351 0
      vertex 37.4111 7.01975 0.45
      vertex 37.4111 7.01975 0
    endloop
  endfacet
  facet normal -0.973579 0.22835 0
    outer loop
      vertex 37.4111 7.01975 0.45
      vertex 37.4026 6.98351 0
      vertex 37.4026 6.98351 0.45
    endloop
  endfacet
  facet normal -0.959672 0.281122 0
    outer loop
      vertex 37.3924 6.94869 0
      vertex 37.4026 6.98351 0.45
      vertex 37.4026 6.98351 0
    endloop
  endfacet
  facet normal -0.959672 0.281122 0
    outer loop
      vertex 37.4026 6.98351 0.45
      vertex 37.3924 6.94869 0
      vertex 37.3924 6.94869 0.45
    endloop
  endfacet
  facet normal -0.9393 0.343098 0
    outer loop
      vertex 37.3802 6.91529 0
      vertex 37.3924 6.94869 0.45
      vertex 37.3924 6.94869 0
    endloop
  endfacet
  facet normal -0.9393 0.343098 0
    outer loop
      vertex 37.3924 6.94869 0.45
      vertex 37.3802 6.91529 0
      vertex 37.3802 6.91529 0.45
    endloop
  endfacet
  facet normal -0.917434 0.397889 0
    outer loop
      vertex 37.3663 6.88324 0
      vertex 37.3802 6.91529 0.45
      vertex 37.3802 6.91529 0
    endloop
  endfacet
  facet normal -0.917434 0.397889 0
    outer loop
      vertex 37.3802 6.91529 0.45
      vertex 37.3663 6.88324 0
      vertex 37.3663 6.88324 0.45
    endloop
  endfacet
  facet normal -0.892853 0.450349 0
    outer loop
      vertex 37.3508 6.85251 0
      vertex 37.3663 6.88324 0.45
      vertex 37.3663 6.88324 0
    endloop
  endfacet
  facet normal -0.892853 0.450349 0
    outer loop
      vertex 37.3663 6.88324 0.45
      vertex 37.3508 6.85251 0
      vertex 37.3508 6.85251 0.45
    endloop
  endfacet
  facet normal -0.86201 0.506892 0
    outer loop
      vertex 37.3335 6.82309 0
      vertex 37.3508 6.85251 0.45
      vertex 37.3508 6.85251 0
    endloop
  endfacet
  facet normal -0.86201 0.506892 0
    outer loop
      vertex 37.3508 6.85251 0.45
      vertex 37.3335 6.82309 0
      vertex 37.3335 6.82309 0.45
    endloop
  endfacet
  facet normal -0.82968 0.55824 0
    outer loop
      vertex 37.3146 6.795 0
      vertex 37.3335 6.82309 0.45
      vertex 37.3335 6.82309 0
    endloop
  endfacet
  facet normal -0.82968 0.55824 0
    outer loop
      vertex 37.3335 6.82309 0.45
      vertex 37.3146 6.795 0
      vertex 37.3146 6.795 0.45
    endloop
  endfacet
  facet normal -0.794055 0.607846 0
    outer loop
      vertex 37.2941 6.76822 0
      vertex 37.3146 6.795 0.45
      vertex 37.3146 6.795 0
    endloop
  endfacet
  facet normal -0.794055 0.607846 0
    outer loop
      vertex 37.3146 6.795 0.45
      vertex 37.2941 6.76822 0
      vertex 37.2941 6.76822 0.45
    endloop
  endfacet
  facet normal -0.75384 0.657058 0
    outer loop
      vertex 37.2719 6.74275 0
      vertex 37.2941 6.76822 0.45
      vertex 37.2941 6.76822 0
    endloop
  endfacet
  facet normal -0.75384 0.657058 0
    outer loop
      vertex 37.2941 6.76822 0.45
      vertex 37.2719 6.74275 0
      vertex 37.2719 6.74275 0.45
    endloop
  endfacet
  facet normal -0.710776 0.703418 0
    outer loop
      vertex 37.248 6.7186 0
      vertex 37.2719 6.74275 0.45
      vertex 37.2719 6.74275 0
    endloop
  endfacet
  facet normal -0.710776 0.703418 0
    outer loop
      vertex 37.2719 6.74275 0.45
      vertex 37.248 6.7186 0
      vertex 37.248 6.7186 0.45
    endloop
  endfacet
  facet normal -0.663542 0.748139 0
    outer loop
      vertex 37.248 6.7186 0
      vertex 37.222 6.69554 0.45
      vertex 37.248 6.7186 0.45
    endloop
  endfacet
  facet normal -0.663542 0.748139 0
    outer loop
      vertex 37.222 6.69554 0.45
      vertex 37.248 6.7186 0
      vertex 37.222 6.69554 0
    endloop
  endfacet
  facet normal -0.615204 0.788368 0
    outer loop
      vertex 37.222 6.69554 0
      vertex 37.1935 6.6733 0.45
      vertex 37.222 6.69554 0.45
    endloop
  endfacet
  facet normal -0.615204 0.788368 0
    outer loop
      vertex 37.1935 6.6733 0.45
      vertex 37.222 6.69554 0
      vertex 37.1935 6.6733 0
    endloop
  endfacet
  facet normal -0.568644 0.822584 0
    outer loop
      vertex 37.1935 6.6733 0
      vertex 37.1625 6.65187 0.45
      vertex 37.1935 6.6733 0.45
    endloop
  endfacet
  facet normal -0.568644 0.822584 0
    outer loop
      vertex 37.1625 6.65187 0.45
      vertex 37.1935 6.6733 0
      vertex 37.1625 6.65187 0
    endloop
  endfacet
  facet normal -0.523444 0.85206 0
    outer loop
      vertex 37.1625 6.65187 0
      vertex 37.129 6.63129 0.45
      vertex 37.1625 6.65187 0.45
    endloop
  endfacet
  facet normal -0.523444 0.85206 0
    outer loop
      vertex 37.129 6.63129 0.45
      vertex 37.1625 6.65187 0
      vertex 37.129 6.63129 0
    endloop
  endfacet
  facet normal -0.479958 0.877291 0
    outer loop
      vertex 37.129 6.63129 0
      vertex 37.0929 6.61154 0.45
      vertex 37.129 6.63129 0.45
    endloop
  endfacet
  facet normal -0.479958 0.877291 0
    outer loop
      vertex 37.0929 6.61154 0.45
      vertex 37.129 6.63129 0
      vertex 37.0929 6.61154 0
    endloop
  endfacet
  facet normal -0.440315 0.897843 0
    outer loop
      vertex 37.0929 6.61154 0
      vertex 37.0543 6.59261 0.45
      vertex 37.0929 6.61154 0.45
    endloop
  endfacet
  facet normal -0.440315 0.897843 0
    outer loop
      vertex 37.0543 6.59261 0.45
      vertex 37.0929 6.61154 0
      vertex 37.0543 6.59261 0
    endloop
  endfacet
  facet normal -0.402664 0.915348 0
    outer loop
      vertex 37.0543 6.59261 0
      vertex 37.0132 6.57453 0.45
      vertex 37.0543 6.59261 0.45
    endloop
  endfacet
  facet normal -0.402664 0.915348 0
    outer loop
      vertex 37.0132 6.57453 0.45
      vertex 37.0543 6.59261 0
      vertex 37.0132 6.57453 0
    endloop
  endfacet
  facet normal -0.360272 0.932847 0
    outer loop
      vertex 37.0132 6.57453 0
      vertex 36.9668 6.55661 0.45
      vertex 37.0132 6.57453 0.45
    endloop
  endfacet
  facet normal -0.360272 0.932847 0
    outer loop
      vertex 36.9668 6.55661 0.45
      vertex 37.0132 6.57453 0
      vertex 36.9668 6.55661 0
    endloop
  endfacet
  facet normal -0.319622 0.947545 0
    outer loop
      vertex 36.9668 6.55661 0
      vertex 36.9124 6.53826 0.45
      vertex 36.9668 6.55661 0.45
    endloop
  endfacet
  facet normal -0.319622 0.947545 0
    outer loop
      vertex 36.9124 6.53826 0.45
      vertex 36.9668 6.55661 0
      vertex 36.9124 6.53826 0
    endloop
  endfacet
  facet normal -0.288898 0.95736 0
    outer loop
      vertex 36.9124 6.53826 0
      vertex 36.8501 6.51946 0.45
      vertex 36.9124 6.53826 0.45
    endloop
  endfacet
  facet normal -0.288898 0.95736 0
    outer loop
      vertex 36.8501 6.51946 0.45
      vertex 36.9124 6.53826 0
      vertex 36.8501 6.51946 0
    endloop
  endfacet
  facet normal -0.263882 0.964555 0
    outer loop
      vertex 36.8501 6.51946 0
      vertex 36.7797 6.5002 0.45
      vertex 36.8501 6.51946 0.45
    endloop
  endfacet
  facet normal -0.263882 0.964555 0
    outer loop
      vertex 36.7797 6.5002 0.45
      vertex 36.8501 6.51946 0
      vertex 36.7797 6.5002 0
    endloop
  endfacet
  facet normal -0.243992 0.969777 0
    outer loop
      vertex 36.7797 6.5002 0
      vertex 36.7014 6.4805 0.45
      vertex 36.7797 6.5002 0.45
    endloop
  endfacet
  facet normal -0.243992 0.969777 0
    outer loop
      vertex 36.7014 6.4805 0.45
      vertex 36.7797 6.5002 0
      vertex 36.7014 6.4805 0
    endloop
  endfacet
  facet normal -0.227123 0.973866 0
    outer loop
      vertex 36.7014 6.4805 0
      vertex 36.615 6.46035 0.45
      vertex 36.7014 6.4805 0.45
    endloop
  endfacet
  facet normal -0.227123 0.973866 0
    outer loop
      vertex 36.615 6.46035 0.45
      vertex 36.7014 6.4805 0
      vertex 36.615 6.46035 0
    endloop
  endfacet
  facet normal -0.213419 0.976961 0
    outer loop
      vertex 36.615 6.46035 0
      vertex 36.5207 6.43975 0.45
      vertex 36.615 6.46035 0.45
    endloop
  endfacet
  facet normal -0.213419 0.976961 0
    outer loop
      vertex 36.5207 6.43975 0.45
      vertex 36.615 6.46035 0
      vertex 36.5207 6.43975 0
    endloop
  endfacet
  facet normal -0.216419 0.9763 0
    outer loop
      vertex 36.5207 6.43975 0
      vertex 36.4418 6.42226 0.45
      vertex 36.5207 6.43975 0.45
    endloop
  endfacet
  facet normal -0.216419 0.9763 0
    outer loop
      vertex 36.4418 6.42226 0.45
      vertex 36.5207 6.43975 0
      vertex 36.4418 6.42226 0
    endloop
  endfacet
  facet normal -0.228664 0.973505 0
    outer loop
      vertex 36.4418 6.42226 0
      vertex 36.371 6.40563 0.45
      vertex 36.4418 6.42226 0.45
    endloop
  endfacet
  facet normal -0.228664 0.973505 0
    outer loop
      vertex 36.371 6.40563 0.45
      vertex 36.4418 6.42226 0
      vertex 36.371 6.40563 0
    endloop
  endfacet
  facet normal -0.242536 0.970143 0
    outer loop
      vertex 36.371 6.40563 0
      vertex 36.308 6.38988 0.45
      vertex 36.371 6.40563 0.45
    endloop
  endfacet
  facet normal -0.242536 0.970143 0
    outer loop
      vertex 36.308 6.38988 0.45
      vertex 36.371 6.40563 0
      vertex 36.308 6.38988 0
    endloop
  endfacet
  facet normal -0.261764 0.965132 0
    outer loop
      vertex 36.308 6.38988 0
      vertex 36.2531 6.37499 0.45
      vertex 36.308 6.38988 0.45
    endloop
  endfacet
  facet normal -0.261764 0.965132 0
    outer loop
      vertex 36.2531 6.37499 0.45
      vertex 36.308 6.38988 0
      vertex 36.2531 6.37499 0
    endloop
  endfacet
  facet normal -0.285667 0.958329 0
    outer loop
      vertex 36.2531 6.37499 0
      vertex 36.206 6.36095 0.45
      vertex 36.2531 6.37499 0.45
    endloop
  endfacet
  facet normal -0.285667 0.958329 0
    outer loop
      vertex 36.206 6.36095 0.45
      vertex 36.2531 6.37499 0
      vertex 36.206 6.36095 0
    endloop
  endfacet
  facet normal -0.319506 0.947584 0
    outer loop
      vertex 36.206 6.36095 0
      vertex 36.167 6.3478 0.45
      vertex 36.206 6.36095 0.45
    endloop
  endfacet
  facet normal -0.319506 0.947584 0
    outer loop
      vertex 36.167 6.3478 0.45
      vertex 36.206 6.36095 0
      vertex 36.167 6.3478 0
    endloop
  endfacet
  facet normal -0.366759 0.930316 0
    outer loop
      vertex 36.167 6.3478 0
      vertex 36.1358 6.3355 0.45
      vertex 36.167 6.3478 0.45
    endloop
  endfacet
  facet normal -0.366759 0.930316 0
    outer loop
      vertex 36.1358 6.3355 0.45
      vertex 36.167 6.3478 0
      vertex 36.1358 6.3355 0
    endloop
  endfacet
  facet normal -0.424594 0.905384 0
    outer loop
      vertex 36.1358 6.3355 0
      vertex 36.1097 6.32326 0.45
      vertex 36.1358 6.3355 0.45
    endloop
  endfacet
  facet normal -0.424594 0.905384 0
    outer loop
      vertex 36.1097 6.32326 0.45
      vertex 36.1358 6.3355 0
      vertex 36.1097 6.32326 0
    endloop
  endfacet
  facet normal -0.470305 0.882504 0
    outer loop
      vertex 36.1097 6.32326 0
      vertex 36.0854 6.31031 0.45
      vertex 36.1097 6.32326 0.45
    endloop
  endfacet
  facet normal -0.470305 0.882504 0
    outer loop
      vertex 36.0854 6.31031 0.45
      vertex 36.1097 6.32326 0
      vertex 36.0854 6.31031 0
    endloop
  endfacet
  facet normal -0.521481 0.853263 0
    outer loop
      vertex 36.0854 6.31031 0
      vertex 36.063 6.29662 0.45
      vertex 36.0854 6.31031 0.45
    endloop
  endfacet
  facet normal -0.521481 0.853263 0
    outer loop
      vertex 36.063 6.29662 0.45
      vertex 36.0854 6.31031 0
      vertex 36.063 6.29662 0
    endloop
  endfacet
  facet normal -0.577217 0.816591 0
    outer loop
      vertex 36.063 6.29662 0
      vertex 36.0426 6.2822 0.45
      vertex 36.063 6.29662 0.45
    endloop
  endfacet
  facet normal -0.577217 0.816591 0
    outer loop
      vertex 36.0426 6.2822 0.45
      vertex 36.063 6.29662 0
      vertex 36.0426 6.2822 0
    endloop
  endfacet
  facet normal -0.631283 0.775553 0
    outer loop
      vertex 36.0426 6.2822 0
      vertex 36.024 6.26706 0.45
      vertex 36.0426 6.2822 0.45
    endloop
  endfacet
  facet normal -0.631283 0.775553 0
    outer loop
      vertex 36.024 6.26706 0.45
      vertex 36.0426 6.2822 0
      vertex 36.024 6.26706 0
    endloop
  endfacet
  facet normal -0.690579 0.723257 0
    outer loop
      vertex 36.024 6.26706 0
      vertex 36.0074 6.25121 0.45
      vertex 36.024 6.26706 0.45
    endloop
  endfacet
  facet normal -0.690579 0.723257 0
    outer loop
      vertex 36.0074 6.25121 0.45
      vertex 36.024 6.26706 0
      vertex 36.0074 6.25121 0
    endloop
  endfacet
  facet normal -0.746217 0.665703 0
    outer loop
      vertex 35.9926 6.23462 0
      vertex 36.0074 6.25121 0.45
      vertex 36.0074 6.25121 0
    endloop
  endfacet
  facet normal -0.746217 0.665703 0
    outer loop
      vertex 36.0074 6.25121 0.45
      vertex 35.9926 6.23462 0
      vertex 35.9926 6.23462 0.45
    endloop
  endfacet
  facet normal -0.809529 0.58708 0
    outer loop
      vertex 35.9798 6.21697 0
      vertex 35.9926 6.23462 0.45
      vertex 35.9926 6.23462 0
    endloop
  endfacet
  facet normal -0.809529 0.58708 0
    outer loop
      vertex 35.9926 6.23462 0.45
      vertex 35.9798 6.21697 0
      vertex 35.9798 6.21697 0.45
    endloop
  endfacet
  facet normal -0.869702 0.493577 0
    outer loop
      vertex 35.969 6.19794 0
      vertex 35.9798 6.21697 0.45
      vertex 35.9798 6.21697 0
    endloop
  endfacet
  facet normal -0.869702 0.493577 0
    outer loop
      vertex 35.9798 6.21697 0.45
      vertex 35.969 6.19794 0
      vertex 35.969 6.19794 0.45
    endloop
  endfacet
  facet normal -0.916713 0.399547 0
    outer loop
      vertex 35.9601 6.17752 0
      vertex 35.969 6.19794 0.45
      vertex 35.969 6.19794 0
    endloop
  endfacet
  facet normal -0.916713 0.399547 0
    outer loop
      vertex 35.969 6.19794 0.45
      vertex 35.9601 6.17752 0
      vertex 35.9601 6.17752 0.45
    endloop
  endfacet
  facet normal -0.953384 0.301759 0
    outer loop
      vertex 35.9532 6.15572 0
      vertex 35.9601 6.17752 0.45
      vertex 35.9601 6.17752 0
    endloop
  endfacet
  facet normal -0.953384 0.301759 0
    outer loop
      vertex 35.9601 6.17752 0.45
      vertex 35.9532 6.15572 0
      vertex 35.9532 6.15572 0.45
    endloop
  endfacet
  facet normal -0.978379 0.206819 0
    outer loop
      vertex 35.9483 6.13254 0
      vertex 35.9532 6.15572 0.45
      vertex 35.9532 6.15572 0
    endloop
  endfacet
  facet normal -0.978379 0.206819 0
    outer loop
      vertex 35.9532 6.15572 0.45
      vertex 35.9483 6.13254 0
      vertex 35.9483 6.13254 0.45
    endloop
  endfacet
  facet normal -0.992628 0.1212 0
    outer loop
      vertex 35.9453 6.10797 0
      vertex 35.9483 6.13254 0.45
      vertex 35.9483 6.13254 0
    endloop
  endfacet
  facet normal -0.992628 0.1212 0
    outer loop
      vertex 35.9483 6.13254 0.45
      vertex 35.9453 6.10797 0
      vertex 35.9453 6.10797 0.45
    endloop
  endfacet
  facet normal -0.999258 0.0385071 0
    outer loop
      vertex 35.9443 6.08202 0
      vertex 35.9453 6.10797 0.45
      vertex 35.9453 6.10797 0
    endloop
  endfacet
  facet normal -0.999258 0.0385071 0
    outer loop
      vertex 35.9453 6.10797 0.45
      vertex 35.9443 6.08202 0
      vertex 35.9443 6.08202 0.45
    endloop
  endfacet
  facet normal -0.992511 -0.122159 0
    outer loop
      vertex 35.9536 6.00646 0
      vertex 35.9443 6.08202 0.45
      vertex 35.9443 6.08202 0
    endloop
  endfacet
  facet normal -0.992511 -0.122159 0
    outer loop
      vertex 35.9443 6.08202 0.45
      vertex 35.9536 6.00646 0
      vertex 35.9536 6.00646 0.45
    endloop
  endfacet
  facet normal -0.91707 -0.398726 0
    outer loop
      vertex 35.9814 5.94252 0
      vertex 35.9536 6.00646 0.45
      vertex 35.9536 6.00646 0
    endloop
  endfacet
  facet normal -0.91707 -0.398726 0
    outer loop
      vertex 35.9536 6.00646 0.45
      vertex 35.9814 5.94252 0
      vertex 35.9814 5.94252 0.45
    endloop
  endfacet
  facet normal -0.74804 -0.663653 0
    outer loop
      vertex 36.0278 5.89022 0
      vertex 35.9814 5.94252 0.45
      vertex 35.9814 5.94252 0
    endloop
  endfacet
  facet normal -0.74804 -0.663653 0
    outer loop
      vertex 35.9814 5.94252 0.45
      vertex 36.0278 5.89022 0
      vertex 36.0278 5.89022 0.45
    endloop
  endfacet
  facet normal -0.531102 -0.847308 0
    outer loop
      vertex 36.0278 5.89022 0
      vertex 36.0927 5.84954 0.45
      vertex 36.0278 5.89022 0.45
    endloop
  endfacet
  facet normal -0.531102 -0.847308 -0
    outer loop
      vertex 36.0927 5.84954 0.45
      vertex 36.0278 5.89022 0
      vertex 36.0927 5.84954 0
    endloop
  endfacet
  facet normal -0.32914 -0.944281 0
    outer loop
      vertex 36.0927 5.84954 0
      vertex 36.1761 5.82047 0.45
      vertex 36.0927 5.84954 0.45
    endloop
  endfacet
  facet normal -0.32914 -0.944281 -0
    outer loop
      vertex 36.1761 5.82047 0.45
      vertex 36.0927 5.84954 0
      vertex 36.1761 5.82047 0
    endloop
  endfacet
  facet normal -0.168535 -0.985696 0
    outer loop
      vertex 36.1761 5.82047 0
      vertex 36.2781 5.80303 0.45
      vertex 36.1761 5.82047 0.45
    endloop
  endfacet
  facet normal -0.168535 -0.985696 -0
    outer loop
      vertex 36.2781 5.80303 0.45
      vertex 36.1761 5.82047 0
      vertex 36.2781 5.80303 0
    endloop
  endfacet
  facet normal -0.0482026 -0.998838 0
    outer loop
      vertex 36.2781 5.80303 0
      vertex 36.3987 5.79721 0.45
      vertex 36.2781 5.80303 0.45
    endloop
  endfacet
  facet normal -0.0482026 -0.998838 -0
    outer loop
      vertex 36.3987 5.79721 0.45
      vertex 36.2781 5.80303 0
      vertex 36.3987 5.79721 0
    endloop
  endfacet
  facet normal 0.027278 -0.999628 0
    outer loop
      vertex 36.3987 5.79721 0
      vertex 36.4577 5.79882 0.45
      vertex 36.3987 5.79721 0.45
    endloop
  endfacet
  facet normal 0.027278 -0.999628 0
    outer loop
      vertex 36.4577 5.79882 0.45
      vertex 36.3987 5.79721 0
      vertex 36.4577 5.79882 0
    endloop
  endfacet
  facet normal 0.0865591 -0.996247 0
    outer loop
      vertex 36.4577 5.79882 0
      vertex 36.5126 5.80359 0.45
      vertex 36.4577 5.79882 0.45
    endloop
  endfacet
  facet normal 0.0865591 -0.996247 0
    outer loop
      vertex 36.5126 5.80359 0.45
      vertex 36.4577 5.79882 0
      vertex 36.5126 5.80359 0
    endloop
  endfacet
  facet normal 0.154318 -0.988021 0
    outer loop
      vertex 36.5126 5.80359 0
      vertex 36.5635 5.81154 0.45
      vertex 36.5126 5.80359 0.45
    endloop
  endfacet
  facet normal 0.154318 -0.988021 0
    outer loop
      vertex 36.5635 5.81154 0.45
      vertex 36.5126 5.80359 0
      vertex 36.5635 5.81154 0
    endloop
  endfacet
  facet normal 0.23149 -0.972837 0
    outer loop
      vertex 36.5635 5.81154 0
      vertex 36.6104 5.8227 0.45
      vertex 36.5635 5.81154 0.45
    endloop
  endfacet
  facet normal 0.23149 -0.972837 0
    outer loop
      vertex 36.6104 5.8227 0.45
      vertex 36.5635 5.81154 0
      vertex 36.6104 5.8227 0
    endloop
  endfacet
  facet normal 0.317092 -0.948395 0
    outer loop
      vertex 36.6104 5.8227 0
      vertex 36.6532 5.83701 0.45
      vertex 36.6104 5.8227 0.45
    endloop
  endfacet
  facet normal 0.317092 -0.948395 0
    outer loop
      vertex 36.6532 5.83701 0.45
      vertex 36.6104 5.8227 0
      vertex 36.6532 5.83701 0
    endloop
  endfacet
  facet normal 0.411536 -0.911393 0
    outer loop
      vertex 36.6532 5.83701 0
      vertex 36.692 5.85453 0.45
      vertex 36.6532 5.83701 0.45
    endloop
  endfacet
  facet normal 0.411536 -0.911393 0
    outer loop
      vertex 36.692 5.85453 0.45
      vertex 36.6532 5.83701 0
      vertex 36.692 5.85453 0
    endloop
  endfacet
  facet normal 0.512128 -0.858909 0
    outer loop
      vertex 36.692 5.85453 0
      vertex 36.7267 5.87522 0.45
      vertex 36.692 5.85453 0.45
    endloop
  endfacet
  facet normal 0.512128 -0.858909 0
    outer loop
      vertex 36.7267 5.87522 0.45
      vertex 36.692 5.85453 0
      vertex 36.7267 5.87522 0
    endloop
  endfacet
  facet normal 0.608217 -0.793771 0
    outer loop
      vertex 36.7267 5.87522 0
      vertex 36.7578 5.89905 0.45
      vertex 36.7267 5.87522 0.45
    endloop
  endfacet
  facet normal 0.608217 -0.793771 0
    outer loop
      vertex 36.7578 5.89905 0.45
      vertex 36.7267 5.87522 0
      vertex 36.7578 5.89905 0
    endloop
  endfacet
  facet normal 0.693602 -0.720358 0
    outer loop
      vertex 36.7578 5.89905 0
      vertex 36.7858 5.92601 0.45
      vertex 36.7578 5.89905 0.45
    endloop
  endfacet
  facet normal 0.693602 -0.720358 0
    outer loop
      vertex 36.7858 5.92601 0.45
      vertex 36.7578 5.89905 0
      vertex 36.7858 5.92601 0
    endloop
  endfacet
  facet normal 0.771367 -0.636391 0
    outer loop
      vertex 36.7858 5.92601 0.45
      vertex 36.8106 5.95607 0
      vertex 36.8106 5.95607 0.45
    endloop
  endfacet
  facet normal 0.771367 -0.636391 0
    outer loop
      vertex 36.8106 5.95607 0
      vertex 36.7858 5.92601 0.45
      vertex 36.7858 5.92601 0
    endloop
  endfacet
  facet normal 0.836907 -0.547345 0
    outer loop
      vertex 36.8106 5.95607 0.45
      vertex 36.8323 5.98925 0
      vertex 36.8323 5.98925 0.45
    endloop
  endfacet
  facet normal 0.836907 -0.547345 0
    outer loop
      vertex 36.8323 5.98925 0
      vertex 36.8106 5.95607 0.45
      vertex 36.8106 5.95607 0
    endloop
  endfacet
  facet normal 0.890965 -0.454073 0
    outer loop
      vertex 36.8323 5.98925 0.45
      vertex 36.8508 6.02555 0
      vertex 36.8508 6.02555 0.45
    endloop
  endfacet
  facet normal 0.890965 -0.454073 0
    outer loop
      vertex 36.8508 6.02555 0
      vertex 36.8323 5.98925 0.45
      vertex 36.8323 5.98925 0
    endloop
  endfacet
  facet normal 0.931351 -0.364123 0
    outer loop
      vertex 36.8508 6.02555 0.45
      vertex 36.8662 6.06494 0
      vertex 36.8662 6.06494 0.45
    endloop
  endfacet
  facet normal 0.931351 -0.364123 0
    outer loop
      vertex 36.8662 6.06494 0
      vertex 36.8508 6.02555 0.45
      vertex 36.8508 6.02555 0
    endloop
  endfacet
  facet normal 0.961233 -0.275736 0
    outer loop
      vertex 36.8662 6.06494 0.45
      vertex 36.8784 6.10747 0
      vertex 36.8784 6.10747 0.45
    endloop
  endfacet
  facet normal 0.961233 -0.275736 0
    outer loop
      vertex 36.8784 6.10747 0
      vertex 36.8662 6.06494 0.45
      vertex 36.8662 6.06494 0
    endloop
  endfacet
  facet normal -0.135128 -0.990828 0
    outer loop
      vertex 36.8784 6.10747 0
      vertex 37.3633 6.04134 0.45
      vertex 36.8784 6.10747 0.45
    endloop
  endfacet
  facet normal -0.135128 -0.990828 -0
    outer loop
      vertex 37.3633 6.04134 0.45
      vertex 36.8784 6.10747 0
      vertex 37.3633 6.04134 0
    endloop
  endfacet
  facet normal -0.970821 0.239804 0
    outer loop
      vertex 37.3416 5.95349 0
      vertex 37.3633 6.04134 0.45
      vertex 37.3633 6.04134 0
    endloop
  endfacet
  facet normal -0.970821 0.239804 0
    outer loop
      vertex 37.3633 6.04134 0.45
      vertex 37.3416 5.95349 0
      vertex 37.3416 5.95349 0.45
    endloop
  endfacet
  facet normal -0.944056 0.329786 0
    outer loop
      vertex 37.3135 5.87305 0
      vertex 37.3416 5.95349 0.45
      vertex 37.3416 5.95349 0
    endloop
  endfacet
  facet normal -0.944056 0.329786 0
    outer loop
      vertex 37.3416 5.95349 0.45
      vertex 37.3135 5.87305 0
      vertex 37.3135 5.87305 0.45
    endloop
  endfacet
  facet normal -0.903705 0.428155 0
    outer loop
      vertex 37.2789 5.80002 0
      vertex 37.3135 5.87305 0.45
      vertex 37.3135 5.87305 0
    endloop
  endfacet
  facet normal -0.903705 0.428155 0
    outer loop
      vertex 37.3135 5.87305 0.45
      vertex 37.2789 5.80002 0
      vertex 37.2789 5.80002 0.45
    endloop
  endfacet
  facet normal -0.848107 0.529825 0
    outer loop
      vertex 37.2379 5.73439 0
      vertex 37.2789 5.80002 0.45
      vertex 37.2789 5.80002 0
    endloop
  endfacet
  facet normal -0.848107 0.529825 0
    outer loop
      vertex 37.2789 5.80002 0.45
      vertex 37.2379 5.73439 0
      vertex 37.2379 5.73439 0.45
    endloop
  endfacet
  facet normal -0.774834 0.632165 0
    outer loop
      vertex 37.1904 5.67617 0
      vertex 37.2379 5.73439 0.45
      vertex 37.2379 5.73439 0
    endloop
  endfacet
  facet normal -0.774834 0.632165 0
    outer loop
      vertex 37.2379 5.73439 0.45
      vertex 37.1904 5.67617 0
      vertex 37.1904 5.67617 0.45
    endloop
  endfacet
  facet normal -0.685411 0.728156 0
    outer loop
      vertex 37.1904 5.67617 0
      vertex 37.1364 5.62534 0.45
      vertex 37.1904 5.67617 0.45
    endloop
  endfacet
  facet normal -0.685411 0.728156 0
    outer loop
      vertex 37.1364 5.62534 0.45
      vertex 37.1904 5.67617 0
      vertex 37.1364 5.62534 0
    endloop
  endfacet
  facet normal -0.582977 0.812488 0
    outer loop
      vertex 37.1364 5.62534 0
      vertex 37.0759 5.58193 0.45
      vertex 37.1364 5.62534 0.45
    endloop
  endfacet
  facet normal -0.582977 0.812488 0
    outer loop
      vertex 37.0759 5.58193 0.45
      vertex 37.1364 5.62534 0
      vertex 37.0759 5.58193 0
    endloop
  endfacet
  facet normal -0.475868 0.879517 0
    outer loop
      vertex 37.0759 5.58193 0
      vertex 37.0077 5.54503 0.45
      vertex 37.0759 5.58193 0.45
    endloop
  endfacet
  facet normal -0.475868 0.879517 0
    outer loop
      vertex 37.0077 5.54503 0.45
      vertex 37.0759 5.58193 0
      vertex 37.0077 5.54503 0
    endloop
  endfacet
  facet normal -0.374701 0.927146 0
    outer loop
      vertex 37.0077 5.54503 0
      vertex 36.9305 5.51383 0.45
      vertex 37.0077 5.54503 0.45
    endloop
  endfacet
  facet normal -0.374701 0.927146 0
    outer loop
      vertex 36.9305 5.51383 0.45
      vertex 37.0077 5.54503 0
      vertex 36.9305 5.51383 0
    endloop
  endfacet
  facet normal -0.28388 0.95886 0
    outer loop
      vertex 36.9305 5.51383 0
      vertex 36.8442 5.48828 0.45
      vertex 36.9305 5.51383 0.45
    endloop
  endfacet
  facet normal -0.28388 0.95886 0
    outer loop
      vertex 36.8442 5.48828 0.45
      vertex 36.9305 5.51383 0
      vertex 36.8442 5.48828 0
    endloop
  endfacet
  facet normal -0.203913 0.978989 0
    outer loop
      vertex 36.8442 5.48828 0
      vertex 36.7489 5.46843 0.45
      vertex 36.8442 5.48828 0.45
    endloop
  endfacet
  facet normal -0.203913 0.978989 0
    outer loop
      vertex 36.7489 5.46843 0.45
      vertex 36.8442 5.48828 0
      vertex 36.7489 5.46843 0
    endloop
  endfacet
  facet normal -0.134808 0.990872 0
    outer loop
      vertex 36.7489 5.46843 0
      vertex 36.6446 5.45424 0.45
      vertex 36.7489 5.46843 0.45
    endloop
  endfacet
  facet normal -0.134808 0.990872 0
    outer loop
      vertex 36.6446 5.45424 0.45
      vertex 36.7489 5.46843 0
      vertex 36.6446 5.45424 0
    endloop
  endfacet
  facet normal -0.0748337 0.997196 0
    outer loop
      vertex 36.6446 5.45424 0
      vertex 36.5312 5.44573 0.45
      vertex 36.6446 5.45424 0.45
    endloop
  endfacet
  facet normal -0.0748337 0.997196 0
    outer loop
      vertex 36.5312 5.44573 0.45
      vertex 36.6446 5.45424 0
      vertex 36.5312 5.44573 0
    endloop
  endfacet
  facet normal -0.0231964 0.999731 0
    outer loop
      vertex 36.5312 5.44573 0
      vertex 36.4088 5.44289 0.45
      vertex 36.5312 5.44573 0.45
    endloop
  endfacet
  facet normal -0.0231964 0.999731 0
    outer loop
      vertex 36.4088 5.44289 0.45
      vertex 36.5312 5.44573 0
      vertex 36.4088 5.44289 0
    endloop
  endfacet
  facet normal 0.0274468 0.999623 -0
    outer loop
      vertex 36.4088 5.44289 0
      vertex 36.2806 5.44641 0.45
      vertex 36.4088 5.44289 0.45
    endloop
  endfacet
  facet normal 0.0274468 0.999623 0
    outer loop
      vertex 36.2806 5.44641 0.45
      vertex 36.4088 5.44289 0
      vertex 36.2806 5.44641 0
    endloop
  endfacet
  facet normal 0.0879962 0.996121 -0
    outer loop
      vertex 36.2806 5.44641 0
      vertex 36.1614 5.45694 0.45
      vertex 36.2806 5.44641 0.45
    endloop
  endfacet
  facet normal 0.0879962 0.996121 0
    outer loop
      vertex 36.1614 5.45694 0.45
      vertex 36.2806 5.44641 0
      vertex 36.1614 5.45694 0
    endloop
  endfacet
  facet normal 0.157588 0.987505 -0
    outer loop
      vertex 36.1614 5.45694 0
      vertex 36.0513 5.47451 0.45
      vertex 36.1614 5.45694 0.45
    endloop
  endfacet
  facet normal 0.157588 0.987505 0
    outer loop
      vertex 36.0513 5.47451 0.45
      vertex 36.1614 5.45694 0
      vertex 36.0513 5.47451 0
    endloop
  endfacet
  facet normal 0.236244 0.971694 -0
    outer loop
      vertex 36.0513 5.47451 0
      vertex 35.9502 5.49909 0.45
      vertex 36.0513 5.47451 0.45
    endloop
  endfacet
  facet normal 0.236244 0.971694 0
    outer loop
      vertex 35.9502 5.49909 0.45
      vertex 36.0513 5.47451 0
      vertex 35.9502 5.49909 0
    endloop
  endfacet
  facet normal 0.324534 0.945874 -0
    outer loop
      vertex 35.9502 5.49909 0
      vertex 35.8581 5.53069 0.45
      vertex 35.9502 5.49909 0.45
    endloop
  endfacet
  facet normal 0.324534 0.945874 0
    outer loop
      vertex 35.8581 5.53069 0.45
      vertex 35.9502 5.49909 0
      vertex 35.8581 5.53069 0
    endloop
  endfacet
  facet normal 0.421958 0.906615 -0
    outer loop
      vertex 35.8581 5.53069 0
      vertex 35.7751 5.56932 0.45
      vertex 35.8581 5.53069 0.45
    endloop
  endfacet
  facet normal 0.421958 0.906615 0
    outer loop
      vertex 35.7751 5.56932 0.45
      vertex 35.8581 5.53069 0
      vertex 35.7751 5.56932 0
    endloop
  endfacet
  facet normal 0.524431 0.851453 -0
    outer loop
      vertex 35.7751 5.56932 0
      vertex 35.701 5.61496 0.45
      vertex 35.7751 5.56932 0.45
    endloop
  endfacet
  facet normal 0.524431 0.851453 0
    outer loop
      vertex 35.701 5.61496 0.45
      vertex 35.7751 5.56932 0
      vertex 35.701 5.61496 0
    endloop
  endfacet
  facet normal 0.629531 0.776975 -0
    outer loop
      vertex 35.701 5.61496 0
      vertex 35.6365 5.66722 0.45
      vertex 35.701 5.61496 0.45
    endloop
  endfacet
  facet normal 0.629531 0.776975 0
    outer loop
      vertex 35.6365 5.66722 0.45
      vertex 35.701 5.61496 0
      vertex 35.6365 5.66722 0
    endloop
  endfacet
  facet normal 0.730822 0.682568 0
    outer loop
      vertex 35.6365 5.66722 0.45
      vertex 35.5819 5.72568 0
      vertex 35.5819 5.72568 0.45
    endloop
  endfacet
  facet normal 0.730822 0.682568 0
    outer loop
      vertex 35.5819 5.72568 0
      vertex 35.6365 5.66722 0.45
      vertex 35.6365 5.66722 0
    endloop
  endfacet
  facet normal 0.822536 0.568714 0
    outer loop
      vertex 35.5819 5.72568 0.45
      vertex 35.5372 5.79033 0
      vertex 35.5372 5.79033 0.45
    endloop
  endfacet
  facet normal 0.822536 0.568714 0
    outer loop
      vertex 35.5372 5.79033 0
      vertex 35.5819 5.72568 0.45
      vertex 35.5819 5.72568 0
    endloop
  endfacet
  facet normal 0.898024 0.439947 0
    outer loop
      vertex 35.5372 5.79033 0.45
      vertex 35.5025 5.86116 0
      vertex 35.5025 5.86116 0.45
    endloop
  endfacet
  facet normal 0.898024 0.439947 0
    outer loop
      vertex 35.5025 5.86116 0
      vertex 35.5372 5.79033 0.45
      vertex 35.5372 5.79033 0
    endloop
  endfacet
  facet normal 0.951534 0.307544 0
    outer loop
      vertex 35.5025 5.86116 0.45
      vertex 35.4776 5.9382 0
      vertex 35.4776 5.9382 0.45
    endloop
  endfacet
  facet normal 0.951534 0.307544 0
    outer loop
      vertex 35.4776 5.9382 0
      vertex 35.5025 5.86116 0.45
      vertex 35.5025 5.86116 0
    endloop
  endfacet
  facet normal 0.984351 0.17622 0
    outer loop
      vertex 35.4776 5.9382 0.45
      vertex 35.4627 6.02143 0
      vertex 35.4627 6.02143 0.45
    endloop
  endfacet
  facet normal 0.984351 0.17622 0
    outer loop
      vertex 35.4627 6.02143 0
      vertex 35.4776 5.9382 0.45
      vertex 35.4776 5.9382 0
    endloop
  endfacet
  facet normal 0.998502 0.0547216 0
    outer loop
      vertex 35.4627 6.02143 0.45
      vertex 35.4578 6.11084 0
      vertex 35.4578 6.11084 0.45
    endloop
  endfacet
  facet normal 0.998502 0.0547216 0
    outer loop
      vertex 35.4578 6.11084 0
      vertex 35.4627 6.02143 0.45
      vertex 35.4627 6.02143 0
    endloop
  endfacet
  facet normal 0.999808 -0.0195821 0
    outer loop
      vertex 35.4578 6.11084 0.45
      vertex 35.4585 6.14658 0
      vertex 35.4585 6.14658 0.45
    endloop
  endfacet
  facet normal 0.999808 -0.0195821 0
    outer loop
      vertex 35.4585 6.14658 0
      vertex 35.4578 6.11084 0.45
      vertex 35.4578 6.11084 0
    endloop
  endfacet
  facet normal 0.998332 -0.0577404 0
    outer loop
      vertex 35.4585 6.14658 0.45
      vertex 35.4605 6.18116 0
      vertex 35.4605 6.18116 0.45
    endloop
  endfacet
  facet normal 0.998332 -0.0577404 0
    outer loop
      vertex 35.4605 6.18116 0
      vertex 35.4585 6.14658 0.45
      vertex 35.4585 6.14658 0
    endloop
  endfacet
  facet normal 0.995149 -0.098382 0
    outer loop
      vertex 35.4605 6.18116 0.45
      vertex 35.4638 6.21454 0
      vertex 35.4638 6.21454 0.45
    endloop
  endfacet
  facet normal 0.995149 -0.098382 0
    outer loop
      vertex 35.4638 6.21454 0
      vertex 35.4605 6.18116 0.45
      vertex 35.4605 6.18116 0
    endloop
  endfacet
  facet normal 0.989078 -0.147394 0
    outer loop
      vertex 35.4638 6.21454 0.45
      vertex 35.4686 6.24675 0
      vertex 35.4686 6.24675 0.45
    endloop
  endfacet
  facet normal 0.989078 -0.147394 0
    outer loop
      vertex 35.4686 6.24675 0
      vertex 35.4638 6.21454 0.45
      vertex 35.4638 6.21454 0
    endloop
  endfacet
  facet normal 0.981803 -0.189904 0
    outer loop
      vertex 35.4686 6.24675 0.45
      vertex 35.4746 6.27777 0
      vertex 35.4746 6.27777 0.45
    endloop
  endfacet
  facet normal 0.981803 -0.189904 0
    outer loop
      vertex 35.4746 6.27777 0
      vertex 35.4686 6.24675 0.45
      vertex 35.4686 6.24675 0
    endloop
  endfacet
  facet normal 0.969894 -0.243529 0
    outer loop
      vertex 35.4746 6.27777 0.45
      vertex 35.4821 6.30764 0
      vertex 35.4821 6.30764 0.45
    endloop
  endfacet
  facet normal 0.969894 -0.243529 0
    outer loop
      vertex 35.4821 6.30764 0
      vertex 35.4746 6.27777 0.45
      vertex 35.4746 6.27777 0
    endloop
  endfacet
  facet normal 0.95694 -0.290285 0
    outer loop
      vertex 35.4821 6.30764 0.45
      vertex 35.4908 6.33632 0
      vertex 35.4908 6.33632 0.45
    endloop
  endfacet
  facet normal 0.95694 -0.290285 0
    outer loop
      vertex 35.4908 6.33632 0
      vertex 35.4821 6.30764 0.45
      vertex 35.4821 6.30764 0
    endloop
  endfacet
  facet normal 0.940072 -0.340976 0
    outer loop
      vertex 35.4908 6.33632 0.45
      vertex 35.5008 6.36389 0
      vertex 35.5008 6.36389 0.45
    endloop
  endfacet
  facet normal 0.940072 -0.340976 0
    outer loop
      vertex 35.5008 6.36389 0
      vertex 35.4908 6.33632 0.45
      vertex 35.4908 6.33632 0
    endloop
  endfacet
  facet normal 0.922562 -0.385849 0
    outer loop
      vertex 35.5008 6.36389 0.45
      vertex 35.5119 6.39043 0
      vertex 35.5119 6.39043 0.45
    endloop
  endfacet
  facet normal 0.922562 -0.385849 0
    outer loop
      vertex 35.5119 6.39043 0
      vertex 35.5008 6.36389 0.45
      vertex 35.5008 6.36389 0
    endloop
  endfacet
  facet normal 0.903449 -0.428695 0
    outer loop
      vertex 35.5119 6.39043 0.45
      vertex 35.524 6.41593 0
      vertex 35.524 6.41593 0.45
    endloop
  endfacet
  facet normal 0.903449 -0.428695 0
    outer loop
      vertex 35.524 6.41593 0
      vertex 35.5119 6.39043 0.45
      vertex 35.5119 6.39043 0
    endloop
  endfacet
  facet normal 0.880032 -0.474915 0
    outer loop
      vertex 35.524 6.41593 0.45
      vertex 35.5372 6.44039 0
      vertex 35.5372 6.44039 0.45
    endloop
  endfacet
  facet normal 0.880032 -0.474915 0
    outer loop
      vertex 35.5372 6.44039 0
      vertex 35.524 6.41593 0.45
      vertex 35.524 6.41593 0
    endloop
  endfacet
  facet normal 0.8551 -0.518464 0
    outer loop
      vertex 35.5372 6.44039 0.45
      vertex 35.5514 6.46381 0
      vertex 35.5514 6.46381 0.45
    endloop
  endfacet
  facet normal 0.8551 -0.518464 0
    outer loop
      vertex 35.5514 6.46381 0
      vertex 35.5372 6.44039 0.45
      vertex 35.5372 6.44039 0
    endloop
  endfacet
  facet normal 0.823806 -0.566872 0
    outer loop
      vertex 35.5514 6.46381 0.45
      vertex 35.5668 6.48619 0
      vertex 35.5668 6.48619 0.45
    endloop
  endfacet
  facet normal 0.823806 -0.566872 0
    outer loop
      vertex 35.5668 6.48619 0
      vertex 35.5514 6.46381 0.45
      vertex 35.5514 6.46381 0
    endloop
  endfacet
  facet normal 0.793038 -0.609172 0
    outer loop
      vertex 35.5668 6.48619 0.45
      vertex 35.5832 6.50754 0
      vertex 35.5832 6.50754 0.45
    endloop
  endfacet
  facet normal 0.793038 -0.609172 0
    outer loop
      vertex 35.5832 6.50754 0
      vertex 35.5668 6.48619 0.45
      vertex 35.5668 6.48619 0
    endloop
  endfacet
  facet normal 0.758994 -0.651098 0
    outer loop
      vertex 35.5832 6.50754 0.45
      vertex 35.6007 6.52794 0
      vertex 35.6007 6.52794 0.45
    endloop
  endfacet
  facet normal 0.758994 -0.651098 0
    outer loop
      vertex 35.6007 6.52794 0
      vertex 35.5832 6.50754 0.45
      vertex 35.5832 6.50754 0
    endloop
  endfacet
  facet normal 0.725992 -0.687703 0
    outer loop
      vertex 35.6007 6.52794 0.45
      vertex 35.6192 6.54747 0
      vertex 35.6192 6.54747 0.45
    endloop
  endfacet
  facet normal 0.725992 -0.687703 0
    outer loop
      vertex 35.6192 6.54747 0
      vertex 35.6007 6.52794 0.45
      vertex 35.6007 6.52794 0
    endloop
  endfacet
  facet normal 0.691374 -0.722497 0
    outer loop
      vertex 35.6192 6.54747 0
      vertex 35.6387 6.56613 0.45
      vertex 35.6192 6.54747 0.45
    endloop
  endfacet
  facet normal 0.691374 -0.722497 0
    outer loop
      vertex 35.6387 6.56613 0.45
      vertex 35.6192 6.54747 0
      vertex 35.6387 6.56613 0
    endloop
  endfacet
  facet normal 0.654021 -0.756476 0
    outer loop
      vertex 35.6387 6.56613 0
      vertex 35.6593 6.58394 0.45
      vertex 35.6387 6.56613 0.45
    endloop
  endfacet
  facet normal 0.654021 -0.756476 0
    outer loop
      vertex 35.6593 6.58394 0.45
      vertex 35.6387 6.56613 0
      vertex 35.6593 6.58394 0
    endloop
  endfacet
  facet normal 0.617113 -0.786874 0
    outer loop
      vertex 35.6593 6.58394 0
      vertex 35.6809 6.60088 0.45
      vertex 35.6593 6.58394 0.45
    endloop
  endfacet
  facet normal 0.617113 -0.786874 0
    outer loop
      vertex 35.6809 6.60088 0.45
      vertex 35.6593 6.58394 0
      vertex 35.6809 6.60088 0
    endloop
  endfacet
  facet normal 0.578037 -0.81601 0
    outer loop
      vertex 35.6809 6.60088 0
      vertex 35.7036 6.61696 0.45
      vertex 35.6809 6.60088 0.45
    endloop
  endfacet
  facet normal 0.578037 -0.81601 0
    outer loop
      vertex 35.7036 6.61696 0.45
      vertex 35.6809 6.60088 0
      vertex 35.7036 6.61696 0
    endloop
  endfacet
  facet normal 0.540111 -0.841594 0
    outer loop
      vertex 35.7036 6.61696 0
      vertex 35.7273 6.63217 0.45
      vertex 35.7036 6.61696 0.45
    endloop
  endfacet
  facet normal 0.540111 -0.841594 0
    outer loop
      vertex 35.7273 6.63217 0.45
      vertex 35.7036 6.61696 0
      vertex 35.7273 6.63217 0
    endloop
  endfacet
  facet normal 0.507785 -0.861484 0
    outer loop
      vertex 35.7273 6.63217 0
      vertex 35.7519 6.64667 0.45
      vertex 35.7273 6.63217 0.45
    endloop
  endfacet
  facet normal 0.507785 -0.861484 0
    outer loop
      vertex 35.7519 6.64667 0.45
      vertex 35.7273 6.63217 0
      vertex 35.7519 6.64667 0
    endloop
  endfacet
  facet normal 0.479407 -0.877593 0
    outer loop
      vertex 35.7519 6.64667 0
      vertex 35.7774 6.6606 0.45
      vertex 35.7519 6.64667 0.45
    endloop
  endfacet
  facet normal 0.479407 -0.877593 0
    outer loop
      vertex 35.7774 6.6606 0.45
      vertex 35.7519 6.64667 0
      vertex 35.7774 6.6606 0
    endloop
  endfacet
  facet normal 0.453977 -0.891014 0
    outer loop
      vertex 35.7774 6.6606 0
      vertex 35.8037 6.674 0.45
      vertex 35.7774 6.6606 0.45
    endloop
  endfacet
  facet normal 0.453977 -0.891014 0
    outer loop
      vertex 35.8037 6.674 0.45
      vertex 35.7774 6.6606 0
      vertex 35.8037 6.674 0
    endloop
  endfacet
  facet normal 0.4279 -0.903826 0
    outer loop
      vertex 35.8037 6.674 0
      vertex 35.8308 6.68683 0.45
      vertex 35.8037 6.674 0.45
    endloop
  endfacet
  facet normal 0.4279 -0.903826 0
    outer loop
      vertex 35.8308 6.68683 0.45
      vertex 35.8037 6.674 0
      vertex 35.8308 6.68683 0
    endloop
  endfacet
  facet normal 0.401642 -0.915797 0
    outer loop
      vertex 35.8308 6.68683 0
      vertex 35.8588 6.69911 0.45
      vertex 35.8308 6.68683 0.45
    endloop
  endfacet
  facet normal 0.401642 -0.915797 0
    outer loop
      vertex 35.8588 6.69911 0.45
      vertex 35.8308 6.68683 0
      vertex 35.8588 6.69911 0
    endloop
  endfacet
  facet normal 0.376929 -0.926242 0
    outer loop
      vertex 35.8588 6.69911 0
      vertex 35.8876 6.71083 0.45
      vertex 35.8588 6.69911 0.45
    endloop
  endfacet
  facet normal 0.376929 -0.926242 0
    outer loop
      vertex 35.8876 6.71083 0.45
      vertex 35.8588 6.69911 0
      vertex 35.8876 6.71083 0
    endloop
  endfacet
  facet normal 0.353062 -0.9356 0
    outer loop
      vertex 35.8876 6.71083 0
      vertex 35.9172 6.722 0.45
      vertex 35.8876 6.71083 0.45
    endloop
  endfacet
  facet normal 0.353062 -0.9356 0
    outer loop
      vertex 35.9172 6.722 0.45
      vertex 35.8876 6.71083 0
      vertex 35.9172 6.722 0
    endloop
  endfacet
  facet normal 0.323888 -0.946095 0
    outer loop
      vertex 35.9172 6.722 0
      vertex 35.9505 6.7334 0.45
      vertex 35.9172 6.722 0.45
    endloop
  endfacet
  facet normal 0.323888 -0.946095 0
    outer loop
      vertex 35.9505 6.7334 0.45
      vertex 35.9172 6.722 0
      vertex 35.9505 6.7334 0
    endloop
  endfacet
  facet normal 0.295881 -0.955225 0
    outer loop
      vertex 35.9505 6.7334 0
      vertex 35.9905 6.74579 0.45
      vertex 35.9505 6.7334 0.45
    endloop
  endfacet
  facet normal 0.295881 -0.955225 0
    outer loop
      vertex 35.9905 6.74579 0.45
      vertex 35.9505 6.7334 0
      vertex 35.9905 6.74579 0
    endloop
  endfacet
  facet normal 0.275998 -0.961158 0
    outer loop
      vertex 35.9905 6.74579 0
      vertex 36.0372 6.7592 0.45
      vertex 35.9905 6.74579 0.45
    endloop
  endfacet
  facet normal 0.275998 -0.961158 0
    outer loop
      vertex 36.0372 6.7592 0.45
      vertex 35.9905 6.74579 0
      vertex 36.0372 6.7592 0
    endloop
  endfacet
  facet normal 0.261444 -0.965219 0
    outer loop
      vertex 36.0372 6.7592 0
      vertex 36.0904 6.77361 0.45
      vertex 36.0372 6.7592 0.45
    endloop
  endfacet
  facet normal 0.261444 -0.965219 0
    outer loop
      vertex 36.0904 6.77361 0.45
      vertex 36.0372 6.7592 0
      vertex 36.0904 6.77361 0
    endloop
  endfacet
  facet normal 0.24876 -0.968565 0
    outer loop
      vertex 36.0904 6.77361 0
      vertex 36.1504 6.78902 0.45
      vertex 36.0904 6.77361 0.45
    endloop
  endfacet
  facet normal 0.24876 -0.968565 0
    outer loop
      vertex 36.1504 6.78902 0.45
      vertex 36.0904 6.77361 0
      vertex 36.1504 6.78902 0
    endloop
  endfacet
  facet normal 0.239718 -0.970843 0
    outer loop
      vertex 36.1504 6.78902 0
      vertex 36.2169 6.80544 0.45
      vertex 36.1504 6.78902 0.45
    endloop
  endfacet
  facet normal 0.239718 -0.970843 0
    outer loop
      vertex 36.2169 6.80544 0.45
      vertex 36.1504 6.78902 0
      vertex 36.2169 6.80544 0
    endloop
  endfacet
  facet normal 0.231088 -0.972933 0
    outer loop
      vertex 36.2169 6.80544 0
      vertex 36.2902 6.82285 0.45
      vertex 36.2169 6.80544 0.45
    endloop
  endfacet
  facet normal 0.231088 -0.972933 0
    outer loop
      vertex 36.2902 6.82285 0.45
      vertex 36.2169 6.80544 0
      vertex 36.2902 6.82285 0
    endloop
  endfacet
  facet normal 0.203353 -0.979106 0
    outer loop
      vertex 36.2902 6.82285 0
      vertex 36.3747 6.8404 0.45
      vertex 36.2902 6.82285 0.45
    endloop
  endfacet
  facet normal 0.203353 -0.979106 0
    outer loop
      vertex 36.3747 6.8404 0.45
      vertex 36.2902 6.82285 0
      vertex 36.3747 6.8404 0
    endloop
  endfacet
  facet normal 0.214789 -0.976661 0
    outer loop
      vertex 36.3747 6.8404 0
      vertex 36.451 6.85718 0.45
      vertex 36.3747 6.8404 0.45
    endloop
  endfacet
  facet normal 0.214789 -0.976661 0
    outer loop
      vertex 36.451 6.85718 0.45
      vertex 36.3747 6.8404 0
      vertex 36.451 6.85718 0
    endloop
  endfacet
  facet normal 0.228944 -0.97344 0
    outer loop
      vertex 36.451 6.85718 0
      vertex 36.5192 6.87322 0.45
      vertex 36.451 6.85718 0.45
    endloop
  endfacet
  facet normal 0.228944 -0.97344 0
    outer loop
      vertex 36.5192 6.87322 0.45
      vertex 36.451 6.85718 0
      vertex 36.5192 6.87322 0
    endloop
  endfacet
  facet normal 0.246873 -0.969048 0
    outer loop
      vertex 36.5192 6.87322 0
      vertex 36.5791 6.88848 0.45
      vertex 36.5192 6.87322 0.45
    endloop
  endfacet
  facet normal 0.246873 -0.969048 0
    outer loop
      vertex 36.5791 6.88848 0.45
      vertex 36.5192 6.87322 0
      vertex 36.5791 6.88848 0
    endloop
  endfacet
  facet normal 0.269872 -0.962896 0
    outer loop
      vertex 36.5791 6.88848 0
      vertex 36.6308 6.90297 0.45
      vertex 36.5791 6.88848 0.45
    endloop
  endfacet
  facet normal 0.269872 -0.962896 0
    outer loop
      vertex 36.6308 6.90297 0.45
      vertex 36.5791 6.88848 0
      vertex 36.6308 6.90297 0
    endloop
  endfacet
  facet normal 0.300566 -0.953761 0
    outer loop
      vertex 36.6308 6.90297 0
      vertex 36.6744 6.91671 0.45
      vertex 36.6308 6.90297 0.45
    endloop
  endfacet
  facet normal 0.300566 -0.953761 0
    outer loop
      vertex 36.6744 6.91671 0.45
      vertex 36.6308 6.90297 0
      vertex 36.6744 6.91671 0
    endloop
  endfacet
  facet normal 0.34488 -0.938647 0
    outer loop
      vertex 36.6744 6.91671 0
      vertex 36.7097 6.92968 0.45
      vertex 36.6744 6.91671 0.45
    endloop
  endfacet
  facet normal 0.34488 -0.938647 0
    outer loop
      vertex 36.7097 6.92968 0.45
      vertex 36.6744 6.91671 0
      vertex 36.7097 6.92968 0
    endloop
  endfacet
  facet normal 0.395309 -0.918548 0
    outer loop
      vertex 36.7097 6.92968 0
      vertex 36.74 6.94272 0.45
      vertex 36.7097 6.92968 0.45
    endloop
  endfacet
  facet normal 0.395309 -0.918548 0
    outer loop
      vertex 36.74 6.94272 0.45
      vertex 36.7097 6.92968 0
      vertex 36.74 6.94272 0
    endloop
  endfacet
  facet normal 0.443395 -0.896326 0
    outer loop
      vertex 36.74 6.94272 0
      vertex 36.7682 6.95667 0.45
      vertex 36.74 6.94272 0.45
    endloop
  endfacet
  facet normal 0.443395 -0.896326 0
    outer loop
      vertex 36.7682 6.95667 0.45
      vertex 36.74 6.94272 0
      vertex 36.7682 6.95667 0
    endloop
  endfacet
  facet normal 0.492845 -0.870117 0
    outer loop
      vertex 36.7682 6.95667 0
      vertex 36.7944 6.97151 0.45
      vertex 36.7682 6.95667 0.45
    endloop
  endfacet
  facet normal 0.492845 -0.870117 0
    outer loop
      vertex 36.7944 6.97151 0.45
      vertex 36.7682 6.95667 0
      vertex 36.7944 6.97151 0
    endloop
  endfacet
  facet normal 0.545232 -0.838285 0
    outer loop
      vertex 36.7944 6.97151 0
      vertex 36.8186 6.98725 0.45
      vertex 36.7944 6.97151 0.45
    endloop
  endfacet
  facet normal 0.545232 -0.838285 0
    outer loop
      vertex 36.8186 6.98725 0.45
      vertex 36.7944 6.97151 0
      vertex 36.8186 6.98725 0
    endloop
  endfacet
  facet normal 0.598043 -0.801464 0
    outer loop
      vertex 36.8186 6.98725 0
      vertex 36.8409 7.00389 0.45
      vertex 36.8186 6.98725 0.45
    endloop
  endfacet
  facet normal 0.598043 -0.801464 0
    outer loop
      vertex 36.8409 7.00389 0.45
      vertex 36.8186 6.98725 0
      vertex 36.8409 7.00389 0
    endloop
  endfacet
  facet normal 0.655855 -0.754887 0
    outer loop
      vertex 36.8409 7.00389 0
      vertex 36.8611 7.02144 0.45
      vertex 36.8409 7.00389 0.45
    endloop
  endfacet
  facet normal 0.655855 -0.754887 0
    outer loop
      vertex 36.8611 7.02144 0.45
      vertex 36.8409 7.00389 0
      vertex 36.8611 7.02144 0
    endloop
  endfacet
  facet normal 0.711533 -0.702653 0
    outer loop
      vertex 36.8611 7.02144 0.45
      vertex 36.8793 7.03987 0
      vertex 36.8793 7.03987 0.45
    endloop
  endfacet
  facet normal 0.711533 -0.702653 0
    outer loop
      vertex 36.8793 7.03987 0
      vertex 36.8611 7.02144 0.45
      vertex 36.8611 7.02144 0
    endloop
  endfacet
  facet normal 0.77707 -0.629415 0
    outer loop
      vertex 36.8793 7.03987 0.45
      vertex 36.8952 7.0595 0
      vertex 36.8952 7.0595 0.45
    endloop
  endfacet
  facet normal 0.77707 -0.629415 0
    outer loop
      vertex 36.8952 7.0595 0
      vertex 36.8793 7.03987 0.45
      vertex 36.8793 7.03987 0
    endloop
  endfacet
  facet normal 0.841763 -0.539848 0
    outer loop
      vertex 36.8952 7.0595 0.45
      vertex 36.9087 7.08055 0
      vertex 36.9087 7.08055 0.45
    endloop
  endfacet
  facet normal 0.841763 -0.539848 0
    outer loop
      vertex 36.9087 7.08055 0
      vertex 36.8952 7.0595 0.45
      vertex 36.8952 7.0595 0
    endloop
  endfacet
  facet normal 0.89704 -0.44195 0
    outer loop
      vertex 36.9087 7.08055 0.45
      vertex 36.9198 7.10308 0
      vertex 36.9198 7.10308 0.45
    endloop
  endfacet
  facet normal 0.89704 -0.44195 0
    outer loop
      vertex 36.9198 7.10308 0
      vertex 36.9087 7.08055 0.45
      vertex 36.9087 7.08055 0
    endloop
  endfacet
  facet normal 0.941297 -0.337579 0
    outer loop
      vertex 36.9198 7.10308 0.45
      vertex 36.9284 7.12706 0
      vertex 36.9284 7.12706 0.45
    endloop
  endfacet
  facet normal 0.941297 -0.337579 0
    outer loop
      vertex 36.9284 7.12706 0
      vertex 36.9198 7.10308 0.45
      vertex 36.9198 7.10308 0
    endloop
  endfacet
  facet normal 0.972394 -0.233344 0
    outer loop
      vertex 36.9284 7.12706 0.45
      vertex 36.9345 7.15248 0
      vertex 36.9345 7.15248 0.45
    endloop
  endfacet
  facet normal 0.972394 -0.233344 0
    outer loop
      vertex 36.9345 7.15248 0
      vertex 36.9284 7.12706 0.45
      vertex 36.9284 7.12706 0
    endloop
  endfacet
  facet normal 0.990666 -0.136313 0
    outer loop
      vertex 36.9345 7.15248 0.45
      vertex 36.9382 7.17937 0
      vertex 36.9382 7.17937 0.45
    endloop
  endfacet
  facet normal 0.990666 -0.136313 0
    outer loop
      vertex 36.9382 7.17937 0
      vertex 36.9345 7.15248 0.45
      vertex 36.9345 7.15248 0
    endloop
  endfacet
  facet normal 0.99895 -0.0458234 0
    outer loop
      vertex 36.9382 7.17937 0.45
      vertex 36.9395 7.20771 0
      vertex 36.9395 7.20771 0.45
    endloop
  endfacet
  facet normal 0.99895 -0.0458234 0
    outer loop
      vertex 36.9395 7.20771 0
      vertex 36.9382 7.17937 0.45
      vertex 36.9382 7.17937 0
    endloop
  endfacet
  facet normal 0.992089 0.125536 0
    outer loop
      vertex 36.9395 7.20771 0.45
      vertex 36.9288 7.29227 0
      vertex 36.9288 7.29227 0.45
    endloop
  endfacet
  facet normal 0.992089 0.125536 0
    outer loop
      vertex 36.9288 7.29227 0
      vertex 36.9395 7.20771 0.45
      vertex 36.9395 7.20771 0
    endloop
  endfacet
  facet normal 0.912386 0.40933 0
    outer loop
      vertex 36.9288 7.29227 0.45
      vertex 36.8967 7.36382 0
      vertex 36.8967 7.36382 0.45
    endloop
  endfacet
  facet normal 0.912386 0.40933 0
    outer loop
      vertex 36.8967 7.36382 0
      vertex 36.9288 7.29227 0.45
      vertex 36.9288 7.29227 0
    endloop
  endfacet
  facet normal 0.738111 0.674679 0
    outer loop
      vertex 36.8967 7.36382 0.45
      vertex 36.8432 7.42235 0
      vertex 36.8432 7.42235 0.45
    endloop
  endfacet
  facet normal 0.738111 0.674679 0
    outer loop
      vertex 36.8432 7.42235 0
      vertex 36.8967 7.36382 0.45
      vertex 36.8967 7.36382 0
    endloop
  endfacet
  facet normal 0.519943 0.854201 -0
    outer loop
      vertex 36.8432 7.42235 0
      vertex 36.7684 7.46788 0.45
      vertex 36.8432 7.42235 0.45
    endloop
  endfacet
  facet normal 0.519943 0.854201 0
    outer loop
      vertex 36.7684 7.46788 0.45
      vertex 36.8432 7.42235 0
      vertex 36.7684 7.46788 0
    endloop
  endfacet
  facet normal 0.320331 0.947306 -0
    outer loop
      vertex 36.7684 7.46788 0
      vertex 36.6722 7.50041 0.45
      vertex 36.7684 7.46788 0.45
    endloop
  endfacet
  facet normal 0.320331 0.947306 0
    outer loop
      vertex 36.6722 7.50041 0.45
      vertex 36.7684 7.46788 0
      vertex 36.6722 7.50041 0
    endloop
  endfacet
  facet normal 0.163746 0.986503 -0
    outer loop
      vertex 36.6722 7.50041 0
      vertex 36.5546 7.51993 0.45
      vertex 36.6722 7.50041 0.45
    endloop
  endfacet
  facet normal 0.163746 0.986503 0
    outer loop
      vertex 36.5546 7.51993 0.45
      vertex 36.6722 7.50041 0
      vertex 36.5546 7.51993 0
    endloop
  endfacet
  facet normal 0.0467115 0.998908 -0
    outer loop
      vertex 36.5546 7.51993 0
      vertex 36.4156 7.52643 0.45
      vertex 36.5546 7.51993 0.45
    endloop
  endfacet
  facet normal 0.0467115 0.998908 0
    outer loop
      vertex 36.4156 7.52643 0.45
      vertex 36.5546 7.51993 0
      vertex 36.4156 7.52643 0
    endloop
  endfacet
  facet normal -0.0250279 0.999687 0
    outer loop
      vertex 36.4156 7.52643 0
      vertex 36.3457 7.52468 0.45
      vertex 36.4156 7.52643 0.45
    endloop
  endfacet
  facet normal -0.0250279 0.999687 0
    outer loop
      vertex 36.3457 7.52468 0.45
      vertex 36.4156 7.52643 0
      vertex 36.3457 7.52468 0
    endloop
  endfacet
  facet normal -0.0798664 0.996806 0
    outer loop
      vertex 36.3457 7.52468 0
      vertex 36.2803 7.51944 0.45
      vertex 36.3457 7.52468 0.45
    endloop
  endfacet
  facet normal -0.0798664 0.996806 0
    outer loop
      vertex 36.2803 7.51944 0.45
      vertex 36.3457 7.52468 0
      vertex 36.2803 7.51944 0
    endloop
  endfacet
  facet normal -0.141671 0.989914 0
    outer loop
      vertex 36.2803 7.51944 0
      vertex 36.2193 7.51071 0.45
      vertex 36.2803 7.51944 0.45
    endloop
  endfacet
  facet normal -0.141671 0.989914 0
    outer loop
      vertex 36.2193 7.51071 0.45
      vertex 36.2803 7.51944 0
      vertex 36.2193 7.51071 0
    endloop
  endfacet
  facet normal -0.211919 0.977287 0
    outer loop
      vertex 36.2193 7.51071 0
      vertex 36.1629 7.49848 0.45
      vertex 36.2193 7.51071 0.45
    endloop
  endfacet
  facet normal -0.211919 0.977287 0
    outer loop
      vertex 36.1629 7.49848 0.45
      vertex 36.2193 7.51071 0
      vertex 36.1629 7.49848 0
    endloop
  endfacet
  facet normal -0.289885 0.957062 0
    outer loop
      vertex 36.1629 7.49848 0
      vertex 36.111 7.48276 0.45
      vertex 36.1629 7.49848 0.45
    endloop
  endfacet
  facet normal -0.289885 0.957062 0
    outer loop
      vertex 36.111 7.48276 0.45
      vertex 36.1629 7.49848 0
      vertex 36.111 7.48276 0
    endloop
  endfacet
  facet normal -0.375257 0.926921 0
    outer loop
      vertex 36.111 7.48276 0
      vertex 36.0635 7.46353 0.45
      vertex 36.111 7.48276 0.45
    endloop
  endfacet
  facet normal -0.375257 0.926921 0
    outer loop
      vertex 36.0635 7.46353 0.45
      vertex 36.111 7.48276 0
      vertex 36.0635 7.46353 0
    endloop
  endfacet
  facet normal -0.467698 0.883888 0
    outer loop
      vertex 36.0635 7.46353 0
      vertex 36.0206 7.44083 0.45
      vertex 36.0635 7.46353 0.45
    endloop
  endfacet
  facet normal -0.467698 0.883888 0
    outer loop
      vertex 36.0206 7.44083 0.45
      vertex 36.0635 7.46353 0
      vertex 36.0206 7.44083 0
    endloop
  endfacet
  facet normal -0.565446 0.824786 0
    outer loop
      vertex 36.0206 7.44083 0
      vertex 35.9818 7.41423 0.45
      vertex 36.0206 7.44083 0.45
    endloop
  endfacet
  facet normal -0.565446 0.824786 0
    outer loop
      vertex 35.9818 7.41423 0.45
      vertex 36.0206 7.44083 0
      vertex 35.9818 7.41423 0
    endloop
  endfacet
  facet normal -0.66099 0.750394 0
    outer loop
      vertex 35.9818 7.41423 0
      vertex 35.9468 7.3834 0.45
      vertex 35.9818 7.41423 0.45
    endloop
  endfacet
  facet normal -0.66099 0.750394 0
    outer loop
      vertex 35.9468 7.3834 0.45
      vertex 35.9818 7.41423 0
      vertex 35.9468 7.3834 0
    endloop
  endfacet
  facet normal -0.748655 0.66296 0
    outer loop
      vertex 35.9157 7.34828 0
      vertex 35.9468 7.3834 0.45
      vertex 35.9468 7.3834 0
    endloop
  endfacet
  facet normal -0.748655 0.66296 0
    outer loop
      vertex 35.9468 7.3834 0.45
      vertex 35.9157 7.34828 0
      vertex 35.9157 7.34828 0.45
    endloop
  endfacet
  facet normal -0.82065 0.571431 0
    outer loop
      vertex 35.8883 7.30893 0
      vertex 35.9157 7.34828 0.45
      vertex 35.9157 7.34828 0
    endloop
  endfacet
  facet normal -0.82065 0.571431 0
    outer loop
      vertex 35.9157 7.34828 0.45
      vertex 35.8883 7.30893 0
      vertex 35.8883 7.30893 0.45
    endloop
  endfacet
  facet normal -0.879478 0.475939 0
    outer loop
      vertex 35.8647 7.26532 0
      vertex 35.8883 7.30893 0.45
      vertex 35.8883 7.30893 0
    endloop
  endfacet
  facet normal -0.879478 0.475939 0
    outer loop
      vertex 35.8883 7.30893 0.45
      vertex 35.8647 7.26532 0
      vertex 35.8647 7.26532 0.45
    endloop
  endfacet
  facet normal -0.924726 0.380633 0
    outer loop
      vertex 35.845 7.21746 0
      vertex 35.8647 7.26532 0.45
      vertex 35.8647 7.26532 0
    endloop
  endfacet
  facet normal -0.924726 0.380633 0
    outer loop
      vertex 35.8647 7.26532 0.45
      vertex 35.845 7.21746 0
      vertex 35.845 7.21746 0.45
    endloop
  endfacet
  facet normal -0.955985 0.293416 0
    outer loop
      vertex 35.829 7.16533 0
      vertex 35.845 7.21746 0.45
      vertex 35.845 7.21746 0
    endloop
  endfacet
  facet normal -0.955985 0.293416 0
    outer loop
      vertex 35.845 7.21746 0.45
      vertex 35.829 7.16533 0
      vertex 35.829 7.16533 0.45
    endloop
  endfacet
  facet normal 0.162716 0.986673 -0
    outer loop
      vertex 35.829 7.16533 0
      vertex 35.3459 7.245 0.45
      vertex 35.829 7.16533 0.45
    endloop
  endfacet
  facet normal 0.162716 0.986673 0
    outer loop
      vertex 35.3459 7.245 0.45
      vertex 35.829 7.16533 0
      vertex 35.3459 7.245 0
    endloop
  endfacet
  facet normal 0.964024 -0.265814 0
    outer loop
      vertex 35.3459 7.245 0.45
      vertex 35.371 7.33603 0
      vertex 35.371 7.33603 0.45
    endloop
  endfacet
  facet normal 0.964024 -0.265814 0
    outer loop
      vertex 35.371 7.33603 0
      vertex 35.3459 7.245 0.45
      vertex 35.3459 7.245 0
    endloop
  endfacet
  facet normal 0.932127 -0.362131 0
    outer loop
      vertex 35.371 7.33603 0.45
      vertex 35.4037 7.4202 0
      vertex 35.4037 7.4202 0.45
    endloop
  endfacet
  facet normal 0.932127 -0.362131 0
    outer loop
      vertex 35.4037 7.4202 0
      vertex 35.371 7.33603 0.45
      vertex 35.371 7.33603 0
    endloop
  endfacet
  facet normal 0.886331 -0.463052 0
    outer loop
      vertex 35.4037 7.4202 0.45
      vertex 35.4441 7.49753 0
      vertex 35.4441 7.49753 0.45
    endloop
  endfacet
  facet normal 0.886331 -0.463052 0
    outer loop
      vertex 35.4441 7.49753 0
      vertex 35.4037 7.4202 0.45
      vertex 35.4037 7.4202 0
    endloop
  endfacet
  facet normal 0.827071 -0.562098 0
    outer loop
      vertex 35.4441 7.49753 0.45
      vertex 35.492 7.56801 0
      vertex 35.492 7.56801 0.45
    endloop
  endfacet
  facet normal 0.827071 -0.562098 0
    outer loop
      vertex 35.492 7.56801 0
      vertex 35.4441 7.49753 0.45
      vertex 35.4441 7.49753 0
    endloop
  endfacet
  facet normal 0.752972 -0.658052 0
    outer loop
      vertex 35.492 7.56801 0.45
      vertex 35.5476 7.63163 0
      vertex 35.5476 7.63163 0.45
    endloop
  endfacet
  facet normal 0.752972 -0.658052 0
    outer loop
      vertex 35.5476 7.63163 0
      vertex 35.492 7.56801 0.45
      vertex 35.492 7.56801 0
    endloop
  endfacet
  facet normal 0.668249 -0.743938 0
    outer loop
      vertex 35.5476 7.63163 0
      vertex 35.6108 7.6884 0.45
      vertex 35.5476 7.63163 0.45
    endloop
  endfacet
  facet normal 0.668249 -0.743938 0
    outer loop
      vertex 35.6108 7.6884 0.45
      vertex 35.5476 7.63163 0
      vertex 35.6108 7.6884 0
    endloop
  endfacet
  facet normal 0.576869 -0.816837 0
    outer loop
      vertex 35.6108 7.6884 0
      vertex 35.6815 7.73833 0.45
      vertex 35.6108 7.6884 0.45
    endloop
  endfacet
  facet normal 0.576869 -0.816837 0
    outer loop
      vertex 35.6815 7.73833 0.45
      vertex 35.6108 7.6884 0
      vertex 35.6815 7.73833 0
    endloop
  endfacet
  facet normal 0.48102 -0.876709 0
    outer loop
      vertex 35.6815 7.73833 0
      vertex 35.7602 7.78151 0.45
      vertex 35.6815 7.73833 0.45
    endloop
  endfacet
  facet normal 0.48102 -0.876709 0
    outer loop
      vertex 35.7602 7.78151 0.45
      vertex 35.6815 7.73833 0
      vertex 35.7602 7.78151 0
    endloop
  endfacet
  facet normal 0.38828 -0.921541 0
    outer loop
      vertex 35.7602 7.78151 0
      vertex 35.8469 7.81804 0.45
      vertex 35.7602 7.78151 0.45
    endloop
  endfacet
  facet normal 0.38828 -0.921541 0
    outer loop
      vertex 35.8469 7.81804 0.45
      vertex 35.7602 7.78151 0
      vertex 35.8469 7.81804 0
    endloop
  endfacet
  facet normal 0.300415 -0.953809 0
    outer loop
      vertex 35.8469 7.81804 0
      vertex 35.9418 7.84793 0.45
      vertex 35.8469 7.81804 0.45
    endloop
  endfacet
  facet normal 0.300415 -0.953809 0
    outer loop
      vertex 35.9418 7.84793 0.45
      vertex 35.8469 7.81804 0
      vertex 35.9418 7.84793 0
    endloop
  endfacet
  facet normal 0.220482 -0.975391 0
    outer loop
      vertex 35.9418 7.84793 0
      vertex 36.0447 7.87119 0.45
      vertex 35.9418 7.84793 0.45
    endloop
  endfacet
  facet normal 0.220482 -0.975391 0
    outer loop
      vertex 36.0447 7.87119 0.45
      vertex 35.9418 7.84793 0
      vertex 36.0447 7.87119 0
    endloop
  endfacet
  facet normal 0.147905 -0.989002 0
    outer loop
      vertex 36.0447 7.87119 0
      vertex 36.1557 7.88779 0.45
      vertex 36.0447 7.87119 0.45
    endloop
  endfacet
  facet normal 0.147905 -0.989002 0
    outer loop
      vertex 36.1557 7.88779 0.45
      vertex 36.0447 7.87119 0
      vertex 36.1557 7.88779 0
    endloop
  endfacet
  facet normal 0.0833363 -0.996521 0
    outer loop
      vertex 36.1557 7.88779 0
      vertex 36.2748 7.89775 0.45
      vertex 36.1557 7.88779 0.45
    endloop
  endfacet
  facet normal 0.0833363 -0.996521 0
    outer loop
      vertex 36.2748 7.89775 0.45
      vertex 36.1557 7.88779 0
      vertex 36.2748 7.89775 0
    endloop
  endfacet
  facet normal 0.0261703 -0.999657 0
    outer loop
      vertex 36.2748 7.89775 0
      vertex 36.402 7.90108 0.45
      vertex 36.2748 7.89775 0.45
    endloop
  endfacet
  facet normal 0.0261703 -0.999657 0
    outer loop
      vertex 36.402 7.90108 0.45
      vertex 36.2748 7.89775 0
      vertex 36.402 7.90108 0
    endloop
  endfacet
  facet normal -0.0272038 -0.99963 0
    outer loop
      vertex 36.402 7.90108 0
      vertex 36.5409 7.8973 0.45
      vertex 36.402 7.90108 0.45
    endloop
  endfacet
  facet normal -0.0272038 -0.99963 -0
    outer loop
      vertex 36.5409 7.8973 0.45
      vertex 36.402 7.90108 0
      vertex 36.5409 7.8973 0
    endloop
  endfacet
  facet normal -0.0923312 -0.995728 0
    outer loop
      vertex 49.1272 7.89801 0
      vertex 49.2262 7.88883 0.45
      vertex 49.1272 7.89801 0.45
    endloop
  endfacet
  facet normal -0.0923312 -0.995728 -0
    outer loop
      vertex 49.2262 7.88883 0.45
      vertex 49.1272 7.89801 0
      vertex 49.2262 7.88883 0
    endloop
  endfacet
  facet normal -0.158617 -0.98734 0
    outer loop
      vertex 49.2262 7.88883 0
      vertex 49.3215 7.87352 0.45
      vertex 49.2262 7.88883 0.45
    endloop
  endfacet
  facet normal -0.158617 -0.98734 -0
    outer loop
      vertex 49.3215 7.87352 0.45
      vertex 49.2262 7.88883 0
      vertex 49.3215 7.87352 0
    endloop
  endfacet
  facet normal -0.227936 -0.973676 0
    outer loop
      vertex 49.3215 7.87352 0
      vertex 49.413 7.8521 0.45
      vertex 49.3215 7.87352 0.45
    endloop
  endfacet
  facet normal -0.227936 -0.973676 -0
    outer loop
      vertex 49.413 7.8521 0.45
      vertex 49.3215 7.87352 0
      vertex 49.413 7.8521 0
    endloop
  endfacet
  facet normal -0.299487 -0.9541 0
    outer loop
      vertex 49.413 7.8521 0
      vertex 49.5008 7.82454 0.45
      vertex 49.413 7.8521 0.45
    endloop
  endfacet
  facet normal -0.299487 -0.9541 -0
    outer loop
      vertex 49.5008 7.82454 0.45
      vertex 49.413 7.8521 0
      vertex 49.5008 7.82454 0
    endloop
  endfacet
  facet normal -0.371866 -0.928286 0
    outer loop
      vertex 49.5008 7.82454 0
      vertex 49.5849 7.79085 0.45
      vertex 49.5008 7.82454 0.45
    endloop
  endfacet
  facet normal -0.371866 -0.928286 -0
    outer loop
      vertex 49.5849 7.79085 0.45
      vertex 49.5008 7.82454 0
      vertex 49.5849 7.79085 0
    endloop
  endfacet
  facet normal -0.443997 -0.896028 0
    outer loop
      vertex 49.5849 7.79085 0
      vertex 49.6652 7.75106 0.45
      vertex 49.5849 7.79085 0.45
    endloop
  endfacet
  facet normal -0.443997 -0.896028 -0
    outer loop
      vertex 49.6652 7.75106 0.45
      vertex 49.5849 7.79085 0
      vertex 49.6652 7.75106 0
    endloop
  endfacet
  facet normal -0.514994 -0.857194 0
    outer loop
      vertex 49.6652 7.75106 0
      vertex 49.7411 7.70546 0.45
      vertex 49.6652 7.75106 0.45
    endloop
  endfacet
  facet normal -0.514994 -0.857194 -0
    outer loop
      vertex 49.7411 7.70546 0.45
      vertex 49.6652 7.75106 0
      vertex 49.7411 7.70546 0
    endloop
  endfacet
  facet normal -0.585105 -0.810957 0
    outer loop
      vertex 49.7411 7.70546 0
      vertex 49.8118 7.65445 0.45
      vertex 49.7411 7.70546 0.45
    endloop
  endfacet
  facet normal -0.585105 -0.810957 -0
    outer loop
      vertex 49.8118 7.65445 0.45
      vertex 49.7411 7.70546 0
      vertex 49.8118 7.65445 0
    endloop
  endfacet
  facet normal -0.65277 -0.757556 0
    outer loop
      vertex 49.8118 7.65445 0
      vertex 49.8773 7.59801 0.45
      vertex 49.8118 7.65445 0.45
    endloop
  endfacet
  facet normal -0.65277 -0.757556 -0
    outer loop
      vertex 49.8773 7.59801 0.45
      vertex 49.8118 7.65445 0
      vertex 49.8773 7.59801 0
    endloop
  endfacet
  facet normal -0.716247 -0.697846 0
    outer loop
      vertex 49.9376 7.53612 0
      vertex 49.8773 7.59801 0.45
      vertex 49.8773 7.59801 0
    endloop
  endfacet
  facet normal -0.716247 -0.697846 0
    outer loop
      vertex 49.8773 7.59801 0.45
      vertex 49.9376 7.53612 0
      vertex 49.9376 7.53612 0.45
    endloop
  endfacet
  facet normal -0.773798 -0.633432 0
    outer loop
      vertex 49.9927 7.46881 0
      vertex 49.9376 7.53612 0.45
      vertex 49.9376 7.53612 0
    endloop
  endfacet
  facet normal -0.773798 -0.633432 0
    outer loop
      vertex 49.9376 7.53612 0.45
      vertex 49.9927 7.46881 0
      vertex 49.9927 7.46881 0.45
    endloop
  endfacet
  facet normal -0.824581 -0.565744 0
    outer loop
      vertex 50.0426 7.39608 0
      vertex 49.9927 7.46881 0.45
      vertex 49.9927 7.46881 0
    endloop
  endfacet
  facet normal -0.824581 -0.565744 0
    outer loop
      vertex 49.9927 7.46881 0.45
      vertex 50.0426 7.39608 0
      vertex 50.0426 7.39608 0.45
    endloop
  endfacet
  facet normal -0.867642 -0.49719 0
    outer loop
      vertex 50.0874 7.3179 0
      vertex 50.0426 7.39608 0.45
      vertex 50.0426 7.39608 0
    endloop
  endfacet
  facet normal -0.867642 -0.49719 0
    outer loop
      vertex 50.0426 7.39608 0.45
      vertex 50.0874 7.3179 0
      vertex 50.0874 7.3179 0.45
    endloop
  endfacet
  facet normal -0.904109 -0.427302 0
    outer loop
      vertex 50.1265 7.23517 0
      vertex 50.0874 7.3179 0.45
      vertex 50.0874 7.3179 0
    endloop
  endfacet
  facet normal -0.904109 -0.427302 0
    outer loop
      vertex 50.0874 7.3179 0.45
      vertex 50.1265 7.23517 0
      vertex 50.1265 7.23517 0.45
    endloop
  endfacet
  facet normal -0.933791 -0.35782 0
    outer loop
      vertex 50.1596 7.14879 0
      vertex 50.1265 7.23517 0.45
      vertex 50.1265 7.23517 0
    endloop
  endfacet
  facet normal -0.933791 -0.35782 0
    outer loop
      vertex 50.1265 7.23517 0.45
      vertex 50.1596 7.14879 0
      vertex 50.1596 7.14879 0.45
    endloop
  endfacet
  facet normal -0.957595 -0.288118 0
    outer loop
      vertex 50.1867 7.05872 0
      vertex 50.1596 7.14879 0.45
      vertex 50.1596 7.14879 0
    endloop
  endfacet
  facet normal -0.957595 -0.288118 0
    outer loop
      vertex 50.1596 7.14879 0.45
      vertex 50.1867 7.05872 0
      vertex 50.1867 7.05872 0.45
    endloop
  endfacet
  facet normal -0.975581 -0.219641 0
    outer loop
      vertex 50.2078 6.965 0
      vertex 50.1867 7.05872 0.45
      vertex 50.1867 7.05872 0
    endloop
  endfacet
  facet normal -0.975581 -0.219641 0
    outer loop
      vertex 50.1867 7.05872 0.45
      vertex 50.2078 6.965 0
      vertex 50.2078 6.965 0.45
    endloop
  endfacet
  facet normal -0.988348 -0.15221 0
    outer loop
      vertex 50.2228 6.8676 0
      vertex 50.2078 6.965 0.45
      vertex 50.2078 6.965 0
    endloop
  endfacet
  facet normal -0.988348 -0.15221 0
    outer loop
      vertex 50.2078 6.965 0.45
      vertex 50.2228 6.8676 0
      vertex 50.2228 6.8676 0.45
    endloop
  endfacet
  facet normal -0.996059 -0.0886962 0
    outer loop
      vertex 50.2318 6.76653 0
      vertex 50.2228 6.8676 0.45
      vertex 50.2228 6.8676 0
    endloop
  endfacet
  facet normal -0.996059 -0.0886962 0
    outer loop
      vertex 50.2228 6.8676 0.45
      vertex 50.2318 6.76653 0
      vertex 50.2318 6.76653 0.45
    endloop
  endfacet
  facet normal -0.999562 -0.0295926 0
    outer loop
      vertex 50.2349 6.66182 0
      vertex 50.2318 6.76653 0.45
      vertex 50.2318 6.76653 0
    endloop
  endfacet
  facet normal -0.999562 -0.0295926 0
    outer loop
      vertex 50.2318 6.76653 0.45
      vertex 50.2349 6.66182 0
      vertex 50.2349 6.66182 0.45
    endloop
  endfacet
  facet normal -0.999121 0.0419158 0
    outer loop
      vertex 50.2283 6.5045 0
      vertex 50.2349 6.66182 0.45
      vertex 50.2349 6.66182 0
    endloop
  endfacet
  facet normal -0.999121 0.0419158 0
    outer loop
      vertex 50.2349 6.66182 0.45
      vertex 50.2283 6.5045 0
      vertex 50.2283 6.5045 0.45
    endloop
  endfacet
  facet normal -0.991366 0.131124 0
    outer loop
      vertex 50.2088 6.35707 0
      vertex 50.2283 6.5045 0.45
      vertex 50.2283 6.5045 0
    endloop
  endfacet
  facet normal -0.991366 0.131124 0
    outer loop
      vertex 50.2283 6.5045 0.45
      vertex 50.2088 6.35707 0
      vertex 50.2088 6.35707 0.45
    endloop
  endfacet
  facet normal -0.97303 0.23068 0
    outer loop
      vertex 50.1762 6.21956 0
      vertex 50.2088 6.35707 0.45
      vertex 50.2088 6.35707 0
    endloop
  endfacet
  facet normal -0.97303 0.23068 0
    outer loop
      vertex 50.2088 6.35707 0.45
      vertex 50.1762 6.21956 0
      vertex 50.1762 6.21956 0.45
    endloop
  endfacet
  facet normal -0.941475 0.337084 0
    outer loop
      vertex 50.1305 6.09192 0
      vertex 50.1762 6.21956 0.45
      vertex 50.1762 6.21956 0
    endloop
  endfacet
  facet normal -0.941475 0.337084 0
    outer loop
      vertex 50.1762 6.21956 0.45
      vertex 50.1305 6.09192 0
      vertex 50.1305 6.09192 0.45
    endloop
  endfacet
  facet normal -0.894943 0.44618 0
    outer loop
      vertex 50.0718 5.97418 0
      vertex 50.1305 6.09192 0.45
      vertex 50.1305 6.09192 0
    endloop
  endfacet
  facet normal -0.894943 0.44618 0
    outer loop
      vertex 50.1305 6.09192 0.45
      vertex 50.0718 5.97418 0
      vertex 50.0718 5.97418 0.45
    endloop
  endfacet
  facet normal -0.832739 0.553666 0
    outer loop
      vertex 50.0001 5.86634 0
      vertex 50.0718 5.97418 0.45
      vertex 50.0718 5.97418 0
    endloop
  endfacet
  facet normal -0.832739 0.553666 0
    outer loop
      vertex 50.0718 5.97418 0.45
      vertex 50.0001 5.86634 0
      vertex 50.0001 5.86634 0.45
    endloop
  endfacet
  facet normal -0.756033 0.654534 0
    outer loop
      vertex 49.9153 5.76839 0
      vertex 50.0001 5.86634 0.45
      vertex 50.0001 5.86634 0
    endloop
  endfacet
  facet normal -0.756033 0.654534 0
    outer loop
      vertex 50.0001 5.86634 0.45
      vertex 49.9153 5.76839 0
      vertex 49.9153 5.76839 0.45
    endloop
  endfacet
  facet normal -0.667213 0.744867 0
    outer loop
      vertex 49.9153 5.76839 0
      vertex 49.8189 5.68204 0.45
      vertex 49.9153 5.76839 0.45
    endloop
  endfacet
  facet normal -0.667213 0.744867 0
    outer loop
      vertex 49.8189 5.68204 0.45
      vertex 49.9153 5.76839 0
      vertex 49.8189 5.68204 0
    endloop
  endfacet
  facet normal -0.565747 0.824579 0
    outer loop
      vertex 49.8189 5.68204 0
      vertex 49.7124 5.60897 0.45
      vertex 49.8189 5.68204 0.45
    endloop
  endfacet
  facet normal -0.565747 0.824579 0
    outer loop
      vertex 49.7124 5.60897 0.45
      vertex 49.8189 5.68204 0
      vertex 49.7124 5.60897 0
    endloop
  endfacet
  facet normal -0.456287 0.889833 0
    outer loop
      vertex 49.7124 5.60897 0
      vertex 49.5958 5.54918 0.45
      vertex 49.7124 5.60897 0.45
    endloop
  endfacet
  facet normal -0.456287 0.889833 0
    outer loop
      vertex 49.5958 5.54918 0.45
      vertex 49.7124 5.60897 0
      vertex 49.5958 5.54918 0
    endloop
  endfacet
  facet normal -0.344363 0.938836 0
    outer loop
      vertex 49.5958 5.54918 0
      vertex 49.469 5.50267 0.45
      vertex 49.5958 5.54918 0.45
    endloop
  endfacet
  facet normal -0.344363 0.938836 0
    outer loop
      vertex 49.469 5.50267 0.45
      vertex 49.5958 5.54918 0
      vertex 49.469 5.50267 0
    endloop
  endfacet
  facet normal -0.235681 0.97183 0
    outer loop
      vertex 49.469 5.50267 0
      vertex 49.3321 5.46947 0.45
      vertex 49.469 5.50267 0.45
    endloop
  endfacet
  facet normal -0.235681 0.97183 0
    outer loop
      vertex 49.3321 5.46947 0.45
      vertex 49.469 5.50267 0
      vertex 49.3321 5.46947 0
    endloop
  endfacet
  facet normal -0.134259 0.990946 0
    outer loop
      vertex 49.3321 5.46947 0
      vertex 49.185 5.44954 0.45
      vertex 49.3321 5.46947 0.45
    endloop
  endfacet
  facet normal -0.134259 0.990946 0
    outer loop
      vertex 49.185 5.44954 0.45
      vertex 49.3321 5.46947 0
      vertex 49.185 5.44954 0
    endloop
  endfacet
  facet normal -0.042265 0.999106 0
    outer loop
      vertex 49.185 5.44954 0
      vertex 49.0278 5.44289 0.45
      vertex 49.185 5.44954 0.45
    endloop
  endfacet
  facet normal -0.042265 0.999106 0
    outer loop
      vertex 49.0278 5.44289 0.45
      vertex 49.185 5.44954 0
      vertex 49.0278 5.44289 0
    endloop
  endfacet
  facet normal 0.0418209 0.999125 -0
    outer loop
      vertex 49.0278 5.44289 0
      vertex 48.8706 5.44947 0.45
      vertex 49.0278 5.44289 0.45
    endloop
  endfacet
  facet normal 0.0418209 0.999125 0
    outer loop
      vertex 48.8706 5.44947 0.45
      vertex 49.0278 5.44289 0
      vertex 48.8706 5.44947 0
    endloop
  endfacet
  facet normal 0.133025 0.991113 -0
    outer loop
      vertex 48.8706 5.44947 0
      vertex 48.7236 5.4692 0.45
      vertex 48.8706 5.44947 0.45
    endloop
  endfacet
  facet normal 0.133025 0.991113 0
    outer loop
      vertex 48.7236 5.4692 0.45
      vertex 48.8706 5.44947 0
      vertex 48.7236 5.4692 0
    endloop
  endfacet
  facet normal 0.233561 0.972342 -0
    outer loop
      vertex 48.7236 5.4692 0
      vertex 48.5868 5.50206 0.45
      vertex 48.7236 5.4692 0.45
    endloop
  endfacet
  facet normal 0.233561 0.972342 0
    outer loop
      vertex 48.5868 5.50206 0.45
      vertex 48.7236 5.4692 0
      vertex 48.5868 5.50206 0
    endloop
  endfacet
  facet normal 0.341398 0.939919 -0
    outer loop
      vertex 48.5868 5.50206 0
      vertex 48.4601 5.54808 0.45
      vertex 48.5868 5.50206 0.45
    endloop
  endfacet
  facet normal 0.341398 0.939919 0
    outer loop
      vertex 48.4601 5.54808 0.45
      vertex 48.5868 5.50206 0
      vertex 48.4601 5.54808 0
    endloop
  endfacet
  facet normal 0.452777 0.891624 -0
    outer loop
      vertex 48.4601 5.54808 0
      vertex 48.3436 5.60724 0.45
      vertex 48.4601 5.54808 0.45
    endloop
  endfacet
  facet normal 0.452777 0.891624 0
    outer loop
      vertex 48.3436 5.60724 0.45
      vertex 48.4601 5.54808 0
      vertex 48.3436 5.60724 0
    endloop
  endfacet
  facet normal 0.562448 0.826832 -0
    outer loop
      vertex 48.3436 5.60724 0
      vertex 48.2373 5.67955 0.45
      vertex 48.3436 5.60724 0.45
    endloop
  endfacet
  facet normal 0.562448 0.826832 0
    outer loop
      vertex 48.2373 5.67955 0.45
      vertex 48.3436 5.60724 0
      vertex 48.2373 5.67955 0
    endloop
  endfacet
  facet normal 0.664571 0.747225 -0
    outer loop
      vertex 48.2373 5.67955 0
      vertex 48.1412 5.76502 0.45
      vertex 48.2373 5.67955 0.45
    endloop
  endfacet
  facet normal 0.664571 0.747225 0
    outer loop
      vertex 48.1412 5.76502 0.45
      vertex 48.2373 5.67955 0
      vertex 48.1412 5.76502 0
    endloop
  endfacet
  facet normal 0.754238 0.656601 0
    outer loop
      vertex 48.1412 5.76502 0.45
      vertex 48.0566 5.8622 0
      vertex 48.0566 5.8622 0.45
    endloop
  endfacet
  facet normal 0.754238 0.656601 0
    outer loop
      vertex 48.0566 5.8622 0
      vertex 48.1412 5.76502 0.45
      vertex 48.1412 5.76502 0
    endloop
  endfacet
  facet normal 0.832288 0.554343 0
    outer loop
      vertex 48.0566 5.8622 0.45
      vertex 47.985 5.9697 0
      vertex 47.985 5.9697 0.45
    endloop
  endfacet
  facet normal 0.832288 0.554343 0
    outer loop
      vertex 47.985 5.9697 0
      vertex 48.0566 5.8622 0.45
      vertex 48.0566 5.8622 0
    endloop
  endfacet
  facet normal 0.89564 0.444779 0
    outer loop
      vertex 47.985 5.9697 0.45
      vertex 47.9265 6.0875 0
      vertex 47.9265 6.0875 0.45
    endloop
  endfacet
  facet normal 0.89564 0.444779 0
    outer loop
      vertex 47.9265 6.0875 0
      vertex 47.985 5.9697 0.45
      vertex 47.985 5.9697 0
    endloop
  endfacet
  facet normal 0.942331 0.334682 0
    outer loop
      vertex 47.9265 6.0875 0.45
      vertex 47.881 6.21561 0
      vertex 47.881 6.21561 0.45
    endloop
  endfacet
  facet normal 0.942331 0.334682 0
    outer loop
      vertex 47.881 6.21561 0
      vertex 47.9265 6.0875 0.45
      vertex 47.9265 6.0875 0
    endloop
  endfacet
  facet normal 0.973373 0.229227 0
    outer loop
      vertex 47.881 6.21561 0.45
      vertex 47.8484 6.35404 0
      vertex 47.8484 6.35404 0.45
    endloop
  endfacet
  facet normal 0.973373 0.229227 0
    outer loop
      vertex 47.8484 6.35404 0
      vertex 47.881 6.21561 0.45
      vertex 47.881 6.21561 0
    endloop
  endfacet
  facet normal 0.991515 0.129989 0
    outer loop
      vertex 47.8484 6.35404 0.45
      vertex 47.8289 6.50278 0
      vertex 47.8289 6.50278 0.45
    endloop
  endfacet
  facet normal 0.991515 0.129989 0
    outer loop
      vertex 47.8289 6.50278 0
      vertex 47.8484 6.35404 0.45
      vertex 47.8484 6.35404 0
    endloop
  endfacet
  facet normal 0.999166 0.0408361 0
    outer loop
      vertex 47.8289 6.50278 0.45
      vertex 47.8224 6.66182 0
      vertex 47.8224 6.66182 0.45
    endloop
  endfacet
  facet normal 0.999166 0.0408361 0
    outer loop
      vertex 47.8224 6.66182 0
      vertex 47.8289 6.50278 0.45
      vertex 47.8289 6.50278 0
    endloop
  endfacet
  facet normal 0.999172 -0.0406753 0
    outer loop
      vertex 47.8224 6.66182 0.45
      vertex 47.8289 6.82149 0
      vertex 47.8289 6.82149 0.45
    endloop
  endfacet
  facet normal 0.999172 -0.0406753 0
    outer loop
      vertex 47.8289 6.82149 0
      vertex 47.8224 6.66182 0.45
      vertex 47.8224 6.66182 0
    endloop
  endfacet
  facet normal 0.991538 -0.129821 0
    outer loop
      vertex 47.8289 6.82149 0.45
      vertex 47.8485 6.97119 0
      vertex 47.8485 6.97119 0.45
    endloop
  endfacet
  facet normal 0.991538 -0.129821 0
    outer loop
      vertex 47.8485 6.97119 0
      vertex 47.8289 6.82149 0.45
      vertex 47.8289 6.82149 0
    endloop
  endfacet
  facet normal 0.973836 -0.227252 0
    outer loop
      vertex 47.8485 6.97119 0.45
      vertex 47.8811 7.11089 0
      vertex 47.8811 7.11089 0.45
    endloop
  endfacet
  facet normal 0.973836 -0.227252 0
    outer loop
      vertex 47.8811 7.11089 0
      vertex 47.8485 6.97119 0.45
      vertex 47.8485 6.97119 0
    endloop
  endfacet
  facet normal 0.943149 -0.332371 0
    outer loop
      vertex 47.8811 7.11089 0.45
      vertex 47.9268 7.24057 0
      vertex 47.9268 7.24057 0.45
    endloop
  endfacet
  facet normal 0.943149 -0.332371 0
    outer loop
      vertex 47.9268 7.24057 0
      vertex 47.8811 7.11089 0.45
      vertex 47.8811 7.11089 0
    endloop
  endfacet
  facet normal 0.897836 -0.440329 0
    outer loop
      vertex 47.9268 7.24057 0.45
      vertex 47.9855 7.36026 0
      vertex 47.9855 7.36026 0.45
    endloop
  endfacet
  facet normal 0.897836 -0.440329 0
    outer loop
      vertex 47.9855 7.36026 0
      vertex 47.9268 7.24057 0.45
      vertex 47.9268 7.24057 0
    endloop
  endfacet
  facet normal 0.837064 -0.547105 0
    outer loop
      vertex 47.9855 7.36026 0.45
      vertex 48.0572 7.46996 0
      vertex 48.0572 7.46996 0.45
    endloop
  endfacet
  facet normal 0.837064 -0.547105 0
    outer loop
      vertex 48.0572 7.46996 0
      vertex 47.9855 7.36026 0.45
      vertex 47.9855 7.36026 0
    endloop
  endfacet
  facet normal 0.761732 -0.647892 0
    outer loop
      vertex 48.0572 7.46996 0.45
      vertex 48.142 7.56966 0
      vertex 48.142 7.56966 0.45
    endloop
  endfacet
  facet normal 0.761732 -0.647892 0
    outer loop
      vertex 48.142 7.56966 0
      vertex 48.0572 7.46996 0.45
      vertex 48.0572 7.46996 0
    endloop
  endfacet
  facet normal 0.674244 -0.738509 0
    outer loop
      vertex 48.142 7.56966 0
      vertex 48.2383 7.65758 0.45
      vertex 48.142 7.56966 0.45
    endloop
  endfacet
  facet normal 0.674244 -0.738509 0
    outer loop
      vertex 48.2383 7.65758 0.45
      vertex 48.142 7.56966 0
      vertex 48.2383 7.65758 0
    endloop
  endfacet
  facet normal 0.573773 -0.819014 0
    outer loop
      vertex 48.2383 7.65758 0
      vertex 48.3445 7.73198 0.45
      vertex 48.2383 7.65758 0.45
    endloop
  endfacet
  facet normal 0.573773 -0.819014 0
    outer loop
      vertex 48.3445 7.73198 0.45
      vertex 48.2383 7.65758 0
      vertex 48.3445 7.73198 0
    endloop
  endfacet
  facet normal 0.4644 -0.885625 0
    outer loop
      vertex 48.3445 7.73198 0
      vertex 48.4606 7.79286 0.45
      vertex 48.3445 7.73198 0.45
    endloop
  endfacet
  facet normal 0.4644 -0.885625 0
    outer loop
      vertex 48.4606 7.79286 0.45
      vertex 48.3445 7.73198 0
      vertex 48.4606 7.79286 0
    endloop
  endfacet
  facet normal 0.35153 -0.936177 0
    outer loop
      vertex 48.4606 7.79286 0
      vertex 48.5867 7.84021 0.45
      vertex 48.4606 7.79286 0.45
    endloop
  endfacet
  facet normal 0.35153 -0.936177 0
    outer loop
      vertex 48.5867 7.84021 0.45
      vertex 48.4606 7.79286 0
      vertex 48.5867 7.84021 0
    endloop
  endfacet
  facet normal 0.241327 -0.970444 0
    outer loop
      vertex 48.5867 7.84021 0
      vertex 48.7227 7.87403 0.45
      vertex 48.5867 7.84021 0.45
    endloop
  endfacet
  facet normal 0.241327 -0.970444 0
    outer loop
      vertex 48.7227 7.87403 0.45
      vertex 48.5867 7.84021 0
      vertex 48.7227 7.87403 0
    endloop
  endfacet
  facet normal 0.137742 -0.990468 0
    outer loop
      vertex 48.7227 7.87403 0
      vertex 48.8686 7.89432 0.45
      vertex 48.7227 7.87403 0.45
    endloop
  endfacet
  facet normal 0.137742 -0.990468 0
    outer loop
      vertex 48.8686 7.89432 0.45
      vertex 48.7227 7.87403 0
      vertex 48.8686 7.89432 0
    endloop
  endfacet
  facet normal 0.0433482 -0.99906 0
    outer loop
      vertex 48.8686 7.89432 0
      vertex 49.0244 7.90108 0.45
      vertex 48.8686 7.89432 0.45
    endloop
  endfacet
  facet normal 0.0433482 -0.99906 0
    outer loop
      vertex 49.0244 7.90108 0.45
      vertex 48.8686 7.89432 0
      vertex 49.0244 7.90108 0
    endloop
  endfacet
  facet normal -0.0298505 -0.999554 0
    outer loop
      vertex 49.0244 7.90108 0
      vertex 49.1272 7.89801 0.45
      vertex 49.0244 7.90108 0.45
    endloop
  endfacet
  facet normal -0.0298505 -0.999554 -0
    outer loop
      vertex 49.1272 7.89801 0.45
      vertex 49.0244 7.90108 0
      vertex 49.1272 7.89801 0
    endloop
  endfacet
  facet normal -0.162308 0.98674 0
    outer loop
      vertex 48.9347 7.50316 0
      vertex 48.8505 7.48931 0.45
      vertex 48.9347 7.50316 0.45
    endloop
  endfacet
  facet normal -0.162308 0.98674 0
    outer loop
      vertex 48.8505 7.48931 0.45
      vertex 48.9347 7.50316 0
      vertex 48.8505 7.48931 0
    endloop
  endfacet
  facet normal -0.28208 0.959391 0
    outer loop
      vertex 48.8505 7.48931 0
      vertex 48.7719 7.4662 0.45
      vertex 48.8505 7.48931 0.45
    endloop
  endfacet
  facet normal -0.28208 0.959391 0
    outer loop
      vertex 48.7719 7.4662 0.45
      vertex 48.8505 7.48931 0
      vertex 48.7719 7.4662 0
    endloop
  endfacet
  facet normal -0.404941 0.914343 0
    outer loop
      vertex 48.7719 7.4662 0
      vertex 48.6989 7.43387 0.45
      vertex 48.7719 7.4662 0.45
    endloop
  endfacet
  facet normal -0.404941 0.914343 0
    outer loop
      vertex 48.6989 7.43387 0.45
      vertex 48.7719 7.4662 0
      vertex 48.6989 7.43387 0
    endloop
  endfacet
  facet normal -0.524858 0.85119 0
    outer loop
      vertex 48.6989 7.43387 0
      vertex 48.6315 7.39231 0.45
      vertex 48.6989 7.43387 0.45
    endloop
  endfacet
  facet normal -0.524858 0.85119 0
    outer loop
      vertex 48.6315 7.39231 0.45
      vertex 48.6989 7.43387 0
      vertex 48.6315 7.39231 0
    endloop
  endfacet
  facet normal -0.634542 0.772888 0
    outer loop
      vertex 48.6315 7.39231 0
      vertex 48.5696 7.34149 0.45
      vertex 48.6315 7.39231 0.45
    endloop
  endfacet
  facet normal -0.634542 0.772888 0
    outer loop
      vertex 48.5696 7.34149 0.45
      vertex 48.6315 7.39231 0
      vertex 48.5696 7.34149 0
    endloop
  endfacet
  facet normal -0.729461 0.684022 0
    outer loop
      vertex 48.5133 7.28145 0
      vertex 48.5696 7.34149 0.45
      vertex 48.5696 7.34149 0
    endloop
  endfacet
  facet normal -0.729461 0.684022 0
    outer loop
      vertex 48.5696 7.34149 0.45
      vertex 48.5133 7.28145 0
      vertex 48.5133 7.28145 0.45
    endloop
  endfacet
  facet normal -0.807637 0.58968 0
    outer loop
      vertex 48.4636 7.21338 0
      vertex 48.5133 7.28145 0.45
      vertex 48.5133 7.28145 0
    endloop
  endfacet
  facet normal -0.807637 0.58968 0
    outer loop
      vertex 48.5133 7.28145 0.45
      vertex 48.4636 7.21338 0
      vertex 48.4636 7.21338 0.45
    endloop
  endfacet
  facet normal -0.871703 0.490035 0
    outer loop
      vertex 48.4215 7.13849 0
      vertex 48.4636 7.21338 0.45
      vertex 48.4636 7.21338 0
    endloop
  endfacet
  facet normal -0.871703 0.490035 0
    outer loop
      vertex 48.4636 7.21338 0.45
      vertex 48.4215 7.13849 0
      vertex 48.4215 7.13849 0.45
    endloop
  endfacet
  facet normal -0.921652 0.388017 0
    outer loop
      vertex 48.3871 7.05678 0
      vertex 48.4215 7.13849 0.45
      vertex 48.4215 7.13849 0
    endloop
  endfacet
  facet normal -0.921652 0.388017 0
    outer loop
      vertex 48.4215 7.13849 0.45
      vertex 48.3871 7.05678 0
      vertex 48.3871 7.05678 0.45
    endloop
  endfacet
  facet normal -0.957397 0.288776 0
    outer loop
      vertex 48.3604 6.96826 0
      vertex 48.3871 7.05678 0.45
      vertex 48.3871 7.05678 0
    endloop
  endfacet
  facet normal -0.957397 0.288776 0
    outer loop
      vertex 48.3871 7.05678 0.45
      vertex 48.3604 6.96826 0
      vertex 48.3604 6.96826 0.45
    endloop
  endfacet
  facet normal -0.980315 0.197441 0
    outer loop
      vertex 48.3412 6.87293 0
      vertex 48.3604 6.96826 0.45
      vertex 48.3604 6.96826 0
    endloop
  endfacet
  facet normal -0.980315 0.197441 0
    outer loop
      vertex 48.3604 6.96826 0.45
      vertex 48.3412 6.87293 0
      vertex 48.3412 6.87293 0.45
    endloop
  endfacet
  facet normal -0.993831 0.110901 0
    outer loop
      vertex 48.3298 6.77077 0
      vertex 48.3412 6.87293 0.45
      vertex 48.3412 6.87293 0
    endloop
  endfacet
  facet normal -0.993831 0.110901 0
    outer loop
      vertex 48.3412 6.87293 0.45
      vertex 48.3298 6.77077 0
      vertex 48.3298 6.77077 0.45
    endloop
  endfacet
  facet normal -0.999392 0.0348572 0
    outer loop
      vertex 48.326 6.66182 0
      vertex 48.3298 6.77077 0.45
      vertex 48.3298 6.77077 0
    endloop
  endfacet
  facet normal -0.999392 0.0348572 0
    outer loop
      vertex 48.3298 6.77077 0.45
      vertex 48.326 6.66182 0
      vertex 48.326 6.66182 0.45
    endloop
  endfacet
  facet normal -0.999412 -0.034274 0
    outer loop
      vertex 48.3297 6.55393 0
      vertex 48.326 6.66182 0.45
      vertex 48.326 6.66182 0
    endloop
  endfacet
  facet normal -0.999412 -0.034274 0
    outer loop
      vertex 48.326 6.66182 0.45
      vertex 48.3297 6.55393 0
      vertex 48.3297 6.55393 0.45
    endloop
  endfacet
  facet normal -0.993893 -0.110345 0
    outer loop
      vertex 48.3409 6.45305 0
      vertex 48.3297 6.55393 0.45
      vertex 48.3297 6.55393 0
    endloop
  endfacet
  facet normal -0.993893 -0.110345 0
    outer loop
      vertex 48.3297 6.55393 0.45
      vertex 48.3409 6.45305 0
      vertex 48.3409 6.45305 0.45
    endloop
  endfacet
  facet normal -0.980717 -0.195433 0
    outer loop
      vertex 48.3596 6.35921 0
      vertex 48.3409 6.45305 0.45
      vertex 48.3409 6.45305 0
    endloop
  endfacet
  facet normal -0.980717 -0.195433 0
    outer loop
      vertex 48.3409 6.45305 0.45
      vertex 48.3596 6.35921 0
      vertex 48.3596 6.35921 0.45
    endloop
  endfacet
  facet normal -0.957662 -0.287894 0
    outer loop
      vertex 48.3857 6.27239 0
      vertex 48.3596 6.35921 0.45
      vertex 48.3596 6.35921 0
    endloop
  endfacet
  facet normal -0.957662 -0.287894 0
    outer loop
      vertex 48.3596 6.35921 0.45
      vertex 48.3857 6.27239 0
      vertex 48.3857 6.27239 0.45
    endloop
  endfacet
  facet normal -0.921239 -0.388996 0
    outer loop
      vertex 48.4194 6.19258 0
      vertex 48.3857 6.27239 0.45
      vertex 48.3857 6.27239 0
    endloop
  endfacet
  facet normal -0.921239 -0.388996 0
    outer loop
      vertex 48.3857 6.27239 0.45
      vertex 48.4194 6.19258 0
      vertex 48.4194 6.19258 0.45
    endloop
  endfacet
  facet normal -0.870721 -0.491777 0
    outer loop
      vertex 48.4605 6.11981 0
      vertex 48.4194 6.19258 0.45
      vertex 48.4194 6.19258 0
    endloop
  endfacet
  facet normal -0.870721 -0.491777 0
    outer loop
      vertex 48.4194 6.19258 0.45
      vertex 48.4605 6.11981 0
      vertex 48.4605 6.11981 0.45
    endloop
  endfacet
  facet normal -0.804748 -0.593616 0
    outer loop
      vertex 48.509 6.05406 0
      vertex 48.4605 6.11981 0.45
      vertex 48.4605 6.11981 0
    endloop
  endfacet
  facet normal -0.804748 -0.593616 0
    outer loop
      vertex 48.4605 6.11981 0.45
      vertex 48.509 6.05406 0
      vertex 48.509 6.05406 0.45
    endloop
  endfacet
  facet normal -0.721193 -0.692734 0
    outer loop
      vertex 48.5645 5.99628 0
      vertex 48.509 6.05406 0.45
      vertex 48.509 6.05406 0
    endloop
  endfacet
  facet normal -0.721193 -0.692734 0
    outer loop
      vertex 48.509 6.05406 0.45
      vertex 48.5645 5.99628 0
      vertex 48.5645 5.99628 0.45
    endloop
  endfacet
  facet normal -0.621745 -0.78322 0
    outer loop
      vertex 48.5645 5.99628 0
      vertex 48.6261 5.94738 0.45
      vertex 48.5645 5.99628 0.45
    endloop
  endfacet
  facet normal -0.621745 -0.78322 -0
    outer loop
      vertex 48.6261 5.94738 0.45
      vertex 48.5645 5.99628 0
      vertex 48.6261 5.94738 0
    endloop
  endfacet
  facet normal -0.507857 -0.861441 0
    outer loop
      vertex 48.6261 5.94738 0
      vertex 48.694 5.90735 0.45
      vertex 48.6261 5.94738 0.45
    endloop
  endfacet
  facet normal -0.507857 -0.861441 -0
    outer loop
      vertex 48.694 5.90735 0.45
      vertex 48.6261 5.94738 0
      vertex 48.694 5.90735 0
    endloop
  endfacet
  facet normal -0.387106 -0.922035 0
    outer loop
      vertex 48.694 5.90735 0
      vertex 48.7681 5.87624 0.45
      vertex 48.694 5.90735 0.45
    endloop
  endfacet
  facet normal -0.387106 -0.922035 -0
    outer loop
      vertex 48.7681 5.87624 0.45
      vertex 48.694 5.90735 0
      vertex 48.7681 5.87624 0
    endloop
  endfacet
  facet normal -0.266802 -0.963751 0
    outer loop
      vertex 48.7681 5.87624 0
      vertex 48.8484 5.85401 0.45
      vertex 48.7681 5.87624 0.45
    endloop
  endfacet
  facet normal -0.266802 -0.963751 -0
    outer loop
      vertex 48.8484 5.85401 0.45
      vertex 48.7681 5.87624 0
      vertex 48.8484 5.85401 0
    endloop
  endfacet
  facet normal -0.152246 -0.988343 0
    outer loop
      vertex 48.8484 5.85401 0
      vertex 48.935 5.84067 0.45
      vertex 48.8484 5.85401 0.45
    endloop
  endfacet
  facet normal -0.152246 -0.988343 -0
    outer loop
      vertex 48.935 5.84067 0.45
      vertex 48.8484 5.85401 0
      vertex 48.935 5.84067 0
    endloop
  endfacet
  facet normal -0.0478975 -0.998852 0
    outer loop
      vertex 48.935 5.84067 0
      vertex 49.0278 5.83622 0.45
      vertex 48.935 5.84067 0.45
    endloop
  endfacet
  facet normal -0.0478975 -0.998852 -0
    outer loop
      vertex 49.0278 5.83622 0.45
      vertex 48.935 5.84067 0
      vertex 49.0278 5.83622 0
    endloop
  endfacet
  facet normal 0.0489565 -0.998801 0
    outer loop
      vertex 49.0278 5.83622 0
      vertex 49.1192 5.8407 0.45
      vertex 49.0278 5.83622 0.45
    endloop
  endfacet
  facet normal 0.0489565 -0.998801 0
    outer loop
      vertex 49.1192 5.8407 0.45
      vertex 49.0278 5.83622 0
      vertex 49.1192 5.8407 0
    endloop
  endfacet
  facet normal 0.155286 -0.98787 0
    outer loop
      vertex 49.1192 5.8407 0
      vertex 49.2047 5.85414 0.45
      vertex 49.1192 5.8407 0.45
    endloop
  endfacet
  facet normal 0.155286 -0.98787 0
    outer loop
      vertex 49.2047 5.85414 0.45
      vertex 49.1192 5.8407 0
      vertex 49.2047 5.85414 0
    endloop
  endfacet
  facet normal 0.271518 -0.962433 0
    outer loop
      vertex 49.2047 5.85414 0
      vertex 49.2841 5.87654 0.45
      vertex 49.2047 5.85414 0.45
    endloop
  endfacet
  facet normal 0.271518 -0.962433 0
    outer loop
      vertex 49.2841 5.87654 0.45
      vertex 49.2047 5.85414 0
      vertex 49.2841 5.87654 0
    endloop
  endfacet
  facet normal 0.393103 -0.919495 0
    outer loop
      vertex 49.2841 5.87654 0
      vertex 49.3575 5.90792 0.45
      vertex 49.2841 5.87654 0.45
    endloop
  endfacet
  facet normal 0.393103 -0.919495 0
    outer loop
      vertex 49.3575 5.90792 0.45
      vertex 49.2841 5.87654 0
      vertex 49.3575 5.90792 0
    endloop
  endfacet
  facet normal 0.513839 -0.857886 0
    outer loop
      vertex 49.3575 5.90792 0
      vertex 49.4248 5.94823 0.45
      vertex 49.3575 5.90792 0.45
    endloop
  endfacet
  facet normal 0.513839 -0.857886 0
    outer loop
      vertex 49.4248 5.94823 0.45
      vertex 49.3575 5.90792 0
      vertex 49.4248 5.94823 0
    endloop
  endfacet
  facet normal 0.626011 -0.779814 0
    outer loop
      vertex 49.4248 5.94823 0
      vertex 49.4862 5.99752 0.45
      vertex 49.4248 5.94823 0.45
    endloop
  endfacet
  facet normal 0.626011 -0.779814 0
    outer loop
      vertex 49.4862 5.99752 0.45
      vertex 49.4248 5.94823 0
      vertex 49.4862 5.99752 0
    endloop
  endfacet
  facet normal 0.725233 -0.688504 0
    outer loop
      vertex 49.4862 5.99752 0.45
      vertex 49.5415 6.05577 0
      vertex 49.5415 6.05577 0.45
    endloop
  endfacet
  facet normal 0.725233 -0.688504 0
    outer loop
      vertex 49.5415 6.05577 0
      vertex 49.4862 5.99752 0.45
      vertex 49.4862 5.99752 0
    endloop
  endfacet
  facet normal 0.805839 -0.592135 0
    outer loop
      vertex 49.5415 6.05577 0.45
      vertex 49.5901 6.12191 0
      vertex 49.5901 6.12191 0.45
    endloop
  endfacet
  facet normal 0.805839 -0.592135 0
    outer loop
      vertex 49.5901 6.12191 0
      vertex 49.5415 6.05577 0.45
      vertex 49.5415 6.05577 0
    endloop
  endfacet
  facet normal 0.871183 -0.490959 0
    outer loop
      vertex 49.5901 6.12191 0.45
      vertex 49.6312 6.19484 0
      vertex 49.6312 6.19484 0.45
    endloop
  endfacet
  facet normal 0.871183 -0.490959 0
    outer loop
      vertex 49.6312 6.19484 0
      vertex 49.5901 6.12191 0.45
      vertex 49.5901 6.12191 0
    endloop
  endfacet
  facet normal 0.921601 -0.38814 0
    outer loop
      vertex 49.6312 6.19484 0.45
      vertex 49.6648 6.27462 0
      vertex 49.6648 6.27462 0.45
    endloop
  endfacet
  facet normal 0.921601 -0.38814 0
    outer loop
      vertex 49.6648 6.27462 0
      vertex 49.6312 6.19484 0.45
      vertex 49.6312 6.19484 0
    endloop
  endfacet
  facet normal 0.957433 -0.288657 0
    outer loop
      vertex 49.6648 6.27462 0.45
      vertex 49.6909 6.36119 0
      vertex 49.6909 6.36119 0.45
    endloop
  endfacet
  facet normal 0.957433 -0.288657 0
    outer loop
      vertex 49.6909 6.36119 0
      vertex 49.6648 6.27462 0.45
      vertex 49.6648 6.27462 0
    endloop
  endfacet
  facet normal 0.980536 -0.196338 0
    outer loop
      vertex 49.6909 6.36119 0.45
      vertex 49.7096 6.45458 0
      vertex 49.7096 6.45458 0.45
    endloop
  endfacet
  facet normal 0.980536 -0.196338 0
    outer loop
      vertex 49.7096 6.45458 0
      vertex 49.6909 6.36119 0.45
      vertex 49.6909 6.36119 0
    endloop
  endfacet
  facet normal 0.993813 -0.111063 0
    outer loop
      vertex 49.7096 6.45458 0.45
      vertex 49.7208 6.5548 0
      vertex 49.7208 6.5548 0.45
    endloop
  endfacet
  facet normal 0.993813 -0.111063 0
    outer loop
      vertex 49.7208 6.5548 0
      vertex 49.7096 6.45458 0.45
      vertex 49.7096 6.45458 0
    endloop
  endfacet
  facet normal 0.99937 -0.035485 0
    outer loop
      vertex 49.7208 6.5548 0.45
      vertex 49.7246 6.66182 0
      vertex 49.7246 6.66182 0.45
    endloop
  endfacet
  facet normal 0.99937 -0.035485 0
    outer loop
      vertex 49.7246 6.66182 0
      vertex 49.7208 6.5548 0.45
      vertex 49.7208 6.5548 0
    endloop
  endfacet
  facet normal 0.999454 0.0330265 0
    outer loop
      vertex 49.7246 6.66182 0.45
      vertex 49.7209 6.77379 0
      vertex 49.7209 6.77379 0.45
    endloop
  endfacet
  facet normal 0.999454 0.0330265 0
    outer loop
      vertex 49.7209 6.77379 0
      vertex 49.7246 6.66182 0.45
      vertex 49.7246 6.66182 0
    endloop
  endfacet
  facet normal 0.994301 0.106607 0
    outer loop
      vertex 49.7209 6.77379 0.45
      vertex 49.7097 6.87825 0
      vertex 49.7097 6.87825 0.45
    endloop
  endfacet
  facet normal 0.994301 0.106607 0
    outer loop
      vertex 49.7097 6.87825 0
      vertex 49.7209 6.77379 0.45
      vertex 49.7209 6.77379 0
    endloop
  endfacet
  facet normal 0.982075 0.18849 0
    outer loop
      vertex 49.7097 6.87825 0.45
      vertex 49.6911 6.97516 0
      vertex 49.6911 6.97516 0.45
    endloop
  endfacet
  facet normal 0.982075 0.18849 0
    outer loop
      vertex 49.6911 6.97516 0
      vertex 49.7097 6.87825 0.45
      vertex 49.7097 6.87825 0
    endloop
  endfacet
  facet normal 0.960191 0.279344 0
    outer loop
      vertex 49.6911 6.97516 0.45
      vertex 49.6651 7.06453 0
      vertex 49.6651 7.06453 0.45
    endloop
  endfacet
  facet normal 0.960191 0.279344 0
    outer loop
      vertex 49.6651 7.06453 0
      vertex 49.6911 6.97516 0.45
      vertex 49.6911 6.97516 0
    endloop
  endfacet
  facet normal 0.925435 0.378906 0
    outer loop
      vertex 49.6651 7.06453 0.45
      vertex 49.6316 7.14635 0
      vertex 49.6316 7.14635 0.45
    endloop
  endfacet
  facet normal 0.925435 0.378906 0
    outer loop
      vertex 49.6316 7.14635 0
      vertex 49.6651 7.06453 0.45
      vertex 49.6651 7.06453 0
    endloop
  endfacet
  facet normal 0.876014 0.482285 0
    outer loop
      vertex 49.6316 7.14635 0.45
      vertex 49.5907 7.22064 0
      vertex 49.5907 7.22064 0.45
    endloop
  endfacet
  facet normal 0.876014 0.482285 0
    outer loop
      vertex 49.5907 7.22064 0
      vertex 49.6316 7.14635 0.45
      vertex 49.6316 7.14635 0
    endloop
  endfacet
  facet normal 0.809574 0.587017 0
    outer loop
      vertex 49.5907 7.22064 0.45
      vertex 49.5423 7.28739 0
      vertex 49.5423 7.28739 0.45
    endloop
  endfacet
  facet normal 0.809574 0.587017 0
    outer loop
      vertex 49.5423 7.28739 0
      vertex 49.5907 7.22064 0.45
      vertex 49.5907 7.22064 0
    endloop
  endfacet
  facet normal 0.727148 0.686481 0
    outer loop
      vertex 49.5423 7.28739 0.45
      vertex 49.4871 7.34586 0
      vertex 49.4871 7.34586 0.45
    endloop
  endfacet
  facet normal 0.727148 0.686481 0
    outer loop
      vertex 49.4871 7.34586 0
      vertex 49.5423 7.28739 0.45
      vertex 49.5423 7.28739 0
    endloop
  endfacet
  facet normal 0.627398 0.778699 -0
    outer loop
      vertex 49.4871 7.34586 0
      vertex 49.4257 7.39533 0.45
      vertex 49.4871 7.34586 0.45
    endloop
  endfacet
  facet normal 0.627398 0.778699 0
    outer loop
      vertex 49.4257 7.39533 0.45
      vertex 49.4871 7.34586 0
      vertex 49.4257 7.39533 0
    endloop
  endfacet
  facet normal 0.512632 0.858608 -0
    outer loop
      vertex 49.4257 7.39533 0
      vertex 49.3579 7.43581 0.45
      vertex 49.4257 7.39533 0.45
    endloop
  endfacet
  facet normal 0.512632 0.858608 0
    outer loop
      vertex 49.3579 7.43581 0.45
      vertex 49.4257 7.39533 0
      vertex 49.3579 7.43581 0
    endloop
  endfacet
  facet normal 0.39201 0.919961 -0
    outer loop
      vertex 49.3579 7.43581 0
      vertex 49.284 7.4673 0.45
      vertex 49.3579 7.43581 0.45
    endloop
  endfacet
  facet normal 0.39201 0.919961 0
    outer loop
      vertex 49.284 7.4673 0.45
      vertex 49.3579 7.43581 0
      vertex 49.284 7.4673 0
    endloop
  endfacet
  facet normal 0.269697 0.962945 -0
    outer loop
      vertex 49.284 7.4673 0
      vertex 49.2037 7.48979 0.45
      vertex 49.284 7.4673 0.45
    endloop
  endfacet
  facet normal 0.269697 0.962945 0
    outer loop
      vertex 49.2037 7.48979 0.45
      vertex 49.284 7.4673 0
      vertex 49.2037 7.48979 0
    endloop
  endfacet
  facet normal 0.154091 0.988057 -0
    outer loop
      vertex 49.2037 7.48979 0
      vertex 49.1172 7.50328 0.45
      vertex 49.2037 7.48979 0.45
    endloop
  endfacet
  facet normal 0.154091 0.988057 0
    outer loop
      vertex 49.1172 7.50328 0.45
      vertex 49.2037 7.48979 0
      vertex 49.1172 7.50328 0
    endloop
  endfacet
  facet normal 0.0484345 0.998826 -0
    outer loop
      vertex 49.1172 7.50328 0
      vertex 49.0244 7.50778 0.45
      vertex 49.1172 7.50328 0.45
    endloop
  endfacet
  facet normal 0.0484345 0.998826 0
    outer loop
      vertex 49.0244 7.50778 0.45
      vertex 49.1172 7.50328 0
      vertex 49.0244 7.50778 0
    endloop
  endfacet
  facet normal -0.0514368 0.998676 0
    outer loop
      vertex 49.0244 7.50778 0
      vertex 48.9347 7.50316 0.45
      vertex 49.0244 7.50778 0.45
    endloop
  endfacet
  facet normal -0.0514368 0.998676 0
    outer loop
      vertex 48.9347 7.50316 0.45
      vertex 49.0244 7.50778 0
      vertex 48.9347 7.50316 0
    endloop
  endfacet
  facet normal 0 -1 0
    outer loop
      vertex 22.9929 5.86502 0
      vertex 23.766 5.86502 0.45
      vertex 22.9929 5.86502 0.45
    endloop
  endfacet
  facet normal 0 -1 -0
    outer loop
      vertex 23.766 5.86502 0.45
      vertex 22.9929 5.86502 0
      vertex 23.766 5.86502 0
    endloop
  endfacet
  facet normal -1 0 0
    outer loop
      vertex 23.766 5.47849 0
      vertex 23.766 5.86502 0.45
      vertex 23.766 5.86502 0
    endloop
  endfacet
  facet normal -1 -0 0
    outer loop
      vertex 23.766 5.86502 0.45
      vertex 23.766 5.47849 0
      vertex 23.766 5.47849 0.45
    endloop
  endfacet
  facet normal 0 1 -0
    outer loop
      vertex 23.766 5.47849 0
      vertex 21.7215 5.47849 0.45
      vertex 23.766 5.47849 0.45
    endloop
  endfacet
  facet normal 0 1 0
    outer loop
      vertex 21.7215 5.47849 0.45
      vertex 23.766 5.47849 0
      vertex 21.7215 5.47849 0
    endloop
  endfacet
  facet normal 1 -0 0
    outer loop
      vertex 21.7215 5.47849 0.45
      vertex 21.7215 5.86502 0
      vertex 21.7215 5.86502 0.45
    endloop
  endfacet
  facet normal 1 0 0
    outer loop
      vertex 21.7215 5.86502 0
      vertex 21.7215 5.47849 0.45
      vertex 21.7215 5.47849 0
    endloop
  endfacet
  facet normal 0 -1 0
    outer loop
      vertex 21.7215 5.86502 0
      vertex 22.4928 5.86502 0.45
      vertex 21.7215 5.86502 0.45
    endloop
  endfacet
  facet normal 0 -1 -0
    outer loop
      vertex 22.4928 5.86502 0.45
      vertex 21.7215 5.86502 0
      vertex 22.4928 5.86502 0
    endloop
  endfacet
  facet normal 1 -0 0
    outer loop
      vertex 22.4928 5.86502 0.45
      vertex 22.4928 7.86718 0
      vertex 22.4928 7.86718 0.45
    endloop
  endfacet
  facet normal 1 0 0
    outer loop
      vertex 22.4928 7.86718 0
      vertex 22.4928 5.86502 0.45
      vertex 22.4928 5.86502 0
    endloop
  endfacet
  facet normal 0 -1 0
    outer loop
      vertex 22.4928 7.86718 0
      vertex 22.9929 7.86718 0.45
      vertex 22.4928 7.86718 0.45
    endloop
  endfacet
  facet normal 0 -1 -0
    outer loop
      vertex 22.9929 7.86718 0.45
      vertex 22.4928 7.86718 0
      vertex 22.9929 7.86718 0
    endloop
  endfacet
  facet normal -1 0 0
    outer loop
      vertex 22.9929 5.86502 0
      vertex 22.9929 7.86718 0.45
      vertex 22.9929 7.86718 0
    endloop
  endfacet
  facet normal -1 -0 0
    outer loop
      vertex 22.9929 7.86718 0.45
      vertex 22.9929 5.86502 0
      vertex 22.9929 5.86502 0.45
    endloop
  endfacet
  facet normal 0 1 -0
    outer loop
      vertex 25.9339 7.48065 0
      vertex 24.4861 7.48065 0.45
      vertex 25.9339 7.48065 0.45
    endloop
  endfacet
  facet normal 0 1 0
    outer loop
      vertex 24.4861 7.48065 0.45
      vertex 25.9339 7.48065 0
      vertex 24.4861 7.48065 0
    endloop
  endfacet
  facet normal -1 0 0
    outer loop
      vertex 24.4861 6.85167 0
      vertex 24.4861 7.48065 0.45
      vertex 24.4861 7.48065 0
    endloop
  endfacet
  facet normal -1 -0 0
    outer loop
      vertex 24.4861 7.48065 0.45
      vertex 24.4861 6.85167 0
      vertex 24.4861 6.85167 0.45
    endloop
  endfacet
  facet normal 0 -1 0
    outer loop
      vertex 24.4861 6.85167 0
      vertex 25.761 6.85167 0.45
      vertex 24.4861 6.85167 0.45
    endloop
  endfacet
  facet normal 0 -1 -0
    outer loop
      vertex 25.761 6.85167 0.45
      vertex 24.4861 6.85167 0
      vertex 25.761 6.85167 0
    endloop
  endfacet
  facet normal -1 0 0
    outer loop
      vertex 25.761 6.46517 0
      vertex 25.761 6.85167 0.45
      vertex 25.761 6.85167 0
    endloop
  endfacet
  facet normal -1 -0 0
    outer loop
      vertex 25.761 6.85167 0.45
      vertex 25.761 6.46517 0
      vertex 25.761 6.46517 0.45
    endloop
  endfacet
  facet normal 0 1 -0
    outer loop
      vertex 25.761 6.46517 0
      vertex 24.4861 6.46517 0.45
      vertex 25.761 6.46517 0.45
    endloop
  endfacet
  facet normal 0 1 0
    outer loop
      vertex 24.4861 6.46517 0.45
      vertex 25.761 6.46517 0
      vertex 24.4861 6.46517 0
    endloop
  endfacet
  facet normal -1 0 0
    outer loop
      vertex 24.4861 5.86502 0
      vertex 24.4861 6.46517 0.45
      vertex 24.4861 6.46517 0
    endloop
  endfacet
  facet normal -1 -0 0
    outer loop
      vertex 24.4861 6.46517 0.45
      vertex 24.4861 5.86502 0
      vertex 24.4861 5.86502 0.45
    endloop
  endfacet
  facet normal 0 -1 0
    outer loop
      vertex 24.4861 5.86502 0
      vertex 25.8644 5.86502 0.45
      vertex 24.4861 5.86502 0.45
    endloop
  endfacet
  facet normal 0 -1 -0
    outer loop
      vertex 25.8644 5.86502 0.45
      vertex 24.4861 5.86502 0
      vertex 25.8644 5.86502 0
    endloop
  endfacet
  facet normal -1 0 0
    outer loop
      vertex 25.8644 5.47849 0
      vertex 25.8644 5.86502 0.45
      vertex 25.8644 5.86502 0
    endloop
  endfacet
  facet normal -1 -0 0
    outer loop
      vertex 25.8644 5.86502 0.45
      vertex 25.8644 5.47849 0
      vertex 25.8644 5.47849 0.45
    endloop
  endfacet
  facet normal 0 1 -0
    outer loop
      vertex 25.8644 5.47849 0
      vertex 23.986 5.47849 0.45
      vertex 25.8644 5.47849 0.45
    endloop
  endfacet
  facet normal 0 1 0
    outer loop
      vertex 23.986 5.47849 0.45
      vertex 25.8644 5.47849 0
      vertex 23.986 5.47849 0
    endloop
  endfacet
  facet normal 1 -0 0
    outer loop
      vertex 23.986 5.47849 0.45
      vertex 23.986 7.86718 0
      vertex 23.986 7.86718 0.45
    endloop
  endfacet
  facet normal 1 0 0
    outer loop
      vertex 23.986 7.86718 0
      vertex 23.986 5.47849 0.45
      vertex 23.986 5.47849 0
    endloop
  endfacet
  facet normal 0 -1 0
    outer loop
      vertex 23.986 7.86718 0
      vertex 25.9339 7.86718 0.45
      vertex 23.986 7.86718 0.45
    endloop
  endfacet
  facet normal 0 -1 -0
    outer loop
      vertex 25.9339 7.86718 0.45
      vertex 23.986 7.86718 0
      vertex 25.9339 7.86718 0
    endloop
  endfacet
  facet normal -1 0 0
    outer loop
      vertex 25.9339 7.48065 0
      vertex 25.9339 7.86718 0.45
      vertex 25.9339 7.86718 0
    endloop
  endfacet
  facet normal -1 -0 0
    outer loop
      vertex 25.9339 7.86718 0.45
      vertex 25.9339 7.48065 0
      vertex 25.9339 7.48065 0.45
    endloop
  endfacet
  facet normal 0 1 -0
    outer loop
      vertex 30.2911 7.48065 0
      vertex 29.0094 7.48065 0.45
      vertex 30.2911 7.48065 0.45
    endloop
  endfacet
  facet normal 0 1 0
    outer loop
      vertex 29.0094 7.48065 0.45
      vertex 30.2911 7.48065 0
      vertex 29.0094 7.48065 0
    endloop
  endfacet
  facet normal -1 0 0
    outer loop
      vertex 29.0094 5.47849 0
      vertex 29.0094 7.48065 0.45
      vertex 29.0094 7.48065 0
    endloop
  endfacet
  facet normal -1 -0 0
    outer loop
      vertex 29.0094 7.48065 0.45
      vertex 29.0094 5.47849 0
      vertex 29.0094 5.47849 0.45
    endloop
  endfacet
  facet normal 0 1 -0
    outer loop
      vertex 29.0094 5.47849 0
      vertex 28.5093 5.47849 0.45
      vertex 29.0094 5.47849 0.45
    endloop
  endfacet
  facet normal 0 1 0
    outer loop
      vertex 28.5093 5.47849 0.45
      vertex 29.0094 5.47849 0
      vertex 28.5093 5.47849 0
    endloop
  endfacet
  facet normal 1 -0 0
    outer loop
      vertex 28.5093 5.47849 0.45
      vertex 28.5093 7.86718 0
      vertex 28.5093 7.86718 0.45
    endloop
  endfacet
  facet normal 1 0 0
    outer loop
      vertex 28.5093 7.86718 0
      vertex 28.5093 5.47849 0.45
      vertex 28.5093 5.47849 0
    endloop
  endfacet
  facet normal 0 -1 0
    outer loop
      vertex 28.5093 7.86718 0
      vertex 30.2911 7.86718 0.45
      vertex 28.5093 7.86718 0.45
    endloop
  endfacet
  facet normal 0 -1 -0
    outer loop
      vertex 30.2911 7.86718 0.45
      vertex 28.5093 7.86718 0
      vertex 30.2911 7.86718 0
    endloop
  endfacet
  facet normal -1 0 0
    outer loop
      vertex 30.2911 7.48065 0
      vertex 30.2911 7.86718 0.45
      vertex 30.2911 7.86718 0
    endloop
  endfacet
  facet normal -1 -0 0
    outer loop
      vertex 30.2911 7.86718 0.45
      vertex 30.2911 7.48065 0
      vertex 30.2911 7.48065 0.45
    endloop
  endfacet
  facet normal 0 -1 0
    outer loop
      vertex 31.1468 7.25685 0
      vertex 32.0572 7.25685 0.45
      vertex 31.1468 7.25685 0.45
    endloop
  endfacet
  facet normal 0 -1 -0
    outer loop
      vertex 32.0572 7.25685 0.45
      vertex 31.1468 7.25685 0
      vertex 32.0572 7.25685 0
    endloop
  endfacet
  facet normal 0.944683 -0.327984 0
    outer loop
      vertex 32.0572 7.25685 0.45
      vertex 32.2691 7.86718 0
      vertex 32.2691 7.86718 0.45
    endloop
  endfacet
  facet normal 0.944683 -0.327984 0
    outer loop
      vertex 32.2691 7.86718 0
      vertex 32.0572 7.25685 0.45
      vertex 32.0572 7.25685 0
    endloop
  endfacet
  facet normal 0 -1 0
    outer loop
      vertex 32.2691 7.86718 0
      vertex 32.7642 7.86718 0.45
      vertex 32.2691 7.86718 0.45
    endloop
  endfacet
  facet normal 0 -1 -0
    outer loop
      vertex 32.7642 7.86718 0.45
      vertex 32.2691 7.86718 0
      vertex 32.7642 7.86718 0
    endloop
  endfacet
  facet normal -0.939871 0.341529 0
    outer loop
      vertex 31.8962 5.47849 0
      vertex 32.7642 7.86718 0.45
      vertex 32.7642 7.86718 0
    endloop
  endfacet
  facet normal -0.939871 0.341529 0
    outer loop
      vertex 32.7642 7.86718 0.45
      vertex 31.8962 5.47849 0
      vertex 31.8962 5.47849 0.45
    endloop
  endfacet
  facet normal 0 1 -0
    outer loop
      vertex 31.8962 5.47849 0
      vertex 31.3062 5.47849 0.45
      vertex 31.8962 5.47849 0.45
    endloop
  endfacet
  facet normal 0 1 0
    outer loop
      vertex 31.3062 5.47849 0.45
      vertex 31.8962 5.47849 0
      vertex 31.3062 5.47849 0
    endloop
  endfacet
  facet normal 0.939441 0.34271 0
    outer loop
      vertex 31.3062 5.47849 0.45
      vertex 30.4348 7.86718 0
      vertex 30.4348 7.86718 0.45
    endloop
  endfacet
  facet normal 0.939441 0.34271 0
    outer loop
      vertex 30.4348 7.86718 0
      vertex 31.3062 5.47849 0.45
      vertex 31.3062 5.47849 0
    endloop
  endfacet
  facet normal 0 -1 0
    outer loop
      vertex 30.4348 7.86718 0
      vertex 30.9349 7.86718 0.45
      vertex 30.4348 7.86718 0.45
    endloop
  endfacet
  facet normal 0 -1 -0
    outer loop
      vertex 30.9349 7.86718 0.45
      vertex 30.4348 7.86718 0
      vertex 30.9349 7.86718 0
    endloop
  endfacet
  facet normal -0.944683 -0.327984 0
    outer loop
      vertex 31.1468 7.25685 0
      vertex 30.9349 7.86718 0.45
      vertex 30.9349 7.86718 0
    endloop
  endfacet
  facet normal -0.944683 -0.327984 0
    outer loop
      vertex 30.9349 7.86718 0.45
      vertex 31.1468 7.25685 0
      vertex 31.1468 7.25685 0.45
    endloop
  endfacet
  facet normal -0.945777 -0.324816 0
    outer loop
      vertex 31.3303 6.67203 0
      vertex 31.2587 6.88051 0.45
      vertex 31.2587 6.88051 0
    endloop
  endfacet
  facet normal -0.945777 -0.324816 0
    outer loop
      vertex 31.2587 6.88051 0.45
      vertex 31.3303 6.67203 0
      vertex 31.3303 6.67203 0.45
    endloop
  endfacet
  facet normal -0.946203 -0.323574 0
    outer loop
      vertex 31.3918 6.49219 0
      vertex 31.3303 6.67203 0.45
      vertex 31.3303 6.67203 0
    endloop
  endfacet
  facet normal -0.946203 -0.323574 0
    outer loop
      vertex 31.3303 6.67203 0.45
      vertex 31.3918 6.49219 0
      vertex 31.3918 6.49219 0.45
    endloop
  endfacet
  facet normal -0.946214 -0.32354 0
    outer loop
      vertex 31.4435 6.34099 0
      vertex 31.3918 6.49219 0.45
      vertex 31.3918 6.49219 0
    endloop
  endfacet
  facet normal -0.946214 -0.32354 0
    outer loop
      vertex 31.3918 6.49219 0.45
      vertex 31.4435 6.34099 0
      vertex 31.4435 6.34099 0.45
    endloop
  endfacet
  facet normal -0.946922 -0.321462 0
    outer loop
      vertex 31.4851 6.21845 0
      vertex 31.4435 6.34099 0.45
      vertex 31.4435 6.34099 0
    endloop
  endfacet
  facet normal -0.946922 -0.321462 0
    outer loop
      vertex 31.4435 6.34099 0.45
      vertex 31.4851 6.21845 0
      vertex 31.4851 6.21845 0.45
    endloop
  endfacet
  facet normal -0.947466 -0.319858 0
    outer loop
      vertex 31.5168 6.12455 0
      vertex 31.4851 6.21845 0.45
      vertex 31.4851 6.21845 0
    endloop
  endfacet
  facet normal -0.947466 -0.319858 0
    outer loop
      vertex 31.4851 6.21845 0.45
      vertex 31.5168 6.12455 0
      vertex 31.5168 6.12455 0.45
    endloop
  endfacet
  facet normal -0.948901 -0.315573 0
    outer loop
      vertex 31.5385 6.0593 0
      vertex 31.5168 6.12455 0.45
      vertex 31.5168 6.12455 0
    endloop
  endfacet
  facet normal -0.948901 -0.315573 0
    outer loop
      vertex 31.5168 6.12455 0.45
      vertex 31.5385 6.0593 0
      vertex 31.5385 6.0593 0.45
    endloop
  endfacet
  facet normal -0.951782 -0.306775 0
    outer loop
      vertex 31.5503 6.02269 0
      vertex 31.5385 6.0593 0.45
      vertex 31.5385 6.0593 0
    endloop
  endfacet
  facet normal -0.951782 -0.306775 0
    outer loop
      vertex 31.5385 6.0593 0.45
      vertex 31.5503 6.02269 0
      vertex 31.5503 6.02269 0.45
    endloop
  endfacet
  facet normal -0.957537 -0.28831 0
    outer loop
      vertex 31.5569 6.00077 0
      vertex 31.5503 6.02269 0.45
      vertex 31.5503 6.02269 0
    endloop
  endfacet
  facet normal -0.957537 -0.28831 0
    outer loop
      vertex 31.5503 6.02269 0.45
      vertex 31.5569 6.00077 0
      vertex 31.5569 6.00077 0.45
    endloop
  endfacet
  facet normal -0.957478 -0.288506 0
    outer loop
      vertex 31.5633 5.97953 0
      vertex 31.5569 6.00077 0.45
      vertex 31.5569 6.00077 0
    endloop
  endfacet
  facet normal -0.957478 -0.288506 0
    outer loop
      vertex 31.5569 6.00077 0.45
      vertex 31.5633 5.97953 0
      vertex 31.5633 5.97953 0.45
    endloop
  endfacet
  facet normal -0.958695 -0.284438 0
    outer loop
      vertex 31.5694 5.95897 0
      vertex 31.5633 5.97953 0.45
      vertex 31.5633 5.97953 0
    endloop
  endfacet
  facet normal -0.958695 -0.284438 0
    outer loop
      vertex 31.5633 5.97953 0.45
      vertex 31.5694 5.95897 0
      vertex 31.5694 5.95897 0.45
    endloop
  endfacet
  facet normal -0.959903 -0.280334 0
    outer loop
      vertex 31.5752 5.93911 0
      vertex 31.5694 5.95897 0.45
      vertex 31.5694 5.95897 0
    endloop
  endfacet
  facet normal -0.959903 -0.280334 0
    outer loop
      vertex 31.5694 5.95897 0.45
      vertex 31.5752 5.93911 0
      vertex 31.5752 5.93911 0.45
    endloop
  endfacet
  facet normal -0.959882 -0.280404 0
    outer loop
      vertex 31.5808 5.91994 0
      vertex 31.5752 5.93911 0.45
      vertex 31.5752 5.93911 0
    endloop
  endfacet
  facet normal -0.959882 -0.280404 0
    outer loop
      vertex 31.5752 5.93911 0.45
      vertex 31.5808 5.91994 0
      vertex 31.5808 5.91994 0.45
    endloop
  endfacet
  facet normal -0.962617 -0.270866 0
    outer loop
      vertex 31.586 5.90146 0
      vertex 31.5808 5.91994 0.45
      vertex 31.5808 5.91994 0
    endloop
  endfacet
  facet normal -0.962617 -0.270866 0
    outer loop
      vertex 31.5808 5.91994 0.45
      vertex 31.586 5.90146 0
      vertex 31.586 5.90146 0.45
    endloop
  endfacet
  facet normal -0.962699 -0.270573 0
    outer loop
      vertex 31.591 5.88367 0
      vertex 31.586 5.90146 0.45
      vertex 31.586 5.90146 0
    endloop
  endfacet
  facet normal -0.962699 -0.270573 0
    outer loop
      vertex 31.586 5.90146 0.45
      vertex 31.591 5.88367 0
      vertex 31.591 5.88367 0.45
    endloop
  endfacet
  facet normal -0.964567 -0.26384 0
    outer loop
      vertex 31.6012 5.84638 0
      vertex 31.591 5.88367 0.45
      vertex 31.591 5.88367 0
    endloop
  endfacet
  facet normal -0.964567 -0.26384 0
    outer loop
      vertex 31.591 5.88367 0.45
      vertex 31.6012 5.84638 0
      vertex 31.6012 5.84638 0.45
    endloop
  endfacet
  facet normal 0.956687 -0.291119 0
    outer loop
      vertex 31.6012 5.84638 0.45
      vertex 31.6368 5.96337 0
      vertex 31.6368 5.96337 0.45
    endloop
  endfacet
  facet normal 0.956687 -0.291119 0
    outer loop
      vertex 31.6368 5.96337 0
      vertex 31.6012 5.84638 0.45
      vertex 31.6012 5.84638 0
    endloop
  endfacet
  facet normal 0.953474 -0.301476 0
    outer loop
      vertex 31.6368 5.96337 0.45
      vertex 31.7097 6.19393 0
      vertex 31.7097 6.19393 0.45
    endloop
  endfacet
  facet normal 0.953474 -0.301476 0
    outer loop
      vertex 31.7097 6.19393 0
      vertex 31.6368 5.96337 0.45
      vertex 31.6368 5.96337 0
    endloop
  endfacet
  facet normal 0.945861 -0.324572 0
    outer loop
      vertex 31.7097 6.19393 0.45
      vertex 31.9453 6.88051 0
      vertex 31.9453 6.88051 0.45
    endloop
  endfacet
  facet normal 0.945861 -0.324572 0
    outer loop
      vertex 31.9453 6.88051 0
      vertex 31.7097 6.19393 0.45
      vertex 31.7097 6.19393 0
    endloop
  endfacet
  facet normal 0 1 -0
    outer loop
      vertex 31.9453 6.88051 0
      vertex 31.2587 6.88051 0.45
      vertex 31.9453 6.88051 0.45
    endloop
  endfacet
  facet normal 0 1 0
    outer loop
      vertex 31.2587 6.88051 0.45
      vertex 31.9453 6.88051 0
      vertex 31.2587 6.88051 0
    endloop
  endfacet
  facet normal -0.115893 -0.993262 0
    outer loop
      vertex 34.1635 7.89598 0
      vertex 34.2948 7.88066 0.45
      vertex 34.1635 7.89598 0.45
    endloop
  endfacet
  facet normal -0.115893 -0.993262 -0
    outer loop
      vertex 34.2948 7.88066 0.45
      vertex 34.1635 7.89598 0
      vertex 34.2948 7.88066 0
    endloop
  endfacet
  facet normal -0.204511 -0.978864 0
    outer loop
      vertex 34.2948 7.88066 0
      vertex 34.4169 7.85515 0.45
      vertex 34.2948 7.88066 0.45
    endloop
  endfacet
  facet normal -0.204511 -0.978864 -0
    outer loop
      vertex 34.4169 7.85515 0.45
      vertex 34.2948 7.88066 0
      vertex 34.4169 7.85515 0
    endloop
  endfacet
  facet normal -0.302135 -0.953265 0
    outer loop
      vertex 34.4169 7.85515 0
      vertex 34.5296 7.81943 0.45
      vertex 34.4169 7.85515 0.45
    endloop
  endfacet
  facet normal -0.302135 -0.953265 -0
    outer loop
      vertex 34.5296 7.81943 0.45
      vertex 34.4169 7.85515 0
      vertex 34.5296 7.81943 0
    endloop
  endfacet
  facet normal -0.40595 -0.913895 0
    outer loop
      vertex 34.5296 7.81943 0
      vertex 34.633 7.7735 0.45
      vertex 34.5296 7.81943 0.45
    endloop
  endfacet
  facet normal -0.40595 -0.913895 -0
    outer loop
      vertex 34.633 7.7735 0.45
      vertex 34.5296 7.81943 0
      vertex 34.633 7.7735 0
    endloop
  endfacet
  facet normal -0.512347 -0.858779 0
    outer loop
      vertex 34.633 7.7735 0
      vertex 34.7271 7.71736 0.45
      vertex 34.633 7.7735 0.45
    endloop
  endfacet
  facet normal -0.512347 -0.858779 -0
    outer loop
      vertex 34.7271 7.71736 0.45
      vertex 34.633 7.7735 0
      vertex 34.7271 7.71736 0
    endloop
  endfacet
  facet normal -0.615655 -0.788016 0
    outer loop
      vertex 34.7271 7.71736 0
      vertex 34.812 7.65103 0.45
      vertex 34.7271 7.71736 0.45
    endloop
  endfacet
  facet normal -0.615655 -0.788016 -0
    outer loop
      vertex 34.812 7.65103 0.45
      vertex 34.7271 7.71736 0
      vertex 34.812 7.65103 0
    endloop
  endfacet
  facet normal -0.712834 -0.701333 0
    outer loop
      vertex 34.8864 7.57541 0
      vertex 34.812 7.65103 0.45
      vertex 34.812 7.65103 0
    endloop
  endfacet
  facet normal -0.712834 -0.701333 0
    outer loop
      vertex 34.812 7.65103 0.45
      vertex 34.8864 7.57541 0
      vertex 34.8864 7.57541 0.45
    endloop
  endfacet
  facet normal -0.799794 -0.600274 0
    outer loop
      vertex 34.9494 7.49147 0
      vertex 34.8864 7.57541 0.45
      vertex 34.8864 7.57541 0
    endloop
  endfacet
  facet normal -0.799794 -0.600274 0
    outer loop
      vertex 34.8864 7.57541 0.45
      vertex 34.9494 7.49147 0
      vertex 34.9494 7.49147 0.45
    endloop
  endfacet
  facet normal -0.873263 -0.487249 0
    outer loop
      vertex 35.0009 7.39917 0
      vertex 34.9494 7.49147 0.45
      vertex 34.9494 7.49147 0
    endloop
  endfacet
  facet normal -0.873263 -0.487249 0
    outer loop
      vertex 34.9494 7.49147 0.45
      vertex 35.0009 7.39917 0
      vertex 35.0009 7.39917 0.45
    endloop
  endfacet
  facet normal -0.92896 -0.370181 0
    outer loop
      vertex 35.041 7.29854 0
      vertex 35.0009 7.39917 0.45
      vertex 35.0009 7.39917 0
    endloop
  endfacet
  facet normal -0.92896 -0.370181 0
    outer loop
      vertex 35.0009 7.39917 0.45
      vertex 35.041 7.29854 0
      vertex 35.041 7.29854 0.45
    endloop
  endfacet
  facet normal -0.967235 -0.253882 0
    outer loop
      vertex 35.0696 7.18958 0
      vertex 35.041 7.29854 0.45
      vertex 35.041 7.29854 0
    endloop
  endfacet
  facet normal -0.967235 -0.253882 0
    outer loop
      vertex 35.041 7.29854 0.45
      vertex 35.0696 7.18958 0
      vertex 35.0696 7.18958 0.45
    endloop
  endfacet
  facet normal -0.989422 -0.145069 0
    outer loop
      vertex 35.0868 7.07227 0
      vertex 35.0696 7.18958 0.45
      vertex 35.0696 7.18958 0
    endloop
  endfacet
  facet normal -0.989422 -0.145069 0
    outer loop
      vertex 35.0696 7.18958 0.45
      vertex 35.0868 7.07227 0
      vertex 35.0868 7.07227 0.45
    endloop
  endfacet
  facet normal -0.998972 -0.0453211 0
    outer loop
      vertex 35.0925 6.94663 0
      vertex 35.0868 7.07227 0.45
      vertex 35.0868 7.07227 0
    endloop
  endfacet
  facet normal -0.998972 -0.0453211 0
    outer loop
      vertex 35.0868 7.07227 0.45
      vertex 35.0925 6.94663 0
      vertex 35.0925 6.94663 0.45
    endloop
  endfacet
  facet normal -1 0 0
    outer loop
      vertex 35.0925 5.47849 0
      vertex 35.0925 6.94663 0.45
      vertex 35.0925 6.94663 0
    endloop
  endfacet
  facet normal -1 -0 0
    outer loop
      vertex 35.0925 6.94663 0.45
      vertex 35.0925 5.47849 0
      vertex 35.0925 5.47849 0.45
    endloop
  endfacet
  facet normal 0 1 -0
    outer loop
      vertex 35.0925 5.47849 0
      vertex 34.5924 5.47849 0.45
      vertex 35.0925 5.47849 0.45
    endloop
  endfacet
  facet normal 0 1 0
    outer loop
      vertex 34.5924 5.47849 0.45
      vertex 35.0925 5.47849 0
      vertex 34.5924 5.47849 0
    endloop
  endfacet
  facet normal 1 -0 0
    outer loop
      vertex 34.5924 5.47849 0.45
      vertex 34.5924 6.91611 0
      vertex 34.5924 6.91611 0.45
    endloop
  endfacet
  facet normal 1 0 0
    outer loop
      vertex 34.5924 6.91611 0
      vertex 34.5924 5.47849 0.45
      vertex 34.5924 5.47849 0
    endloop
  endfacet
  facet normal 0.999329 0.036624 0
    outer loop
      vertex 34.5924 6.91611 0.45
      vertex 34.5895 6.99524 0
      vertex 34.5895 6.99524 0.45
    endloop
  endfacet
  facet normal 0.999329 0.036624 0
    outer loop
      vertex 34.5895 6.99524 0
      vertex 34.5924 6.91611 0.45
      vertex 34.5924 6.91611 0
    endloop
  endfacet
  facet normal 0.992951 0.118529 0
    outer loop
      vertex 34.5895 6.99524 0.45
      vertex 34.5807 7.06896 0
      vertex 34.5807 7.06896 0.45
    endloop
  endfacet
  facet normal 0.992951 0.118529 0
    outer loop
      vertex 34.5807 7.06896 0
      vertex 34.5895 6.99524 0.45
      vertex 34.5895 6.99524 0
    endloop
  endfacet
  facet normal 0.977305 0.211835 0
    outer loop
      vertex 34.5807 7.06896 0.45
      vertex 34.5659 7.13724 0
      vertex 34.5659 7.13724 0.45
    endloop
  endfacet
  facet normal 0.977305 0.211835 0
    outer loop
      vertex 34.5659 7.13724 0
      vertex 34.5807 7.06896 0.45
      vertex 34.5807 7.06896 0
    endloop
  endfacet
  facet normal 0.950706 0.310095 0
    outer loop
      vertex 34.5659 7.13724 0.45
      vertex 34.5454 7.20009 0
      vertex 34.5454 7.20009 0.45
    endloop
  endfacet
  facet normal 0.950706 0.310095 0
    outer loop
      vertex 34.5454 7.20009 0
      vertex 34.5659 7.13724 0.45
      vertex 34.5659 7.13724 0
    endloop
  endfacet
  facet normal 0.907969 0.419038 0
    outer loop
      vertex 34.5454 7.20009 0.45
      vertex 34.5189 7.25751 0
      vertex 34.5189 7.25751 0.45
    endloop
  endfacet
  facet normal 0.907969 0.419038 0
    outer loop
      vertex 34.5189 7.25751 0
      vertex 34.5454 7.20009 0.45
      vertex 34.5454 7.20009 0
    endloop
  endfacet
  facet normal 0.848685 0.528898 0
    outer loop
      vertex 34.5189 7.25751 0.45
      vertex 34.4865 7.3095 0
      vertex 34.4865 7.3095 0.45
    endloop
  endfacet
  facet normal 0.848685 0.528898 0
    outer loop
      vertex 34.4865 7.3095 0
      vertex 34.5189 7.25751 0.45
      vertex 34.5189 7.25751 0
    endloop
  endfacet
  facet normal 0.773032 0.634368 0
    outer loop
      vertex 34.4865 7.3095 0.45
      vertex 34.4483 7.35605 0
      vertex 34.4483 7.35605 0.45
    endloop
  endfacet
  facet normal 0.773032 0.634368 0
    outer loop
      vertex 34.4483 7.35605 0
      vertex 34.4865 7.3095 0.45
      vertex 34.4865 7.3095 0
    endloop
  endfacet
  facet normal 0.681632 0.731695 -0
    outer loop
      vertex 34.4483 7.35605 0
      vertex 34.4046 7.39676 0.45
      vertex 34.4483 7.35605 0.45
    endloop
  endfacet
  facet normal 0.681632 0.731695 0
    outer loop
      vertex 34.4046 7.39676 0.45
      vertex 34.4483 7.35605 0
      vertex 34.4046 7.39676 0
    endloop
  endfacet
  facet normal 0.577394 0.816466 -0
    outer loop
      vertex 34.4046 7.39676 0
      vertex 34.3559 7.4312 0.45
      vertex 34.4046 7.39676 0.45
    endloop
  endfacet
  facet normal 0.577394 0.816466 0
    outer loop
      vertex 34.3559 7.4312 0.45
      vertex 34.4046 7.39676 0
      vertex 34.3559 7.4312 0
    endloop
  endfacet
  facet normal 0.463995 0.885838 -0
    outer loop
      vertex 34.3559 7.4312 0
      vertex 34.3021 7.45938 0.45
      vertex 34.3559 7.4312 0.45
    endloop
  endfacet
  facet normal 0.463995 0.885838 0
    outer loop
      vertex 34.3021 7.45938 0.45
      vertex 34.3559 7.4312 0
      vertex 34.3021 7.45938 0
    endloop
  endfacet
  facet normal 0.348786 0.937202 -0
    outer loop
      vertex 34.3021 7.45938 0
      vertex 34.2432 7.4813 0.45
      vertex 34.3021 7.45938 0.45
    endloop
  endfacet
  facet normal 0.348786 0.937202 0
    outer loop
      vertex 34.2432 7.4813 0.45
      vertex 34.3021 7.45938 0
      vertex 34.2432 7.4813 0
    endloop
  endfacet
  facet normal 0.237883 0.971294 -0
    outer loop
      vertex 34.2432 7.4813 0
      vertex 34.1793 7.49695 0.45
      vertex 34.2432 7.4813 0.45
    endloop
  endfacet
  facet normal 0.237883 0.971294 0
    outer loop
      vertex 34.1793 7.49695 0.45
      vertex 34.2432 7.4813 0
      vertex 34.1793 7.49695 0
    endloop
  endfacet
  facet normal 0.135177 0.990821 -0
    outer loop
      vertex 34.1793 7.49695 0
      vertex 34.1104 7.50635 0.45
      vertex 34.1793 7.49695 0.45
    endloop
  endfacet
  facet normal 0.135177 0.990821 0
    outer loop
      vertex 34.1104 7.50635 0.45
      vertex 34.1793 7.49695 0
      vertex 34.1104 7.50635 0
    endloop
  endfacet
  facet normal 0.0422595 0.999107 -0
    outer loop
      vertex 34.1104 7.50635 0
      vertex 34.0364 7.50948 0.45
      vertex 34.1104 7.50635 0.45
    endloop
  endfacet
  facet normal 0.0422595 0.999107 0
    outer loop
      vertex 34.0364 7.50948 0.45
      vertex 34.1104 7.50635 0
      vertex 34.0364 7.50948 0
    endloop
  endfacet
  facet normal -0.041492 0.999139 0
    outer loop
      vertex 34.0364 7.50948 0
      vertex 33.9644 7.50649 0.45
      vertex 34.0364 7.50948 0.45
    endloop
  endfacet
  facet normal -0.041492 0.999139 0
    outer loop
      vertex 33.9644 7.50649 0.45
      vertex 34.0364 7.50948 0
      vertex 33.9644 7.50649 0
    endloop
  endfacet
  facet normal -0.132892 0.991131 0
    outer loop
      vertex 33.9644 7.50649 0
      vertex 33.8975 7.49752 0.45
      vertex 33.9644 7.50649 0.45
    endloop
  endfacet
  facet normal -0.132892 0.991131 0
    outer loop
      vertex 33.8975 7.49752 0.45
      vertex 33.9644 7.50649 0
      vertex 33.8975 7.49752 0
    endloop
  endfacet
  facet normal -0.235785 0.971805 0
    outer loop
      vertex 33.8975 7.49752 0
      vertex 33.8358 7.48255 0.45
      vertex 33.8975 7.49752 0.45
    endloop
  endfacet
  facet normal -0.235785 0.971805 0
    outer loop
      vertex 33.8358 7.48255 0.45
      vertex 33.8975 7.49752 0
      vertex 33.8358 7.48255 0
    endloop
  endfacet
  facet normal -0.347125 0.937819 0
    outer loop
      vertex 33.8358 7.48255 0
      vertex 33.7792 7.4616 0.45
      vertex 33.8358 7.48255 0.45
    endloop
  endfacet
  facet normal -0.347125 0.937819 0
    outer loop
      vertex 33.7792 7.4616 0.45
      vertex 33.8358 7.48255 0
      vertex 33.7792 7.4616 0
    endloop
  endfacet
  facet normal -0.464226 0.885717 0
    outer loop
      vertex 33.7792 7.4616 0
      vertex 33.7278 7.43466 0.45
      vertex 33.7792 7.4616 0.45
    endloop
  endfacet
  facet normal -0.464226 0.885717 0
    outer loop
      vertex 33.7278 7.43466 0.45
      vertex 33.7792 7.4616 0
      vertex 33.7278 7.43466 0
    endloop
  endfacet
  facet normal -0.580304 0.8144 0
    outer loop
      vertex 33.7278 7.43466 0
      vertex 33.6816 7.40174 0.45
      vertex 33.7278 7.43466 0.45
    endloop
  endfacet
  facet normal -0.580304 0.8144 0
    outer loop
      vertex 33.6816 7.40174 0.45
      vertex 33.7278 7.43466 0
      vertex 33.6816 7.40174 0
    endloop
  endfacet
  facet normal -0.687495 0.726189 0
    outer loop
      vertex 33.6816 7.40174 0
      vertex 33.6405 7.36283 0.45
      vertex 33.6816 7.40174 0.45
    endloop
  endfacet
  facet normal -0.687495 0.726189 0
    outer loop
      vertex 33.6405 7.36283 0.45
      vertex 33.6816 7.40174 0
      vertex 33.6405 7.36283 0
    endloop
  endfacet
  facet normal -0.781244 0.624226 0
    outer loop
      vertex 33.6048 7.31815 0
      vertex 33.6405 7.36283 0.45
      vertex 33.6405 7.36283 0
    endloop
  endfacet
  facet normal -0.781244 0.624226 0
    outer loop
      vertex 33.6405 7.36283 0.45
      vertex 33.6048 7.31815 0
      vertex 33.6048 7.31815 0.45
    endloop
  endfacet
  facet normal -0.856409 0.516299 0
    outer loop
      vertex 33.5745 7.26789 0
      vertex 33.6048 7.31815 0.45
      vertex 33.6048 7.31815 0
    endloop
  endfacet
  facet normal -0.856409 0.516299 0
    outer loop
      vertex 33.6048 7.31815 0.45
      vertex 33.5745 7.26789 0
      vertex 33.5745 7.26789 0.45
    endloop
  endfacet
  facet normal -0.913866 0.406017 0
    outer loop
      vertex 33.5497 7.21207 0
      vertex 33.5745 7.26789 0.45
      vertex 33.5745 7.26789 0
    endloop
  endfacet
  facet normal -0.913866 0.406017 0
    outer loop
      vertex 33.5745 7.26789 0.45
      vertex 33.5497 7.21207 0
      vertex 33.5497 7.21207 0.45
    endloop
  endfacet
  facet normal -0.954425 0.298452 0
    outer loop
      vertex 33.5305 7.15067 0
      vertex 33.5497 7.21207 0.45
      vertex 33.5497 7.21207 0
    endloop
  endfacet
  facet normal -0.954425 0.298452 0
    outer loop
      vertex 33.5497 7.21207 0.45
      vertex 33.5305 7.15067 0
      vertex 33.5305 7.15067 0.45
    endloop
  endfacet
  facet normal -0.979422 0.201822 0
    outer loop
      vertex 33.5167 7.0837 0
      vertex 33.5305 7.15067 0.45
      vertex 33.5305 7.15067 0
    endloop
  endfacet
  facet normal -0.979422 0.201822 0
    outer loop
      vertex 33.5305 7.15067 0.45
      vertex 33.5167 7.0837 0
      vertex 33.5167 7.0837 0.45
    endloop
  endfacet
  facet normal -0.993671 0.112326 0
    outer loop
      vertex 33.5085 7.01116 0
      vertex 33.5167 7.0837 0.45
      vertex 33.5167 7.0837 0
    endloop
  endfacet
  facet normal -0.993671 0.112326 0
    outer loop
      vertex 33.5167 7.0837 0.45
      vertex 33.5085 7.01116 0
      vertex 33.5085 7.01116 0.45
    endloop
  endfacet
  facet normal -0.999358 0.0358239 0
    outer loop
      vertex 33.5057 6.93305 0
      vertex 33.5085 7.01116 0.45
      vertex 33.5085 7.01116 0
    endloop
  endfacet
  facet normal -0.999358 0.0358239 0
    outer loop
      vertex 33.5085 7.01116 0.45
      vertex 33.5057 6.93305 0
      vertex 33.5057 6.93305 0.45
    endloop
  endfacet
  facet normal -1 0 0
    outer loop
      vertex 33.5057 5.47849 0
      vertex 33.5057 6.93305 0.45
      vertex 33.5057 6.93305 0
    endloop
  endfacet
  facet normal -1 -0 0
    outer loop
      vertex 33.5057 6.93305 0.45
      vertex 33.5057 5.47849 0
      vertex 33.5057 5.47849 0.45
    endloop
  endfacet
  facet normal 0 1 -0
    outer loop
      vertex 33.5057 5.47849 0
      vertex 33.0056 5.47849 0.45
      vertex 33.5057 5.47849 0.45
    endloop
  endfacet
  facet normal 0 1 0
    outer loop
      vertex 33.0056 5.47849 0.45
      vertex 33.5057 5.47849 0
      vertex 33.0056 5.47849 0
    endloop
  endfacet
  facet normal 1 -0 0
    outer loop
      vertex 33.0056 5.47849 0.45
      vertex 33.0056 6.97205 0
      vertex 33.0056 6.97205 0.45
    endloop
  endfacet
  facet normal 1 0 0
    outer loop
      vertex 33.0056 6.97205 0
      vertex 33.0056 5.47849 0.45
      vertex 33.0056 5.47849 0
    endloop
  endfacet
  facet normal 0.999048 -0.0436265 0
    outer loop
      vertex 33.0056 6.97205 0.45
      vertex 33.011 7.09571 0
      vertex 33.011 7.09571 0.45
    endloop
  endfacet
  facet normal 0.999048 -0.0436265 0
    outer loop
      vertex 33.011 7.09571 0
      vertex 33.0056 6.97205 0.45
      vertex 33.0056 6.97205 0
    endloop
  endfacet
  facet normal 0.990492 -0.137568 0
    outer loop
      vertex 33.011 7.09571 0.45
      vertex 33.027 7.21091 0
      vertex 33.027 7.21091 0.45
    endloop
  endfacet
  facet normal 0.990492 -0.137568 0
    outer loop
      vertex 33.027 7.21091 0
      vertex 33.011 7.09571 0.45
      vertex 33.011 7.09571 0
    endloop
  endfacet
  facet normal 0.970132 -0.242578 0
    outer loop
      vertex 33.027 7.21091 0.45
      vertex 33.0537 7.31769 0
      vertex 33.0537 7.31769 0.45
    endloop
  endfacet
  facet normal 0.970132 -0.242578 0
    outer loop
      vertex 33.0537 7.31769 0
      vertex 33.027 7.21091 0.45
      vertex 33.027 7.21091 0
    endloop
  endfacet
  facet normal 0.934674 -0.355505 0
    outer loop
      vertex 33.0537 7.31769 0.45
      vertex 33.0911 7.41602 0
      vertex 33.0911 7.41602 0.45
    endloop
  endfacet
  facet normal 0.934674 -0.355505 0
    outer loop
      vertex 33.0911 7.41602 0
      vertex 33.0537 7.31769 0.45
      vertex 33.0537 7.31769 0
    endloop
  endfacet
  facet normal 0.881298 -0.472561 0
    outer loop
      vertex 33.0911 7.41602 0.45
      vertex 33.1393 7.50591 0
      vertex 33.1393 7.50591 0.45
    endloop
  endfacet
  facet normal 0.881298 -0.472561 0
    outer loop
      vertex 33.1393 7.50591 0
      vertex 33.0911 7.41602 0.45
      vertex 33.0911 7.41602 0
    endloop
  endfacet
  facet normal 0.811202 -0.584767 0
    outer loop
      vertex 33.1393 7.50591 0.45
      vertex 33.198 7.58734 0
      vertex 33.198 7.58734 0.45
    endloop
  endfacet
  facet normal 0.811202 -0.584767 0
    outer loop
      vertex 33.198 7.58734 0
      vertex 33.1393 7.50591 0.45
      vertex 33.1393 7.50591 0
    endloop
  endfacet
  facet normal 0.72435 -0.689432 0
    outer loop
      vertex 33.198 7.58734 0.45
      vertex 33.2675 7.66036 0
      vertex 33.2675 7.66036 0.45
    endloop
  endfacet
  facet normal 0.72435 -0.689432 0
    outer loop
      vertex 33.2675 7.66036 0
      vertex 33.198 7.58734 0.45
      vertex 33.198 7.58734 0
    endloop
  endfacet
  facet normal 0.62577 -0.780008 0
    outer loop
      vertex 33.2675 7.66036 0
      vertex 33.3471 7.72422 0.45
      vertex 33.2675 7.66036 0.45
    endloop
  endfacet
  facet normal 0.62577 -0.780008 0
    outer loop
      vertex 33.3471 7.72422 0.45
      vertex 33.2675 7.66036 0
      vertex 33.3471 7.72422 0
    endloop
  endfacet
  facet normal 0.519008 -0.854769 0
    outer loop
      vertex 33.3471 7.72422 0
      vertex 33.4361 7.77826 0.45
      vertex 33.3471 7.72422 0.45
    endloop
  endfacet
  facet normal 0.519008 -0.854769 0
    outer loop
      vertex 33.4361 7.77826 0.45
      vertex 33.3471 7.72422 0
      vertex 33.4361 7.77826 0
    endloop
  endfacet
  facet normal 0.409902 -0.91213 0
    outer loop
      vertex 33.4361 7.77826 0
      vertex 33.5345 7.82248 0.45
      vertex 33.4361 7.77826 0.45
    endloop
  endfacet
  facet normal 0.409902 -0.91213 0
    outer loop
      vertex 33.5345 7.82248 0.45
      vertex 33.4361 7.77826 0
      vertex 33.5345 7.82248 0
    endloop
  endfacet
  facet normal 0.30359 -0.952803 0
    outer loop
      vertex 33.5345 7.82248 0
      vertex 33.6424 7.85686 0.45
      vertex 33.5345 7.82248 0.45
    endloop
  endfacet
  facet normal 0.30359 -0.952803 0
    outer loop
      vertex 33.6424 7.85686 0.45
      vertex 33.5345 7.82248 0
      vertex 33.6424 7.85686 0
    endloop
  endfacet
  facet normal 0.204846 -0.978794 0
    outer loop
      vertex 33.6424 7.85686 0
      vertex 33.7598 7.88143 0.45
      vertex 33.6424 7.85686 0.45
    endloop
  endfacet
  facet normal 0.204846 -0.978794 0
    outer loop
      vertex 33.7598 7.88143 0.45
      vertex 33.6424 7.85686 0
      vertex 33.7598 7.88143 0
    endloop
  endfacet
  facet normal 0.115469 -0.993311 0
    outer loop
      vertex 33.7598 7.88143 0
      vertex 33.8866 7.89617 0.45
      vertex 33.7598 7.88143 0.45
    endloop
  endfacet
  facet normal 0.115469 -0.993311 0
    outer loop
      vertex 33.8866 7.89617 0.45
      vertex 33.7598 7.88143 0
      vertex 33.8866 7.89617 0
    endloop
  endfacet
  facet normal 0.0360265 -0.999351 0
    outer loop
      vertex 33.8866 7.89617 0
      vertex 34.0228 7.90108 0.45
      vertex 33.8866 7.89617 0.45
    endloop
  endfacet
  facet normal 0.0360265 -0.999351 0
    outer loop
      vertex 34.0228 7.90108 0.45
      vertex 33.8866 7.89617 0
      vertex 34.0228 7.90108 0
    endloop
  endfacet
  facet normal -0.0362235 -0.999344 0
    outer loop
      vertex 34.0228 7.90108 0
      vertex 34.1635 7.89598 0.45
      vertex 34.0228 7.90108 0.45
    endloop
  endfacet
  facet normal -0.0362235 -0.999344 -0
    outer loop
      vertex 34.1635 7.89598 0.45
      vertex 34.0228 7.90108 0
      vertex 34.1635 7.89598 0
    endloop
  endfacet
  facet normal -0.0965196 -0.995331 0
    outer loop
      vertex 39.0551 7.86354 0
      vertex 39.1674 7.85265 0.45
      vertex 39.0551 7.86354 0.45
    endloop
  endfacet
  facet normal -0.0965196 -0.995331 -0
    outer loop
      vertex 39.1674 7.85265 0.45
      vertex 39.0551 7.86354 0
      vertex 39.1674 7.85265 0
    endloop
  endfacet
  facet normal -0.170896 -0.985289 0
    outer loop
      vertex 39.1674 7.85265 0
      vertex 39.2721 7.83449 0.45
      vertex 39.1674 7.85265 0.45
    endloop
  endfacet
  facet normal -0.170896 -0.985289 -0
    outer loop
      vertex 39.2721 7.83449 0.45
      vertex 39.1674 7.85265 0
      vertex 39.2721 7.83449 0
    endloop
  endfacet
  facet normal -0.254179 -0.967157 0
    outer loop
      vertex 39.2721 7.83449 0
      vertex 39.3689 7.80905 0.45
      vertex 39.2721 7.83449 0.45
    endloop
  endfacet
  facet normal -0.254179 -0.967157 -0
    outer loop
      vertex 39.3689 7.80905 0.45
      vertex 39.2721 7.83449 0
      vertex 39.3689 7.80905 0
    endloop
  endfacet
  facet normal -0.344007 -0.938967 0
    outer loop
      vertex 39.3689 7.80905 0
      vertex 39.4581 7.77637 0.45
      vertex 39.3689 7.80905 0.45
    endloop
  endfacet
  facet normal -0.344007 -0.938967 -0
    outer loop
      vertex 39.4581 7.77637 0.45
      vertex 39.3689 7.80905 0
      vertex 39.4581 7.77637 0
    endloop
  endfacet
  facet normal -0.44111 -0.897453 0
    outer loop
      vertex 39.4581 7.77637 0
      vertex 39.5394 7.73641 0.45
      vertex 39.4581 7.77637 0.45
    endloop
  endfacet
  facet normal -0.44111 -0.897453 -0
    outer loop
      vertex 39.5394 7.73641 0.45
      vertex 39.4581 7.77637 0
      vertex 39.5394 7.73641 0
    endloop
  endfacet
  facet normal -0.539556 -0.84195 0
    outer loop
      vertex 39.5394 7.73641 0
      vertex 39.6131 7.68918 0.45
      vertex 39.5394 7.73641 0.45
    endloop
  endfacet
  facet normal -0.539556 -0.84195 -0
    outer loop
      vertex 39.6131 7.68918 0.45
      vertex 39.5394 7.73641 0
      vertex 39.6131 7.68918 0
    endloop
  endfacet
  facet normal -0.639927 -0.768435 0
    outer loop
      vertex 39.6131 7.68918 0
      vertex 39.6778 7.6353 0.45
      vertex 39.6131 7.68918 0.45
    endloop
  endfacet
  facet normal -0.639927 -0.768435 -0
    outer loop
      vertex 39.6778 7.6353 0.45
      vertex 39.6131 7.68918 0
      vertex 39.6778 7.6353 0
    endloop
  endfacet
  facet normal -0.737149 -0.67573 0
    outer loop
      vertex 39.7327 7.57541 0
      vertex 39.6778 7.6353 0.45
      vertex 39.6778 7.6353 0
    endloop
  endfacet
  facet normal -0.737149 -0.67573 0
    outer loop
      vertex 39.6778 7.6353 0.45
      vertex 39.7327 7.57541 0
      vertex 39.7327 7.57541 0.45
    endloop
  endfacet
  facet normal -0.827076 -0.56209 0
    outer loop
      vertex 39.7775 7.50949 0
      vertex 39.7327 7.57541 0.45
      vertex 39.7327 7.57541 0
    endloop
  endfacet
  facet normal -0.827076 -0.56209 0
    outer loop
      vertex 39.7327 7.57541 0.45
      vertex 39.7775 7.50949 0
      vertex 39.7775 7.50949 0.45
    endloop
  endfacet
  facet normal -0.899692 -0.436525 0
    outer loop
      vertex 39.8124 7.43756 0
      vertex 39.7775 7.50949 0.45
      vertex 39.7775 7.50949 0
    endloop
  endfacet
  facet normal -0.899692 -0.436525 0
    outer loop
      vertex 39.7775 7.50949 0.45
      vertex 39.8124 7.43756 0
      vertex 39.8124 7.43756 0.45
    endloop
  endfacet
  facet normal -0.952569 -0.304323 0
    outer loop
      vertex 39.8373 7.35962 0
      vertex 39.8124 7.43756 0.45
      vertex 39.8124 7.43756 0
    endloop
  endfacet
  facet normal -0.952569 -0.304323 0
    outer loop
      vertex 39.8124 7.43756 0.45
      vertex 39.8373 7.35962 0
      vertex 39.8373 7.35962 0.45
    endloop
  endfacet
  facet normal -0.984623 -0.174695 0
    outer loop
      vertex 39.8522 7.27564 0
      vertex 39.8373 7.35962 0.45
      vertex 39.8373 7.35962 0
    endloop
  endfacet
  facet normal -0.984623 -0.174695 0
    outer loop
      vertex 39.8373 7.35962 0.45
      vertex 39.8522 7.27564 0
      vertex 39.8522 7.27564 0.45
    endloop
  endfacet
  facet normal -0.99846 -0.0554823 0
    outer loop
      vertex 39.8572 7.18566 0
      vertex 39.8522 7.27564 0.45
      vertex 39.8522 7.27564 0
    endloop
  endfacet
  facet normal -0.99846 -0.0554823 0
    outer loop
      vertex 39.8522 7.27564 0.45
      vertex 39.8572 7.18566 0
      vertex 39.8572 7.18566 0.45
    endloop
  endfacet
  facet normal -0.998956 0.045675 0
    outer loop
      vertex 39.8541 7.11786 0
      vertex 39.8572 7.18566 0.45
      vertex 39.8572 7.18566 0
    endloop
  endfacet
  facet normal -0.998956 0.045675 0
    outer loop
      vertex 39.8572 7.18566 0.45
      vertex 39.8541 7.11786 0
      vertex 39.8541 7.11786 0.45
    endloop
  endfacet
  facet normal -0.989571 0.144045 0
    outer loop
      vertex 39.8448 7.05397 0
      vertex 39.8541 7.11786 0.45
      vertex 39.8541 7.11786 0
    endloop
  endfacet
  facet normal -0.989571 0.144045 0
    outer loop
      vertex 39.8541 7.11786 0.45
      vertex 39.8448 7.05397 0
      vertex 39.8448 7.05397 0.45
    endloop
  endfacet
  facet normal -0.968174 0.250278 0
    outer loop
      vertex 39.8293 6.99401 0
      vertex 39.8448 7.05397 0.45
      vertex 39.8448 7.05397 0
    endloop
  endfacet
  facet normal -0.968174 0.250278 0
    outer loop
      vertex 39.8448 7.05397 0.45
      vertex 39.8293 6.99401 0
      vertex 39.8293 6.99401 0.45
    endloop
  endfacet
  facet normal -0.933174 0.359425 0
    outer loop
      vertex 39.8077 6.93793 0
      vertex 39.8293 6.99401 0.45
      vertex 39.8293 6.99401 0
    endloop
  endfacet
  facet normal -0.933174 0.359425 0
    outer loop
      vertex 39.8293 6.99401 0.45
      vertex 39.8077 6.93793 0
      vertex 39.8077 6.93793 0.45
    endloop
  endfacet
  facet normal -0.881744 0.471729 0
    outer loop
      vertex 39.7798 6.88578 0
      vertex 39.8077 6.93793 0.45
      vertex 39.8077 6.93793 0
    endloop
  endfacet
  facet normal -0.881744 0.471729 0
    outer loop
      vertex 39.8077 6.93793 0.45
      vertex 39.7798 6.88578 0
      vertex 39.7798 6.88578 0.45
    endloop
  endfacet
  facet normal -0.816583 0.577228 0
    outer loop
      vertex 39.7457 6.83754 0
      vertex 39.7798 6.88578 0.45
      vertex 39.7798 6.88578 0
    endloop
  endfacet
  facet normal -0.816583 0.577228 0
    outer loop
      vertex 39.7798 6.88578 0.45
      vertex 39.7457 6.83754 0
      vertex 39.7457 6.83754 0.45
    endloop
  endfacet
  facet normal -0.740847 0.671674 0
    outer loop
      vertex 39.7055 6.7932 0
      vertex 39.7457 6.83754 0.45
      vertex 39.7457 6.83754 0
    endloop
  endfacet
  facet normal -0.740847 0.671674 0
    outer loop
      vertex 39.7457 6.83754 0.45
      vertex 39.7055 6.7932 0
      vertex 39.7055 6.7932 0.45
    endloop
  endfacet
  facet normal -0.654931 0.755689 0
    outer loop
      vertex 39.7055 6.7932 0
      vertex 39.6593 6.75316 0.45
      vertex 39.7055 6.7932 0.45
    endloop
  endfacet
  facet normal -0.654931 0.755689 0
    outer loop
      vertex 39.6593 6.75316 0.45
      vertex 39.7055 6.7932 0
      vertex 39.6593 6.75316 0
    endloop
  endfacet
  facet normal -0.564009 0.825768 0
    outer loop
      vertex 39.6593 6.75316 0
      vertex 39.6075 6.71778 0.45
      vertex 39.6593 6.75316 0.45
    endloop
  endfacet
  facet normal -0.564009 0.825768 0
    outer loop
      vertex 39.6075 6.71778 0.45
      vertex 39.6593 6.75316 0
      vertex 39.6075 6.71778 0
    endloop
  endfacet
  facet normal -0.470867 0.882204 0
    outer loop
      vertex 39.6075 6.71778 0
      vertex 39.55 6.68709 0.45
      vertex 39.6075 6.71778 0.45
    endloop
  endfacet
  facet normal -0.470867 0.882204 0
    outer loop
      vertex 39.55 6.68709 0.45
      vertex 39.6075 6.71778 0
      vertex 39.55 6.68709 0
    endloop
  endfacet
  facet normal -0.382114 0.924115 0
    outer loop
      vertex 39.55 6.68709 0
      vertex 39.487 6.66104 0.45
      vertex 39.55 6.68709 0.45
    endloop
  endfacet
  facet normal -0.382114 0.924115 0
    outer loop
      vertex 39.487 6.66104 0.45
      vertex 39.55 6.68709 0
      vertex 39.487 6.66104 0
    endloop
  endfacet
  facet normal -0.296504 0.955032 0
    outer loop
      vertex 39.487 6.66104 0
      vertex 39.4182 6.63968 0.45
      vertex 39.487 6.66104 0.45
    endloop
  endfacet
  facet normal -0.296504 0.955032 0
    outer loop
      vertex 39.4182 6.63968 0.45
      vertex 39.487 6.66104 0
      vertex 39.4182 6.63968 0
    endloop
  endfacet
  facet normal -0.219168 0.975687 0
    outer loop
      vertex 39.4182 6.63968 0
      vertex 39.3439 6.62299 0.45
      vertex 39.4182 6.63968 0.45
    endloop
  endfacet
  facet normal -0.219168 0.975687 0
    outer loop
      vertex 39.3439 6.62299 0.45
      vertex 39.4182 6.63968 0
      vertex 39.3439 6.62299 0
    endloop
  endfacet
  facet normal -0.148703 0.988882 0
    outer loop
      vertex 39.3439 6.62299 0
      vertex 39.2639 6.61096 0.45
      vertex 39.3439 6.62299 0.45
    endloop
  endfacet
  facet normal -0.148703 0.988882 0
    outer loop
      vertex 39.2639 6.61096 0.45
      vertex 39.3439 6.62299 0
      vertex 39.2639 6.61096 0
    endloop
  endfacet
  facet normal -0.243112 -0.969998 0
    outer loop
      vertex 39.2639 6.61096 0
      vertex 39.3273 6.59507 0.45
      vertex 39.2639 6.61096 0.45
    endloop
  endfacet
  facet normal -0.243112 -0.969998 -0
    outer loop
      vertex 39.3273 6.59507 0.45
      vertex 39.2639 6.61096 0
      vertex 39.3273 6.59507 0
    endloop
  endfacet
  facet normal -0.316712 -0.948522 0
    outer loop
      vertex 39.3273 6.59507 0
      vertex 39.386 6.57547 0.45
      vertex 39.3273 6.59507 0.45
    endloop
  endfacet
  facet normal -0.316712 -0.948522 -0
    outer loop
      vertex 39.386 6.57547 0.45
      vertex 39.3273 6.59507 0
      vertex 39.386 6.57547 0
    endloop
  endfacet
  facet normal -0.397416 -0.917639 0
    outer loop
      vertex 39.386 6.57547 0
      vertex 39.4398 6.55217 0.45
      vertex 39.386 6.57547 0.45
    endloop
  endfacet
  facet normal -0.397416 -0.917639 -0
    outer loop
      vertex 39.4398 6.55217 0.45
      vertex 39.386 6.57547 0
      vertex 39.4398 6.55217 0
    endloop
  endfacet
  facet normal -0.481987 -0.876178 0
    outer loop
      vertex 39.4398 6.55217 0
      vertex 39.4889 6.52516 0.45
      vertex 39.4398 6.55217 0.45
    endloop
  endfacet
  facet normal -0.481987 -0.876178 -0
    outer loop
      vertex 39.4889 6.52516 0.45
      vertex 39.4398 6.55217 0
      vertex 39.4889 6.52516 0
    endloop
  endfacet
  facet normal -0.570465 -0.821322 0
    outer loop
      vertex 39.4889 6.52516 0
      vertex 39.5331 6.49446 0.45
      vertex 39.4889 6.52516 0.45
    endloop
  endfacet
  facet normal -0.570465 -0.821322 -0
    outer loop
      vertex 39.5331 6.49446 0.45
      vertex 39.4889 6.52516 0
      vertex 39.5331 6.49446 0
    endloop
  endfacet
  facet normal -0.657692 -0.753287 0
    outer loop
      vertex 39.5331 6.49446 0
      vertex 39.5725 6.46006 0.45
      vertex 39.5331 6.49446 0.45
    endloop
  endfacet
  facet normal -0.657692 -0.753287 -0
    outer loop
      vertex 39.5725 6.46006 0.45
      vertex 39.5331 6.49446 0
      vertex 39.5725 6.46006 0
    endloop
  endfacet
  facet normal -0.740467 -0.672092 0
    outer loop
      vertex 39.6071 6.42194 0
      vertex 39.5725 6.46006 0.45
      vertex 39.5725 6.46006 0
    endloop
  endfacet
  facet normal -0.740467 -0.672092 0
    outer loop
      vertex 39.5725 6.46006 0.45
      vertex 39.6071 6.42194 0
      vertex 39.6071 6.42194 0.45
    endloop
  endfacet
  facet normal -0.809736 -0.586794 0
    outer loop
      vertex 39.637 6.38068 0
      vertex 39.6071 6.42194 0.45
      vertex 39.6071 6.42194 0
    endloop
  endfacet
  facet normal -0.809736 -0.586794 0
    outer loop
      vertex 39.6071 6.42194 0.45
      vertex 39.637 6.38068 0
      vertex 39.637 6.38068 0.45
    endloop
  endfacet
  facet normal -0.865314 -0.501231 0
    outer loop
      vertex 39.6624 6.33683 0
      vertex 39.637 6.38068 0.45
      vertex 39.637 6.38068 0
    endloop
  endfacet
  facet normal -0.865314 -0.501231 0
    outer loop
      vertex 39.637 6.38068 0.45
      vertex 39.6624 6.33683 0
      vertex 39.6624 6.33683 0.45
    endloop
  endfacet
  facet normal -0.913406 -0.407051 0
    outer loop
      vertex 39.6831 6.29038 0
      vertex 39.6624 6.33683 0.45
      vertex 39.6624 6.33683 0
    endloop
  endfacet
  facet normal -0.913406 -0.407051 0
    outer loop
      vertex 39.6624 6.33683 0.45
      vertex 39.6831 6.29038 0
      vertex 39.6831 6.29038 0.45
    endloop
  endfacet
  facet normal -0.950107 -0.311923 0
    outer loop
      vertex 39.6992 6.24134 0
      vertex 39.6831 6.29038 0.45
      vertex 39.6831 6.29038 0
    endloop
  endfacet
  facet normal -0.950107 -0.311923 0
    outer loop
      vertex 39.6831 6.29038 0.45
      vertex 39.6992 6.24134 0
      vertex 39.6992 6.24134 0.45
    endloop
  endfacet
  facet normal -0.976089 -0.217371 0
    outer loop
      vertex 39.7107 6.1897 0
      vertex 39.6992 6.24134 0.45
      vertex 39.6992 6.24134 0
    endloop
  endfacet
  facet normal -0.976089 -0.217371 0
    outer loop
      vertex 39.6992 6.24134 0.45
      vertex 39.7107 6.1897 0
      vertex 39.7107 6.1897 0.45
    endloop
  endfacet
  facet normal -0.992002 -0.126218 0
    outer loop
      vertex 39.7176 6.13547 0
      vertex 39.7107 6.1897 0.45
      vertex 39.7107 6.1897 0
    endloop
  endfacet
  facet normal -0.992002 -0.126218 0
    outer loop
      vertex 39.7107 6.1897 0.45
      vertex 39.7176 6.13547 0
      vertex 39.7176 6.13547 0.45
    endloop
  endfacet
  facet normal -0.999182 -0.0404456 0
    outer loop
      vertex 39.7199 6.07865 0
      vertex 39.7176 6.13547 0.45
      vertex 39.7176 6.13547 0
    endloop
  endfacet
  facet normal -0.999182 -0.0404456 0
    outer loop
      vertex 39.7176 6.13547 0.45
      vertex 39.7199 6.07865 0
      vertex 39.7199 6.07865 0.45
    endloop
  endfacet
  facet normal -0.998423 0.0561392 0
    outer loop
      vertex 39.7153 5.99684 0
      vertex 39.7199 6.07865 0.45
      vertex 39.7199 6.07865 0
    endloop
  endfacet
  facet normal -0.998423 0.0561392 0
    outer loop
      vertex 39.7199 6.07865 0.45
      vertex 39.7153 5.99684 0
      vertex 39.7153 5.99684 0.45
    endloop
  endfacet
  facet normal -0.983866 0.178908 0
    outer loop
      vertex 39.7015 5.92095 0
      vertex 39.7153 5.99684 0.45
      vertex 39.7153 5.99684 0
    endloop
  endfacet
  facet normal -0.983866 0.178908 0
    outer loop
      vertex 39.7153 5.99684 0.45
      vertex 39.7015 5.92095 0
      vertex 39.7015 5.92095 0.45
    endloop
  endfacet
  facet normal -0.950407 0.311008 0
    outer loop
      vertex 39.6786 5.85097 0
      vertex 39.7015 5.92095 0.45
      vertex 39.7015 5.92095 0
    endloop
  endfacet
  facet normal -0.950407 0.311008 0
    outer loop
      vertex 39.7015 5.92095 0.45
      vertex 39.6786 5.85097 0
      vertex 39.6786 5.85097 0.45
    endloop
  endfacet
  facet normal -0.894036 0.447995 0
    outer loop
      vertex 39.6465 5.78691 0
      vertex 39.6786 5.85097 0.45
      vertex 39.6786 5.85097 0
    endloop
  endfacet
  facet normal -0.894036 0.447995 0
    outer loop
      vertex 39.6786 5.85097 0.45
      vertex 39.6465 5.78691 0
      vertex 39.6465 5.78691 0.45
    endloop
  endfacet
  facet normal -0.815862 0.578247 0
    outer loop
      vertex 39.6053 5.72878 0
      vertex 39.6465 5.78691 0.45
      vertex 39.6465 5.78691 0
    endloop
  endfacet
  facet normal -0.815862 0.578247 0
    outer loop
      vertex 39.6465 5.78691 0.45
      vertex 39.6053 5.72878 0
      vertex 39.6053 5.72878 0.45
    endloop
  endfacet
  facet normal -0.718913 0.6951 0
    outer loop
      vertex 39.5548 5.67655 0
      vertex 39.6053 5.72878 0.45
      vertex 39.6053 5.72878 0
    endloop
  endfacet
  facet normal -0.718913 0.6951 0
    outer loop
      vertex 39.6053 5.72878 0.45
      vertex 39.5548 5.67655 0
      vertex 39.5548 5.67655 0.45
    endloop
  endfacet
  facet normal -0.614124 0.789209 0
    outer loop
      vertex 39.5548 5.67655 0
      vertex 39.4953 5.63025 0.45
      vertex 39.5548 5.67655 0.45
    endloop
  endfacet
  facet normal -0.614124 0.789209 0
    outer loop
      vertex 39.4953 5.63025 0.45
      vertex 39.5548 5.67655 0
      vertex 39.4953 5.63025 0
    endloop
  endfacet
  facet normal -0.506245 0.86239 0
    outer loop
      vertex 39.4953 5.63025 0
      vertex 39.4267 5.58998 0.45
      vertex 39.4953 5.63025 0.45
    endloop
  endfacet
  facet normal -0.506245 0.86239 0
    outer loop
      vertex 39.4267 5.58998 0.45
      vertex 39.4953 5.63025 0
      vertex 39.4267 5.58998 0
    endloop
  endfacet
  facet normal -0.403751 0.914869 0
    outer loop
      vertex 39.4267 5.58998 0
      vertex 39.3495 5.55591 0.45
      vertex 39.4267 5.58998 0.45
    endloop
  endfacet
  facet normal -0.403751 0.914869 0
    outer loop
      vertex 39.3495 5.55591 0.45
      vertex 39.4267 5.58998 0
      vertex 39.3495 5.55591 0
    endloop
  endfacet
  facet normal -0.30851 0.951221 0
    outer loop
      vertex 39.3495 5.55591 0
      vertex 39.2636 5.52805 0.45
      vertex 39.3495 5.55591 0.45
    endloop
  endfacet
  facet normal -0.30851 0.951221 0
    outer loop
      vertex 39.2636 5.52805 0.45
      vertex 39.3495 5.55591 0
      vertex 39.2636 5.52805 0
    endloop
  endfacet
  facet normal -0.223609 0.974679 0
    outer loop
      vertex 39.2636 5.52805 0
      vertex 39.1691 5.50637 0.45
      vertex 39.2636 5.52805 0.45
    endloop
  endfacet
  facet normal -0.223609 0.974679 0
    outer loop
      vertex 39.1691 5.50637 0.45
      vertex 39.2636 5.52805 0
      vertex 39.1691 5.50637 0
    endloop
  endfacet
  facet normal -0.148294 0.988943 0
    outer loop
      vertex 39.1691 5.50637 0
      vertex 39.0658 5.49088 0.45
      vertex 39.1691 5.50637 0.45
    endloop
  endfacet
  facet normal -0.148294 0.988943 0
    outer loop
      vertex 39.0658 5.49088 0.45
      vertex 39.1691 5.50637 0
      vertex 39.0658 5.49088 0
    endloop
  endfacet
  facet normal -0.0827359 0.996572 0
    outer loop
      vertex 39.0658 5.49088 0
      vertex 38.9539 5.48159 0.45
      vertex 39.0658 5.49088 0.45
    endloop
  endfacet
  facet normal -0.0827359 0.996572 0
    outer loop
      vertex 38.9539 5.48159 0.45
      vertex 39.0658 5.49088 0
      vertex 38.9539 5.48159 0
    endloop
  endfacet
  facet normal -0.025675 0.99967 0
    outer loop
      vertex 38.9539 5.48159 0
      vertex 38.8332 5.47849 0.45
      vertex 38.9539 5.48159 0.45
    endloop
  endfacet
  facet normal -0.025675 0.99967 0
    outer loop
      vertex 38.8332 5.47849 0.45
      vertex 38.9539 5.48159 0
      vertex 38.8332 5.47849 0
    endloop
  endfacet
  facet normal 0 1 -0
    outer loop
      vertex 38.8332 5.47849 0
      vertex 37.7397 5.47849 0.45
      vertex 38.8332 5.47849 0.45
    endloop
  endfacet
  facet normal 0 1 0
    outer loop
      vertex 37.7397 5.47849 0.45
      vertex 38.8332 5.47849 0
      vertex 37.7397 5.47849 0
    endloop
  endfacet
  facet normal 1 -0 0
    outer loop
      vertex 37.7397 5.47849 0.45
      vertex 37.7397 7.86718 0
      vertex 37.7397 7.86718 0.45
    endloop
  endfacet
  facet normal 1 0 0
    outer loop
      vertex 37.7397 7.86718 0
      vertex 37.7397 5.47849 0.45
      vertex 37.7397 5.47849 0
    endloop
  endfacet
  facet normal 0 -1 0
    outer loop
      vertex 37.7397 7.86718 0
      vertex 38.935 7.86718 0.45
      vertex 37.7397 7.86718 0.45
    endloop
  endfacet
  facet normal 0 -1 -0
    outer loop
      vertex 38.935 7.86718 0.45
      vertex 37.7397 7.86718 0
      vertex 38.935 7.86718 0
    endloop
  endfacet
  facet normal -0.0302942 -0.999541 0
    outer loop
      vertex 38.935 7.86718 0
      vertex 39.0551 7.86354 0.45
      vertex 38.935 7.86718 0.45
    endloop
  endfacet
  facet normal -0.0302942 -0.999541 -0
    outer loop
      vertex 39.0551 7.86354 0.45
      vertex 38.935 7.86718 0
      vertex 39.0551 7.86354 0
    endloop
  endfacet
  facet normal -1 0 0
    outer loop
      vertex 38.2399 5.84976 0
      vertex 38.2399 6.44144 0.45
      vertex 38.2399 6.44144 0
    endloop
  endfacet
  facet normal -1 -0 0
    outer loop
      vertex 38.2399 6.44144 0.45
      vertex 38.2399 5.84976 0
      vertex 38.2399 5.84976 0.45
    endloop
  endfacet
  facet normal 0 -1 0
    outer loop
      vertex 38.2399 5.84976 0
      vertex 38.8095 5.84976 0.45
      vertex 38.2399 5.84976 0.45
    endloop
  endfacet
  facet normal 0 -1 -0
    outer loop
      vertex 38.8095 5.84976 0.45
      vertex 38.2399 5.84976 0
      vertex 38.8095 5.84976 0
    endloop
  endfacet
  facet normal 0.0249922 -0.999688 0
    outer loop
      vertex 38.8095 5.84976 0
      vertex 38.8651 5.85115 0.45
      vertex 38.8095 5.84976 0.45
    endloop
  endfacet
  facet normal 0.0249922 -0.999688 0
    outer loop
      vertex 38.8651 5.85115 0.45
      vertex 38.8095 5.84976 0
      vertex 38.8651 5.85115 0
    endloop
  endfacet
  facet normal 0.0801675 -0.996781 0
    outer loop
      vertex 38.8651 5.85115 0
      vertex 38.9167 5.8553 0.45
      vertex 38.8651 5.85115 0.45
    endloop
  endfacet
  facet normal 0.0801675 -0.996781 0
    outer loop
      vertex 38.9167 5.8553 0.45
      vertex 38.8651 5.85115 0
      vertex 38.9167 5.8553 0
    endloop
  endfacet
  facet normal 0.144366 -0.989524 0
    outer loop
      vertex 38.9167 5.8553 0
      vertex 38.9642 5.86223 0.45
      vertex 38.9167 5.8553 0.45
    endloop
  endfacet
  facet normal 0.144366 -0.989524 0
    outer loop
      vertex 38.9642 5.86223 0.45
      vertex 38.9167 5.8553 0
      vertex 38.9642 5.86223 0
    endloop
  endfacet
  facet normal 0.217429 -0.976076 0
    outer loop
      vertex 38.9642 5.86223 0
      vertex 39.0077 5.87192 0.45
      vertex 38.9642 5.86223 0.45
    endloop
  endfacet
  facet normal 0.217429 -0.976076 0
    outer loop
      vertex 39.0077 5.87192 0.45
      vertex 38.9642 5.86223 0
      vertex 39.0077 5.87192 0
    endloop
  endfacet
  facet normal 0.301305 -0.953528 0
    outer loop
      vertex 39.0077 5.87192 0
      vertex 39.0471 5.88437 0.45
      vertex 39.0077 5.87192 0.45
    endloop
  endfacet
  facet normal 0.301305 -0.953528 0
    outer loop
      vertex 39.0471 5.88437 0.45
      vertex 39.0077 5.87192 0
      vertex 39.0471 5.88437 0
    endloop
  endfacet
  facet normal 0.395203 -0.918594 0
    outer loop
      vertex 39.0471 5.88437 0
      vertex 39.0825 5.8996 0.45
      vertex 39.0471 5.88437 0.45
    endloop
  endfacet
  facet normal 0.395203 -0.918594 0
    outer loop
      vertex 39.0825 5.8996 0.45
      vertex 39.0471 5.88437 0
      vertex 39.0825 5.8996 0
    endloop
  endfacet
  facet normal 0.498315 -0.866996 0
    outer loop
      vertex 39.0825 5.8996 0
      vertex 39.1138 5.91759 0.45
      vertex 39.0825 5.8996 0.45
    endloop
  endfacet
  facet normal 0.498315 -0.866996 0
    outer loop
      vertex 39.1138 5.91759 0.45
      vertex 39.0825 5.8996 0
      vertex 39.1138 5.91759 0
    endloop
  endfacet
  facet normal 0.616363 -0.787462 0
    outer loop
      vertex 39.1138 5.91759 0
      vertex 39.141 5.93888 0.45
      vertex 39.1138 5.91759 0.45
    endloop
  endfacet
  facet normal 0.616363 -0.787462 0
    outer loop
      vertex 39.141 5.93888 0.45
      vertex 39.1138 5.91759 0
      vertex 39.141 5.93888 0
    endloop
  endfacet
  facet normal 0.736873 -0.676031 0
    outer loop
      vertex 39.141 5.93888 0.45
      vertex 39.164 5.96395 0
      vertex 39.164 5.96395 0.45
    endloop
  endfacet
  facet normal 0.736873 -0.676031 0
    outer loop
      vertex 39.164 5.96395 0
      vertex 39.141 5.93888 0.45
      vertex 39.141 5.93888 0
    endloop
  endfacet
  facet normal 0.836745 -0.547593 0
    outer loop
      vertex 39.164 5.96395 0.45
      vertex 39.1829 5.99283 0
      vertex 39.1829 5.99283 0.45
    endloop
  endfacet
  facet normal 0.836745 -0.547593 0
    outer loop
      vertex 39.1829 5.99283 0
      vertex 39.164 5.96395 0.45
      vertex 39.164 5.96395 0
    endloop
  endfacet
  facet normal 0.913119 -0.407692 0
    outer loop
      vertex 39.1829 5.99283 0.45
      vertex 39.1975 6.02553 0
      vertex 39.1975 6.02553 0.45
    endloop
  endfacet
  facet normal 0.913119 -0.407692 0
    outer loop
      vertex 39.1975 6.02553 0
      vertex 39.1829 5.99283 0.45
      vertex 39.1829 5.99283 0
    endloop
  endfacet
  facet normal 0.961026 -0.276459 0
    outer loop
      vertex 39.1975 6.02553 0.45
      vertex 39.208 6.06203 0
      vertex 39.208 6.06203 0.45
    endloop
  endfacet
  facet normal 0.961026 -0.276459 0
    outer loop
      vertex 39.208 6.06203 0
      vertex 39.1975 6.02553 0.45
      vertex 39.1975 6.02553 0
    endloop
  endfacet
  facet normal 0.988 -0.154452 0
    outer loop
      vertex 39.208 6.06203 0.45
      vertex 39.2143 6.10233 0
      vertex 39.2143 6.10233 0.45
    endloop
  endfacet
  facet normal 0.988 -0.154452 0
    outer loop
      vertex 39.2143 6.10233 0
      vertex 39.208 6.06203 0.45
      vertex 39.208 6.06203 0
    endloop
  endfacet
  facet normal 0.998869 -0.0475544 0
    outer loop
      vertex 39.2143 6.10233 0.45
      vertex 39.2164 6.14644 0
      vertex 39.2164 6.14644 0.45
    endloop
  endfacet
  facet normal 0.998869 -0.0475544 0
    outer loop
      vertex 39.2164 6.14644 0
      vertex 39.2143 6.10233 0.45
      vertex 39.2143 6.10233 0
    endloop
  endfacet
  facet normal 0.998791 0.0491531 0
    outer loop
      vertex 39.2164 6.14644 0.45
      vertex 39.2144 6.18708 0
      vertex 39.2144 6.18708 0.45
    endloop
  endfacet
  facet normal 0.998791 0.0491531 0
    outer loop
      vertex 39.2144 6.18708 0
      vertex 39.2164 6.14644 0.45
      vertex 39.2164 6.14644 0
    endloop
  endfacet
  facet normal 0.988323 0.152373 0
    outer loop
      vertex 39.2144 6.18708 0.45
      vertex 39.2086 6.2247 0
      vertex 39.2086 6.2247 0.45
    endloop
  endfacet
  facet normal 0.988323 0.152373 0
    outer loop
      vertex 39.2086 6.2247 0
      vertex 39.2144 6.18708 0.45
      vertex 39.2144 6.18708 0
    endloop
  endfacet
  facet normal 0.962213 0.272298 0
    outer loop
      vertex 39.2086 6.2247 0.45
      vertex 39.1988 6.25933 0
      vertex 39.1988 6.25933 0.45
    endloop
  endfacet
  facet normal 0.962213 0.272298 0
    outer loop
      vertex 39.1988 6.25933 0
      vertex 39.2086 6.2247 0.45
      vertex 39.2086 6.2247 0
    endloop
  endfacet
  facet normal 0.917531 0.397664 0
    outer loop
      vertex 39.1988 6.25933 0.45
      vertex 39.1851 6.29094 0
      vertex 39.1851 6.29094 0.45
    endloop
  endfacet
  facet normal 0.917531 0.397664 0
    outer loop
      vertex 39.1851 6.29094 0
      vertex 39.1988 6.25933 0.45
      vertex 39.1988 6.25933 0
    endloop
  endfacet
  facet normal 0.851658 0.524097 0
    outer loop
      vertex 39.1851 6.29094 0.45
      vertex 39.1675 6.31954 0
      vertex 39.1675 6.31954 0.45
    endloop
  endfacet
  facet normal 0.851658 0.524097 0
    outer loop
      vertex 39.1675 6.31954 0
      vertex 39.1851 6.29094 0.45
      vertex 39.1851 6.29094 0
    endloop
  endfacet
  facet normal 0.765392 0.643564 0
    outer loop
      vertex 39.1675 6.31954 0.45
      vertex 39.146 6.34511 0
      vertex 39.146 6.34511 0.45
    endloop
  endfacet
  facet normal 0.765392 0.643564 0
    outer loop
      vertex 39.146 6.34511 0
      vertex 39.1675 6.31954 0.45
      vertex 39.1675 6.31954 0
    endloop
  endfacet
  facet normal 0.6644 0.747377 -0
    outer loop
      vertex 39.146 6.34511 0
      vertex 39.1206 6.36769 0.45
      vertex 39.146 6.34511 0.45
    endloop
  endfacet
  facet normal 0.6644 0.747377 0
    outer loop
      vertex 39.1206 6.36769 0.45
      vertex 39.146 6.34511 0
      vertex 39.1206 6.36769 0
    endloop
  endfacet
  facet normal 0.548926 0.835871 -0
    outer loop
      vertex 39.1206 6.36769 0
      vertex 39.0908 6.38726 0.45
      vertex 39.1206 6.36769 0.45
    endloop
  endfacet
  facet normal 0.548926 0.835871 0
    outer loop
      vertex 39.0908 6.38726 0.45
      vertex 39.1206 6.36769 0
      vertex 39.0908 6.38726 0
    endloop
  endfacet
  facet normal 0.43354 0.901134 -0
    outer loop
      vertex 39.0908 6.38726 0
      vertex 39.0564 6.40381 0.45
      vertex 39.0908 6.38726 0.45
    endloop
  endfacet
  facet normal 0.43354 0.901134 0
    outer loop
      vertex 39.0564 6.40381 0.45
      vertex 39.0908 6.38726 0
      vertex 39.0564 6.40381 0
    endloop
  endfacet
  facet normal 0.326696 0.945129 -0
    outer loop
      vertex 39.0564 6.40381 0
      vertex 39.0172 6.41736 0.45
      vertex 39.0564 6.40381 0.45
    endloop
  endfacet
  facet normal 0.326696 0.945129 0
    outer loop
      vertex 39.0172 6.41736 0.45
      vertex 39.0564 6.40381 0
      vertex 39.0172 6.41736 0
    endloop
  endfacet
  facet normal 0.233164 0.972437 -0
    outer loop
      vertex 39.0172 6.41736 0
      vertex 38.9732 6.42791 0.45
      vertex 39.0172 6.41736 0.45
    endloop
  endfacet
  facet normal 0.233164 0.972437 0
    outer loop
      vertex 38.9732 6.42791 0.45
      vertex 39.0172 6.41736 0
      vertex 38.9732 6.42791 0
    endloop
  endfacet
  facet normal 0.152606 0.988287 -0
    outer loop
      vertex 38.9732 6.42791 0
      vertex 38.9245 6.43543 0.45
      vertex 38.9732 6.42791 0.45
    endloop
  endfacet
  facet normal 0.152606 0.988287 0
    outer loop
      vertex 38.9245 6.43543 0.45
      vertex 38.9732 6.42791 0
      vertex 38.9245 6.43543 0
    endloop
  endfacet
  facet normal 0.0841573 0.996452 -0
    outer loop
      vertex 38.9245 6.43543 0
      vertex 38.8711 6.43994 0.45
      vertex 38.9245 6.43543 0.45
    endloop
  endfacet
  facet normal 0.0841573 0.996452 0
    outer loop
      vertex 38.8711 6.43994 0.45
      vertex 38.9245 6.43543 0
      vertex 38.8711 6.43994 0
    endloop
  endfacet
  facet normal 0.0257646 0.999668 -0
    outer loop
      vertex 38.8711 6.43994 0
      vertex 38.8129 6.44144 0.45
      vertex 38.8711 6.43994 0.45
    endloop
  endfacet
  facet normal 0.0257646 0.999668 0
    outer loop
      vertex 38.8129 6.44144 0.45
      vertex 38.8711 6.43994 0
      vertex 38.8129 6.44144 0
    endloop
  endfacet
  facet normal 0 1 -0
    outer loop
      vertex 38.8129 6.44144 0
      vertex 38.2399 6.44144 0.45
      vertex 38.8129 6.44144 0.45
    endloop
  endfacet
  facet normal 0 1 0
    outer loop
      vertex 38.2399 6.44144 0.45
      vertex 38.8129 6.44144 0
      vertex 38.2399 6.44144 0
    endloop
  endfacet
  facet normal -1 0 0
    outer loop
      vertex 38.2399 6.81101 0
      vertex 38.2399 7.4959 0.45
      vertex 38.2399 7.4959 0
    endloop
  endfacet
  facet normal -1 -0 0
    outer loop
      vertex 38.2399 7.4959 0.45
      vertex 38.2399 6.81101 0
      vertex 38.2399 6.81101 0.45
    endloop
  endfacet
  facet normal 0 -1 0
    outer loop
      vertex 38.2399 6.81101 0
      vertex 38.8739 6.81101 0.45
      vertex 38.2399 6.81101 0.45
    endloop
  endfacet
  facet normal 0 -1 -0
    outer loop
      vertex 38.8739 6.81101 0.45
      vertex 38.2399 6.81101 0
      vertex 38.8739 6.81101 0
    endloop
  endfacet
  facet normal 0.0535225 -0.998567 0
    outer loop
      vertex 38.8739 6.81101 0
      vertex 39.0017 6.81786 0.45
      vertex 38.8739 6.81101 0.45
    endloop
  endfacet
  facet normal 0.0535225 -0.998567 0
    outer loop
      vertex 39.0017 6.81786 0.45
      vertex 38.8739 6.81101 0
      vertex 39.0017 6.81786 0
    endloop
  endfacet
  facet normal 0.186757 -0.982406 0
    outer loop
      vertex 39.0017 6.81786 0
      vertex 39.1098 6.83841 0.45
      vertex 39.0017 6.81786 0.45
    endloop
  endfacet
  facet normal 0.186757 -0.982406 0
    outer loop
      vertex 39.1098 6.83841 0.45
      vertex 39.0017 6.81786 0
      vertex 39.1098 6.83841 0
    endloop
  endfacet
  facet normal 0.361183 -0.932495 0
    outer loop
      vertex 39.1098 6.83841 0
      vertex 39.1982 6.87265 0.45
      vertex 39.1098 6.83841 0.45
    endloop
  endfacet
  facet normal 0.361183 -0.932495 0
    outer loop
      vertex 39.1982 6.87265 0.45
      vertex 39.1098 6.83841 0
      vertex 39.1982 6.87265 0
    endloop
  endfacet
  facet normal 0.571861 -0.820351 0
    outer loop
      vertex 39.1982 6.87265 0
      vertex 39.267 6.92061 0.45
      vertex 39.1982 6.87265 0.45
    endloop
  endfacet
  facet normal 0.571861 -0.820351 0
    outer loop
      vertex 39.267 6.92061 0.45
      vertex 39.1982 6.87265 0
      vertex 39.267 6.92061 0
    endloop
  endfacet
  facet normal 0.782278 -0.62293 0
    outer loop
      vertex 39.267 6.92061 0.45
      vertex 39.3161 6.98227 0
      vertex 39.3161 6.98227 0.45
    endloop
  endfacet
  facet normal 0.782278 -0.62293 0
    outer loop
      vertex 39.3161 6.98227 0
      vertex 39.267 6.92061 0.45
      vertex 39.267 6.92061 0
    endloop
  endfacet
  facet normal 0.931179 -0.364562 0
    outer loop
      vertex 39.3161 6.98227 0.45
      vertex 39.3456 7.05762 0
      vertex 39.3456 7.05762 0.45
    endloop
  endfacet
  facet normal 0.931179 -0.364562 0
    outer loop
      vertex 39.3456 7.05762 0
      vertex 39.3161 6.98227 0.45
      vertex 39.3161 6.98227 0
    endloop
  endfacet
  facet normal 0.994002 -0.109366 0
    outer loop
      vertex 39.3456 7.05762 0.45
      vertex 39.3554 7.14669 0
      vertex 39.3554 7.14669 0.45
    endloop
  endfacet
  facet normal 0.994002 -0.109366 0
    outer loop
      vertex 39.3554 7.14669 0
      vertex 39.3456 7.05762 0.45
      vertex 39.3456 7.05762 0
    endloop
  endfacet
  facet normal 0.998858 0.0477724 0
    outer loop
      vertex 39.3554 7.14669 0.45
      vertex 39.3531 7.19478 0
      vertex 39.3531 7.19478 0.45
    endloop
  endfacet
  facet normal 0.998858 0.0477724 0
    outer loop
      vertex 39.3531 7.19478 0
      vertex 39.3554 7.14669 0.45
      vertex 39.3554 7.14669 0
    endloop
  endfacet
  facet normal 0.988546 0.150923 0
    outer loop
      vertex 39.3531 7.19478 0.45
      vertex 39.3463 7.23932 0
      vertex 39.3463 7.23932 0.45
    endloop
  endfacet
  facet normal 0.988546 0.150923 0
    outer loop
      vertex 39.3463 7.23932 0
      vertex 39.3531 7.19478 0.45
      vertex 39.3531 7.19478 0
    endloop
  endfacet
  facet normal 0.964038 0.265763 0
    outer loop
      vertex 39.3463 7.23932 0.45
      vertex 39.335 7.28031 0
      vertex 39.335 7.28031 0.45
    endloop
  endfacet
  facet normal 0.964038 0.265763 0
    outer loop
      vertex 39.335 7.28031 0
      vertex 39.3463 7.23932 0.45
      vertex 39.3463 7.23932 0
    endloop
  endfacet
  facet normal 0.920324 0.391156 0
    outer loop
      vertex 39.335 7.28031 0.45
      vertex 39.3191 7.31772 0
      vertex 39.3191 7.31772 0.45
    endloop
  endfacet
  facet normal 0.920324 0.391156 0
    outer loop
      vertex 39.3191 7.31772 0
      vertex 39.335 7.28031 0.45
      vertex 39.335 7.28031 0
    endloop
  endfacet
  facet normal 0.856554 0.516057 0
    outer loop
      vertex 39.3191 7.31772 0.45
      vertex 39.2987 7.35158 0
      vertex 39.2987 7.35158 0.45
    endloop
  endfacet
  facet normal 0.856554 0.516057 0
    outer loop
      vertex 39.2987 7.35158 0
      vertex 39.3191 7.31772 0.45
      vertex 39.3191 7.31772 0
    endloop
  endfacet
  facet normal 0.772489 0.635028 0
    outer loop
      vertex 39.2987 7.35158 0.45
      vertex 39.2738 7.38187 0
      vertex 39.2738 7.38187 0.45
    endloop
  endfacet
  facet normal 0.772489 0.635028 0
    outer loop
      vertex 39.2738 7.38187 0
      vertex 39.2987 7.35158 0.45
      vertex 39.2987 7.35158 0
    endloop
  endfacet
  facet normal 0.67271 0.739906 -0
    outer loop
      vertex 39.2738 7.38187 0
      vertex 39.2444 7.4086 0.45
      vertex 39.2738 7.38187 0.45
    endloop
  endfacet
  facet normal 0.67271 0.739906 0
    outer loop
      vertex 39.2444 7.4086 0.45
      vertex 39.2738 7.38187 0
      vertex 39.2444 7.4086 0
    endloop
  endfacet
  facet normal 0.558644 0.829407 -0
    outer loop
      vertex 39.2444 7.4086 0
      vertex 39.21 7.43177 0.45
      vertex 39.2444 7.4086 0.45
    endloop
  endfacet
  facet normal 0.558644 0.829407 0
    outer loop
      vertex 39.21 7.43177 0.45
      vertex 39.2444 7.4086 0
      vertex 39.21 7.43177 0
    endloop
  endfacet
  facet normal 0.442509 0.896764 -0
    outer loop
      vertex 39.21 7.43177 0
      vertex 39.1703 7.45136 0.45
      vertex 39.21 7.43177 0.45
    endloop
  endfacet
  facet normal 0.442509 0.896764 0
    outer loop
      vertex 39.1703 7.45136 0.45
      vertex 39.21 7.43177 0
      vertex 39.1703 7.45136 0
    endloop
  endfacet
  facet normal 0.33623 0.94178 -0
    outer loop
      vertex 39.1703 7.45136 0
      vertex 39.1254 7.46739 0.45
      vertex 39.1703 7.45136 0.45
    endloop
  endfacet
  facet normal 0.33623 0.94178 0
    outer loop
      vertex 39.1254 7.46739 0.45
      vertex 39.1703 7.45136 0
      vertex 39.1254 7.46739 0
    endloop
  endfacet
  facet normal 0.240992 0.970527 -0
    outer loop
      vertex 39.1254 7.46739 0
      vertex 39.0751 7.47988 0.45
      vertex 39.1254 7.46739 0.45
    endloop
  endfacet
  facet normal 0.240992 0.970527 0
    outer loop
      vertex 39.0751 7.47988 0.45
      vertex 39.1254 7.46739 0
      vertex 39.0751 7.47988 0
    endloop
  endfacet
  facet normal 0.157887 0.987457 -0
    outer loop
      vertex 39.0751 7.47988 0
      vertex 39.0195 7.48877 0.45
      vertex 39.0751 7.47988 0.45
    endloop
  endfacet
  facet normal 0.157887 0.987457 0
    outer loop
      vertex 39.0195 7.48877 0.45
      vertex 39.0751 7.47988 0
      vertex 39.0195 7.48877 0
    endloop
  endfacet
  facet normal 0.0878173 0.996137 -0
    outer loop
      vertex 39.0195 7.48877 0
      vertex 38.9587 7.49413 0.45
      vertex 39.0195 7.48877 0.45
    endloop
  endfacet
  facet normal 0.0878173 0.996137 0
    outer loop
      vertex 38.9587 7.49413 0.45
      vertex 39.0195 7.48877 0
      vertex 38.9587 7.49413 0
    endloop
  endfacet
  facet normal 0.026768 0.999642 -0
    outer loop
      vertex 38.9587 7.49413 0
      vertex 38.8926 7.4959 0.45
      vertex 38.9587 7.49413 0.45
    endloop
  endfacet
  facet normal 0.026768 0.999642 0
    outer loop
      vertex 38.8926 7.4959 0.45
      vertex 38.9587 7.49413 0
      vertex 38.8926 7.4959 0
    endloop
  endfacet
  facet normal 0 1 -0
    outer loop
      vertex 38.8926 7.4959 0
      vertex 38.2399 7.4959 0.45
      vertex 38.8926 7.4959 0.45
    endloop
  endfacet
  facet normal 0 1 0
    outer loop
      vertex 38.2399 7.4959 0.45
      vertex 38.8926 7.4959 0
      vertex 38.2399 7.4959 0
    endloop
  endfacet
  facet normal 0 1 -0
    outer loop
      vertex 42.9192 7.47556 0
      vertex 41.5578 7.47556 0.45
      vertex 42.9192 7.47556 0.45
    endloop
  endfacet
  facet normal 0 1 0
    outer loop
      vertex 41.5578 7.47556 0.45
      vertex 42.9192 7.47556 0
      vertex 41.5578 7.47556 0
    endloop
  endfacet
  facet normal -0.787303 -0.616566 0
    outer loop
      vertex 42.8496 5.82604 0
      vertex 41.5578 7.47556 0.45
      vertex 41.5578 7.47556 0
    endloop
  endfacet
  facet normal -0.787303 -0.616566 0
    outer loop
      vertex 41.5578 7.47556 0.45
      vertex 42.8496 5.82604 0
      vertex 42.8496 5.82604 0.45
    endloop
  endfacet
  facet normal -1 0 0
    outer loop
      vertex 42.8496 5.47849 0
      vertex 42.8496 5.82604 0.45
      vertex 42.8496 5.82604 0
    endloop
  endfacet
  facet normal -1 -0 0
    outer loop
      vertex 42.8496 5.82604 0.45
      vertex 42.8496 5.47849 0
      vertex 42.8496 5.47849 0.45
    endloop
  endfacet
  facet normal 0 1 -0
    outer loop
      vertex 42.8496 5.47849 0
      vertex 41.1306 5.47849 0.45
      vertex 42.8496 5.47849 0.45
    endloop
  endfacet
  facet normal 0 1 0
    outer loop
      vertex 41.1306 5.47849 0.45
      vertex 42.8496 5.47849 0
      vertex 41.1306 5.47849 0
    endloop
  endfacet
  facet normal 1 -0 0
    outer loop
      vertex 41.1306 5.47849 0.45
      vertex 41.1306 5.87012 0
      vertex 41.1306 5.87012 0.45
    endloop
  endfacet
  facet normal 1 0 0
    outer loop
      vertex 41.1306 5.87012 0
      vertex 41.1306 5.47849 0.45
      vertex 41.1306 5.47849 0
    endloop
  endfacet
  facet normal 0 -1 0
    outer loop
      vertex 41.1306 5.87012 0
      vertex 42.2936 5.87012 0.45
      vertex 41.1306 5.87012 0.45
    endloop
  endfacet
  facet normal 0 -1 -0
    outer loop
      vertex 42.2936 5.87012 0.45
      vertex 41.1306 5.87012 0
      vertex 42.2936 5.87012 0
    endloop
  endfacet
  facet normal 0.786066 0.618142 0
    outer loop
      vertex 42.2936 5.87012 0.45
      vertex 41.0018 7.51285 0
      vertex 41.0018 7.51285 0.45
    endloop
  endfacet
  facet normal 0.786066 0.618142 0
    outer loop
      vertex 41.0018 7.51285 0
      vertex 42.2936 5.87012 0.45
      vertex 42.2936 5.87012 0
    endloop
  endfacet
  facet normal 1 -0 0
    outer loop
      vertex 41.0018 7.51285 0.45
      vertex 41.0018 7.86718 0
      vertex 41.0018 7.86718 0.45
    endloop
  endfacet
  facet normal 1 0 0
    outer loop
      vertex 41.0018 7.86718 0
      vertex 41.0018 7.51285 0.45
      vertex 41.0018 7.51285 0
    endloop
  endfacet
  facet normal 0 -1 0
    outer loop
      vertex 41.0018 7.86718 0
      vertex 42.9192 7.86718 0.45
      vertex 41.0018 7.86718 0.45
    endloop
  endfacet
  facet normal 0 -1 -0
    outer loop
      vertex 42.9192 7.86718 0.45
      vertex 41.0018 7.86718 0
      vertex 42.9192 7.86718 0
    endloop
  endfacet
  facet normal -1 0 0
    outer loop
      vertex 42.9192 7.47556 0
      vertex 42.9192 7.86718 0.45
      vertex 42.9192 7.86718 0
    endloop
  endfacet
  facet normal -1 -0 0
    outer loop
      vertex 42.9192 7.86718 0.45
      vertex 42.9192 7.47556 0
      vertex 42.9192 7.47556 0.45
    endloop
  endfacet
  facet normal 0 1 -0
    outer loop
      vertex 45.1498 7.48065 0
      vertex 43.702 7.48065 0.45
      vertex 45.1498 7.48065 0.45
    endloop
  endfacet
  facet normal 0 1 0
    outer loop
      vertex 43.702 7.48065 0.45
      vertex 45.1498 7.48065 0
      vertex 43.702 7.48065 0
    endloop
  endfacet
  facet normal -1 0 0
    outer loop
      vertex 43.702 6.85167 0
      vertex 43.702 7.48065 0.45
      vertex 43.702 7.48065 0
    endloop
  endfacet
  facet normal -1 -0 0
    outer loop
      vertex 43.702 7.48065 0.45
      vertex 43.702 6.85167 0
      vertex 43.702 6.85167 0.45
    endloop
  endfacet
  facet normal 0 -1 0
    outer loop
      vertex 43.702 6.85167 0
      vertex 44.9769 6.85167 0.45
      vertex 43.702 6.85167 0.45
    endloop
  endfacet
  facet normal 0 -1 -0
    outer loop
      vertex 44.9769 6.85167 0.45
      vertex 43.702 6.85167 0
      vertex 44.9769 6.85167 0
    endloop
  endfacet
  facet normal -1 0 0
    outer loop
      vertex 44.9769 6.46517 0
      vertex 44.9769 6.85167 0.45
      vertex 44.9769 6.85167 0
    endloop
  endfacet
  facet normal -1 -0 0
    outer loop
      vertex 44.9769 6.85167 0.45
      vertex 44.9769 6.46517 0
      vertex 44.9769 6.46517 0.45
    endloop
  endfacet
  facet normal 0 1 -0
    outer loop
      vertex 44.9769 6.46517 0
      vertex 43.702 6.46517 0.45
      vertex 44.9769 6.46517 0.45
    endloop
  endfacet
  facet normal 0 1 0
    outer loop
      vertex 43.702 6.46517 0.45
      vertex 44.9769 6.46517 0
      vertex 43.702 6.46517 0
    endloop
  endfacet
  facet normal -1 0 0
    outer loop
      vertex 43.702 5.86502 0
      vertex 43.702 6.46517 0.45
      vertex 43.702 6.46517 0
    endloop
  endfacet
  facet normal -1 -0 0
    outer loop
      vertex 43.702 6.46517 0.45
      vertex 43.702 5.86502 0
      vertex 43.702 5.86502 0.45
    endloop
  endfacet
  facet normal 0 -1 0
    outer loop
      vertex 43.702 5.86502 0
      vertex 45.0803 5.86502 0.45
      vertex 43.702 5.86502 0.45
    endloop
  endfacet
  facet normal 0 -1 -0
    outer loop
      vertex 45.0803 5.86502 0.45
      vertex 43.702 5.86502 0
      vertex 45.0803 5.86502 0
    endloop
  endfacet
  facet normal -1 0 0
    outer loop
      vertex 45.0803 5.47849 0
      vertex 45.0803 5.86502 0.45
      vertex 45.0803 5.86502 0
    endloop
  endfacet
  facet normal -1 -0 0
    outer loop
      vertex 45.0803 5.86502 0.45
      vertex 45.0803 5.47849 0
      vertex 45.0803 5.47849 0.45
    endloop
  endfacet
  facet normal 0 1 -0
    outer loop
      vertex 45.0803 5.47849 0
      vertex 43.2019 5.47849 0.45
      vertex 45.0803 5.47849 0.45
    endloop
  endfacet
  facet normal 0 1 0
    outer loop
      vertex 43.2019 5.47849 0.45
      vertex 45.0803 5.47849 0
      vertex 43.2019 5.47849 0
    endloop
  endfacet
  facet normal 1 -0 0
    outer loop
      vertex 43.2019 5.47849 0.45
      vertex 43.2019 7.86718 0
      vertex 43.2019 7.86718 0.45
    endloop
  endfacet
  facet normal 1 0 0
    outer loop
      vertex 43.2019 7.86718 0
      vertex 43.2019 5.47849 0.45
      vertex 43.2019 5.47849 0
    endloop
  endfacet
  facet normal 0 -1 0
    outer loop
      vertex 43.2019 7.86718 0
      vertex 45.1498 7.86718 0.45
      vertex 43.2019 7.86718 0.45
    endloop
  endfacet
  facet normal 0 -1 -0
    outer loop
      vertex 45.1498 7.86718 0.45
      vertex 43.2019 7.86718 0
      vertex 45.1498 7.86718 0
    endloop
  endfacet
  facet normal -1 0 0
    outer loop
      vertex 45.1498 7.48065 0
      vertex 45.1498 7.86718 0.45
      vertex 45.1498 7.86718 0
    endloop
  endfacet
  facet normal -1 -0 0
    outer loop
      vertex 45.1498 7.86718 0.45
      vertex 45.1498 7.48065 0
      vertex 45.1498 7.48065 0.45
    endloop
  endfacet
  facet normal 0 -1 0
    outer loop
      vertex 45.9637 6.96018 0
      vertex 46.5502 6.96018 0.45
      vertex 45.9637 6.96018 0.45
    endloop
  endfacet
  facet normal 0 -1 -0
    outer loop
      vertex 46.5502 6.96018 0.45
      vertex 45.9637 6.96018 0
      vertex 46.5502 6.96018 0
    endloop
  endfacet
  facet normal 0.853231 -0.521534 0
    outer loop
      vertex 46.5502 6.96018 0.45
      vertex 47.1046 7.86718 0
      vertex 47.1046 7.86718 0.45
    endloop
  endfacet
  facet normal 0.853231 -0.521534 0
    outer loop
      vertex 47.1046 7.86718 0
      vertex 46.5502 6.96018 0.45
      vertex 46.5502 6.96018 0
    endloop
  endfacet
  facet normal 0 -1 0
    outer loop
      vertex 47.1046 7.86718 0
      vertex 47.6674 7.86718 0.45
      vertex 47.1046 7.86718 0.45
    endloop
  endfacet
  facet normal 0 -1 -0
    outer loop
      vertex 47.6674 7.86718 0.45
      vertex 47.1046 7.86718 0
      vertex 47.6674 7.86718 0
    endloop
  endfacet
  facet normal -0.840906 0.541182 0
    outer loop
      vertex 47.0215 6.86356 0
      vertex 47.6674 7.86718 0.45
      vertex 47.6674 7.86718 0
    endloop
  endfacet
  facet normal -0.840906 0.541182 0
    outer loop
      vertex 47.6674 7.86718 0.45
      vertex 47.0215 6.86356 0
      vertex 47.0215 6.86356 0.45
    endloop
  endfacet
  facet normal -0.272205 -0.962239 0
    outer loop
      vertex 47.0215 6.86356 0
      vertex 47.0887 6.84455 0.45
      vertex 47.0215 6.86356 0.45
    endloop
  endfacet
  facet normal -0.272205 -0.962239 -0
    outer loop
      vertex 47.0887 6.84455 0.45
      vertex 47.0215 6.86356 0
      vertex 47.0887 6.84455 0
    endloop
  endfacet
  facet normal -0.356432 -0.934321 0
    outer loop
      vertex 47.0887 6.84455 0
      vertex 47.1519 6.82044 0.45
      vertex 47.0887 6.84455 0.45
    endloop
  endfacet
  facet normal -0.356432 -0.934321 -0
    outer loop
      vertex 47.1519 6.82044 0.45
      vertex 47.0887 6.84455 0
      vertex 47.1519 6.82044 0
    endloop
  endfacet
  facet normal -0.442717 -0.896661 0
    outer loop
      vertex 47.1519 6.82044 0
      vertex 47.211 6.79126 0.45
      vertex 47.1519 6.82044 0.45
    endloop
  endfacet
  facet normal -0.442717 -0.896661 -0
    outer loop
      vertex 47.211 6.79126 0.45
      vertex 47.1519 6.82044 0
      vertex 47.211 6.79126 0
    endloop
  endfacet
  facet normal -0.529527 -0.848293 0
    outer loop
      vertex 47.211 6.79126 0
      vertex 47.2659 6.75699 0.45
      vertex 47.211 6.79126 0.45
    endloop
  endfacet
  facet normal -0.529527 -0.848293 -0
    outer loop
      vertex 47.2659 6.75699 0.45
      vertex 47.211 6.79126 0
      vertex 47.2659 6.75699 0
    endloop
  endfacet
  facet normal -0.611624 -0.791148 0
    outer loop
      vertex 47.2659 6.75699 0
      vertex 47.3168 6.71764 0.45
      vertex 47.2659 6.75699 0.45
    endloop
  endfacet
  facet normal -0.611624 -0.791148 -0
    outer loop
      vertex 47.3168 6.71764 0.45
      vertex 47.2659 6.75699 0
      vertex 47.3168 6.71764 0
    endloop
  endfacet
  facet normal -0.688424 -0.725309 0
    outer loop
      vertex 47.3168 6.71764 0
      vertex 47.3636 6.67322 0.45
      vertex 47.3168 6.71764 0.45
    endloop
  endfacet
  facet normal -0.688424 -0.725309 -0
    outer loop
      vertex 47.3636 6.67322 0.45
      vertex 47.3168 6.71764 0
      vertex 47.3636 6.67322 0
    endloop
  endfacet
  facet normal -0.756641 -0.653831 0
    outer loop
      vertex 47.4064 6.62369 0
      vertex 47.3636 6.67322 0.45
      vertex 47.3636 6.67322 0
    endloop
  endfacet
  facet normal -0.756641 -0.653831 0
    outer loop
      vertex 47.3636 6.67322 0.45
      vertex 47.4064 6.62369 0
      vertex 47.4064 6.62369 0.45
    endloop
  endfacet
  facet normal -0.817281 -0.576239 0
    outer loop
      vertex 47.4441 6.57022 0
      vertex 47.4064 6.62369 0.45
      vertex 47.4064 6.62369 0
    endloop
  endfacet
  facet normal -0.817281 -0.576239 0
    outer loop
      vertex 47.4064 6.62369 0.45
      vertex 47.4441 6.57022 0
      vertex 47.4441 6.57022 0.45
    endloop
  endfacet
  facet normal -0.869268 -0.494341 0
    outer loop
      vertex 47.4761 6.51395 0
      vertex 47.4441 6.57022 0.45
      vertex 47.4441 6.57022 0
    endloop
  endfacet
  facet normal -0.869268 -0.494341 0
    outer loop
      vertex 47.4441 6.57022 0.45
      vertex 47.4761 6.51395 0
      vertex 47.4761 6.51395 0.45
    endloop
  endfacet
  facet normal -0.914143 -0.405392 0
    outer loop
      vertex 47.5023 6.45487 0
      vertex 47.4761 6.51395 0.45
      vertex 47.4761 6.51395 0
    endloop
  endfacet
  facet normal -0.914143 -0.405392 0
    outer loop
      vertex 47.4761 6.51395 0.45
      vertex 47.5023 6.45487 0
      vertex 47.5023 6.45487 0.45
    endloop
  endfacet
  facet normal -0.950192 -0.311664 0
    outer loop
      vertex 47.5226 6.39298 0
      vertex 47.5023 6.45487 0.45
      vertex 47.5023 6.45487 0
    endloop
  endfacet
  facet normal -0.950192 -0.311664 0
    outer loop
      vertex 47.5023 6.45487 0.45
      vertex 47.5226 6.39298 0
      vertex 47.5226 6.39298 0.45
    endloop
  endfacet
  facet normal -0.975458 -0.220187 0
    outer loop
      vertex 47.5372 6.3283 0
      vertex 47.5226 6.39298 0.45
      vertex 47.5226 6.39298 0
    endloop
  endfacet
  facet normal -0.975458 -0.220187 0
    outer loop
      vertex 47.5226 6.39298 0.45
      vertex 47.5372 6.3283 0
      vertex 47.5372 6.3283 0.45
    endloop
  endfacet
  facet normal -0.991794 -0.12785 0
    outer loop
      vertex 47.5459 6.26081 0
      vertex 47.5372 6.3283 0.45
      vertex 47.5372 6.3283 0
    endloop
  endfacet
  facet normal -0.991794 -0.12785 0
    outer loop
      vertex 47.5372 6.3283 0.45
      vertex 47.5459 6.26081 0
      vertex 47.5459 6.26081 0.45
    endloop
  endfacet
  facet normal -0.99915 -0.0412226 0
    outer loop
      vertex 47.5488 6.19052 0
      vertex 47.5459 6.26081 0.45
      vertex 47.5459 6.26081 0
    endloop
  endfacet
  facet normal -0.99915 -0.0412226 0
    outer loop
      vertex 47.5459 6.26081 0.45
      vertex 47.5488 6.19052 0
      vertex 47.5488 6.19052 0.45
    endloop
  endfacet
  facet normal -0.998728 0.0504302 0
    outer loop
      vertex 47.544 6.09546 0
      vertex 47.5488 6.19052 0.45
      vertex 47.5488 6.19052 0
    endloop
  endfacet
  facet normal -0.998728 0.0504302 0
    outer loop
      vertex 47.5488 6.19052 0.45
      vertex 47.544 6.09546 0
      vertex 47.544 6.09546 0.45
    endloop
  endfacet
  facet normal -0.987374 0.158408 0
    outer loop
      vertex 47.5298 6.00695 0
      vertex 47.544 6.09546 0.45
      vertex 47.544 6.09546 0
    endloop
  endfacet
  facet normal -0.987374 0.158408 0
    outer loop
      vertex 47.544 6.09546 0.45
      vertex 47.5298 6.00695 0
      vertex 47.5298 6.00695 0.45
    endloop
  endfacet
  facet normal -0.96067 0.277691 0
    outer loop
      vertex 47.5061 5.92496 0
      vertex 47.5298 6.00695 0.45
      vertex 47.5298 6.00695 0
    endloop
  endfacet
  facet normal -0.96067 0.277691 0
    outer loop
      vertex 47.5298 6.00695 0.45
      vertex 47.5061 5.92496 0
      vertex 47.5061 5.92496 0.45
    endloop
  endfacet
  facet normal -0.915286 0.402804 0
    outer loop
      vertex 47.4729 5.84952 0
      vertex 47.5061 5.92496 0.45
      vertex 47.5061 5.92496 0
    endloop
  endfacet
  facet normal -0.915286 0.402804 0
    outer loop
      vertex 47.5061 5.92496 0.45
      vertex 47.4729 5.84952 0
      vertex 47.4729 5.84952 0.45
    endloop
  endfacet
  facet normal -0.85052 0.525942 0
    outer loop
      vertex 47.4303 5.78063 0
      vertex 47.4729 5.84952 0.45
      vertex 47.4729 5.84952 0
    endloop
  endfacet
  facet normal -0.85052 0.525942 0
    outer loop
      vertex 47.4729 5.84952 0.45
      vertex 47.4303 5.78063 0
      vertex 47.4303 5.78063 0.45
    endloop
  endfacet
  facet normal -0.766859 0.641816 0
    outer loop
      vertex 47.3781 5.71826 0
      vertex 47.4303 5.78063 0.45
      vertex 47.4303 5.78063 0
    endloop
  endfacet
  facet normal -0.766859 0.641816 0
    outer loop
      vertex 47.4303 5.78063 0.45
      vertex 47.3781 5.71826 0
      vertex 47.3781 5.71826 0.45
    endloop
  endfacet
  facet normal -0.67142 0.741077 0
    outer loop
      vertex 47.3781 5.71826 0
      vertex 47.3165 5.66245 0.45
      vertex 47.3781 5.71826 0.45
    endloop
  endfacet
  facet normal -0.67142 0.741077 0
    outer loop
      vertex 47.3165 5.66245 0.45
      vertex 47.3781 5.71826 0
      vertex 47.3165 5.66245 0
    endloop
  endfacet
  facet normal -0.570321 0.821422 0
    outer loop
      vertex 47.3165 5.66245 0
      vertex 47.2462 5.61364 0.45
      vertex 47.3165 5.66245 0.45
    endloop
  endfacet
  facet normal -0.570321 0.821422 0
    outer loop
      vertex 47.2462 5.61364 0.45
      vertex 47.3165 5.66245 0
      vertex 47.2462 5.61364 0
    endloop
  endfacet
  facet normal -0.466538 0.884501 0
    outer loop
      vertex 47.2462 5.61364 0
      vertex 47.1679 5.57234 0.45
      vertex 47.2462 5.61364 0.45
    endloop
  endfacet
  facet normal -0.466538 0.884501 0
    outer loop
      vertex 47.1679 5.57234 0.45
      vertex 47.2462 5.61364 0
      vertex 47.1679 5.57234 0
    endloop
  endfacet
  facet normal -0.364497 0.931205 0
    outer loop
      vertex 47.1679 5.57234 0
      vertex 47.0816 5.53856 0.45
      vertex 47.1679 5.57234 0.45
    endloop
  endfacet
  facet normal -0.364497 0.931205 0
    outer loop
      vertex 47.0816 5.53856 0.45
      vertex 47.1679 5.57234 0
      vertex 47.0816 5.53856 0
    endloop
  endfacet
  facet normal -0.268625 0.963245 0
    outer loop
      vertex 47.0816 5.53856 0
      vertex 46.9874 5.51229 0.45
      vertex 47.0816 5.53856 0.45
    endloop
  endfacet
  facet normal -0.268625 0.963245 0
    outer loop
      vertex 46.9874 5.51229 0.45
      vertex 47.0816 5.53856 0
      vertex 46.9874 5.51229 0
    endloop
  endfacet
  facet normal -0.180638 0.98355 0
    outer loop
      vertex 46.9874 5.51229 0
      vertex 46.8852 5.49352 0.45
      vertex 46.9874 5.51229 0.45
    endloop
  endfacet
  facet normal -0.180638 0.98355 0
    outer loop
      vertex 46.8852 5.49352 0.45
      vertex 46.9874 5.51229 0
      vertex 46.8852 5.49352 0
    endloop
  endfacet
  facet normal -0.101919 0.994793 0
    outer loop
      vertex 46.8852 5.49352 0
      vertex 46.7751 5.48224 0.45
      vertex 46.8852 5.49352 0.45
    endloop
  endfacet
  facet normal -0.101919 0.994793 0
    outer loop
      vertex 46.7751 5.48224 0.45
      vertex 46.8852 5.49352 0
      vertex 46.7751 5.48224 0
    endloop
  endfacet
  facet normal -0.0317368 0.999496 0
    outer loop
      vertex 46.7751 5.48224 0
      vertex 46.657 5.47849 0.45
      vertex 46.7751 5.48224 0.45
    endloop
  endfacet
  facet normal -0.0317368 0.999496 0
    outer loop
      vertex 46.657 5.47849 0.45
      vertex 46.7751 5.48224 0
      vertex 46.657 5.47849 0
    endloop
  endfacet
  facet normal 0 1 -0
    outer loop
      vertex 46.657 5.47849 0
      vertex 45.4635 5.47849 0.45
      vertex 46.657 5.47849 0.45
    endloop
  endfacet
  facet normal 0 1 0
    outer loop
      vertex 45.4635 5.47849 0.45
      vertex 46.657 5.47849 0
      vertex 45.4635 5.47849 0
    endloop
  endfacet
  facet normal 1 -0 0
    outer loop
      vertex 45.4635 5.47849 0.45
      vertex 45.4635 7.86718 0
      vertex 45.4635 7.86718 0.45
    endloop
  endfacet
  facet normal 1 0 0
    outer loop
      vertex 45.4635 7.86718 0
      vertex 45.4635 5.47849 0.45
      vertex 45.4635 5.47849 0
    endloop
  endfacet
  facet normal 0 -1 0
    outer loop
      vertex 45.4635 7.86718 0
      vertex 45.9637 7.86718 0.45
      vertex 45.4635 7.86718 0.45
    endloop
  endfacet
  facet normal 0 -1 -0
    outer loop
      vertex 45.9637 7.86718 0.45
      vertex 45.4635 7.86718 0
      vertex 45.9637 7.86718 0
    endloop
  endfacet
  facet normal -1 0 0
    outer loop
      vertex 45.9637 6.96018 0
      vertex 45.9637 7.86718 0.45
      vertex 45.9637 7.86718 0
    endloop
  endfacet
  facet normal -1 -0 0
    outer loop
      vertex 45.9637 7.86718 0.45
      vertex 45.9637 6.96018 0
      vertex 45.9637 6.96018 0.45
    endloop
  endfacet
  facet normal -1 0 0
    outer loop
      vertex 45.9637 5.86672 0
      vertex 45.9637 6.57196 0.45
      vertex 45.9637 6.57196 0
    endloop
  endfacet
  facet normal -1 -0 0
    outer loop
      vertex 45.9637 6.57196 0.45
      vertex 45.9637 5.86672 0
      vertex 45.9637 5.86672 0.45
    endloop
  endfacet
  facet normal 0 -1 0
    outer loop
      vertex 45.9637 5.86672 0
      vertex 46.6045 5.86672 0.45
      vertex 45.9637 5.86672 0.45
    endloop
  endfacet
  facet normal 0 -1 -0
    outer loop
      vertex 46.6045 5.86672 0.45
      vertex 45.9637 5.86672 0
      vertex 46.6045 5.86672 0
    endloop
  endfacet
  facet normal 0.0599433 -0.998202 0
    outer loop
      vertex 46.6045 5.86672 0
      vertex 46.7214 5.87374 0.45
      vertex 46.6045 5.86672 0.45
    endloop
  endfacet
  facet normal 0.0599433 -0.998202 0
    outer loop
      vertex 46.7214 5.87374 0.45
      vertex 46.6045 5.86672 0
      vertex 46.7214 5.87374 0
    endloop
  endfacet
  facet normal 0.208166 -0.978094 0
    outer loop
      vertex 46.7214 5.87374 0
      vertex 46.8204 5.89481 0.45
      vertex 46.7214 5.87374 0.45
    endloop
  endfacet
  facet normal 0.208166 -0.978094 0
    outer loop
      vertex 46.8204 5.89481 0.45
      vertex 46.7214 5.87374 0
      vertex 46.8204 5.89481 0
    endloop
  endfacet
  facet normal 0.398212 -0.917293 0
    outer loop
      vertex 46.8204 5.89481 0
      vertex 46.9013 5.92993 0.45
      vertex 46.8204 5.89481 0.45
    endloop
  endfacet
  facet normal 0.398212 -0.917293 0
    outer loop
      vertex 46.9013 5.92993 0.45
      vertex 46.8204 5.89481 0
      vertex 46.9013 5.92993 0
    endloop
  endfacet
  facet normal 0.615265 -0.78832 0
    outer loop
      vertex 46.9013 5.92993 0
      vertex 46.9643 5.9791 0.45
      vertex 46.9013 5.92993 0.45
    endloop
  endfacet
  facet normal 0.615265 -0.78832 0
    outer loop
      vertex 46.9643 5.9791 0.45
      vertex 46.9013 5.92993 0
      vertex 46.9643 5.9791 0
    endloop
  endfacet
  facet normal 0.814603 -0.580018 0
    outer loop
      vertex 46.9643 5.9791 0.45
      vertex 47.0093 6.0423 0
      vertex 47.0093 6.0423 0.45
    endloop
  endfacet
  facet normal 0.814603 -0.580018 0
    outer loop
      vertex 47.0093 6.0423 0
      vertex 46.9643 5.9791 0.45
      vertex 46.9643 5.9791 0
    endloop
  endfacet
  facet normal 0.944028 -0.329866 0
    outer loop
      vertex 47.0093 6.0423 0.45
      vertex 47.0363 6.11957 0
      vertex 47.0363 6.11957 0.45
    endloop
  endfacet
  facet normal 0.944028 -0.329866 0
    outer loop
      vertex 47.0363 6.11957 0
      vertex 47.0093 6.0423 0.45
      vertex 47.0093 6.0423 0
    endloop
  endfacet
  facet normal 0.995175 -0.0981113 0
    outer loop
      vertex 47.0363 6.11957 0.45
      vertex 47.0453 6.21086 0
      vertex 47.0453 6.21086 0.45
    endloop
  endfacet
  facet normal 0.995175 -0.0981113 0
    outer loop
      vertex 47.0453 6.21086 0
      vertex 47.0363 6.11957 0.45
      vertex 47.0363 6.11957 0
    endloop
  endfacet
  facet normal 0.998823 0.0484968 0
    outer loop
      vertex 47.0453 6.21086 0.45
      vertex 47.043 6.25823 0
      vertex 47.043 6.25823 0.45
    endloop
  endfacet
  facet normal 0.998823 0.0484968 0
    outer loop
      vertex 47.043 6.25823 0
      vertex 47.0453 6.21086 0.45
      vertex 47.0453 6.21086 0
    endloop
  endfacet
  facet normal 0.989064 0.147488 0
    outer loop
      vertex 47.043 6.25823 0.45
      vertex 47.0364 6.30249 0
      vertex 47.0364 6.30249 0.45
    endloop
  endfacet
  facet normal 0.989064 0.147488 0
    outer loop
      vertex 47.0364 6.30249 0
      vertex 47.043 6.25823 0.45
      vertex 47.043 6.25823 0
    endloop
  endfacet
  facet normal 0.965475 0.260495 0
    outer loop
      vertex 47.0364 6.30249 0.45
      vertex 47.0253 6.34363 0
      vertex 47.0253 6.34363 0.45
    endloop
  endfacet
  facet normal 0.965475 0.260495 0
    outer loop
      vertex 47.0253 6.34363 0
      vertex 47.0364 6.30249 0.45
      vertex 47.0364 6.30249 0
    endloop
  endfacet
  facet normal 0.926039 0.377428 0
    outer loop
      vertex 47.0253 6.34363 0.45
      vertex 47.0098 6.38166 0
      vertex 47.0098 6.38166 0.45
    endloop
  endfacet
  facet normal 0.926039 0.377428 0
    outer loop
      vertex 47.0098 6.38166 0
      vertex 47.0253 6.34363 0.45
      vertex 47.0253 6.34363 0
    endloop
  endfacet
  facet normal 0.868763 0.495227 0
    outer loop
      vertex 47.0098 6.38166 0.45
      vertex 46.9899 6.41657 0
      vertex 46.9899 6.41657 0.45
    endloop
  endfacet
  facet normal 0.868763 0.495227 0
    outer loop
      vertex 46.9899 6.41657 0
      vertex 47.0098 6.38166 0.45
      vertex 47.0098 6.38166 0
    endloop
  endfacet
  facet normal 0.793365 0.608746 0
    outer loop
      vertex 46.9899 6.41657 0.45
      vertex 46.9655 6.44837 0
      vertex 46.9655 6.44837 0.45
    endloop
  endfacet
  facet normal 0.793365 0.608746 0
    outer loop
      vertex 46.9655 6.44837 0
      vertex 46.9899 6.41657 0.45
      vertex 46.9899 6.41657 0
    endloop
  endfacet
  facet normal 0.706737 0.707476 -0
    outer loop
      vertex 46.9655 6.44837 0
      vertex 46.9368 6.47704 0.45
      vertex 46.9655 6.44837 0.45
    endloop
  endfacet
  facet normal 0.706737 0.707476 0
    outer loop
      vertex 46.9368 6.47704 0.45
      vertex 46.9655 6.44837 0
      vertex 46.9368 6.47704 0
    endloop
  endfacet
  facet normal 0.605601 0.795768 -0
    outer loop
      vertex 46.9368 6.47704 0
      vertex 46.9037 6.50223 0.45
      vertex 46.9368 6.47704 0.45
    endloop
  endfacet
  facet normal 0.605601 0.795768 0
    outer loop
      vertex 46.9037 6.50223 0.45
      vertex 46.9368 6.47704 0
      vertex 46.9037 6.50223 0
    endloop
  endfacet
  facet normal 0.496892 0.867812 -0
    outer loop
      vertex 46.9037 6.50223 0
      vertex 46.8665 6.52353 0.45
      vertex 46.9037 6.50223 0.45
    endloop
  endfacet
  facet normal 0.496892 0.867812 0
    outer loop
      vertex 46.8665 6.52353 0.45
      vertex 46.9037 6.50223 0
      vertex 46.8665 6.52353 0
    endloop
  endfacet
  facet normal 0.388216 0.921568 -0
    outer loop
      vertex 46.8665 6.52353 0
      vertex 46.8251 6.54097 0.45
      vertex 46.8665 6.52353 0.45
    endloop
  endfacet
  facet normal 0.388216 0.921568 0
    outer loop
      vertex 46.8251 6.54097 0.45
      vertex 46.8665 6.52353 0
      vertex 46.8251 6.54097 0
    endloop
  endfacet
  facet normal 0.285226 0.95846 -0
    outer loop
      vertex 46.8251 6.54097 0
      vertex 46.7795 6.55454 0.45
      vertex 46.8251 6.54097 0.45
    endloop
  endfacet
  facet normal 0.285226 0.95846 0
    outer loop
      vertex 46.7795 6.55454 0.45
      vertex 46.8251 6.54097 0
      vertex 46.7795 6.55454 0
    endloop
  endfacet
  facet normal 0.191738 0.981446 -0
    outer loop
      vertex 46.7795 6.55454 0
      vertex 46.7299 6.56423 0.45
      vertex 46.7795 6.55454 0.45
    endloop
  endfacet
  facet normal 0.191738 0.981446 0
    outer loop
      vertex 46.7299 6.56423 0.45
      vertex 46.7795 6.55454 0
      vertex 46.7299 6.56423 0
    endloop
  endfacet
  facet normal 0.106989 0.99426 -0
    outer loop
      vertex 46.7299 6.56423 0
      vertex 46.676 6.57003 0.45
      vertex 46.7299 6.56423 0.45
    endloop
  endfacet
  facet normal 0.106989 0.99426 0
    outer loop
      vertex 46.676 6.57003 0.45
      vertex 46.7299 6.56423 0
      vertex 46.676 6.57003 0
    endloop
  endfacet
  facet normal 0.0333148 0.999445 -0
    outer loop
      vertex 46.676 6.57003 0
      vertex 46.6181 6.57196 0.45
      vertex 46.676 6.57003 0.45
    endloop
  endfacet
  facet normal 0.0333148 0.999445 0
    outer loop
      vertex 46.6181 6.57196 0.45
      vertex 46.676 6.57003 0
      vertex 46.6181 6.57196 0
    endloop
  endfacet
  facet normal 0 1 -0
    outer loop
      vertex 46.6181 6.57196 0
      vertex 45.9637 6.57196 0.45
      vertex 46.6181 6.57196 0.45
    endloop
  endfacet
  facet normal 0 1 0
    outer loop
      vertex 45.9637 6.57196 0.45
      vertex 46.6181 6.57196 0
      vertex 45.9637 6.57196 0
    endloop
  endfacet
endsolid OpenSCAD_Model
