category	model	name	path	bytes	sha256	source_url	downloaded_at	license
lock-sound		Are you ok.WAV	assets/xiaote/raw/lock-sounds/Are you ok.WAV	168014	b859ac2ad3e020a8112015093553b1b3be9593b4ab164f565af35a93228dc2d6	https://static0.xiaote.com/video/锁车特效声/Are you ok.WAV	2026-08-30T12:50:09Z	未声明，禁止公开再分发
lock-sound		Timi.WAV	assets/xiaote/raw/lock-sounds/Timi.WAV	282702	2400b7a2e75644fafca2639473db67d6ffe4231b794453bf7f266bcb066014c0	https://static0.xiaote.com/video/锁车特效声/Timi.WAV	2026-08-30T12:50:09Z	未声明，禁止公开再分发
lock-sound		iphone充电提示音.WAV	assets/xiaote/raw/lock-sounds/iphone充电提示音.WAV	69710	049548e4af6b59fec877157ccab06820a02ae8107a01749e89ace7d93a682738	https://static0.xiaote.com/video/锁车特效声/iphone充电提示音.WAV	2026-08-30T12:50:09Z	未声明，禁止公开再分发
lock-sound		iphone锁屏.WAV	assets/xiaote/raw/lock-sounds/iphone锁屏.WAV	32846	36cc645989d22b224fbb682f093c90a83c6bddd8f27336c8bde2fc572851d32c	https://static0.xiaote.com/video/锁车特效声/iphone锁屏.WAV	2026-08-30T12:50:09Z	未声明，禁止公开再分发
lock-sound		okay got it.WAV	assets/xiaote/raw/lock-sounds/okay got it.WAV	909390	e244eff6a879cc9ec5480cc96d5de19ff7bde72bf52441155c0c4652956d9392	https://static0.xiaote.com/video/锁车特效声/okay got it.WAV	2026-08-30T12:50:09Z	未声明，禁止公开再分发
lock-sound		windows关机.WAV	assets/xiaote/raw/lock-sounds/windows关机.WAV	417870	4b450f5e0d0fd850cf8f1020b4b827f03d6c30e07f50eb1363dad5fbced17f0e	https://static0.xiaote.com/video/锁车特效声/windows关机.WAV	2026-08-30T12:50:09Z	未声明，禁止公开再分发
lock-sound		你干嘛哎哟.WAV	assets/xiaote/raw/lock-sounds/你干嘛哎哟.WAV	589902	b677eb1c5485d08b137f214adfc8c4a172acf359f56918c75a3f1e39a8c68af7	https://static0.xiaote.com/video/锁车特效声/你干嘛哎哟.WAV	2026-08-30T12:50:09Z	未声明，禁止公开再分发
lock-sound		变形金刚关机ing.WAV	assets/xiaote/raw/lock-sounds/变形金刚关机ing.WAV	450638	de5a2bbbc06351dd078b93a3c124875fccc878c313a14f795c9357f3045f84b6	https://static0.xiaote.com/video/锁车特效声/变形金刚关机ing.WAV	2026-08-30T12:50:09Z	未声明，禁止公开再分发
lock-sound		变形金刚没电.WAV	assets/xiaote/raw/lock-sounds/变形金刚没电.WAV	450638	de5a2bbbc06351dd078b93a3c124875fccc878c313a14f795c9357f3045f84b6	https://static0.xiaote.com/video/锁车特效声/变形金刚没电.WAV	2026-08-30T12:50:09Z	未声明，禁止公开再分发
lock-sound		可达鸭.WAV	assets/xiaote/raw/lock-sounds/可达鸭.WAV	294990	f442c5244fd8d8c3836155c4a50fb0055d2eb2e6065cd28bdcbc62603472e50b	https://static0.xiaote.com/video/锁车特效声/可达鸭.WAV	2026-08-30T12:50:09Z	未声明，禁止公开再分发
lock-sound		哆啦A梦.WAV	assets/xiaote/raw/lock-sounds/哆啦A梦.WAV	749646	2bbf324983d1a55f94125a4760b141443739b115c8ec41949cb4bccbbf049e1f	https://static0.xiaote.com/video/锁车特效声/哆啦A梦.WAV	2026-08-30T12:50:09Z	未声明，禁止公开再分发
lock-sound		大小姐驾到通通闪开.WAV	assets/xiaote/raw/lock-sounds/大小姐驾到通通闪开.WAV	458830	e2c24fe938fc9521b477fb7a3aa38907c98ed18261849d45840d9b59bd454f63	https://static0.xiaote.com/video/锁车特效声/大小姐驾到通通闪开.WAV	2026-08-30T12:50:09Z	未声明，禁止公开再分发
lock-sound		大气结尾.WAV	assets/xiaote/raw/lock-sounds/大气结尾.WAV	446542	5c6bc8763d65fb7bf052fb46a92ae0ffcabca9bef3d702aa28cc398ae76ef78b	https://static0.xiaote.com/video/锁车特效声/大气结尾.WAV	2026-08-30T12:50:09Z	未声明，禁止公开再分发
lock-sound		奈飞.WAV	assets/xiaote/raw/lock-sounds/奈飞.WAV	581710	54281eac4354a0836bf5dcc103820c242cf9f1a9978c503e407eb4bdb5e7ab12	https://static0.xiaote.com/video/锁车特效声/奈飞.WAV	2026-08-30T12:50:09Z	未声明，禁止公开再分发
lock-sound		奥迪心跳声.WAV	assets/xiaote/raw/lock-sounds/奥迪心跳声.WAV	315470	e095be6b9eeb16c24f15ac40adfec0eb00effda2564e846d526d16216b034d38	https://static0.xiaote.com/video/锁车特效声/奥迪心跳声.WAV	2026-08-30T12:50:09Z	未声明，禁止公开再分发
lock-sound		孙尚香-大小姐驾到.WAV	assets/xiaote/raw/lock-sounds/孙尚香-大小姐驾到.WAV	458830	e2c24fe938fc9521b477fb7a3aa38907c98ed18261849d45840d9b59bd454f63	https://static0.xiaote.com/video/锁车特效声/孙尚香-大小姐驾到.WAV	2026-08-30T12:50:09Z	未声明，禁止公开再分发
lock-sound		宝马广告结尾.WAV	assets/xiaote/raw/lock-sounds/宝马广告结尾.WAV	446542	5c6bc8763d65fb7bf052fb46a92ae0ffcabca9bef3d702aa28cc398ae76ef78b	https://static0.xiaote.com/video/锁车特效声/宝马广告结尾.WAV	2026-08-30T12:50:09Z	未声明，禁止公开再分发
lock-sound		小团团拜拜.WAV	assets/xiaote/raw/lock-sounds/小团团拜拜.WAV	553038	f874ea5223d4bbad60942a6f741593ec3ca6ef568d5626e0f44021a8d8fd307d	https://static0.xiaote.com/video/锁车特效声/小团团拜拜.WAV	2026-08-30T12:50:09Z	未声明，禁止公开再分发
lock-sound		小团团蹦沙卡拉卡.WAV	assets/xiaote/raw/lock-sounds/小团团蹦沙卡拉卡.WAV	438350	3224a703dd6a6e7a03b288084e803440add86ba2f308b9945d2f236f9dfbc6f7	https://static0.xiaote.com/video/锁车特效声/小团团蹦沙卡拉卡.WAV	2026-08-30T12:50:09Z	未声明，禁止公开再分发
lock-sound		小飞棍来咯.WAV	assets/xiaote/raw/lock-sounds/小飞棍来咯.WAV	294990	4e1414d2e02feac8a8a02e74e2f3d20f30236715d4b1a73967075990de6acbff	https://static0.xiaote.com/video/锁车特效声/小飞棍来咯.WAV	2026-08-30T12:50:09Z	未声明，禁止公开再分发
lock-sound		尴尬结束.WAV	assets/xiaote/raw/lock-sounds/尴尬结束.WAV	688206	8dc6f406b181f7c7e118f2ce73754ef5fe92dc6083298cd63710029c1bc1018c	https://static0.xiaote.com/video/锁车特效声/尴尬结束.WAV	2026-08-30T12:50:09Z	未声明，禁止公开再分发
lock-sound		常用片尾.WAV	assets/xiaote/raw/lock-sounds/常用片尾.WAV	376910	a238ec5e79a599de8f7ee2d7ef6a31974570b522ac4a8438a60130c47a498c47	https://static0.xiaote.com/video/锁车特效声/常用片尾.WAV	2026-08-30T12:50:09Z	未声明，禁止公开再分发
lock-sound		感谢本小姐大恩大德吧.WAV	assets/xiaote/raw/lock-sounds/感谢本小姐大恩大德吧.WAV	446542	33e02fe5bc0514eaaec08677085bde3813b2b7a9cdf8a1ec52bebd9d626f15b3	https://static0.xiaote.com/video/锁车特效声/感谢本小姐大恩大德吧.WAV	2026-08-30T12:50:09Z	未声明，禁止公开再分发
lock-sound		提莫笑声.WAV	assets/xiaote/raw/lock-sounds/提莫笑声.WAV	176206	4ab9c50ff6ffba24eea6cc50244a645c7a2453079fcb222e17ce67031a17adf2	https://static0.xiaote.com/video/锁车特效声/提莫笑声.WAV	2026-08-30T12:50:09Z	未声明，禁止公开再分发
lock-sound		提莫队长正在待命.WAV	assets/xiaote/raw/lock-sounds/提莫队长正在待命.WAV	266318	30d1a775d4942b33347c1ad98ff08d385ce5a18d6d37e3c00644cf8c8a72737d	https://static0.xiaote.com/video/锁车特效声/提莫队长正在待命.WAV	2026-08-30T12:50:09Z	未声明，禁止公开再分发
lock-sound		机器人.WAV	assets/xiaote/raw/lock-sounds/机器人.WAV	524366	c9f08929b7554f52a530cba4fbe725d6b155bd4a0f718d43598810374feda663	https://static0.xiaote.com/video/锁车特效声/机器人.WAV	2026-08-30T12:50:09Z	未声明，禁止公开再分发
lock-sound		欢快结束.WAV	assets/xiaote/raw/lock-sounds/欢快结束.WAV	381006	de92396d88f9e228fb0d0e8914944fc0b328be1777df1304b78faadaf56575be	https://static0.xiaote.com/video/锁车特效声/欢快结束.WAV	2026-08-30T12:50:09Z	未声明，禁止公开再分发
lock-sound		欢快结束1.WAV	assets/xiaote/raw/lock-sounds/欢快结束1.WAV	393294	10225369cfb0dc30295915bae0963ed564419abe0d5995900ae09f90cb9cc6c9	https://static0.xiaote.com/video/锁车特效声/欢快结束1.WAV	2026-08-30T12:50:09Z	未声明，禁止公开再分发
lock-sound		欢迎使用本公司智能语音电动车.WAV	assets/xiaote/raw/lock-sounds/欢迎使用本公司智能语音电动车.WAV	622670	7bfa06196859394a0a83244a86d324d1a74fd189de3604a2220631e40bf3e505	https://static0.xiaote.com/video/锁车特效声/欢迎使用本公司智能语音电动车.WAV	2026-08-30T12:50:09Z	未声明，禁止公开再分发
lock-sound		游戏失败.WAV	assets/xiaote/raw/lock-sounds/游戏失败.WAV	1032270	b1437a6cb0e28560412fc1f49c1a1813c586b521fd301a331c89681a5ac95968	https://static0.xiaote.com/video/锁车特效声/游戏失败.WAV	2026-08-30T12:50:09Z	未声明，禁止公开再分发
lock-sound		王牌飞行员申请出战.WAV	assets/xiaote/raw/lock-sounds/王牌飞行员申请出战.WAV	348238	6f798b81522bb8a7ba1ce69dfdfc364ad0dc43a51b52bbdefa81eedfbf7aa0f8	https://static0.xiaote.com/video/锁车特效声/王牌飞行员申请出战.WAV	2026-08-30T12:50:09Z	未声明，禁止公开再分发
lock-sound		环太平洋.WAV	assets/xiaote/raw/lock-sounds/环太平洋.WAV	680014	64e022c07974c798482c3c90bb0c2f642cfa24b0f4ab71f870cc998267dafd91	https://static0.xiaote.com/video/锁车特效声/环太平洋.WAV	2026-08-30T12:50:09Z	未声明，禁止公开再分发
lock-sound		电脑关机.WAV	assets/xiaote/raw/lock-sounds/电脑关机.WAV	417870	4b450f5e0d0fd850cf8f1020b4b827f03d6c30e07f50eb1363dad5fbced17f0e	https://static0.xiaote.com/video/锁车特效声/电脑关机.WAV	2026-08-30T12:50:09Z	未声明，禁止公开再分发
lock-sound		皮卡丘.WAV	assets/xiaote/raw/lock-sounds/皮卡丘.WAV	303182	067f9fc999fddb5671dfa52388d2f7225576bcec7f6c9f36d81ac42b152f1e36	https://static0.xiaote.com/video/锁车特效声/皮卡丘.WAV	2026-08-30T12:50:09Z	未声明，禁止公开再分发
lock-sound		纵横四海开场.WAV	assets/xiaote/raw/lock-sounds/纵横四海开场.WAV	651342	c6b7777442204789b707613cd8ce26e7ef836dba0ebc1500b59287a2aaaa1779	https://static0.xiaote.com/video/锁车特效声/纵横四海开场.WAV	2026-08-30T12:50:09Z	未声明，禁止公开再分发
lock-sound		萌娃拜拜.WAV	assets/xiaote/raw/lock-sounds/萌娃拜拜.WAV	254030	e7f95221c0f15b5a6783f0a7cbdffa57796cb36f04a5e42ea888e0f32952a1b0	https://static0.xiaote.com/video/锁车特效声/萌娃拜拜.WAV	2026-08-30T12:50:09Z	未声明，禁止公开再分发
lock-sound		蜡笔小新结尾.WAV	assets/xiaote/raw/lock-sounds/蜡笔小新结尾.WAV	815182	e5ee968ddae18aa87b7f01c1fdffe591cf32f799a470c5d517e662d879713523	https://static0.xiaote.com/video/锁车特效声/蜡笔小新结尾.WAV	2026-08-30T12:50:09Z	未声明，禁止公开再分发
lock-sound		贾维斯see you sir.WAV	assets/xiaote/raw/lock-sounds/贾维斯see you sir.WAV	409678	cb8c2ff5c093a77fb488cdd2d4f18eb237ed2d9ef69e0f3c40343fc3c30ce064	https://static0.xiaote.com/video/锁车特效声/贾维斯see you sir.WAV	2026-08-30T12:50:09Z	未声明，禁止公开再分发
lock-sound		超级玛丽gameover.WAV	assets/xiaote/raw/lock-sounds/超级玛丽gameover.WAV	344142	0b0c6e09f7656a19ba3e6925142e33e7b75770be6a2507ea6c4ea1bcd8cd4499	https://static0.xiaote.com/video/锁车特效声/超级玛丽gameover.WAV	2026-08-30T12:50:09Z	未声明，禁止公开再分发
lock-sound		送你个轰轰烈烈的退场.WAV	assets/xiaote/raw/lock-sounds/送你个轰轰烈烈的退场.WAV	397390	512030d36485c0e601aa5aeaac0f3ce149b9dc5cdfa40c47b89db5b303adcede	https://static0.xiaote.com/video/锁车特效声/送你个轰轰烈烈的退场.WAV	2026-08-30T12:50:09Z	未声明，禁止公开再分发
lock-sound		遥遥领先.WAV	assets/xiaote/raw/lock-sounds/遥遥领先.WAV	344142	35620454eaec03d486791c1577512ec93d50e86736ff5e2688845e8af66109e5	https://static0.xiaote.com/video/锁车特效声/遥遥领先.WAV	2026-08-30T12:50:09Z	未声明，禁止公开再分发
lock-sound		钵钵鸡.WAV	assets/xiaote/raw/lock-sounds/钵钵鸡.WAV	749646	7f71a85a12d0a793c5722865e67f08acb09d815703823281cb3704a9a2769801	https://static0.xiaote.com/video/锁车特效声/钵钵鸡.WAV	2026-08-30T12:50:09Z	未声明，禁止公开再分发
lock-sound		马里奥失败.WAV	assets/xiaote/raw/lock-sounds/马里奥失败.WAV	344142	0b0c6e09f7656a19ba3e6925142e33e7b75770be6a2507ea6c4ea1bcd8cd4499	https://static0.xiaote.com/video/锁车特效声/马里奥失败.WAV	2026-08-30T12:50:09Z	未声明，禁止公开再分发
lock-sound		鸡你太美.WAV	assets/xiaote/raw/lock-sounds/鸡你太美.WAV	262222	2933ca915524b60c0f7ed4962fffa9dce791fccfe328034909d3949d74215fad	https://static0.xiaote.com/video/锁车特效声/鸡你太美.WAV	2026-08-30T12:50:09Z	未声明，禁止公开再分发
lightshow-audio		2001太空漫游 / lightshow.mp3	assets/xiaote/raw/lightshows/2001太空漫游/LightShow/lightshow.mp3	1654287	161eabd474b9c0ae0e1d89ce067b8faabe30e7cf0369c0198ceb91465a4d5f10	https://static0.xiaote.com/video/灯光秀/2001太空漫游/LightShow/lightshow.mp3	2026-08-30T12:50:09Z	未声明，禁止公开再分发
lightshow-sequence		2001太空漫游 / lightshow.fseq	assets/xiaote/raw/lightshows/2001太空漫游/LightShow/lightshow.fseq	248044	f3dcd459f524dd78b2fd70dbc26b0fadde78ecd3cff769c11884b4c580aeb9ad	https://static0.xiaote.com/video/灯光秀/2001太空漫游/LightShow/lightshow.fseq	2026-08-30T12:50:09Z	未声明，禁止公开再分发
lightshow-sequence		All I want for Christmas is you / lightshow.fseq	assets/xiaote/raw/lightshows/All I want for Christmas is you/LightShow/lightshow.fseq	165656	f7f3b11968b3b8ebc5552386a5b7c5b23108233bbf4faf02a7f9706bd5ab9770	https://static0.xiaote.com/video/灯光秀/All I want for Christmas is you/LightShow/lightshow.fseq	2026-08-30T12:50:09Z	未声明，禁止公开再分发
lightshow-audio		Baby Shark / lightshow.mp3	assets/xiaote/raw/lightshows/Baby Shark/LightShow/lightshow.mp3	3853711	33e461cb6c31a6ac3dcf037fccabc10bc3f1cba34620b9b6f795bdd24e606f78	https://static0.xiaote.com/video/灯光秀/Baby Shark/LightShow/lightshow.mp3	2026-08-30T12:50:09Z	未声明，禁止公开再分发
lightshow-sequence		Baby Shark / lightshow.fseq	assets/xiaote/raw/lightshows/Baby Shark/LightShow/lightshow.fseq	231300	a96cc58c7b667004eca0223c8e16095e9712f558f6046d53da809e8386e65398	https://static0.xiaote.com/video/灯光秀/Baby Shark/LightShow/lightshow.fseq	2026-08-30T12:50:09Z	未声明，禁止公开再分发
lightshow-audio		Billie Jean - Michael Jackson / lightshow.mp3	assets/xiaote/raw/lightshows/Billie Jean - Michael Jackson/LightShow/lightshow.mp3	4175430	5a74df9d4cd29844e6e021d6900c8531472876f4ab3105d7743473cd4803bcc7	https://static0.xiaote.com/video/灯光秀/Billie Jean - Michael Jackson/LightShow/lightshow.mp3	2026-08-30T12:50:09Z	未声明，禁止公开再分发
lightshow-sequence		Billie Jean - Michael Jackson / lightshow.fseq	assets/xiaote/raw/lightshows/Billie Jean - Michael Jackson/LightShow/lightshow.fseq	564664	490ece12b9838981b14a016b627ff5e20e52a22d6b8397d1f9a67b27de2a2168	https://static0.xiaote.com/video/灯光秀/Billie Jean - Michael Jackson/LightShow/lightshow.fseq	2026-08-30T12:50:09Z	未声明，禁止公开再分发
lightshow-audio		Bruno Mars - Marry You / lightshow.mp3	assets/xiaote/raw/lightshows/Bruno Mars - Marry You/LightShow/lightshow.mp3	2087655	b7f87631a482f1557e21fdb337b368947f0182cec9f16ce36c1f1e76ac704346	https://static0.xiaote.com/video/灯光秀/Bruno Mars - Marry You/LightShow/lightshow.mp3	2026-08-30T12:50:09Z	未声明，禁止公开再分发
lightshow-sequence		Bruno Mars - Marry You / lightshow.fseq	assets/xiaote/raw/lightshows/Bruno Mars - Marry You/LightShow/lightshow.fseq	228304	fca8d836ae1790bdb932f9c23620037275f77c6126c45eb4bcf85aeeb32ec543	https://static0.xiaote.com/video/灯光秀/Bruno Mars - Marry You/LightShow/lightshow.fseq	2026-08-30T12:50:09Z	未声明，禁止公开再分发
lightshow-sequence		Cyberpunk / lightshow.fseq	assets/xiaote/raw/lightshows/Cyberpunk/LightShow/lightshow.fseq	91332	edca370dab53933c7d0fe7247570705819f9847ad5b622a80cda2fc0648210dd	https://static0.xiaote.com/video/灯光秀/Cyberpunk/LightShow/lightshow.fseq	2026-08-30T12:50:09Z	未声明，禁止公开再分发
lightshow-audio		In the end - Linkin Park / lightshow.mp3	assets/xiaote/raw/lightshows/In the end - Linkin Park/LightShow/lightshow.mp3	2929032	b2873e814490b1bfe52ed840b7ac6ef334c7ba8a60af1e72f4bd755d100fee00	https://static0.xiaote.com/video/灯光秀/In the end - Linkin Park/LightShow/lightshow.mp3	2026-08-30T12:50:09Z	未声明，禁止公开再分发
lightshow-sequence		In the end - Linkin Park / lightshow.fseq	assets/xiaote/raw/lightshows/In the end - Linkin Park/LightShow/lightshow.fseq	175832	2de5bc442ae571a3a35b38c031b649777a73f7a0f6d1a375fb426ff6ff835c59	https://static0.xiaote.com/video/灯光秀/In the end - Linkin Park/LightShow/lightshow.fseq	2026-08-30T12:50:09Z	未声明，禁止公开再分发
lightshow-sequence		James Bond (007) 主题曲 / lightshow.fseq	assets/xiaote/raw/lightshows/James Bond (007) 主题曲/LightShow/lightshow.fseq	357432	98198cf0d2f42ac7d385f8f4c21c67687b62d94ead986826c35d16279a05aede	https://static0.xiaote.com/video/灯光秀/James Bond (007) 主题曲/LightShow/lightshow.fseq	2026-08-30T12:50:09Z	未声明，禁止公开再分发
lightshow-audio		Let it go (冰雪奇缘） / lightshow.mp3	assets/xiaote/raw/lightshows/Let it go (冰雪奇缘）/LightShow/lightshow.mp3	1547923	2fa2d25cebd67a489efe04b68bca1338198d6d2ddfbdfffeb360a6e19971b7ab	https://static0.xiaote.com/video/灯光秀/Let it go (冰雪奇缘）/LightShow/lightshow.mp3	2026-08-30T12:50:09Z	未声明，禁止公开再分发
lightshow-sequence		Let it go (冰雪奇缘） / lightshow.fseq	assets/xiaote/raw/lightshows/Let it go (冰雪奇缘）/LightShow/lightshow.fseq	68244	07e04bb6e93328a9c66ac85cd9699d43affc1d111623c94207f28f6c89de3600	https://static0.xiaote.com/video/灯光秀/Let it go (冰雪奇缘）/LightShow/lightshow.fseq	2026-08-30T12:50:09Z	未声明，禁止公开再分发
lightshow-audio		POP STARS - KDA / lightshow.mp3	assets/xiaote/raw/lightshows/POP STARS - KDA/LightShow/lightshow.mp3	3509438	03fbd4036520535cc525e5512dcbd9aff9f4a2eaa2f4663ce82db2263a53bec8	https://static0.xiaote.com/video/灯光秀/POP STARS - KDA/LightShow/lightshow.mp3	2026-08-30T12:50:09Z	未声明，禁止公开再分发
lightshow-sequence		POP STARS - KDA / lightshow.fseq	assets/xiaote/raw/lightshows/POP STARS - KDA/LightShow/lightshow.fseq	135520	4534187fbe430a40155f412814e44f8f5d361ce9cc892b464087164dbd85dde9	https://static0.xiaote.com/video/灯光秀/POP STARS - KDA/LightShow/lightshow.fseq	2026-08-30T12:50:09Z	未声明，禁止公开再分发
lightshow-audio		Poker Face - Lady Gaga / lightshow.mp3	assets/xiaote/raw/lightshows/Poker Face - Lady Gaga/LightShow/lightshow.mp3	2041032	314f8ff8598a2bff3d69c0cf68f08022820c40f3bd06c8fe34aef038e36bd15e	https://static0.xiaote.com/video/灯光秀/Poker Face - Lady Gaga/LightShow/lightshow.mp3	2026-08-30T12:50:09Z	未声明，禁止公开再分发
lightshow-sequence		Poker Face - Lady Gaga / lightshow.fseq	assets/xiaote/raw/lightshows/Poker Face - Lady Gaga/LightShow/lightshow.fseq	142304	4ec3d0e9c5b85053576612c12e42cda3d64a745eb4a3dade3b35911b8614aeac	https://static0.xiaote.com/video/灯光秀/Poker Face - Lady Gaga/LightShow/lightshow.fseq	2026-08-30T12:50:09Z	未声明，禁止公开再分发
lightshow-sequence		Tokyo Drift (Fast and Furious) / lightshow.fseq	assets/xiaote/raw/lightshows/Tokyo Drift (Fast and Furious)/LightShow/lightshow.fseq	72128	7654eff011c5c8ee54734feccc01c232a39102d0d3d168f180ad6d46f7ce9341	https://static0.xiaote.com/video/灯光秀/Tokyo Drift (Fast and Furious)/LightShow/lightshow.fseq	2026-08-30T12:50:09Z	未声明，禁止公开再分发
lightshow-audio		Uptown Funk - Bruno Mars / lightshow.mp3	assets/xiaote/raw/lightshows/Uptown Funk - Bruno Mars/LightShow/lightshow.mp3	1438929	2a0c15966367a4f357a678bb3b95bf5de6fdcdcd844a4256c36616cc432d69fc	https://static0.xiaote.com/video/灯光秀/Uptown Funk - Bruno Mars/LightShow/lightshow.mp3	2026-08-30T12:50:09Z	未声明，禁止公开再分发
lightshow-sequence		Uptown Funk - Bruno Mars / lightshow.fseq	assets/xiaote/raw/lightshows/Uptown Funk - Bruno Mars/LightShow/lightshow.fseq	64048	7e9400833fcc3ccc9b0dde754ba2ac24436fab727b980e33d9a8aabe72a3e061	https://static0.xiaote.com/video/灯光秀/Uptown Funk - Bruno Mars/LightShow/lightshow.fseq	2026-08-30T12:50:09Z	未声明，禁止公开再分发
lightshow-audio		We will rock you - Queen / lightshow.mp3	assets/xiaote/raw/lightshows/We will rock you - Queen/LightShow/lightshow.mp3	1925717	1fb74b821208c9a0c80df2db7e8d4cba231b1eb401134d13f4eea6e3a4127106	https://static0.xiaote.com/video/灯光秀/We will rock you - Queen/LightShow/lightshow.mp3	2026-08-30T12:50:09Z	未声明，禁止公开再分发
lightshow-sequence		We will rock you - Queen / lightshow.fseq	assets/xiaote/raw/lightshows/We will rock you - Queen/LightShow/lightshow.fseq	158068	78696e903413db9874d62b5f4bef7ccffd1034c7cbc4f0f3584a971e1f86ff9e	https://static0.xiaote.com/video/灯光秀/We will rock you - Queen/LightShow/lightshow.fseq	2026-08-30T12:50:09Z	未声明，禁止公开再分发
lightshow-audio		What does the fox say / lightshow.mp3	assets/xiaote/raw/lightshows/What does the fox say/LightShow/lightshow.mp3	1469873	1bb183e6cd28e7ef49f771e21676013f76eef7342a37106c2c21498c1113cec0	https://static0.xiaote.com/video/灯光秀/What does the fox say/LightShow/lightshow.mp3	2026-08-30T12:50:09Z	未声明，禁止公开再分发
lightshow-sequence		What does the fox say / lightshow.fseq	assets/xiaote/raw/lightshows/What does the fox say/LightShow/lightshow.fseq	143868	cc206a2283adda4104bf520b123013c4221402c42d925f4b4e0358518689bcc7	https://static0.xiaote.com/video/灯光秀/What does the fox say/LightShow/lightshow.fseq	2026-08-30T12:50:09Z	未声明，禁止公开再分发
lightshow-audio		以父之名-周杰伦 / lightshow.mp3	assets/xiaote/raw/lightshows/以父之名-周杰伦/LightShow/lightshow.mp3	733474	5489ac78b22d996e2f48dd9eaf7fb81efa89738107d613f702912212a448f335	https://static0.xiaote.com/video/灯光秀/以父之名-周杰伦/LightShow/lightshow.mp3	2026-08-30T12:50:09Z	未声明，禁止公开再分发
lightshow-sequence		以父之名-周杰伦 / lightshow.fseq	assets/xiaote/raw/lightshows/以父之名-周杰伦/LightShow/lightshow.fseq	64204	0ce06bebb489ec3a4d2fb0d1d530bce8596a2a8892564d42074d4426ad0596b4	https://static0.xiaote.com/video/灯光秀/以父之名-周杰伦/LightShow/lightshow.fseq	2026-08-30T12:50:09Z	未声明，禁止公开再分发
lightshow-audio		加勒比海盗 / lightshow.mp3	assets/xiaote/raw/lightshows/加勒比海盗/LightShow/lightshow.mp3	1316681	a8d85d99f566a96f30116040e85f64b25167f87135a0ce4f1e3d2ab6599a77cc	https://static0.xiaote.com/video/灯光秀/加勒比海盗/LightShow/lightshow.mp3	2026-08-30T12:50:09Z	未声明，禁止公开再分发
lightshow-sequence		加勒比海盗 / lightshow.fseq	assets/xiaote/raw/lightshows/加勒比海盗/LightShow/lightshow.fseq	218496	480e529d0b2b43209c6d71d3ffbf4f6087a50f287899ed3e23d05fcad71d63a6	https://static0.xiaote.com/video/灯光秀/加勒比海盗/LightShow/lightshow.fseq	2026-08-30T12:50:09Z	未声明，禁止公开再分发
lightshow-sequence		复仇者联盟 / lightshow.fseq	assets/xiaote/raw/lightshows/复仇者联盟/LightShow/lightshow.fseq	296220	6b6c5a6254e09761a34dcc9c0d4fd632a58cb59a8417b884fa48bcf31385e805	https://static0.xiaote.com/video/灯光秀/复仇者联盟/LightShow/lightshow.fseq	2026-08-30T12:50:09Z	未声明，禁止公开再分发
lightshow-audio		新年快乐烟花 / lightshow.mp3	assets/xiaote/raw/lightshows/新年快乐烟花/LightShow/lightshow.mp3	761747	4efab4e429498bf10551058cad083fcd63d8f86438e6883e3b3f526a7f491760	https://static0.xiaote.com/video/灯光秀/新年快乐烟花/LightShow/lightshow.mp3	2026-08-30T12:50:09Z	未声明，禁止公开再分发
lightshow-sequence		新年快乐烟花 / lightshow.fseq	assets/xiaote/raw/lightshows/新年快乐烟花/LightShow/lightshow.fseq	91684	fd01bf6eed6689826655ddbb84fe8ea148ffd8fb2407dfbb4d46645b676e9293	https://static0.xiaote.com/video/灯光秀/新年快乐烟花/LightShow/lightshow.fseq	2026-08-30T12:50:09Z	未声明，禁止公开再分发
lightshow-audio		星球大战 / lightshow.mp3	assets/xiaote/raw/lightshows/星球大战/LightShow/lightshow.mp3	1101910	c1f3f8c5f02831867212ee748422be4944306f921884f96b200c4a0ba10cb9dc	https://static0.xiaote.com/video/灯光秀/星球大战/LightShow/lightshow.mp3	2026-08-30T12:50:09Z	未声明，禁止公开再分发
lightshow-sequence		星球大战 / lightshow.fseq	assets/xiaote/raw/lightshows/星球大战/LightShow/lightshow.fseq	96096	b2e564a13e27ed076f3f26602a1ae943dc2ba3b9449c8d5f95f697953a492922	https://static0.xiaote.com/video/灯光秀/星球大战/LightShow/lightshow.fseq	2026-08-30T12:50:09Z	未声明，禁止公开再分发
lightshow-sequence		权力的游戏 / lightshow.fseq	assets/xiaote/raw/lightshows/权力的游戏/LightShow/lightshow.fseq	178588	9f70f14ff20d129715c043b3f59fe7edb901de651a7caa686efa6c4b3d6ed132	https://static0.xiaote.com/video/灯光秀/权力的游戏/LightShow/lightshow.fseq	2026-08-30T12:50:09Z	未声明，禁止公开再分发
lightshow-audio		爱你-王心凌 / lightshow.mp3	assets/xiaote/raw/lightshows/爱你-王心凌/LightShow/lightshow.mp3	1289485	eb747a58be91b78a61b1813f81692f52cfded6f5a79b0c553b00dd41bc00837c	https://static0.xiaote.com/video/灯光秀/爱你-王心凌/LightShow/lightshow.mp3	2026-08-30T12:50:09Z	未声明，禁止公开再分发
lightshow-sequence		爱你-王心凌 / lightshow.fseq	assets/xiaote/raw/lightshows/爱你-王心凌/LightShow/lightshow.fseq	66508	479c613c5e892969e00f54b566bf1218929d2a2b0121bb7d4d6160b67a6e419d	https://static0.xiaote.com/video/灯光秀/爱你-王心凌/LightShow/lightshow.fseq	2026-08-30T12:50:09Z	未声明，禁止公开再分发
lightshow-audio		碟中谍 / lightshow.mp3	assets/xiaote/raw/lightshows/碟中谍/LightShow/lightshow.mp3	1439033	33a193b8522010123c8c13a0f8adab5868f1733d0a2dd2706b7772f9005161aa	https://static0.xiaote.com/video/灯光秀/碟中谍/LightShow/lightshow.mp3	2026-08-30T12:50:09Z	未声明，禁止公开再分发
lightshow-sequence		碟中谍 / lightshow.fseq	assets/xiaote/raw/lightshows/碟中谍/LightShow/lightshow.fseq	215924	e466c8f1c7342641a46365a55e599804a4f51108608b66e2dc445926dc25a805	https://static0.xiaote.com/video/灯光秀/碟中谍/LightShow/lightshow.fseq	2026-08-30T12:50:09Z	未声明，禁止公开再分发
lightshow-audio		祝你生日快乐 / lightshow.mp3	assets/xiaote/raw/lightshows/祝你生日快乐/LightShow/lightshow.mp3	1394866	461ca53ae537e3780d9446676da71fc2289672dc21ddcc52d7de13f418050b91	https://static0.xiaote.com/video/灯光秀/祝你生日快乐/LightShow/lightshow.mp3	2026-08-30T12:50:09Z	未声明，禁止公开再分发
lightshow-sequence		祝你生日快乐 / lightshow.fseq	assets/xiaote/raw/lightshows/祝你生日快乐/LightShow/lightshow.fseq	209104	2ce43b83a99359feea288f1ce8ceec8c1ec23fc4f36e042dca10a2b2d6c974e1	https://static0.xiaote.com/video/灯光秀/祝你生日快乐/LightShow/lightshow.fseq	2026-08-30T12:50:09Z	未声明，禁止公开再分发
lightshow-audio		超级马里奥 / lightshow.mp3	assets/xiaote/raw/lightshows/超级马里奥/LightShow/lightshow.mp3	1164063	448f635677e4e9539358a4aeb7c0834f5790d6e8bf5c88488789f9d5a31539b1	https://static0.xiaote.com/video/灯光秀/超级马里奥/LightShow/lightshow.mp3	2026-08-30T12:50:09Z	未声明，禁止公开再分发
lightshow-sequence		超级马里奥 / lightshow.fseq	assets/xiaote/raw/lightshows/超级马里奥/LightShow/lightshow.fseq	84984	c6dadf94e177c17e6aaf63d8b03f4f35597785acf4040967aa862fad6f273dab	https://static0.xiaote.com/video/灯光秀/超级马里奥/LightShow/lightshow.fseq	2026-08-30T12:50:09Z	未声明，禁止公开再分发
lightshow-audio		鱿鱼游戏 / lightshow.mp3	assets/xiaote/raw/lightshows/鱿鱼游戏/LightShow/lightshow.mp3	2114174	1c8379d50e0b2f61c878edb1286a5fbf301c7fb91ad1ac4d14c09bd71ec24730	https://static0.xiaote.com/video/灯光秀/鱿鱼游戏/LightShow/lightshow.mp3	2026-08-30T12:50:09Z	未声明，禁止公开再分发
lightshow-sequence		鱿鱼游戏 / lightshow.fseq	assets/xiaote/raw/lightshows/鱿鱼游戏/LightShow/lightshow.fseq	126888	47358994339fafbfe09c8546517e101b16a7ec13bc58e9614aa63355ce4dce38	https://static0.xiaote.com/video/灯光秀/鱿鱼游戏/LightShow/lightshow.fseq	2026-08-30T12:50:09Z	未声明，禁止公开再分发
skin	model3	赛博玫瑰	assets/xiaote/raw/skins/model3/de9b2c2f.jpg	102982	a3fd75b77b137bf1bed2be923b40ec55ee847dd55930a503a5fe71003cc9f4c8	https://file0.52tesla.com/gigamini/tesla-wrap/examples/model3/de9b2c2f.jpg	2026-08-30T12:50:09Z	未声明，禁止公开再分发
skin	model3	KPOP恶魔猎手	assets/xiaote/raw/skins/model3/a73e087d.jpg	113748	12e456116186e8bf92bfbf674b126285df993977c5ef3d4c4d70dec6d1534095	https://file0.52tesla.com/gigamini/tesla-wrap/examples/model3/a73e087d.jpg	2026-08-30T12:50:09Z	未声明，禁止公开再分发
skin	model3	赛车风云	assets/xiaote/raw/skins/model3/8c824942.jpg	210832	d37229fcd9ecfa62f908ab25a4e1e596783076db28a4ef709838a468acf265ae	https://file0.52tesla.com/gigamini/tesla-wrap/examples/model3/8c824942.jpg	2026-08-30T12:50:09Z	未声明，禁止公开再分发
skin	model3	雷霆战甲	assets/xiaote/raw/skins/model3/885d20b6.jpg	104334	00b712c51ea66a50343a601e75b08242b0ce6913262e984f67fb9d51a174fb8c	https://file0.52tesla.com/gigamini/tesla-wrap/examples/model3/885d20b6.jpg	2026-08-30T12:50:09Z	未声明，禁止公开再分发
skin	model3	LV限定款	assets/xiaote/raw/skins/model3/54255713.jpg	157479	66e289d1e1c79f283b6df993372df3ffd34d2602ce40470d87ad48925764f6c8	https://file0.52tesla.com/gigamini/tesla-wrap/examples/model3/54255713.jpg	2026-08-30T12:50:09Z	未声明，禁止公开再分发
skin	model3	迷彩战甲	assets/xiaote/raw/skins/model3/e3b73d27.jpg	122285	8ce7c8c126936e3db5981894aa7c410bee4b6f0b1ecbb57719edde1359d9bb73	https://file0.52tesla.com/gigamini/tesla-wrap/examples/model3/e3b73d27.jpg	2026-08-30T12:50:09Z	未声明，禁止公开再分发
skin	model3	星际公民	assets/xiaote/raw/skins/model3/023c95ae.jpg	213375	2f0ca97a6bd27d8b4b74f48c3c7528fd7f80b47789feda86f5a29ba5992ae9a9	https://file0.52tesla.com/gigamini/tesla-wrap/examples/model3/023c95ae.jpg	2026-08-30T12:50:09Z	未声明，禁止公开再分发
skin	model3	迪士尼公主梦幻夜	assets/xiaote/raw/skins/model3/3f2b46e7.jpg	208121	425f13b79d5748719bd16f100c98b0cb8beb05be90b7dcdcbbbdede5959bf021	https://file0.52tesla.com/gigamini/tesla-wrap/examples/model3/3f2b46e7.jpg	2026-08-30T12:50:09Z	未声明，禁止公开再分发
skin	model3	赛博朋克之光	assets/xiaote/raw/skins/model3/7d0b42d3.jpg	124575	44d4d08d01b25433af0c0a6ea29d5a07d26222358a0c8724f77d0e54b7ce380d	https://file0.52tesla.com/gigamini/tesla-wrap/examples/model3/7d0b42d3.jpg	2026-08-30T12:50:09Z	未声明，禁止公开再分发
skin	model3	机甲猎手	assets/xiaote/raw/skins/model3/cf0a62f6.jpg	145874	86993566b7dff87402afe4ee08f02b2d59611eaaac45eed12bba185864476cad	https://file0.52tesla.com/gigamini/tesla-wrap/examples/model3/cf0a62f6.jpg	2026-08-30T12:50:09Z	未声明，禁止公开再分发
skin	model3	蝴蝶梦境	assets/xiaote/raw/skins/model3/699d8f3f.jpg	119666	b1dce7e75586ad30d838db3669662f98aa8651a2ef19fe10f49a8bf0829add39	https://file0.52tesla.com/gigamini/tesla-wrap/examples/model3/699d8f3f.jpg	2026-08-30T12:50:09Z	未声明，禁止公开再分发
skin	model3	布法罗比尔队主题皮肤	assets/xiaote/raw/skins/model3/7a623db4.jpg	253475	7dae55d16e26adf8877616606ccca80874f369a96eb35f586dbd761e19bc3cdc	https://file0.52tesla.com/gigamini/tesla-wrap/examples/model3/7a623db4.jpg	2026-08-30T12:50:09Z	未声明，禁止公开再分发
skin	model3	星际工程师	assets/xiaote/raw/skins/model3/e4d51aab.jpg	199305	062c707388f9c3992e213b3160ace5cb24f03c2166a339f3203de711bff36455	https://file0.52tesla.com/gigamini/tesla-wrap/examples/model3/e4d51aab.jpg	2026-08-30T12:50:09Z	未声明，禁止公开再分发
skin	model3	特朗普火星计划	assets/xiaote/raw/skins/model3/53e8ae0b.jpg	119678	873bbdea2d8a10f2b621e7e90f54473347eaf7cec13fccf2312724fa4ded39b5	https://file0.52tesla.com/gigamini/tesla-wrap/examples/model3/53e8ae0b.jpg	2026-08-30T12:50:09Z	未声明，禁止公开再分发
skin	model3	赛博朋克之光	assets/xiaote/raw/skins/model3/0bc44049.jpg	223373	81eaebacd50eadea6fd39510af06dea43a716ef8b6e31c5d890f58fce42fda10	https://file0.52tesla.com/gigamini/tesla-wrap/examples/model3/0bc44049.jpg	2026-08-30T12:50:09Z	未声明，禁止公开再分发
skin	model3	迷彩战甲	assets/xiaote/raw/skins/model3/e75452d8.jpg	122285	8ce7c8c126936e3db5981894aa7c410bee4b6f0b1ecbb57719edde1359d9bb73	https://file0.52tesla.com/gigamini/tesla-wrap/examples/model3/e75452d8.jpg	2026-08-30T12:50:09Z	未声明，禁止公开再分发
skin	model3	赛博朋克风特斯拉	assets/xiaote/raw/skins/model3/c4b997d2.jpg	197945	6999614b8ca6f93f389ae11af02632a8a7a11ccb7e24f9cd891f9ad4eef22c67	https://file0.52tesla.com/gigamini/tesla-wrap/examples/model3/c4b997d2.jpg	2026-08-30T12:50:09Z	未声明，禁止公开再分发
skin	model3	迷彩绿	assets/xiaote/raw/skins/model3/d6e91989.jpg	122285	8ce7c8c126936e3db5981894aa7c410bee4b6f0b1ecbb57719edde1359d9bb73	https://file0.52tesla.com/gigamini/tesla-wrap/examples/model3/d6e91989.jpg	2026-08-30T12:50:09Z	未声明，禁止公开再分发
skin	model3	彩虹风暴	assets/xiaote/raw/skins/model3/7e5bff2b.jpg	116348	6f7adf11c10ffe5223205ce0097c3514e8507064e9af4007d7d79c200c700b83	https://file0.52tesla.com/gigamini/tesla-wrap/examples/model3/7e5bff2b.jpg	2026-08-30T12:50:09Z	未声明，禁止公开再分发
skin	model3	美国队长	assets/xiaote/raw/skins/model3/2622d7f1.jpg	132443	60820636e7b293442549e41c789c4bc1ad7c77cc39395a54c66d33fa4686fd3e	https://file0.52tesla.com/gigamini/tesla-wrap/examples/model3/2622d7f1.jpg	2026-08-30T12:50:09Z	未声明，禁止公开再分发
skin	model3	星际护卫队	assets/xiaote/raw/skins/model3/2e921596.jpg	185608	7ed41da6d6652157a818382d70ce5229cf8e02d65e04dc8f09e8b13eb87efce5	https://file0.52tesla.com/gigamini/tesla-wrap/examples/model3/2e921596.jpg	2026-08-30T12:50:09Z	未声明，禁止公开再分发
skin	model3	法国国旗特斯拉	assets/xiaote/raw/skins/model3/e39f07cd.jpg	87489	64fc5204f3dee124b2d7de4368303ef70d91e75229d5454d9b19c04eccbb973a	https://file0.52tesla.com/gigamini/tesla-wrap/examples/model3/e39f07cd.jpg	2026-08-30T12:50:09Z	未声明，禁止公开再分发
skin	model3	星战传奇	assets/xiaote/raw/skins/model3/69d5e31d.jpg	165921	9ecfc9e889ed54b2c0dc524c9abdecf81b9f4b1d94a6738dfcfd558598f24cd1	https://file0.52tesla.com/gigamini/tesla-wrap/examples/model3/69d5e31d.jpg	2026-08-30T12:50:09Z	未声明，禁止公开再分发
skin	model3	漫威英雄集结号	assets/xiaote/raw/skins/model3/bec5bef5.jpg	217282	d173babeeb20a17db38629870bdca660951b2b703dbfc26e72f75e4c648fe5b6	https://file0.52tesla.com/gigamini/tesla-wrap/examples/model3/bec5bef5.jpg	2026-08-30T12:50:09Z	未声明，禁止公开再分发
skin	model3	机甲战士	assets/xiaote/raw/skins/model3/a68673d5.jpg	94681	2bfd765ba9a5121b252a29282c245496f819700399b0e4a29c263f75f0379c84	https://file0.52tesla.com/gigamini/tesla-wrap/examples/model3/a68673d5.jpg	2026-08-30T12:50:09Z	未声明，禁止公开再分发
skin	model3	圣诞快乐	assets/xiaote/raw/skins/model3/cd7c04a3.jpg	240501	7ed25f380f2cc43b34c4ffc669329be20aa9d4fbed36efae817fb0c07879ac17	https://file0.52tesla.com/gigamini/tesla-wrap/examples/model3/cd7c04a3.jpg	2026-08-30T12:50:09Z	未声明，禁止公开再分发
skin	model3	乐高积木	assets/xiaote/raw/skins/model3/7d4e147b.jpg	157980	be73ce23ec0fdea508a2b5b2d41fe5fa742bd5666d95992535e26751dacbb381	https://file0.52tesla.com/gigamini/tesla-wrap/examples/model3/7d4e147b.jpg	2026-08-30T12:50:09Z	未声明，禁止公开再分发
skin	model3	星际迷航	assets/xiaote/raw/skins/model3/80bfada3.jpg	200176	4eb3b353f02d345deeb5dcffc80fdf06620ed6e1537ca2054f3e3f306f1f000d	https://file0.52tesla.com/gigamini/tesla-wrap/examples/model3/80bfada3.jpg	2026-08-30T12:50:09Z	未声明，禁止公开再分发
skin	model3	冰与火之歌	assets/xiaote/raw/skins/model3/485bad2a.jpg	185264	020bce3cd1013d29091b35c8ce57f04df4ee96692e13dd9b19d79c1269678fe8	https://file0.52tesla.com/gigamini/tesla-wrap/examples/model3/485bad2a.jpg	2026-08-30T12:50:09Z	未声明，禁止公开再分发
skin	model3	狗狗便便忍者	assets/xiaote/raw/skins/model3/baddc646.jpg	227281	297449d3139bfec4564b494f2a1b56ca807857f5fec28934c6f71385805d5ef6	https://file0.52tesla.com/gigamini/tesla-wrap/examples/model3/baddc646.jpg	2026-08-30T12:50:09Z	未声明，禁止公开再分发
skin	model3	Dragon ball	assets/xiaote/raw/skins/model3/e986ffd0.jpg	218666	7da154145913a40795853f2c71cdb1449e077b1a037f41fff04a22764dee4663	https://file0.52tesla.com/gigamini/tesla-wrap/examples/model3/e986ffd0.jpg	2026-08-30T12:50:09Z	未声明，禁止公开再分发
skin	model3	赛博朋克未来主义	assets/xiaote/raw/skins/model3/eeec104f.jpg	108627	68f08b414fa4972322ef2f0e9245a75d1ed9cb164b84708d1745cefef736b615	https://file0.52tesla.com/gigamini/tesla-wrap/examples/model3/eeec104f.jpg	2026-08-30T12:50:09Z	未声明，禁止公开再分发
skin	model3	海贼王主题皮肤	assets/xiaote/raw/skins/model3/29ed7699.jpg	272009	e71bf0b85551e7e80a1bc5384d281aab84a60c0ac4e30fdbcccf78744a24442a	https://file0.52tesla.com/gigamini/tesla-wrap/examples/model3/29ed7699.jpg	2026-08-30T12:50:09Z	未声明，禁止公开再分发
skin	model3	库里战车	assets/xiaote/raw/skins/model3/c8fe727d.jpg	246072	4dec4e8977ecaccba49bb8a17d533a7982786c82b75cfdcd0c0771fc739f5bc2	https://file0.52tesla.com/gigamini/tesla-wrap/examples/model3/c8fe727d.jpg	2026-08-30T12:50:09Z	未声明，禁止公开再分发
skin	model3	星际迷航	assets/xiaote/raw/skins/model3/2bfc98e6.jpg	238048	bb433b5b3819a4238e1d15cd67a780a595f56874d99a15655232fe3ad04011e0	https://file0.52tesla.com/gigamini/tesla-wrap/examples/model3/2bfc98e6.jpg	2026-08-30T12:50:09Z	未声明，禁止公开再分发
skin	model3	赛博朋克风特斯拉	assets/xiaote/raw/skins/model3/d495ae1e.jpg	111429	be24fbedebb4388dbe0025416c60397b5086eb9cb342b9fda28ec454960a1bca	https://file0.52tesla.com/gigamini/tesla-wrap/examples/model3/d495ae1e.jpg	2026-08-30T12:50:09Z	未声明，禁止公开再分发
skin	model3	迷彩战甲	assets/xiaote/raw/skins/model3/16fb0529.jpg	160279	79d445116d5833f243a7080aeb57ca04d5ff98b5065c4a69b415ea1fade6476b	https://file0.52tesla.com/gigamini/tesla-wrap/examples/model3/16fb0529.jpg	2026-08-30T12:50:09Z	未声明，禁止公开再分发
skin	model3	库里战车	assets/xiaote/raw/skins/model3/e0ae9f66.jpg	254200	3f81350a2ea6038c953f8608c1b758051dcc5feda924439d618b0bc23d74373d	https://file0.52tesla.com/gigamini/tesla-wrap/examples/model3/e0ae9f66.jpg	2026-08-30T12:50:09Z	未声明，禁止公开再分发
skin	model3	钢铁侠装甲	assets/xiaote/raw/skins/model3/01ebbab7.jpg	184951	4aedd763ae1385db5088134c0a28076410aa3a64c9c50f0beae7b8904d7c6a8d	https://file0.52tesla.com/gigamini/tesla-wrap/examples/model3/01ebbab7.jpg	2026-08-30T12:50:09Z	未声明，禁止公开再分发
skin	model3	星际迷航	assets/xiaote/raw/skins/model3/c99a4dee.jpg	163914	140a7fd107c828af380c34ece2df8f53ef73b55d47f78f92c58990729d26d56e	https://file0.52tesla.com/gigamini/tesla-wrap/examples/model3/c99a4dee.jpg	2026-08-30T12:50:09Z	未声明，禁止公开再分发
skin	model3	彩虹渐变	assets/xiaote/raw/skins/model3/6b7ecddc.jpg	158677	0e0912277630ff2773712aa2a0ce88da93f17a296d110357c4baa7e53b8823db	https://file0.52tesla.com/gigamini/tesla-wrap/examples/model3/6b7ecddc.jpg	2026-08-30T12:50:09Z	未声明，禁止公开再分发
skin	model3	星际迷航	assets/xiaote/raw/skins/model3/89b7a1c7.jpg	193170	425d817a04f95740025c26c850ee12128db12f5a799c873aad5dea316fd8792e	https://file0.52tesla.com/gigamini/tesla-wrap/examples/model3/89b7a1c7.jpg	2026-08-30T12:50:09Z	未声明，禁止公开再分发
skin	model3	花花公子兔女郎	assets/xiaote/raw/skins/model3/df05e846.jpg	157626	29417a6f9ce2795d52b24ee66447593e42b133d195a4f485b038993c617219df	https://file0.52tesla.com/gigamini/tesla-wrap/examples/model3/df05e846.jpg	2026-08-30T12:50:09Z	未声明，禁止公开再分发
skin	model3	星际迷航	assets/xiaote/raw/skins/model3/d9850567.jpg	120997	4aab283afb950e8f6b0f94e39f552f38bea44454ce3c41fa7f014bf120ed0b07	https://file0.52tesla.com/gigamini/tesla-wrap/examples/model3/d9850567.jpg	2026-08-30T12:50:09Z	未声明，禁止公开再分发
skin	model3	赛博朋克风	assets/xiaote/raw/skins/model3/278dd7ef.jpg	124051	fd6363908b0c310a779ba82843c1f45793d3442f9502d93ba354af6fbf13b9c3	https://file0.52tesla.com/gigamini/tesla-wrap/examples/model3/278dd7ef.jpg	2026-08-30T12:50:09Z	未声明，禁止公开再分发
skin	model3	赛博朋克风	assets/xiaote/raw/skins/model3/9acb89ad.jpg	530215	610efd0a32f087a7bc9bcdec345ed55061cfc1d719be59b5bac3d7db17ad80bc	https://file0.52tesla.com/gigamini/tesla-wrap/examples/model3/9acb89ad.jpg	2026-08-30T12:50:09Z	未声明，禁止公开再分发
skin	model3	木纹黑影	assets/xiaote/raw/skins/model3/af652673.jpg	242650	af3ebb406767e949b8ec7740a6038c07dcbc97d6d9ca359283c5c722f0ded092	https://file0.52tesla.com/gigamini/tesla-wrap/examples/model3/af652673.jpg	2026-08-30T12:50:09Z	未声明，禁止公开再分发
skin	model3	绿巨人浩克	assets/xiaote/raw/skins/model3/cb166b3d.jpg	219418	a375380f3caa4fe6d3c0b86689fbffa76d263c8bfe4173e00b7947a029ea8b99	https://file0.52tesla.com/gigamini/tesla-wrap/examples/model3/cb166b3d.jpg	2026-08-30T12:50:09Z	未声明，禁止公开再分发
skin	model3	粉红玫瑰简约风	assets/xiaote/raw/skins/model3/861dadd0.jpg	170013	401c2a8fa95c06440c54cb46244870601c36e85d28f5503a30d490353bb4d8ca	https://file0.52tesla.com/gigamini/tesla-wrap/examples/model3/861dadd0.jpg	2026-08-30T12:50:09Z	未声明，禁止公开再分发
skin	model3	星际迷航	assets/xiaote/raw/skins/model3/17db95a1.jpg	221189	24056931c2f78427d8f6fcdaa50e5aa4ed5b6d93ac898dd75a47b623f3e13637	https://file0.52tesla.com/gigamini/tesla-wrap/examples/model3/17db95a1.jpg	2026-08-30T12:50:09Z	未声明，禁止公开再分发
skin	model3	星际迷航	assets/xiaote/raw/skins/model3/54a7cd49.jpg	238854	c860eb7a5fceefecb00a4dc4bdb9c23668590c7145e5266687dbd43f2981be9b	https://file0.52tesla.com/gigamini/tesla-wrap/examples/model3/54a7cd49.jpg	2026-08-30T12:50:09Z	未声明，禁止公开再分发
skin	model3	星际迷航	assets/xiaote/raw/skins/model3/5ddf87d1.jpg	120543	1a0bd160e22d0eed6fe02bfbd0835c211acb84fb9fea5a4965cc51bcddaf6863	https://file0.52tesla.com/gigamini/tesla-wrap/examples/model3/5ddf87d1.jpg	2026-08-30T12:50:09Z	未声明，禁止公开再分发
skin	model3	红白月升	assets/xiaote/raw/skins/model3/4eb98f8a.jpg	30044	7795f686fce31d1db236003a59381a591bd22b7e7f5be184638018db3a40b37c	https://file0.52tesla.com/gigamini/tesla-wrap/examples/model3/4eb98f8a.jpg	2026-08-30T12:50:09Z	未声明，禁止公开再分发
skin	model3	粉黑玫瑰	assets/xiaote/raw/skins/model3/2bc6bc27.jpg	241079	7f923358baf834e899a6522a0d9fc4c7adf742795241e0f07290f0bf18e95ce6	https://file0.52tesla.com/gigamini/tesla-wrap/examples/model3/2bc6bc27.jpg	2026-08-30T12:50:09Z	未声明，禁止公开再分发
skin	model3	星际迷航	assets/xiaote/raw/skins/model3/c00db6f9.jpg	112245	b3f7a47777987ad274630440abcc739536736755d76157257fa9a303cd772f46	https://file0.52tesla.com/gigamini/tesla-wrap/examples/model3/c00db6f9.jpg	2026-08-30T12:50:09Z	未声明，禁止公开再分发
skin	model3	锈迹斑斑的特斯拉	assets/xiaote/raw/skins/model3/c4ee3396.jpg	257740	c6ede0bb57adaa08b3e4bd3d15ec5e7db8bbc6054cc153968a5da3a1cd18bef9	https://file0.52tesla.com/gigamini/tesla-wrap/examples/model3/c4ee3396.jpg	2026-08-30T12:50:09Z	未声明，禁止公开再分发
skin	model3	刺猬索尼克	assets/xiaote/raw/skins/model3/61b528af.jpg	152106	916accc2a52f392f9a31ca61fb547d39fa48ae6f4c11431f80c57d48ffe1cf2e	https://file0.52tesla.com/gigamini/tesla-wrap/examples/model3/61b528af.jpg	2026-08-30T12:50:09Z	未声明，禁止公开再分发
skin	model3	迷彩绿	assets/xiaote/raw/skins/model3/3c544346.jpg	261814	9513b1a3a8b88d2006d1cd5d1110cc237bbfcad8adc4965c0698c82ab9165f7c	https://file0.52tesla.com/gigamini/tesla-wrap/examples/model3/3c544346.jpg	2026-08-30T12:50:09Z	未声明，禁止公开再分发
skin	model3	赛车传奇	assets/xiaote/raw/skins/model3/1db98cbb.jpg	147051	09fd2eb30ecd9587d68a70fc25fb1ecb03056ca5658b23f4beece68266caf4a2	https://file0.52tesla.com/gigamini/tesla-wrap/examples/model3/1db98cbb.jpg	2026-08-30T12:50:09Z	未声明，禁止公开再分发
skin	model3	赛车激情	assets/xiaote/raw/skins/model3/9e50bf11.jpg	132899	33368403129f1bf803428d70ece3527f3130b9d33af5b96ad1bfed1dad8d91f3	https://file0.52tesla.com/gigamini/tesla-wrap/examples/model3/9e50bf11.jpg	2026-08-30T12:50:09Z	未声明，禁止公开再分发
skin	model3	斑马纹特斯拉	assets/xiaote/raw/skins/model3/3e41143b.jpg	220892	c1c2c9d79f3f68dca4b031acf9eed4335fc584045e390b41074a1029c951396f	https://file0.52tesla.com/gigamini/tesla-wrap/examples/model3/3e41143b.jpg	2026-08-30T12:50:09Z	未声明，禁止公开再分发
skin	model3	星际迷航	assets/xiaote/raw/skins/model3/3a2fde48.jpg	153210	4c1a053d34229785db25dabefd5d0adc9a64ed4d874c38314c76c637ca71d31a	https://file0.52tesla.com/gigamini/tesla-wrap/examples/model3/3a2fde48.jpg	2026-08-30T12:50:09Z	未声明，禁止公开再分发
skin	model3	赛博朋克风特斯拉	assets/xiaote/raw/skins/model3/39dc0ec8.jpg	334237	f6dadeda58b254ec607d0fae1095e3c52c17bdfd19365dfe2a2204142f16f4a0	https://file0.52tesla.com/gigamini/tesla-wrap/examples/model3/39dc0ec8.jpg	2026-08-30T12:50:09Z	未声明，禁止公开再分发
skin	model3	机甲先锋	assets/xiaote/raw/skins/model3/e793ce32.jpg	160424	25258e2997aaaca1610700f710a326fc43ee83817ae99cc77bd608d87b198394	https://file0.52tesla.com/gigamini/tesla-wrap/examples/model3/e793ce32.jpg	2026-08-30T12:50:09Z	未声明，禁止公开再分发
skin	model3	星际迷航	assets/xiaote/raw/skins/model3/cf5b58f8.jpg	244608	ccccc76da0d66825da00d63051cf6559b497338869d63c93775aee9fd8d55c32	https://file0.52tesla.com/gigamini/tesla-wrap/examples/model3/cf5b58f8.jpg	2026-08-30T12:50:09Z	未声明，禁止公开再分发
skin	model3	钢铁侠装甲	assets/xiaote/raw/skins/model3/bf00e08e.jpg	216212	d227b4b922d012d04ebcf0336d87c243bb1cfb4ca7842764cee731ba65e6c150	https://file0.52tesla.com/gigamini/tesla-wrap/examples/model3/bf00e08e.jpg	2026-08-30T12:50:09Z	未声明，禁止公开再分发
skin	model3	赛车涂装	assets/xiaote/raw/skins/model3/a40c7257.jpg	189957	cee762e202eeb4519dd6c70388afc7f5cac00381832833833e2caa824560a579	https://file0.52tesla.com/gigamini/tesla-wrap/examples/model3/a40c7257.jpg	2026-08-30T12:50:09Z	未声明，禁止公开再分发
skin	model3	警车涂装	assets/xiaote/raw/skins/model3/275444a2.jpg	208771	91c2b2e6d0c3cb9018bcf478d15ba3f580aecfa4b2759bc53aff29a56f3178f2	https://file0.52tesla.com/gigamini/tesla-wrap/examples/model3/275444a2.jpg	2026-08-30T12:50:09Z	未声明，禁止公开再分发
skin	model3	橙色狂飙	assets/xiaote/raw/skins/model3/c6ec2440.jpg	123595	5dc6d8af07373627dfea949239a64af11204919dedef5ee2144fe06aaa76fe44	https://file0.52tesla.com/gigamini/tesla-wrap/examples/model3/c6ec2440.jpg	2026-08-30T12:50:09Z	未声明，禁止公开再分发
skin	model3	赛车涂装	assets/xiaote/raw/skins/model3/1a3e5155.jpg	177696	38f217b97645a6daa977835a0285c7ae508f0435f54f180eed2a2b95d168ff23	https://file0.52tesla.com/gigamini/tesla-wrap/examples/model3/1a3e5155.jpg	2026-08-30T12:50:09Z	未声明，禁止公开再分发
skin	model3	RaceCar - Grabify	assets/xiaote/raw/skins/model3/b8176886.jpg	185401	a82b33ac70d796d1daa96478cd0e3039a302935356d46fa75db193834c710334	https://file0.52tesla.com/gigamini/tesla-wrap/examples/model3/b8176886.jpg	2026-08-30T12:50:09Z	未声明，禁止公开再分发
skin	model3	Cars	assets/xiaote/raw/skins/model3/fd728d6b.jpg	256788	1351f4f48a7b1b1fcb0c6b61aaef787e7e50c834918885207b0d2c2dcb3842bb	https://file0.52tesla.com/gigamini/tesla-wrap/examples/model3/fd728d6b.jpg	2026-08-30T12:50:09Z	未声明，禁止公开再分发
skin	model3	头文字D	assets/xiaote/raw/skins/model3/858b2257.png	1160525	d526c46415253dcae24bf99fb972dfbd0b38776fc3154f3356ee185891fb0a75	https://file0.52tesla.com/gigamini/tesla-wrap/examples/model3/858b2257.png	2026-08-30T12:50:09Z	未声明，禁止公开再分发
skin	model3	Monster Ngbun1	assets/xiaote/raw/skins/model3/a9fec4b6.png	734227	253c46ef7c23b63db494192ee45d148c84d8ea1f4073bfd3f03116ae33399ecd	https://file0.52tesla.com/gigamini/tesla-wrap/examples/model3/a9fec4b6.png	2026-08-30T12:50:09Z	未声明，禁止公开再分发
skin	model3	侏罗纪公园	assets/xiaote/raw/skins/model3/f98e98b5.png	939611	0db4e43b81e9047aa85aa0818ce3ccc0890cbb8cef228be72d6d9552fbbb6960	https://file0.52tesla.com/gigamini/tesla-wrap/examples/model3/f98e98b5.png	2026-08-30T12:50:09Z	未声明，禁止公开再分发
skin	model3	faxekondi主题皮肤	assets/xiaote/raw/skins/model3/2f80f0e3.png	515691	97238fa5956fcf85838e3925fbe18478557f23a0ed635374b6f8a0b3a7ff1c15	https://file0.52tesla.com/gigamini/tesla-wrap/examples/model3/2f80f0e3.png	2026-08-30T12:50:09Z	未声明，禁止公开再分发
skin	model3	警车主题皮肤	assets/xiaote/raw/skins/model3/b3bc3815.png	379406	c346a0b3fae9c1a138dfd393d409059bfdd1317ac1171d19afad519da6dcb5f8	https://file0.52tesla.com/gigamini/tesla-wrap/examples/model3/b3bc3815.png	2026-08-30T12:50:09Z	未声明，禁止公开再分发
skin	model3	Make it like主题皮肤	assets/xiaote/raw/skins/model3/d4b49669.png	869656	3e4ea1038ecbc20cb69747edb6fb9ff752d65e7e356591906b5521be982bf2b5	https://file0.52tesla.com/gigamini/tesla-wrap/examples/model3/d4b49669.png	2026-08-30T12:50:09Z	未声明，禁止公开再分发
skin	model3	创世纪	assets/xiaote/raw/skins/model3/893ace20.png	1040541	c62da87cf34aa5298dec83672fd4f45415770b0a9bce4adda60390aa34bf27c7	https://file0.52tesla.com/gigamini/tesla-wrap/examples/model3/893ace20.png	2026-08-30T12:50:09Z	未声明，禁止公开再分发
skin	model3	圣诞主题	assets/xiaote/raw/skins/model3/39f5479c.png	671745	51d43015df0b3de8dead1115b2a244f0408a1d9167778c32f958e64c1e772578	https://file0.52tesla.com/gigamini/tesla-wrap/examples/model3/39f5479c.png	2026-08-30T12:50:09Z	未声明，禁止公开再分发
skin	model3	FCK NGBUN	assets/xiaote/raw/skins/model3/e133c950.png	670803	124d3e501481af5068112cee0136b34b990715dde1e7fc5f420fe124203c6a8d	https://file0.52tesla.com/gigamini/tesla-wrap/examples/model3/e133c950.png	2026-08-30T12:50:09Z	未声明，禁止公开再分发
skin	model3	Yellow F	assets/xiaote/raw/skins/model3/3b5f35b2.png	348603	c234aa625bbc21656e638a43d4c58eb9358eef48f33f6357877b4fd5fdfc4dcd	https://file0.52tesla.com/gigamini/tesla-wrap/examples/model3/3b5f35b2.png	2026-08-30T12:50:09Z	未声明，禁止公开再分发
skin	model3	Can you put主题皮肤	assets/xiaote/raw/skins/model3/9b6af59d.png	1198408	5963246e2c06cb9cffb1b7def5dabd0a64d6ac59c91d41ad80b70ba5b6c97259	https://file0.52tesla.com/gigamini/tesla-wrap/examples/model3/9b6af59d.png	2026-08-30T12:50:09Z	未声明，禁止公开再分发
skin	model3	CAN主题皮肤	assets/xiaote/raw/skins/model3/a7bb6316.png	1118331	ea5ae154940e37dbf285619ba6fbb42fd3f9fdc8f7a7bf21c40d007810941591	https://file0.52tesla.com/gigamini/tesla-wrap/examples/model3/a7bb6316.png	2026-08-30T12:50:09Z	未声明，禁止公开再分发
skin	model3	标志主题皮肤	assets/xiaote/raw/skins/model3/1ef69226.png	949718	0f7538bf714b985497edf1ffa4e602921207b1399bc0809bcce016c697628e07	https://file0.52tesla.com/gigamini/tesla-wrap/examples/model3/1ef69226.png	2026-08-30T12:50:09Z	未声明，禁止公开再分发
skin	model3	romy and albert主题皮肤	assets/xiaote/raw/skins/model3/cfbe56f0.png	1113007	5a7e08ad0ab0f05137ca8420c886699a42b273db1fed70324b204d102216b5ff	https://file0.52tesla.com/gigamini/tesla-wrap/examples/model3/cfbe56f0.png	2026-08-30T12:50:09Z	未声明，禁止公开再分发
skin	model3	taxi出租车	assets/xiaote/raw/skins/model3/708d67b9.png	928160	fa95b593c74c5f74348dfe7591b24b3aaeac0b64327ecbb0fdd6a8b810ecf63b	https://file0.52tesla.com/gigamini/tesla-wrap/examples/model3/708d67b9.png	2026-08-30T12:50:09Z	未声明，禁止公开再分发
skin	model3	圣诞节	assets/xiaote/raw/skins/model3/8e73c7a2.png	569759	01953c2a4fa71b77806da41e28544c5a28a7e804de72ad156c91c6cf1eaa68ff	https://file0.52tesla.com/gigamini/tesla-wrap/examples/model3/8e73c7a2.png	2026-08-30T12:50:09Z	未声明，禁止公开再分发
skin	model3	TaxiBarcelona出租车	assets/xiaote/raw/skins/model3/2eb48c0d.png	875278	978a91b6a800309a1c7ade2960d178c777a79ee2d3752b046298e558b8564f49	https://file0.52tesla.com/gigamini/tesla-wrap/examples/model3/2eb48c0d.png	2026-08-30T12:50:09Z	未声明，禁止公开再分发
skin	model3	Anime Story SW	assets/xiaote/raw/skins/model3/d6b814b1.png	688372	600996bc3a4240431ec3cd291fa8dd86514c506fa89d8e4b75d5d60289c52577	https://file0.52tesla.com/gigamini/tesla-wrap/examples/model3/d6b814b1.png	2026-08-30T12:50:09Z	未声明，禁止公开再分发
skin	model3	Cyberpunk 2077 Samurai	assets/xiaote/raw/skins/model3/7f15ba61.png	948123	b857a0c723a259a1c62b1bec770369823f7254061bd1a5aaa795fb9784d9fb6a	https://file0.52tesla.com/gigamini/tesla-wrap/examples/model3/7f15ba61.png	2026-08-30T12:50:09Z	未声明，禁止公开再分发
skin	model3	The rizzler from主题皮肤	assets/xiaote/raw/skins/model3/7529160c.png	1252048	59d0177284fe7876de4bdbc7f25e7c8041732d421afe10a09cfa7482a6c9f320	https://file0.52tesla.com/gigamini/tesla-wrap/examples/model3/7529160c.png	2026-08-30T12:50:09Z	未声明，禁止公开再分发
skin	model3	Umbrella Corporation Einsatzfahrzeug生化危机保护伞	assets/xiaote/raw/skins/model3/8b264777.png	702782	77662e39bba881690e239bae5a4d950f105eb7833df985cb648e0d616fbecd47	https://file0.52tesla.com/gigamini/tesla-wrap/examples/model3/8b264777.png	2026-08-30T12:50:09Z	未声明，禁止公开再分发
skin	model3	HONG KONG FIRE TRUCK消防车	assets/xiaote/raw/skins/model3/f53500b1.png	667802	f17794f8d7a9d3670de1c189cd710bf53a647bf7363e14d359cf20d72d6afd9b	https://file0.52tesla.com/gigamini/tesla-wrap/examples/model3/f53500b1.png	2026-08-30T12:50:09Z	未声明，禁止公开再分发
skin	model3	赛车主题皮肤	assets/xiaote/raw/skins/model3/e47414f6.png	1021637	96790a65fa93021c905b17295d4c66ce162021bb80cce6f08a1e355d1a132b54	https://file0.52tesla.com/gigamini/tesla-wrap/examples/model3/e47414f6.png	2026-08-30T12:50:09Z	未声明，禁止公开再分发
skin	model3	黄色金色主题皮肤	assets/xiaote/raw/skins/model3/3e9147b8.png	433923	c4e9bd39746a3e50c5d2b837edb31a17ad27670ac5a0619d116caf2c568fdac6	https://file0.52tesla.com/gigamini/tesla-wrap/examples/model3/3e9147b8.png	2026-08-30T12:50:09Z	未声明，禁止公开再分发
skin	model3	白色主题皮肤	assets/xiaote/raw/skins/model3/88fd1d0a.png	649098	806bf9e1f12cadf2a612f536a70c36a565c8b83217edb9d00864891fbdc6f1ba	https://file0.52tesla.com/gigamini/tesla-wrap/examples/model3/88fd1d0a.png	2026-08-30T12:50:09Z	未声明，禁止公开再分发
skin	model3	黑色主题皮肤	assets/xiaote/raw/skins/model3/4a153edd.png	654868	9fe10c9ff76568a60bc9b03ee3e1aabaf044029c5711e2748cd821de10e30c9e	https://file0.52tesla.com/gigamini/tesla-wrap/examples/model3/4a153edd.png	2026-08-30T12:50:09Z	未声明，禁止公开再分发
skin	model3	消防车主题皮肤	assets/xiaote/raw/skins/model3/66caaf76.png	838092	bf6d0c90b9a99d25c6e123a400d9206b293ee44eb4234d73fcbbaada3f35dcf7	https://file0.52tesla.com/gigamini/tesla-wrap/examples/model3/66caaf76.png	2026-08-30T12:50:09Z	未声明，禁止公开再分发
skin	model3	设计主题皮肤	assets/xiaote/raw/skins/model3/e1dadb54.png	897616	ef465c6812532d238ba675f4dd61139016c745839666c4ced73d6e7e1647db45	https://file0.52tesla.com/gigamini/tesla-wrap/examples/model3/e1dadb54.png	2026-08-30T12:50:09Z	未声明，禁止公开再分发
skin	model3	Umbrella Style生化危机保护伞	assets/xiaote/raw/skins/model3/1fb85dbf.png	1054895	669b43c3156e15c3f78bdadd2a5a1f7c8a34efd19f3ae208fd6c95ad92aa5a30	https://file0.52tesla.com/gigamini/tesla-wrap/examples/model3/1fb85dbf.png	2026-08-30T12:50:09Z	未声明，禁止公开再分发
skin	model3	KLÍMATISZTÍTÁS主题皮肤	assets/xiaote/raw/skins/model3/f4e349e0.png	1298753	78bafdcd5cb41aaa8175be13879ae15ead87acb2d59ddf633340c0f0eb473127	https://file0.52tesla.com/gigamini/tesla-wrap/examples/model3/f4e349e0.png	2026-08-30T12:50:09Z	未声明，禁止公开再分发
skin	model3	Klimatisztitas.eu, klíma, jég,主题皮肤	assets/xiaote/raw/skins/model3/5ae0f1ed.png	1545265	18fbe7e71015e7d805d74a01cfd2d7d40b464d926dd40603e877568225891a94	https://file0.52tesla.com/gigamini/tesla-wrap/examples/model3/5ae0f1ed.png	2026-08-30T12:50:09Z	未声明，禁止公开再分发
skin	model3	KLIMATISZTITAS.EU主题皮肤	assets/xiaote/raw/skins/model3/45ddb949.png	1141738	ad3ecd0d182a6614b16c2e22236e97163ac6fa945e21d465147d43955dd2dcec	https://file0.52tesla.com/gigamini/tesla-wrap/examples/model3/45ddb949.png	2026-08-30T12:50:09Z	未声明，禁止公开再分发
skin	model3	Madmax疯狂的麦克斯	assets/xiaote/raw/skins/model3/8858391a.png	193650	a04d3cc472ae8ee4459e1fe03429c18bbabf343e52bab28305c47343b6034e80	https://file0.52tesla.com/gigamini/tesla-wrap/examples/model3/8858391a.png	2026-08-30T12:50:09Z	未声明，禁止公开再分发
skin	model3	Cyberpunk 2077 Optik	assets/xiaote/raw/skins/model3/215a352f.png	1008890	e6e62fa406b59e9be77a51900818bbfe9ff05a7c482c4ec3997332f690a12c54	https://file0.52tesla.com/gigamini/tesla-wrap/examples/model3/215a352f.png	2026-08-30T12:50:09Z	未声明，禁止公开再分发
skin	model3	Rust	assets/xiaote/raw/skins/model3/27e0a428.png	1191525	c11fc9ca203a54dd2996c4a064be3fd15229889fdd9308eb5c9eb14a8c6cf36e	https://file0.52tesla.com/gigamini/tesla-wrap/examples/model3/27e0a428.png	2026-08-30T12:50:09Z	未声明，禁止公开再分发
skin	model3	Trone2	assets/xiaote/raw/skins/model3/6e79d489.png	901297	129798b71d2970629b7003a48fa78492fd51c7e6b3c407fececec12fe3cd4a99	https://file0.52tesla.com/gigamini/tesla-wrap/examples/model3/6e79d489.png	2026-08-30T12:50:09Z	未声明，禁止公开再分发
skin	model3	Trone	assets/xiaote/raw/skins/model3/70e8ad23.png	737343	9dfbf53fbcf344a67663a6a74316af8d22bbeacd19bdf1a7f3aa1bab3958cd17	https://file0.52tesla.com/gigamini/tesla-wrap/examples/model3/70e8ad23.png	2026-08-30T12:50:09Z	未声明，禁止公开再分发
skin	model3	Trees	assets/xiaote/raw/skins/model3/0c70bbd9.png	987764	e805fe48ccd12d1afd8eac0fce300c5895386eb4133153b55d8894dfbf680c81	https://file0.52tesla.com/gigamini/tesla-wrap/examples/model3/0c70bbd9.png	2026-08-30T12:50:09Z	未声明，禁止公开再分发
skin	model3	Electric	assets/xiaote/raw/skins/model3/08bec942.png	960103	2e9765fc75e32c0e648413c76fa9de169ca213ee6fe5e40541d2535f2f53d233	https://file0.52tesla.com/gigamini/tesla-wrap/examples/model3/08bec942.png	2026-08-30T12:50:09Z	未声明，禁止公开再分发
skin	model3	红色黄色图案主题皮肤	assets/xiaote/raw/skins/model3/0b4b992f.png	469162	bb7674be506d32d964feee9da1e48917904276ffd3860d301ccd794a918532f1	https://file0.52tesla.com/gigamini/tesla-wrap/examples/model3/0b4b992f.png	2026-08-30T12:50:09Z	未声明，禁止公开再分发
skin	model3	红色绿色主题皮肤	assets/xiaote/raw/skins/model3/eeb173be.png	1226893	4f52a3d2cfc3c8494af6506d385fa87af919e8d6688008d1a04d273f6687badc	https://file0.52tesla.com/gigamini/tesla-wrap/examples/model3/eeb173be.png	2026-08-30T12:50:09Z	未声明，禁止公开再分发
skin	model3	救护车主题皮肤	assets/xiaote/raw/skins/model3/eae16654.png	899754	3460d32c56f120a15b3c16984faa595f5e2a94545c4921bdddc482760c49d289	https://file0.52tesla.com/gigamini/tesla-wrap/examples/model3/eae16654.png	2026-08-30T12:50:09Z	未声明，禁止公开再分发
skin	model3	Типа как авто主题皮肤	assets/xiaote/raw/skins/model3/4482000b.png	903706	594d71b7fe6215a629dc8d01e52869c32a68456015ed82c235aaac239beac5f7	https://file0.52tesla.com/gigamini/tesla-wrap/examples/model3/4482000b.png	2026-08-30T12:50:09Z	未声明，禁止公开再分发
skin	model3	f1 mclaren主题皮肤	assets/xiaote/raw/skins/model3/6d1593a9.png	991076	a50a85d3860adfe18e832a23cdba5cb980ee16cdc04bbb52384aeb1d5052c8d4	https://file0.52tesla.com/gigamini/tesla-wrap/examples/model3/6d1593a9.png	2026-08-30T12:50:09Z	未声明，禁止公开再分发
skin	model3	F1 Mercedes主题皮肤	assets/xiaote/raw/skins/model3/e8f1027c.png	1066286	efa35b86c10a77ca41055e024f692b11aecf7691ef550ab50a5d2db009d20fb1	https://file0.52tesla.com/gigamini/tesla-wrap/examples/model3/e8f1027c.png	2026-08-30T12:50:09Z	未声明，禁止公开再分发
skin	model3	Marvel Iron Man主题皮肤	assets/xiaote/raw/skins/model3/49bbe74f.png	1145068	da081d25959e37b88ace3c585441b2dc3a0e3885b543d102093989e8a4895a32	https://file0.52tesla.com/gigamini/tesla-wrap/examples/model3/49bbe74f.png	2026-08-30T12:50:09Z	未声明，禁止公开再分发
skin	model3	蓝色主题皮肤	assets/xiaote/raw/skins/model3/e0ba6568.png	1296744	bb23e5025f9d1634b490adc533db538d794c597cab3d365bea3953d8c7ccbf82	https://file0.52tesla.com/gigamini/tesla-wrap/examples/model3/e0ba6568.png	2026-08-30T12:50:09Z	未声明，禁止公开再分发
skin	model3	lotte	assets/xiaote/raw/skins/model3/df5e9702.png	809728	fe848cae433ecff3e323cbc4b20e4135e78c90120c2829b023da6c2c60b63f72	https://file0.52tesla.com/gigamini/tesla-wrap/examples/model3/df5e9702.png	2026-08-30T12:50:09Z	未声明，禁止公开再分发
skin	model3	Iron Maiden主题皮肤	assets/xiaote/raw/skins/model3/0c0a1eaa.png	1398449	95c3cf28262c91b7fab147b1d1cfb7e1001b351b5fc8aa7e67308490469bde84	https://file0.52tesla.com/gigamini/tesla-wrap/examples/model3/0c0a1eaa.png	2026-08-30T12:50:09Z	未声明，禁止公开再分发
skin	model3	Jurassic Park	assets/xiaote/raw/skins/model3/562d8f6b.png	711048	56064696d2e602190e6ec56b99404edd32c7a85eb12ad5cca8ca10c756342dc2	https://file0.52tesla.com/gigamini/tesla-wrap/examples/model3/562d8f6b.png	2026-08-30T12:50:09Z	未声明，禁止公开再分发
skin	model3	한국 프로야구 롯데主题皮肤	assets/xiaote/raw/skins/model3/65879260.png	1393204	42a914d34cb48c47ea609cab83258edcfd3fbef528f42aafd03cfccdb03506cf	https://file0.52tesla.com/gigamini/tesla-wrap/examples/model3/65879260.png	2026-08-30T12:50:09Z	未声明，禁止公开再分发
skin	model3	图案设计主题皮肤	assets/xiaote/raw/skins/model3/d8f11e67.png	1412065	f8702253cc38899ece8166bb762fb6de4bd28d2ab9870a7076253d7147249192	https://file0.52tesla.com/gigamini/tesla-wrap/examples/model3/d8f11e67.png	2026-08-30T12:50:09Z	未声明，禁止公开再分发
skin	model3	gundam latest主题皮肤	assets/xiaote/raw/skins/model3/fd89fe57.png	1279991	fb2c1b93b8a86ea85ff6dcda1e28ee2282a735c6cad34cf5e554fa0b0ac1d258	https://file0.52tesla.com/gigamini/tesla-wrap/examples/model3/fd89fe57.png	2026-08-30T12:50:09Z	未声明，禁止公开再分发
skin	model3	Gundam主题皮肤	assets/xiaote/raw/skins/model3/c1048ac6.png	1026861	917986dcce9731bcabb65a2ec345da17d1ece0c38fd09886a20bcd988e264a1f	https://file0.52tesla.com/gigamini/tesla-wrap/examples/model3/c1048ac6.png	2026-08-30T12:50:09Z	未声明，禁止公开再分发
skin	model3	demon slayer tanjiro主题皮肤	assets/xiaote/raw/skins/model3/fe1443c6.png	1380762	1ae77afe208790450fc947529422850b54ac17b278fbdc904c84fcdd81b3302c	https://file0.52tesla.com/gigamini/tesla-wrap/examples/model3/fe1443c6.png	2026-08-30T12:50:09Z	未声明，禁止公开再分发
skin	model3	demon slayer infinity主题皮肤	assets/xiaote/raw/skins/model3/fc025f68.png	1436227	59c769cb6343f45563f56f210293e8411d730565203f7f50f9d1e58a45271bef	https://file0.52tesla.com/gigamini/tesla-wrap/examples/model3/fc025f68.png	2026-08-30T12:50:09Z	未声明，禁止公开再分发
skin	model3	demon slayer主题皮肤	assets/xiaote/raw/skins/model3/53aa7402.png	1112480	a6f8ac60380bc7ba53c5ef25768fc64ad4013dc33b77905d3189727e2d4f1113	https://file0.52tesla.com/gigamini/tesla-wrap/examples/model3/53aa7402.png	2026-08-30T12:50:09Z	未声明，禁止公开再分发
skin	model3	赛博朋克风格皮肤	assets/xiaote/raw/skins/model3/2e9da9ca.png	464216	4c07ec3fd1744ad38e132fec23c0ef2b1d2489a04cc18d42d0bd4996cd62118a	https://file0.52tesla.com/gigamini/tesla-wrap/examples/model3/2e9da9ca.png	2026-08-30T12:50:09Z	未声明，禁止公开再分发
skin	model3	Create a car主题皮肤	assets/xiaote/raw/skins/model3/1a78fed3.png	1317281	b34db9749e2a269278f43c8b17978d5816a0158824c59a7b6d1f65f02eccb19e	https://file0.52tesla.com/gigamini/tesla-wrap/examples/model3/1a78fed3.png	2026-08-30T12:50:09Z	未声明，禁止公开再分发
skin	model3	帮我生成一张哆啦A梦车贴主题皮肤	assets/xiaote/raw/skins/model3/f03f4e49.png	1068179	bd189678012a59d2b2312bb77eb1956d884d9877de7928475939bc73abe88966	https://file0.52tesla.com/gigamini/tesla-wrap/examples/model3/f03f4e49.png	2026-08-30T12:50:09Z	未声明，禁止公开再分发
skin	model3	make me a主题皮肤	assets/xiaote/raw/skins/model3/52708579.png	485995	0c2a1fa14a668cf240a76abea1bd5e9d3017ed27ec3629d6bc6f458d5125bb7b	https://file0.52tesla.com/gigamini/tesla-wrap/examples/model3/52708579.png	2026-08-30T12:50:09Z	未声明，禁止公开再分发
skin	model3	Initial D主题皮肤	assets/xiaote/raw/skins/model3/5f6890ee.png	471729	ec1a9e48343f96a63ec2b0e88cedb187b05d3c6bddcf055dc2d2e61ba12d6a46	https://file0.52tesla.com/gigamini/tesla-wrap/examples/model3/5f6890ee.png	2026-08-30T12:50:09Z	未声明，禁止公开再分发
skin	model3	Reboot cartoon anime主题皮肤	assets/xiaote/raw/skins/model3/f3dc753a.png	640542	616222db7f354d0673e506462bab6fb073ad0df60cae76c1993d3df34a2b5b63	https://file0.52tesla.com/gigamini/tesla-wrap/examples/model3/f3dc753a.png	2026-08-30T12:50:09Z	未声明，禁止公开再分发
skin	model3	한국경찰차主题皮肤	assets/xiaote/raw/skins/model3/95ed0c9c.png	440514	e96769074d485d4dcdb73c1923b0f073f21d73645014317a943e686681521203	https://file0.52tesla.com/gigamini/tesla-wrap/examples/model3/95ed0c9c.png	2026-08-30T12:50:09Z	未声明，禁止公开再分发
skin	model3	테슬라로고가들어간심플한이미지主题皮肤	assets/xiaote/raw/skins/model3/52812dee.png	357191	19cd7ecb2fb01ba92364e07a390e9ee2a1c6f8ea7d0769406dee44e73ffca808	https://file0.52tesla.com/gigamini/tesla-wrap/examples/model3/52812dee.png	2026-08-30T12:50:09Z	未声明，禁止公开再分发
skin	model3	Gotham Joker style主题皮肤	assets/xiaote/raw/skins/model3/164e606b.png	697423	acab23881c4e0f2f3bb279feb9c2533a2c20921d857fd511b30e33a0bfc12eea	https://file0.52tesla.com/gigamini/tesla-wrap/examples/model3/164e606b.png	2026-08-30T12:50:09Z	未声明，禁止公开再分发
skin	model3	Syria主题皮肤	assets/xiaote/raw/skins/model3/f0ac7171.png	1268932	09a3d1a654ad01ff83fc93759fec438dcffbf6709f5aaabe9e9a91f35b54436d	https://file0.52tesla.com/gigamini/tesla-wrap/examples/model3/f0ac7171.png	2026-08-30T12:50:09Z	未声明，禁止公开再分发
skin	model3	Acid Drip	assets/xiaote/raw/skins/model3/f6770cb0.png	101666	9609e00702ae6a186cb01c0dd394c24d66b6df2b94d90f915b6cc76354eafbd3	https://file0.52tesla.com/gigamini/tesla-wrap/examples/model3/f6770cb0.png	2026-08-30T12:50:09Z	未声明，禁止公开再分发
skin	model3	Ani	assets/xiaote/raw/skins/model3/56ea7c30.png	487691	c40c85ed3dd0487156c9b58772f1a1edb024cc37a4205b9401a51eb1321c53ba	https://file0.52tesla.com/gigamini/tesla-wrap/examples/model3/56ea7c30.png	2026-08-30T12:50:09Z	未声明，禁止公开再分发
skin	model3	Apocalypse	assets/xiaote/raw/skins/model3/0916276f.png	342925	0dc39860fa1a5a51d37584e9311565628e2cd34e8feafa391e1936bbf9c822a7	https://file0.52tesla.com/gigamini/tesla-wrap/examples/model3/0916276f.png	2026-08-30T12:50:09Z	未声明，禁止公开再分发
skin	model3	Avocado Green	assets/xiaote/raw/skins/model3/ca9bbd79.png	551110	edfe11c306f76d5d5c6f3983abe7581608584a2c983ade03c8386d11c080de2b	https://file0.52tesla.com/gigamini/tesla-wrap/examples/model3/ca9bbd79.png	2026-08-30T12:50:09Z	未声明，禁止公开再分发
skin	model3	Camo	assets/xiaote/raw/skins/model3/d4e228e1.png	336888	70faac78f1ca7f183c9e7576ce9d625cf167fccdfc089682f3ca20ee21672cb0	https://file0.52tesla.com/gigamini/tesla-wrap/examples/model3/d4e228e1.png	2026-08-30T12:50:09Z	未声明，禁止公开再分发
skin	model3	Cosmic Burst	assets/xiaote/raw/skins/model3/c8befd00.png	198034	70dd93c4d9f6eb6fc66e0e811c02495300e08f222cc9280078934318411cf9ec	https://file0.52tesla.com/gigamini/tesla-wrap/examples/model3/c8befd00.png	2026-08-30T12:50:09Z	未声明，禁止公开再分发
skin	model3	Divide	assets/xiaote/raw/skins/model3/b625d5e6.png	128421	1dee9fe8d5da2c325bc59b7a944b34efa7589a8ea97be4dc9b7a087bce8b326f	https://file0.52tesla.com/gigamini/tesla-wrap/examples/model3/b625d5e6.png	2026-08-30T12:50:09Z	未声明，禁止公开再分发
skin	model3	Doge	assets/xiaote/raw/skins/model3/62b7b630.png	263460	c77ea31f9ba9daca3d10f977518da2ff17ea5ae9a8d83763c9f9d2def4861fc0	https://file0.52tesla.com/gigamini/tesla-wrap/examples/model3/62b7b630.png	2026-08-30T12:50:09Z	未声明，禁止公开再分发
skin	model3	Dot Matrix	assets/xiaote/raw/skins/model3/a28ccce2.png	71060	4d59c605658a26a930c7d7832a4e3513cc3abce800e4d430499754f91c9fc928	https://file0.52tesla.com/gigamini/tesla-wrap/examples/model3/a28ccce2.png	2026-08-30T12:50:09Z	未声明，禁止公开再分发
skin	model3	Ice Cream	assets/xiaote/raw/skins/model3/42e78e68.png	85992	7799433f26dd97d09dda41eb6c52bc28cc591c082027e717b52a0d2f959f9567	https://file0.52tesla.com/gigamini/tesla-wrap/examples/model3/42e78e68.png	2026-08-30T12:50:09Z	未声明，禁止公开再分发
skin	model3	Leopard	assets/xiaote/raw/skins/model3/adc914c6.png	334809	9bd2606270b9297c5cb44afa9f4d54878ec7c48a348ea6d9ad6b4e1a0376ede0	https://file0.52tesla.com/gigamini/tesla-wrap/examples/model3/adc914c6.png	2026-08-30T12:50:09Z	未声明，禁止公开再分发
skin	model3	Pixel Art	assets/xiaote/raw/skins/model3/c3d78dc7.png	110734	36a0329d93e7b31b36b1553d20590779f0376a2a9c8eccd286f8a4c311d58558	https://file0.52tesla.com/gigamini/tesla-wrap/examples/model3/c3d78dc7.png	2026-08-30T12:50:09Z	未声明，禁止公开再分发
skin	model3	Reindeer	assets/xiaote/raw/skins/model3/6e22ee2e.png	257833	241de7714845c80f3b1a42a3b4c6fd23f33ac212e823701926b258f8aaf432be	https://file0.52tesla.com/gigamini/tesla-wrap/examples/model3/6e22ee2e.png	2026-08-30T12:50:09Z	未声明，禁止公开再分发
skin	model3	Rudi	assets/xiaote/raw/skins/model3/182eca3b.png	188540	85739718c76c8d0bb969f436e136f687da57b78918e1396111f0289ace345a91	https://file0.52tesla.com/gigamini/tesla-wrap/examples/model3/182eca3b.png	2026-08-30T12:50:09Z	未声明，禁止公开再分发
skin	model3	Sakura	assets/xiaote/raw/skins/model3/81252ec3.png	268074	47d0ab7c45626e0adcd70722245f76baa81dd10d4636ba423b4a74ef4d4fbd11	https://file0.52tesla.com/gigamini/tesla-wrap/examples/model3/81252ec3.png	2026-08-30T12:50:09Z	未声明，禁止公开再分发
skin	model3	Sketch	assets/xiaote/raw/skins/model3/2eac6877.png	178386	39a7b5be92fded745582cfaec559a751a0996d47d97d714d85c1f974b4e3ca2d	https://file0.52tesla.com/gigamini/tesla-wrap/examples/model3/2eac6877.png	2026-08-30T12:50:09Z	未声明，禁止公开再分发
skin	model3	String Lights	assets/xiaote/raw/skins/model3/32cf2a45.png	317116	6ccc30149dfc12112b39614d95eaeca4a40657853fe485131ae5ae3d18fcd081	https://file0.52tesla.com/gigamini/tesla-wrap/examples/model3/32cf2a45.png	2026-08-30T12:50:09Z	未声明，禁止公开再分发
skin	model3	Valentine	assets/xiaote/raw/skins/model3/426be84f.png	258931	2fc2b0afa08a5d53d6ed4431d59fd2369310ca6689bbde05c53c4eb96a19adf1	https://file0.52tesla.com/gigamini/tesla-wrap/examples/model3/426be84f.png	2026-08-30T12:50:09Z	未声明，禁止公开再分发
skin	model3	Vintage Gradient	assets/xiaote/raw/skins/model3/6d2fbed5.png	89482	436779db9da9852004277939a56a5b4f87876626188832297dddc99d46ef8ca7	https://file0.52tesla.com/gigamini/tesla-wrap/examples/model3/6d2fbed5.png	2026-08-30T12:50:09Z	未声明，禁止公开再分发
skin	model3	Vintage Stripes	assets/xiaote/raw/skins/model3/6fa8b3f3.png	86618	1df56511ea7e5f08768cc74781f3fe4e5c43a5137a86e3cf3b03c90e88abba59	https://file0.52tesla.com/gigamini/tesla-wrap/examples/model3/6fa8b3f3.png	2026-08-30T12:50:09Z	未声明，禁止公开再分发
skin	model3	Space Engineers on Jupiter	assets/xiaote/raw/skins/model3/4105c42d.png	676352	d9f6b2a24465b58a6b9cce7c1e883b6d7fdc4e5fa4eebb0f9817ddc315daf175	https://file0.52tesla.com/gigamini/tesla-wrap/examples/model3/4105c42d.png	2026-08-30T12:50:09Z	未声明，禁止公开再分发
skin	model3	Star Citizen	assets/xiaote/raw/skins/model3/20ffd223.png	1074880	50dbf19de31cdc55fa3534b735f5d8ebe5608c4b4e4654d8da9ac07f896ff184	https://file0.52tesla.com/gigamini/tesla-wrap/examples/model3/20ffd223.png	2026-08-30T12:50:09Z	未声明，禁止公开再分发
skin	model3	Turning Point MAGA	assets/xiaote/raw/skins/model3/7b56d421.png	1096781	c3e3e264623d92d296f2eb12f0664594bbc84bffed5f0ddf6793c45de54b8de6	https://file0.52tesla.com/gigamini/tesla-wrap/examples/model3/7b56d421.png	2026-08-30T12:50:09Z	未声明，禁止公开再分发
skin	model3	Rainbow whirpool	assets/xiaote/raw/skins/model3/de17fce4.png	141080	d153e39a62708ab198b15a933d8960f052c60fe69145d18db4b5f35211cc69a7	https://file0.52tesla.com/gigamini/tesla-wrap/examples/model3/de17fce4.png	2026-08-30T12:50:09Z	未声明，禁止公开再分发
skin	model3	CAM	assets/xiaote/raw/skins/model3/3ea5fa64.png	841510	c74dbd485e16e03edc22f80d12bea67ccdb37d140f5517087af43b355ac52925	https://file0.52tesla.com/gigamini/tesla-wrap/examples/model3/3ea5fa64.png	2026-08-30T12:50:09Z	未声明，禁止公开再分发
skin	model3	Cpt America	assets/xiaote/raw/skins/model3/fd57a883.png	689515	8e0ec3876a1b556179780d70d110c0e127861976d1d165733d31ec961a57266a	https://file0.52tesla.com/gigamini/tesla-wrap/examples/model3/fd57a883.png	2026-08-30T12:50:09Z	未声明，禁止公开再分发
skin	model3	G of the Galaxy	assets/xiaote/raw/skins/model3/59aa678d.png	734154	997edcac1cb1b030e0d52eb76849735616656d692c19a832cdf7fb34114c6344	https://file0.52tesla.com/gigamini/tesla-wrap/examples/model3/59aa678d.png	2026-08-30T12:50:09Z	未声明，禁止公开再分发
skin	model3	Double yellow stripe	assets/xiaote/raw/skins/model3/8d938040.png	972162	be8cfe63f1ff7da967796e494727c2503d95eb84ec581dbf39a4da363aab12bc	https://file0.52tesla.com/gigamini/tesla-wrap/examples/model3/8d938040.png	2026-08-30T12:50:09Z	未声明，禁止公开再分发
skin	model3	Dookie Ninjas	assets/xiaote/raw/skins/model3/3a94d02f.png	173893	440fbd1715ada580b2ea4b53d115a3c4b185b97ae288945e1c84a38ec2f0b96f	https://file0.52tesla.com/gigamini/tesla-wrap/examples/model3/3a94d02f.png	2026-08-30T12:50:09Z	未声明，禁止公开再分发
skin	model3	Cam	assets/xiaote/raw/skins/model3/47f49922.png	947403	2fc3f3dce614a643a1cea83c067b6e167ee37e657b1daebd383a30da14124ee6	https://file0.52tesla.com/gigamini/tesla-wrap/examples/model3/47f49922.png	2026-08-30T12:50:09Z	未声明，禁止公开再分发
skin	model3	HKS Livery	assets/xiaote/raw/skins/model3/56721a90.png	914615	9bbea34a1b41c6d86ce106a5c81f01b764b3c0c7fa4add3c404b818198fbf8f8	https://file0.52tesla.com/gigamini/tesla-wrap/examples/model3/56721a90.png	2026-08-30T12:50:09Z	未声明，禁止公开再分发
skin	model3	New Project	assets/xiaote/raw/skins/model3/a18a584c.png	799798	0e2e4372ffa04e6ec5d1b4a79772f9e6be398ff01b95c166590b6ad9b83f3d2c	https://file0.52tesla.com/gigamini/tesla-wrap/examples/model3/a18a584c.png	2026-08-30T12:50:09Z	未声明，禁止公开再分发
skin	model3	Reunion Island	assets/xiaote/raw/skins/model3/b11f99d4.png	55899	3f035ff2e651969745f6039876a959de1f2c2ee1255ae8f8859e921cc50c2459	https://file0.52tesla.com/gigamini/tesla-wrap/examples/model3/b11f99d4.png	2026-08-30T12:50:09Z	未声明，禁止公开再分发
skin	model3	I am Fast	assets/xiaote/raw/skins/model3/89834ab4.png	924211	662f77d9939ca9a88a6a016e14e8c8315834fcc7a22d4dcf20c7b67597921c9c	https://file0.52tesla.com/gigamini/tesla-wrap/examples/model3/89834ab4.png	2026-08-30T12:50:09Z	未声明，禁止公开再分发
skin	model3	Marvel	assets/xiaote/raw/skins/model3/db656d99.png	198737	af33a9aa2d8084296bdb96f85f60324f770698fe94aefccbcd8c9729cbb9e323	https://file0.52tesla.com/gigamini/tesla-wrap/examples/model3/db656d99.png	2026-08-30T12:50:09Z	未声明，禁止公开再分发
skin	model3	cyberpunk	assets/xiaote/raw/skins/model3/caa89ac3.png	1228306	438054d00d3e491f703bb183cafee0b2d1825b1f44e5383aae700a97f4171bb0	https://file0.52tesla.com/gigamini/tesla-wrap/examples/model3/caa89ac3.png	2026-08-30T12:50:09Z	未声明，禁止公开再分发
skin	model3	Oeil	assets/xiaote/raw/skins/model3/114df05d.png	383511	fe50e41a6ca9b6a0b85529107f4f10b757056b96f2f98a8678dc5446754bdd80	https://file0.52tesla.com/gigamini/tesla-wrap/examples/model3/114df05d.png	2026-08-30T12:50:09Z	未声明，禁止公开再分发
skin	model3	Lightning McQueen	assets/xiaote/raw/skins/model3/9e52bbc5.png	1373233	b897f7211d3eb3bd85e75b5a9190d62e44f19d568343bf2014d1f5d5732cbd85	https://file0.52tesla.com/gigamini/tesla-wrap/examples/model3/9e52bbc5.png	2026-08-30T12:50:09Z	未声明，禁止公开再分发
skin	model3	France	assets/xiaote/raw/skins/model3/089015dc.png	988942	9ccd0af16cfe133c01971155b8d07e8aa5214c19db74bc0b73bee0f1223e79fd	https://file0.52tesla.com/gigamini/tesla-wrap/examples/model3/089015dc.png	2026-08-30T12:50:09Z	未声明，禁止公开再分发
skin	model3	Hot and Cold	assets/xiaote/raw/skins/model3/52c4a3fa.png	238105	c422563396f093d77b2f65c19c1f1a1c2e04960319a35773f7d2f0e25cfa5e14	https://file0.52tesla.com/gigamini/tesla-wrap/examples/model3/52c4a3fa.png	2026-08-30T12:50:09Z	未声明，禁止公开再分发
skin	model3	Star Wars	assets/xiaote/raw/skins/model3/167b932b.png	258308	e4606b16e54a019b598cc3d2cc113250309e62532aae7b37ba1ad0651a44d5a6	https://file0.52tesla.com/gigamini/tesla-wrap/examples/model3/167b932b.png	2026-08-30T12:50:09Z	未声明，禁止公开再分发
skin	model3	Winter Camo Bright	assets/xiaote/raw/skins/model3/4af1085a.png	1065983	104e52ca0ef2d3b3aa24bec572c764ca670e9942b24bc3d56769ccad499bfd7f	https://file0.52tesla.com/gigamini/tesla-wrap/examples/model3/4af1085a.png	2026-08-30T12:50:09Z	未声明，禁止公开再分发
skin	model3	Blacklight Mary Jane	assets/xiaote/raw/skins/model3/6ae62ca8.png	640128	9a5ca2ad08dd596952b4c9b9927e664bc8a46b03daaf8ea6af6d94c9d1c40533	https://file0.52tesla.com/gigamini/tesla-wrap/examples/model3/6ae62ca8.png	2026-08-30T12:50:09Z	未声明，禁止公开再分发
skin	model3	model 3 playboyteam	assets/xiaote/raw/skins/model3/4e872b5e.png	728075	22f30edeec0ae15ec4e60083a62f908d22ec0d2577c227b9b5f8f075c401f963	https://file0.52tesla.com/gigamini/tesla-wrap/examples/model3/4e872b5e.png	2026-08-30T12:50:09Z	未声明，禁止公开再分发
skin	model3	curry30	assets/xiaote/raw/skins/model3/b0250ebe.png	794678	d288bb4ece412ed0ae808bdd736db97a090b86ce71a94da5c0b2e7dec89d0b7c	https://file0.52tesla.com/gigamini/tesla-wrap/examples/model3/b0250ebe.png	2026-08-30T12:50:09Z	未声明，禁止公开再分发
skin	model3	Model 3 official	assets/xiaote/raw/skins/model3/136c8a40.png	1119398	c997d2c6156281bbbd99479c7ebfe7f8b97f12ae81e65844a350b1499b4b87db	https://file0.52tesla.com/gigamini/tesla-wrap/examples/model3/136c8a40.png	2026-08-30T12:50:09Z	未声明，禁止公开再分发
skin	model3	British Army	assets/xiaote/raw/skins/model3/d4e52c0b.png	566492	fbdd0f140fc2936aa663bfb2dab1067c9d74870a984236f86746df99769260da	https://file0.52tesla.com/gigamini/tesla-wrap/examples/model3/d4e52c0b.png	2026-08-30T12:50:09Z	未声明，禁止公开再分发
skin	model3	Curry	assets/xiaote/raw/skins/model3/852189b2.png	1125281	884b6f67745a586363a59e969860dcfc6d225a5298f1b6992d83add4ad43665a	https://file0.52tesla.com/gigamini/tesla-wrap/examples/model3/852189b2.png	2026-08-30T12:50:09Z	未声明，禁止公开再分发
skin	model3	Iron Man	assets/xiaote/raw/skins/model3/5a83b5dd.png	141145	63a9a13e0cd4c078700d0c3003bea3494ddc0c0fe54c3bc8c6c70b258bc769f2	https://file0.52tesla.com/gigamini/tesla-wrap/examples/model3/5a83b5dd.png	2026-08-30T12:50:09Z	未声明，禁止公开再分发
skin	model3	Rainbow	assets/xiaote/raw/skins/model3/d413850e.png	997066	de79a86595a83ff3e08054a8482953d2b28649af501452b33ebd37dd8901f55a	https://file0.52tesla.com/gigamini/tesla-wrap/examples/model3/d413850e.png	2026-08-30T12:50:09Z	未声明，禁止公开再分发
skin	model3	Xmas	assets/xiaote/raw/skins/model3/4dacae9c.png	462926	2db9a4a264c71fddbeae1dad80ebf603906cd35152c402a855efa0eed32c36c9	https://file0.52tesla.com/gigamini/tesla-wrap/examples/model3/4dacae9c.png	2026-08-30T12:50:09Z	未声明，禁止公开再分发
skin	model3	StickerBomb	assets/xiaote/raw/skins/model3/7fd87b12.png	868377	ca4e3083f4a73264bf48e27b44d11c16ced14725dcbd8d3157b18f67109de223	https://file0.52tesla.com/gigamini/tesla-wrap/examples/model3/7fd87b12.png	2026-08-30T12:50:09Z	未声明，禁止公开再分发
skin	model3	Uchiha	assets/xiaote/raw/skins/model3/2e27e0df.png	143139	102b4fa8fbe32c3d42da89dc6b58bd721c5c9ed8a2e3806a6036322baf3678a6	https://file0.52tesla.com/gigamini/tesla-wrap/examples/model3/2e27e0df.png	2026-08-30T12:50:09Z	未声明，禁止公开再分发
skin	model3	legos	assets/xiaote/raw/skins/model3/44163e96.png	975980	18b403247b8eac68b607197725362cf78fcf30af5f80bb433c3442ac8cc3b2b7	https://file0.52tesla.com/gigamini/tesla-wrap/examples/model3/44163e96.png	2026-08-30T12:50:09Z	未声明，禁止公开再分发
skin	model3	Cloudy	assets/xiaote/raw/skins/model3/a25b415c.png	140987	ad035e566e1638f53401e67ea7844a9a4bda458d675861fde3400819fd4ca712	https://file0.52tesla.com/gigamini/tesla-wrap/examples/model3/a25b415c.png	2026-08-30T12:50:09Z	未声明，禁止公开再分发
skin	model3	Sonic wrap Model 3	assets/xiaote/raw/skins/model3/91a00b02.png	1082888	0f8ba3d5af018b9ad10aa1349417e4e28bad7b0378cc0fb47bf0138f07f1bbc5	https://file0.52tesla.com/gigamini/tesla-wrap/examples/model3/91a00b02.png	2026-08-30T12:50:09Z	未声明，禁止公开再分发
skin	model3	Winter Camo	assets/xiaote/raw/skins/model3/bd937d2c.png	204318	22550e0286812541ea38a5a70935a46ea9febd99adb7239fef2253a6d34e33f9	https://file0.52tesla.com/gigamini/tesla-wrap/examples/model3/bd937d2c.png	2026-08-30T12:50:09Z	未声明，禁止公开再分发
skin	model3	Wood	assets/xiaote/raw/skins/model3/e5053cbf.png	1012722	2833148d17bd7780065173663424abcf47e04bc49ce062fbbdba6ff5ee30f04c	https://file0.52tesla.com/gigamini/tesla-wrap/examples/model3/e5053cbf.png	2026-08-30T12:50:09Z	未声明，禁止公开再分发
skin	model3	Incredible Hulk	assets/xiaote/raw/skins/model3/ea34ef9e.png	1138051	2a5c4de8006fc4d4ebf5c6d76f18792e43c5a9b1302426718f88b455ca246e25	https://file0.52tesla.com/gigamini/tesla-wrap/examples/model3/ea34ef9e.png	2026-08-30T12:50:09Z	未声明，禁止公开再分发
skin	model3	Model 3-Robotaxi2	assets/xiaote/raw/skins/model3/0cf91807.png	518645	0ee8d8cd0bffa3b37c56c6046d4d02b2a42d25de3ffea7e45de82c17e9d7aca5	https://file0.52tesla.com/gigamini/tesla-wrap/examples/model3/0cf91807.png	2026-08-30T12:50:09Z	未声明，禁止公开再分发
skin	model3	Black-Pink	assets/xiaote/raw/skins/model3/c8d9ba0b.png	116882	b76c236b507a7850d1940801bef02bd8459abb672261c7b483da40dafb7bcedc	https://file0.52tesla.com/gigamini/tesla-wrap/examples/model3/c8d9ba0b.png	2026-08-30T12:50:09Z	未声明，禁止公开再分发
skin	model3	Blue Tron	assets/xiaote/raw/skins/model3/b953416d.png	224816	00a5a40e3b6985cbdf088402b90ca7cb394d326c460d2fe9ca4d88bb1f8b0696	https://file0.52tesla.com/gigamini/tesla-wrap/examples/model3/b953416d.png	2026-08-30T12:50:09Z	未声明，禁止公开再分发
skin	model3	Techno Cyberpunk	assets/xiaote/raw/skins/model3/d0ff9d9a.png	553375	270505615a19a5b05b9ffa11afdfaa59e9ed2a198c1be4f84e04c8fb3b3a64af	https://file0.52tesla.com/gigamini/tesla-wrap/examples/model3/d0ff9d9a.png	2026-08-30T12:50:09Z	未声明，禁止公开再分发
skin	model3	Luffy Gear 5	assets/xiaote/raw/skins/model3/8aeaccb0.png	528918	1c6b428b98c03665e8546c22e49126f192b525a2819d755d88bd1ef9b1712957	https://file0.52tesla.com/gigamini/tesla-wrap/examples/model3/8aeaccb0.png	2026-08-30T12:50:09Z	未声明，禁止公开再分发
skin	model3	Spot	assets/xiaote/raw/skins/model3/c10e5377.png	1067601	6523738c5e0e4479eddae417f2b82db457e635b27cd2831621589eead8e4156e	https://file0.52tesla.com/gigamini/tesla-wrap/examples/model3/c10e5377.png	2026-08-30T12:50:09Z	未声明，禁止公开再分发
skin	model3	MultiCam Camouflage	assets/xiaote/raw/skins/model3/b5aca5e3.png	151221	f1c9f33371e929ca61dfdc36c512cf7e4973790d093ce48dbc2a50c47e4468cd	https://file0.52tesla.com/gigamini/tesla-wrap/examples/model3/b5aca5e3.png	2026-08-30T12:50:09Z	未声明，禁止公开再分发
skin	model3	NFS MW M3 GTR	assets/xiaote/raw/skins/model3/f7350bb7.png	707962	687e744c21ad0079d8c949ef3573e1ad6c298a96ffaa42890ca455ea04ee3f54	https://file0.52tesla.com/gigamini/tesla-wrap/examples/model3/f7350bb7.png	2026-08-30T12:50:09Z	未声明，禁止公开再分发
skin	model3	2003 Rossi Repsol Honda	assets/xiaote/raw/skins/model3/fd9b75aa.png	168312	5b9f4720ccf50e45da4e7f81d3c4d263ff49b31ad28231e446f2b42f5cb920ab	https://file0.52tesla.com/gigamini/tesla-wrap/examples/model3/fd9b75aa.png	2026-08-30T12:50:09Z	未声明，禁止公开再分发
skin	model3	Galaxy skin	assets/xiaote/raw/skins/model3/1989877e.png	857576	08de59f2d604970b90fa792b79554a43ad443a0014e207c3420f1cccf32f0a2e	https://file0.52tesla.com/gigamini/tesla-wrap/examples/model3/1989877e.png	2026-08-30T12:50:09Z	未声明，禁止公开再分发
skin	model3	Herbie	assets/xiaote/raw/skins/model3/61faaa5d.png	881719	d0b3c0cc84ece92fde1b72edbb0d361f3dd0581bf7be0f1ae3a668e9c55ce9d5	https://file0.52tesla.com/gigamini/tesla-wrap/examples/model3/61faaa5d.png	2026-08-30T12:50:09Z	未声明，禁止公开再分发
skin	model3	Wardy Joubert III	assets/xiaote/raw/skins/model3/cc320366.png	189456	c9293efc6f995a4bd386ef337ecc45fd3305671db72aac9b1cb3d42d733539d7	https://file0.52tesla.com/gigamini/tesla-wrap/examples/model3/cc320366.png	2026-08-30T12:50:09Z	未声明，禁止公开再分发
skin	model3	Rusty	assets/xiaote/raw/skins/model3/7c840cdc.png	132077	c7c935849d4deb62f61e07fca8801d7a0059e79b3948cd7c99ba0f01ad2bfbf4	https://file0.52tesla.com/gigamini/tesla-wrap/examples/model3/7c840cdc.png	2026-08-30T12:50:09Z	未声明，禁止公开再分发
skin	model3	CyberTruckModel3	assets/xiaote/raw/skins/model3/3037a43e.png	464692	4eb0e3407583d82bd754f8e635f539cb7c7abb0f406f2075e46338c99efbfc05	https://file0.52tesla.com/gigamini/tesla-wrap/examples/model3/3037a43e.png	2026-08-30T12:50:09Z	未声明，禁止公开再分发
skin	model3	Dirty	assets/xiaote/raw/skins/model3/6e90fb6d.png	857517	af19c442cb9c00f56b64c9663bdbc74bf7fdc76af0a1da7ebc4535cb76a5c52c	https://file0.52tesla.com/gigamini/tesla-wrap/examples/model3/6e90fb6d.png	2026-08-30T12:50:09Z	未声明，禁止公开再分发
skin	model3	Matrix	assets/xiaote/raw/skins/model3/fcb96648.png	823948	211b4c88ca0078c6c3b4aaea2e384164f738ab937f659e4fb3ce6b622d3a7c9c	https://file0.52tesla.com/gigamini/tesla-wrap/examples/model3/fcb96648.png	2026-08-30T12:50:09Z	未声明，禁止公开再分发
skin	model3	Gulf Template	assets/xiaote/raw/skins/model3/630e1bec.png	521558	d185a3b14feeae7dc66a8e1200958fcba3399bb12e9c13b94864bf29d7fed9c3	https://file0.52tesla.com/gigamini/tesla-wrap/examples/model3/630e1bec.png	2026-08-30T12:50:09Z	未声明，禁止公开再分发
skin	model3	Polizei	assets/xiaote/raw/skins/model3/95f37742.png	587815	1355df59d15669f1799c0ba3ebe9bb085deb430baf342cd1627baf5bf77e2f1a	https://file0.52tesla.com/gigamini/tesla-wrap/examples/model3/95f37742.png	2026-08-30T12:50:09Z	未声明，禁止公开再分发
skin	model3	Mcclaren F1 - Lando Norris	assets/xiaote/raw/skins/model3/27920fe6.png	890323	1080b16075b1bb11b16920013109a1e783f06dfded567d8c3bc74dd36d33c0aa	https://file0.52tesla.com/gigamini/tesla-wrap/examples/model3/27920fe6.png	2026-08-30T12:50:09Z	未声明，禁止公开再分发
skin	model3	Race Car - BMW	assets/xiaote/raw/skins/model3/e4533001.png	792739	923d7d5430a97b1a92921146eaf6d59604e09af4d262f080af043086617dff78	https://file0.52tesla.com/gigamini/tesla-wrap/examples/model3/e4533001.png	2026-08-30T12:50:09Z	未声明，禁止公开再分发
skin	model3-2024-base	初音未来	assets/xiaote/raw/skins/model3-2024-base/1d3b0b4d.jpg	268399	dc6751f4664c856ab4e53005e5210ebb567187f7cd4ee9fe7320268bdcc12c25	https://file0.52tesla.com/gigamini/tesla-wrap/examples/model3-2024-base/1d3b0b4d.jpg	2026-08-30T12:50:09Z	未声明，禁止公开再分发
skin	model3-2024-base	雷霆麦昆赛车皮肤	assets/xiaote/raw/skins/model3-2024-base/bdba5758.jpg	177117	c67d58b1193fab02bc26873c1bb54c19f0c998f20c08733f6055983a8b1a94e9	https://file0.52tesla.com/gigamini/tesla-wrap/examples/model3-2024-base/bdba5758.jpg	2026-08-30T12:50:09Z	未声明，禁止公开再分发
skin	model3-2024-base	警车风暴	assets/xiaote/raw/skins/model3-2024-base/e2e024df.jpg	147828	314c5e484883627001724790435f3254780815050dd41ce3749fafa78564a007	https://file0.52tesla.com/gigamini/tesla-wrap/examples/model3-2024-base/e2e024df.jpg	2026-08-30T12:50:09Z	未声明，禁止公开再分发
skin	model3-2024-base	指环王	assets/xiaote/raw/skins/model3-2024-base/005a9891.jpg	188986	1a25669d31df5ce9cb7ac92780af8f6e09d5320d073a78478fb9cd03adb3f54b	https://file0.52tesla.com/gigamini/tesla-wrap/examples/model3-2024-base/005a9891.jpg	2026-08-30T12:50:09Z	未声明，禁止公开再分发
skin	model3-2024-base	赛车红	assets/xiaote/raw/skins/model3-2024-base/77c957fa.jpg	176918	a5e90bc9cb8770830d78561785a4827863dbe2f476bbcf89470bb6896d212b35	https://file0.52tesla.com/gigamini/tesla-wrap/examples/model3-2024-base/77c957fa.jpg	2026-08-30T12:50:09Z	未声明，禁止公开再分发
skin	model3-2024-base	绿色能量	assets/xiaote/raw/skins/model3-2024-base/b8e48458.jpg	145231	afcb949e8961ed04803fbd0474dcd22ed84ccca15c9ba075d80aec5a37486c96	https://file0.52tesla.com/gigamini/tesla-wrap/examples/model3-2024-base/b8e48458.jpg	2026-08-30T12:50:09Z	未声明，禁止公开再分发
skin	model3-2024-base	赛车风云	assets/xiaote/raw/skins/model3-2024-base/957d6e72.jpg	280905	004d4a9c6c6153b940994be6ad78706c35704d4287e701c4509bf8ee2e638cd6	https://file0.52tesla.com/gigamini/tesla-wrap/examples/model3-2024-base/957d6e72.jpg	2026-08-30T12:50:09Z	未声明，禁止公开再分发
skin	model3-2024-base	马提尼赛车涂装	assets/xiaote/raw/skins/model3-2024-base/a10a3714.jpg	171081	d38a1b62f0ca8e344581da34bc5965bbab9b5715878d6b0ec481b347aae52b7f	https://file0.52tesla.com/gigamini/tesla-wrap/examples/model3-2024-base/a10a3714.jpg	2026-08-30T12:50:09Z	未声明，禁止公开再分发
skin	model3-2024-base	马提尼赛车	assets/xiaote/raw/skins/model3-2024-base/308df76b.jpg	248300	0b91c87badffda106ce873847f983957a1f0e4160c79d9f480dfef8b10838a45	https://file0.52tesla.com/gigamini/tesla-wrap/examples/model3-2024-base/308df76b.jpg	2026-08-30T12:50:09Z	未声明，禁止公开再分发
skin	model3-2024-base	赛车红蓝	assets/xiaote/raw/skins/model3-2024-base/65c4b1f9.jpg	194802	f860ee089dfbaee1a3de87d5dd029fd4dc96e7b7b4899c87e7c5d39cbbffc46f	https://file0.52tesla.com/gigamini/tesla-wrap/examples/model3-2024-base/65c4b1f9.jpg	2026-08-30T12:50:09Z	未声明，禁止公开再分发
skin	model3-2024-base	拉力赛车涂装	assets/xiaote/raw/skins/model3-2024-base/ecb05316.jpg	270693	d492fa2971da87812f3050fc4a246c63dbfeb74e363db91b82415272f2a623d6	https://file0.52tesla.com/gigamini/tesla-wrap/examples/model3-2024-base/ecb05316.jpg	2026-08-30T12:50:09Z	未声明，禁止公开再分发
skin	model3-2024-base	赛博朋克未来主义	assets/xiaote/raw/skins/model3-2024-base/6c5cca4e.jpg	157442	8de7fd834b7cbaa869b62bdde9d86c32ee567bcc1071d22889eb277060557cb6	https://file0.52tesla.com/gigamini/tesla-wrap/examples/model3-2024-base/6c5cca4e.jpg	2026-08-30T12:50:09Z	未声明，禁止公开再分发
skin	model3-2024-base	赛车激情	assets/xiaote/raw/skins/model3-2024-base/3d38b012.jpg	187684	3b59b80b8e98d69d1fde8789e1f38dc00b183c828e44728b8ed7397e74d3c790	https://file0.52tesla.com/gigamini/tesla-wrap/examples/model3-2024-base/3d38b012.jpg	2026-08-30T12:50:09Z	未声明，禁止公开再分发
skin	model3-2024-base	机甲战士	assets/xiaote/raw/skins/model3-2024-base/ec8233a0.jpg	89199	b24821dd4f7fe6cf8bfb767e9330a22f675444465018bf55ea6055b01b94d0d8	https://file0.52tesla.com/gigamini/tesla-wrap/examples/model3-2024-base/ec8233a0.jpg	2026-08-30T12:50:09Z	未声明，禁止公开再分发
skin	model3-2024-base	绿意盎然	assets/xiaote/raw/skins/model3-2024-base/1e7af5b9.jpg	89985	629de4752af29a68e717217f94fb3d597cc25658f1e401af93e1caa145f5cf9f	https://file0.52tesla.com/gigamini/tesla-wrap/examples/model3-2024-base/1e7af5b9.jpg	2026-08-30T12:50:09Z	未声明，禁止公开再分发
skin	model3-2024-base	火焰赛车	assets/xiaote/raw/skins/model3-2024-base/623a3102.jpg	208956	149b2276b104a58bbbddafb72448d3603457628e117b6ad49ff6e7820ba8d4c0	https://file0.52tesla.com/gigamini/tesla-wrap/examples/model3-2024-base/623a3102.jpg	2026-08-30T12:50:09Z	未声明，禁止公开再分发
skin	model3-2024-base	救护车涂装	assets/xiaote/raw/skins/model3-2024-base/76a541ea.jpg	137621	6a004c2ab999fd15fd8b2d591009e5d1245513cb067d4f5349fe6674e75afbad	https://file0.52tesla.com/gigamini/tesla-wrap/examples/model3-2024-base/76a541ea.jpg	2026-08-30T12:50:09Z	未声明，禁止公开再分发
skin	model3-2024-base	机甲先锋	assets/xiaote/raw/skins/model3-2024-base/ddcc8a1b.jpg	89199	b24821dd4f7fe6cf8bfb767e9330a22f675444465018bf55ea6055b01b94d0d8	https://file0.52tesla.com/gigamini/tesla-wrap/examples/model3-2024-base/ddcc8a1b.jpg	2026-08-30T12:50:09Z	未声明，禁止公开再分发
skin	model3-2024-base	赛博朋克风警车	assets/xiaote/raw/skins/model3-2024-base/96547d9b.jpg	138067	467d5d4c48aa1d2fde0da235badcd366077eeb2d671b36c412ec6a240e8e0c29	https://file0.52tesla.com/gigamini/tesla-wrap/examples/model3-2024-base/96547d9b.jpg	2026-08-30T12:50:09Z	未声明，禁止公开再分发
skin	model3-2024-base	特斯拉赛车绿	assets/xiaote/raw/skins/model3-2024-base/490b9ef8.jpg	167334	4f3205f08a8d9b8417ffe2fd8dc89eab8f8289a96444b3db9f48237058eec59a	https://file0.52tesla.com/gigamini/tesla-wrap/examples/model3-2024-base/490b9ef8.jpg	2026-08-30T12:50:09Z	未声明，禁止公开再分发
skin	model3-2024-base	碳纤维黑武士	assets/xiaote/raw/skins/model3-2024-base/d6c63b5b.jpg	105416	5f4305b51dde0abeac1d79580960c9f9582d45910622c74938138b6c6d6478a5	https://file0.52tesla.com/gigamini/tesla-wrap/examples/model3-2024-base/d6c63b5b.jpg	2026-08-30T12:50:09Z	未声明，禁止公开再分发
skin	model3-2024-base	反腐先锋	assets/xiaote/raw/skins/model3-2024-base/16ef9650.jpg	93347	64e2715164f3ae0cd6860aa2cee3f19d8b61e6e3da12752e5c3e2f78b7216aa5	https://file0.52tesla.com/gigamini/tesla-wrap/examples/model3-2024-base/16ef9650.jpg	2026-08-30T12:50:09Z	未声明，禁止公开再分发
skin	model3-2024-base	特斯拉赛博朋克风	assets/xiaote/raw/skins/model3-2024-base/8be48976.jpg	114444	cdcbd73e65b50ffdb8ccb41f7a89e1f1afaa196cac500dcb2a47217284a7483b	https://file0.52tesla.com/gigamini/tesla-wrap/examples/model3-2024-base/8be48976.jpg	2026-08-30T12:50:09Z	未声明，禁止公开再分发
skin	model3-2024-base	雷霆战车	assets/xiaote/raw/skins/model3-2024-base/816ec9dd.jpg	176291	6e9ae2560bee0db4b2055093b23db10d7e87fd67fc319ded3b5a0d03fec5cfb7	https://file0.52tesla.com/gigamini/tesla-wrap/examples/model3-2024-base/816ec9dd.jpg	2026-08-30T12:50:09Z	未声明，禁止公开再分发
skin	model3-2024-base	红白赛车	assets/xiaote/raw/skins/model3-2024-base/40943992.jpg	109182	92d6bd3f6652e28f01ff051238123d0cfa1db2cb660d45a8c2e609e78d454c08	https://file0.52tesla.com/gigamini/tesla-wrap/examples/model3-2024-base/40943992.jpg	2026-08-30T12:50:09Z	未声明，禁止公开再分发
skin	model3-2024-base	橙黑赛车	assets/xiaote/raw/skins/model3-2024-base/a150df10.jpg	171944	56a0a75c6dbb9964fbaddc33ec9a8e92d1843d20e8683ffaa19b4af7a278424f	https://file0.52tesla.com/gigamini/tesla-wrap/examples/model3-2024-base/a150df10.jpg	2026-08-30T12:50:09Z	未声明，禁止公开再分发
skin	model3-2024-base	橙黑竞速	assets/xiaote/raw/skins/model3-2024-base/520b14f4.jpg	171944	56a0a75c6dbb9964fbaddc33ec9a8e92d1843d20e8683ffaa19b4af7a278424f	https://file0.52tesla.com/gigamini/tesla-wrap/examples/model3-2024-base/520b14f4.jpg	2026-08-30T12:50:09Z	未声明，禁止公开再分发
skin	model3-2024-base	高达创战者	assets/xiaote/raw/skins/model3-2024-base/4b470d05.jpg	179507	79eff206166aa699a3079f3bf00fee1fa84b74999a4b56182e4945f3ff822b9b	https://file0.52tesla.com/gigamini/tesla-wrap/examples/model3-2024-base/4b470d05.jpg	2026-08-30T12:50:09Z	未声明，禁止公开再分发
skin	model3-2024-base	赛博朋克·夜之城	assets/xiaote/raw/skins/model3-2024-base/5f31b60d.jpg	63193	c923bdaf043f2cc7d633a38c40fc62118ddac69026d91420064f4992e8d01ca9	https://file0.52tesla.com/gigamini/tesla-wrap/examples/model3-2024-base/5f31b60d.jpg	2026-08-30T12:50:09Z	未声明，禁止公开再分发
skin	model3-2024-base	霍格沃茨魔法学院	assets/xiaote/raw/skins/model3-2024-base/75564316.jpg	192797	3a05689099e0daac4e7c2eafbc1be755397cb5ba7b48b0e6f6a4e2bc8b2b6fc7	https://file0.52tesla.com/gigamini/tesla-wrap/examples/model3-2024-base/75564316.jpg	2026-08-30T12:50:09Z	未声明，禁止公开再分发
skin	model3-2024-base	红白赛车	assets/xiaote/raw/skins/model3-2024-base/cd913f74.jpg	131632	3c1b3287f3b3989b8bb8a22caaf17ffd5536fa8094e8d4a12a4df67c6990fc6a	https://file0.52tesla.com/gigamini/tesla-wrap/examples/model3-2024-base/cd913f74.jpg	2026-08-30T12:50:09Z	未声明，禁止公开再分发
skin	model3-2024-base	赛车蓝	assets/xiaote/raw/skins/model3-2024-base/34fc1b4b.jpg	195656	4b289b5036f7d3c97ef355cbafdd5bdbe8b71a3c0d3ebd8e6591bdd798efc947	https://file0.52tesla.com/gigamini/tesla-wrap/examples/model3-2024-base/34fc1b4b.jpg	2026-08-30T12:50:09Z	未声明，禁止公开再分发
skin	model3-2024-base	赛车涂装	assets/xiaote/raw/skins/model3-2024-base/9cbfa067.jpg	157079	0de6b8e813f178e36f6a47e591d4d12e5ef54834f544efbc107cca070c49c1d7	https://file0.52tesla.com/gigamini/tesla-wrap/examples/model3-2024-base/9cbfa067.jpg	2026-08-30T12:50:09Z	未声明，禁止公开再分发
skin	model3-2024-base	警车疾驰	assets/xiaote/raw/skins/model3-2024-base/efccf178.jpg	150825	7de0bc37006644aaa903c528bd17d1700a79ecfcd4f709896dc593c244a3df51	https://file0.52tesla.com/gigamini/tesla-wrap/examples/model3-2024-base/efccf178.jpg	2026-08-30T12:50:09Z	未声明，禁止公开再分发
skin	model3-2024-base	红牛赛车	assets/xiaote/raw/skins/model3-2024-base/3aac9ebf.jpg	197728	19899f2b9c955debfa56c1bdf083d175a04bf3398afd4cecba5717be013b7297	https://file0.52tesla.com/gigamini/tesla-wrap/examples/model3-2024-base/3aac9ebf.jpg	2026-08-30T12:50:09Z	未声明，禁止公开再分发
skin	model3-2024-base	拉文克劳之翼	assets/xiaote/raw/skins/model3-2024-base/23128abc.jpg	230406	e60db0e721eed09c19a5d3123ac7d584b6dc8b23e67f6b3e53373cc2c8656bb0	https://file0.52tesla.com/gigamini/tesla-wrap/examples/model3-2024-base/23128abc.jpg	2026-08-30T12:50:09Z	未声明，禁止公开再分发
skin	model3-2024-base	赫奇·帕奇主题皮肤	assets/xiaote/raw/skins/model3-2024-base/aebfde96.jpg	218197	698e235802a09c24db807c3e1a5dbc5c27d9cf11a092ed601989e802bb32fc59	https://file0.52tesla.com/gigamini/tesla-wrap/examples/model3-2024-base/aebfde96.jpg	2026-08-30T12:50:09Z	未声明，禁止公开再分发
skin	model3-2024-base	斯莱特林绿宝石	assets/xiaote/raw/skins/model3-2024-base/8482f097.jpg	177724	9f7dabbc8bcf0ac7bf249411eaea4c3f84b6215c2da5daa800cb9e9f2f9e2c3d	https://file0.52tesla.com/gigamini/tesla-wrap/examples/model3-2024-base/8482f097.jpg	2026-08-30T12:50:09Z	未声明，禁止公开再分发
skin	model3-2024-base	格兰芬多之魂	assets/xiaote/raw/skins/model3-2024-base/aef8b952.jpg	194573	e25db367cbab7b6eb2063c6b001198a52d8e2ad62fc5edd0f40ab8edd26011b1	https://file0.52tesla.com/gigamini/tesla-wrap/examples/model3-2024-base/aef8b952.jpg	2026-08-30T12:50:09Z	未声明，禁止公开再分发
skin	model3-2024-base	指环王：魔戒再现	assets/xiaote/raw/skins/model3-2024-base/2802804d.jpg	177260	8d76ee5117640b83f91856d294f6d3bb28d4be12564d077e95029e0a7729df9d	https://file0.52tesla.com/gigamini/tesla-wrap/examples/model3-2024-base/2802804d.jpg	2026-08-30T12:50:09Z	未声明，禁止公开再分发
skin	model3-2024-base	史迪奇与莉罗的夏日冒险	assets/xiaote/raw/skins/model3-2024-base/99911cd6.jpg	207894	f22796a6853a5db2ea5caca56ea1120ebde3167b3cb4c7750404bb7ec0c55c05	https://file0.52tesla.com/gigamini/tesla-wrap/examples/model3-2024-base/99911cd6.jpg	2026-08-30T12:50:09Z	未声明，禁止公开再分发
skin	model3-2024-base	Hello Kitty粉色爱心	assets/xiaote/raw/skins/model3-2024-base/dff91144.jpg	194695	c27d32bf0cda6aba1f7b8f5fa0c62ca4c3096aa843579fd64d05a1af96f33236	https://file0.52tesla.com/gigamini/tesla-wrap/examples/model3-2024-base/dff91144.jpg	2026-08-30T12:50:09Z	未声明，禁止公开再分发
skin	model3-2024-base	海绵宝宝特斯拉	assets/xiaote/raw/skins/model3-2024-base/029266ab.jpg	183807	7bd9679a4ef64708e27053a3e804adc16ae793f2d3b142ca12d8455abea2cf0c	https://file0.52tesla.com/gigamini/tesla-wrap/examples/model3-2024-base/029266ab.jpg	2026-08-30T12:50:09Z	未声明，禁止公开再分发
skin	model3-2024-base	闪电麦昆赛车皮肤	assets/xiaote/raw/skins/model3-2024-base/342e7ca9.jpg	182789	0577115d489ab906566cd758cdc009c3fdc8b5ad0fee873a096114eb129aa7d7	https://file0.52tesla.com/gigamini/tesla-wrap/examples/model3-2024-base/342e7ca9.jpg	2026-08-30T12:50:09Z	未声明，禁止公开再分发
skin	model3-2024-base	地狱咆哮	assets/xiaote/raw/skins/model3-2024-base/45e5660a.jpg	186263	5625f7cfb61f1233e198756d8f104426cf14ea82cecb3b9c3ff28408f9b47ebb	https://file0.52tesla.com/gigamini/tesla-wrap/examples/model3-2024-base/45e5660a.jpg	2026-08-30T12:50:09Z	未声明，禁止公开再分发
skin	model3-2024-base	星际迷航：进取号	assets/xiaote/raw/skins/model3-2024-base/1ecf0864.jpg	258506	f1b606bcb11245c1abb69cab9a35b98841d0aad1c55c73255282922de6acdbb5	https://file0.52tesla.com/gigamini/tesla-wrap/examples/model3-2024-base/1ecf0864.jpg	2026-08-30T12:50:09Z	未声明，禁止公开再分发
skin	model3-2024-base	黄金战甲	assets/xiaote/raw/skins/model3-2024-base/b92a6314.jpg	206400	167e81be172c8036e0d300d5b63cdc85862d07e3b11d2c8ac9cb0bd87160e774	https://file0.52tesla.com/gigamini/tesla-wrap/examples/model3-2024-base/b92a6314.jpg	2026-08-30T12:50:09Z	未声明，禁止公开再分发
skin	model3-2024-base	鳄鱼皮纹	assets/xiaote/raw/skins/model3-2024-base/8b2f0684.jpg	303860	08e82f518e46c63ac72b04b9e999906dae4b0ac552d3f2fcfce76906357b84fe	https://file0.52tesla.com/gigamini/tesla-wrap/examples/model3-2024-base/8b2f0684.jpg	2026-08-30T12:50:09Z	未声明，禁止公开再分发
skin	model3-2024-base	蓝色十字架	assets/xiaote/raw/skins/model3-2024-base/c9f9e6ec.jpg	147402	8a2e5a524c74a11e07fd65bbce646c971321b3acb7cd886fcb1f6ea599475c92	https://file0.52tesla.com/gigamini/tesla-wrap/examples/model3-2024-base/c9f9e6ec.jpg	2026-08-30T12:50:09Z	未声明，禁止公开再分发
skin	model3-2024-base	皇家荣耀	assets/xiaote/raw/skins/model3-2024-base/5c87b093.jpg	49467	e78dfa79631b081ed7653d71022d2d5400826cc7fad5e99e2728266887a77c4f	https://file0.52tesla.com/gigamini/tesla-wrap/examples/model3-2024-base/5c87b093.jpg	2026-08-30T12:50:09Z	未声明，禁止公开再分发
skin	model3-2024-base	沙漠迷彩	assets/xiaote/raw/skins/model3-2024-base/5a2b2f8d.jpg	202394	bc10aa10c638c4ac4f4a78bacbc14a14b5d05d03d73041a079b31cb1be18af43	https://file0.52tesla.com/gigamini/tesla-wrap/examples/model3-2024-base/5a2b2f8d.jpg	2026-08-30T12:50:09Z	未声明，禁止公开再分发
skin	model3-2024-base	复仇者联盟斯塔克工业	assets/xiaote/raw/skins/model3-2024-base/83500e74.jpg	140494	2dd5d13309d8501564a55bc7652316444c248159d6def1d4f5f7da45c51f4036	https://file0.52tesla.com/gigamini/tesla-wrap/examples/model3-2024-base/83500e74.jpg	2026-08-30T12:50:09Z	未声明，禁止公开再分发
skin	model3-2024-base	星际迷航	assets/xiaote/raw/skins/model3-2024-base/060365e9.jpg	340216	8178673405f8256703638474151807b880d9325fbd8049224397d04c578c8149	https://file0.52tesla.com/gigamini/tesla-wrap/examples/model3-2024-base/060365e9.jpg	2026-08-30T12:50:09Z	未声明，禁止公开再分发
skin	model3-2024-base	星际迷航	assets/xiaote/raw/skins/model3-2024-base/ce92636b.jpg	211074	b26e15ee6d4872af9e68bcf9f137d10515099a0b5c6d153b430117dbb9796cb1	https://file0.52tesla.com/gigamini/tesla-wrap/examples/model3-2024-base/ce92636b.jpg	2026-08-30T12:50:09Z	未声明，禁止公开再分发
skin	model3-2024-base	机甲先锋	assets/xiaote/raw/skins/model3-2024-base/d40d3793.jpg	297633	c7e25690e7b6ac48f03978da5d59d38f8a8423f1832222f0cc494805cc09070a	https://file0.52tesla.com/gigamini/tesla-wrap/examples/model3-2024-base/d40d3793.jpg	2026-08-30T12:50:09Z	未声明，禁止公开再分发
skin	model3-2024-base	德克萨斯州高速公路巡逻队警车皮肤	assets/xiaote/raw/skins/model3-2024-base/8d811e6e.jpg	122370	5b5d2d97b07e9c75d26e8620420d3968587b3652a9c3752906156bc7b896b870	https://file0.52tesla.com/gigamini/tesla-wrap/examples/model3-2024-base/8d811e6e.jpg	2026-08-30T12:50:09Z	未声明，禁止公开再分发
skin	model3-2024-base	红岩战神	assets/xiaote/raw/skins/model3-2024-base/67fdda1b.jpg	208171	6dfd4d7ca1b8609cb4039ed637895034c07d8d941af6390fae23b1ba533f3116	https://file0.52tesla.com/gigamini/tesla-wrap/examples/model3-2024-base/67fdda1b.jpg	2026-08-30T12:50:09Z	未声明，禁止公开再分发
skin	model3-2024-base	龙珠超赛亚人神形态悟空	assets/xiaote/raw/skins/model3-2024-base/5a6b8703.jpg	207120	f2ddd3a20a7e8f4ffdc64f1b72d5e9839af005d7002ad766e7b410a5f6f013c9	https://file0.52tesla.com/gigamini/tesla-wrap/examples/model3-2024-base/5a6b8703.jpg	2026-08-30T12:50:09Z	未声明，禁止公开再分发
skin	model3-2024-base	皇马战车	assets/xiaote/raw/skins/model3-2024-base/beb06f92.jpg	142297	44c4a8ec788aad5fa54b1bc6b378bf2c641faaf4eccb7a7d8b77b40458d0abf2	https://file0.52tesla.com/gigamini/tesla-wrap/examples/model3-2024-base/beb06f92.jpg	2026-08-30T12:50:09Z	未声明，禁止公开再分发
skin	model3-2024-base	泥泞战士	assets/xiaote/raw/skins/model3-2024-base/79de45d9.jpg	277022	2fb1931d27c1783e2d44cd422f628bb32aec836b3a477d5d028ee52b553cd2d1	https://file0.52tesla.com/gigamini/tesla-wrap/examples/model3-2024-base/79de45d9.jpg	2026-08-30T12:50:09Z	未声明，禁止公开再分发
skin	model3-2024-base	橙黑赛车	assets/xiaote/raw/skins/model3-2024-base/c6c7b5bc.jpg	126511	feb1b1abbedd65ed227e6fa7e8be344b8efb953c6021c83312dc7b2d4653fc10	https://file0.52tesla.com/gigamini/tesla-wrap/examples/model3-2024-base/c6c7b5bc.jpg	2026-08-30T12:50:09Z	未声明，禁止公开再分发
skin	model3-2024-base	加泰罗尼亚警察	assets/xiaote/raw/skins/model3-2024-base/2e134564.jpg	180033	270088a1ea7c6c0336befff6051eccd8209b2386e59d0a106c79727740f5d839	https://file0.52tesla.com/gigamini/tesla-wrap/examples/model3-2024-base/2e134564.jpg	2026-08-30T12:50:09Z	未声明，禁止公开再分发
skin	model3-2024-base	橙黑赛车	assets/xiaote/raw/skins/model3-2024-base/8f5dfed5.jpg	127002	2893a6e5630fe5fa2bf65688e13c58eaaed89c1e477563a4fa0801ce23172b2c	https://file0.52tesla.com/gigamini/tesla-wrap/examples/model3-2024-base/8f5dfed5.jpg	2026-08-30T12:50:09Z	未声明，禁止公开再分发
skin	model3-2024-base	暗夜迷彩	assets/xiaote/raw/skins/model3-2024-base/f0a26ca9.jpg	177514	612ec5d672d325ba869876b601ec79deea091952d56935a77a16760d071c0539	https://file0.52tesla.com/gigamini/tesla-wrap/examples/model3-2024-base/f0a26ca9.jpg	2026-08-30T12:50:09Z	未声明，禁止公开再分发
skin	model3-2024-base	最后的我们	assets/xiaote/raw/skins/model3-2024-base/cc2228df.jpg	210040	6afd08697137f8ade09398b2fefc86031725d1e2f7a277c26e00c16afe37c845	https://file0.52tesla.com/gigamini/tesla-wrap/examples/model3-2024-base/cc2228df.jpg	2026-08-30T12:50:09Z	未声明，禁止公开再分发
skin	model3-2024-base	深海幻境	assets/xiaote/raw/skins/model3-2024-base/aca1c27f.jpg	348820	f53310335b0666c9212074684c35914bf27976bf08623f222f5af2694e84560f	https://file0.52tesla.com/gigamini/tesla-wrap/examples/model3-2024-base/aca1c27f.jpg	2026-08-30T12:50:09Z	未声明，禁止公开再分发
skin	model3-2024-base	星际迷航	assets/xiaote/raw/skins/model3-2024-base/5aede158.jpg	115282	7158f7e77415d6510711b5e75ff55d97ad72f1d01cc8b2434b340962074d6c01	https://file0.52tesla.com/gigamini/tesla-wrap/examples/model3-2024-base/5aede158.jpg	2026-08-30T12:50:09Z	未声明，禁止公开再分发
skin	model3-2024-base	特斯拉警车	assets/xiaote/raw/skins/model3-2024-base/4a089ada.jpg	143249	5060578dfd943db8fe90ed3294b5b95bb868a2d0e7ec91212411c0feb736659a	https://file0.52tesla.com/gigamini/tesla-wrap/examples/model3-2024-base/4a089ada.jpg	2026-08-30T12:50:09Z	未声明，禁止公开再分发
skin	model3-2024-base	龙珠超布罗利车衣	assets/xiaote/raw/skins/model3-2024-base/6bdc10c6.jpg	262273	66857be3b59b64943a9d1807e0694247115f11dc318d9e7790b72127974b4a75	https://file0.52tesla.com/gigamini/tesla-wrap/examples/model3-2024-base/6bdc10c6.jpg	2026-08-30T12:50:09Z	未声明，禁止公开再分发
skin	model3-2024-base	马德里地方警察	assets/xiaote/raw/skins/model3-2024-base/a412170b.jpg	218270	bd51aedbfe9c3f3d1798a76a092509c5b9bf686672a5b37648348c3a813dfc6c	https://file0.52tesla.com/gigamini/tesla-wrap/examples/model3-2024-base/a412170b.jpg	2026-08-30T12:50:09Z	未声明，禁止公开再分发
skin	model3-2024-base	雪地迷彩	assets/xiaote/raw/skins/model3-2024-base/b35b594e.jpg	302186	a3a11a56ad91a2636907c043ae5d0133cfd4e2dcb647fdb9c1e576861b01ac68	https://file0.52tesla.com/gigamini/tesla-wrap/examples/model3-2024-base/b35b594e.jpg	2026-08-30T12:50:09Z	未声明，禁止公开再分发
skin	model3-2024-base	警用巡逻车	assets/xiaote/raw/skins/model3-2024-base/8686f15c.jpg	201862	11d754f8d52f3390ff92f52c56c54888140c20a5abcb714cbadb1d5cf14c992d	https://file0.52tesla.com/gigamini/tesla-wrap/examples/model3-2024-base/8686f15c.jpg	2026-08-30T12:50:09Z	未声明，禁止公开再分发
skin	model3-2024-base	赛博朋克之光	assets/xiaote/raw/skins/model3-2024-base/62f93125.jpg	218497	998c519b6ddd8a5488a5195c83015f83944fdc373fd6cf9b35ccb0134dc8405b	https://file0.52tesla.com/gigamini/tesla-wrap/examples/model3-2024-base/62f93125.jpg	2026-08-30T12:50:09Z	未声明，禁止公开再分发
skin	model3-2024-base	钢铁侠装甲	assets/xiaote/raw/skins/model3-2024-base/db01d773.jpg	127313	1b34c2f79f9c765b60d6898c8814040566d9cdb766fa87152a4193d170fdb4e6	https://file0.52tesla.com/gigamini/tesla-wrap/examples/model3-2024-base/db01d773.jpg	2026-08-30T12:50:09Z	未声明，禁止公开再分发
skin	model3-2024-base	body kit from AliExpress	assets/xiaote/raw/skins/model3-2024-base/89104102.jpg	116157	ac5f0cfe33d843fc947b653a58612125c9bd3acbe3cc4154b79eb7c2436ed7df	https://file0.52tesla.com/gigamini/tesla-wrap/examples/model3-2024-base/89104102.jpg	2026-08-30T12:50:09Z	未声明，禁止公开再分发
skin	model3-2024-base	赛车蓝	assets/xiaote/raw/skins/model3-2024-base/78b14bac.jpg	276934	642e33acdb2e3bef2dc8c35276205518b1f051d62e3b2badf9b11206e73964d2	https://file0.52tesla.com/gigamini/tesla-wrap/examples/model3-2024-base/78b14bac.jpg	2026-08-30T12:50:09Z	未声明，禁止公开再分发
skin	model3-2024-base	星条旗战甲	assets/xiaote/raw/skins/model3-2024-base/54fa2def.jpg	211037	37424b0759a556881bb81d924323cb27dbcbd3d25f2433c5711c589ec68170ff	https://file0.52tesla.com/gigamini/tesla-wrap/examples/model3-2024-base/54fa2def.jpg	2026-08-30T12:50:09Z	未声明，禁止公开再分发
skin	model3-2024-base	机甲先锋	assets/xiaote/raw/skins/model3-2024-base/fa4be4a6.jpg	170245	44456eea8633875ecf9e077036f8ba0700fd5632a3e2738d5b0113e83f31cc3f	https://file0.52tesla.com/gigamini/tesla-wrap/examples/model3-2024-base/fa4be4a6.jpg	2026-08-30T12:50:09Z	未声明，禁止公开再分发
skin	model3-2024-base	帝国冲锋队T-4A自动驾驶汽车皮肤	assets/xiaote/raw/skins/model3-2024-base/e5ba4a75.jpg	134056	d492f3971862d78742d59865163f4faf49f56700dd5395c9d9b40af0848abdae	https://file0.52tesla.com/gigamini/tesla-wrap/examples/model3-2024-base/e5ba4a75.jpg	2026-08-30T12:50:09Z	未声明，禁止公开再分发
skin	model3-2024-base	古堡幻影	assets/xiaote/raw/skins/model3-2024-base/a31b0205.jpg	340575	56356fb4f30cf6520341d052cf32ff9c9d174d66d9436ae897ee9be73e760e67	https://file0.52tesla.com/gigamini/tesla-wrap/examples/model3-2024-base/a31b0205.jpg	2026-08-30T12:50:09Z	未声明，禁止公开再分发
skin	model3-2024-base	比特币先锋	assets/xiaote/raw/skins/model3-2024-base/93798018.jpg	264395	2658d2d133a237d3334975588cf10c334f688d91769496ffc87a7da36027c7cc	https://file0.52tesla.com/gigamini/tesla-wrap/examples/model3-2024-base/93798018.jpg	2026-08-30T12:50:09Z	未声明，禁止公开再分发
skin	model3-2024-base	神奈川冲浪里特斯拉皮肤	assets/xiaote/raw/skins/model3-2024-base/5fe990dd.jpg	422954	62496475414dc7c77d356906abf4fd0ab6fd58c3eabb28f97e3c62327a7ce313	https://file0.52tesla.com/gigamini/tesla-wrap/examples/model3-2024-base/5fe990dd.jpg	2026-08-30T12:50:09Z	未声明，禁止公开再分发
skin	model3-2024-base	赛车蓝	assets/xiaote/raw/skins/model3-2024-base/a8d50f5a.jpg	170944	9b72fbea658808faf7d44e54898f734f53113786269c36f711c59f6419fb8577	https://file0.52tesla.com/gigamini/tesla-wrap/examples/model3-2024-base/a8d50f5a.jpg	2026-08-30T12:50:09Z	未声明，禁止公开再分发
skin	model3-2024-base	星际迷航	assets/xiaote/raw/skins/model3-2024-base/8d0946f5.jpg	188158	85e28cc954212e961b199e1363c7aa7aacdfae0dbbf17711d76b557d386bde27	https://file0.52tesla.com/gigamini/tesla-wrap/examples/model3-2024-base/8d0946f5.jpg	2026-08-30T12:50:09Z	未声明，禁止公开再分发
skin	model3-2024-base	霍格沃茨魔法学院	assets/xiaote/raw/skins/model3-2024-base/10d02d45.jpg	278807	5302cda8de15b2c439cdd89a60eef9deccca5aa0c3ccce530a4c2ce5f938c2a6	https://file0.52tesla.com/gigamini/tesla-wrap/examples/model3-2024-base/10d02d45.jpg	2026-08-30T12:50:09Z	未声明，禁止公开再分发
skin	model3-2024-base	星际迷航	assets/xiaote/raw/skins/model3-2024-base/8d7b55e4.jpg	211117	abcc452342a1b556c86b074ced348e636ae2c0eeab19ca55f490ccad8c91c85e	https://file0.52tesla.com/gigamini/tesla-wrap/examples/model3-2024-base/8d7b55e4.jpg	2026-08-30T12:50:09Z	未声明，禁止公开再分发
skin	model3-2024-base	泥泞战士	assets/xiaote/raw/skins/model3-2024-base/9c3469c4.jpg	322805	8c699a53a8ddd5a44bee2e1223ce14bc679d8b487e430ec4df03b12169abed07	https://file0.52tesla.com/gigamini/tesla-wrap/examples/model3-2024-base/9c3469c4.jpg	2026-08-30T12:50:09Z	未声明，禁止公开再分发
skin	model3-2024-base	辐射避难所男孩皮肤	assets/xiaote/raw/skins/model3-2024-base/0b375fff.jpg	187664	389daf529c32b55fbdd06e3eb1375d191cf6d8a6667ff84a3a0a69525d0cfc50	https://file0.52tesla.com/gigamini/tesla-wrap/examples/model3-2024-base/0b375fff.jpg	2026-08-30T12:50:09Z	未声明，禁止公开再分发
skin	model3-2024-base	PlayStation游戏机	assets/xiaote/raw/skins/model3-2024-base/66dc244a.jpg	168601	0a868fc996b50017e06f5e2cbb4530426e0d951a96ba8d98e3079eb0186d88ef	https://file0.52tesla.com/gigamini/tesla-wrap/examples/model3-2024-base/66dc244a.jpg	2026-08-30T12:50:09Z	未声明，禁止公开再分发
skin	model3-2024-base	警车巡逻	assets/xiaote/raw/skins/model3-2024-base/65c35712.jpg	124998	598c833b1b5ef899500b40cb985b2f816b1b8bb0c5aeabc4fbd01a62da1699db	https://file0.52tesla.com/gigamini/tesla-wrap/examples/model3-2024-base/65c35712.jpg	2026-08-30T12:50:09Z	未声明，禁止公开再分发
skin	model3-2024-base	赛博朋克红	assets/xiaote/raw/skins/model3-2024-base/21e5907e.jpg	182813	cc9ad5ce7c5105fcef73b3682d4e6279e46065a9839e3f123c8a0255dfd51cf8	https://file0.52tesla.com/gigamini/tesla-wrap/examples/model3-2024-base/21e5907e.jpg	2026-08-30T12:50:09Z	未声明，禁止公开再分发
skin	model3-2024-base	机甲骷髅	assets/xiaote/raw/skins/model3-2024-base/7efe79e7.jpg	244864	de1a33cb60cb6599570c8c5c977086eba861534ca01dd50da204e7e53eb9f84b	https://file0.52tesla.com/gigamini/tesla-wrap/examples/model3-2024-base/7efe79e7.jpg	2026-08-30T12:50:09Z	未声明，禁止公开再分发
skin	model3-2024-base	Clearwater Police Cruiser	assets/xiaote/raw/skins/model3-2024-base/c9680b1c.jpg	210755	e7d79df9e6757c68f069c85683ad22221cfbd4133f85b6707e5c7ca77212b3d1	https://file0.52tesla.com/gigamini/tesla-wrap/examples/model3-2024-base/c9680b1c.jpg	2026-08-30T12:50:09Z	未声明，禁止公开再分发
skin	model3-2024-base	Lego	assets/xiaote/raw/skins/model3-2024-base/d08e7499.jpg	291870	8dec215a7e509582d0e0c034d1ba07862d878181032a46581964b4f6dd4bcddf	https://file0.52tesla.com/gigamini/tesla-wrap/examples/model3-2024-base/d08e7499.jpg	2026-08-30T12:50:09Z	未声明，禁止公开再分发
skin	model3-2024-base	Delorian	assets/xiaote/raw/skins/model3-2024-base/f070ac21.jpg	190184	6e8fd4560872453e14304c10e28b696895aac4ee0e8bf0df62f8c304db41aa7c	https://file0.52tesla.com/gigamini/tesla-wrap/examples/model3-2024-base/f070ac21.jpg	2026-08-30T12:50:09Z	未声明，禁止公开再分发
skin	model3-2024-base	疯狂的麦克斯	assets/xiaote/raw/skins/model3-2024-base/a56ea026.png	913810	8d80eb9921b9c9503afcdabcfc8eb49b07b8cf10118904869c9ab065abb4833d	https://file0.52tesla.com/gigamini/tesla-wrap/examples/model3-2024-base/a56ea026.png	2026-08-30T12:50:09Z	未声明，禁止公开再分发
skin	model3-2024-base	克利尔沃特警车	assets/xiaote/raw/skins/model3-2024-base/0fd1f898.png	593506	73d6c1461c77173d641954d24deeb22dbe82d2128df7716ab8962b70104ef3b4	https://file0.52tesla.com/gigamini/tesla-wrap/examples/model3-2024-base/0fd1f898.png	2026-08-30T12:50:09Z	未声明，禁止公开再分发
skin	model3-2024-base	小樱	assets/xiaote/raw/skins/model3-2024-base/5924bd71.png	1039330	2d57398b1d5d6b2cfde3947b7ad2956fea6fe7a88c9b1144a437793eb71edddb	https://file0.52tesla.com/gigamini/tesla-wrap/examples/model3-2024-base/5924bd71.png	2026-08-30T12:50:09Z	未声明，禁止公开再分发
skin	model3-2024-base	灌篮高手	assets/xiaote/raw/skins/model3-2024-base/9058e957.png	380402	9c60739a6f4285aacfa9f126d403f918c06130597edcf5727f28c91740c32b75	https://file0.52tesla.com/gigamini/tesla-wrap/examples/model3-2024-base/9058e957.png	2026-08-30T12:50:09Z	未声明，禁止公开再分发
skin	model3-2024-base	2026 新年快乐	assets/xiaote/raw/skins/model3-2024-base/aaa496e4.png	754927	451db911a410cb4b697234a9c56462255bc9d16fa97fd8457a5afe9562ef3707	https://file0.52tesla.com/gigamini/tesla-wrap/examples/model3-2024-base/aaa496e4.png	2026-08-30T12:50:09Z	未声明，禁止公开再分发
skin	model3-2024-base	蜡笔小新	assets/xiaote/raw/skins/model3-2024-base/079c8cb5.png	650289	09608d939c36ce12c2a3637ae39ce9ed388e2e384e3b784608dcfff1709226cc	https://file0.52tesla.com/gigamini/tesla-wrap/examples/model3-2024-base/079c8cb5.png	2026-08-30T12:50:09Z	未声明，禁止公开再分发
skin	model3-2024-base	美国警车	assets/xiaote/raw/skins/model3-2024-base/32c2dc71.png	487516	35ceaa58da7bcbe23b95c97059853f5b6000ba67cbc5315edc8a5efae10311e2	https://file0.52tesla.com/gigamini/tesla-wrap/examples/model3-2024-base/32c2dc71.png	2026-08-30T12:50:09Z	未声明，禁止公开再分发
skin	model3-2024-base	高达2	assets/xiaote/raw/skins/model3-2024-base/7c199521.png	850239	c656c2528e41b5cf999ad9fd27bd019b812a7d4dd14f60d26b90cf3e2b027301	https://file0.52tesla.com/gigamini/tesla-wrap/examples/model3-2024-base/7c199521.png	2026-08-30T12:50:09Z	未声明，禁止公开再分发
skin	model3-2024-base	高达1	assets/xiaote/raw/skins/model3-2024-base/f0d600fd.png	864814	092141d371e7c59354d7d7faeca3cd28c34552d2869c81147a48094b0d6e1a64	https://file0.52tesla.com/gigamini/tesla-wrap/examples/model3-2024-base/f0d600fd.png	2026-08-30T12:50:09Z	未声明，禁止公开再分发
skin	model3-2024-base	星际迷航	assets/xiaote/raw/skins/model3-2024-base/55914a06.png	1079829	6439f1164b4664e5200139bf89a495e38b33b3a41ea7992aa60c36ce313babb1	https://file0.52tesla.com/gigamini/tesla-wrap/examples/model3-2024-base/55914a06.png	2026-08-30T12:50:09Z	未声明，禁止公开再分发
skin	model3-2024-base	钢铁侠	assets/xiaote/raw/skins/model3-2024-base/dddae5e7.png	1037298	6fdda9649f21a71048454266b1485828d51404780d862180ca45fcfda0402c19	https://file0.52tesla.com/gigamini/tesla-wrap/examples/model3-2024-base/dddae5e7.png	2026-08-30T12:50:09Z	未声明，禁止公开再分发
skin	model3-2024-base	汽车总动员	assets/xiaote/raw/skins/model3-2024-base/f3b340ec.png	931175	c7008ff88da4f63916d72dfe5b7fae55d09852c59e31beda0220c97dd8112170	https://file0.52tesla.com/gigamini/tesla-wrap/examples/model3-2024-base/f3b340ec.png	2026-08-30T12:50:09Z	未声明，禁止公开再分发
skin	model3-2024-base	魔卡少女樱	assets/xiaote/raw/skins/model3-2024-base/45f34610.png	954689	5394fd45ad75075a54efc973f61a1444fc26d7bf2f35d1af2efd8c4cf0ccf40c	https://file0.52tesla.com/gigamini/tesla-wrap/examples/model3-2024-base/45f34610.png	2026-08-30T12:50:09Z	未声明，禁止公开再分发
skin	model3-2024-base	钢铁侠2	assets/xiaote/raw/skins/model3-2024-base/c9e58a8f.png	1199652	5e18edeb04af3433e5038f5bf7bae5cbbe190d59dd78dc4726e5c12d123a38d9	https://file0.52tesla.com/gigamini/tesla-wrap/examples/model3-2024-base/c9e58a8f.png	2026-08-30T12:50:09Z	未声明，禁止公开再分发
skin	model3-2024-performance	Acid Drip	assets/xiaote/raw/skins/model3-2024-performance/741fa250.png	138888	bfbb7be30b0e3cdcb9fa18fbc65ce289cce119df14b1c807b07e0d968ec4b1f2	https://file0.52tesla.com/gigamini/tesla-wrap/examples/model3-2024-performance/741fa250.png	2026-08-30T12:50:09Z	未声明，禁止公开再分发
skin	model3-2024-performance	Ani	assets/xiaote/raw/skins/model3-2024-performance/fe7cee69.png	510071	abce354d732f614978183c89bdb46f07aa4a117cc0b6b494572b1958ca23f952	https://file0.52tesla.com/gigamini/tesla-wrap/examples/model3-2024-performance/fe7cee69.png	2026-08-30T12:50:09Z	未声明，禁止公开再分发
skin	model3-2024-performance	Apocalypse	assets/xiaote/raw/skins/model3-2024-performance/46024cac.png	312348	80082f15770c2cef994c2a96b5339978de626d6f8639d80afb9e4e2cbadcf50c	https://file0.52tesla.com/gigamini/tesla-wrap/examples/model3-2024-performance/46024cac.png	2026-08-30T12:50:09Z	未声明，禁止公开再分发
skin	model3-2024-performance	Avocado Green	assets/xiaote/raw/skins/model3-2024-performance/9ca5cc33.png	577428	219a125883b5e427a7268c7a88da91cd3e0538d80acb1caedb6867a15e07a624	https://file0.52tesla.com/gigamini/tesla-wrap/examples/model3-2024-performance/9ca5cc33.png	2026-08-30T12:50:09Z	未声明，禁止公开再分发
skin	model3-2024-performance	Camo	assets/xiaote/raw/skins/model3-2024-performance/b8b44759.png	299435	c47f160ad75ec8a5790ab4ceb026b9df4023f44ba22bca53fa92a63ba7542c66	https://file0.52tesla.com/gigamini/tesla-wrap/examples/model3-2024-performance/b8b44759.png	2026-08-30T12:50:09Z	未声明，禁止公开再分发
skin	model3-2024-performance	Cosmic Burst	assets/xiaote/raw/skins/model3-2024-performance/37b69cc7.png	204236	c4b7860067a1ce3996567d3dcb813eb244ee7eccc77de114fc1b554dda3459a5	https://file0.52tesla.com/gigamini/tesla-wrap/examples/model3-2024-performance/37b69cc7.png	2026-08-30T12:50:09Z	未声明，禁止公开再分发
skin	model3-2024-performance	Divide	assets/xiaote/raw/skins/model3-2024-performance/bba38fb1.png	104881	615ecec6e53a6072e7a55c300f68892c52dd72fd1ea755b8895cd09bd5a22c15	https://file0.52tesla.com/gigamini/tesla-wrap/examples/model3-2024-performance/bba38fb1.png	2026-08-30T12:50:09Z	未声明，禁止公开再分发
skin	model3-2024-performance	Doge	assets/xiaote/raw/skins/model3-2024-performance/dead72a4.png	266059	b73c0161a985d76413c690a68eae29eb90c77ed5d814bcf1f3596fd88ad8e574	https://file0.52tesla.com/gigamini/tesla-wrap/examples/model3-2024-performance/dead72a4.png	2026-08-30T12:50:09Z	未声明，禁止公开再分发
skin	model3-2024-performance	Dot Matrix	assets/xiaote/raw/skins/model3-2024-performance/110997b1.png	74567	bf34ccb943505384f2128f676858602f3266be06caeb3ce120beaeffedda75da	https://file0.52tesla.com/gigamini/tesla-wrap/examples/model3-2024-performance/110997b1.png	2026-08-30T12:50:09Z	未声明，禁止公开再分发
skin	model3-2024-performance	Ice Cream	assets/xiaote/raw/skins/model3-2024-performance/94c1e903.png	74229	a9e71af333a65b701f35ede4aedb18238dc20608568c4de7f5177fe0ce5d5238	https://file0.52tesla.com/gigamini/tesla-wrap/examples/model3-2024-performance/94c1e903.png	2026-08-30T12:50:09Z	未声明，禁止公开再分发
skin	model3-2024-performance	Leopard	assets/xiaote/raw/skins/model3-2024-performance/f92f7ee2.png	354382	0194055a0b135721bf46500af3761b1b0346c22b25a6ef60e01eef39460c8687	https://file0.52tesla.com/gigamini/tesla-wrap/examples/model3-2024-performance/f92f7ee2.png	2026-08-30T12:50:09Z	未声明，禁止公开再分发
skin	model3-2024-performance	Pixel Art	assets/xiaote/raw/skins/model3-2024-performance/231c1808.png	110047	fc0a917b7867bc0064bbaaabfeeab4d46396edb15a072df871a1f2ec46e9f737	https://file0.52tesla.com/gigamini/tesla-wrap/examples/model3-2024-performance/231c1808.png	2026-08-30T12:50:09Z	未声明，禁止公开再分发
skin	model3-2024-performance	Reindeer	assets/xiaote/raw/skins/model3-2024-performance/844b5a1b.png	242650	a6d7bb40840ba03867b7d891d67190f3417eb4ecf2d009fa5866a85eb574f248	https://file0.52tesla.com/gigamini/tesla-wrap/examples/model3-2024-performance/844b5a1b.png	2026-08-30T12:50:09Z	未声明，禁止公开再分发
skin	model3-2024-performance	Rudi	assets/xiaote/raw/skins/model3-2024-performance/13fa25b4.png	190104	51bfafec7591b3202c9c3ae8f769a616118045fd4213beced71f37fb1475a213	https://file0.52tesla.com/gigamini/tesla-wrap/examples/model3-2024-performance/13fa25b4.png	2026-08-30T12:50:09Z	未声明，禁止公开再分发
skin	model3-2024-performance	Sakura	assets/xiaote/raw/skins/model3-2024-performance/9fe79b27.png	274114	768616fa904356332640a37ac1a1480c89780cf64d5a7d55f716962ed8282223	https://file0.52tesla.com/gigamini/tesla-wrap/examples/model3-2024-performance/9fe79b27.png	2026-08-30T12:50:09Z	未声明，禁止公开再分发
skin	model3-2024-performance	Sketch	assets/xiaote/raw/skins/model3-2024-performance/513dc970.png	195381	8496badf5c3bf26d150bfac87bf87c7683553281b2458293739c51338527c310	https://file0.52tesla.com/gigamini/tesla-wrap/examples/model3-2024-performance/513dc970.png	2026-08-30T12:50:09Z	未声明，禁止公开再分发
skin	model3-2024-performance	String Lights	assets/xiaote/raw/skins/model3-2024-performance/e461f378.png	290015	3fb0d683cfaf40a43067517f7bb4c87a607c7b9fe49134778fe6ff5bc497ea72	https://file0.52tesla.com/gigamini/tesla-wrap/examples/model3-2024-performance/e461f378.png	2026-08-30T12:50:09Z	未声明，禁止公开再分发
skin	model3-2024-performance	Valentine	assets/xiaote/raw/skins/model3-2024-performance/4cb45028.png	110156	30f94820e86308fa27f00a4d611cf888af6c8f823ef79a963ae42e9cf2d74ff3	https://file0.52tesla.com/gigamini/tesla-wrap/examples/model3-2024-performance/4cb45028.png	2026-08-30T12:50:09Z	未声明，禁止公开再分发
skin	model3-2024-performance	Vintage Gradient	assets/xiaote/raw/skins/model3-2024-performance/fabab677.png	77299	d5985c5eafeb916d7bcdecd47f2a2eb459c4d62246fb649ad91f0f1f4bea1866	https://file0.52tesla.com/gigamini/tesla-wrap/examples/model3-2024-performance/fabab677.png	2026-08-30T12:50:09Z	未声明，禁止公开再分发
skin	model3-2024-performance	Vintage Stripes	assets/xiaote/raw/skins/model3-2024-performance/4c029dfe.png	77929	d4cc32a7b70ce3477dc94fa29473a6d6e6bdcf7a760b0f0bd047b9d326c2f33c	https://file0.52tesla.com/gigamini/tesla-wrap/examples/model3-2024-performance/4c029dfe.png	2026-08-30T12:50:09Z	未声明，禁止公开再分发
skin	model3-2024-performance	Bigtrak	assets/xiaote/raw/skins/model3-2024-performance/f1d3eb46.png	1079463	9f18904f9168e4d615534efc329fcd49f45b1de2b71751e2bd969507367b9a8f	https://file0.52tesla.com/gigamini/tesla-wrap/examples/model3-2024-performance/f1d3eb46.png	2026-08-30T12:50:09Z	未声明，禁止公开再分发
skin	model3-2024-performance	USMC	assets/xiaote/raw/skins/model3-2024-performance/acb70dbe.png	601345	67f4018786b3340cad46ed70186ed2581e8897ffc34e82c63bfe744177190f42	https://file0.52tesla.com/gigamini/tesla-wrap/examples/model3-2024-performance/acb70dbe.png	2026-08-30T12:50:09Z	未声明，禁止公开再分发
skin	model3-2024-performance	Sweet & Low UPHOLSTERY	assets/xiaote/raw/skins/model3-2024-performance/03651d3c.png	145800	673b2a2792d4d62a5dcfa6f46c228fa6926cbad82661536ec1ef2a6b0a9a7229	https://file0.52tesla.com/gigamini/tesla-wrap/examples/model3-2024-performance/03651d3c.png	2026-08-30T12:50:09Z	未声明，禁止公开再分发
skin	model3-2024-performance	Cybercabesk	assets/xiaote/raw/skins/model3-2024-performance/9b21cf2d.png	1162644	3db70b688f7b3352fea92fdb74f9b7be17776564f02392dc40af1734181f9cef	https://file0.52tesla.com/gigamini/tesla-wrap/examples/model3-2024-performance/9b21cf2d.png	2026-08-30T12:50:09Z	未声明，禁止公开再分发
skin	model3-2024-performance	Spatter	assets/xiaote/raw/skins/model3-2024-performance/7eaa8a95.png	359438	74c1b385bb6e9966802936c88aba91f727638347d66ddabdd2d525a28b89f0b1	https://file0.52tesla.com/gigamini/tesla-wrap/examples/model3-2024-performance/7eaa8a95.png	2026-08-30T12:50:09Z	未声明，禁止公开再分发
skin	model3-2024-performance	Texas Highway Patrol	assets/xiaote/raw/skins/model3-2024-performance/885424f3.png	656094	4ab1e3dbe2c6ef613ba611219f36088823b1f7c2709f0698c83c8c6739eb66e4	https://file0.52tesla.com/gigamini/tesla-wrap/examples/model3-2024-performance/885424f3.png	2026-08-30T12:50:09Z	未声明，禁止公开再分发
skin	model3-2024-performance	Papaya Rules (Lando)	assets/xiaote/raw/skins/model3-2024-performance/cf3f0dc9.png	266970	5af460ebb1cc896d90f086c0a5557b1f423bab9fa6b96245faf2f6ea116b1df2	https://file0.52tesla.com/gigamini/tesla-wrap/examples/model3-2024-performance/cf3f0dc9.png	2026-08-30T12:50:09Z	未声明，禁止公开再分发
skin	model3-2024-performance	Papaya Rules (Oscar)	assets/xiaote/raw/skins/model3-2024-performance/51ab3f58.png	1054416	7b74f540a9a5dc555dc6ea41dd02332803abf33700665b7714e49af21d9c8f5b	https://file0.52tesla.com/gigamini/tesla-wrap/examples/model3-2024-performance/51ab3f58.png	2026-08-30T12:50:09Z	未声明，禁止公开再分发
skin	model3-2024-performance	Dirty Gulf 7	assets/xiaote/raw/skins/model3-2024-performance/c3478c74.png	1120920	ad255e909ad6fb8de39d4df8294aadf2d046379f96c81e70bc1367333cde9ca9	https://file0.52tesla.com/gigamini/tesla-wrap/examples/model3-2024-performance/c3478c74.png	2026-08-30T12:50:09Z	未声明，禁止公开再分发
skin	model3-2024-performance	Merica	assets/xiaote/raw/skins/model3-2024-performance/81c200cf.png	681767	b6c441fcba83a6590871fec5b529362b80727502338303c74ddec2def456e22f	https://file0.52tesla.com/gigamini/tesla-wrap/examples/model3-2024-performance/81c200cf.png	2026-08-30T12:50:09Z	未声明，禁止公开再分发
skin	model3-2024-performance	CyberM3P	assets/xiaote/raw/skins/model3-2024-performance/38066b6d.png	729574	2db10522b186b3db75ca85f9aa101566aab03994143f61ed7a828adbf3996719	https://file0.52tesla.com/gigamini/tesla-wrap/examples/model3-2024-performance/38066b6d.png	2026-08-30T12:50:09Z	未声明，禁止公开再分发
skin	model3-2024-performance	Hokusai's The Great Wave off Kanagawa	assets/xiaote/raw/skins/model3-2024-performance/3e327661.png	698225	14960259399ed1d1cd851bdad7505420f40d3bf0e96002b387a8226fe29557b5	https://file0.52tesla.com/gigamini/tesla-wrap/examples/model3-2024-performance/3e327661.png	2026-08-30T12:50:09Z	未声明，禁止公开再分发
skin	model3-2024-performance	Gulf 7	assets/xiaote/raw/skins/model3-2024-performance/3aa067bd.png	162381	49b66c137f5555ac31dc2b5a6bf69a4c83c317865519d97fc26b9b1eec9a657e	https://file0.52tesla.com/gigamini/tesla-wrap/examples/model3-2024-performance/3aa067bd.png	2026-08-30T12:50:09Z	未声明，禁止公开再分发
skin	model3-2024-performance	Tron Legacy	assets/xiaote/raw/skins/model3-2024-performance/3580f62b.png	359438	74c1b385bb6e9966802936c88aba91f727638347d66ddabdd2d525a28b89f0b1	https://file0.52tesla.com/gigamini/tesla-wrap/examples/model3-2024-performance/3580f62b.png	2026-08-30T12:50:09Z	未声明，禁止公开再分发
skin	modely	猫之幻境	assets/xiaote/raw/skins/modely/b1cd191e.jpg	182477	5141f29ff792153ff9aebfba534dc1dbafc77221e8d26d38b99455baf1fabf89	https://file0.52tesla.com/gigamini/tesla-wrap/examples/modely/b1cd191e.jpg	2026-08-30T12:50:09Z	未声明，禁止公开再分发
skin	modely	狂野飙车	assets/xiaote/raw/skins/modely/2f421512.jpg	159801	da79572a69bde349eac5fc7bb6ec0b6428d548c5c7b45311460a5451a1400f84	https://file0.52tesla.com/gigamini/tesla-wrap/examples/modely/2f421512.jpg	2026-08-30T12:50:09Z	未声明，禁止公开再分发
skin	modely	巴黎圣日耳曼冠军版	assets/xiaote/raw/skins/modely/db022ade.jpg	216572	27919a85c96a0773da5cb7a6f0beffa4eb780104ffd55ee3a9247ffc2d35cde9	https://file0.52tesla.com/gigamini/tesla-wrap/examples/modely/db022ade.jpg	2026-08-30T12:50:09Z	未声明，禁止公开再分发
skin	modely	龙珠Z特斯拉皮肤	assets/xiaote/raw/skins/modely/5755b1c2.jpg	219706	36258e8c8bd0c6e3d19b24492271abc5015492053e4f898f3ab59c47c13694bf	https://file0.52tesla.com/gigamini/tesla-wrap/examples/modely/5755b1c2.jpg	2026-08-30T12:50:09Z	未声明，禁止公开再分发
skin	modely	超人座驾	assets/xiaote/raw/skins/modely/f0e3bc31.jpg	123358	d5a3154a3e8318b521f17a27785fc831908d822bf1f58554cef10c2ae983a10a	https://file0.52tesla.com/gigamini/tesla-wrap/examples/modely/f0e3bc31.jpg	2026-08-30T12:50:09Z	未声明，禁止公开再分发
skin	modely	机甲狂飙	assets/xiaote/raw/skins/modely/30d4ae9f.jpg	144738	c52296d8411ace206a5450411d808e0e2eae1733ac670dc96e4250d0f4502515	https://file0.52tesla.com/gigamini/tesla-wrap/examples/modely/30d4ae9f.jpg	2026-08-30T12:50:09Z	未声明，禁止公开再分发
skin	modely	NASA太空探索主题皮肤	assets/xiaote/raw/skins/modely/6364b6ba.jpg	188769	0d1dd2a5acfad91c078f81b12de7f2add1d6ca82bda7c87d2ad9a64de67c65b2	https://file0.52tesla.com/gigamini/tesla-wrap/examples/modely/6364b6ba.jpg	2026-08-30T12:50:09Z	未声明，禁止公开再分发
skin	modely	机甲先锋	assets/xiaote/raw/skins/modely/734a272f.jpg	159618	650f65b4f1a631fd30b1e257a46578aebf421c578b261e091930bd1c0bbc2927	https://file0.52tesla.com/gigamini/tesla-wrap/examples/modely/734a272f.jpg	2026-08-30T12:50:09Z	未声明，禁止公开再分发
skin	modely	星际迷航	assets/xiaote/raw/skins/modely/4a6bae1f.jpg	175283	8e17540cb6dc75272b4d78508e064f76abcf6c62b2c6fa1e9bdd440102bf0c7d	https://file0.52tesla.com/gigamini/tesla-wrap/examples/modely/4a6bae1f.jpg	2026-08-30T12:50:09Z	未声明，禁止公开再分发
skin	modely	海贼王主题皮肤	assets/xiaote/raw/skins/modely/b41509ee.jpg	296212	3e87c1e6276d881f2832dd2d4703c7acc6cfa1f098bd1391d0fd4a552d893a70	https://file0.52tesla.com/gigamini/tesla-wrap/examples/modely/b41509ee.jpg	2026-08-30T12:50:09Z	未声明，禁止公开再分发
skin	modely	海贼王主题皮肤	assets/xiaote/raw/skins/modely/1d7f73af.jpg	323344	36c582250d2b2afd4c88ee08d00acd68bb2fce054925c7c85bb2f8bb0690f886	https://file0.52tesla.com/gigamini/tesla-wrap/examples/modely/1d7f73af.jpg	2026-08-30T12:50:09Z	未声明，禁止公开再分发
skin	modely	纽约出租车	assets/xiaote/raw/skins/modely/69a180d2.jpg	153469	4ace0e6a4a6aa5839d0bae84e6bb39edc2544e99eb15930ba9dc62cba2d55ed5	https://file0.52tesla.com/gigamini/tesla-wrap/examples/modely/69a180d2.jpg	2026-08-30T12:50:09Z	未声明，禁止公开再分发
skin	modely	暗黑骑士	assets/xiaote/raw/skins/modely/f9ea7198.jpg	135025	1bb8ee8c33f081b0a8396ce4535dafb290be19c64c471a63b8eaada66e595b5f	https://file0.52tesla.com/gigamini/tesla-wrap/examples/modely/f9ea7198.jpg	2026-08-30T12:50:09Z	未声明，禁止公开再分发
skin	modely	警车巡逻	assets/xiaote/raw/skins/modely/72ad30e7.jpg	108083	f8cd538d83f77a5ac309627de2e8d42251bd3e177e02417d098c3bf33cb955e6	https://file0.52tesla.com/gigamini/tesla-wrap/examples/modely/72ad30e7.jpg	2026-08-30T12:50:09Z	未声明，禁止公开再分发
skin	modely	闪电麦昆特斯拉皮肤	assets/xiaote/raw/skins/modely/a8b6c5c0.jpg	163611	0e2ebca6950b84a64f94a219bd7b808777d858c5de36241a963fabf1ad048460	https://file0.52tesla.com/gigamini/tesla-wrap/examples/modely/a8b6c5c0.jpg	2026-08-30T12:50:09Z	未声明，禁止公开再分发
skin	modely	蝙蝠侠战车	assets/xiaote/raw/skins/modely/26d92412.jpg	140668	13bb230fa12c713bafbc54436d8a065b63eba027fac768ac903b80f6586ddf85	https://file0.52tesla.com/gigamini/tesla-wrap/examples/modely/26d92412.jpg	2026-08-30T12:50:09Z	未声明，禁止公开再分发
skin	modely	LV黑金	assets/xiaote/raw/skins/modely/f708149a.jpg	184514	55105a41e82d170d80d22a84e9b7b8d33b415c1d0cd397b357f1f857a0db8177	https://file0.52tesla.com/gigamini/tesla-wrap/examples/modely/f708149a.jpg	2026-08-30T12:50:09Z	未声明，禁止公开再分发
skin	modely	机甲战士	assets/xiaote/raw/skins/modely/3b69cc77.jpg	84062	2a5a83650523a2c3431a08b402e644639ccdbc1bb2e115eeb43bd78b28cae75d	https://file0.52tesla.com/gigamini/tesla-wrap/examples/modely/3b69cc77.jpg	2026-08-30T12:50:09Z	未声明，禁止公开再分发
skin	modely	机甲风暴	assets/xiaote/raw/skins/modely/a417676f.jpg	125604	4821581a7cea7c5cd4ba0027aa1e83a264ea00149d282be5b8126680e647cbdc	https://file0.52tesla.com/gigamini/tesla-wrap/examples/modely/a417676f.jpg	2026-08-30T12:50:09Z	未声明，禁止公开再分发
skin	modely	红白相间的格子	assets/xiaote/raw/skins/modely/c9a84b4a.jpg	196387	2d5b919f3a446a433784cd469f18ebf0a6823cca9b385bbd283c631eb40006ed	https://file0.52tesla.com/gigamini/tesla-wrap/examples/modely/c9a84b4a.jpg	2026-08-30T12:50:09Z	未声明，禁止公开再分发
skin	modely	青色幻影	assets/xiaote/raw/skins/modely/b78f7bc6.jpg	164122	33ec4a62811fa5ff5df339be2062eda8016c444d9191b6ce90fa364dd01a87b0	https://file0.52tesla.com/gigamini/tesla-wrap/examples/modely/b78f7bc6.jpg	2026-08-30T12:50:09Z	未声明，禁止公开再分发
skin	modely	怪奇物语	assets/xiaote/raw/skins/modely/a7ed3bd3.jpg	217830	c21e58080edc1faa85bb9ee2eef40831f6b483a91239bac7c9b750922ddfd83b	https://file0.52tesla.com/gigamini/tesla-wrap/examples/modely/a7ed3bd3.jpg	2026-08-30T12:50:09Z	未声明，禁止公开再分发
skin	modely	红白奢华的碰撞	assets/xiaote/raw/skins/modely/c54f61e5.jpg	209670	d40735924e45eef60f2721cb28f041adf6412ea7dc59f5d89b7228eaed20eeb1	https://file0.52tesla.com/gigamini/tesla-wrap/examples/modely/c54f61e5.jpg	2026-08-30T12:50:09Z	未声明，禁止公开再分发
skin	modely	皮卡丘特斯拉皮肤	assets/xiaote/raw/skins/modely/f692b2cd.jpg	110371	93491b72178b42e401fed3ca435bd1886abe289f6eecda75452b495124dd808f	https://file0.52tesla.com/gigamini/tesla-wrap/examples/modely/f692b2cd.jpg	2026-08-30T12:50:09Z	未声明，禁止公开再分发
skin	modely	机甲狂飙	assets/xiaote/raw/skins/modely/f41a2e58.jpg	152429	8edeaad2a1f955f02fa6e729b18c65b87951a90165187c81306178e8a9b36e50	https://file0.52tesla.com/gigamini/tesla-wrap/examples/modely/f41a2e58.jpg	2026-08-30T12:50:09Z	未声明，禁止公开再分发
skin	modely	云上天空	assets/xiaote/raw/skins/modely/c70d4d83.jpg	149429	ee7362184244f61fb456501e41ae4295d21dbf64c8cd2ebbba2ce44c464d9835	https://file0.52tesla.com/gigamini/tesla-wrap/examples/modely/c70d4d83.jpg	2026-08-30T12:50:09Z	未声明，禁止公开再分发
skin	modely	猎豹纹路	assets/xiaote/raw/skins/modely/3a064865.jpg	195184	73af64ed94d603f77ad0508cfffa52628ea9cae8c3b114eca03ad4bd2dce4ba8	https://file0.52tesla.com/gigamini/tesla-wrap/examples/modely/3a064865.jpg	2026-08-30T12:50:09Z	未声明，禁止公开再分发
skin	modely	特斯拉小狗皮肤	assets/xiaote/raw/skins/modely/ed793406.jpg	227907	e5bbcdaaf2f53b00a21e2281959489fbaa80cb29b43654479754d7ba9440a90f	https://file0.52tesla.com/gigamini/tesla-wrap/examples/modely/ed793406.jpg	2026-08-30T12:50:09Z	未声明，禁止公开再分发
skin	modely	施耐德电气特斯拉皮肤	assets/xiaote/raw/skins/modely/cd2ada4d.jpg	98493	af60d19e9ecfcfb070c24df808e86f9c194a1f82b4f185dcf562b66cc78a32c7	https://file0.52tesla.com/gigamini/tesla-wrap/examples/modely/cd2ada4d.jpg	2026-08-30T12:50:09Z	未声明，禁止公开再分发
skin	modely	小狗皮肤	assets/xiaote/raw/skins/modely/0509dd51.jpg	227907	e5bbcdaaf2f53b00a21e2281959489fbaa80cb29b43654479754d7ba9440a90f	https://file0.52tesla.com/gigamini/tesla-wrap/examples/modely/0509dd51.jpg	2026-08-30T12:50:09Z	未声明，禁止公开再分发
skin	modely	暗黑科技	assets/xiaote/raw/skins/modely/140abfa6.jpg	164161	12c0d7a06a5144c33117346e4d941853bdebff8e020589de0a6fd8c6c54fa52c	https://file0.52tesla.com/gigamini/tesla-wrap/examples/modely/140abfa6.jpg	2026-08-30T12:50:09Z	未声明，禁止公开再分发
skin	modely	土豆先生	assets/xiaote/raw/skins/modely/ca0634eb.jpg	209379	7862bfff446a40b1571206a83a93a7d9e2957a4d22dc0b159265f0c0c19f1877	https://file0.52tesla.com/gigamini/tesla-wrap/examples/modely/ca0634eb.jpg	2026-08-30T12:50:09Z	未声明，禁止公开再分发
skin	modely	阿森纳红白战袍	assets/xiaote/raw/skins/modely/9d48b14a.jpg	218774	fb774844619c1a87ffd7bf8653f616b7dd5207edd9c7fae6897b1f851b101b7d	https://file0.52tesla.com/gigamini/tesla-wrap/examples/modely/9d48b14a.jpg	2026-08-30T12:50:09Z	未声明，禁止公开再分发
skin	modely	阿森纳足球俱乐部主题皮肤	assets/xiaote/raw/skins/modely/5c4a35da.jpg	200491	8469063c9e7c229c9f3ed9fcef2463a1f79858ac5cf98f896f8dd6c074fd1662	https://file0.52tesla.com/gigamini/tesla-wrap/examples/modely/5c4a35da.jpg	2026-08-30T12:50:09Z	未声明，禁止公开再分发
skin	modely	赛博格矩阵	assets/xiaote/raw/skins/modely/958e0dcb.jpg	117539	5dae5e5d006f966a10032a7b912b7a96a405b928ea1abcfb5d667b66eee54aed	https://file0.52tesla.com/gigamini/tesla-wrap/examples/modely/958e0dcb.jpg	2026-08-30T12:50:09Z	未声明，禁止公开再分发
skin	modely	霓虹迷彩	assets/xiaote/raw/skins/modely/235bccaf.jpg	297830	7b7cdfa29cf990cf5426c1516eaa892c020bafa99887b2daa25bbb6c588804c5	https://file0.52tesla.com/gigamini/tesla-wrap/examples/modely/235bccaf.jpg	2026-08-30T12:50:09Z	未声明，禁止公开再分发
skin	modely	紫罗兰梦境	assets/xiaote/raw/skins/modely/5c2acc31.jpg	133448	84681b53332858264084da2d119252c55e713d1645ca3640a9303050e1a41750	https://file0.52tesla.com/gigamini/tesla-wrap/examples/modely/5c2acc31.jpg	2026-08-30T12:50:09Z	未声明，禁止公开再分发
skin	modely	范思哲黑金	assets/xiaote/raw/skins/modely/23293efa.jpg	151944	ab3aa55e71372e290bfe23cfb74aaf269f2b9e3eb492951f051a809ce13cf522	https://file0.52tesla.com/gigamini/tesla-wrap/examples/modely/23293efa.jpg	2026-08-30T12:50:09Z	未声明，禁止公开再分发
skin	modely	红豹纹	assets/xiaote/raw/skins/modely/b2b3dd5e.jpg	157693	ecd61eb3e216e3145553b16cac19f71cb4618afa48250fc908acebdab5128b2c	https://file0.52tesla.com/gigamini/tesla-wrap/examples/modely/b2b3dd5e.jpg	2026-08-30T12:50:09Z	未声明，禁止公开再分发
skin	modely	暗夜十字军	assets/xiaote/raw/skins/modely/93b9329a.jpg	99217	835d664420c6e294ad806cd1d3941669c918431f5135e99cc6e85cdc05811a39	https://file0.52tesla.com/gigamini/tesla-wrap/examples/modely/93b9329a.jpg	2026-08-30T12:50:09Z	未声明，禁止公开再分发
skin	modely	赛博迷彩	assets/xiaote/raw/skins/modely/a1fdda64.jpg	304043	ed435d21709cee07dfb3502c52d04188a41942250d8d1b6e64b1301a13fe79f0	https://file0.52tesla.com/gigamini/tesla-wrap/examples/modely/a1fdda64.jpg	2026-08-30T12:50:09Z	未声明，禁止公开再分发
skin	modely	红白赛车	assets/xiaote/raw/skins/modely/c5555f21.jpg	116949	573f680fd4e0ee115bb224dbb570d4e61a1cc723a2a1cbc108f1e89a9d9003bd	https://file0.52tesla.com/gigamini/tesla-wrap/examples/modely/c5555f21.jpg	2026-08-30T12:50:09Z	未声明，禁止公开再分发
skin	modely	锈迹斑斑的特斯拉	assets/xiaote/raw/skins/modely/01ef5805.jpg	304519	38b8a27a768210394174d26aa4439bd84d766128cfc0b04b07160666a1074db3	https://file0.52tesla.com/gigamini/tesla-wrap/examples/modely/01ef5805.jpg	2026-08-30T12:50:09Z	未声明，禁止公开再分发
skin	modely	赛博朋克红	assets/xiaote/raw/skins/modely/6d0ca3f0.jpg	115680	98d511202c211359d79d8059c7601e975d28e92d01b07329f498c6bb3cd929dc	https://file0.52tesla.com/gigamini/tesla-wrap/examples/modely/6d0ca3f0.jpg	2026-08-30T12:50:09Z	未声明，禁止公开再分发
skin	modely	特斯拉警车	assets/xiaote/raw/skins/modely/d1f99ac9.jpg	66912	7bc62700677d821fbf3a4dca45db29f8f3c6ff738258417cc1a806c05fbfa2fa	https://file0.52tesla.com/gigamini/tesla-wrap/examples/modely/d1f99ac9.jpg	2026-08-30T12:50:09Z	未声明，禁止公开再分发
skin	modely	红牛赛车	assets/xiaote/raw/skins/modely/9a04dd21.jpg	160516	f4101130573324eb43b9ca2fddd4c8788ff5c564c2a0c4c3e6e3a0fe5c83d281	https://file0.52tesla.com/gigamini/tesla-wrap/examples/modely/9a04dd21.jpg	2026-08-30T12:50:09Z	未声明，禁止公开再分发
skin	modely	藤原豆腐店	assets/xiaote/raw/skins/modely/0b1c3b50.jpg	340555	1eeb3b5604e73fe19494a1fe135dd66fd02c5fc5cfbcec80c49bab79386a6ac9	https://file0.52tesla.com/gigamini/tesla-wrap/examples/modely/0b1c3b50.jpg	2026-08-30T12:50:09Z	未声明，禁止公开再分发
skin	modely	美少女战士3	assets/xiaote/raw/skins/modely/19b74849.png	253752	eadaa651e285d6544f0f056de7ad18f5fd89072db9cb05af9c49c30e9cccd42b	https://file0.52tesla.com/gigamini/tesla-wrap/examples/modely/19b74849.png	2026-08-30T12:50:09Z	未声明，禁止公开再分发
skin	modely	美少女战士2	assets/xiaote/raw/skins/modely/fa75231b.png	214014	111242c763e1e6318897d547e035fe86788c320c6c8f0dc632f0a62aa2d5cdf0	https://file0.52tesla.com/gigamini/tesla-wrap/examples/modely/fa75231b.png	2026-08-30T12:50:09Z	未声明，禁止公开再分发
skin	modely	美少女战士1	assets/xiaote/raw/skins/modely/c3da1d0c.png	220129	18644f6c6dc877ed5aa328349a045d2e8d135ca44d01aa1ac0d528d42ad19ecf	https://file0.52tesla.com/gigamini/tesla-wrap/examples/modely/c3da1d0c.png	2026-08-30T12:50:09Z	未声明，禁止公开再分发
skin	modely	暗棕向日葵	assets/xiaote/raw/skins/modely/953b7c6c.jpg	234001	76cefccde1ad53bea5a22271ffa900865852c5f196935912591dd4de11051ffd	https://file0.52tesla.com/gigamini/tesla-wrap/examples/modely/953b7c6c.jpg	2026-08-30T12:50:09Z	未声明，禁止公开再分发
skin	modely	迷彩森林	assets/xiaote/raw/skins/modely/2a9edeb4.jpg	255118	cbc0afdcb01599746b5cf115af8c89ebf2c01ae1018dd71913fb6a967c7701f9	https://file0.52tesla.com/gigamini/tesla-wrap/examples/modely/2a9edeb4.jpg	2026-08-30T12:50:09Z	未声明，禁止公开再分发
skin	modely	皇马战车	assets/xiaote/raw/skins/modely/ee0162af.jpg	137882	88beb975706a32effa7ba9280931603afe8af98953acf2e837a2d4276a61ec11	https://file0.52tesla.com/gigamini/tesla-wrap/examples/modely/ee0162af.jpg	2026-08-30T12:50:09Z	未声明，禁止公开再分发
skin	modely	暗夜之花	assets/xiaote/raw/skins/modely/b6d52dcb.jpg	118095	9841d025866ceb178d3fae26f0634d993da6053b599afde1e5009287d4095a02	https://file0.52tesla.com/gigamini/tesla-wrap/examples/modely/b6d52dcb.jpg	2026-08-30T12:50:09Z	未声明，禁止公开再分发
skin	modely	暗夜迷踪	assets/xiaote/raw/skins/modely/cffd74a1.jpg	266771	0eb1f6987cf9b28ccb64c9b63bd5b211331a3d5a33156975bad07a39ef6cd3e4	https://file0.52tesla.com/gigamini/tesla-wrap/examples/modely/cffd74a1.jpg	2026-08-30T12:50:09Z	未声明，禁止公开再分发
skin	modely	迷彩风暴	assets/xiaote/raw/skins/modely/060cafd8.jpg	372165	96da46f7d7774b5949fbc5747ebeb6ed6c72a1fbcb6d9b2bfa59979a6f022151	https://file0.52tesla.com/gigamini/tesla-wrap/examples/modely/060cafd8.jpg	2026-08-30T12:50:09Z	未声明，禁止公开再分发
skin	modely	星际迷航	assets/xiaote/raw/skins/modely/a89a9e00.jpg	190616	d092b5d801fe67f11a315e0da7f4f4d12f670d619e9829f5e7c3c874aa320be6	https://file0.52tesla.com/gigamini/tesla-wrap/examples/modely/a89a9e00.jpg	2026-08-30T12:50:09Z	未声明，禁止公开再分发
skin	modely	暗夜十字军	assets/xiaote/raw/skins/modely/fb79eb5b.jpg	123958	075b92806c613949d59a249ab952e7496e7f536b56034e0c25c2e9bc78d9808e	https://file0.52tesla.com/gigamini/tesla-wrap/examples/modely/fb79eb5b.jpg	2026-08-30T12:50:09Z	未声明，禁止公开再分发
skin	modely	黑鹰战警	assets/xiaote/raw/skins/modely/7b00745f.jpg	208937	f81fb60cb852684872b33242e87e7a6b33747fbeadfaf23bf8261254f0ed5ce3	https://file0.52tesla.com/gigamini/tesla-wrap/examples/modely/7b00745f.jpg	2026-08-30T12:50:09Z	未声明，禁止公开再分发
skin	modely	钢铁侠装甲	assets/xiaote/raw/skins/modely/6bcc0aa4.jpg	114164	43463ac4d02c6532701a07db2caef8b45d2a45757c4e11450c683fe868d3296a	https://file0.52tesla.com/gigamini/tesla-wrap/examples/modely/6bcc0aa4.jpg	2026-08-30T12:50:09Z	未声明，禁止公开再分发
skin	modely	小熊饼干	assets/xiaote/raw/skins/modely/39a0b26a.jpg	382001	e0ed4f8334695a002612b7b4d717772dabc1df1e2917804b839b1f3abd484215	https://file0.52tesla.com/gigamini/tesla-wrap/examples/modely/39a0b26a.jpg	2026-08-30T12:50:09Z	未声明，禁止公开再分发
skin	modely	惩罚者骷髅	assets/xiaote/raw/skins/modely/40418533.jpg	74210	5faf2b3d0e7fcc5ce261560ecf3040a11c29ae1b5386a6962d76ee43a2d6d049	https://file0.52tesla.com/gigamini/tesla-wrap/examples/modely/40418533.jpg	2026-08-30T12:50:09Z	未声明，禁止公开再分发
skin	modely	赛博朋克未来主义	assets/xiaote/raw/skins/modely/7b77d18c.jpg	135289	2f43d77d4645b289d4969b409a883892f8e310fcc2d1516c5c26a9fe81c6e665	https://file0.52tesla.com/gigamini/tesla-wrap/examples/modely/7b77d18c.jpg	2026-08-30T12:50:09Z	未声明，禁止公开再分发
skin	modely	彩虹向日葵	assets/xiaote/raw/skins/modely/34ffa036.jpg	216036	79e47e292202af56ae0aef8844db30b4e8436d2d4a625056519a2bb5d6eb0f73	https://file0.52tesla.com/gigamini/tesla-wrap/examples/modely/34ffa036.jpg	2026-08-30T12:50:09Z	未声明，禁止公开再分发
skin	modely	LV黑金	assets/xiaote/raw/skins/modely/7ed1ba38.jpg	114101	50eb7e9f9520d0b22c38f2d9d9f321473bd38e6d6151d32d4d903647db6e5786	https://file0.52tesla.com/gigamini/tesla-wrap/examples/modely/7ed1ba38.jpg	2026-08-30T12:50:09Z	未声明，禁止公开再分发
skin	modely	LV黑金	assets/xiaote/raw/skins/modely/c01e8c11.jpg	236194	3ee6ddb5181b0699b9e92d269dcceae784fcf5aeb11b92ee06716bb51afb4ffb	https://file0.52tesla.com/gigamini/tesla-wrap/examples/modely/c01e8c11.jpg	2026-08-30T12:50:09Z	未声明，禁止公开再分发
skin	modely	LV黑金	assets/xiaote/raw/skins/modely/68de99c7.jpg	248300	9efc72db35d09d80a79dd67bb04db90222b6edee3b64e5cb5cf0efd26f29687e	https://file0.52tesla.com/gigamini/tesla-wrap/examples/modely/68de99c7.jpg	2026-08-30T12:50:09Z	未声明，禁止公开再分发
skin	modely	粉红玫瑰简约风	assets/xiaote/raw/skins/modely/34b69500.jpg	114578	1af8b3b4cf66460648def2509520f6169db3d26ae60f7771f79fb7f0f38c5836	https://file0.52tesla.com/gigamini/tesla-wrap/examples/modely/34b69500.jpg	2026-08-30T12:50:09Z	未声明，禁止公开再分发
skin	modely	赛博朋克红	assets/xiaote/raw/skins/modely/df019d5d.jpg	272135	89759fb6af02467b63c54ede3f6097eea325a21dc01efe1bdeb2f5467d1e1d4b	https://file0.52tesla.com/gigamini/tesla-wrap/examples/modely/df019d5d.jpg	2026-08-30T12:50:09Z	未声明，禁止公开再分发
skin	modely	龙鳞绿焰	assets/xiaote/raw/skins/modely/09108042.jpg	342223	b89486a9962fdfbc378a6c0e19e4c7da3f566575b9f6d56ed33cbbc2c50c5b96	https://file0.52tesla.com/gigamini/tesla-wrap/examples/modely/09108042.jpg	2026-08-30T12:50:09Z	未声明，禁止公开再分发
skin	modely	赛博朋克未来主义	assets/xiaote/raw/skins/modely/d132032d.jpg	465749	ee7d28fbc2501df37ccd4b13f81c80a8aaa5517c0c3129ff6e29be6171eed9eb	https://file0.52tesla.com/gigamini/tesla-wrap/examples/modely/d132032d.jpg	2026-08-30T12:50:09Z	未声明，禁止公开再分发
skin	modely	龙焰风暴	assets/xiaote/raw/skins/modely/0335d3ea.jpg	355669	0b0b31464684fb7340f05b080f06b38b6c1ec8c07eecb3d9504de17d649a3136	https://file0.52tesla.com/gigamini/tesla-wrap/examples/modely/0335d3ea.jpg	2026-08-30T12:50:09Z	未声明，禁止公开再分发
skin	modely	刺猬索尼克	assets/xiaote/raw/skins/modely/60e4279b.jpg	251967	4b8c6bf7eea6d4e303cc88bca7208e860262c05342094fa6f421922eb2249cae	https://file0.52tesla.com/gigamini/tesla-wrap/examples/modely/60e4279b.jpg	2026-08-30T12:50:09Z	未声明，禁止公开再分发
skin	modely	LV经典款	assets/xiaote/raw/skins/modely/c6a73f11.jpg	232041	4a4ab94e60737ba825a5deae530cf71881eb3fb900021a7aebfc89bd47fb2927	https://file0.52tesla.com/gigamini/tesla-wrap/examples/modely/c6a73f11.jpg	2026-08-30T12:50:09Z	未声明，禁止公开再分发
skin	modely	皮卡丘与伊布	assets/xiaote/raw/skins/modely/7430a31d.jpg	159458	c46336a1b6280685486837a81c36a3b6ab768a4671307f58d9595a98a7cc694d	https://file0.52tesla.com/gigamini/tesla-wrap/examples/modely/7430a31d.jpg	2026-08-30T12:50:09Z	未声明，禁止公开再分发
skin	modely	粉色猫爪爱心鱼骨	assets/xiaote/raw/skins/modely/6c3d16bd.jpg	258441	3cb6d288560ce231b51295226dc76a55f398a84986c9353c66d8ce8ebbcc3aa2	https://file0.52tesla.com/gigamini/tesla-wrap/examples/modely/6c3d16bd.jpg	2026-08-30T12:50:09Z	未声明，禁止公开再分发
skin	modely	Bunta	assets/xiaote/raw/skins/modely/aab2aefa.jpg	111697	fb827643e8864e57f3744d1f8ef1bfff3fb8c30aa92bd235e8789c4c35e64a94	https://file0.52tesla.com/gigamini/tesla-wrap/examples/modely/aab2aefa.jpg	2026-08-30T12:50:09Z	未声明，禁止公开再分发
skin	modely	赛博朋克网格	assets/xiaote/raw/skins/modely/7358caf3.jpg	275860	608ce439969a1f07b2549b294982e47827a23f3bdc528f57e409ca8ea80ca679	https://file0.52tesla.com/gigamini/tesla-wrap/examples/modely/7358caf3.jpg	2026-08-30T12:50:09Z	未声明，禁止公开再分发
skin	modely	Marlboro	assets/xiaote/raw/skins/modely/d42b637a.jpg	148154	b036e65cd0b4a2cf4469f18bd85c6e2c56edc9c0e2737180f7144b70dc31c943	https://file0.52tesla.com/gigamini/tesla-wrap/examples/modely/d42b637a.jpg	2026-08-30T12:50:09Z	未声明，禁止公开再分发
skin	modely	赛车传奇	assets/xiaote/raw/skins/modely/022b2b6f.jpg	125597	32830478a91034aea2ae3def6496fa91addca2d11bce673ea4a91d9a5828c078	https://file0.52tesla.com/gigamini/tesla-wrap/examples/modely/022b2b6f.jpg	2026-08-30T12:50:09Z	未声明，禁止公开再分发
skin	modely	星际迷航	assets/xiaote/raw/skins/modely/1482f8a5.jpg	172262	87127646bd4a76d3339cf862387103926a5782e133593f58f7d83c4d0d185bfc	https://file0.52tesla.com/gigamini/tesla-wrap/examples/modely/1482f8a5.jpg	2026-08-30T12:50:09Z	未声明，禁止公开再分发
skin	modely	钢铁侠装甲	assets/xiaote/raw/skins/modely/d0833de0.jpg	303600	d7e7e099f47ac5e4d74110863933d809bff0a98ee2959fbbbc5481dcd8baef21	https://file0.52tesla.com/gigamini/tesla-wrap/examples/modely/d0833de0.jpg	2026-08-30T12:50:09Z	未声明，禁止公开再分发
skin	modely	Red-Bull F1	assets/xiaote/raw/skins/modely/3e2cc4be.jpg	269982	a8b17d7e53039bb6c014911877dfa571ceb8c1cdef330ed8a9a5074d16e4a2a9	https://file0.52tesla.com/gigamini/tesla-wrap/examples/modely/3e2cc4be.jpg	2026-08-30T12:50:09Z	未声明，禁止公开再分发
skin	modely	NYPD	assets/xiaote/raw/skins/modely/8dcf2546.jpg	228466	2cab59a969d9ea7ddaf0a85329411d1c2642e1751af79b52f4bf1886285d7486	https://file0.52tesla.com/gigamini/tesla-wrap/examples/modely/8dcf2546.jpg	2026-08-30T12:50:09Z	未声明，禁止公开再分发
skin	modely	McQueen	assets/xiaote/raw/skins/modely/d53993f7.jpg	292720	703696bf1c278d3382b14041bc4d2b531abb9f9d76fbab3c3a9e0ccbb053b7f4	https://file0.52tesla.com/gigamini/tesla-wrap/examples/modely/d53993f7.jpg	2026-08-30T12:50:09Z	未声明，禁止公开再分发
skin	modely	Lego	assets/xiaote/raw/skins/modely/9d6fbd3e.jpg	278365	5cb50214c3d1fecfd372c4b0040f0c440f9a6519578a8e94a129438354f4612b	https://file0.52tesla.com/gigamini/tesla-wrap/examples/modely/9d6fbd3e.jpg	2026-08-30T12:50:09Z	未声明，禁止公开再分发
skin	modely	秋名山	assets/xiaote/raw/skins/modely/1c3f1d16.png	872052	d77be8f147a10f03c2f3737474b75cfc999d51589dce526cc7bfede65bf2f992	https://file0.52tesla.com/gigamini/tesla-wrap/examples/modely/1c3f1d16.png	2026-08-30T12:50:09Z	未声明，禁止公开再分发
skin	modely	麦麦	assets/xiaote/raw/skins/modely/ab1ce611.png	1075966	c17be262f98703db5283bdea56f77e6c388389196a73063ae31da6ffda210ca2	https://file0.52tesla.com/gigamini/tesla-wrap/examples/modely/ab1ce611.png	2026-08-30T12:50:09Z	未声明，禁止公开再分发
skin	modely	为了部落	assets/xiaote/raw/skins/modely/6b996504.png	1272612	da6502a9bdc00930a2d4f9998a593611f6c40d0e62c18adc6bec39729d2b6079	https://file0.52tesla.com/gigamini/tesla-wrap/examples/modely/6b996504.png	2026-08-30T12:50:09Z	未声明，禁止公开再分发
skin	modely	赛罗奥特曼	assets/xiaote/raw/skins/modely/e6aed36c.png	1163883	d16cd9fa4574577ca5ad8d1af8616b57a1a1697c7b661ccb4a83cbdccffa8dcb	https://file0.52tesla.com/gigamini/tesla-wrap/examples/modely/e6aed36c.png	2026-08-30T12:50:09Z	未声明，禁止公开再分发
skin	modely	魔兽世界联盟	assets/xiaote/raw/skins/modely/de558893.png	1260240	3465c33edecd8b2708668e89537595bc650977898a55e1ffeb85acfbc454ab1f	https://file0.52tesla.com/gigamini/tesla-wrap/examples/modely/de558893.png	2026-08-30T12:50:09Z	未声明，禁止公开再分发
skin	modely	冰雪奇缘	assets/xiaote/raw/skins/modely/a5a456fa.png	1477174	f42c57fcc4e6b5d8bbb854dbe9366e4c7b7b56a84a201f835302c0124e1413ed	https://file0.52tesla.com/gigamini/tesla-wrap/examples/modely/a5a456fa.png	2026-08-30T12:50:09Z	未声明，禁止公开再分发
skin	modely	我的世界	assets/xiaote/raw/skins/modely/eb71f0b6.png	1323222	fa4336aa254ec57779758863c89cd6762f1c1ad774e14904b3c589710f5f874d	https://file0.52tesla.com/gigamini/tesla-wrap/examples/modely/eb71f0b6.png	2026-08-30T12:50:09Z	未声明，禁止公开再分发
skin	modely	海贼王2	assets/xiaote/raw/skins/modely/f35f7d34.png	1404996	29eaeceae0ceaafe36fce97480b8eda1627ac2331fa97e33d37a9f1b36c574e2	https://file0.52tesla.com/gigamini/tesla-wrap/examples/modely/f35f7d34.png	2026-08-30T12:50:09Z	未声明，禁止公开再分发
skin	modely	海贼王1	assets/xiaote/raw/skins/modely/0d90967c.png	1364526	fba84e8219c79694d1d2f2ea446b0112cc4040a19b66c98cecefec9df72b885f	https://file0.52tesla.com/gigamini/tesla-wrap/examples/modely/0d90967c.png	2026-08-30T12:50:09Z	未声明，禁止公开再分发
skin	modely	疯狂动物城	assets/xiaote/raw/skins/modely/92b79673.png	1436299	fb635601ed0496e5ee8b5c706d24427e2e711918ec9ed0b9de048cf43d4d3783	https://file0.52tesla.com/gigamini/tesla-wrap/examples/modely/92b79673.png	2026-08-30T12:50:09Z	未声明，禁止公开再分发
skin	modely	复仇者联盟	assets/xiaote/raw/skins/modely/15efabdb.png	1414406	7f67a59b5fbb0df30887af0b745503c016515645af1b53f589ba5aa523db4d58	https://file0.52tesla.com/gigamini/tesla-wrap/examples/modely/15efabdb.png	2026-08-30T12:50:09Z	未声明，禁止公开再分发
skin	modely	Labubu	assets/xiaote/raw/skins/modely/3b785252.png	1172915	55860510da9e1643ddbcf29bc778f656bce5b51abf16ac0f979e5530f5206203	https://file0.52tesla.com/gigamini/tesla-wrap/examples/modely/3b785252.png	2026-08-30T12:50:09Z	未声明，禁止公开再分发
skin	modely	蜡笔小新	assets/xiaote/raw/skins/modely/95e4c033.png	1328759	7391557a78408cc2b49cbc52f611cfddc5197026ba723676aea77c026f76e7d8	https://file0.52tesla.com/gigamini/tesla-wrap/examples/modely/95e4c033.png	2026-08-30T12:50:09Z	未声明，禁止公开再分发
skin	modely	麦当劳	assets/xiaote/raw/skins/modely/8a449dc7.png	991357	ae9915f47958470f5d88fba9f0947f6fd87018cc15e4cf00a06bcd3970e2fefa	https://file0.52tesla.com/gigamini/tesla-wrap/examples/modely/8a449dc7.png	2026-08-30T12:50:09Z	未声明，禁止公开再分发
skin	modely	肯德基	assets/xiaote/raw/skins/modely/f1b702bb.png	1074409	14ec951ce70dd6f6382449cbea177603cbe67a2e48c97663aa58ea643e841b63	https://file0.52tesla.com/gigamini/tesla-wrap/examples/modely/f1b702bb.png	2026-08-30T12:50:09Z	未声明，禁止公开再分发
skin	modely	哆啦A梦	assets/xiaote/raw/skins/modely/c7cb4611.png	1155733	2283e6f43ea2312f49270d3704e0967f6ff6ae2f37f9a8956a0a94a1b27779f9	https://file0.52tesla.com/gigamini/tesla-wrap/examples/modely/c7cb4611.png	2026-08-30T12:50:09Z	未声明，禁止公开再分发
skin	modely	赛罗奥特曼	assets/xiaote/raw/skins/modely/cfa9da59.png	1157199	bcc077d523a727fe96a6d8fa54389b1ba631523e292e3c898db95e013fb0ebf7	https://file0.52tesla.com/gigamini/tesla-wrap/examples/modely/cfa9da59.png	2026-08-30T12:50:09Z	未声明，禁止公开再分发
skin	modely	头文字D	assets/xiaote/raw/skins/modely/fe7630de.png	691795	0e31201c88077fe0bf7d230531652ac0d0d4533c367de90bbc8e18ebb81e3557	https://file0.52tesla.com/gigamini/tesla-wrap/examples/modely/fe7630de.png	2026-08-30T12:50:09Z	未声明，禁止公开再分发
skin	modely	红牛车队	assets/xiaote/raw/skins/modely/7791470b.png	797505	82bb73fd2acafbb775fce0ba558d51513e1f401dd71da1637f936abb12c4d630	https://file0.52tesla.com/gigamini/tesla-wrap/examples/modely/7791470b.png	2026-08-30T12:50:09Z	未声明，禁止公开再分发
skin	modely	魔兽世界亡灵	assets/xiaote/raw/skins/modely/71138f4b.png	989080	f26e54f83479ce16080a4c77c5bda12baa5475563aac094b773c7b68a1949e3f	https://file0.52tesla.com/gigamini/tesla-wrap/examples/modely/71138f4b.png	2026-08-30T12:50:09Z	未声明，禁止公开再分发
skin	modely	火影忍者	assets/xiaote/raw/skins/modely/af8a4bd4.png	884231	fc229331e1376afe181c369bbf4c2a3c0f8c4eeb993b3391c215febeb6925443	https://file0.52tesla.com/gigamini/tesla-wrap/examples/modely/af8a4bd4.png	2026-08-30T12:50:09Z	未声明，禁止公开再分发
skin	modely	赛博朋克风格皮肤	assets/xiaote/raw/skins/modely/bf500188.png	592846	a33ff947c9dc9d8a2f6a891a38f84acd6e101a52e3d8c3a20313aaeb33cb072e	https://file0.52tesla.com/gigamini/tesla-wrap/examples/modely/bf500188.png	2026-08-30T12:50:09Z	未声明，禁止公开再分发
skin	modely	警车主题皮肤	assets/xiaote/raw/skins/modely/ce9abe6d.png	385028	1af4a3dc1199903bdba815a22d7547827a83f18e30e99777928c54eb1ac0daea	https://file0.52tesla.com/gigamini/tesla-wrap/examples/modely/ce9abe6d.png	2026-08-30T12:50:09Z	未声明，禁止公开再分发
skin	modely	超人	assets/xiaote/raw/skins/modely/62f8f926.png	1066912	2278e998583d9a309369845c9581535c39532e19ddabb0dcc9d0ca49572af872	https://file0.52tesla.com/gigamini/tesla-wrap/examples/modely/62f8f926.png	2026-08-30T12:50:09Z	未声明，禁止公开再分发
skin	modely	Dark Galatasaray主题皮肤	assets/xiaote/raw/skins/modely/03b8f9f8.png	1229516	f7fcbb8c8ae1fd704e37ef3c0971f0f6fbd23ea1f5d587d19b5086a959945b35	https://file0.52tesla.com/gigamini/tesla-wrap/examples/modely/03b8f9f8.png	2026-08-30T12:50:09Z	未声明，禁止公开再分发
skin	modely	1. Fc. Kaiserslautern主题皮肤	assets/xiaote/raw/skins/modely/2e1b4448.png	1042971	9be4c738f1f35f938b81a2b99d9bb4b94049ffa848fbc3e10ed65e6c288ca500	https://file0.52tesla.com/gigamini/tesla-wrap/examples/modely/2e1b4448.png	2026-08-30T12:50:09Z	未声明，禁止公开再分发
skin	modely	Galatasaray Coccer team主题皮肤	assets/xiaote/raw/skins/modely/05aaa432.png	1033773	5fec1d614afc5faeea47ce8c6bda63c200b92e29dc94256f806a979db6b98137	https://file0.52tesla.com/gigamini/tesla-wrap/examples/modely/05aaa432.png	2026-08-30T12:50:09Z	未声明，禁止公开再分发
skin	modely	indianapolis colts主题皮肤	assets/xiaote/raw/skins/modely/16bbf56a.png	1162963	151e19d4791ff152b23022913f1b60c78b56a95d115ebbb361218931ec461758	https://file0.52tesla.com/gigamini/tesla-wrap/examples/modely/16bbf56a.png	2026-08-30T12:50:09Z	未声明，禁止公开再分发
skin	modely	钢铁侠	assets/xiaote/raw/skins/modely/e6b9a9d7.png	557939	40e2cf912f25f413b487b29d41293daef0d530e1d2e3da58c864406978f3a8f7	https://file0.52tesla.com/gigamini/tesla-wrap/examples/modely/e6b9a9d7.png	2026-08-30T12:50:09Z	未声明，禁止公开再分发
skin	modely	赛车主题皮肤	assets/xiaote/raw/skins/modely/2f60b569.png	1280337	852ce8d1065aafb43f399e1d510a5d569c235f3651a9e7278856165c259245fa	https://file0.52tesla.com/gigamini/tesla-wrap/examples/modely/2f60b569.png	2026-08-30T12:50:09Z	未声明，禁止公开再分发
skin	modely	Svenska polisen主题皮肤	assets/xiaote/raw/skins/modely/99ee0ec4.png	876774	2593bc53c8c12bd140081e9dbb853674d52370c4c6a736c9a706117e7bc76418	https://file0.52tesla.com/gigamini/tesla-wrap/examples/modely/99ee0ec4.png	2026-08-30T12:50:09Z	未声明，禁止公开再分发
skin	modely	FC Inter主题皮肤	assets/xiaote/raw/skins/modely/8221fefd.png	943997	d08a75f62686e99850258163078e796bbf89e89fd4fc9208801d9658a72f7d46	https://file0.52tesla.com/gigamini/tesla-wrap/examples/modely/8221fefd.png	2026-08-30T12:50:09Z	未声明，禁止公开再分发
skin	modely	星之卡比设计主题皮肤	assets/xiaote/raw/skins/modely/e42a69ad.png	1158688	f638d086c9eb604090bd10e86ce4cdc2482314df948d4dbaa4b86402ae8f3e91	https://file0.52tesla.com/gigamini/tesla-wrap/examples/modely/e42a69ad.png	2026-08-30T12:50:09Z	未声明，禁止公开再分发
skin	modely	星之卡比	assets/xiaote/raw/skins/modely/e5143609.png	1178071	8e2b3079dd58afe5d192abab8056fdbbae0afbf9c00885c2445346ed011d9bb0	https://file0.52tesla.com/gigamini/tesla-wrap/examples/modely/e5143609.png	2026-08-30T12:50:09Z	未声明，禁止公开再分发
skin	modely	Barcelona and Messi巴塞罗那和梅西	assets/xiaote/raw/skins/modely/98159c22.png	557071	510b2e6e1f924cb052277d28c6bd1883a66a181c495e1303102f93c9b4b6dae8	https://file0.52tesla.com/gigamini/tesla-wrap/examples/modely/98159c22.png	2026-08-30T12:50:09Z	未声明，禁止公开再分发
skin	modely	FC Inter国际米兰	assets/xiaote/raw/skins/modely/9b29e6db.png	696780	b05aae7af44c3a9e2b6a8d733a38a7e896b689e44b0a512444aee8437a6b486a	https://file0.52tesla.com/gigamini/tesla-wrap/examples/modely/9b29e6db.png	2026-08-30T12:50:09Z	未声明，禁止公开再分发
skin	modely	FC Inter football国际米兰	assets/xiaote/raw/skins/modely/e8d45b12.png	952940	339b21ff690d1ff802ba28db1e550340cfe463b2a725c190e9e54b4f98197c27	https://file0.52tesla.com/gigamini/tesla-wrap/examples/modely/e8d45b12.png	2026-08-30T12:50:09Z	未声明，禁止公开再分发
skin	modely	Model Y Design	assets/xiaote/raw/skins/modely/e3a9d149.png	1018559	e15b2f1447f091958195ae6d885b8ca4a984bcfce02621891a53b95a4ce0b53f	https://file0.52tesla.com/gigamini/tesla-wrap/examples/modely/e3a9d149.png	2026-08-30T12:50:09Z	未声明，禁止公开再分发
skin	modely	法拉利	assets/xiaote/raw/skins/modely/2505a8a8.png	1046596	78d95c0ec7de023db4b5024a290fb769ff182b2dd56f58240f3d248755463d66	https://file0.52tesla.com/gigamini/tesla-wrap/examples/modely/2505a8a8.png	2026-08-30T12:50:09Z	未声明，禁止公开再分发
skin	modely	法拉利壳牌	assets/xiaote/raw/skins/modely/b4754390.png	1003885	86cad89dfa4eb2fea4e0208f9b4842c6c2a1141500ab1f1eafae8a474ae908ad	https://file0.52tesla.com/gigamini/tesla-wrap/examples/modely/b4754390.png	2026-08-30T12:50:09Z	未声明，禁止公开再分发
skin	modely	stealth mode coolest主题皮肤	assets/xiaote/raw/skins/modely/9a1d8ac0.png	1362236	a70518c954425984fb3fe843a1973005879d39d1b810510fd12a8704866b21e1	https://file0.52tesla.com/gigamini/tesla-wrap/examples/modely/9a1d8ac0.png	2026-08-30T12:50:09Z	未声明，禁止公开再分发
skin	modely	attacking lion狮子	assets/xiaote/raw/skins/modely/a4e0f6be.png	1348641	2cc20fa861a8071b04f46edc6aff469e260d0e289c769039cba939c2be192967	https://file0.52tesla.com/gigamini/tesla-wrap/examples/modely/a4e0f6be.png	2026-08-30T12:50:09Z	未声明，禁止公开再分发
skin	modely	绿色标志主题皮肤	assets/xiaote/raw/skins/modely/f34a8288.png	1012587	7fce57f5a6526b25e7ee06c4f17be5fb4cf2698c79407917b06159c691720acf	https://file0.52tesla.com/gigamini/tesla-wrap/examples/modely/f34a8288.png	2026-08-30T12:50:09Z	未声明，禁止公开再分发
skin	modely	消防车主题皮肤	assets/xiaote/raw/skins/modely/bb979ee3.png	505882	aa7302227ec961db950a687af253188651cb9595bb9eb93ca77fe41b5c092c5d	https://file0.52tesla.com/gigamini/tesla-wrap/examples/modely/bb979ee3.png	2026-08-30T12:50:09Z	未声明，禁止公开再分发
skin	modely	圣诞节	assets/xiaote/raw/skins/modely/7c51e6f1.png	1173043	c000dafdc6465f701a4b6095e11565bb620b8eff24bf2a9a6c92029b471c17bd	https://file0.52tesla.com/gigamini/tesla-wrap/examples/modely/7c51e6f1.png	2026-08-30T12:50:09Z	未声明，禁止公开再分发
skin	modely	ajax amsterdam主题皮肤	assets/xiaote/raw/skins/modely/7c7a7966.png	877190	d0ba8ef9e143afc06c5151057efb1ebf39a8ab40a337ae1664a83017a506565a	https://file0.52tesla.com/gigamini/tesla-wrap/examples/modely/7c7a7966.png	2026-08-30T12:50:09Z	未声明，禁止公开再分发
skin	modely	I want to主题皮肤	assets/xiaote/raw/skins/modely/7778507d.png	1135072	f6dbe9139bab6a3f6dc9c99fcaa2432a0d933b1f13b2cd91e627462eb99710f3	https://file0.52tesla.com/gigamini/tesla-wrap/examples/modely/7778507d.png	2026-08-30T12:50:09Z	未声明，禁止公开再分发
skin	modely	리그오브레전드 펭귄主题皮肤	assets/xiaote/raw/skins/modely/8593efb6.png	1171267	c87baecf712790f88f5d66b7e4192effe40e1d01936b6bfdc5482349d13ecdd7	https://file0.52tesla.com/gigamini/tesla-wrap/examples/modely/8593efb6.png	2026-08-30T12:50:09Z	未声明，禁止公开再分发
skin	modely	괴수8호主题皮肤	assets/xiaote/raw/skins/modely/16781ba0.png	1173683	da63c0067ac8c4861ddbae0d050951474027a03106575887d6a9c233b5288fd8	https://file0.52tesla.com/gigamini/tesla-wrap/examples/modely/16781ba0.png	2026-08-30T12:50:09Z	未声明，禁止公开再分发
skin	modely	设计主题皮肤	assets/xiaote/raw/skins/modely/b612cce0.png	924213	87489d8bb552b7b38907e6870b51fabe07200725947ae6e774ed3f40ae340534	https://file0.52tesla.com/gigamini/tesla-wrap/examples/modely/b612cce0.png	2026-08-30T12:50:09Z	未声明，禁止公开再分发
skin	modely	IF Metall主题皮肤	assets/xiaote/raw/skins/modely/cb0bd32c.png	1319863	7756e443b08564748252f5bb6348e14dea3f7551c93df12630bfcee2025ac6e9	https://file0.52tesla.com/gigamini/tesla-wrap/examples/modely/cb0bd32c.png	2026-08-30T12:50:09Z	未声明，禁止公开再分发
skin	modely	Olaf from frozen冰雪奇缘	assets/xiaote/raw/skins/modely/4250f7cd.png	883019	0dde80039d4f56bc82ab76740f8676faf0ac2bf9d9c51b8606007d45c8949fe1	https://file0.52tesla.com/gigamini/tesla-wrap/examples/modely/4250f7cd.png	2026-08-30T12:50:09Z	未声明，禁止公开再分发
skin	modely	佛罗里达鳄鱼主题皮肤	assets/xiaote/raw/skins/modely/67697d24.png	1220651	e295750989f82582316a6f82c99784eb2bb7afa745eb753518f29764ceb3add5	https://file0.52tesla.com/gigamini/tesla-wrap/examples/modely/67697d24.png	2026-08-30T12:50:09Z	未声明，禁止公开再分发
skin	modely	Aviation主题皮肤	assets/xiaote/raw/skins/modely/e1154196.png	505192	b47cda86d210c41a8b073849085c3afdc50e1445bf5573956e94cddb9d7368ca	https://file0.52tesla.com/gigamini/tesla-wrap/examples/modely/e1154196.png	2026-08-30T12:50:09Z	未声明，禁止公开再分发
skin	modely	Swedish Ambulance	assets/xiaote/raw/skins/modely/583b123f.png	763682	2590bb278214777c49d94ee39bcd4dd08bab096d9c23c70d643ebf1eb0dcf95a	https://file0.52tesla.com/gigamini/tesla-wrap/examples/modely/583b123f.png	2026-08-30T12:50:09Z	未声明，禁止公开再分发
skin	modely	救护车主题皮肤	assets/xiaote/raw/skins/modely/d3b0240f.png	966873	54fc1409a4c1eb78a2a2710b15ada80cb89f958ce249afa34bb44530c0cff286	https://file0.52tesla.com/gigamini/tesla-wrap/examples/modely/d3b0240f.png	2026-08-30T12:50:09Z	未声明，禁止公开再分发
skin	modely	Swedish Police	assets/xiaote/raw/skins/modely/6ad858f5.png	663068	8012ce7c6da7ebee28cd7b27a8fbd3aaf894ec7fb95510793a666fddd05f94b8	https://file0.52tesla.com/gigamini/tesla-wrap/examples/modely/6ad858f5.png	2026-08-30T12:50:09Z	未声明，禁止公开再分发
skin	modely	The last of us最后的生还者	assets/xiaote/raw/skins/modely/45ffb2e4.png	1494114	a77a0cefbc25e791fe4621ce50841efcae71a930588e1f7a0ddbb97586754675	https://file0.52tesla.com/gigamini/tesla-wrap/examples/modely/45ffb2e4.png	2026-08-30T12:50:09Z	未声明，禁止公开再分发
skin	modely	灌篮高手主题皮肤	assets/xiaote/raw/skins/modely/132ed62d.png	1373204	794e3532615883ab655d5636bbb79b1d75b77de7009fd56b1679f451d524de38	https://file0.52tesla.com/gigamini/tesla-wrap/examples/modely/132ed62d.png	2026-08-30T12:50:09Z	未声明，禁止公开再分发
skin	modely	Spider-Man蜘蛛侠	assets/xiaote/raw/skins/modely/06c5cd4e.png	984684	78a9612f414092946418c683e0784bc3315f3043d39dcff3633d424235afc4d2	https://file0.52tesla.com/gigamini/tesla-wrap/examples/modely/06c5cd4e.png	2026-08-30T12:50:09Z	未声明，禁止公开再分发
skin	modely	impact of gun主题皮肤	assets/xiaote/raw/skins/modely/a913ee06.png	1036825	de5d976674744130bb5c7b681119a32dfc907eda0fc4f8b10be160f09de7b813	https://file0.52tesla.com/gigamini/tesla-wrap/examples/modely/a913ee06.png	2026-08-30T12:50:09Z	未声明，禁止公开再分发
skin	modely	Spiderman蜘蛛侠	assets/xiaote/raw/skins/modely/54ead69d.png	1172702	16417fe887ee6d1f8521b4ea042a3ddbe6f4a89aad71ec57cc1cc6162d0a3a8c	https://file0.52tesla.com/gigamini/tesla-wrap/examples/modely/54ead69d.png	2026-08-30T12:50:09Z	未声明，禁止公开再分发
skin	modely	포치타主题皮肤	assets/xiaote/raw/skins/modely/c64e013e.png	978504	b5061faf5614c43392b95c9e01d3362625685d08ae485af076799fcc12bbe2d8	https://file0.52tesla.com/gigamini/tesla-wrap/examples/modely/c64e013e.png	2026-08-30T12:50:09Z	未声明，禁止公开再分发
skin	modely	Space X. Simple主题皮肤	assets/xiaote/raw/skins/modely/2901818e.png	1029117	ce7b9f06d3e8bec49c0cc11ebe9d84ed4f7ca6e14d8c9e1bbd652a4f753126b0	https://file0.52tesla.com/gigamini/tesla-wrap/examples/modely/2901818e.png	2026-08-30T12:50:09Z	未声明，禁止公开再分发
skin	modely	红色黄色图案主题皮肤	assets/xiaote/raw/skins/modely/f3d1236c.png	1002691	951fc4b9771774bb3ad80aa043797db7550809016df29d0aea4cac435f7ec3d3	https://file0.52tesla.com/gigamini/tesla-wrap/examples/modely/f3d1236c.png	2026-08-30T12:50:09Z	未声明，禁止公开再分发
skin	modely	Stranger things upside主题皮肤	assets/xiaote/raw/skins/modely/52affc53.png	1289815	d611275db0a9bfe699bfcaea5114e993b77df61b74eb25ec6d47da766fa487d1	https://file0.52tesla.com/gigamini/tesla-wrap/examples/modely/52affc53.png	2026-08-30T12:50:09Z	未声明，禁止公开再分发
skin	modely	队概念主题皮肤	assets/xiaote/raw/skins/modely/1d466648.png	518777	801b038fe5ca9765b6498a5939d0d1bca92be422884e126f53f84ef804c60b8f	https://file0.52tesla.com/gigamini/tesla-wrap/examples/modely/1d466648.png	2026-08-30T12:50:09Z	未声明，禁止公开再分发
skin	modely	Stranger Things	assets/xiaote/raw/skins/modely/4e5abd8a.png	1006796	7b0797ee2257ecc26ceef75ac11cb9b644144fec926a4fa5c5037a335f363db1	https://file0.52tesla.com/gigamini/tesla-wrap/examples/modely/4e5abd8a.png	2026-08-30T12:50:09Z	未声明，禁止公开再分发
skin	modely	概念主题皮肤	assets/xiaote/raw/skins/modely/72ba6dfe.png	628346	4561e76169c8bd4f5e411a969260476d2768865a1b18fd1f65c7f9b1dbc0a4c6	https://file0.52tesla.com/gigamini/tesla-wrap/examples/modely/72ba6dfe.png	2026-08-30T12:50:09Z	未声明，禁止公开再分发
skin	modely	Sidney CrosbyNHL主题皮肤	assets/xiaote/raw/skins/modely/f3b06fe0.png	575040	3f06a0228c81b817c871323a41278e9e6ce99278e79770e98f8918d7095cd42e	https://file0.52tesla.com/gigamini/tesla-wrap/examples/modely/f3b06fe0.png	2026-08-30T12:50:09Z	未声明，禁止公开再分发
skin	modely	The last of主题皮肤	assets/xiaote/raw/skins/modely/86d0244a.png	1468277	7c453db6a00e35d6e3f80372a012f61dc3900aaa9bcb0efa5d56f4b4edb84d6b	https://file0.52tesla.com/gigamini/tesla-wrap/examples/modely/86d0244a.png	2026-08-30T12:50:09Z	未声明，禁止公开再分发
skin	modely	Neon	assets/xiaote/raw/skins/modely/a2335f69.png	1473982	bbc6f1b936387aba7c65d0cb6542e7b6aac188fbf0e312fc8fdc1b5b2b0cfbe5	https://file0.52tesla.com/gigamini/tesla-wrap/examples/modely/a2335f69.png	2026-08-30T12:50:09Z	未声明，禁止公开再分发
skin	modely	标志主题皮肤	assets/xiaote/raw/skins/modely/d788327f.png	795253	43784f6b407e0b3fe858cdfbfbf9eaf4a8ce7dfb7c046b7db00ab36681227b41	https://file0.52tesla.com/gigamini/tesla-wrap/examples/modely/d788327f.png	2026-08-30T12:50:09Z	未声明，禁止公开再分发
skin	modely	Türk usulü olsun主题皮肤	assets/xiaote/raw/skins/modely/640501e8.png	1563828	4b38cde0130dc4871435f29778dc118e7ea6326f66cc4d449b52777673a7f865	https://file0.52tesla.com/gigamini/tesla-wrap/examples/modely/640501e8.png	2026-08-30T12:50:09Z	未声明，禁止公开再分发
skin	modely	낫을 든 사신이主题皮肤	assets/xiaote/raw/skins/modely/cd87be29.png	1257315	4d38f79528d621da2dbeb56ea5b6344b7e27e80918a18ea66c6941ce2372715f	https://file0.52tesla.com/gigamini/tesla-wrap/examples/modely/cd87be29.png	2026-08-30T12:50:09Z	未声明，禁止公开再分发
skin	modely	배트카로 만들어줘主题皮肤	assets/xiaote/raw/skins/modely/0fff2c45.png	1057096	75acfb8bcd99f60d43582847ecd2c320344ca6cdcfdc75910d72bf41fcc2aed4	https://file0.52tesla.com/gigamini/tesla-wrap/examples/modely/0fff2c45.png	2026-08-30T12:50:09Z	未声明，禁止公开再分发
skin	modely	체인소맨 배경으로 멋지게主题皮肤	assets/xiaote/raw/skins/modely/ae1aad19.png	1702661	09c3c5709938d5e00b53ad9c3f705ba16a8e9bf3aca0791efc31a33520ca2299	https://file0.52tesla.com/gigamini/tesla-wrap/examples/modely/ae1aad19.png	2026-08-30T12:50:09Z	未声明，禁止公开再分发
skin	modely	crayon shinchan主题皮肤	assets/xiaote/raw/skins/modely/ea6cc4b8.png	1305622	53dbd4887ed26916c7783f97c3cf315d9f260caada58db0498d67dda4f566db8	https://file0.52tesla.com/gigamini/tesla-wrap/examples/modely/ea6cc4b8.png	2026-08-30T12:50:09Z	未声明，禁止公开再分发
skin	modely	ONESTARSKATE FUTURA FONT로主题皮肤	assets/xiaote/raw/skins/modely/2c1dd010.png	871823	8a95943e0a3ec77b45900371843308cb4b190024269bbda2b580b1c74e3b2343	https://file0.52tesla.com/gigamini/tesla-wrap/examples/modely/2c1dd010.png	2026-08-30T12:50:09Z	未声明，禁止公开再分发
skin	modely	绿色主题皮肤	assets/xiaote/raw/skins/modely/c60f5ef9.png	912633	586063b64747a73ca262069f1ac4381de85e08c89dc962b588b664d8c52fadc8	https://file0.52tesla.com/gigamini/tesla-wrap/examples/modely/c60f5ef9.png	2026-08-30T12:50:09Z	未声明，禁止公开再分发
skin	modely	batman主题皮肤	assets/xiaote/raw/skins/modely/2d2b969d.png	1158527	ef91ba679185497d6a6c87c114cff250a559bebbdde4646e3852844f0e89d925	https://file0.52tesla.com/gigamini/tesla-wrap/examples/modely/2d2b969d.png	2026-08-30T12:50:09Z	未声明，禁止公开再分发
skin	modely	红色绿色主题皮肤	assets/xiaote/raw/skins/modely/b457feaf.png	1062129	e358f80ce87b1521bb6de2c9a1fd742b7949e925bd1629ba54e341befabe763e	https://file0.52tesla.com/gigamini/tesla-wrap/examples/modely/b457feaf.png	2026-08-30T12:50:09Z	未声明，禁止公开再分发
skin	modely	Batman主题皮肤	assets/xiaote/raw/skins/modely/9d7b4549.png	1144645	205f69db5f70d33bb6c51e80cae759ce246883214e53f9c39572eb01a95edcfd	https://file0.52tesla.com/gigamini/tesla-wrap/examples/modely/9d7b4549.png	2026-08-30T12:50:09Z	未声明，禁止公开再分发
skin	modely	Scuderia Ferrari formula主题皮肤	assets/xiaote/raw/skins/modely/71da7bbc.png	985176	d3c94155f0c1e8b4dfeb061e17bfb1dd067cb11d3bfd6f938692ab937849d6c2	https://file0.52tesla.com/gigamini/tesla-wrap/examples/modely/71da7bbc.png	2026-08-30T12:50:09Z	未声明，禁止公开再分发
skin	modely	Scuderia Ferrari Formula主题皮肤	assets/xiaote/raw/skins/modely/01d06b17.png	1179001	0c21fb079a15ec618335659509fd77a897138d396907662002a92741d458d1f5	https://file0.52tesla.com/gigamini/tesla-wrap/examples/modely/01d06b17.png	2026-08-30T12:50:09Z	未声明，禁止公开再分发
skin	modely	Scuderia ferrari F1主题皮肤	assets/xiaote/raw/skins/modely/4b21692b.png	1013534	13d51d4d27e1f7474a0cecf84cbb1c4530e529423eaa085770fecfa662412391	https://file0.52tesla.com/gigamini/tesla-wrap/examples/modely/4b21692b.png	2026-08-30T12:50:09Z	未声明，禁止公开再分发
skin	modely	Hypershift	assets/xiaote/raw/skins/modely/bbb05f42.png	804332	23d62951c5c224cb209fb274f140462d9c78bc8d890adc8b6ef1a8caae8554be	https://file0.52tesla.com/gigamini/tesla-wrap/examples/modely/bbb05f42.png	2026-08-30T12:50:09Z	未声明，禁止公开再分发
skin	modely	请做以下改动： 1、取消两侧底部的金色带，加上金色的侧裙装饰线，装饰线位置不在底部，而是靠近底部，贴近微突起的腰线，侧裙上沿与车门下沿之间，沿车身侧面长度方向水平延展。与车身腰线保持平行，贯穿前后轮拱之间； 2、为车辆前保险杠下方的雾灯区域设计金色外框装饰，雾灯外框采用香槟金或暗金色金属质感，表面为半哑光或丝绸金属效果，避免高反光。金色外框仅作为点缀元素，用于提升前脸精致度与高级感，不改变原有雾灯结构，外框的顶部和外侧用金色的半框包围，形成一个尖峰向外，开口向内的，具有运动感的金色半框；主题皮肤	assets/xiaote/raw/skins/modely/7d7b3d01.png	883753	66f78a8d2945d9a8d941d0d81f0a69a63504c0b911aa3993cc4ba2e8b05da73c	https://file0.52tesla.com/gigamini/tesla-wrap/examples/modely/7d7b3d01.png	2026-08-30T12:50:09Z	未声明，禁止公开再分发
skin	modely	gold vip	assets/xiaote/raw/skins/modely/f08f5cb4.png	788637	7aa69828196d0e77bebdc9b232d0fb2df8c232349b02140915ecaf7c94448ff5	https://file0.52tesla.com/gigamini/tesla-wrap/examples/modely/f08f5cb4.png	2026-08-30T12:50:09Z	未声明，禁止公开再分发
skin	modely	主色：哑光深空灰 / 深钛灰（金属质感，低反射）主题皮肤	assets/xiaote/raw/skins/modely/b6fa0ab1.png	955871	1b18cd5a20e8e3c94028606a23067c14c16573fe93b8e44ade56f10435740e90	https://file0.52tesla.com/gigamini/tesla-wrap/examples/modely/b6fa0ab1.png	2026-08-30T12:50:09Z	未声明，禁止公开再分发
skin	modely	添加亮金色的尾翼主题皮肤	assets/xiaote/raw/skins/modely/b7858c83.png	717069	6c372eb14904bf6c5a4515963090a350ba75e2983c568f43ae3378dc7f2b34b2	https://file0.52tesla.com/gigamini/tesla-wrap/examples/modely/b7858c83.png	2026-08-30T12:50:09Z	未声明，禁止公开再分发
skin	modely	后视镜盖，摄像头盖，轮毂，用亮金色主题皮肤	assets/xiaote/raw/skins/modely/e936cfa1.png	912716	eabf5d125dd22ea99eaf655907e7eecda594cad2aa782a67b1bd688c1e926a5e	https://file0.52tesla.com/gigamini/tesla-wrap/examples/modely/e936cfa1.png	2026-08-30T12:50:09Z	未声明，禁止公开再分发
skin	modely	车身是官方的Stealth Grey主题皮肤	assets/xiaote/raw/skins/modely/e96ec27a.png	976212	3ece6a03a6f06de9a633e2624ebc39473db648884c79f44515d6aca24c4e9c25	https://file0.52tesla.com/gigamini/tesla-wrap/examples/modely/e96ec27a.png	2026-08-30T12:50:09Z	未声明，禁止公开再分发
skin	modely	snoopy主题皮肤	assets/xiaote/raw/skins/modely/0800e820.png	993955	d48f85b358a277ea4105e44797ae95793c8ffbbf8cc8f79f873fe8f75578c3a6	https://file0.52tesla.com/gigamini/tesla-wrap/examples/modely/0800e820.png	2026-08-30T12:50:09Z	未声明，禁止公开再分发
skin	modely	K-POP Demon Hunters主题皮肤	assets/xiaote/raw/skins/modely/707fa195.png	1334744	111d853cb3c42db54966c97e31f544c32c8439f73c0e2762eb1883c4afede28b	https://file0.52tesla.com/gigamini/tesla-wrap/examples/modely/707fa195.png	2026-08-30T12:50:09Z	未声明，禁止公开再分发
skin	modely	Pop Mart Dimoo主题皮肤	assets/xiaote/raw/skins/modely/68e5a23d.png	1243678	df90c5c2c9c24baaeac515ed9ca60688ac97d530eb7ad3c3a30c35eccf171768	https://file0.52tesla.com/gigamini/tesla-wrap/examples/modely/68e5a23d.png	2026-08-30T12:50:09Z	未声明，禁止公开再分发
skin	modely	lanciastratosrally1974montecarlo主题皮肤	assets/xiaote/raw/skins/modely/4eb67a57.png	449170	8f1adbca2477c10fc0dc9c7df0db3c1b4dd9a712b1c9a319e25e7751e7e54a03	https://file0.52tesla.com/gigamini/tesla-wrap/examples/modely/4eb67a57.png	2026-08-30T12:50:09Z	未声明，禁止公开再分发
skin	modely	Acid Drip	assets/xiaote/raw/skins/modely/986f5fbd.png	150581	a75af4cbfc64c9a5267c88f367457c9bd583cf771d2fafe02164a0601fdb2429	https://file0.52tesla.com/gigamini/tesla-wrap/examples/modely/986f5fbd.png	2026-08-30T12:50:09Z	未声明，禁止公开再分发
skin	modely	Ani	assets/xiaote/raw/skins/modely/251a69d7.png	482494	c05d259a4160580eddb72513af4b448f3fff282ff723c6ae04221b9f3c97d60c	https://file0.52tesla.com/gigamini/tesla-wrap/examples/modely/251a69d7.png	2026-08-30T12:50:09Z	未声明，禁止公开再分发
skin	modely	Apocalypse	assets/xiaote/raw/skins/modely/206151cf.png	346502	de6d4f2bfa911930b4b012cd69f57fe19bd2ce4be0801cdf964496af899b33b4	https://file0.52tesla.com/gigamini/tesla-wrap/examples/modely/206151cf.png	2026-08-30T12:50:09Z	未声明，禁止公开再分发
skin	modely	Avocado Green	assets/xiaote/raw/skins/modely/271ae36f.png	605895	61dddd45ba2c122218fffb50d91a2ed91c0a718b977cad7a03dcc2ac8f83d562	https://file0.52tesla.com/gigamini/tesla-wrap/examples/modely/271ae36f.png	2026-08-30T12:50:09Z	未声明，禁止公开再分发
skin	modely	Camo	assets/xiaote/raw/skins/modely/dd557b0a.png	311305	adc778f74be0e7ec57ad15142a376a7e0e2a8dce26567ab8defb78d5876ce833	https://file0.52tesla.com/gigamini/tesla-wrap/examples/modely/dd557b0a.png	2026-08-30T12:50:09Z	未声明，禁止公开再分发
skin	modely	Cosmic Burst	assets/xiaote/raw/skins/modely/674f0518.png	230162	d589ccc37c66871d39a70269a248855ed2450e164e5cc76d996cad6fba0e6e11	https://file0.52tesla.com/gigamini/tesla-wrap/examples/modely/674f0518.png	2026-08-30T12:50:09Z	未声明，禁止公开再分发
skin	modely	Divide	assets/xiaote/raw/skins/modely/e5887ef2.png	105355	f21b62d4fb76d218fe2e0aadd3d1ffafb9ca225e293a3cea6d9f82762d77bf46	https://file0.52tesla.com/gigamini/tesla-wrap/examples/modely/e5887ef2.png	2026-08-30T12:50:09Z	未声明，禁止公开再分发
skin	modely	Doge	assets/xiaote/raw/skins/modely/0bcaaa3f.png	277704	2b0311b75daf94db95ba72bdb47329d2d92d260ea1d4ecee24b3aa0f4652c8c2	https://file0.52tesla.com/gigamini/tesla-wrap/examples/modely/0bcaaa3f.png	2026-08-30T12:50:09Z	未声明，禁止公开再分发
skin	modely	Dot Matrix	assets/xiaote/raw/skins/modely/e2bf092f.png	68312	057ed5c3e79c19fe17dfe9d0abaf90e3f20e12fc233e41699061746aa1e38130	https://file0.52tesla.com/gigamini/tesla-wrap/examples/modely/e2bf092f.png	2026-08-30T12:50:09Z	未声明，禁止公开再分发
skin	modely	Ice Cream	assets/xiaote/raw/skins/modely/97291390.png	69819	073ae23b8a8d6acdc79dde796e213f9f4ebb3229394f35e0f1e398bbcc733cf7	https://file0.52tesla.com/gigamini/tesla-wrap/examples/modely/97291390.png	2026-08-30T12:50:09Z	未声明，禁止公开再分发
skin	modely	Leopard	assets/xiaote/raw/skins/modely/88394b30.png	350045	915fdfa07793f4608ec7f9e9cfa98942c4d2811bc68f8d0ac3241ecccfcc8c14	https://file0.52tesla.com/gigamini/tesla-wrap/examples/modely/88394b30.png	2026-08-30T12:50:09Z	未声明，禁止公开再分发
skin	modely	Pixel Art	assets/xiaote/raw/skins/modely/08a84618.png	107098	c3a74da55057dd183fa56b996257b8bbefc4b4eb0713a868f74f690b30fa107b	https://file0.52tesla.com/gigamini/tesla-wrap/examples/modely/08a84618.png	2026-08-30T12:50:09Z	未声明，禁止公开再分发
skin	modely	Reindeer	assets/xiaote/raw/skins/modely/e7be21a8.png	238197	19a01c0d918116a51c788a17a8cb7484a743375b797384b06309b45c29182aeb	https://file0.52tesla.com/gigamini/tesla-wrap/examples/modely/e7be21a8.png	2026-08-30T12:50:09Z	未声明，禁止公开再分发
skin	modely	Rudi	assets/xiaote/raw/skins/modely/dbedc25d.png	191635	dc85597e41d628686a849f3daea56a761c5f4d721de3db75936c7f08543e913f	https://file0.52tesla.com/gigamini/tesla-wrap/examples/modely/dbedc25d.png	2026-08-30T12:50:09Z	未声明，禁止公开再分发
skin	modely	Sakura	assets/xiaote/raw/skins/modely/c2b2bcd4.png	247181	9914f1d87b70a4e0ea646bac3930c622b6e25f6604ad8ce9854a40af29675dda	https://file0.52tesla.com/gigamini/tesla-wrap/examples/modely/c2b2bcd4.png	2026-08-30T12:50:09Z	未声明，禁止公开再分发
skin	modely	Sketch	assets/xiaote/raw/skins/modely/03f2d77a.png	192573	ac9c600139d7529a1834d9b13d88ebc0b6e6ca4424ac6cd948b80bc29d21fde2	https://file0.52tesla.com/gigamini/tesla-wrap/examples/modely/03f2d77a.png	2026-08-30T12:50:09Z	未声明，禁止公开再分发
skin	modely	String Lights	assets/xiaote/raw/skins/modely/92b48e53.png	299774	fcc9b1b81e25fda717cdfd76dba07b9441b31ac6ce24916cc5acd474c7139bee	https://file0.52tesla.com/gigamini/tesla-wrap/examples/modely/92b48e53.png	2026-08-30T12:50:09Z	未声明，禁止公开再分发
skin	modely	Valentine	assets/xiaote/raw/skins/modely/882b41fa.png	106106	6a30677b581b8caa236b98fa3a613aab31a6a5ebd60077f638d0d2ea2260998b	https://file0.52tesla.com/gigamini/tesla-wrap/examples/modely/882b41fa.png	2026-08-30T12:50:09Z	未声明，禁止公开再分发
skin	modely	Vintage Gradient	assets/xiaote/raw/skins/modely/7c2510fc.png	70042	3204407ae3df5cbcfc57e7b21270de85c357da3b2135c7704f6887d135aa753e	https://file0.52tesla.com/gigamini/tesla-wrap/examples/modely/7c2510fc.png	2026-08-30T12:50:09Z	未声明，禁止公开再分发
skin	modely	Vintage Stripes	assets/xiaote/raw/skins/modely/3c1ed6a4.png	71364	25e03a425a1e9f473dfececc4c6851960909241ad41add6b754699b27176cf9a	https://file0.52tesla.com/gigamini/tesla-wrap/examples/modely/3c1ed6a4.png	2026-08-30T12:50:09Z	未声明，禁止公开再分发
skin	modely	Fuzzy LV Brown	assets/xiaote/raw/skins/modely/186fcd67.png	1145039	86dad4cabc7f569ef03a9d368da2c9d96c80e7e2e2ee97d09b5d1e58401857a4	https://file0.52tesla.com/gigamini/tesla-wrap/examples/modely/186fcd67.png	2026-08-30T12:50:09Z	未声明，禁止公开再分发
skin	modely	cloudy	assets/xiaote/raw/skins/modely/de6db232.png	970841	e42fe167ab6ac762f54a9ea61714430e46ac9af8d4d3bdf91e2d5f158a06ee98	https://file0.52tesla.com/gigamini/tesla-wrap/examples/modely/de6db232.png	2026-08-30T12:50:09Z	未声明，禁止公开再分发
skin	modely	Chanel	assets/xiaote/raw/skins/modely/a0041aca.png	597485	38283f7f2db137287969d5af9a85ef355936aea4152c6cf27f04ada4a87bd7d7	https://file0.52tesla.com/gigamini/tesla-wrap/examples/modely/a0041aca.png	2026-08-30T12:50:09Z	未声明，禁止公开再分发
skin	modely	Yorkie	assets/xiaote/raw/skins/modely/b44c5bef.png	1227051	a831c274a34d6f44d1def373f869209f80b8a395b2a185ed8bf6a05da3a7a731	https://file0.52tesla.com/gigamini/tesla-wrap/examples/modely/b44c5bef.png	2026-08-30T12:50:09Z	未声明，禁止公开再分发
skin	modely	Color Show	assets/xiaote/raw/skins/modely/1d722966.png	200570	ad4d88b98cb3d0ea75640b662e5d08e03f43733dbffd7486ef29574dfedf8923	https://file0.52tesla.com/gigamini/tesla-wrap/examples/modely/1d722966.png	2026-08-30T12:50:09Z	未声明，禁止公开再分发
skin	modely	Beşiktaş	assets/xiaote/raw/skins/modely/77fc4992.png	682985	758b4229a25af0858d97ceed181065e4d55a7f3d172cf838a761570fa952eb31	https://file0.52tesla.com/gigamini/tesla-wrap/examples/modely/77fc4992.png	2026-08-30T12:50:09Z	未声明，禁止公开再分发
skin	modely	schneider	assets/xiaote/raw/skins/modely/fa831348.png	712649	7118e00780bd87c7d0f4ffc8a8866c0751d7bca7b16f9d8f3d1e9c41b77b9e38	https://file0.52tesla.com/gigamini/tesla-wrap/examples/modely/fa831348.png	2026-08-30T12:50:09Z	未声明，禁止公开再分发
skin	modely	Bape Camo Gray	assets/xiaote/raw/skins/modely/8fede8f9.png	967381	cb71e78ae5cf0a26051b21de09a0a69fdde1d561ba86624851882c7c0f8fde3e	https://file0.52tesla.com/gigamini/tesla-wrap/examples/modely/8fede8f9.png	2026-08-30T12:50:09Z	未声明，禁止公开再分发
skin	modely	neon camo	assets/xiaote/raw/skins/modely/a108b7ff.png	815833	58b6f66c57319e03558dbea21071050a2000f95ffb6244778712043eb80ef365	https://file0.52tesla.com/gigamini/tesla-wrap/examples/modely/a108b7ff.png	2026-08-30T12:50:09Z	未声明，禁止公开再分发
skin	modely	Red Leopard Print	assets/xiaote/raw/skins/modely/c36ec59a.png	817716	0ea70e4c82f7129186dd7cb1d56fb05c6de0b410b64e036f2e95e9b73ec198c0	https://file0.52tesla.com/gigamini/tesla-wrap/examples/modely/c36ec59a.png	2026-08-30T12:50:09Z	未声明，禁止公开再分发
skin	modely	Color Show 2	assets/xiaote/raw/skins/modely/12a79775.png	1126319	57113775ae800afa1dada78ac2a81ca0f5f8bcb89935dcf03f9d201cc6042a16	https://file0.52tesla.com/gigamini/tesla-wrap/examples/modely/12a79775.png	2026-08-30T12:50:09Z	未声明，禁止公开再分发
skin	modely	Purple LV	assets/xiaote/raw/skins/modely/a113c64a.png	1049135	dddebacefd0ae0e0834990c66263fb6931f3b65da75d90f297ff206657595ed9	https://file0.52tesla.com/gigamini/tesla-wrap/examples/modely/a113c64a.png	2026-08-30T12:50:09Z	未声明，禁止公开再分发
skin	modely	Murakami Brown Cactus Jack	assets/xiaote/raw/skins/modely/4a58477e.png	630293	7718b0b35bcaa6b14101159e3e8cd401cf09983c46f2e98ab1bdda556aa258b6	https://file0.52tesla.com/gigamini/tesla-wrap/examples/modely/4a58477e.png	2026-08-30T12:50:09Z	未声明，禁止公开再分发
skin	modely	Rusty Tesla	assets/xiaote/raw/skins/modely/9366cbce.png	247895	b7fd83e74ac90168e22c144beeeb7b92dc4649934c9f3b7fce922b6e08687439	https://file0.52tesla.com/gigamini/tesla-wrap/examples/modely/9366cbce.png	2026-08-30T12:50:09Z	未声明，禁止公开再分发
skin	modely	newcamo	assets/xiaote/raw/skins/modely/bf383aa0.png	689783	15bc6d133fd33e1b1b0443f715d3c7c0f6b85efa426a04816f27dc127bf7fb73	https://file0.52tesla.com/gigamini/tesla-wrap/examples/modely/bf383aa0.png	2026-08-30T12:50:09Z	未声明，禁止公开再分发
skin	modely	Chrome Heart with Pattern	assets/xiaote/raw/skins/modely/9329237d.png	1460395	03d0de7ff2166beb2377ca949c22d6e547b11935428c08fb6bf85c6aac095e15	https://file0.52tesla.com/gigamini/tesla-wrap/examples/modely/9329237d.png	2026-08-30T12:50:09Z	未声明，禁止公开再分发
skin	modely	MultiColor Chrome Heart (Black)	assets/xiaote/raw/skins/modely/ccdd5d6d.png	464326	13c55696d1bc767d7021a1c20f848d9d486485580f59dfe8279bc40c12540c88	https://file0.52tesla.com/gigamini/tesla-wrap/examples/modely/ccdd5d6d.png	2026-08-30T12:50:09Z	未声明，禁止公开再分发
skin	modely	Real Madrid	assets/xiaote/raw/skins/modely/65fcb7cf.png	589317	502a5e206c95afd07bff35ba42bab99542a9bc03142ace87e4ca18d5a5a1b0c5	https://file0.52tesla.com/gigamini/tesla-wrap/examples/modely/65fcb7cf.png	2026-08-30T12:50:09Z	未声明，禁止公开再分发
skin	modely	butterbear	assets/xiaote/raw/skins/modely/0a826f3f.png	160989	4ee726ef25ec0220a8303629e44e4a66b7b21f00cb85c9d759e77bb68cddc3f1	https://file0.52tesla.com/gigamini/tesla-wrap/examples/modely/0a826f3f.png	2026-08-30T12:50:09Z	未声明，禁止公开再分发
skin	modely	BAPE Black Camo	assets/xiaote/raw/skins/modely/aab9e09a.png	601345	67f4018786b3340cad46ed70186ed2581e8897ffc34e82c63bfe744177190f42	https://file0.52tesla.com/gigamini/tesla-wrap/examples/modely/aab9e09a.png	2026-08-30T12:50:09Z	未声明，禁止公开再分发
skin	modely	taxi 33	assets/xiaote/raw/skins/modely/66e81304.png	758812	2323a705904a8c1a61456a9a5ab71650f13064ed851f4823a08de36abdd6b562	https://file0.52tesla.com/gigamini/tesla-wrap/examples/modely/66e81304.png	2026-08-30T12:50:09Z	未声明，禁止公开再分发
skin	modely	Denim Tears Black	assets/xiaote/raw/skins/modely/c9288c12.png	1291724	32638e06ada833d75c4de30ef3e819c7a4f245225a3247a19a7f5dc922cb3768	https://file0.52tesla.com/gigamini/tesla-wrap/examples/modely/c9288c12.png	2026-08-30T12:50:09Z	未声明，禁止公开再分发
skin	modely	Matte Black Finish	assets/xiaote/raw/skins/modely/2300fadc.png	143354	8c79cfafcbbbb7263e61ad8c3563a9d87fbf05beec8cbb8ced4de86466e191f0	https://file0.52tesla.com/gigamini/tesla-wrap/examples/modely/2300fadc.png	2026-08-30T12:50:09Z	未声明，禁止公开再分发
skin	modely	rby	assets/xiaote/raw/skins/modely/cb86cf87.png	378194	faf55d2a024a66cc2f9d570a3563d1192c8d1496111a0b8f9434ebb6b49b0f22	https://file0.52tesla.com/gigamini/tesla-wrap/examples/modely/cb86cf87.png	2026-08-30T12:50:09Z	未声明，禁止公开再分发
skin	modely	Tesla Red Strippes	assets/xiaote/raw/skins/modely/0ad26ed5.png	642155	88a85640f104e6186c8339e42d9f8b5c7c6e0232689fcf4541107c2ad3c1745d	https://file0.52tesla.com/gigamini/tesla-wrap/examples/modely/0ad26ed5.png	2026-08-30T12:50:09Z	未声明，禁止公开再分发
skin	modely	I love my girlfriend	assets/xiaote/raw/skins/modely/8543a4fd.png	1085689	e5f516261a508b6d46fb4b2325f53b41e91c91dd47695490c7bace96e6f29471	https://file0.52tesla.com/gigamini/tesla-wrap/examples/modely/8543a4fd.png	2026-08-30T12:50:09Z	未声明，禁止公开再分发
skin	modely	Louis Vuitton - Matte Black	assets/xiaote/raw/skins/modely/a1994b9e.png	430401	85f6ad24f0dd3b2b26d7143a469b4590fc9a1c1a72a9b9042fe5d7d365915e2a	https://file0.52tesla.com/gigamini/tesla-wrap/examples/modely/a1994b9e.png	2026-08-30T12:50:09Z	未声明，禁止公开再分发
skin	modely	Canadian Winter Edition	assets/xiaote/raw/skins/modely/ae6c1cc8.png	154621	dadf26e624db0d51aaf8a1d6b3a7b462fcac35dc865171650c2719a99221b0f2	https://file0.52tesla.com/gigamini/tesla-wrap/examples/modely/ae6c1cc8.png	2026-08-30T12:50:09Z	未声明，禁止公开再分发
skin	modely	Mimetic Woodland	assets/xiaote/raw/skins/modely/9f5208db.png	1136843	6453f8c1951a9b947ce166b1b4f1cdc97c5ccba46fb5c5abb41f167c8243968d	https://file0.52tesla.com/gigamini/tesla-wrap/examples/modely/9f5208db.png	2026-08-30T12:50:09Z	未声明，禁止公开再分发
skin	modely	Murakami Doors (White)	assets/xiaote/raw/skins/modely/caec9a59.png	403015	d163aed96b93bddb9a496fb668cb715e48e562c5d25d7ba26243a0473194a5c8	https://file0.52tesla.com/gigamini/tesla-wrap/examples/modely/caec9a59.png	2026-08-30T12:50:09Z	未声明，禁止公开再分发
skin	modely	Goli's Green Dragon	assets/xiaote/raw/skins/modely/60596dbc.png	866834	debe8c99b2c1b13ee0c7537ba76a76d57d25f9479e237a5e3f74c66ee5357432	https://file0.52tesla.com/gigamini/tesla-wrap/examples/modely/60596dbc.png	2026-08-30T12:50:09Z	未声明，禁止公开再分发
skin	modely	PUNISHER	assets/xiaote/raw/skins/modely/1b401eb4.png	588668	ffef4265a5623e2fc819dbca4277efd5bff1b1076258488bda57536c19578519	https://file0.52tesla.com/gigamini/tesla-wrap/examples/modely/1b401eb4.png	2026-08-30T12:50:09Z	未声明，禁止公开再分发
skin	modely	Black & Blue LV	assets/xiaote/raw/skins/modely/f16302b2.png	545210	0d19976fe27e3ca4e10e5b65457c618e771285ef91ed08410b0ba6d8bf3893f7	https://file0.52tesla.com/gigamini/tesla-wrap/examples/modely/f16302b2.png	2026-08-30T12:50:09Z	未声明，禁止公开再分发
skin	modely	LV Matte Black	assets/xiaote/raw/skins/modely/a96aedd4.png	823147	9c2b2827f7979e4a4c1c764846374472cc08f117d08a1f79e62082c69bef9a08	https://file0.52tesla.com/gigamini/tesla-wrap/examples/modely/a96aedd4.png	2026-08-30T12:50:09Z	未声明，禁止公开再分发
skin	modely	Goli's Red Dragon	assets/xiaote/raw/skins/modely/ffe43e4a.png	215141	10603081d3f386739da41aac4e4fe1dd04871160366d8a679bc55e92e9038587	https://file0.52tesla.com/gigamini/tesla-wrap/examples/modely/ffe43e4a.png	2026-08-30T12:50:09Z	未声明，禁止公开再分发
skin	modely	Sonic Test	assets/xiaote/raw/skins/modely/f05fa24e.png	511654	25d3fd9102a5ceefac34434bd6530aa12f5f1fdbe5841f74433e59178c131222	https://file0.52tesla.com/gigamini/tesla-wrap/examples/modely/f05fa24e.png	2026-08-30T12:50:09Z	未声明，禁止公开再分发
skin	modely	HIGHWAY PATROL	assets/xiaote/raw/skins/modely/3ed6c270.png	971733	19a46a795378b2709be3a4612bebc539ba4da50e07541ff4a7f685c7e5aa3edd	https://file0.52tesla.com/gigamini/tesla-wrap/examples/modely/3ed6c270.png	2026-08-30T12:50:09Z	未声明，禁止公开再分发
skin	modely	Street art	assets/xiaote/raw/skins/modely/8f22c98d.png	718992	123ae0044c99d9f507228ff654275bcb934faf955ec86c7e038b0af9f3ab1c60	https://file0.52tesla.com/gigamini/tesla-wrap/examples/modely/8f22c98d.png	2026-08-30T12:50:09Z	未声明，禁止公开再分发
skin	modely	EeveeHoodPikachuDoor	assets/xiaote/raw/skins/modely/79a1e492.png	206749	1c53ad605f3e35900164378f6a6b3ef5afc04ea8aeef17d9c970de96136ae4da	https://file0.52tesla.com/gigamini/tesla-wrap/examples/modely/79a1e492.png	2026-08-30T12:50:09Z	未声明，禁止公开再分发
skin	modely	crazymondrian	assets/xiaote/raw/skins/modely/f7914d3c.png	649565	1100c1d37cd5e4aace9f48c2f2598c7478199db4633336ddf9ed9349d0dcb056	https://file0.52tesla.com/gigamini/tesla-wrap/examples/modely/f7914d3c.png	2026-08-30T12:50:09Z	未声明，禁止公开再分发
skin	modely	lv	assets/xiaote/raw/skins/modely/b00e881d.png	1020261	2328ce7c05cf501d1620e7d891b4fd5e048cdc3f89fb799207201b5c44197d72	https://file0.52tesla.com/gigamini/tesla-wrap/examples/modely/b00e881d.png	2026-08-30T12:50:09Z	未声明，禁止公开再分发
skin	modely	Cat Paw	assets/xiaote/raw/skins/modely/7ff417c7.png	158182	9f3c5edff37c077a6ae680725b2cbb72c11509b7f89b50d28a9249cab1285e32	https://file0.52tesla.com/gigamini/tesla-wrap/examples/modely/7ff417c7.png	2026-08-30T12:50:09Z	未声明，禁止公开再分发
skin	modely	Red Bull Racing F1 - Max Verstappen 2026	assets/xiaote/raw/skins/modely/991cb7c8.png	879067	8b168d6f9095d83ad390169391a454cb874860dac7ec2df59ca0c7cff06b7359	https://file0.52tesla.com/gigamini/tesla-wrap/examples/modely/991cb7c8.png	2026-08-30T12:50:09Z	未声明，禁止公开再分发
skin	modely	Choupette	assets/xiaote/raw/skins/modely/8b4a51e4.png	929717	e32ac82176349f048542e755cc0ed87a1d69ef7197d5785a72f09cb1840d65c5	https://file0.52tesla.com/gigamini/tesla-wrap/examples/modely/8b4a51e4.png	2026-08-30T12:50:09Z	未声明，禁止公开再分发
skin	modely	SpaceX	assets/xiaote/raw/skins/modely/82140235.png	1128793	605b462dc421e926f9ad6f8bebbc3c12f19355bf24451aa8269debe54ebdf332	https://file0.52tesla.com/gigamini/tesla-wrap/examples/modely/82140235.png	2026-08-30T12:50:09Z	未声明，禁止公开再分发
skin	modely	Ironman Textures	assets/xiaote/raw/skins/modely/86077693.png	862981	744be8364dbc61e65e32d4a192ddf73546611d64bc625948a4cc4c1dfe53e48a	https://file0.52tesla.com/gigamini/tesla-wrap/examples/modely/86077693.png	2026-08-30T12:50:09Z	未声明，禁止公开再分发
skin	modely-2025-base	汪汪队立大功	assets/xiaote/raw/skins/modely-2025-base/f416bac7.jpg	146453	eb344e1724c19082c51c01213d4bde4e48c95c5faca5ecbe9fd07270ad86857a	https://file0.52tesla.com/gigamini/tesla-wrap/examples/modely-2025-base/f416bac7.jpg	2026-08-30T12:50:09Z	未声明，禁止公开再分发
skin	modely-2025-base	星际迷航	assets/xiaote/raw/skins/modely-2025-base/09c82ac1.jpg	176337	623dcc0b9ae4a85e51135b3fbfb4ba45725dc3a650699af901ae391db5db1756	https://file0.52tesla.com/gigamini/tesla-wrap/examples/modely-2025-base/09c82ac1.jpg	2026-08-30T12:50:09Z	未声明，禁止公开再分发
skin	modely-2025-base	银色战甲	assets/xiaote/raw/skins/modely-2025-base/e233297d.jpg	118718	f1cbc7e0c46da1e76abd12aa16b4fe2d9c886ab925075a191eac3abdcb7cc4e9	https://file0.52tesla.com/gigamini/tesla-wrap/examples/modely-2025-base/e233297d.jpg	2026-08-30T12:50:09Z	未声明，禁止公开再分发
skin	modely-2025-base	银色流光	assets/xiaote/raw/skins/modely-2025-base/5608e97c.jpg	141874	6fb8e4eca3c2f36fcbe525b7ec5259900f7c9ef34107026f7b04cba4dcfc1660	https://file0.52tesla.com/gigamini/tesla-wrap/examples/modely-2025-base/5608e97c.jpg	2026-08-30T12:50:09Z	未声明，禁止公开再分发
skin	modely-2025-base	神奇女侠	assets/xiaote/raw/skins/modely-2025-base/73699145.jpg	167996	4db4dff7f0424bd68027aaf16f44e0a0df98ca5a99c19396202dc3840dc9c6ea	https://file0.52tesla.com/gigamini/tesla-wrap/examples/modely-2025-base/73699145.jpg	2026-08-30T12:50:09Z	未声明，禁止公开再分发
skin	modely-2025-base	赛车红白黑	assets/xiaote/raw/skins/modely-2025-base/bcc94ba2.jpg	166409	4deb03ebfd26a6504631ea4748c04bb36b36fb76dd94c0b2e40c736ab71331ef	https://file0.52tesla.com/gigamini/tesla-wrap/examples/modely-2025-base/bcc94ba2.jpg	2026-08-30T12:50:09Z	未声明，禁止公开再分发
skin	modely-2025-base	数码迷彩	assets/xiaote/raw/skins/modely-2025-base/6ad6d9fb.jpg	170579	d421069a40e338df55631420fbc416898d7bb7cfcad283e4eea4a7e2c0c5d59f	https://file0.52tesla.com/gigamini/tesla-wrap/examples/modely-2025-base/6ad6d9fb.jpg	2026-08-30T12:50:09Z	未声明，禁止公开再分发
skin	modely-2025-base	使命召唤：黑色行动6	assets/xiaote/raw/skins/modely-2025-base/209a29ae.jpg	171516	80df5f2bda90bd7090e2a686deb82dada8968a54975a994114fcd46a02af14fa	https://file0.52tesla.com/gigamini/tesla-wrap/examples/modely-2025-base/209a29ae.jpg	2026-08-30T12:50:09Z	未声明，禁止公开再分发
skin	modely-2025-base	UPS棕色科技感	assets/xiaote/raw/skins/modely-2025-base/cb40ebd0.jpg	106039	6e6287cf0ce9e4925cfed956075a5e5ee965e6a07305f0d5dbaed8f1173aa1b2	https://file0.52tesla.com/gigamini/tesla-wrap/examples/modely-2025-base/cb40ebd0.jpg	2026-08-30T12:50:09Z	未声明，禁止公开再分发
skin	modely-2025-base	警车风暴	assets/xiaote/raw/skins/modely-2025-base/eaf8996a.jpg	140843	7da340231dd8ce0a867bfc6b84c08ce7c84d72011f1cf8590005fb891e04a50d	https://file0.52tesla.com/gigamini/tesla-wrap/examples/modely-2025-base/eaf8996a.jpg	2026-08-30T12:50:09Z	未声明，禁止公开再分发
skin	modely-2025-base	机甲战士	assets/xiaote/raw/skins/modely-2025-base/d8b103e0.jpg	143331	979aa343049c52e425030ff3e18a5a8dc15426508131fe0cdddd07a43b5eaf58	https://file0.52tesla.com/gigamini/tesla-wrap/examples/modely-2025-base/d8b103e0.jpg	2026-08-30T12:50:09Z	未声明，禁止公开再分发
skin	modely-2025-base	银色风暴	assets/xiaote/raw/skins/modely-2025-base/dc7a70ba.jpg	158626	4001494809160e472848cfb4d557956201f47c9f2d86e826d3d962cb2b7e75bf	https://file0.52tesla.com/gigamini/tesla-wrap/examples/modely-2025-base/dc7a70ba.jpg	2026-08-30T12:50:09Z	未声明，禁止公开再分发
skin	modely-2025-base	NASA太空探索主题	assets/xiaote/raw/skins/modely-2025-base/5c374ebb.jpg	155238	b0f09c7ce0374f4e1aa8999a83c0f46dcf4900725a6af48f632e38ea98672fe0	https://file0.52tesla.com/gigamini/tesla-wrap/examples/modely-2025-base/5c374ebb.jpg	2026-08-30T12:50:09Z	未声明，禁止公开再分发
skin	modely-2025-base	银翼杀手	assets/xiaote/raw/skins/modely-2025-base/fe7d3f15.jpg	134738	86f9aca2cf78e5aa9ca1ae6edad080108cd8fbbd1b2e61c1385047b77249741b	https://file0.52tesla.com/gigamini/tesla-wrap/examples/modely-2025-base/fe7d3f15.jpg	2026-08-30T12:50:09Z	未声明，禁止公开再分发
skin	modely-2025-base	任天堂赛车主题皮肤	assets/xiaote/raw/skins/modely-2025-base/4f0ad329.jpg	187110	61752505110b304eed99d8e46a34d0e9d0f7f62fb169b2ac9135dcac3b77a1d3	https://file0.52tesla.com/gigamini/tesla-wrap/examples/modely-2025-base/4f0ad329.jpg	2026-08-30T12:50:09Z	未声明，禁止公开再分发
skin	modely-2025-base	星舰银翼	assets/xiaote/raw/skins/modely-2025-base/b734c87e.jpg	131847	ac606bdc7b7570c7446d7e7051f0e3eb73f057aed2b7002979ad11312b908c68	https://file0.52tesla.com/gigamini/tesla-wrap/examples/modely-2025-base/b734c87e.jpg	2026-08-30T12:50:09Z	未声明，禁止公开再分发
skin	modely-2025-base	机甲战士	assets/xiaote/raw/skins/modely-2025-base/4bfe2a01.jpg	150575	ea7d6d2ad9fe9eff60b95fcb5228835ce059bf239267f124f23b258efc770899	https://file0.52tesla.com/gigamini/tesla-wrap/examples/modely-2025-base/4bfe2a01.jpg	2026-08-30T12:50:09Z	未声明，禁止公开再分发
skin	modely-2025-base	星际迷航	assets/xiaote/raw/skins/modely-2025-base/4ba7243a.jpg	177403	f297d002ce48711589c3b38c0934b2c1cf198401df60dc8bee9b090478730933	https://file0.52tesla.com/gigamini/tesla-wrap/examples/modely-2025-base/4ba7243a.jpg	2026-08-30T12:50:09Z	未声明，禁止公开再分发
skin	modely-2025-base	星际战甲	assets/xiaote/raw/skins/modely-2025-base/3a99c42d.jpg	148465	cf477766c6e2a4d0f1c97c648120c62185da2f1e988d9922b508e48e7a3fb55d	https://file0.52tesla.com/gigamini/tesla-wrap/examples/modely-2025-base/3a99c42d.jpg	2026-08-30T12:50:09Z	未声明，禁止公开再分发
skin	modely-2025-base	机甲先锋	assets/xiaote/raw/skins/modely-2025-base/2ade5179.jpg	139435	d2511d08e88b9915b650ccba71d31c10ddd7ba5fa28098bae77d26474e3dd4e2	https://file0.52tesla.com/gigamini/tesla-wrap/examples/modely-2025-base/2ade5179.jpg	2026-08-30T12:50:09Z	未声明，禁止公开再分发
skin	modely-2025-base	特朗普2024年竞选皮肤	assets/xiaote/raw/skins/modely-2025-base/46412f66.jpg	170472	9413b06aa9ab76bdf436104145a62a14489e4d6f0acc2bdbc6975dfd882651bf	https://file0.52tesla.com/gigamini/tesla-wrap/examples/modely-2025-base/46412f66.jpg	2026-08-30T12:50:09Z	未声明，禁止公开再分发
skin	modely-2025-base	巴萨红蓝战车	assets/xiaote/raw/skins/modely-2025-base/b138d489.jpg	124719	138e7d21dfa36cd88b2f4d2fa2c572e6daeb49d5a5a42b210f5d16737cca7c1d	https://file0.52tesla.com/gigamini/tesla-wrap/examples/modely-2025-base/b138d489.jpg	2026-08-30T12:50:09Z	未声明，禁止公开再分发
skin	modely-2025-base	Nutella巧克力酱特斯拉皮肤	assets/xiaote/raw/skins/modely-2025-base/b38e8ab4.jpg	144327	4d50d52ea08dd7ba8dff0631a9ae7201270f1b157832591e33ebcb81546a47af	https://file0.52tesla.com/gigamini/tesla-wrap/examples/modely-2025-base/b38e8ab4.jpg	2026-08-30T12:50:09Z	未声明，禁止公开再分发
skin	modely-2025-base	赛博朋克武士	assets/xiaote/raw/skins/modely-2025-base/2a13d913.jpg	209558	d0992f7c6db88645ce56b8da2a7ad8172844b15c52c5a9846f75059467d0560a	https://file0.52tesla.com/gigamini/tesla-wrap/examples/modely-2025-base/2a13d913.jpg	2026-08-30T12:50:09Z	未声明，禁止公开再分发
skin	modely-2025-base	迷彩战甲	assets/xiaote/raw/skins/modely-2025-base/41a1a9f0.jpg	140109	6991cb7d30f3bc48a64466df3f082e7314aabe9186e4c74e7ccce8938a8ef276	https://file0.52tesla.com/gigamini/tesla-wrap/examples/modely-2025-base/41a1a9f0.jpg	2026-08-30T12:50:09Z	未声明，禁止公开再分发
skin	modely-2025-base	星际迷航	assets/xiaote/raw/skins/modely-2025-base/2d53aac2.jpg	139819	441d4143d4b78b52675250d3c7465a58eda248a7c8092eb8bbf42d4c30ffe02d	https://file0.52tesla.com/gigamini/tesla-wrap/examples/modely-2025-base/2d53aac2.jpg	2026-08-30T12:50:09Z	未声明，禁止公开再分发
skin	modely-2025-base	机甲先锋	assets/xiaote/raw/skins/modely-2025-base/5ac7c888.jpg	150668	26e8b0dcf14fa61950b9dafb395d87d0d9800f63e5a7d314dcee0d88976db1cd	https://file0.52tesla.com/gigamini/tesla-wrap/examples/modely-2025-base/5ac7c888.jpg	2026-08-30T12:50:09Z	未声明，禁止公开再分发
skin	modely-2025-base	巴黎圣日耳曼足球俱乐部主题皮肤	assets/xiaote/raw/skins/modely-2025-base/3020a5be.jpg	141550	369676085365940147d658d4c6a84bb20dc67d077a143e9fb41bc356702dad55	https://file0.52tesla.com/gigamini/tesla-wrap/examples/modely-2025-base/3020a5be.jpg	2026-08-30T12:50:09Z	未声明，禁止公开再分发
skin	modely-2025-base	星际迷航	assets/xiaote/raw/skins/modely-2025-base/298231a8.jpg	151813	a7b5e559527a8d15012560c053f3e92f7fb0c9802c16a02e8ea6860a11613ac6	https://file0.52tesla.com/gigamini/tesla-wrap/examples/modely-2025-base/298231a8.jpg	2026-08-30T12:50:09Z	未声明，禁止公开再分发
skin	modely-2025-base	马赛足球俱乐部主题	assets/xiaote/raw/skins/modely-2025-base/e9433e47.jpg	142990	389543d4768d860c4ec3860ec1e02604819d38ec9c6bc13f667f36557381f81f	https://file0.52tesla.com/gigamini/tesla-wrap/examples/modely-2025-base/e9433e47.jpg	2026-08-30T12:50:09Z	未声明，禁止公开再分发
skin	modely-2025-base	耐克未来主义	assets/xiaote/raw/skins/modely-2025-base/e0751f2a.jpg	144312	f65101aebbe17d4d72ede0c4bc45b00318e4da018401c3d12fa167b129e6a251	https://file0.52tesla.com/gigamini/tesla-wrap/examples/modely-2025-base/e0751f2a.jpg	2026-08-30T12:50:09Z	未声明，禁止公开再分发
skin	modely-2025-base	DHL快递特斯拉	assets/xiaote/raw/skins/modely-2025-base/e2cbc00b.jpg	134193	49e3a78b32c2550df918ebe47c2400d6ea3a6f0c53ca5ae1b05df80e8d178f3e	https://file0.52tesla.com/gigamini/tesla-wrap/examples/modely-2025-base/e2cbc00b.jpg	2026-08-30T12:50:09Z	未声明，禁止公开再分发
skin	modely-2025-base	机甲先锋	assets/xiaote/raw/skins/modely-2025-base/3db2755d.jpg	123542	a276938f5783406a7ee81aa21a3699d3e1fc5ee1f94090102ef7a1fab737009b	https://file0.52tesla.com/gigamini/tesla-wrap/examples/modely-2025-base/3db2755d.jpg	2026-08-30T12:50:09Z	未声明，禁止公开再分发
skin	modely-2025-base	机甲先锋	assets/xiaote/raw/skins/modely-2025-base/c9c0229f.jpg	145926	61642e777419dcfdf5d8dc47f28c188ae636cc995525efe6fc0b0e8163323b5f	https://file0.52tesla.com/gigamini/tesla-wrap/examples/modely-2025-base/c9c0229f.jpg	2026-08-30T12:50:09Z	未声明，禁止公开再分发
skin	modely-2025-base	机甲战神	assets/xiaote/raw/skins/modely-2025-base/f8063eb2.jpg	149425	aa186aae4d9d51fc4f7d64fedc300f92251605703a581ea6fe62524907103c10	https://file0.52tesla.com/gigamini/tesla-wrap/examples/modely-2025-base/f8063eb2.jpg	2026-08-30T12:50:09Z	未声明，禁止公开再分发
skin	modely-2025-base	阿迪达斯联名款	assets/xiaote/raw/skins/modely-2025-base/f2fe4aa5.jpg	140483	519b03eee4a40777579c21cb226a0cde99a272a2dfbdaa236b6fa73347b12227	https://file0.52tesla.com/gigamini/tesla-wrap/examples/modely-2025-base/f2fe4aa5.jpg	2026-08-30T12:50:09Z	未声明，禁止公开再分发
skin	modely-2025-base	红牛赛车	assets/xiaote/raw/skins/modely-2025-base/b43fa22b.jpg	162903	730c36ace0cfa0602a7efb3ce43954e061848d3ca469394194a4ece3fe920c3b	https://file0.52tesla.com/gigamini/tesla-wrap/examples/modely-2025-base/b43fa22b.jpg	2026-08-30T12:50:09Z	未声明，禁止公开再分发
skin	modely-2025-base	赛车涂装	assets/xiaote/raw/skins/modely-2025-base/0a1c0fa2.jpg	121247	c42725a1fc0b9a2b0d9461a8ba9980d5e0b86a908fec7a5e19cecbd23041d0a3	https://file0.52tesla.com/gigamini/tesla-wrap/examples/modely-2025-base/0a1c0fa2.jpg	2026-08-30T12:50:09Z	未声明，禁止公开再分发
skin	modely-2025-base	芭比梦幻粉	assets/xiaote/raw/skins/modely-2025-base/52d10717.jpg	181148	61c480e5bf1e304357b2c2ccf44e65f35f8ff17d60ecc16ca7c053c890264c69	https://file0.52tesla.com/gigamini/tesla-wrap/examples/modely-2025-base/52d10717.jpg	2026-08-30T12:50:09Z	未声明，禁止公开再分发
skin	modely-2025-base	机甲战士	assets/xiaote/raw/skins/modely-2025-base/ac92884a.jpg	160198	b5cf6d735476b6a4bd8544eaf965b9dec14c17c26526f07da6b954650b6be5c0	https://file0.52tesla.com/gigamini/tesla-wrap/examples/modely-2025-base/ac92884a.jpg	2026-08-30T12:50:09Z	未声明，禁止公开再分发
skin	modely-2025-base	未来主义白	assets/xiaote/raw/skins/modely-2025-base/0e239b49.jpg	145463	3236fa55da4cf6af947fa8bf5360147cdaf631a0daa0432be5023b3171db578c	https://file0.52tesla.com/gigamini/tesla-wrap/examples/modely-2025-base/0e239b49.jpg	2026-08-30T12:50:09Z	未声明，禁止公开再分发
skin	modely-2025-base	怪兽能量特斯拉皮肤	assets/xiaote/raw/skins/modely-2025-base/d4b04b2d.jpg	172048	d0bd3e4cbb17aacdcff6eda2b51ea846c4c1ab3efa0f7c6866e323c5dde89a03	https://file0.52tesla.com/gigamini/tesla-wrap/examples/modely-2025-base/d4b04b2d.jpg	2026-08-30T12:50:09Z	未声明，禁止公开再分发
skin	modely-2025-base	银翼杀手	assets/xiaote/raw/skins/modely-2025-base/abf6fb96.jpg	148638	a95c164de70013b06095b88fafec6969ef6240d8286a40f40dc57d5f56c96abd	https://file0.52tesla.com/gigamini/tesla-wrap/examples/modely-2025-base/abf6fb96.jpg	2026-08-30T12:50:09Z	未声明，禁止公开再分发
skin	modely-2025-base	美国队长	assets/xiaote/raw/skins/modely-2025-base/56c1892e.jpg	135555	8d04bc7e5e13ace5f679aaa9a84ecd5fd11625de1565dbf45c8e554db4ccf05e	https://file0.52tesla.com/gigamini/tesla-wrap/examples/modely-2025-base/56c1892e.jpg	2026-08-30T12:50:09Z	未声明，禁止公开再分发
skin	modely-2025-base	PornHub	assets/xiaote/raw/skins/modely-2025-base/967eda08.jpg	152649	73b827833cb79e6296f92eecc059903d62ca6729fd45808ae1063ae3f34a7111	https://file0.52tesla.com/gigamini/tesla-wrap/examples/modely-2025-base/967eda08.jpg	2026-08-30T12:50:09Z	未声明，禁止公开再分发
skin	modely-2025-base	机甲战神	assets/xiaote/raw/skins/modely-2025-base/b3f68c0c.jpg	139349	6c6c3153a83cc40291d86ba8b39be2435bce66ad86eb000ad16933784f644f25	https://file0.52tesla.com/gigamini/tesla-wrap/examples/modely-2025-base/b3f68c0c.jpg	2026-08-30T12:50:09Z	未声明，禁止公开再分发
skin	modely-2025-base	警车风暴	assets/xiaote/raw/skins/modely-2025-base/46981802.jpg	144109	0924e59e5defc270ab231532b047f2858d6b4d0274cb2f249fd5c6578676ba2f	https://file0.52tesla.com/gigamini/tesla-wrap/examples/modely-2025-base/46981802.jpg	2026-08-30T12:50:09Z	未声明，禁止公开再分发
skin	modely-2025-base	超人装甲战衣	assets/xiaote/raw/skins/modely-2025-base/592cfc03.jpg	149975	46dcef50bfb92b9becca25a3e0e71fc8a25f75bc2f8db345e15ee85480fb63c1	https://file0.52tesla.com/gigamini/tesla-wrap/examples/modely-2025-base/592cfc03.jpg	2026-08-30T12:50:09Z	未声明，禁止公开再分发
skin	modely-2025-base	纽约出租车	assets/xiaote/raw/skins/modely-2025-base/b0b9aeef.jpg	151818	68935bd3a91fdd8b04abe6b72f22b6068629cec975ea6e8d9dc265ee5bd53f7e	https://file0.52tesla.com/gigamini/tesla-wrap/examples/modely-2025-base/b0b9aeef.jpg	2026-08-30T12:50:09Z	未声明，禁止公开再分发
skin	modely-2025-base	LV经典款	assets/xiaote/raw/skins/modely-2025-base/622bbaa0.jpg	151111	4500cf118ce01e371e6d13bd19271f9b8a18855e7f398b11a174b05675d41adf	https://file0.52tesla.com/gigamini/tesla-wrap/examples/modely-2025-base/622bbaa0.jpg	2026-08-30T12:50:09Z	未声明，禁止公开再分发
skin	modely-2025-base	宝可梦探险寻宝	assets/xiaote/raw/skins/modely-2025-base/2a96473c.jpg	232482	22ab54f93a2f41378f2dcce14b0bc20076394d0c56a6643cd53de69d078788b8	https://file0.52tesla.com/gigamini/tesla-wrap/examples/modely-2025-base/2a96473c.jpg	2026-08-30T12:50:09Z	未声明，禁止公开再分发
skin	modely-2025-base	时空穿梭机	assets/xiaote/raw/skins/modely-2025-base/0d04cada.jpg	147985	f8b34c888431d35ddc5eea58175fcd14207e06311f798e60a3c3bb14017d9aa4	https://file0.52tesla.com/gigamini/tesla-wrap/examples/modely-2025-base/0d04cada.jpg	2026-08-30T12:50:09Z	未声明，禁止公开再分发
skin	modely-2025-base	蝙蝠侠战衣	assets/xiaote/raw/skins/modely-2025-base/6cb281aa.jpg	127023	dc50c6d748dc3ad70730f7da68d3138dbefa776306e1039f0945f7cc4309c0fc	https://file0.52tesla.com/gigamini/tesla-wrap/examples/modely-2025-base/6cb281aa.jpg	2026-08-30T12:50:09Z	未声明，禁止公开再分发
skin	modely-2025-base	赛博朋克之光	assets/xiaote/raw/skins/modely-2025-base/24d9b7dd.jpg	170320	c118b9a1423fd8ee5f8fee685321946f58ce2ca133ad65789f4d86cbcf785469	https://file0.52tesla.com/gigamini/tesla-wrap/examples/modely-2025-base/24d9b7dd.jpg	2026-08-30T12:50:09Z	未声明，禁止公开再分发
skin	modely-2025-base	特斯拉赛博朋克风	assets/xiaote/raw/skins/modely-2025-base/4db375b5.jpg	96716	ac4a72fbd94c1a114c43249ffb2d8c473c275c5884fa25245e4e25b1f0f1b552	https://file0.52tesla.com/gigamini/tesla-wrap/examples/modely-2025-base/4db375b5.jpg	2026-08-30T12:50:09Z	未声明，禁止公开再分发
skin	modely-2025-base	阿森纳足球俱乐部主题皮肤	assets/xiaote/raw/skins/modely-2025-base/1df1b241.jpg	103743	cba58bb2eed2418804e30260647c7b332177355929898bae149737cf71f02e7a	https://file0.52tesla.com/gigamini/tesla-wrap/examples/modely-2025-base/1df1b241.jpg	2026-08-30T12:50:09Z	未声明，禁止公开再分发
skin	modely-2025-base	从河到海	assets/xiaote/raw/skins/modely-2025-base/cb94f56e.jpg	120995	b3eb116a5a03dffdc2c38f9ddbb15b4f1d38e9b9edfe73fc62bfa545a91e7327	https://file0.52tesla.com/gigamini/tesla-wrap/examples/modely-2025-base/cb94f56e.jpg	2026-08-30T12:50:09Z	未声明，禁止公开再分发
skin	modely-2025-base	加拉塔萨雷足球俱乐部主题皮肤	assets/xiaote/raw/skins/modely-2025-base/5183cd85.jpg	139750	68b33578fee90c5fb877ea8915aa6f3069837186f8e5f44cf255e8d7d4bc4ff1	https://file0.52tesla.com/gigamini/tesla-wrap/examples/modely-2025-base/5183cd85.jpg	2026-08-30T12:50:09Z	未声明，禁止公开再分发
skin	modely-2025-base	暗夜猎鹰	assets/xiaote/raw/skins/modely-2025-base/6848ce34.jpg	172448	7c68d86828e7e23879a0fc61d3348af3112e6bb8eed0720508370be8a3dc22c4	https://file0.52tesla.com/gigamini/tesla-wrap/examples/modely-2025-base/6848ce34.jpg	2026-08-30T12:50:09Z	未声明，禁止公开再分发
skin	modely-2025-base	巧克力牛奶	assets/xiaote/raw/skins/modely-2025-base/0b4c5504.jpg	164973	34f2008fec12c2d9ed0b84f73671c79478ba90a0b22fe380cb9298db6afeb3b1	https://file0.52tesla.com/gigamini/tesla-wrap/examples/modely-2025-base/0b4c5504.jpg	2026-08-30T12:50:09Z	未声明，禁止公开再分发
skin	modely-2025-base	猛虎出山	assets/xiaote/raw/skins/modely-2025-base/c81f9952.jpg	221562	ebd2ded0b1af98fd3441bbab2aea36ced8a6a40d5fdb00949c4d77ac9d77b9d8	https://file0.52tesla.com/gigamini/tesla-wrap/examples/modely-2025-base/c81f9952.jpg	2026-08-30T12:50:09Z	未声明，禁止公开再分发
skin	modely-2025-base	费内巴切足球俱乐部条纹特斯拉皮肤	assets/xiaote/raw/skins/modely-2025-base/905f10e7.jpg	162936	c61fe30390b6bc2448ba5ea3179f168de3e12eb23004e39c7fb650147f714388	https://file0.52tesla.com/gigamini/tesla-wrap/examples/modely-2025-base/905f10e7.jpg	2026-08-30T12:50:09Z	未声明，禁止公开再分发
skin	modely-2025-base	机甲狂潮	assets/xiaote/raw/skins/modely-2025-base/9825b3a6.jpg	110648	6752aada7dfff465aefd60a3cf63fb035a12e7b4d2fdc9075edf9304457894af	https://file0.52tesla.com/gigamini/tesla-wrap/examples/modely-2025-base/9825b3a6.jpg	2026-08-30T12:50:09Z	未声明，禁止公开再分发
skin	modely-2025-base	蓝金荣耀	assets/xiaote/raw/skins/modely-2025-base/1aa9b929.jpg	126961	d3f4c5be594daf06de4e1400418bf99671cdaef5c40ed66cff50bff203359cf1	https://file0.52tesla.com/gigamini/tesla-wrap/examples/modely-2025-base/1aa9b929.jpg	2026-08-30T12:50:09Z	未声明，禁止公开再分发
skin	modely-2025-base	乐高积木	assets/xiaote/raw/skins/modely-2025-base/9545fc7c.jpg	148884	d694103620a2dc3733a601f0042eee33fb2ad86ce98d4fc3e0414080f130bc14	https://file0.52tesla.com/gigamini/tesla-wrap/examples/modely-2025-base/9545fc7c.jpg	2026-08-30T12:50:09Z	未声明，禁止公开再分发
skin	modely-2025-base	Deliveroo 绿色配送车	assets/xiaote/raw/skins/modely-2025-base/b22485c3.jpg	147243	cba73477c1d1937d6d6fb00ff2904408ff210b83b5c874ecebcf132987b4118f	https://file0.52tesla.com/gigamini/tesla-wrap/examples/modely-2025-base/b22485c3.jpg	2026-08-30T12:50:09Z	未声明，禁止公开再分发
skin	modely-2025-base	紫罗兰骑士	assets/xiaote/raw/skins/modely-2025-base/5a8c7777.jpg	152422	689d038a6fb75634d6ce5c193edf2e45123ca9e68ccd3cc2f15d715550c85fdb	https://file0.52tesla.com/gigamini/tesla-wrap/examples/modely-2025-base/5a8c7777.jpg	2026-08-30T12:50:09Z	未声明，禁止公开再分发
skin	modely-2025-base	梗图狂潮	assets/xiaote/raw/skins/modely-2025-base/e60f942f.jpg	255779	b0936d1107254f15651c8f8bdb0916ae6fdd5e8af17dfe04de9998d1bd16e532	https://file0.52tesla.com/gigamini/tesla-wrap/examples/modely-2025-base/e60f942f.jpg	2026-08-30T12:50:09Z	未声明，禁止公开再分发
skin	modely-2025-base	梗图狂潮	assets/xiaote/raw/skins/modely-2025-base/ce5b58e0.jpg	272498	fb1ff7dcc02e72fe7bb609ca9d1dd1fa48a9e09f8ccfc554b7ca2b5bbdc25c76	https://file0.52tesla.com/gigamini/tesla-wrap/examples/modely-2025-base/ce5b58e0.jpg	2026-08-30T12:50:09Z	未声明，禁止公开再分发
skin	modely-2025-base	机甲战士	assets/xiaote/raw/skins/modely-2025-base/eb612780.jpg	119625	e324d7c76829e6997525dae6d13a34dc1f019f58145340b3e4e2a998aeb80834	https://file0.52tesla.com/gigamini/tesla-wrap/examples/modely-2025-base/eb612780.jpg	2026-08-30T12:50:09Z	未声明，禁止公开再分发
skin	modely-2025-base	银蓝战甲	assets/xiaote/raw/skins/modely-2025-base/64eefa9d.jpg	114791	8b41f4f4990e529e704c05da16f6aa66751147d08c3ee886fe379433f5caf274	https://file0.52tesla.com/gigamini/tesla-wrap/examples/modely-2025-base/64eefa9d.jpg	2026-08-30T12:50:09Z	未声明，禁止公开再分发
skin	modely-2025-base	星际迷航	assets/xiaote/raw/skins/modely-2025-base/4179a180.jpg	146078	dc166a3fe1a5b7fd86f6d1fd9edd5931c5e0a645d4ce43fd15fed5f8fe7a1266	https://file0.52tesla.com/gigamini/tesla-wrap/examples/modely-2025-base/4179a180.jpg	2026-08-30T12:50:09Z	未声明，禁止公开再分发
skin	modely-2025-base	彩虹流线型	assets/xiaote/raw/skins/modely-2025-base/2c9f477d.jpg	289926	e921e77a6362b69b7ba977f34c9482d64bfe95a9e66ce06a93c0c57629d6e814	https://file0.52tesla.com/gigamini/tesla-wrap/examples/modely-2025-base/2c9f477d.jpg	2026-08-30T12:50:09Z	未声明，禁止公开再分发
skin	modely-2025-base	韭菜的哀嚎	assets/xiaote/raw/skins/modely-2025-base/06a4e481.jpg	284778	9a0ad972dc3e9f77cf0cb8edb2fbf37292be306b4fd7131449b30ec3fac10302	https://file0.52tesla.com/gigamini/tesla-wrap/examples/modely-2025-base/06a4e481.jpg	2026-08-30T12:50:09Z	未声明，禁止公开再分发
skin	modely-2025-base	桃花朵朵开	assets/xiaote/raw/skins/modely-2025-base/df031e95.jpg	179831	0a9a26cd2696e72b3772ac15802160449ccfb5c6e5b870c10940336cf6cb5797	https://file0.52tesla.com/gigamini/tesla-wrap/examples/modely-2025-base/df031e95.jpg	2026-08-30T12:50:09Z	未声明，禁止公开再分发
skin	modely-2025-base	暗夜绿骑士	assets/xiaote/raw/skins/modely-2025-base/898c56b9.jpg	155672	0d374aa39779d2831838c027c5f3f04391e4b5c056064427aaf2addf53df44f6	https://file0.52tesla.com/gigamini/tesla-wrap/examples/modely-2025-base/898c56b9.jpg	2026-08-30T12:50:09Z	未声明，禁止公开再分发
skin	modely-2025-base	银色裂纹	assets/xiaote/raw/skins/modely-2025-base/d33d06a7.jpg	169951	648968069c545c2b8f113f546e0981cf844860f67d6deb2fe19c6af9d0d5abd9	https://file0.52tesla.com/gigamini/tesla-wrap/examples/modely-2025-base/d33d06a7.jpg	2026-08-30T12:50:09Z	未声明，禁止公开再分发
skin	modely-2025-base	加拉塔萨雷足球俱乐部	assets/xiaote/raw/skins/modely-2025-base/995cb51b.jpg	151159	872f47368b742be616362ec4a09f08000b7faf6c3d14c59a57f5555edbc2aca1	https://file0.52tesla.com/gigamini/tesla-wrap/examples/modely-2025-base/995cb51b.jpg	2026-08-30T12:50:09Z	未声明，禁止公开再分发
skin	modely-2025-base	史迪奇银河漫游	assets/xiaote/raw/skins/modely-2025-base/f64eb90e.jpg	142127	4713179946d1341444328ba8618c13846cfa4be2715d18547a1da6945f37eb28	https://file0.52tesla.com/gigamini/tesla-wrap/examples/modely-2025-base/f64eb90e.jpg	2026-08-30T12:50:09Z	未声明，禁止公开再分发
skin	modely-2025-base	赛博朋克风特斯拉	assets/xiaote/raw/skins/modely-2025-base/4525c3ef.jpg	270374	453f063a8189703ef8181fa2ba7be6c011e8712baf213c09a0276a8256bc2665	https://file0.52tesla.com/gigamini/tesla-wrap/examples/modely-2025-base/4525c3ef.jpg	2026-08-30T12:50:09Z	未声明，禁止公开再分发
skin	modely-2025-base	神奇校车	assets/xiaote/raw/skins/modely-2025-base/fe58ea09.jpg	279207	024ef5315edd438fa13fb6c55fd4060199aa3820a9bc23a581f8d5c154a44194	https://file0.52tesla.com/gigamini/tesla-wrap/examples/modely-2025-base/fe58ea09.jpg	2026-08-30T12:50:09Z	未声明，禁止公开再分发
skin	modely-2025-base	苏斯博士梦幻之旅	assets/xiaote/raw/skins/modely-2025-base/8e8f200f.jpg	321714	695df7b81a6011348dc9d7322e1cd6a41626a4ff01c42c8e3af952a2691344de	https://file0.52tesla.com/gigamini/tesla-wrap/examples/modely-2025-base/8e8f200f.jpg	2026-08-30T12:50:09Z	未声明，禁止公开再分发
skin	modely-2025-base	星际迷航	assets/xiaote/raw/skins/modely-2025-base/f22ffb16.jpg	192088	244b5c7f097842d6f151fa7535c41438c8b5725b647f98965cabed87b7834316	https://file0.52tesla.com/gigamini/tesla-wrap/examples/modely-2025-base/f22ffb16.jpg	2026-08-30T12:50:09Z	未声明，禁止公开再分发
skin	modely-2025-base	流光溢彩	assets/xiaote/raw/skins/modely-2025-base/43a38fb5.jpg	286621	ba6d298c5b39bcff4d8632791dc528ae5c221029adfb47ef80ae31d9a31107e5	https://file0.52tesla.com/gigamini/tesla-wrap/examples/modely-2025-base/43a38fb5.jpg	2026-08-30T12:50:09Z	未声明，禁止公开再分发
skin	modely-2025-base	星际迷航	assets/xiaote/raw/skins/modely-2025-base/e225efcd.jpg	225690	34a8b68f420177f9e85c084d7cc3c98a052381d21d93bcd6d8c9b17d87c4fbf3	https://file0.52tesla.com/gigamini/tesla-wrap/examples/modely-2025-base/e225efcd.jpg	2026-08-30T12:50:09Z	未声明，禁止公开再分发
skin	modely-2025-base	特斯拉红黑条纹赛车服	assets/xiaote/raw/skins/modely-2025-base/b14ac447.jpg	114470	8b2580b4e9ab50d301aa119f387006c5e0e4ba9b0a7681ffe95fb5ac955fb999	https://file0.52tesla.com/gigamini/tesla-wrap/examples/modely-2025-base/b14ac447.jpg	2026-08-30T12:50:09Z	未声明，禁止公开再分发
skin	modely-2025-base	星际迷航	assets/xiaote/raw/skins/modely-2025-base/b49ca8b0.jpg	143330	343c4c8ae676411d798190e96d51f786d317b54aca297408536c41190ca11662	https://file0.52tesla.com/gigamini/tesla-wrap/examples/modely-2025-base/b49ca8b0.jpg	2026-08-30T12:50:09Z	未声明，禁止公开再分发
skin	modely-2025-base	阿凡达：最后的气宗	assets/xiaote/raw/skins/modely-2025-base/aa622fb6.jpg	235574	0921c98d11e54f1823b4969335fbf0dcc409302563913887ad2cb0193fd2f3d2	https://file0.52tesla.com/gigamini/tesla-wrap/examples/modely-2025-base/aa622fb6.jpg	2026-08-30T12:50:09Z	未声明，禁止公开再分发
skin	modely-2025-base	木纹迷彩	assets/xiaote/raw/skins/modely-2025-base/8ab2a9be.jpg	275248	fee40542ea6f783f22b70399606d3203e719ee581617035cb1136908113d5d46	https://file0.52tesla.com/gigamini/tesla-wrap/examples/modely-2025-base/8ab2a9be.jpg	2026-08-30T12:50:09Z	未声明，禁止公开再分发
skin	modely-2025-base	星际迷航	assets/xiaote/raw/skins/modely-2025-base/b01015a5.jpg	186429	da7ece98e3a2f7b6cd5335ef2654cb9ca19980f33f1bc0b0202a54577532e8c6	https://file0.52tesla.com/gigamini/tesla-wrap/examples/modely-2025-base/b01015a5.jpg	2026-08-30T12:50:09Z	未声明，禁止公开再分发
skin	modely-2025-base	密尔沃基雄鹿队篮球主题	assets/xiaote/raw/skins/modely-2025-base/08c1bccc.jpg	230683	e26b7877e4c6f70c5ae249eff03231db43a24a4c4d95bad4bc8862b6224cd839	https://file0.52tesla.com/gigamini/tesla-wrap/examples/modely-2025-base/08c1bccc.jpg	2026-08-30T12:50:09Z	未声明，禁止公开再分发
skin	modely-2025-base	星际迷航	assets/xiaote/raw/skins/modely-2025-base/fe4e92e9.jpg	235952	f4b4e045e6af0a7e53bf32c2806f4a63a8bdfb6a043842b3959255b27619d798	https://file0.52tesla.com/gigamini/tesla-wrap/examples/modely-2025-base/fe4e92e9.jpg	2026-08-30T12:50:09Z	未声明，禁止公开再分发
skin	modely-2025-base	流光溢彩	assets/xiaote/raw/skins/modely-2025-base/eae8f033.jpg	288102	b39484d45595c86f2f6f9c84de2de0c915f9674046da76f181f7fca1a0844bdb	https://file0.52tesla.com/gigamini/tesla-wrap/examples/modely-2025-base/eae8f033.jpg	2026-08-30T12:50:09Z	未声明，禁止公开再分发
skin	modely-2025-base	绿湾包装工队	assets/xiaote/raw/skins/modely-2025-base/e995c36e.jpg	149403	acfb424b733b1655c255112353bcfa1c35d78ba967ad28b6fc992992573a06e7	https://file0.52tesla.com/gigamini/tesla-wrap/examples/modely-2025-base/e995c36e.jpg	2026-08-30T12:50:09Z	未声明，禁止公开再分发
skin	modely-2025-base	尤文图斯足球俱乐部主题皮肤	assets/xiaote/raw/skins/modely-2025-base/26345da3.jpg	240545	e742bd3f0576e8d3d0da31e0a0127b72501a5496d869dc664ed2c1aee5f03d9e	https://file0.52tesla.com/gigamini/tesla-wrap/examples/modely-2025-base/26345da3.jpg	2026-08-30T12:50:09Z	未声明，禁止公开再分发
skin	modely-2025-base	星际迷航	assets/xiaote/raw/skins/modely-2025-base/8fa4bae1.jpg	238243	59848fb3e3e95c6e2b6ca9d92bf953a3a0d7d80856e573ed9de34c38849d14fa	https://file0.52tesla.com/gigamini/tesla-wrap/examples/modely-2025-base/8fa4bae1.jpg	2026-08-30T12:50:09Z	未声明，禁止公开再分发
skin	modely-2025-base	星际迷航	assets/xiaote/raw/skins/modely-2025-base/7addc54f.jpg	146181	996762a6ceae6db2325aebc6d99d0a40fee49da6de1518d776fbced23007a984	https://file0.52tesla.com/gigamini/tesla-wrap/examples/modely-2025-base/7addc54f.jpg	2026-08-30T12:50:09Z	未声明，禁止公开再分发
skin	modely-2025-base	亚马逊箭头	assets/xiaote/raw/skins/modely-2025-base/51ab7dae.jpg	182772	9c6dc680832be02fe0a94dad487d91220d412937d1c33a458d17367cef6efa69	https://file0.52tesla.com/gigamini/tesla-wrap/examples/modely-2025-base/51ab7dae.jpg	2026-08-30T12:50:09Z	未声明，禁止公开再分发
skin	modely-2025-base	电光幻影	assets/xiaote/raw/skins/modely-2025-base/fcc3f922.jpg	215466	1bf476a8291317c41d6d5dc5ffec0123568dc6d7fd70dd3e48e528dd41505211	https://file0.52tesla.com/gigamini/tesla-wrap/examples/modely-2025-base/fcc3f922.jpg	2026-08-30T12:50:09Z	未声明，禁止公开再分发
skin	modely-2025-base	彩虹宇宙	assets/xiaote/raw/skins/modely-2025-base/dfca5053.jpg	192920	b3bc7c19972fa2a3ef18187cdb5119bf6fd4c78cb7b5a2308e0e7d2d0d25efc6	https://file0.52tesla.com/gigamini/tesla-wrap/examples/modely-2025-base/dfca5053.jpg	2026-08-30T12:50:09Z	未声明，禁止公开再分发
skin	modely-2025-base	木纹迷彩	assets/xiaote/raw/skins/modely-2025-base/18ce5531.jpg	274554	2476a0aec1df982916daf97940e90185a00ff56acf050fcc04f9c259611b1da0	https://file0.52tesla.com/gigamini/tesla-wrap/examples/modely-2025-base/18ce5531.jpg	2026-08-30T12:50:09Z	未声明，禁止公开再分发
skin	modely-2025-base	星际穿越	assets/xiaote/raw/skins/modely-2025-base/06d2e76c.jpg	266497	035e5134220d8d0a9eb1edd8c070fe146103f5c9995f702bd4989fb9f89f9e82	https://file0.52tesla.com/gigamini/tesla-wrap/examples/modely-2025-base/06d2e76c.jpg	2026-08-30T12:50:09Z	未声明，禁止公开再分发
skin	modely-2025-base	星际迷航	assets/xiaote/raw/skins/modely-2025-base/00039329.jpg	17485	ceb16bf78b673455ef48f641e390aa7c99c3f7494346c4e9b1a9d0529f991355	https://file0.52tesla.com/gigamini/tesla-wrap/examples/modely-2025-base/00039329.jpg	2026-08-30T12:50:09Z	未声明，禁止公开再分发
skin	modely-2025-base	苏斯博士的奇异世界	assets/xiaote/raw/skins/modely-2025-base/9ae64104.jpg	271252	1eeeb66d2fb75403d15d063376b930da572e95770328a3bb8326a7662a367fad	https://file0.52tesla.com/gigamini/tesla-wrap/examples/modely-2025-base/9ae64104.jpg	2026-08-30T12:50:09Z	未声明，禁止公开再分发
skin	modely-2025-base	星际迷航	assets/xiaote/raw/skins/modely-2025-base/94213a4f.jpg	245801	d77d65f7ab7974394efe84f1e2a65648322acfd285c65a356152a510cbcc1068	https://file0.52tesla.com/gigamini/tesla-wrap/examples/modely-2025-base/94213a4f.jpg	2026-08-30T12:50:09Z	未声明，禁止公开再分发
skin	modely-2025-base	数码迷彩黑武士	assets/xiaote/raw/skins/modely-2025-base/771a6023.jpg	184825	66b053b298678aa73e064cfd03d80748c239bf796913fa9ba6b8fa778cca0e29	https://file0.52tesla.com/gigamini/tesla-wrap/examples/modely-2025-base/771a6023.jpg	2026-08-30T12:50:09Z	未声明，禁止公开再分发
skin	modely-2025-base	彩虹幻影	assets/xiaote/raw/skins/modely-2025-base/f55bff07.jpg	138889	20509ed42cc37808e968d3bdc1b048f96685e7b33093958a5b384d1e2db0e5d2	https://file0.52tesla.com/gigamini/tesla-wrap/examples/modely-2025-base/f55bff07.jpg	2026-08-30T12:50:09Z	未声明，禁止公开再分发
skin	modely-2025-base	黄金甲胄	assets/xiaote/raw/skins/modely-2025-base/5e2fa79e.jpg	294661	3f78cc4becc05afb4ded6aa7ff5df79b414f7a26ad7683b43451551fd31e6635	https://file0.52tesla.com/gigamini/tesla-wrap/examples/modely-2025-base/5e2fa79e.jpg	2026-08-30T12:50:09Z	未声明，禁止公开再分发
skin	modely-2025-base	LV经典款	assets/xiaote/raw/skins/modely-2025-base/db5bfa05.jpg	241052	e6b63ee0456e9d2bb31c81843f71ab27589572a25167195d2186be77007e8773	https://file0.52tesla.com/gigamini/tesla-wrap/examples/modely-2025-base/db5bfa05.jpg	2026-08-30T12:50:09Z	未声明，禁止公开再分发
skin	modely-2025-base	红色脉冲	assets/xiaote/raw/skins/modely-2025-base/453e3098.jpg	260051	d8d8c9db2ff995a1078540041d6bab57255a7fb482cdb14775b71aa2b202a17c	https://file0.52tesla.com/gigamini/tesla-wrap/examples/modely-2025-base/453e3098.jpg	2026-08-30T12:50:09Z	未声明，禁止公开再分发
skin	modely-2025-base	黄金战甲	assets/xiaote/raw/skins/modely-2025-base/571690e7.jpg	189122	41f4c140cfec3507e00e91b582c0b8844231e07acf2324965c92993623245700	https://file0.52tesla.com/gigamini/tesla-wrap/examples/modely-2025-base/571690e7.jpg	2026-08-30T12:50:09Z	未声明，禁止公开再分发
skin	modely-2025-base	国风曼荼罗	assets/xiaote/raw/skins/modely-2025-base/c57692d5.jpg	187670	b54923398784a22768da1f6c273353b6ce6aca06b0324250746fa906234fe223	https://file0.52tesla.com/gigamini/tesla-wrap/examples/modely-2025-base/c57692d5.jpg	2026-08-30T12:50:09Z	未声明，禁止公开再分发
skin	modely-2025-base	雷霆战甲	assets/xiaote/raw/skins/modely-2025-base/c307103c.jpg	277634	67c50ad0e40755bdc2e64575115a09a90396b6fbf202e9b25583eeff39033ee3	https://file0.52tesla.com/gigamini/tesla-wrap/examples/modely-2025-base/c307103c.jpg	2026-08-30T12:50:09Z	未声明，禁止公开再分发
skin	modely-2025-base	狼影月色	assets/xiaote/raw/skins/modely-2025-base/3e919dd0.jpg	287765	cf28de48211538fc2b15d489d245565f45981c8d1b89bb838a662dc3e1884b26	https://file0.52tesla.com/gigamini/tesla-wrap/examples/modely-2025-base/3e919dd0.jpg	2026-08-30T12:50:09Z	未声明，禁止公开再分发
skin	modely-2025-base	亚马逊Prime	assets/xiaote/raw/skins/modely-2025-base/4a5375b4.jpg	185550	7acf3e1fb0288619dd06ee817774b81d879393c4d29e0f106df9caf5408d4b83	https://file0.52tesla.com/gigamini/tesla-wrap/examples/modely-2025-base/4a5375b4.jpg	2026-08-30T12:50:09Z	未声明，禁止公开再分发
skin	modely-2025-base	星际迷航	assets/xiaote/raw/skins/modely-2025-base/397f828b.jpg	213047	39e1ac2b37864a0ee715fe1532bf17b00eb359a228cef2800b5b0b4dc0c8b883	https://file0.52tesla.com/gigamini/tesla-wrap/examples/modely-2025-base/397f828b.jpg	2026-08-30T12:50:09Z	未声明，禁止公开再分发
skin	modely-2025-base	古驰联名款	assets/xiaote/raw/skins/modely-2025-base/734e58bc.jpg	289464	c242501641e59fa02c5cedccd3d70c98ead3443089f3e51573b9d03197a6e043	https://file0.52tesla.com/gigamini/tesla-wrap/examples/modely-2025-base/734e58bc.jpg	2026-08-30T12:50:09Z	未声明，禁止公开再分发
skin	modely-2025-base	耐克黑武士	assets/xiaote/raw/skins/modely-2025-base/be30d2d4.jpg	170669	4875fce5035e3d37857866bcfa7091fb338f7fc7caf08deb0c8f1eaaff4049e5	https://file0.52tesla.com/gigamini/tesla-wrap/examples/modely-2025-base/be30d2d4.jpg	2026-08-30T12:50:09Z	未声明，禁止公开再分发
skin	modely-2025-base	成功小孩主题皮肤	assets/xiaote/raw/skins/modely-2025-base/d44da561.jpg	330674	72dc99ee78e63d0354f96f0398ff35a41dc5c183433dfb01690461eac157013c	https://file0.52tesla.com/gigamini/tesla-wrap/examples/modely-2025-base/d44da561.jpg	2026-08-30T12:50:09Z	未声明，禁止公开再分发
skin	modely-2025-base	暗夜骑士	assets/xiaote/raw/skins/modely-2025-base/3b78fd30.jpg	233160	b0d0366200eb95c4debce5b06deed1d00aec2225db6a88fd548c9c923cc693ac	https://file0.52tesla.com/gigamini/tesla-wrap/examples/modely-2025-base/3b78fd30.jpg	2026-08-30T12:50:09Z	未声明，禁止公开再分发
skin	modely-2025-base	海贼王主题皮肤	assets/xiaote/raw/skins/modely-2025-base/833fced5.jpg	316195	11d94aa29b9b400f0fd240e98ae243ed9c89ccf3b796ed422ae35c602bd3e72d	https://file0.52tesla.com/gigamini/tesla-wrap/examples/modely-2025-base/833fced5.jpg	2026-08-30T12:50:09Z	未声明，禁止公开再分发
skin	modely-2025-base	水火之争	assets/xiaote/raw/skins/modely-2025-base/89e3e25c.jpg	260944	5a485d1538ffcae5ce53dcfff82f8ddbde51ea9dedebd9217c1d43fc9e3d4d14	https://file0.52tesla.com/gigamini/tesla-wrap/examples/modely-2025-base/89e3e25c.jpg	2026-08-30T12:50:09Z	未声明，禁止公开再分发
skin	modely-2025-base	星际迷航	assets/xiaote/raw/skins/modely-2025-base/fb0e69f9.jpg	266371	7f6a81e55119315f8d4d06eb93ad81bd4c4695ec0ab286cea0cfbe92bb0d71dc	https://file0.52tesla.com/gigamini/tesla-wrap/examples/modely-2025-base/fb0e69f9.jpg	2026-08-30T12:50:09Z	未声明，禁止公开再分发
skin	modely-2025-base	机械凤凰	assets/xiaote/raw/skins/modely-2025-base/97532af5.jpg	292964	8b3996c7fd533ccd1b22c26a196ef5b2031fc342a38a3194cebaeed77c6ee207	https://file0.52tesla.com/gigamini/tesla-wrap/examples/modely-2025-base/97532af5.jpg	2026-08-30T12:50:09Z	未声明，禁止公开再分发
skin	modely-2025-base	星条旗特斯拉	assets/xiaote/raw/skins/modely-2025-base/2f011ba2.jpg	261662	f77fb3441f161618c6aa5fb541b32b2d6fc8e655da080dee04f501fbac79ff3d	https://file0.52tesla.com/gigamini/tesla-wrap/examples/modely-2025-base/2f011ba2.jpg	2026-08-30T12:50:09Z	未声明，禁止公开再分发
skin	modely-2025-base	星际迷航	assets/xiaote/raw/skins/modely-2025-base/d7c17022.jpg	201586	ed116ed03337f853142941fbe82614c067ab383525063b2022ce7346814d1397	https://file0.52tesla.com/gigamini/tesla-wrap/examples/modely-2025-base/d7c17022.jpg	2026-08-30T12:50:09Z	未声明，禁止公开再分发
skin	modely-2025-base	落日余晖下的山脉森林	assets/xiaote/raw/skins/modely-2025-base/eca50ad0.jpg	237490	38d6c04c180c97275d951fed1751005d62e638b909c4e6eb9f9890f71e0b7b34	https://file0.52tesla.com/gigamini/tesla-wrap/examples/modely-2025-base/eca50ad0.jpg	2026-08-30T12:50:09Z	未声明，禁止公开再分发
skin	modely-2025-base	雪地迷彩	assets/xiaote/raw/skins/modely-2025-base/9cbb591c.jpg	167694	71da3b933889f44295e5b1abb565a280dba750316e98e7c123fddcb0a38faa58	https://file0.52tesla.com/gigamini/tesla-wrap/examples/modely-2025-base/9cbb591c.jpg	2026-08-30T12:50:09Z	未声明，禁止公开再分发
skin	modely-2025-base	星际迷航	assets/xiaote/raw/skins/modely-2025-base/c7592f7d.jpg	226567	2d980909b0ba9658d026bd2b23f69d079d5c27e891f238bdbdce7cb61fb73f48	https://file0.52tesla.com/gigamini/tesla-wrap/examples/modely-2025-base/c7592f7d.jpg	2026-08-30T12:50:09Z	未声明，禁止公开再分发
skin	modely-2025-base	土耳其国旗红黑系列	assets/xiaote/raw/skins/modely-2025-base/dbc09c60.jpg	113168	94d2fb0afb5bb76b36cf5f5e7dd789ac44fa8342d4b767251ef5b57a4b3eb634	https://file0.52tesla.com/gigamini/tesla-wrap/examples/modely-2025-base/dbc09c60.jpg	2026-08-30T12:50:09Z	未声明，禁止公开再分发
skin	modely-2025-base	星际迷航	assets/xiaote/raw/skins/modely-2025-base/fbdd8d5c.jpg	217600	85585e69f4363123955187ead83849bfb196270c71d8cf98f46a74027d304aed	https://file0.52tesla.com/gigamini/tesla-wrap/examples/modely-2025-base/fbdd8d5c.jpg	2026-08-30T12:50:09Z	未声明，禁止公开再分发
skin	modely-2025-base	机甲先锋	assets/xiaote/raw/skins/modely-2025-base/a74b9847.jpg	238580	08ce75c7028a987b43e955496c7588875b8c4fd968311e8fa1c59214f81141f4	https://file0.52tesla.com/gigamini/tesla-wrap/examples/modely-2025-base/a74b9847.jpg	2026-08-30T12:50:09Z	未声明，禁止公开再分发
skin	modely-2025-base	流光溢彩	assets/xiaote/raw/skins/modely-2025-base/44b510e8.jpg	136503	1c34f95343539bcf4c930291d95c9af9b45e71e15f0c840578c233f58653b29d	https://file0.52tesla.com/gigamini/tesla-wrap/examples/modely-2025-base/44b510e8.jpg	2026-08-30T12:50:09Z	未声明，禁止公开再分发
skin	modely-2025-base	速度与激情	assets/xiaote/raw/skins/modely-2025-base/df38f20c.jpg	212767	cb0a1323887a5d3bec49a4cf5bdabdd6a6aeb38e695580eeb2b89d5ebf200f9a	https://file0.52tesla.com/gigamini/tesla-wrap/examples/modely-2025-base/df38f20c.jpg	2026-08-30T12:50:09Z	未声明，禁止公开再分发
skin	modely-2025-base	彩虹屁猫	assets/xiaote/raw/skins/modely-2025-base/a7e566dc.jpg	197647	25709148e83a609dc1c7c4e4d94c809d0a39f5d1a5bbd04c0500e0c4c3274b01	https://file0.52tesla.com/gigamini/tesla-wrap/examples/modely-2025-base/a7e566dc.jpg	2026-08-30T12:50:09Z	未声明，禁止公开再分发
skin	modely-2025-base	星际迷航	assets/xiaote/raw/skins/modely-2025-base/2d610046.jpg	202073	dd71b477546bebce79daac33212ce650561dafe5e5799494518b2813830ba368	https://file0.52tesla.com/gigamini/tesla-wrap/examples/modely-2025-base/2d610046.jpg	2026-08-30T12:50:09Z	未声明，禁止公开再分发
skin	modely-2025-base	特斯拉皮卡皮肤-赛博朋克狂想曲	assets/xiaote/raw/skins/modely-2025-base/ecf0798a.jpg	305821	1f34a848394b95f9e3a735ec54e5f136ab9709a6ca90ebabb0dbed3dce0b90ec	https://file0.52tesla.com/gigamini/tesla-wrap/examples/modely-2025-base/ecf0798a.jpg	2026-08-30T12:50:09Z	未声明，禁止公开再分发
skin	modely-2025-base	圣诞红与绿	assets/xiaote/raw/skins/modely-2025-base/edeb5cd3.jpg	301014	6978ba314b98fc94b212df6283f6827a74a227aba87d013ce07a2cccafcec956	https://file0.52tesla.com/gigamini/tesla-wrap/examples/modely-2025-base/edeb5cd3.jpg	2026-08-30T12:50:09Z	未声明，禁止公开再分发
skin	modely-2025-base	火星占领者	assets/xiaote/raw/skins/modely-2025-base/cb5b3585.jpg	225138	8bf0e145d3016550aefe746bc9b9f8a5db52ce42d5645ed2b300698c7d3b737f	https://file0.52tesla.com/gigamini/tesla-wrap/examples/modely-2025-base/cb5b3585.jpg	2026-08-30T12:50:09Z	未声明，禁止公开再分发
skin	modely-2025-base	冰雪奇缘	assets/xiaote/raw/skins/modely-2025-base/ac1e122f.jpg	274808	f73133ce4fb90232572cf092a4a84140907e6a59c20231bfbe42944ad0c281a3	https://file0.52tesla.com/gigamini/tesla-wrap/examples/modely-2025-base/ac1e122f.jpg	2026-08-30T12:50:09Z	未声明，禁止公开再分发
skin	modely-2025-base	雷霆战甲	assets/xiaote/raw/skins/modely-2025-base/f33cf4d9.jpg	286937	4168f767958e8e97dcb7e42f5cb701b656ae4a9f2b6ae318d9b9a725046b09cf	https://file0.52tesla.com/gigamini/tesla-wrap/examples/modely-2025-base/f33cf4d9.jpg	2026-08-30T12:50:09Z	未声明，禁止公开再分发
skin	modely-2025-base	深海梦境	assets/xiaote/raw/skins/modely-2025-base/2e6da5cf.jpg	168651	0f0d67eec266aa1fb886278a410a2eb7f8905a6ca8a5a6e59cb1b9c2dd2b2ca6	https://file0.52tesla.com/gigamini/tesla-wrap/examples/modely-2025-base/2e6da5cf.jpg	2026-08-30T12:50:09Z	未声明，禁止公开再分发
skin	modely-2025-base	木制箱子	assets/xiaote/raw/skins/modely-2025-base/0d6d2c07.jpg	277921	1d086f11a17b1121eab2832a8184887113b7b731cca5205e8323e142ffa910bd	https://file0.52tesla.com/gigamini/tesla-wrap/examples/modely-2025-base/0d6d2c07.jpg	2026-08-30T12:50:09Z	未声明，禁止公开再分发
skin	modely-2025-base	钢铁骑士	assets/xiaote/raw/skins/modely-2025-base/9400ba0d.jpg	170157	4fd1878bbc3927ee86fa9e1c6c5150f7df0980a4b8ee6f9fce17e032f700289f	https://file0.52tesla.com/gigamini/tesla-wrap/examples/modely-2025-base/9400ba0d.jpg	2026-08-30T12:50:09Z	未声明，禁止公开再分发
skin	modely-2025-base	彩虹猫夜空	assets/xiaote/raw/skins/modely-2025-base/1df34611.jpg	205620	b5c5baa92037d2657980be416227e70b614cf5db5ae8fed7b5870118b2a36964	https://file0.52tesla.com/gigamini/tesla-wrap/examples/modely-2025-base/1df34611.jpg	2026-08-30T12:50:09Z	未声明，禁止公开再分发
skin	modely-2025-base	火星科技	assets/xiaote/raw/skins/modely-2025-base/29d712e1.jpg	258787	152982d84c86103252be5e06abf2ae1da412cca53bc74793353adeedf72eb7ff	https://file0.52tesla.com/gigamini/tesla-wrap/examples/modely-2025-base/29d712e1.jpg	2026-08-30T12:50:09Z	未声明，禁止公开再分发
skin	modely-2025-base	圣诞格纹	assets/xiaote/raw/skins/modely-2025-base/4402f368.jpg	316454	152ea79deeb9bd3852207e7bd200b2a6b17f3036c182a16759434d730c4500aa	https://file0.52tesla.com/gigamini/tesla-wrap/examples/modely-2025-base/4402f368.jpg	2026-08-30T12:50:09Z	未声明，禁止公开再分发
skin	modely-2025-base	速度与激情赛车手	assets/xiaote/raw/skins/modely-2025-base/4aacf1fe.jpg	256482	d39d9165a2552dce797c6cd6478157c16cf3eebea0b8e5b413ea037b73fbb9ac	https://file0.52tesla.com/gigamini/tesla-wrap/examples/modely-2025-base/4aacf1fe.jpg	2026-08-30T12:50:09Z	未声明，禁止公开再分发
skin	modely-2025-base	锈迹斑斑的特斯拉	assets/xiaote/raw/skins/modely-2025-base/e580a526.jpg	298840	aa918d654bbc82295538193a9e6c5ad5de2350bd724a2704dffeece23c1164fe	https://file0.52tesla.com/gigamini/tesla-wrap/examples/modely-2025-base/e580a526.jpg	2026-08-30T12:50:09Z	未声明，禁止公开再分发
skin	modely-2025-base	红牛赛车	assets/xiaote/raw/skins/modely-2025-base/2d22b24a.jpg	265653	0183427ea5812229a6dfad2cfb31edf9c0a49015bdcfb2f1821095dd1c73166c	https://file0.52tesla.com/gigamini/tesla-wrap/examples/modely-2025-base/2d22b24a.jpg	2026-08-30T12:50:09Z	未声明，禁止公开再分发
skin	modely-2025-base	彩虹霓虹	assets/xiaote/raw/skins/modely-2025-base/a734e12a.jpg	185286	97e90c0b6292fd61d57c35deb1fa4b55177cb22d697c2f2fe5c81ead6251e7e3	https://file0.52tesla.com/gigamini/tesla-wrap/examples/modely-2025-base/a734e12a.jpg	2026-08-30T12:50:09Z	未声明，禁止公开再分发
skin	modely-2025-base	星际迷航	assets/xiaote/raw/skins/modely-2025-base/12fb102f.jpg	203230	06352edee44781890c0ff088e5b61585d7e3b2ba0a1ee9e450e9d480fe9189f4	https://file0.52tesla.com/gigamini/tesla-wrap/examples/modely-2025-base/12fb102f.jpg	2026-08-30T12:50:09Z	未声明，禁止公开再分发
skin	modely-2025-base	星际迷航	assets/xiaote/raw/skins/modely-2025-base/099443e1.jpg	259609	2f4e53f0cc2edcfd49e0b737f0e88c6611f8711960f0257b52cfe6fffd8419da	https://file0.52tesla.com/gigamini/tesla-wrap/examples/modely-2025-base/099443e1.jpg	2026-08-30T12:50:09Z	未声明，禁止公开再分发
skin	modely-2025-base	流光溢彩	assets/xiaote/raw/skins/modely-2025-base/19a628ef.jpg	153898	b50a167d89ff5a837fcdfeba3982dfde231892241e9e2d6c6c68a05393b1ceb8	https://file0.52tesla.com/gigamini/tesla-wrap/examples/modely-2025-base/19a628ef.jpg	2026-08-30T12:50:09Z	未声明，禁止公开再分发
skin	modely-2025-base	流光溢彩	assets/xiaote/raw/skins/modely-2025-base/ef4e9aa0.jpg	108610	f9ce4a6054088787cb52898f562c2102b30772d897be4da52c30fe97a71d0d04	https://file0.52tesla.com/gigamini/tesla-wrap/examples/modely-2025-base/ef4e9aa0.jpg	2026-08-30T12:50:09Z	未声明，禁止公开再分发
skin	modely-2025-base	蓝金科技古风	assets/xiaote/raw/skins/modely-2025-base/943423a8.jpg	313437	705245b84162a9a81475e3abb7ca475b7d64bbc0c6c1d034827afe767bc2ad0a	https://file0.52tesla.com/gigamini/tesla-wrap/examples/modely-2025-base/943423a8.jpg	2026-08-30T12:50:09Z	未声明，禁止公开再分发
skin	modely-2025-base	雷霆战车	assets/xiaote/raw/skins/modely-2025-base/b424e819.jpg	285926	2134fc8f14f42254b4304a8765963779bf10761e5a4cf5100f9910b6fbaafa8d	https://file0.52tesla.com/gigamini/tesla-wrap/examples/modely-2025-base/b424e819.jpg	2026-08-30T12:50:09Z	未声明，禁止公开再分发
skin	modely-2025-base	赛博朋克风特斯拉	assets/xiaote/raw/skins/modely-2025-base/e9bb747e.jpg	259800	666d516c183de485379a847a3b7392f5ec8ab0506d2e9b8afa7b465573c7addb	https://file0.52tesla.com/gigamini/tesla-wrap/examples/modely-2025-base/e9bb747e.jpg	2026-08-30T12:50:09Z	未声明，禁止公开再分发
skin	modely-2025-base	耐克红黑科技风	assets/xiaote/raw/skins/modely-2025-base/d192cb09.jpg	230520	374f567d8383037600a7e695c8e4e9cadf0be342c0f5004359d00958131cab55	https://file0.52tesla.com/gigamini/tesla-wrap/examples/modely-2025-base/d192cb09.jpg	2026-08-30T12:50:09Z	未声明，禁止公开再分发
skin	modely-2025-base	银红黑赛车条纹	assets/xiaote/raw/skins/modely-2025-base/0f918fdb.jpg	122697	3356b275e17436d1289c7c735afea5a8eef77ef3e9d0ea2a28c29cb2fb4bfb19	https://file0.52tesla.com/gigamini/tesla-wrap/examples/modely-2025-base/0f918fdb.jpg	2026-08-30T12:50:09Z	未声明，禁止公开再分发
skin	modely-2025-base	暗夜骑士	assets/xiaote/raw/skins/modely-2025-base/9a343f1b.jpg	103082	4605bb8cf611b8ba9ed092d23e2df06cd3cdab8beb844f4569c37006bfaecddc	https://file0.52tesla.com/gigamini/tesla-wrap/examples/modely-2025-base/9a343f1b.jpg	2026-08-30T12:50:09Z	未声明，禁止公开再分发
skin	modely-2025-base	红色与黑色之间的较量	assets/xiaote/raw/skins/modely-2025-base/eb8e694a.jpg	191619	4dd069c5e0359c81ed8e7058e5a1710282c2d1dfeb964ae6a2e4abda2d0adfc8	https://file0.52tesla.com/gigamini/tesla-wrap/examples/modely-2025-base/eb8e694a.jpg	2026-08-30T12:50:09Z	未声明，禁止公开再分发
skin	modely-2025-base	神奈川冲浪里特斯拉皮肤	assets/xiaote/raw/skins/modely-2025-base/65ffcd84.jpg	314808	4468b8905622e69d46a5df16a440990f5414eee8a174d25959a5d18f25a4d891	https://file0.52tesla.com/gigamini/tesla-wrap/examples/modely-2025-base/65ffcd84.jpg	2026-08-30T12:50:09Z	未声明，禁止公开再分发
skin	modely-2025-base	Costco购物车	assets/xiaote/raw/skins/modely-2025-base/b39d9895.jpg	239064	f6dde533e99665b2355a206e7b353ef2a32e429c49169001083a0610d3fc731d	https://file0.52tesla.com/gigamini/tesla-wrap/examples/modely-2025-base/b39d9895.jpg	2026-08-30T12:50:09Z	未声明，禁止公开再分发
skin	modely-2025-base	熔岩流	assets/xiaote/raw/skins/modely-2025-base/3ecf0ff5.jpg	229214	e691f24bae10d6f9e031d12587e654949515f40c7c36a3633dd0d46cdb1dd1b4	https://file0.52tesla.com/gigamini/tesla-wrap/examples/modely-2025-base/3ecf0ff5.jpg	2026-08-30T12:50:09Z	未声明，禁止公开再分发
skin	modely-2025-base	圣诞怪杰 Who-ville 圣诞节	assets/xiaote/raw/skins/modely-2025-base/6afd7813.jpg	353863	dcd8fcc7bfb53bce31e30ad1c8678a4ed7b24e8fece28454946a3a987bdade28	https://file0.52tesla.com/gigamini/tesla-wrap/examples/modely-2025-base/6afd7813.jpg	2026-08-30T12:50:09Z	未声明，禁止公开再分发
skin	modely-2025-base	彩虹猫	assets/xiaote/raw/skins/modely-2025-base/d7af2bbd.jpg	197560	22d5dbc18d59bec4be5f567a528f9b5b9a5abbd427950ebf7f03e8c89c1d3f98	https://file0.52tesla.com/gigamini/tesla-wrap/examples/modely-2025-base/d7af2bbd.jpg	2026-08-30T12:50:09Z	未声明，禁止公开再分发
skin	modely-2025-base	赛车涂装	assets/xiaote/raw/skins/modely-2025-base/d1c6f1b1.jpg	259160	c4a67dafbcd9519ff2bd9e932045ca27d45f2a52f6d7e405dcf9b54f362f382e	https://file0.52tesla.com/gigamini/tesla-wrap/examples/modely-2025-base/d1c6f1b1.jpg	2026-08-30T12:50:09Z	未声明，禁止公开再分发
skin	modely-2025-base	星际迷航	assets/xiaote/raw/skins/modely-2025-base/045ce5d8.jpg	207999	c60ffdba1f4e0e8253fd4198d25cd42f5f9e71a7ebcae5356b323796659f5e14	https://file0.52tesla.com/gigamini/tesla-wrap/examples/modely-2025-base/045ce5d8.jpg	2026-08-30T12:50:09Z	未声明，禁止公开再分发
skin	modely-2025-base	暗夜迷踪	assets/xiaote/raw/skins/modely-2025-base/5fc85dc6.jpg	103618	47983a8a4891b99e774502bdc76387fa3dfc95b372cb0f115e457f7f25fb1154	https://file0.52tesla.com/gigamini/tesla-wrap/examples/modely-2025-base/5fc85dc6.jpg	2026-08-30T12:50:09Z	未声明，禁止公开再分发
skin	modely-2025-base	机甲战神	assets/xiaote/raw/skins/modely-2025-base/f4089c5f.jpg	149482	4b549e6693064281adeedf554e2f98c866e9890800a31ab94e156eb5116b5f07	https://file0.52tesla.com/gigamini/tesla-wrap/examples/modely-2025-base/f4089c5f.jpg	2026-08-30T12:50:09Z	未声明，禁止公开再分发
skin	modely-2025-base	机甲战神	assets/xiaote/raw/skins/modely-2025-base/8f24e5db.jpg	125188	384aee974c0baa7e052e5d427c1d542ae3f646a7521a53c679500350997f15e5	https://file0.52tesla.com/gigamini/tesla-wrap/examples/modely-2025-base/8f24e5db.jpg	2026-08-30T12:50:09Z	未声明，禁止公开再分发
skin	modely-2025-base	怪兽能量赛车手	assets/xiaote/raw/skins/modely-2025-base/0419db1b.jpg	283577	30efaaf63535a0b8e35d21aacf3ace32d3312e2fb58d23a05ed622c3b994e8f2	https://file0.52tesla.com/gigamini/tesla-wrap/examples/modely-2025-base/0419db1b.jpg	2026-08-30T12:50:09Z	未声明，禁止公开再分发
skin	modely-2025-base	红牛赛车	assets/xiaote/raw/skins/modely-2025-base/f7eb28d1.jpg	206102	58c982d89e1d72518530e0f19fccfe1b41df2e66027af7f1d00a0ad70a1d4ff5	https://file0.52tesla.com/gigamini/tesla-wrap/examples/modely-2025-base/f7eb28d1.jpg	2026-08-30T12:50:09Z	未声明，禁止公开再分发
skin	modely-2025-base	特斯拉服务车贴	assets/xiaote/raw/skins/modely-2025-base/06497f29.jpg	200423	47aa5418a928b2f82a3f37ac6eaf4089eee50337293a1f94b2e594b60c9d62c8	https://file0.52tesla.com/gigamini/tesla-wrap/examples/modely-2025-base/06497f29.jpg	2026-08-30T12:50:09Z	未声明，禁止公开再分发
skin	modely-2025-base	乐高积木	assets/xiaote/raw/skins/modely-2025-base/dc863eda.jpg	243746	1fb889f20e127e3c2e3ba44da89ad321526d0dfb3928ad6fd5ab34b89f9c8e5f	https://file0.52tesla.com/gigamini/tesla-wrap/examples/modely-2025-base/dc863eda.jpg	2026-08-30T12:50:09Z	未声明，禁止公开再分发
skin	modely-2025-base	赛车蓝	assets/xiaote/raw/skins/modely-2025-base/1eba2e8f.jpg	208225	ed1c08f5a1ff913978d2da08994ecc8e538e324d69883e1d8338b89bb00e29e8	https://file0.52tesla.com/gigamini/tesla-wrap/examples/modely-2025-base/1eba2e8f.jpg	2026-08-30T12:50:09Z	未声明，禁止公开再分发
skin	modely-2025-base	圣诞格纹	assets/xiaote/raw/skins/modely-2025-base/3915da0e.jpg	274541	f1311e823bfeeec2902a71b893617f2df5950f39aaa5a089a4d40706a6dda71e	https://file0.52tesla.com/gigamini/tesla-wrap/examples/modely-2025-base/3915da0e.jpg	2026-08-30T12:50:09Z	未声明，禁止公开再分发
skin	modely-2025-base	红黑赛车	assets/xiaote/raw/skins/modely-2025-base/8957f011.jpg	238007	78abaf47946e890ba525fc0d92f928de5713d4235ddc244f537d41655cd89c70	https://file0.52tesla.com/gigamini/tesla-wrap/examples/modely-2025-base/8957f011.jpg	2026-08-30T12:50:09Z	未声明，禁止公开再分发
skin	modely-2025-base	流光溢彩	assets/xiaote/raw/skins/modely-2025-base/27118ad3.jpg	103025	e440c82007ed797ed11954e0f733eba1c0f4d48bf53f7ea6b9ea42ce54a4dde6	https://file0.52tesla.com/gigamini/tesla-wrap/examples/modely-2025-base/27118ad3.jpg	2026-08-30T12:50:09Z	未声明，禁止公开再分发
skin	modely-2025-base	Christmas	assets/xiaote/raw/skins/modely-2025-base/61665207.jpg	338615	bb578e8d127d500d117add0d65af4a5c19aed1d6d6d7c52a2df3d1f670c58886	https://file0.52tesla.com/gigamini/tesla-wrap/examples/modely-2025-base/61665207.jpg	2026-08-30T12:50:09Z	未声明，禁止公开再分发
skin	modely-2025-base	金色未来主义	assets/xiaote/raw/skins/modely-2025-base/36ce6c02.jpg	121200	2ab3ca7029d6d66dfaa855aa260dc9777270b6f02b935aa20950f760bb0f19f3	https://file0.52tesla.com/gigamini/tesla-wrap/examples/modely-2025-base/36ce6c02.jpg	2026-08-30T12:50:09Z	未声明，禁止公开再分发
skin	modely-2025-base	警车K9	assets/xiaote/raw/skins/modely-2025-base/18cd68f2.jpg	204368	11904e8eec1ea9e024cb46353f62015434b59ee5539b0b7ffdd1b27685c89263	https://file0.52tesla.com/gigamini/tesla-wrap/examples/modely-2025-base/18cd68f2.jpg	2026-08-30T12:50:09Z	未声明，禁止公开再分发
skin	modely-2025-base	红牛赛车	assets/xiaote/raw/skins/modely-2025-base/589736c7.jpg	222734	015eb7fb46b1c0300efa31563f9b9e575ecaf05be45581530df5ec8f48ceaac4	https://file0.52tesla.com/gigamini/tesla-wrap/examples/modely-2025-base/589736c7.jpg	2026-08-30T12:50:09Z	未声明，禁止公开再分发
skin	modely-2025-base	R2D2 机器人装甲	assets/xiaote/raw/skins/modely-2025-base/e3008bbb.jpg	237121	2d0a0cab63c7b503dafc0559df71e11136be254c5c12371721e8afc99f8df2b1	https://file0.52tesla.com/gigamini/tesla-wrap/examples/modely-2025-base/e3008bbb.jpg	2026-08-30T12:50:09Z	未声明，禁止公开再分发
skin	modely-2025-base	暗夜骑士	assets/xiaote/raw/skins/modely-2025-base/0054e5c9.jpg	95276	14563b97d5bba150b4d32380db04de51ad30e16b92c9e67ede22b85a437b4ead	https://file0.52tesla.com/gigamini/tesla-wrap/examples/modely-2025-base/0054e5c9.jpg	2026-08-30T12:50:09Z	未声明，禁止公开再分发
skin	modely-2025-base	蝙蝠侠战衣	assets/xiaote/raw/skins/modely-2025-base/1947c6f9.jpg	179097	ef4fb90d11af4d171594e68aedf5ae6c47ba7165b117c9643b87a37ba8a9035c	https://file0.52tesla.com/gigamini/tesla-wrap/examples/modely-2025-base/1947c6f9.jpg	2026-08-30T12:50:09Z	未声明，禁止公开再分发
skin	modely-2025-base	50	assets/xiaote/raw/skins/modely-2025-base/340f7459.jpg	185719	6e0863293894284daef818f88d5120013055c8e5dbcabe7c9b96beebba112965	https://file0.52tesla.com/gigamini/tesla-wrap/examples/modely-2025-base/340f7459.jpg	2026-08-30T12:50:09Z	未声明，禁止公开再分发
skin	modely-2025-base	Lightning McQueen	assets/xiaote/raw/skins/modely-2025-base/3aea471d.jpg	170421	66aebe93b545561a8508cb9d69b9cb6a58191796d4899c5ceea6a7e24e61b927	https://file0.52tesla.com/gigamini/tesla-wrap/examples/modely-2025-base/3aea471d.jpg	2026-08-30T12:50:09Z	未声明，禁止公开再分发
skin	modely-2025-base	23	assets/xiaote/raw/skins/modely-2025-base/0ddcc782.jpg	259518	77b4718bb18bb99a71d7f087e01505543bcc0cf6656a0b5d157dd555cea3a750	https://file0.52tesla.com/gigamini/tesla-wrap/examples/modely-2025-base/0ddcc782.jpg	2026-08-30T12:50:09Z	未声明，禁止公开再分发
skin	modely-2025-base	Redbull2	assets/xiaote/raw/skins/modely-2025-base/5a439db5.jpg	205441	cf3d858ef7031b5b63af65e3f4e3eebe3c133d17864b314ae5f0ac984c68aa9f	https://file0.52tesla.com/gigamini/tesla-wrap/examples/modely-2025-base/5a439db5.jpg	2026-08-30T12:50:09Z	未声明，禁止公开再分发
skin	modely-2025-base	马提尼赛车	assets/xiaote/raw/skins/modely-2025-base/436ccec0.png	800727	17b6363b5dcbbf5a5d640cc65d7c0e216be7a290f5267e01994c83b37d004e67	https://file0.52tesla.com/gigamini/tesla-wrap/examples/modely-2025-base/436ccec0.png	2026-08-30T12:50:09Z	未声明，禁止公开再分发
skin	modely-2025-base	星球大战R2D2	assets/xiaote/raw/skins/modely-2025-base/5392fa03.png	716714	094d1d9f21a63c3a385e2bb1b0b03021d99f932568e7fada02a6b6c1f9309454	https://file0.52tesla.com/gigamini/tesla-wrap/examples/modely-2025-base/5392fa03.png	2026-08-30T12:50:09Z	未声明，禁止公开再分发
skin	modely-2025-performance	Acid Drip	assets/xiaote/raw/skins/modely-2025-performance/cd431ffd.png	109747	0bbe3ccdec47b1c87537aead18a84c12bcfbc87d3e0e7228a70f8803fddb9286	https://file0.52tesla.com/gigamini/tesla-wrap/examples/modely-2025-performance/cd431ffd.png	2026-08-30T12:50:09Z	未声明，禁止公开再分发
skin	modely-2025-performance	Ani	assets/xiaote/raw/skins/modely-2025-performance/46b25b2b.png	408929	3c873572b8b0d9b4c1e5c6c9a91a9df57d151abc55f822cb368ec5374f6bd40f	https://file0.52tesla.com/gigamini/tesla-wrap/examples/modely-2025-performance/46b25b2b.png	2026-08-30T12:50:09Z	未声明，禁止公开再分发
skin	modely-2025-performance	Apocalypse	assets/xiaote/raw/skins/modely-2025-performance/d2bc2a7e.png	341173	c6e70f0b8c23efb0ea6d42fa82c8462c15c953de14a47f8a8c69feef6bef4fef	https://file0.52tesla.com/gigamini/tesla-wrap/examples/modely-2025-performance/d2bc2a7e.png	2026-08-30T12:50:09Z	未声明，禁止公开再分发
skin	modely-2025-performance	Avocado Green	assets/xiaote/raw/skins/modely-2025-performance/228e0b70.png	524472	00faa14fd576dab03d3dcbf1698691f49750e4ffaa4c9ba7be14b774cdb44dad	https://file0.52tesla.com/gigamini/tesla-wrap/examples/modely-2025-performance/228e0b70.png	2026-08-30T12:50:09Z	未声明，禁止公开再分发
skin	modely-2025-performance	Camo	assets/xiaote/raw/skins/modely-2025-performance/e46e96f6.png	288248	96d16f386b2a78db0e49829e7fa2f233c917e451b48d9bade3e0a9e5cd661670	https://file0.52tesla.com/gigamini/tesla-wrap/examples/modely-2025-performance/e46e96f6.png	2026-08-30T12:50:09Z	未声明，禁止公开再分发
skin	modely-2025-performance	Cosmic Burst	assets/xiaote/raw/skins/modely-2025-performance/5fcd2c81.png	580880	c4e66cbf30afe69e9858191efb774496e00a7f4e7b9f0b034936b5c0cd0743eb	https://file0.52tesla.com/gigamini/tesla-wrap/examples/modely-2025-performance/5fcd2c81.png	2026-08-30T12:50:09Z	未声明，禁止公开再分发
skin	modely-2025-performance	Divide	assets/xiaote/raw/skins/modely-2025-performance/17ccb9a6.png	113221	9b00f15f0899732983b1b365901ffbb3c13e41aea4eba1c325ebcf4c1099a7b3	https://file0.52tesla.com/gigamini/tesla-wrap/examples/modely-2025-performance/17ccb9a6.png	2026-08-30T12:50:09Z	未声明，禁止公开再分发
skin	modely-2025-performance	Doge	assets/xiaote/raw/skins/modely-2025-performance/fafeaf6b.png	249887	6b2bbc19cc9324e94e14d49add81a4c6c0aa199336f285ac7e8dd38232df3c52	https://file0.52tesla.com/gigamini/tesla-wrap/examples/modely-2025-performance/fafeaf6b.png	2026-08-30T12:50:09Z	未声明，禁止公开再分发
skin	modely-2025-performance	Dot Matrix	assets/xiaote/raw/skins/modely-2025-performance/12f0efbb.png	78731	1fbd5040e6508dd48ce34605ae47e1a8cff14cf7677e728500c3b2a5093732c4	https://file0.52tesla.com/gigamini/tesla-wrap/examples/modely-2025-performance/12f0efbb.png	2026-08-30T12:50:09Z	未声明，禁止公开再分发
skin	modely-2025-performance	Ice Cream	assets/xiaote/raw/skins/modely-2025-performance/c7d5939b.png	87531	4e8683300b932ea1a1f840a642ed8761f6d17c1432b7bdb6bc0291a9484fbcbf	https://file0.52tesla.com/gigamini/tesla-wrap/examples/modely-2025-performance/c7d5939b.png	2026-08-30T12:50:09Z	未声明，禁止公开再分发
skin	modely-2025-performance	Leopard	assets/xiaote/raw/skins/modely-2025-performance/8e865bfb.png	307742	a7b792055f182e6529b18c4e519d91c2a2082dfd1c40e13fe6740ec2d8b5a163	https://file0.52tesla.com/gigamini/tesla-wrap/examples/modely-2025-performance/8e865bfb.png	2026-08-30T12:50:09Z	未声明，禁止公开再分发
skin	modely-2025-performance	Pixel Art	assets/xiaote/raw/skins/modely-2025-performance/9fbdfd1f.png	200927	b76d94ed3a4991b133f636984c208b7407979dd776784a40be03a3b317cdf00e	https://file0.52tesla.com/gigamini/tesla-wrap/examples/modely-2025-performance/9fbdfd1f.png	2026-08-30T12:50:09Z	未声明，禁止公开再分发
skin	modely-2025-performance	Reindeer	assets/xiaote/raw/skins/modely-2025-performance/f12b3233.png	233549	5a09abd149abe5d425460c911d62cfaf58d4dee2702136b3fae73f9ea0e8f127	https://file0.52tesla.com/gigamini/tesla-wrap/examples/modely-2025-performance/f12b3233.png	2026-08-30T12:50:09Z	未声明，禁止公开再分发
skin	modely-2025-performance	Rudi	assets/xiaote/raw/skins/modely-2025-performance/858c7ee3.png	165371	4eeb09892762117b3ea80391159b02157af38268b57ba8f1b2353c0ec942051c	https://file0.52tesla.com/gigamini/tesla-wrap/examples/modely-2025-performance/858c7ee3.png	2026-08-30T12:50:09Z	未声明，禁止公开再分发
skin	modely-2025-performance	Sakura	assets/xiaote/raw/skins/modely-2025-performance/6b55e3f5.png	233332	f55491956e1833b42be4f7950ad18bde3c653ff602aea9ac2dbc6202e840e77e	https://file0.52tesla.com/gigamini/tesla-wrap/examples/modely-2025-performance/6b55e3f5.png	2026-08-30T12:50:09Z	未声明，禁止公开再分发
skin	modely-2025-performance	Sketch	assets/xiaote/raw/skins/modely-2025-performance/9a93fe31.png	164291	9f14137133d5789664e66b2aff3eaae9783eff2c19cd38cf014f6628889580e3	https://file0.52tesla.com/gigamini/tesla-wrap/examples/modely-2025-performance/9a93fe31.png	2026-08-30T12:50:09Z	未声明，禁止公开再分发
skin	modely-2025-performance	String Lights	assets/xiaote/raw/skins/modely-2025-performance/c93f6636.png	323239	32981ae5ce53e982feb3d255d6a78d71ff2579cf90c13db4abe2b639cb813b7b	https://file0.52tesla.com/gigamini/tesla-wrap/examples/modely-2025-performance/c93f6636.png	2026-08-30T12:50:09Z	未声明，禁止公开再分发
skin	modely-2025-performance	Valentine	assets/xiaote/raw/skins/modely-2025-performance/56525210.png	538922	01358dcdecdb47b455b97739013910c6641bec54181f0f44cb0172aa403088a4	https://file0.52tesla.com/gigamini/tesla-wrap/examples/modely-2025-performance/56525210.png	2026-08-30T12:50:09Z	未声明，禁止公开再分发
skin	modely-2025-performance	Vintage Gradient	assets/xiaote/raw/skins/modely-2025-performance/9fec146d.png	86654	119cf2a00440846f949e9a74c6ba2e557b43d92de41fc558d62abc00540333d4	https://file0.52tesla.com/gigamini/tesla-wrap/examples/modely-2025-performance/9fec146d.png	2026-08-30T12:50:09Z	未声明，禁止公开再分发
skin	modely-2025-performance	Vintage Stripes	assets/xiaote/raw/skins/modely-2025-performance/d422853f.png	83829	3a9ae476a6dcd43f2241706535e2fe1ccc1c4c58aa15eb05d3d32e19b9cbfdcb	https://file0.52tesla.com/gigamini/tesla-wrap/examples/modely-2025-performance/d422853f.png	2026-08-30T12:50:09Z	未声明，禁止公开再分发
skin	modely-2025-performance	Performance Badge	assets/xiaote/raw/skins/modely-2025-performance/9c3f5d66.png	204318	22550e0286812541ea38a5a70935a46ea9febd99adb7239fef2253a6d34e33f9	https://file0.52tesla.com/gigamini/tesla-wrap/examples/modely-2025-performance/9c3f5d66.png	2026-08-30T12:50:09Z	未声明，禁止公开再分发
skin	modely-2025-performance	Muskception	assets/xiaote/raw/skins/modely-2025-performance/d523fd54.png	789048	aa4bc7820a3ee8a5b7f89b897c54e778568fb040eadfa1f34af2aedbd729593a	https://file0.52tesla.com/gigamini/tesla-wrap/examples/modely-2025-performance/d523fd54.png	2026-08-30T12:50:09Z	未声明，禁止公开再分发
skin	modely-2025-performance	Green Bay Packers	assets/xiaote/raw/skins/modely-2025-performance/2d059cc5.png	850195	74ae9c68a0191ab3ecabf3d9ed5414a02694f613533299e0f933e7f876d353c9	https://file0.52tesla.com/gigamini/tesla-wrap/examples/modely-2025-performance/2d059cc5.png	2026-08-30T12:50:09Z	未声明，禁止公开再分发
